chr	start	end	rho_PGC	var_PGC	p_PGC	m_PGC	rho_FG	var_FG	p_FG	m_FG
1	10583	1892606	-1.5557141375369873e-05	1.6761475503929926e-09	0.7039518592209097	319	3.3508564245201908e-06	3.194796098906821e-09	0.952726258366139	307
1	1892607	3582735	-8.655342197881201e-05	6.525134343718883e-09	0.2839476215259462	1570	-5.3167398317399185e-06	1.5659780147984996e-08	0.9661107468946	1539
1	3582736	4380810	6.0329580707520066e-05	5.329857936301869e-09	0.4085964503629854	1310	0.0001047262795745	1.393666709056378e-08	0.3750210689861931	1294
1	4380811	5913892	-7.649463820005995e-06	1.877528574647877e-08	0.9554802987406787	3801	8.949731825580057e-06	5.4981589966387956e-08	0.969553596472964	3746
1	5913893	7247334	-1.1591530158407915e-05	7.509794767078743e-09	0.8935922425295354	1912	2.4304777804234292e-05	1.828186163475025e-08	0.8573447611636495	1866
1	7247335	9365198	-0.0002593295997071	1.471654895635136e-08	0.0325401630299543	3265	-0.0003875054605074	3.8052733107748184e-08	0.0469796950887361	3199
1	9365199	10806983	2.74975204801532e-05	6.446032480630453e-09	0.7319825279719381	1491	-2.4203276698065775e-05	1.5179121033978232e-08	0.8442583817698526	1465
1	10806984	11777840	8.168494699009009e-05	4.772988897916356e-09	0.237066029126499	1099	8.041050080122902e-05	1.264266152999142e-08	0.4745200557738268	1084
1	11777841	12779465	-0.0001037620057191	5.787783028000227e-09	0.1725993297827733	1321	5.702948188949283e-05	1.4990167027960545e-08	0.6413611942897806	1271
1	12779466	14891510	0.0002282310503384	1.4001327188739472e-08	0.0537540801609581	2489	-0.0001554849266348	3.1012990427301174e-08	0.3772848620021163	2434
1	14891511	16897729	-4.996169684764938e-05	1.5269098098494894e-08	0.6859738178023443	3812	-9.678547965058936e-05	3.5069445674928076e-08	0.605276463324613	3756
1	16897730	18662898	-5.401468308453925e-05	1.1416758417065091e-08	0.6131919511953223	2689	5.060649515473677e-05	2.9646794752080274e-08	0.7688251124902943	2638
1	18662899	20469148	2.246843560536691e-07	1.658472615020027e-08	0.9986079381747112	3575	-0.0001117647972572	4.643477434674986e-08	0.6039973527511265	3509
1	20469149	21736587	-0.0001275262623286	9.966461907251388e-09	0.2014587671872892	2034	-0.0002447215618844	2.0908933189224107e-08	0.0905672957155608	1997
1	21736588	23086882	3.0000818214328523e-05	1.1929501497687792e-08	0.7835645702369924	2604	6.016822378901513e-05	3.3563356162753035e-08	0.7425913197586034	2560
1	23086883	23920589	1.1223717531406254e-05	3.975481345263899e-09	0.8587159373257057	1037	4.681604756162677e-05	9.488844327550425e-09	0.6307974184148921	1019
1	23920590	25516844	8.613801647545199e-05	1.0599316341219129e-08	0.4027761987299003	2425	4.6724217942969656e-05	2.9127040765992543e-08	0.7842575022883181	2381
1	25516845	27401866	-3.225952756092626e-05	7.183485783943022e-09	0.7034860323174155	1962	-6.0329848197923286e-05	2.438525213108659e-08	0.6992455836072577	1906
1	27401867	30161880	-3.108746911021932e-05	1.0473644790320783e-08	0.7613076189640384	2867	2.756498076545156e-05	2.3182811973870323e-08	0.8563361477350713	2806
1	30161881	32438684	0.0003505300290497	1.9809072820099548e-08	0.0127549892195452	4179	-9.453017981862867e-05	3.9996658014798964e-08	0.6364481725970876	4127
1	32438685	34799757	-8.145698164292373e-05	9.321605626940492e-09	0.3988426034753028	2500	-0.0002107438945597	2.2727944832946057e-08	0.1621442457806123	2465
1	34799758	37549182	0.0004636075984594	1.1440371549885029e-08	1.461483089478174e-05	2722	4.799216002219172e-06	2.9665099222421362e-08	0.9777704198701278	2663
1	37549183	38731846	0.0001544673715499	8.28161844870699e-09	0.0896247917523846	1884	-6.630248499468057e-06	2.0103888121421177e-08	0.96270319877187	1852
1	38731847	40200566	8.973703463873998e-05	9.521619876449492e-09	0.3577626415259108	1989	-5.481660095967303e-05	2.2734716958761523e-08	0.7161920828118341	1948
1	40200567	41975326	0.000134984512961	1.2285251519223932e-08	0.2232829863687225	2915	7.239618926334897e-05	2.6627421234758757e-08	0.6572877709798992	2862
1	41975327	43758456	3.890638589330403e-05	8.791354921567257e-09	0.6781804545708818	2545	-7.413358803345159e-06	2.0177568431799346e-08	0.9583779415972556	2492
1	43758457	44969182	0.0009108777516942	2.34478111843913e-08	2.705775078818581e-09	1466	8.043397483331464e-05	1.8108891468326034e-08	0.5500306264674896	1444
1	44969183	46899500	1.0593470607807462e-05	8.327700463440424e-09	0.9075852588229744	2455	-2.643899115932263e-05	1.3629777895848434e-08	0.8208400219749615	2394
1	46899501	48002575	-3.476585020583568e-06	5.336207387817607e-09	0.9620411852762236	1523	-6.527094907212553e-05	1.1795849920820811e-08	0.5478576494055488	1501
1	48002576	48978187	3.819138261134257e-05	5.157319433171379e-09	0.5948602544000852	1173	-2.3986470365544457e-05	1.3664723581794871e-08	0.8374200909123322	1163
1	48978188	49894176	5.647401461104586e-05	3.080401678166496e-09	0.3089038594319228	811	2.987599531238493e-05	6.7571733678704095e-09	0.7162717706300075	806
1	49894177	51713725	0.0001204049678352	4.348057247154574e-09	0.0678527913124363	1294	8.585748552694119e-05	7.825928551515773e-09	0.3317809740898294	1277
1	51713726	54226261	-2.7265116144338048e-05	9.261392569423044e-09	0.7769355614778498	2500	1.1409839450348149e-05	2.0836135160844693e-08	0.936997330122108	2445
1	54226262	56413116	0.0001472177422109	1.6525297491644336e-08	0.2521217640521724	3740	-8.3879402608783e-05	4.408171977994041e-08	0.6895185346997437	3702
1	56413117	57021727	-1.1291180353756626e-05	4.3077662134668175e-09	0.8634111125334901	1100	4.0244341404548354e-08	1.1395450098606924e-08	0.999699199098184	1091
1	57021728	58865398	0.0001657251331602	1.3308061599947349e-08	0.1508362793554596	3262	0.0002258031080531	3.454747307044088e-08	0.2244242522517555	3230
1	58865399	59890408	2.0764752760367243e-05	6.339302111356884e-09	0.7942474610243218	1729	4.238463297249306e-06	1.4788985376891434e-08	0.9721970178564364	1707
1	59890409	61922364	-8.435450104395494e-05	1.3583121643427382e-08	0.469198878046784	2388	-2.8726783529759865e-05	3.0800156227892733e-08	0.8699786341741721	2367
1	61922365	63455088	2.955326386305024e-05	1.0310660857814371e-08	0.7710158488467556	2411	0.0002620176224992	2.4379601166585456e-08	0.0933280569684757	2367
1	63455089	65041703	3.249988483373216e-05	1.1526135407929273e-08	0.762103866390061	2919	-9.602593447999282e-05	2.8142301247519493e-08	0.567042880275008	2878
1	65041704	66939403	0.0001550977615163	1.0636057504190304e-08	0.1326104771008493	2843	-4.491266308752967e-05	2.62541365260607e-08	0.7816379524154714	2810
1	66939404	68477894	-8.607734934506799e-06	1.1119430470344176e-08	0.9349412706960252	2934	-3.1150307362310264e-05	2.8552814691786665e-08	0.8537406461879801	2899
1	68477895	69687615	4.099277599606505e-05	6.782815065242812e-09	0.6186674741298801	1726	6.394112106263404e-05	1.6474720524241202e-08	0.6183693608318044	1698
1	69687616	71372469	5.326017856603932e-05	1.003729947135264e-08	0.5949952592897889	2716	0.0001794979543119	2.3858975455699005e-08	0.2452055991112721	2682
1	71372470	71684404	-2.1190281315913207e-05	1.736293898345023e-09	0.6110747076900932	514	7.404217515306652e-08	4.0883404209869975e-09	0.9990760560890404	512
1	71684405	74326906	0.0005135790343554	1.8459576471217913e-08	0.0001568030309194	3287	0.0001832423787187	2.4312194701081298e-08	0.2399124854706685	3262
1	74326907	76728134	-1.8852052171722036e-06	1.216440745942594e-08	0.9863625846480468	3648	-0.0002506734543633	2.8753354007896216e-08	0.1393261196295704	3610
1	76728135	79661197	0.0001766250724084	1.7102754930638804e-08	0.1768310054341253	4602	0.0001628306872827	4.273664619537311e-08	0.4308985309100626	4557
1	79661198	81354190	-6.92926552479748e-05	9.968425473444622e-09	0.4876677279309171	2817	-5.959641339512033e-06	2.37956346714736e-08	0.969182066618079	2782
1	81354191	83991747	0.0001332387585716	1.7270189073476663e-08	0.3106450567639844	4563	0.0001401129375526	4.2261594715261906e-08	0.4955160202887256	4511
1	83991748	84844494	0.0002331362172351	1.2363857811166677e-08	0.0360216589275679	1192	-2.9218724860418457e-05	1.2131353584870691e-08	0.7907927731489277	1182
1	84844495	86454750	3.066868504017589e-05	1.0928053370253896e-08	0.7692351971369561	2809	2.994407686091415e-06	2.7108750892668063e-08	0.985489836826279	2777
1	86454751	88128630	-7.664252313154083e-05	1.0455891269673887e-08	0.4535375698849918	2824	4.720910508095668e-05	2.3571697792599232e-08	0.7584707895580756	2797
1	88128631	90066302	-6.927197246968159e-05	8.925610457055835e-09	0.4634198453134284	2364	-8.108168515307528e-05	2.125883829149088e-08	0.5781424014944752	2347
1	90066303	91886316	0.000155043051093	1.1454009561774956e-08	0.1474259699858575	2554	2.25758850607062e-05	2.636626373395832e-08	0.8894234154654223	2527
1	91886317	93536458	-5.5168511323937304e-05	8.738350395873941e-09	0.5550772219706186	2412	-5.404492223309651e-05	1.9578243908711325e-08	0.6993118320517817	2365
1	93536459	94506190	-1.719241536628001e-05	4.464712432129621e-09	0.7969470264118863	1390	-5.811237657188611e-05	8.068289693078468e-09	0.5176573835332019	1367
1	94506191	96150892	3.8463467606057974e-05	1.2463548898472909e-08	0.7304474227693484	2722	-3.632207347048895e-05	2.9104564083871632e-08	0.8313994478342175	2683
1	96150893	97885248	-1.8567579742704593e-06	1.3132206716489544e-08	0.9870727096853958	2659	2.6520569570261957e-05	2.0843659583296026e-08	0.8542532207995819	2633
1	97885249	99800603	-0.0001770399132337	1.036362354148782e-08	0.0820236408151319	2806	-0.0002829439909822	2.515267082125523e-08	0.0744146066507961	2786
1	99800604	100826404	1.144016674202396e-06	4.7346035940105854e-09	0.98673489793018	1316	-0.0001343319727838	1.0485051443086954e-08	0.1895606278538947	1300
1	100826405	102041015	0.0001756007949993	7.523254439601274e-09	0.0429159425935878	2016	6.010218878783737e-05	1.7904364206254332e-08	0.6533089565867204	1996
1	102041016	102898744	-4.260385876464298e-05	4.954048709287742e-09	0.5449814163779885	1518	0.000141153453118	1.1401066922132243e-08	0.1861810197820462	1505
1	102898745	103914210	-2.5974056510431906e-05	5.838972576688941e-09	0.733919813131309	1642	-0.0001301211089364	1.3130480219969938e-08	0.2561436426762855	1626
1	103914211	106087841	-1.936227383558679e-05	1.1787123157038457e-08	0.8584547785070987	3648	6.21121373528873e-05	2.4067007525715785e-08	0.688881369870104	3603
1	106087842	108409664	5.555407463780981e-05	1.3251449547698404e-08	0.6293822202543331	3554	-0.0002775153599687	3.27270633783133e-08	0.1250225733159357	3524
1	108409665	110303930	9.1074265349288e-05	1.0306443733611378e-08	0.36966511600219	2745	-0.0001088689678852	2.456896855839289e-08	0.4873302100002151	2698
1	110303931	111741736	-3.4664873445191114e-06	9.657138090012677e-09	0.9718605632240362	2368	-0.0002213972810965	2.485506832195819e-08	0.1602248117786802	2348
1	111741737	113273305	3.081171000743751e-05	1.1536009249875432e-08	0.7742104101085657	2744	4.759821238134369e-05	2.8218736774305763e-08	0.7769092320410497	2717
1	113273306	114873844	-7.600232032148823e-06	8.825240398451687e-09	0.935519249249496	2217	2.601392541610341e-05	2.100490591933641e-08	0.8575512609226126	2190
1	114873845	115880592	-4.850816396443048e-05	9.74675031712663e-09	0.6231837571051206	1417	-2.5313828164931685e-05	1.2490063211286128e-08	0.8208095971261299	1399
1	115880593	118839066	-3.918526286894487e-05	1.5166629175507603e-08	0.7503454281326409	3932	3.6961808178323615e-05	3.5250522726644163e-08	0.8439325036004516	3883
1	118839067	144977493	-0.0001111918016502	9.692629696709412e-09	0.2587245566895947	2684	-0.0001558415631055	2.3069582006824822e-08	0.3048736868495377	2657
1	144977494	148361252	-6.136211431847197e-05	6.806170331305652e-09	0.4570050091113605	1822	-1.248569651059695e-05	1.5500119924733216e-08	0.9201163670056977	1663
1	148361253	151538880	4.4400309142611055e-05	5.98031339994429e-09	0.5658675059430958	1859	-4.015781075229657e-06	1.069758809743912e-08	0.9690287987933264	1806
1	151538881	153180828	-2.0145819069909283e-05	7.503898454524106e-09	0.8161004144536124	2237	-3.6710638586090744e-05	1.4614662079256637e-08	0.7613816276353044	2215
1	153180829	154770402	0.0002012656727622	8.752352425803012e-09	0.0314500535670225	2079	0.000250742785231	1.7225825234313982e-08	0.0560737412952199	2047
1	154770403	156336132	-4.974666824053868e-05	5.0012898484564365e-09	0.4817856962498003	1342	-5.4939038348274064e-05	1.096597071137041e-08	0.5998367392489226	1313
1	156336133	158027411	3.6850099247777925e-05	1.0192191116897632e-08	0.7151038664457632	2589	0.0001110136182274	2.5768053793827506e-08	0.4892081042019723	2563
1	158027412	159913047	6.252938720130054e-06	1.3084008614611606e-08	0.9564049114243478	3405	0.0001865520213736	2.8339876561380444e-08	0.2677943615956725	3366
1	159913048	162346720	-0.0001802363048462	1.5079444683393006e-08	0.1421744287311377	3528	-0.0002678881371104	3.7221915526748095e-08	0.1649768298197719	3464
1	162346721	165191701	-0.0001949259007077	1.9066841763447538e-08	0.1580500394817935	4884	-0.0001266279252403	5.0263793973841664e-08	0.5722034640959897	4829
1	165191702	166460516	1.9764602531799823e-05	9.44515154408664e-09	0.838847042671645	2225	1.5121494066105928e-07	2.5652708976343397e-08	0.9992466997991424	2202
1	166460517	169086323	6.47295423394349e-05	1.9866411610432828e-08	0.6460594650698126	4606	-0.0001167573055608	5.3087590750053915e-08	0.6123353208517583	4564
1	169086324	170557775	-9.919483851874166e-05	1.0332393180755344e-08	0.3291326262026556	3081	-6.399026714222424e-05	2.1010663402814132e-08	0.6588780404042006	3046
1	170557776	173097906	2.173480073539437e-05	1.4960683693999613e-08	0.8589609906915097	4295	-0.0002720196903133	3.656093500226376e-08	0.1548436969684174	4231
1	173097907	175089767	-0.0001332145581779	8.405740471845154e-09	0.1462255320186519	2296	-6.015562619298214e-05	1.3895012348066208e-08	0.6098238409959296	2258
1	175089768	177433380	0.0001523125081549	1.2487749405991445e-08	0.1728848583459293	3466	9.12770622295474e-05	2.9158430863100153e-08	0.5929685190801153	3435
1	177433381	178944308	-0.0001081224189454	1.2011208784642525e-08	0.3238596219082842	2088	-4.2616966147407086e-05	1.9240201250164272e-08	0.7586607185844332	2063
1	178954470	181144120	-0.0001408391259042	1.3983468253852713e-08	0.2336491610404298	4057	-0.0003115343683657	2.9423016591087953e-08	0.0693405348404179	3977
1	181144121	182755355	-2.7764633134867268e-05	9.88026375559274e-09	0.7799964771065255	2617	-0.0001577636557523	2.437450856092113e-08	0.3122527806618766	2593
1	182755356	184595512	3.428726763230254e-05	1.010979906740501e-08	0.7330993043089844	2762	-0.0001442383346568	2.1617430297438477e-08	0.3265819829031211	2737
1	184595513	186810022	-5.444045491723667e-05	8.530923971812159e-09	0.5555806175727556	2447	-0.0001169662128259	1.812616691836707e-08	0.3849700720705461	2426
1	186810023	188759944	8.565591636705599e-05	1.4845082234744294e-08	0.4820449184289748	4361	0.0001495099772968	3.2112202528922135e-08	0.4040980070437424	4315
1	188759945	189904129	8.389917045790576e-06	4.2371795780789754e-09	0.8974446876531822	1371	-7.522913246061301e-06	6.723379576611196e-09	0.9268989928099176	1359
1	189904130	191868929	0.0002542304521845	1.113756596581672e-08	0.015997361602802	3378	0.0001351938449944	2.331073214078875e-08	0.3758975748919445	3345
1	191868930	194107441	9.065445982668242e-05	1.0504939459366954e-08	0.3764323403196522	3189	0.000208065944936	2.2788397110019124e-08	0.168110332987824	3161
1	194107442	196176200	-7.546664213288635e-05	1.3263808550377057e-08	0.512293331187518	3986	-0.0001832041689048	2.8445783220160042e-08	0.2773721468124172	3945
1	196176201	197311513	6.8690493508873495e-06	3.783064606198681e-09	0.911077269876979	1191	-0.0001315477214877	8.000244102315445e-09	0.1413652860080606	1160
1	197311514	199239883	0.0001173477538354	9.264959690287493e-09	0.2227916638025674	2396	-1.8680810855492153e-05	2.2688745043914258e-08	0.9012997202599646	2364
1	199239884	200137648	-2.255470706949967e-05	6.722883355675586e-09	0.783254588293826	1879	-8.031235146049176e-05	1.5706391676830154e-08	0.5216318974405552	1852
1	200137649	201589974	-3.70242838320147e-05	1.1518151965674976e-08	0.730108602264929	2790	9.89798225411146e-05	3.038735912441688e-08	0.5701665150678776	2738
1	201589975	203334733	3.4262952772584907e-05	1.0970681079652984e-08	0.7435766155795469	2409	0.0001005055421726	2.9514984032983504e-08	0.5585360614456834	2378
1	203334734	204681067	-9.714355629532332e-06	8.92920202759227e-09	0.918118970022282	2121	-2.753366530741464e-05	2.2930975628910923e-08	0.8557203383092244	2076
1	204681068	206073264	0.0001390497243002	1.1025547469589287e-08	0.1854199605067453	2175	2.7620548460884295e-06	2.595426423570524e-08	0.986321240206676	2145
1	206073265	208410363	-4.39519763485462e-05	1.1066656895301845e-08	0.6760921199144391	2618	-2.2219191249475815e-05	2.8506552411354733e-08	0.8953006832643584	2582
1	208410364	210787749	7.700298108132605e-05	1.634356806638287e-08	0.5469548586313256	3708	0.0002005021967741	4.285454637320473e-08	0.3327712760581087	3669
1	210787750	212842329	7.195041585416287e-05	1.4169305030832548e-08	0.5455457493520682	3397	-2.6019359641367664e-05	3.7731620838842034e-08	0.8934418304682711	3342
1	212842330	214578265	-7.78005265101241e-05	1.014574986230677e-08	0.4398794540545829	2357	4.9339129436234046e-05	2.4948360523386193e-08	0.7547587135228622	2324
1	214578266	216243633	2.2894060309718765e-05	9.658756856332882e-09	0.8158004438910316	2638	-0.0002182406991592	2.3956668020541413e-08	0.1585364001859037	2612
1	216243634	218705512	3.305455725722429e-07	1.7937818157332724e-08	0.9980308166432676	4406	0.0003111528635687	4.6989711795415305e-08	0.1511736452529639	4366
1	218705513	219590570	2.038924588215165e-05	5.990963017697211e-09	0.7922249611854677	1710	-1.9390274649732863e-05	1.4181715359965613e-08	0.8706566690892823	1691
1	219590571	221858230	-2.101460002854929e-05	1.2957601148954117e-08	0.8535337407527059	3604	6.590135723919803e-05	3.1433525326308113e-08	0.7101128775055603	3563
1	221858231	222230219	-7.146804946569003e-06	2.7872114625896153e-09	0.892318223316092	635	-6.185721095324252e-05	8.148879362910851e-09	0.4931937968081256	631
1	222230220	224938519	2.7245055160879314e-05	1.5192418952673486e-08	0.8250599579069806	3644	-1.8556518300996983e-05	3.948056279297245e-08	0.9255929742046218	3603
1	224938520	226810859	5.346969191132837e-05	1.074833954737308e-08	0.6060308893963426	2703	-9.775263321425446e-05	2.5323886590706142e-08	0.5390332045032631	2663
1	226810860	229156247	-7.568939016913878e-06	1.5217728683805166e-08	0.9510753501740148	4101	-2.3350232821919792e-05	3.0428553182493646e-08	0.8935133435520922	4035
1	229156248	230685254	4.138593204412414e-05	9.642683143759531e-09	0.6734210352888428	2343	7.630195229166057e-05	2.5899763699312943e-08	0.6354147471290944	2312
1	230685255	232090251	8.122591644742699e-06	1.1477397374496644e-08	0.9395638138904946	2528	-4.377633527571536e-05	2.8141465816586523e-08	0.7941270144238928	2497
1	232090252	233429283	3.441848230188856e-05	1.0531946316971401e-08	0.737338314731073	2487	8.826700707102276e-05	2.7350315940011073e-08	0.5935320810120226	2446
1	233429284	234599433	8.390760681817489e-05	1.0991727702192217e-08	0.4235204186343618	2433	-3.914811411975128e-05	3.049124463996229e-08	0.8226066396231017	2410
1	234599434	235819435	-1.74453200063124e-05	8.038106832213151e-09	0.8457204094794283	1825	4.0111251240547886e-05	1.831114566237015e-08	0.7669088593734199	1785
1	235819436	237555627	-5.638739697618374e-05	1.2469405006802713e-08	0.6135851309691988	3192	-3.416870209285757e-05	2.8777875923377517e-08	0.8403714388182133	3131
1	237555628	238567806	4.508666077294727e-05	7.943331275068328e-09	0.6129415277328752	1936	3.0879943439453534e-05	2.0753822277849532e-08	0.8302726049559765	1913
1	238567807	239925313	-0.0002792511846997	1.158618472990864e-08	0.009477615848094	2456	-4.707816509480333e-05	2.5863452061969135e-08	0.7697238744395676	2427
1	239925314	240564090	2.015910960454376e-05	6.694884504962556e-09	0.805390567567653	1554	-4.6723406519194995e-05	1.7680142193012133e-08	0.7252944336582369	1535
1	240564091	241582219	-2.317346201704371e-05	9.424218183242713e-09	0.8113314672634946	1812	0.000140411264721	2.845489475973264e-08	0.4051925161930695	1784
1	241582220	242071601	3.18643959876155e-05	3.8467823641763245e-09	0.6074226143657868	867	0.0001035446745932	1.0588002072906707e-08	0.3142787616191138	854
1	242071602	244109498	0.0004578668775488	1.5313754533751696e-08	0.0002156236233664	3132	0.0001979059703201	3.6084688898570616e-08	0.297489886084981	3097
1	244109499	245506745	-5.069552219623986e-05	1.021242995451485e-08	0.6159102966675416	2286	9.298923604293375e-06	2.6486575815179053e-08	0.9544358178162576	2240
1	245506746	247344517	-0.0001744339957533	1.6178344954685943e-08	0.1702503579418869	3938	-0.0004301735434079	3.8496103220584524e-08	0.0283449853422001	3854
1	247344518	249239465	-7.686755951965272e-05	1.1119702530265269e-08	0.4660335132120803	3006	8.860986036063731e-05	2.4285963508189548e-08	0.5696298219306617	2961
2	10133	1781021	0.0001976990996723	1.4936642974682693e-08	0.1057431639915484	4274	0.0001132579201587	3.472443524135392e-08	0.5433291424867921	4090
2	1781022	3973778	-0.0001391982186075	2.0282109300185483e-08	0.3283658356141083	4530	-2.2670900697268767e-05	5.765179785937351e-08	0.9247758138604554	4446
2	3973779	5708336	-1.4516678066698945e-05	1.1623206148762642e-08	0.8928891177377443	3006	-0.0001057113417176	2.988546894514207e-08	0.5408731973259895	2979
2	5708337	6836253	0.0001378522861825	1.3299196459442154e-08	0.2319436623782929	2530	-7.109345307029584e-05	3.0845915907454745e-08	0.6856311957917004	2490
2	6836254	8422146	0.0001550543491061	9.400615473776225e-09	0.1097736945858068	2445	-1.5604157738192254e-05	2.5848840228261943e-08	0.9226823820265444	2427
2	8422147	10298468	8.299503536674319e-05	1.2879557551653195e-08	0.4645896898268364	3233	2.035164021957686e-05	3.44849181456154e-08	0.9127317618748548	3182
2	10298469	12419149	0.0001095871618835	2.039931746774328e-08	0.4429171749780966	4630	0.0001598016319032	5.1767306356936244e-08	0.4824610806092962	4567
2	12419150	14335307	2.2131335909989926e-05	1.1566088788316244e-08	0.8369586166769241	3395	-3.991147732028856e-05	2.5532447019696305e-08	0.8027601905500197	3356
2	14335308	16329734	0.0001858389116544	1.3019648541706682e-08	0.1033797782496936	3469	0.000120577310984	2.9478370835919448e-08	0.4825009791236692	3428
2	16329735	18647422	7.967296786366509e-05	1.3858805815013189e-08	0.4985449815674455	3828	5.953497293141641e-05	3.500114868327159e-08	0.7503160952453584	3792
2	18647423	19692403	-1.987980349896184e-05	6.251311202378015e-09	0.8014774543805989	1625	4.051061743156894e-06	1.6788134771751512e-08	0.9750576741738344	1603
2	19692404	21050489	1.7705448926493257e-05	1.1245422933623496e-08	0.8673995229601683	2741	-2.1040589567199953e-05	3.088328999436231e-08	0.9046985323694152	2705
2	21050490	23341382	0.0002337878634191	1.3975474460706734e-08	0.0479737320037807	2695	-3.940895534142341e-05	2.4814957002488193e-08	0.8024545788199952	2675
2	23341383	24686917	-6.80179649511805e-05	7.66141484766685e-09	0.4371079701396352	2173	-1.773070081611113e-05	1.6680432410133654e-08	0.890805736002843	2135
2	24686918	26894984	-9.372826804959354e-05	9.977413044730228e-09	0.3480681709329961	2682	9.460311163879404e-05	2.3332320346812346e-08	0.5356949100807125	2640
2	26894985	28598776	0.0002369799797599	7.104116017709495e-09	0.004929268858204	1708	7.337987254926398e-05	1.2862777458816791e-08	0.5176268385880329	1669
2	28598777	29217558	0.0002105964005722	4.010184350920285e-09	0.0008823144122847	1082	2.9423949830661503e-05	9.586409503320509e-09	0.7637807528589866	1064
2	29217559	30463710	0.0001297118216008	1.0610755278490225e-08	0.2079458578759764	2296	0.0003189586985528	3.0388228677544295e-08	0.0672936324614632	2271
2	30463711	31550449	-8.635259430733709e-06	8.714768580020256e-09	0.9262998220388142	2297	1.7579149492586084e-05	2.2371176117544872e-08	0.9064390611671486	2282
2	31550450	33363776	3.1690287660747026e-05	8.663999016175175e-09	0.7335096158236585	2259	-5.4976883897751775e-06	2.004482167846705e-08	0.9690250971857602	2219
2	33363777	35345027	0.000125422405532	1.628157169864124e-08	0.3256370204873157	4287	0.0001520788650325	4.270473987478451e-08	0.4617791617770356	4222
2	35345028	36122005	-1.74486858702508e-05	6.6010760199725605e-09	0.8299536842216564	2051	1.515795189938371e-05	1.5222678364100137e-08	0.9022214381745458	2032
2	36122006	38132711	-0.0001460837156245	1.6498894022158577e-08	0.25541360505273	3905	-6.408234151380855e-05	4.6419258494537794e-08	0.7661358892886692	3835
2	38132712	39031336	-6.018606032680914e-05	6.422766011597264e-09	0.4526579332923827	1537	9.479372571575772e-05	1.7756194713383026e-08	0.4768457526336164	1504
2	39031337	40281482	1.2786528892005711e-05	4.928887486340876e-09	0.8554817838505903	1395	-0.0001255437185604	1.1641855442471413e-08	0.2446076881203196	1385
2	40281483	43309589	-6.002196363247317e-05	2.277921065308756e-08	0.6908612794536486	6057	-4.693396953428498e-05	5.243115052071312e-08	0.8375947187166665	5965
2	43309590	44313802	2.2952818749730272e-05	6.829154959561868e-09	0.7812050238953263	1913	9.729506356692628e-05	1.6405784175796618e-08	0.4474860292350294	1890
2	44313803	46482633	0.0001790158263285	2.1246721513682177e-08	0.2193969772153439	4223	0.0002846046231309	5.9197311718998505e-08	0.2421038626743442	4169
2	46482634	47318771	-5.2899756469136825e-05	7.512463180648173e-09	0.5416452971342516	1686	-6.949661237609691e-05	2.1483384571618303e-08	0.6353956476480791	1669
2	47318772	48213000	4.857152002435694e-05	7.133859095534524e-09	0.5652451033152589	1581	-6.343177234564115e-05	1.947849168997831e-08	0.6494725340301151	1548
2	48213001	50022256	3.586220257175846e-05	1.3593576071809542e-08	0.758395469633939	3541	0.0001936009448443	3.4413043191900485e-08	0.2966572993481187	3483
2	50022257	50818927	8.903388960759199e-05	5.611958358579366e-09	0.234637621191001	1677	-5.264889811502691e-05	1.3465305769875313e-08	0.6500354440032201	1667
2	50818928	52491132	-4.966762534248335e-05	1.095964943178226e-08	0.6351910284686497	2925	-0.0003786043122186	2.7687583031862943e-08	0.0228865681352372	2909
2	52491133	53508451	-4.509766336898921e-05	8.758361038327732e-09	0.6298882645570196	2379	5.055723120444978e-06	2.2538225992021448e-08	0.973135337027046	2341
2	53508452	54685225	-5.9748707435184934e-05	8.24544029769457e-09	0.5105423222090659	2128	-7.925425443035314e-05	2.098932719373606e-08	0.5843475804510214	2087
2	54685226	56203344	8.338539028783536e-05	1.038311578420464e-08	0.4131713138400358	2719	4.126470419178026e-05	2.619866586488499e-08	0.7987689122184669	2681
2	56203345	57429099	8.758267462554189e-05	7.879214653296044e-09	0.3237990781786699	2040	-7.512157524363993e-05	1.8560373176775947e-08	0.5813555219062496	2024
2	57429100	58297314	-2.063638612345882e-06	6.055794396466767e-09	0.9788438203160108	1777	-2.4265762565814648e-05	1.3564270707513153e-08	0.8349548642248206	1761
2	58297315	60291999	3.298265643908737e-05	1.1616913070458829e-08	0.7595945413228038	2711	-6.355301337096246e-06	3.2663594338464264e-08	0.9719485880599276	2684
2	60292000	62429043	-0.0001018690099298	1.0860017468903928e-08	0.3283104765028501	2626	2.5750852180806877e-05	2.43291626426266e-08	0.868870972420999	2585
2	62429044	64625912	7.255330894959446e-05	1.0332660864889134e-08	0.4753766848412117	2625	-0.0001146552303528	2.4515143627356432e-08	0.4639982217691937	2600
2	64625913	65933443	-6.641480353655791e-05	7.921789417418919e-09	0.4555486828097429	2019	-2.0884439842826076e-05	2.09124595780703e-08	0.8851706801726171	1977
2	65933444	67226165	-5.273340894873359e-06	7.552890687487742e-09	0.9516158765095382	1880	-0.0001410165289575	2.0876155125691064e-08	0.3290700936806797	1854
2	67226166	68010175	-1.413327963640684e-05	6.690020549367849e-09	0.8628131758432522	1735	-5.458599699697333e-05	1.7763966891578875e-08	0.6821330792187941	1722
2	68010176	69139563	-0.0001082211969431	7.694060159840641e-09	0.2172882631156925	2090	1.6724424301840778e-05	1.9191539426213423e-08	0.903909064360544	2059
2	69139564	70755197	2.2522098993812807e-05	7.632504125874706e-09	0.7965647344093837	2282	3.405184360093093e-05	1.7477586804419732e-08	0.7967366711229894	2249
2	70755198	73174847	-2.4504006872956614e-06	1.4164580711858202e-08	0.9835735157031636	3645	-0.0001292402280408	3.343861820228197e-08	0.4797140254833537	3596
2	73174848	75630085	7.606840631189322e-05	1.0824939810563444e-08	0.4647028690398089	3145	-2.084781573335203e-05	2.6253753186772957e-08	0.897621691054393	3108
2	75630086	76913660	-0.0001711123702827	9.344179470784002e-09	0.0767016454539725	2454	-2.0574210935299285e-06	2.4149988922472137e-08	0.9894368828906532	2434
2	76913661	78079263	3.276760683615456e-05	8.707575456761176e-09	0.7254737393930265	2319	5.1810181550616006e-05	2.2883954902221485e-08	0.7319811732298089	2282
2	78079264	80050402	1.2173299086236351e-05	1.4351516530684662e-08	0.9190619806449264	3860	-5.162126406927273e-05	3.5521164399606835e-08	0.7841648614461161	3839
2	80050403	81620840	5.259391142277992e-05	9.218527841309275e-09	0.5838442609184702	2410	0.0001300889806602	2.3387868811202e-08	0.3949700314259821	2384
2	81620841	85140679	4.550488636530885e-06	1.7728989612968372e-08	0.9727371302374748	5998	6.335015182194812e-05	3.173702332567491e-08	0.7221384189677911	5949
2	85140680	88038506	-3.5103764274922477e-06	1.1114835842378032e-08	0.9734379260191456	2977	-0.000201383009962	2.8103215113882044e-08	0.2296419866640595	2929
2	88038507	89154525	-1.0770938026869282e-05	4.030502043845121e-09	0.8652792257329847	1054	-2.4105343096688427e-05	1.1172282213650516e-08	0.8196023522225491	1038
2	95326452	98995200	-5.992742677325562e-05	6.611414021306631e-09	0.4611110337331343	2091	-4.3068646685526216e-05	1.4491825295067852e-08	0.7205180574428713	2061
2	98995201	101822328	0.0001486722151455	1.3434607388781844e-08	0.1996052452439423	4110	3.048196729873059e-05	2.9528675028042113e-08	0.8592046669134286	4074
2	101822329	102688764	2.4089532007961484e-05	4.749303318927707e-09	0.7266739618152422	1419	-3.9144871534562784e-05	1.2273254302231209e-08	0.723832219010805	1391
2	102688765	103588214	9.122106339930244e-05	5.767280504980666e-09	0.2296797759438209	1764	0.0001690342023012	1.3512900914417245e-08	0.1459129982066535	1739
2	103588215	105125033	3.977448467608974e-05	1.1656449490013637e-08	0.7125738610103116	1566	-0.0002441782742654	1.2171917375285162e-08	0.0268814508323362	1545
2	105125034	106210057	3.464680806547949e-05	7.227343278580476e-09	0.6836089084190493	1870	-0.0001441254638092	1.9083099594712372e-08	0.2968015273726809	1848
2	106210058	107408266	-3.0146561157885268e-05	8.991165414403748e-09	0.7505389934886172	2318	-0.0001173446430669	2.4739774711308367e-08	0.4556398438470871	2293
2	107408267	108429176	-1.0514001453358768e-05	6.162897206082929e-09	0.8934584878333485	1924	4.298376594875678e-05	1.3650429542569725e-08	0.712946842538127	1903
2	108429177	110572431	1.2970166803041468e-05	9.316424355477856e-09	0.8931054492791802	2774	7.8429528808262e-05	2.1108667788429663e-08	0.5893209821898628	2739
2	110572432	113921855	5.2654677238605835e-06	1.1637084037707328e-08	0.9610701698673122	3244	-0.0001029743589088	2.9475984752009344e-08	0.5486501435282399	3200
2	113921856	116772469	-4.940003777906247e-05	1.3508026495370724e-08	0.6708064267560501	3900	-5.060757495507731e-05	3.3339502937873214e-08	0.7816545992901026	3858
2	116772470	118367465	1.4035999746521433e-07	7.6139573231386e-09	0.9987165528001806	2505	0.0001173462144608	1.5384781786779333e-08	0.3441127257175548	2485
2	118367466	121303782	0.0002078641196801	1.7338479988830435e-08	0.1144262319633183	4499	3.12609390152013e-05	4.465890308537361e-08	0.882400233567208	4437
2	121303783	123302905	-2.3886244143592897e-05	1.0263250888200546e-08	0.8136040494399799	2744	1.561581645015751e-05	2.210126657067436e-08	0.9163437999499467	2706
2	123302906	124732249	-1.242616151383703e-05	8.402071921613986e-09	0.892166109129168	2796	-2.0851619496365177e-05	1.8691239875510723e-08	0.8787784959195777	2761
2	124732250	125840920	0.0001182615293549	7.139926382276454e-09	0.1616401923176853	2011	3.513112805295106e-05	1.9156590195998367e-08	0.7996313926187498	1993
2	125840921	127373763	-1.1562909238469164e-05	8.85796523326185e-09	0.9022202862637392	3030	0.0001904558998673	1.87392808704079e-08	0.1641372071734651	2991
2	127373764	128034346	8.77516260096605e-05	6.091609995231278e-09	0.2608781848511892	1602	-0.0001261022696904	1.675117591277411e-08	0.3298991958675359	1586
2	128034347	129474440	-2.993307559423609e-05	8.47281836326906e-09	0.7450371562959053	2449	-0.0001106801130785	2.170314351357179e-08	0.452477454106087	2429
2	129474441	130067169	1.596922693567389e-05	3.9489780362421e-09	0.7994016381176299	1160	-6.23997691191056e-05	9.900459596228545e-09	0.5305761736484671	1140
2	130067170	130658084	1.3333957267176457e-06	3.517089485521969e-09	0.9820621320712644	1010	-2.870763888701696e-06	9.010836561949504e-09	0.9758738078097868	998
2	130658085	133042783	9.502340745811208e-05	5.231350920083216e-09	0.1889192043539701	1747	8.009805362946985e-05	1.0786982704501069e-08	0.4405831840187936	1709
2	133042784	135158577	-1.4108584648530836e-05	1.4824837434015925e-08	0.9077518776181922	3474	1.1036457994540392e-05	4.329876339094344e-08	0.957701160787462	3431
2	135158578	137042793	-4.06213405043879e-05	3.78449773714234e-09	0.5090527176846525	1125	-8.074444140445128e-05	9.482630218296217e-09	0.407003199310556	1113
2	137042794	138698116	-8.200300798917414e-06	1.0640447585741054e-08	0.9366374494791952	3044	1.981371896545023e-05	2.54585339577265e-08	0.9011732898734162	3011
2	138698117	140100270	-3.8013536810412504e-05	7.2104874227878e-09	0.6543928824000322	2226	-5.0101721348671415e-05	1.8462018945304273e-08	0.7123260879790174	2205
2	140100271	141805350	4.145169422500449e-06	1.1705327695897669e-08	0.9694378207728994	3325	-6.303794706099432e-05	2.95733899427806e-08	0.7139431979436474	3285
2	141805351	142518601	0.0001212711443834	5.933662620919002e-09	0.1154109432178746	1644	8.847976494679992e-05	1.4885257547768398e-08	0.4683211608347455	1617
2	142518602	144519483	5.7967289773938794e-05	1.0978990030703517e-08	0.5801093476609807	3152	4.184715367584707e-05	2.7457447650818588e-08	0.8006211540794317	3118
2	144519484	146445569	-0.0001886545185873	1.3569216409044641e-08	0.1053326116406586	1688	0.0001054943159697	2.0324859125434965e-08	0.4593169824685658	1664
2	146445570	147277161	1.27633733482748e-05	2.6911496231997606e-09	0.8056552887884294	796	5.033330763636621e-05	6.850913026039009e-09	0.5431153573289167	790
2	147277162	150210291	-0.0001323168477452	1.0653100706632354e-08	0.1998539288427083	3241	-0.0002137166324521	2.4377585211785684e-08	0.1710588600306241	3208
2	150210292	151731461	-3.529629228988369e-05	7.411208883692596e-09	0.6818054603613861	2133	1.7116062480719322e-05	1.8556702041651055e-08	0.9000110497097794	2117
2	151731462	152486781	3.899165163596345e-05	4.448912399573574e-09	0.5588294784916972	1368	9.280964206653831e-06	1.0711059823909378e-08	0.9285445821470538	1352
2	152486782	154005055	-2.5752376531332565e-05	8.554902724129543e-09	0.7806853692108155	2323	-2.02227783196368e-05	2.201246593017565e-08	0.891581489843001	2286
2	154005056	155391134	0.0001349219400076	9.916648931951655e-09	0.1754565126201718	2611	-6.787812273505628e-06	2.5815035056506032e-08	0.9663019824047386	2584
2	155391135	157560634	-5.174262829319541e-06	1.0587834838452396e-08	0.959894681635103	2904	6.766645368862146e-05	2.5443879912660587e-08	0.6714120661664902	2870
2	157560635	158533217	6.229650930728594e-05	2.791495983246595e-09	0.2383642290385914	658	8.335849175300183e-06	7.976080422501927e-09	0.925635625524199	653
2	158533218	159577081	1.767612427302325e-05	6.523425496827983e-09	0.826765859352824	1738	-5.970885807878898e-05	1.642787223006451e-08	0.6413213313011618	1716
2	159577082	161769732	-7.270084988039657e-05	1.2717093665017454e-08	0.5191332753909357	3740	0.0001285426587679	2.8716016489161463e-08	0.4481207796327706	3677
2	161769733	163503550	3.052590247769751e-05	4.960897048190457e-09	0.6647245642253597	1594	-8.315196612696966e-06	1.2325773802295542e-08	0.9402965258190978	1582
2	163503551	164466637	-3.84175725292307e-05	3.788466706194555e-09	0.5325203903111385	1175	2.3143231638250515e-06	8.835280212357292e-09	0.9803569002458244	1169
2	164466638	165178839	0.000110064560313	2.8361427756699383e-09	0.038759730828466	795	-0.0001440277277011	7.3872379773311145e-09	0.0937903200968059	782
2	165178840	167160269	-0.0001095653763715	1.1090379701297031e-08	0.2981543423129239	2966	-0.0002315229894908	2.9962275866293383e-08	0.1810464912323041	2936
2	167160270	167355969	-6.8376556124975125e-06	1.3810726338036995e-09	0.8540197231811063	386	1.1606101194855672e-05	3.888005330205758e-09	0.8523406150891866	384
2	167355970	169968235	6.152822544461137e-05	1.4633097805800324e-08	0.6110080825823359	4041	-0.0001646354307868	3.522559626935943e-08	0.3803829468671077	4000
2	169968236	171226244	1.463335490332388e-05	9.055919263582056e-09	0.8777894081934321	2503	-0.0001285705295189	2.0598729378038832e-08	0.370348396955844	2464
2	171226245	173138904	-3.708418215440363e-05	1.1049220629972998e-08	0.724241851493751	3004	-5.5344821128342666e-05	2.513373270742204e-08	0.727015055281103	2934
2	173138905	175588928	0.0002679007667142	2.5312051913165586e-08	0.0922055056490775	3939	-7.89325345464017e-05	4.2493720310154e-08	0.701788482366637	3876
2	175588929	177363635	7.664069774564675e-05	8.519703353581293e-09	0.4063560306025251	2456	-7.674443024360731e-05	2.056116322142084e-08	0.5925056690415996	2433
2	177363636	178553182	-4.442477175961855e-05	6.904123012193456e-09	0.5928907324703118	1939	-8.324606059967695e-05	1.6794304419496252e-08	0.5206354412382643	1914
2	178553183	181312738	-5.591032028152583e-05	1.7822137954788855e-08	0.675358494182206	4737	-8.150406762213413e-07	4.519864332686107e-08	0.9969411683049316	4670
2	181312739	182266030	-7.432578438482128e-06	5.786606942894451e-09	0.922164629959414	1754	4.8555601852858275e-06	1.2775320222703968e-08	0.9657342736230712	1736
2	182266031	184357607	4.8752662724012614e-05	1.0034814562436272e-08	0.6264849891965949	3042	-4.066907925275919e-05	2.5022608983297585e-08	0.797103419780222	3005
2	184357608	185280172	1.802144022691584e-05	5.775303907619509e-09	0.8125493428319747	1874	-0.0001961221373571	1.2287920492390992e-08	0.0768533751116123	1842
2	185280173	189882064	-8.525607156949336e-05	1.8750943801148033e-08	0.5335430436907008	5992	4.6240306660591354e-05	3.789175213219645e-08	0.8122329658570948	5947
2	189882065	191973356	-0.0001349623593581	7.990930352112305e-09	0.1310992850678139	2532	-0.0003329855639853	1.6930913751328134e-08	0.010494719500522	2495
2	191973357	195861163	-0.0003736075571716	1.2268973041353614e-08	0.0007436400957211	3659	-0.0001852243475225	2.5294731647317675e-08	0.2441741568955524	3635
2	195861164	196447455	4.965752109104845e-05	2.389496595956287e-09	0.3096983233819107	732	6.552849262342048e-06	5.432259496949318e-09	0.929155174833494	721
2	196447456	198078109	0.0001083185044473	6.999077408084252e-09	0.1954102538135377	2051	0.0001029629724599	1.6611006663637305e-08	0.4243583468130324	2022
2	198078110	199311124	0.0002083818003256	4.476906156915331e-09	0.0018433555596298	1321	7.240308730809023e-05	8.680585362563055e-09	0.437093788590171	1308
2	199311125	201576283	-0.0001044428973068	9.48790201116848e-09	0.2836102406902512	2445	-0.000112602647646	2.1818598870811418e-08	0.4458712820691721	2417
2	201576284	202818636	6.963281440321515e-05	4.684367788611694e-09	0.3089668331235374	1289	-8.969792290185075e-05	1.1492781044450996e-08	0.4027611639077841	1270
2	202818637	205799240	0.0002406999315672	1.2614566124305392e-08	0.0321061107062567	3399	0.0003492717351664	2.9120167430214257e-08	0.0406818460822801	3335
2	205799241	206735703	-4.649854806107319e-05	6.420984431439491e-09	0.5617249283842364	1348	4.577745470031797e-05	1.6685732158409344e-08	0.7230481265075632	1333
2	206735704	208645398	4.316210321581103e-05	1.1490651171976734e-08	0.6872039647796806	3008	-9.469267199675564e-05	3.0310861829295605e-08	0.5865118659804871	2960
2	208645399	209941528	-9.282559697509926e-05	5.986481918216692e-09	0.2302459408648741	1754	0.0001769979351234	1.3668257169748891e-08	0.1300384357385906	1729
2	209941529	212379517	0.000115180595588	1.2888253316317506e-08	0.3103105431546334	3975	0.0002196541590901	2.9276545292298085e-08	0.1992304154202163	3941
2	212379518	214014281	-0.0001002876832363	1.2526636055475516e-08	0.370228125974416	3266	8.375095508275296e-05	3.2854561345055264e-08	0.644043208740988	3199
2	214014282	215573794	-2.549593021892357e-05	7.705533292389973e-09	0.7714729533896119	2430	-5.7843735581003296e-05	1.4968164545300285e-08	0.6363600764322657	2409
2	215573795	217715660	0.0001748556306121	1.3615190867396336e-08	0.1339935323060979	3322	0.0001857964227094	3.829169810862609e-08	0.3423774132670942	3280
2	217715661	218395479	1.9054843595844687e-05	4.380267561293927e-09	0.773416484983688	1138	-7.593388106805638e-05	1.198966910697173e-08	0.4880103177115009	1127
2	218395480	220454550	3.8780109892185336e-05	8.301529542390921e-09	0.6703790867852253	2229	3.815268267548477e-05	1.7830786816450932e-08	0.7750929958293209	2194
2	220454551	222521175	-6.684265383169673e-05	1.3078216339726584e-08	0.558888572697672	3741	9.598853765322788e-06	3.3465801163564566e-08	0.9581534578680148	3708
2	222521176	224859418	5.886026532304886e-05	1.3613032124736058e-08	0.6139234378965699	3786	-0.0001787215610922	3.5816599262097395e-08	0.3449888339959582	3732
2	224859419	225840003	0.0001212525228347	7.1060262514882445e-09	0.150322747806865	1690	-0.0002085799600782	1.3666557553265062e-08	0.074391520899415	1673
2	225840004	228119841	-9.02524495201388e-05	1.2178761569908004e-08	0.4134602916586228	3646	-1.4992725765440508e-05	2.8518659307632813e-08	0.9292566057183016	3611
2	228119842	229370786	-0.0001201483080974	9.708323089865188e-09	0.2226930934408866	2803	-1.983097722115623e-05	2.375935580709247e-08	0.8976306170247629	2740
2	229370787	231843388	1.7312206247150153e-05	1.6980754766288353e-08	0.8943090193592547	4628	2.025259369061257e-05	4.50647798766741e-08	0.9239947348005456	4576
2	231843389	233550002	-0.0001391836294677	9.693611445707833e-09	0.1574613882167321	2361	-9.37347651490128e-05	2.532692703990782e-08	0.5558665947476795	2311
2	233550003	235150986	-0.0006274067543163	1.1390363539988888e-08	4.135314531128422e-09	2939	-0.0002247701984847	2.9280556551471802e-08	0.1889951823277144	2888
2	235150987	236043549	-6.185484474763248e-05	9.750165303163232e-09	0.5310374927403219	2021	-0.0001539563803191	2.8941237822817232e-08	0.3654758068549549	1994
2	236043550	237449031	-0.0001707524254746	9.407229015690168e-09	0.0783230719491112	2466	8.629357066239518e-05	2.5356358532478352e-08	0.5878737744466551	2437
2	237449032	238760980	-3.5165416549110444e-05	1.0486795220782316e-08	0.7313010795834372	2655	0.0001700849188283	2.8133105254410768e-08	0.3105615659629589	2623
2	238760981	239952642	-0.000100535430057	8.336866787592145e-09	0.2708631263013483	2318	-1.740314620151838e-05	2.0750112352653578e-08	0.9038382994919192	2283
2	239952643	241560083	-0.0001502786310143	1.6363419518395043e-08	0.2400787887749929	3687	-0.0001546760297317	4.7581665079007545e-08	0.4782667666541801	3626
2	241560084	242149920	1.974002352293202e-05	4.525049438916132e-09	0.7691772373421576	1183	-6.887721319376521e-06	1.2080509898419521e-08	0.9500323619307568	1160
2	242149921	243188919	5.784365123705581e-05	4.418273945102941e-09	0.3841798392710043	1006	0.0001042000167498	1.2426616875925997e-08	0.3499217452820423	984
3	60157	1441778	2.119816525282067e-05	1.3058354134717916e-08	0.8528334840120444	2747	3.841992379753815e-05	3.7541499874095017e-08	0.8428182193154793	2715
3	1441779	2992119	0.0003346904896004	1.9190959877702782e-08	0.015692518511063	4295	0.000157188351288	5.5083353616941696e-08	0.5030196795861284	4249
3	2992120	4431646	0.000157792122189	1.3726771637424211e-08	0.1780466477395633	3217	4.17926119029893e-06	3.4995831070556356e-08	0.9821764054096614	3171
3	4431647	6083182	0.0001135181978656	1.6247115396238846e-08	0.3731496709909753	3421	0.0003297016528298	4.711004892867307e-08	0.1287567093871087	3368
3	6083183	7083386	9.484543127607524e-05	8.310366068181233e-09	0.2981474323621734	2083	-0.0003008386517981	2.2238045481272e-08	0.0436570277208118	2045
3	7083387	8648560	0.0002063840778672	1.4029781603874609e-08	0.0814364614179057	3745	3.8778171820853464e-05	3.6931074501122954e-08	0.8400839078593502	3706
3	8648561	9543182	-4.716706879860443e-05	7.949299524006967e-09	0.5967895765957625	1615	2.937036633243067e-05	2.0838587649160922e-08	0.8387769047632305	1585
3	9543183	11019664	-9.383788482416845e-05	1.3259532148560749e-08	0.4151190353991647	2421	0.0001752853140954	2.4733185494703187e-08	0.2650367626221085	2379
3	11019665	13070798	-1.3568342067703718e-05	1.302985101969008e-08	0.9053816466375516	3306	-3.9611501677663933e-05	3.1961205258833066e-08	0.8246491250799677	3246
3	13070799	14816899	0.000141479808624	1.4959192693989962e-08	0.2473735602654506	3511	-4.871847338268636e-05	3.805247315644665e-08	0.8027821430721167	3473
3	14816900	16282441	-8.808368300607133e-05	8.874476112612996e-09	0.3497744393107048	2414	-9.623446137171527e-05	2.1077767406061183e-08	0.5074236401805501	2381
3	16282442	17891117	0.0004342246335071	1.2606264184752764e-08	0.0001099932309662	2322	0.0001452199643976	1.9900806889395062e-08	0.3032841567806033	2272
3	17891118	19125143	4.64272136093153e-06	6.35728189729096e-09	0.9535664825623116	1774	0.0001566439890812	1.8294083622856508e-08	0.2468098000813178	1766
3	19125144	20091347	-7.687225538550196e-05	3.404527612351534e-09	0.187680665091324	1003	-0.0001504656999409	8.171898923522755e-09	0.0960185072546558	994
3	20091348	21643706	3.4317207818968906e-05	1.3848480735845725e-08	0.7705804817403029	3515	0.0002270307629856	3.806409902350948e-08	0.2445609290134184	3468
3	21643707	22204243	0.0001200781415467	8.192461216217365e-09	0.1846240841938201	1962	-0.000148895985556	2.0680187345660392e-08	0.3004848238059749	1941
3	22204244	23804864	-6.007764559186458e-05	1.1297830628493373e-08	0.5719260342423439	3075	-1.5165804391138586e-05	2.6520709177275072e-08	0.9258031326676932	3046
3	23804865	25461557	-6.561241832401911e-05	1.4642841867978634e-08	0.587668828391744	3301	8.107830191197578e-05	4.102957455942255e-08	0.6889555600116125	3262
3	25461558	26877768	-2.353297312946969e-05	7.15857773648838e-09	0.780904902981161	2076	5.164348028208997e-05	1.5984688636609357e-08	0.6829264101344221	2046
3	26877769	27840909	4.099260318430683e-05	5.3419818575733315e-09	0.5748931329943311	1678	3.257794382051907e-05	1.1429723561949091e-08	0.7605768253823209	1662
3	27840910	29142259	0.000145944986698	7.885933619885621e-09	0.1002850687571136	2029	0.0002263500894292	1.881526986229188e-08	0.0989106903120557	2010
3	29142260	30717954	0.0001503543440464	1.4669421932500012e-08	0.2144604053502856	3239	5.611763142070591e-05	4.226519905079722e-08	0.7848796813276231	3210
3	30717955	32351714	8.744198631770083e-05	1.0886720381095686e-08	0.4020009431124991	2807	1.3599069774575943e-05	2.8206451906134862e-08	0.9354642044385426	2771
3	32351715	33255591	-6.636660460750705e-05	6.631890093958821e-09	0.4151009579546451	1567	-0.0001760919422944	1.879580830405288e-08	0.1989930521621159	1532
3	33255592	35283457	0.0001264985753655	1.0826239829055755e-08	0.2240774674040027	3107	-0.0001395951005663	2.529067565610231e-08	0.3800584261972369	3075
3	35283458	36486841	-0.0001388891979071	7.339756266261328e-09	0.1049819113529238	1895	-1.9912251855049943e-05	1.5584764880759924e-08	0.8732721917337507	1875
3	36486842	38356115	-0.0003813570754262	9.78804807798673e-09	0.0001159003085808	2361	-0.0001546114690175	1.9686261549798457e-08	0.2704854040937796	2332
3	38356116	40221297	5.696749321704629e-05	1.0486638711656706e-08	0.5780058778403085	3143	-0.0001085012771127	2.328394745383763e-08	0.4770467551739533	3121
3	40221298	41064527	-1.4179171341700591e-08	2.168864397503847e-09	0.9997570736049224	625	-8.276515707882584e-06	4.402830052539745e-09	0.9007348823732476	622
3	41064528	42540001	1.865615805653503e-05	8.8037063964405e-09	0.8423930329439205	2630	3.987685930948237e-06	1.5706553805062395e-08	0.97461674703694	2597
3	42540002	45165152	0.0001919805973099	1.0603210123325398e-08	0.0622658177392028	3013	-0.0003104345579441	2.4413434598451473e-08	0.0469438196307456	2984
3	45165153	46657499	-8.116224796861483e-05	1.0269404162943522e-08	0.4231861763792396	2911	3.777868577424213e-05	2.4644658985886393e-08	0.8098265776233905	2865
3	46657500	47727211	2.948763381427818e-05	3.4418611702304686e-09	0.6152286292517569	842	-2.2688006168041823e-05	4.972391330751802e-09	0.7476448316998305	827
3	47727212	49316971	5.4368145155735845e-05	5.0270318795402595e-09	0.443193514393837	959	-2.187622508718276e-05	4.851935675647918e-09	0.7534742388986719	944
3	49316972	51832014	-1.2707740884794569e-05	1.6382678890627912e-08	0.9209133942969588	1969	-7.304733589995906e-05	1.1770508582049298e-08	0.5007582742789098	1945
3	51832015	54081389	0.0001811597067682	8.705444663968332e-09	0.0521820948325024	2567	0.0001392526443492	1.902271802426221e-08	0.3126671099865579	2504
3	54081390	55348859	0.0001220765049222	1.062940198285992e-08	0.2363850379753472	2388	-0.0002712839376353	3.0161568077934764e-08	0.1182743540115512	2367
3	55348860	56433906	-6.337146182971337e-05	5.923651962416469e-09	0.4102933936538396	1612	-3.500295540801893e-05	1.4636755374910871e-08	0.772334545591165	1597
3	56433907	58157518	0.0001086136793049	9.043340959053921e-09	0.2533950316380509	2675	2.654404018208577e-05	1.9618155530723393e-08	0.8496911321052895	2625
3	58157519	60272905	6.889047029858076e-05	1.7087309161180376e-08	0.5981837326880868	4046	0.0001268150868205	4.238987003342817e-08	0.5379327423159304	3996
3	60272906	62355665	3.909046012286523e-05	1.727484225699584e-08	0.7661492388736562	4073	0.0002100014613823	4.873276629111931e-08	0.3414584567073692	3996
3	62355666	63669285	3.77665184140175e-05	1.056018169028226e-08	0.7132373122857933	2603	0.000243846521195	2.778823488032038e-08	0.1435210695321704	2565
3	63669286	65273537	-0.0003090020932894	1.3322032706640509e-08	0.0074246646284093	2908	0.0002309626124725	3.759180047155128e-08	0.2335638461136814	2834
3	65273538	66270446	-6.339737537881992e-05	8.422009881864415e-09	0.4896801620082334	1702	1.3793588312115397e-05	2.54340980334156e-08	0.9310763997828512	1673
3	66270447	68286913	-6.22589251985373e-05	1.2736741162284992e-08	0.5811804824134343	3344	2.6219265926234203e-05	3.3752837892372896e-08	0.8865163702131045	3298
3	68286914	69276761	-2.796862520733112e-05	5.869877083903673e-09	0.7150714085339112	1617	0.0001593589760855	1.4422117259314176e-08	0.1845176818366521	1604
3	69276762	70449027	-8.572049658493065e-05	8.061035703555365e-09	0.3397045952140169	2117	5.692259145672326e-05	1.8595908433953472e-08	0.6763693234674153	2092
3	70449028	72529328	0.0006712720783949	1.8915952856369305e-08	1.0569574359891817e-06	3102	0.0002775937568404	4.761513714162813e-08	0.2033210229433661	3054
3	72529329	74321816	1.2476798350521134e-06	1.2937771647153131e-08	0.9912480512135482	3067	-3.081844717752139e-06	3.615384713815893e-08	0.9870683321733396	3020
3	74321817	75704948	-2.9042543380261377e-05	5.070440798949169e-09	0.683375996261448	1452	7.622762974015187e-05	8.964170728495409e-09	0.4207539216468741	1445
3	75704949	77508834	0.0001093333547539	9.517424923599306e-09	0.2624116569772483	2739	0.0002447106797533	2.4942072534228205e-08	0.1212657932859567	2696
3	77508835	79024540	6.198301738463254e-05	7.229805059506302e-09	0.4660202552100261	2067	-2.68024390068024e-05	1.8153361814840808e-08	0.8423191135899386	2041
3	79024541	81427309	0.0001970822340095	1.1174958485437714e-08	0.0622743345792671	3500	6.431640837849629e-05	2.284706419923406e-08	0.6704672097584451	3467
3	81427310	82643885	9.160683193860168e-05	4.901367675479389e-09	0.1907083743655718	1660	1.0431930411457992e-05	1.0181800632269632e-08	0.9176583886786412	1642
3	82643886	84367478	7.775885890222819e-05	7.399119480155697e-09	0.3660048625087966	2419	1.9107283527266743e-05	1.572054327589117e-08	0.8788769351265867	2398
3	84367479	85582230	8.235943127587947e-06	6.015661171320833e-09	0.9154339260997691	2084	7.660338329864261e-05	1.1079996941572856e-08	0.4667708259652964	2067
3	85582231	87409731	-7.623568517460767e-05	8.814745393569736e-09	0.4167944290694357	2973	7.118231727188296e-05	1.6344389429890763e-08	0.5776741193998558	2951
3	87409732	88298372	4.966229544971226e-05	4.396043164263504e-09	0.4538426550930529	1536	-4.216942528453663e-05	8.224074391189635e-09	0.6419305255720623	1522
3	88298373	94255315	-9.117309297325436e-05	9.37965834164499e-09	0.3465010412088741	3258	-3.4078526230914294e-05	1.9335585418863032e-08	0.8063969919272627	3236
3	94255316	95311970	6.919828438519504e-06	5.691055854029749e-09	0.926914657381851	1863	2.6118439445851815e-06	8.342144111770349e-09	0.9771866399300524	1846
3	95311971	98215949	8.64827313885597e-06	1.2111086011932917e-08	0.9373629785870428	4001	-1.5208767004486632e-05	2.1541733181109593e-08	0.9174690034017068	3972
3	98215950	99373761	1.0764227141539044e-05	6.441019609179124e-09	0.8933047548684739	2043	2.090179539067811e-05	1.1956803140205326e-08	0.8484074719151964	2025
3	99373762	100592216	-1.856317120487514e-05	4.3105498555348244e-09	0.7773768598297397	1340	5.394160992391116e-05	9.894590783032911e-09	0.587624428921357	1323
3	100592217	103084959	1.7353007152463786e-05	1.264506953205938e-08	0.8773596920871793	4019	9.525049199328204e-05	2.5204237447489066e-08	0.5485253901473157	3962
3	103084960	104581612	-2.1424939774056843e-05	1.0088584218073026e-08	0.8310877475955094	3338	0.0002148733485988	2.0312420543350865e-08	0.1316430795509945	3306
3	104581613	106982810	0.0001279345798939	1.4318995025797357e-08	0.2850098063321616	4211	-0.0001743097118	3.5228415690732094e-08	0.3530450428814811	4159
3	106982811	109522394	0.0002608318909083	1.3821857133923094e-08	0.0265144778368134	3974	0.0001290304992777	3.107373246417443e-08	0.4641844253967315	3925
3	109522395	110513769	3.12712383788853e-05	4.976583425654543e-09	0.6575622615464125	1732	4.633274699676553e-06	1.0053661864352885e-08	0.9631437249574109	1711
3	110513770	112815698	5.477341196010691e-06	1.2113175384929451e-08	0.9603081254125644	3544	1.68060855454967e-05	2.763295448982756e-08	0.9194707540354464	3518
3	112815699	113947862	3.673635658227241e-06	5.6946424494041504e-09	0.9611732175329608	1596	-2.758464411537927e-05	1.3771197103726025e-08	0.8141609854007835	1565
3	113947863	115447079	0.0001127650143838	7.877593261549206e-09	0.2039035278654046	1550	-6.524563833959154e-05	2.0647419124207513e-08	0.6497816143407218	1535
3	115447080	116800152	1.0728392985196667e-05	8.617022849170098e-09	0.9079910331091976	2425	7.93275968115178e-06	2.28193257675146e-08	0.958119352902456	2394
3	116800153	118530250	0.0004340643814545	1.9848849926717905e-08	0.0020633232115709	2869	0.0002521239647102	2.5746761104073812e-08	0.1161182601088704	2848
3	118530251	120523054	-0.0002393658197603	1.1746859340822357e-08	0.0272080754079916	3214	-1.24303024415952e-05	3.123443792187371e-08	0.9439278818737394	3178
3	120523055	121974096	-1.0403531112961269e-05	6.68608583164405e-09	0.8987571399719787	2299	-9.095099679282129e-05	1.1805658799635993e-08	0.4025526024446609	2267
3	121974097	123517767	3.706395532577009e-05	7.955998452460047e-09	0.6777525334226954	2305	-5.142075794341796e-05	1.8616781549742177e-08	0.7062736963590607	2263
3	123517768	124936641	5.298383462520551e-05	9.529754055669071e-09	0.5872996127052568	2512	-0.0001090962205769	2.5358391327095113e-08	0.4932859083373632	2480
3	124936642	126214942	6.544009027173855e-05	8.76491741311305e-09	0.4845592731102073	2796	-3.605794881894847e-05	1.8031029233162945e-08	0.7882923626724369	2743
3	126214943	128194860	0.0001924211888543	1.0543353377967474e-08	0.0609340379107003	2939	-6.858811922051703e-05	2.37877239394552e-08	0.6565326322614955	2901
3	128194861	130244734	-0.0001189906399826	8.839496931104701e-09	0.2056536543555005	2690	4.2259830807024e-05	1.9592609804015323e-08	0.7627184936565199	2641
3	130244735	131836515	9.660103481891557e-05	8.338811190470031e-09	0.2901175936345983	2655	8.348060799520439e-05	1.8622739665893532e-08	0.5407126460751305	2623
3	131836516	133252172	-3.235825701396964e-05	8.930820223473025e-09	0.7320465125721429	2678	0.0001625534274379	2.0392945222604442e-08	0.25499586984646	2655
3	133252173	135456905	-3.4896832833450566e-05	1.4018776493666961e-08	0.7681967152442576	3496	1.9839054766013255e-05	3.528099376868732e-08	0.91588300513367	3460
3	135456906	137371082	3.5666563786351196e-05	8.875987271633074e-09	0.7050028398928794	2366	1.031715136517978e-06	1.4196373003193278e-08	0.9930911504456846	2332
3	137371083	139954596	-0.0001977036613716	1.2339232135240437e-08	0.075109071625672	3569	-0.000287802768365	2.87724413265811e-08	0.0897522467474599	3534
3	139954597	141339096	-0.0001253339574623	6.390445092007057e-09	0.1169172479329727	1890	-8.69566598511291e-05	1.5448814756130177e-08	0.4841716423488073	1878
3	141339097	143164627	7.99764525011571e-05	1.1267956498166872e-08	0.4511950556570946	2990	-5.0271197311761365e-05	2.6233414356753013e-08	0.7562730389010148	2948
3	143164628	144410815	7.414083196804301e-06	6.120660223379401e-09	0.9244996933169788	1785	1.854176958763933e-05	1.3620678814303998e-08	0.8737684412249807	1771
3	144410816	145664618	-0.0001341597660557	7.743432752804888e-09	0.1273592379655178	2540	-0.0001402077447974	1.5703698601307448e-08	0.2632050579345234	2502
3	145664619	146726628	-9.49658294403148e-05	6.304963048056195e-09	0.2317020256182959	2002	-4.0995567096152355e-05	1.4585416797177276e-08	0.7342697782666032	1984
3	146726629	149043236	8.054840735396011e-05	1.2731839538151804e-08	0.4753154494472742	3535	6.0160773550211225e-05	3.0570735615840606e-08	0.7307855050811234	3490
3	149043237	150252003	-0.0002023472507062	8.622204939639293e-09	0.0293201498896317	2034	-0.0001852247991708	2.4317367245675524e-08	0.2349148713583447	2008
3	150252004	151348729	-4.980091338556289e-05	5.778603408580199e-09	0.5123856353523036	1517	8.421001940744956e-06	1.54632407026874e-08	0.9460089551784682	1504
3	151348730	153256570	-1.38172203986738e-06	1.129959618048626e-08	0.989629085459682	3250	-5.860971309314296e-05	2.8321721893127257e-08	0.7276412139793399	3193
3	153256571	154714217	-4.0929835339908214e-05	8.174078614355552e-09	0.6507571990548757	2529	-2.4952942736218615e-06	1.7755670644048606e-08	0.9850594044627354	2511
3	154714218	156008699	-4.540641926344121e-05	6.195387697015798e-09	0.5640227405133652	1791	7.369393050751617e-05	1.459335941373053e-08	0.541839247759856	1772
3	156008700	157312027	5.891165177783169e-05	6.91749430612089e-09	0.4787493040261329	2000	1.4405003723243743e-06	1.622791404664432e-08	0.9909777920743206	1985
3	157312028	159477889	0.000214756377303	1.1197671901490498e-08	0.042410648797088	3446	0.0001846519975134	2.2532092037792353e-08	0.2186460501289998	3415
3	159477890	161524503	-0.0001460868891587	8.935130475751012e-09	0.1222324370544394	2832	-4.2745729236930193e-07	2.0230146188000108e-08	0.9976020913867868	2808
3	161524504	163253204	0.0001023267093572	1.3514214368616442e-08	0.3787375346463607	4235	6.128371472802874e-05	2.5327091016606493e-08	0.7001771838206121	4177
3	163253205	165055468	-2.766309864055811e-05	9.58411723264086e-09	0.7775071209344003	3364	-3.11915451111381e-05	1.6686366132257374e-08	0.8091939579377756	3341
3	165055469	167117428	3.638605678688188e-05	1.0813347595519661e-08	0.7264071145909388	3516	1.8294439386874952e-05	2.2719063650634445e-08	0.9033952021428144	3484
3	167117429	168580959	-1.0990183840779288e-05	6.0177305338584735e-09	0.8873379165366556	1889	4.13144708000694e-05	1.3530508678098065e-08	0.7224568119775595	1872
3	168580960	170964908	-5.678483811514209e-05	1.30370841347575e-08	0.61895837780455	3420	-0.0001405212125202	3.4123577801300265e-08	0.4468350271326127	3361
3	170964909	172295730	9.680618738380908e-05	9.156905789397356e-09	0.3117071488841481	2261	0.0003085264767667	2.3741980895925144e-08	0.045250089045078	2239
3	172295731	173477284	-1.6151917802299447e-05	5.791763567520251e-09	0.8319230629535008	1518	-6.726024043576391e-05	1.5479042680575908e-08	0.588774457052694	1502
3	173477285	175116538	0.0001581475132891	1.0942829872451298e-08	0.1305819123000049	3072	0.0001761124264941	2.8348322496204666e-08	0.295566999397048	3037
3	175116539	176320286	-0.0001151011593698	6.316552793447028e-09	0.1475507854691673	2021	3.170410525433035e-05	1.4332128688292248e-08	0.7911437271184367	2003
3	176320287	178107164	0.0002108744448387	1.1313263095672968e-08	0.0474147265740496	2966	-1.8082540049425244e-05	3.032220193160765e-08	0.9172935924032382	2919
3	178107165	179374585	2.283870443839631e-05	7.50863138660509e-09	0.79211357167873	2116	-3.710338116267666e-05	2.0049003806207866e-08	0.793290837314025	2095
3	179374586	181511165	6.659305527282731e-05	9.616527061064484e-09	0.4970882918640177	2439	-3.7658416642171485e-05	1.9733281445211842e-08	0.7886386970690145	2408
3	181511166	183769682	-0.0001711419999781	1.1214699964151197e-08	0.1060770839454155	3104	0.0001762992891025	2.7933766106277183e-08	0.2914993683665255	3060
3	183769683	185068254	-8.992913091368763e-05	8.761808034079697e-09	0.3366855206945064	2066	-8.31035477292311e-05	2.2766937331597776e-08	0.5817939761354252	2029
3	185068255	186890343	0.0001729097192415	1.3613658548183888e-08	0.1383550271866749	2838	0.0002491151616156	4.1063295544471984e-08	0.2189430329696001	2794
3	186890344	188856213	1.6386074571244272e-05	1.3573776788391441e-08	0.8881503255734897	2919	0.0001458585660128	4.104685829668486e-08	0.4715663532731328	2878
3	188856214	190226606	0.0001253914410741	1.2114186213097333e-08	0.2545969999933229	3045	8.450704298752887e-05	3.2680684654073685e-08	0.6401685883968782	2986
3	190226607	192343813	-9.392121793794674e-05	1.4502009050772069e-08	0.4354384174442638	4210	0.0001528423971261	3.4673958479195334e-08	0.4117550516824717	4172
3	192343814	194059670	-4.662208197139848e-05	1.1540136919617424e-08	0.6642910148051616	2839	-1.667550114714011e-05	3.0110672222360785e-08	0.92344198057597	2791
3	194059671	194786673	-3.0212413272442775e-05	8.50428117251366e-09	0.743201162627289	1955	-0.0001321016998656	2.4187791721221612e-08	0.3956608862742558	1932
3	194786674	195971407	6.881928724193948e-05	8.301121560626891e-09	0.4500457347079165	1860	0.0001483295315242	2.065454658473589e-08	0.3020274844160049	1781
3	195971408	197075986	-0.0002448689015517	6.902709200837999e-09	0.0032056555829378	1870	-7.327913325446592e-05	1.6702462818112153e-08	0.5707079652869348	1822
3	197075987	197946621	-1.1986438803653403e-05	4.567599515036994e-09	0.8592286771013048	1190	-7.918449458451372e-05	1.1968551992572566e-08	0.4691877465854771	1152
4	10240	694714	5.428682942390543e-06	1.4882174876991035e-09	0.8880897495897586	706	2.4870582662522757e-05	3.522012868837789e-09	0.6751622114715785	690
4	694715	1478710	-6.530586406885287e-05	4.140516591475549e-09	0.3101516456286091	1404	-0.0001944887488138	1.0891124487777746e-08	0.0623746294251525	1344
4	1478711	2842978	8.932250956517792e-06	4.678406356961831e-09	0.8960991723687777	1668	4.3607963419377395e-05	1.2296780435215736e-08	0.6941339313916245	1635
4	2842979	3846039	8.769376432288905e-05	4.289252243685034e-09	0.1805733404389125	1208	5.347056065464877e-05	1.2931374368303912e-08	0.6382045770593425	1191
4	3846040	4684115	-0.0001087809514949	4.678633195361222e-09	0.1117554051759065	1270	-2.648365198510012e-06	1.4295489950064556e-08	0.9823281140732596	1262
4	4684116	5502387	5.611744862088043e-05	7.364228583989442e-09	0.5131539697081945	1746	-0.0001795497614604	2.4049660013622e-08	0.2469491274692317	1724
4	5502388	6773042	5.8679479619666064e-05	1.3781813945795851e-08	0.6171860776778162	2776	0.0001882954177373	4.5775976804776966e-08	0.3788173016223383	2738
4	6773043	7539691	-8.778167567761089e-05	8.411224894291035e-09	0.3384979554721002	1917	-0.0002795567142744	2.646552329804807e-08	0.0857197709817307	1877
4	7539692	8152234	-1.301737540611652e-05	7.244700330739498e-09	0.8784477769111764	1629	-3.993124727343173e-05	2.2518846993111573e-08	0.7901645891537066	1600
4	8152235	9326478	2.785985943360338e-05	4.30296475185613e-09	0.6710462821957344	1083	6.050181929037632e-05	1.3678357748998158e-08	0.6049392912414333	1061
4	9326479	10699151	-7.688952940668388e-07	7.89214555217927e-09	0.9930943541986178	3003	-6.15277091774469e-05	1.9786338046331532e-08	0.6618145256505774	2917
4	10699152	12323033	-2.5929147120987063e-05	9.794499506560565e-09	0.7933233880730465	3435	0.0002608669353899	2.6082199075627236e-08	0.1062507830505508	3380
4	12323034	14272000	-3.721066347283881e-05	1.0355255866190226e-08	0.7146128019172836	3618	-7.351857056466834e-06	2.860977552070489e-08	0.9653308525067924	3593
4	14272001	15147445	3.991295106134605e-05	5.842912936882633e-09	0.6015626734219566	1636	-0.000106658945413	1.7282063547958176e-08	0.4171740931941772	1615
4	15147446	15927008	0.0001073886179798	3.7155765204936563e-09	0.0781109505868657	1276	-0.0001399840655707	1.060627883917264e-08	0.1740696221109768	1256
4	15927009	17383321	5.357504918769575e-05	9.646244079640729e-09	0.5854194394543184	2736	-1.5838135047412075e-05	2.966002877080655e-08	0.926726574043062	2705
4	17383322	18841873	2.4915970345181045e-05	6.7102258143858754e-09	0.7610021888653129	2383	2.479688494136392e-05	1.6776546573695643e-08	0.848176340248446	2351
4	18841874	20544556	0.0002021215388651	8.327054112159106e-09	0.0267624548405917	3414	0.0001681167884255	2.072404198925463e-08	0.2428816089063993	3368
4	20544557	22319346	-2.305808078958191e-05	9.841521235277345e-09	0.8162041095145489	3381	0.000201142576601	2.6864924249134123e-08	0.2197518334901685	3344
4	22319347	24135528	-0.0002655223791165	9.125201795341025e-09	0.0054428479059417	2997	8.757444011157059e-05	2.6287405690298853e-08	0.5891029180116503	2970
4	24135529	25609321	6.734105038949205e-05	9.446251040120354e-09	0.4883927529330836	2479	-0.0001364048277534	2.8213764167576652e-08	0.4167452877268399	2436
4	25609322	27343721	-0.000280692341375	9.4704496419323e-09	0.0039224485736131	2356	-0.0002866546403698	3.0038154971203765e-08	0.0981376928863567	2329
4	27343722	27965867	-1.4041221571495284e-05	3.785547734481036e-09	0.8194805946418955	1214	-0.0002189204570952	1.1382474606191721e-08	0.0401739583699731	1200
4	27965868	29762207	0.0001022367767171	1.0153454086402237e-08	0.3102905387817529	3772	0.0001267256291093	2.7357623643780173e-08	0.443575022259556	3727
4	29762208	30454534	6.705050205291657e-07	2.829874136408129e-09	0.9899434958669244	1053	-0.0001427367635893	7.541814996570476e-09	0.1002574651907542	1047
4	30454535	31782980	0.0002660580968728	1.0304185292416451e-08	0.0087668181071846	2525	-3.199407061076738e-05	2.0514828622411324e-08	0.8232432649108129	2498
4	31782981	33172765	-8.442344874927442e-05	6.7911766889903264e-09	0.3056229899868252	2937	-0.0001274854130758	1.6289105431079682e-08	0.3178544295746889	2919
4	33172766	35151414	0.0003467495267722	6.109617625076497e-09	9.157058164127002e-06	2675	0.0003430551341911	1.1761244077043765e-08	0.0015600355161514	2640
4	35151415	36020435	9.003249184602226e-06	5.477387071747049e-09	0.903176115432636	2197	1.8599121489344615e-05	1.1157082816378836e-08	0.8602288401248995	2176
4	36020436	37255046	-1.4080060237756002e-05	7.378119496843305e-09	0.8697942040465098	2842	-0.0001185817041323	1.915199991808268e-08	0.3915214411633271	2810
4	37255047	38907021	1.349691690232674e-05	1.4632327277453029e-08	0.9111581594806064	3598	-9.047893752801416e-05	4.5877064559060534e-08	0.672714784702738	3550
4	38907022	40202608	6.708390431226992e-05	6.908856793806519e-09	0.4196218391689393	2364	-0.000141149526872	1.849906462528239e-08	0.2993733299754012	2312
4	40202609	42213057	0.0002100389533987	1.3374765532990961e-08	0.0693441322020323	3553	0.000713593377874	3.9017899817382774e-08	0.0003031519774348	3496
4	42213058	43965044	8.632101603939834e-06	9.092414213211321e-09	0.9278686363992056	3247	-0.0001419210437159	2.4242071915563652e-08	0.3620261761432722	3210
4	43965045	45189156	-2.081809394825932e-05	6.160281248118878e-09	0.7908237946399954	2568	8.113162065844055e-06	1.508695283861777e-08	0.947336012554514	2537
4	45189157	47411895	-0.0001269216526905	7.23960876376249e-09	0.1357807996694022	2823	-0.0003300938523071	1.7648609611223834e-08	0.0129643508778562	2794
4	47411896	48123599	1.8331716102136025e-05	3.148921188096366e-09	0.7439101105920282	1229	3.4342664120768766e-05	7.983658937719338e-09	0.7007150471731716	1213
4	48123600	53877432	-2.591773857942887e-05	5.451618243384776e-09	0.7255718130087151	2343	-3.5364967483679266e-05	1.3121945594025968e-08	0.7575294554606259	2316
4	53877433	55429555	0.0001456289077453	6.9958771476244125e-09	0.0816640914555844	2399	-6.156473626312704e-05	1.9592716330146435e-08	0.6600603481571321	2369
4	55429556	56547643	5.357772128507319e-05	5.537054434668346e-09	0.4715123935950307	1996	-0.0001452087272669	1.3557648836136768e-08	0.2123616233104569	1967
4	56547644	58935007	-3.234419382464106e-05	1.6036523839990514e-08	0.7984049416073056	4687	2.3035379991853503e-05	4.7727613568072454e-08	0.9160256905051188	4620
4	58935008	60741086	8.009025342502334e-05	8.961778688417433e-09	0.3975394892320982	3830	-7.952237972673057e-05	2.1621181953408103e-08	0.58863431007989	3780
4	60741087	62371762	-3.8665557254545415e-05	7.615753178347564e-09	0.6577184255414723	3046	-1.1557261233128933e-05	1.9557260545715625e-08	0.934136189141104	3000
4	62371763	64341000	-3.1469251749044245e-05	8.712929227446598e-09	0.7360148520671517	3313	-0.0001336709267486	2.0279332035204684e-08	0.3479033110251412	3258
4	64341001	66600491	0.000231335794238	9.9982931149846e-09	0.0206921225827739	3999	-0.0001485654095494	2.4625119978765674e-08	0.3437737264115962	3954
4	66600492	68059496	2.5753601850179346e-05	6.691384964638138e-09	0.7528886078644479	2531	3.023376823521317e-05	1.7771849564220372e-08	0.820586201666244	2512
4	68059497	68854764	4.241297578666039e-05	3.95957071092251e-09	0.5002967143291563	1481	-0.0001088441409621	1.0271494333183985e-08	0.2828404606817492	1471
4	68854765	71049151	-4.416466118097979e-05	1.0296832537277648e-08	0.6633923941192618	4499	-4.6217213834771845e-05	2.2870773077661652e-08	0.759903868240436	4424
4	71049152	72140557	-5.209707713374734e-05	4.167495660385713e-09	0.4196640793383813	1669	4.003020241112415e-05	1.0637496138662912e-08	0.6979258725057871	1647
4	72140558	74592389	7.036816583494166e-06	7.222731781972667e-09	0.9340113042867354	3079	0.0003946622309821	1.8651372301008708e-08	0.003854675394273	3056
4	74592390	77130706	-5.9778739629375e-05	9.932749282799581e-09	0.5486344187636167	4082	-7.356613061566955e-05	2.525654030581839e-08	0.6434331416806334	4025
4	77130707	79093978	-3.4656278094567456e-05	1.022847122355762e-08	0.7318464543555145	3588	2.433687781228186e-05	2.4675730261270137e-08	0.8768780962065498	3555
4	79093979	80990296	0.0001261365147214	7.897163787645156e-09	0.1557820008130134	2946	0.0003410833958199	2.2099916597433546e-08	0.0217687074646955	2924
4	80990297	82125314	-1.1688279513092383e-05	3.578675665460342e-09	0.8450921926886105	1276	1.1792666427749336e-05	9.963417459865293e-09	0.9059543840300815	1264
4	82125315	83372592	6.940177771449978e-05	5.646355575682252e-09	0.3556917797022804	1935	1.669705071447853e-05	1.5803077967438106e-08	0.8943344188142768	1910
4	83372593	84799655	9.316663443994483e-06	6.853660777327298e-09	0.9103968595369412	2453	-7.296156391550255e-05	1.8480141942432732e-08	0.5914664140891017	2418
4	84799656	86930608	4.4805116525952145e-05	7.557766604541836e-09	0.6062847595751755	3182	5.101643087048938e-05	1.8451442913239573e-08	0.7072340181642025	3154
4	86930609	87534647	-4.686621566970312e-05	1.8010179118546891e-09	0.2694478079855934	674	-6.853045833731634e-05	5.0274633496021565e-09	0.3337858977857243	666
4	87534648	89238027	5.5349765346600475e-05	8.827938919093838e-09	0.5557968306985066	2967	1.5238854342851908e-05	2.4342911757544065e-08	0.9221934688288848	2919
4	89238028	90231563	2.614586997176265e-05	5.045426216453479e-09	0.7128060334015874	1573	3.0902156439911274e-05	1.4741073674511637e-08	0.7990928074764092	1561
4	90231564	91560676	-0.0001455505043185	5.191844146401519e-09	0.043382653405485	1858	7.920671331476414e-05	1.4473339567300696e-08	0.5102930220767081	1844
4	91560677	94233298	-2.4554738972188816e-05	1.00105667202951e-08	0.8061329782229545	3520	3.329582923266567e-05	2.7555316042718478e-08	0.8410271748116507	3489
4	94233299	96182187	0.0001499312036644	8.373991027607555e-09	0.1013336842070264	3032	4.0262762836396734e-05	2.1887445951121404e-08	0.7855077979642342	3008
4	96182188	97540702	0.0001165925066278	7.3661200294812115e-09	0.174313413665617	2588	0.0001282666289623	1.798557108649399e-08	0.3388568416007338	2570
4	97540703	99424066	1.1304362567282143e-05	7.6652183983258e-09	0.8972649800194844	3034	8.779554277564154e-05	1.4015668033053409e-08	0.4583340228321901	3011
4	99424067	100678359	1.741351418543211e-05	6.283346003226769e-09	0.8261202178381688	2172	3.0272469485409683e-05	1.7157942231508278e-08	0.8172307885233951	2145
4	100678360	103221355	6.701476771634469e-05	1.6411189882407456e-08	0.6008914549704432	4381	0.0002336410542776	3.095126824034138e-08	0.1841661287038584	4342
4	103221356	105305293	-0.0003802365614517	7.191096981194631e-09	7.328966172773156e-06	2683	-0.0002813171741043	1.5295788813134694e-08	0.0229282782584146	2661
4	105305294	107501304	2.4721440660361458e-05	7.666194598513038e-09	0.7776771117909168	2944	0.0001022268336358	1.9528270874748727e-08	0.4644545896010063	2920
4	107501305	108815347	-3.623396764774782e-05	4.873780217341655e-09	0.603747770712088	1769	-7.785043801519183e-05	1.2823435937137586e-08	0.4917815075467883	1738
4	108815348	111256566	0.0002391149888461	1.0971040329321684e-08	0.0224374962653574	3799	2.8872288737955217e-05	3.0495193320018254e-08	0.8686800970059938	3757
4	111256567	113870101	0.0001454262035617	1.1164215429456144e-08	0.1687136182218979	3538	-9.79957060770873e-05	2.7202548097523595e-08	0.5524061629825241	3494
4	113870102	115666245	-0.0001171624210033	8.683551932281221e-09	0.2086442708746752	3046	-0.0001000747464286	2.2015099471416515e-08	0.5000110372513502	3011
4	115666246	117276928	-2.203556224188435e-06	6.1490398691250805e-09	0.9775816632485816	2731	1.8948854242478534e-05	1.4282758904860324e-08	0.8740203593094804	2699
4	117276929	118479917	0.0001524463402566	7.756133445996537e-09	0.083453684840225	2373	-5.388200461481229e-05	1.6836688881559132e-08	0.677954868169365	2351
4	118479918	119933511	-0.000123326324666	6.782120523519035e-09	0.1342576414639668	2590	-2.6114838757246347e-05	1.7100554577634243e-08	0.8417137081724548	2575
4	119933512	120392683	-9.462059214470143e-06	2.3638664279724815e-09	0.8456951014461619	927	-2.5910384078628782e-05	4.944286485538506e-09	0.7125102212944088	918
4	120392684	122657986	9.30145999048362e-05	1.2560723759141105e-08	0.4065758482473185	4548	4.499046237937007e-05	3.3755446261298147e-08	0.8065514379945469	4481
4	122657987	124286480	-6.045933441174538e-05	5.835802843082126e-09	0.4286925273080113	2247	2.7409653349050715e-05	1.4308317099450426e-08	0.8187566783040284	2219
4	124286481	125210861	8.212261171072347e-06	5.039887340040457e-09	0.9079074118290984	1600	-1.240063914849249e-05	1.4596770472279574e-08	0.9182488756849148	1577
4	125210862	126480885	-2.203558016251876e-05	8.24394464503897e-09	0.8082433579886402	2369	-4.859953219326652e-05	2.5519505129104392e-08	0.7609559114082403	2341
4	126480886	127275476	-9.95307813685495e-06	4.7338838753197154e-09	0.8849792821082045	1619	8.248155495938728e-05	1.3369171844660162e-08	0.475627252353056	1612
4	127275477	127830292	-3.3761694674328434e-05	3.2059681899384564e-09	0.5509933336779131	1097	-1.7681091379943525e-05	8.843191591811423e-09	0.8508608022744214	1082
4	127830293	128996664	-5.419676634196026e-06	2.4452646901690595e-09	0.9127266341581484	951	2.245778338697946e-05	6.201990636822522e-09	0.7755151607053447	950
4	128996665	130591884	4.346871331381457e-05	6.908787781379625e-09	0.6009958991967131	2283	6.966462152516898e-05	1.9535138435052368e-08	0.618181108365716	2264
4	130591885	131283820	-9.977224133776963e-07	2.5524548451379934e-09	0.9842441249538152	1068	-0.0001044650396331	6.4416898848162366e-09	0.1930597952745134	1063
4	131283821	132954032	2.94978567642083e-06	6.976746213567463e-09	0.9718282519883564	2662	-2.986203559553804e-05	1.884100240708739e-08	0.8277764984399034	2647
4	132954033	134628433	1.493489997793636e-05	7.189372611229829e-09	0.8601843295025259	3159	4.559191176424273e-05	1.6744409393834655e-08	0.7245888071383929	3138
4	134628434	136566406	9.59726990020756e-05	8.392172113311456e-09	0.2948062292547121	3286	-0.0001427985219364	2.124849044283064e-08	0.3272714697518929	3257
4	136566407	138541970	-5.1706933477467995e-05	1.0887071982889804e-08	0.620207303131654	4056	-0.0001506334313275	2.9142377821588436e-08	0.3775678095686865	4018
4	138541971	139556510	-7.172934143272039e-06	6.031237929647456e-09	0.9264103819246068	1931	7.784798670283398e-05	1.7824110372379923e-08	0.55982561087598	1916
4	139556511	141084630	-8.805356666664655e-05	1.3644243258106524e-08	0.4509525498003353	2240	-0.0001078447847793	2.9209217924381548e-08	0.5280311911687712	2211
4	141084631	143443264	0.0002024217263252	1.0091955856138843e-08	0.0439073701727655	3580	0.000365547263472	2.8048770894735373e-08	0.0290606613822261	3548
4	143443265	146178186	-3.729549084813829e-05	7.967038434551037e-09	0.6760656098117548	3335	-6.367703216226328e-05	1.6655165167554465e-08	0.6217226012058528	3307
4	146178187	148521872	0.0001257426146236	9.617792595163785e-09	0.1997838751516162	3139	-0.000184796788638	2.7089715022576887e-08	0.2615336501760219	3108
4	148521873	150683579	-1.3404785718769777e-05	7.605825535192624e-09	0.877842704682627	2688	-4.933900653188062e-05	2.1093918264489592e-08	0.7340729038239329	2651
4	150683580	152782183	-5.906375379314419e-05	6.475636376569861e-09	0.4629654680314897	2434	-0.0001197447606674	1.645162109306967e-08	0.3505198851216428	2402
4	152782184	154477640	0.0002181898539091	8.691117288018192e-09	0.0192612458808624	2314	-0.0001624029132204	2.7465586973436e-08	0.3271158618682526	2297
4	154477641	155056125	7.529902103926688e-05	3.3345052429523604e-09	0.192237640228459	1144	-0.0001070140702407	9.282385927383448e-09	0.2666817547246335	1135
4	155056126	157485096	2.5235759781459852e-05	1.4169234973037649e-08	0.8321042456333552	4533	-0.0001578618512391	4.2382495503401796e-08	0.4431985203289373	4464
4	157485097	158743717	-1.7776655111448264e-05	5.227730041744604e-09	0.805788157751531	1976	-0.0001014296684929	1.4090750893286367e-08	0.3928434065821884	1957
4	158743718	161058863	-0.0001063260107512	7.946222502070318e-09	0.2329568244849754	3197	0.0001976339238085	1.9418283096860408e-08	0.156114656228441	3152
4	161058864	161826434	-3.595573189437176e-05	5.662269483170273e-09	0.632771635194759	1762	-0.000189305740683	1.709341774000407e-08	0.1476349831088458	1720
4	161826435	163243678	-5.295451334745528e-05	9.854195242668788e-09	0.5937232355896269	3697	-0.0004202652973296	2.5583594283859556e-08	0.0086014801965936	3657
4	163243679	164478233	5.6814562641062614e-05	5.3942468516263565e-09	0.4391907658230174	1973	-2.188593212563816e-05	1.5178468180824642e-08	0.8590023961224009	1952
4	164478234	165823447	0.000167081612013	7.695974796499756e-09	0.0568360469216892	2706	0.0001778237298202	2.1650997294692555e-08	0.2268506018368338	2672
4	165823448	167018857	3.671440636397832e-05	7.0733616695338505e-09	0.6624453239508507	2251	0.0001184291885472	2.0142566201436185e-08	0.4040263317887808	2232
4	167018858	167852916	-1.971303419312238e-05	3.529392105869441e-09	0.7400246267021923	1469	2.8336406997256417e-05	9.656466558401087e-09	0.7730708557363849	1464
4	167852917	169676824	2.452124671800414e-05	9.554351084870284e-09	0.8019176477671792	3208	-0.0002079646545965	2.7366077841208196e-08	0.2087033590076636	3180
4	169676825	170776509	8.795316529366355e-05	4.1282107534303635e-09	0.1710316988011034	1473	0.0001035615453844	1.119154232655906e-08	0.3276124362926599	1457
4	170776510	172558634	-5.375413039834259e-05	7.546827610429728e-09	0.5360675350224462	2900	-1.5586379706325585e-05	1.9526316940447394e-08	0.91118724287955	2862
4	172558635	174264131	2.615996899582204e-05	5.573550451965332e-09	0.7260341920956502	2041	-0.000148180667005	1.532096903449961e-08	0.231248246813794	2034
4	174264132	176570715	3.51086024708112e-05	1.2217597700253666e-08	0.7507661047015307	3635	-1.3272216319841154e-05	3.597248020520756e-08	0.9442115889730456	3604
4	176570716	178991909	-9.237181146578476e-07	1.4072729032374853e-08	0.9937872200655112	4556	-5.633206972122883e-05	4.0920209519354766e-08	0.7806474723585056	4494
4	178991910	180122042	-4.77954805228482e-06	5.845160337403864e-09	0.950152214684948	2111	7.446982855773655e-05	1.6310930657414028e-08	0.5598278438260778	2091
4	180122043	182066806	8.471947143243013e-05	1.7549490444039438e-08	0.522487722599397	4721	0.0004238252940318	5.3968233260031235e-08	0.0680930766076088	4661
4	182066807	183371274	0.0001330583737162	1.4504851448223174e-08	0.2692441626072654	3163	0.0001996258169981	4.806749995217821e-08	0.3625467371128161	3111
4	183371275	184929454	2.646685257513835e-05	1.2209380869168518e-08	0.8106965341110443	3032	-0.0001904737946538	3.8609681217858344e-08	0.3323633413363904	2985
4	184929455	186909089	4.711088286370136e-05	1.6217468072075826e-08	0.7114281963293015	4219	-4.072554006700009e-05	4.5889421559577116e-08	0.8492210136666355	4153
4	186909090	188472980	0.0001307644712147	1.3086035602758193e-08	0.2529954479064882	3171	4.9637877874299126e-05	4.2353859459963436e-08	0.8094046703044253	3107
4	188472981	189693510	8.685999127297149e-05	1.2655579508473015e-08	0.44004971604651	3244	0.0001052204064289	3.9636814690434263e-08	0.5971476097829357	3179
4	189693511	191043593	9.419944715145331e-06	7.891432227468956e-09	0.9155504763137868	2631	5.500542993485327e-05	2.1451723407072573e-08	0.7072471583698665	2578
5	11940	982251	2.2147030306004437e-05	3.7891289983562406e-09	0.7190062165479258	1332	1.9694242402628696e-05	8.512157169674008e-09	0.8309670519472948	1273
5	982252	2132441	-6.592130655597301e-05	1.1053828362130389e-08	0.5306574302316189	2423	0.0001889559206363	3.516971805270657e-08	0.3136600089178728	2355
5	2132442	3361940	8.674609721145145e-05	1.4153377634034344e-08	0.4659068140071826	3408	1.774077210359584e-05	4.4104017418250924e-08	0.9326779683824123	3375
5	3361941	4632109	0.0001380887026512	8.271574530852748e-09	0.1289330936897716	2491	8.069344893123615e-05	2.2884046924130442e-08	0.5937406928084132	2469
5	4632110	5973232	0.0001128083080458	1.1054078982350162e-08	0.2832931960437661	2818	8.873051825575682e-05	3.2888720642461005e-08	0.6246498070285409	2785
5	5973233	7143217	-4.188154633220197e-05	9.901918410491518e-09	0.6738393503870518	2578	0.0001449757018073	2.9437638065145538e-08	0.3981249285822232	2554
5	7143218	8446335	8.649120269262298e-07	8.953050713191405e-09	0.9927067613044412	2691	-2.311451492650734e-05	2.5588369649108263e-08	0.8851068048198043	2646
5	8446336	9718831	-5.233284614939096e-05	8.598327567395408e-09	0.57249930820395	2618	1.0542567137414829e-05	2.3364097839988357e-08	0.945012027550678	2522
5	9718832	11173270	4.046953666908753e-06	1.1100533590740117e-08	0.9693599420157272	2835	2.215074037791103e-05	3.353767900005399e-08	0.9037271372209368	2813
5	11173271	13464831	-3.46501961790681e-06	1.0416780048681013e-08	0.9729170735182228	3233	8.507703566640368e-05	2.651609882602028e-08	0.6013463308597725	3205
5	13464832	14757803	0.0001061111298427	7.97627985499871e-09	0.2347856609730332	2280	-5.857169531219533e-05	2.2493409742059452e-08	0.6961408562188296	2269
5	14757804	16963612	9.219466527760116e-06	1.0300800273021436e-08	0.927620859008687	2882	0.0003631290390343	2.8497059660488816e-08	0.0314681690418199	2847
5	16963613	18051591	1.8819541898007773e-05	5.504730704972401e-09	0.7997631934346109	1508	-6.82052650631477e-06	1.6145669184483274e-08	0.9571923461274494	1464
5	18051592	19917715	2.097721119038835e-05	1.0292284564564426e-08	0.8361878762057812	3574	-6.418490144940114e-05	2.5606010200795266e-08	0.6883402047444045	3521
5	19917716	22152072	2.6283201010922053e-06	8.212434651454605e-09	0.9768622314754224	2750	-9.057784515873874e-05	2.0721115299838855e-08	0.5291928002665709	2710
5	22152073	23494323	-4.945088972979449e-06	5.658354159784541e-09	0.9475849046021552	2118	4.50546328530194e-05	1.3420777362397478e-08	0.6973417249373876	2101
5	23494324	26184850	-7.070782449081881e-06	1.4958785152283414e-08	0.9538982396951982	5063	-0.0001407678237459	3.7006465806392134e-08	0.464319259114783	5005
5	26184851	26857603	1.821990269083536e-05	3.643992020045678e-09	0.7627843405842355	1245	3.210769702592828e-05	8.627163500558166e-09	0.729582684825665	1231
5	26857604	27984512	-3.3440463150821086e-05	4.930504459715821e-09	0.6339028303197741	1784	-2.4559485211970473e-05	1.2467196744576742e-08	0.8259058012336125	1764
5	27984513	29714819	4.022745289487276e-05	9.27110841588606e-09	0.6761016023931127	3350	-4.432321990988103e-05	2.2295549152219373e-08	0.7665887735597269	3305
5	29714820	31390248	2.8609206450579674e-06	9.955410257882118e-09	0.9771252273603932	3191	-3.094162204036683e-05	2.4877767816968e-08	0.8444754185940311	3158
5	31390249	33500179	0.000168206669811	1.3893674609627389e-08	0.1535697817896744	3576	0.0001693354885654	3.983878387618419e-08	0.3962214538170954	3521
5	33500180	35048969	-2.3797672369473448e-05	9.221804813423221e-09	0.804278021862892	2606	-0.0001403190988764	2.6292122676225323e-08	0.3868334163219287	2574
5	35048970	36433953	3.680632794337078e-05	6.987550751770105e-09	0.6597115309121494	2130	-4.227751295660518e-05	1.9709464825683095e-08	0.7633058530971341	2116
5	36433954	38802409	2.837260293574155e-05	1.209702645129408e-08	0.7964343413226446	3344	-9.983634491122894e-05	3.221784630259808e-08	0.5780658792130122	3304
5	38802410	40287728	1.352523838095086e-05	8.245894123811526e-09	0.8815969992433211	2627	2.5845973855098245e-05	2.1888733114503283e-08	0.8613186290172433	2600
5	40287729	41888709	-3.320679593291145e-05	7.849022432683375e-09	0.7077966294454299	2936	-0.0001000415171619	1.8880018292363408e-08	0.466564654367988	2896
5	41888710	43983498	2.1300519492816696e-06	6.343874110388149e-09	0.9786645791633708	2536	-0.0001447165432441	1.3903572457005062e-08	0.2197053497701171	2498
5	43983499	50163397	-9.269606950024042e-05	6.986249552392654e-09	0.2674216710475389	2740	-0.0001888485364016	1.4107169249517456e-08	0.111837643378575	2711
5	50163398	52134621	1.1140147408480757e-05	8.993025659361114e-09	0.9064852470241096	3068	-5.913048106750623e-05	2.3299787125584895e-08	0.6984760693646743	3031
5	52134622	53703043	9.237958613544528e-05	9.710366839443014e-09	0.3485159438898035	3120	0.0001361368648793	2.5675724852100278e-08	0.3955476374174855	3077
5	53703044	55417348	-1.735498914659449e-05	9.646080305868936e-09	0.8597400904178115	3035	3.597822385394476e-05	2.196701281993048e-08	0.808201245386977	2998
5	55417349	56621101	-6.548029108571603e-05	8.131759564677572e-09	0.4677550241744612	2100	9.17032927294854e-05	2.2752714059836823e-08	0.5432202067216123	2080
5	56621102	57340072	-4.7018856653869555e-05	4.070534685690108e-09	0.4611441792969565	1197	-7.179173487966375e-05	1.0998135091110044e-08	0.4936182281280763	1194
5	57340073	58524621	-8.003705515967864e-05	8.786389869679187e-09	0.3931834397446599	2603	7.577560170255296e-05	2.4205461094025212e-08	0.6262235611178841	2567
5	58524622	60935906	-2.3803452796831228e-05	1.0899491787387928e-08	0.8196454296679102	2993	-0.0001079690097835	2.2428600541083363e-08	0.4709475463543776	2952
5	60935907	61672994	7.722162985390089e-05	3.300804616060563e-09	0.1789185801957165	984	3.597372021624146e-05	9.425320818244874e-09	0.7109787898824258	977
5	61672995	63218986	0.000132439299712	7.523086091275471e-09	0.1267786530999057	2609	-7.334679445333347e-06	1.9045611814654963e-08	0.9576143041165276	2576
5	63218987	63968303	-1.5258215920140929e-05	2.5396479107993042e-09	0.7620629372889267	877	-3.026816403646443e-05	5.322734967953328e-09	0.6782324381636338	871
5	63968304	65911285	2.2819729653531225e-05	8.688486021180647e-09	0.80659949659355	2871	-2.6116824210369323e-06	2.1915778938953533e-08	0.9859246421676732	2834
5	65911286	67850859	5.0763285562281485e-05	1.0837158172028754e-08	0.6258106687447405	3025	-0.0001409980363483	3.1777498711519416e-08	0.4289687277724583	2984
5	67850860	71240455	-1.308819609460878e-05	6.728124562077566e-09	0.8732251568356364	2244	5.817095503493622e-05	1.7033620621396274e-08	0.6558064949130054	2202
5	71240456	73759325	0.000149492021052	1.4082845041390878e-08	0.2077716559955145	4094	1.506449573769302e-05	3.6697334070403454e-08	0.9373198583980727	4068
5	73759326	75798865	-1.918646348137251e-05	1.0185091874395373e-08	0.8492203635165644	3258	8.445970013593044e-06	2.6383804515562052e-08	0.9585308417613252	3204
5	75798866	77623331	-4.65910947189911e-06	1.0753779201080146e-08	0.9641642639460402	3001	-0.0001305223643141	2.8483598112027975e-08	0.4393032431338672	2965
5	77623332	79393143	-0.0001144271716171	9.4427392935934e-09	0.2389751805104598	2698	-0.0001413052809764	2.5918937866740564e-08	0.3801024917077121	2663
5	79393144	80481470	-8.682071057915116e-06	9.061254454587486e-09	0.927327945775301	2271	-0.0001017198221119	2.388830018574773e-08	0.5104533537321181	2238
5	80481471	82025647	3.641129601873254e-06	7.875709093712336e-09	0.9672727486240852	2029	-4.93259374085569e-06	2.3176965972794237e-08	0.9741529407815244	1998
5	82025648	83972688	2.843753283097448e-05	9.553079882819012e-09	0.7710886126379062	2417	0.0002058617195486	2.6328272814731425e-08	0.2045423795540041	2401
5	83972689	85767289	3.897923590795827e-05	1.1479058073794212e-08	0.7159964146875413	4163	4.428697211595103e-06	2.5259689067169064e-08	0.9777696730391616	4109
5	85767290	87389990	1.7974127375947183e-05	4.55946069397319e-09	0.7900931953069409	1442	3.66214135203556e-05	1.0985927678938377e-08	0.7267927565163692	1422
5	87389991	88891529	0.0002460813600591	2.087407023219523e-08	0.0885236770985746	1228	5.1252039055196255e-05	2.043105846708029e-08	0.7199218806166787	1218
5	88891530	90422653	0.0001369003404789	6.651615848750353e-09	0.0932347530528208	1644	0.0001641780633898	1.654716805869713e-08	0.2018489497881078	1628
5	90422654	91840541	0.0001883253029807	4.999566162135051e-09	0.0077346772207467	1638	0.0001741886080533	1.2507364666318914e-08	0.1193443445584401	1621
5	91840542	93809983	0.0002547089319977	7.748297906550251e-09	0.0038083259995448	1546	-0.0002876031703695	1.3319120363945949e-08	0.0127009909751222	1535
5	93809984	95963518	-2.034081289903688e-05	9.787662862895904e-09	0.8371012717411344	2792	0.0001145847757817	2.6435483421465708e-08	0.4809676410425285	2767
5	95963519	97315600	5.751980031790316e-05	6.893972381232181e-09	0.4884603821344369	2668	-8.881647828847629e-05	1.4624095626215936e-08	0.4626778154593861	2636
5	97315601	99260991	-7.738388999155232e-06	9.123467445405832e-09	0.9354292582822048	3256	1.468859854129526e-05	2.2449559934821868e-08	0.9219053451448368	3221
5	99260992	101578768	-2.0450857563943267e-05	8.751185653179863e-09	0.8269507051265237	3221	-1.821321427054327e-06	2.0925614165993653e-08	0.9899543954609856	3180
5	101578769	103320004	8.59955444522694e-05	7.304438611038446e-09	0.3143213603682439	2445	-3.2597838095392395e-06	1.5482970016479874e-08	0.9790997226810144	2424
5	103320005	104851482	0.0004889630399543	1.0403065737482614e-08	1.6351229329144614e-06	2486	9.509973101440417e-05	1.9110484687402765e-08	0.4914976730386645	2447
5	104851483	105893054	-1.9429054656809925e-07	4.1510239554029655e-09	0.9975939012171108	1315	0.0001195704773318	1.0619074473106937e-08	0.2459154438365776	1302
5	105893055	107264195	0.0002371961572348	1.4882866683242216e-08	0.0518587036042569	2446	0.0001109359045188	2.8103633603522066e-08	0.5081344422152043	2421
5	107264196	108633933	-0.0001043472988264	7.715080395703727e-09	0.2348392912425315	2483	5.129813405257488e-05	2.005663705420956e-08	0.7171875826466182	2463
5	108633934	110821143	-0.0002101448750161	9.549082282522562e-09	0.0315162579104761	3198	-0.0001118672814999	2.4581892669072622e-08	0.4755349417178965	3166
5	110821144	111981561	4.774666463959641e-06	7.237787851251931e-09	0.955243900030928	2046	4.817160469244366e-05	2.06209957527643e-08	0.7372807034476843	2031
5	111981562	113396284	-5.372116172759278e-05	8.748535575051927e-09	0.5657300059339239	2691	-6.381770141654078e-05	2.26423430806684e-08	0.6714841958501663	2660
5	113396285	114830369	-4.032562905961638e-05	9.09129823291719e-09	0.6723465427342249	2766	-7.497948859065016e-05	2.3227705334571013e-08	0.6227399915443753	2742
5	114830370	115831046	-1.6342077984770277e-05	6.896494783090114e-09	0.8439954063637772	2093	-1.891429935949078e-05	1.6708195679081417e-08	0.8836629828609988	2076
5	115831047	117346212	2.2469271003590887e-05	9.613498153315241e-09	0.8187406872123665	2839	0.0001834532219997	2.5709100246336048e-08	0.2525625928304313	2805
5	117346213	118608819	5.15227174262719e-05	6.4438749727510985e-09	0.520978582905915	2006	2.3774201166863694e-05	1.6753298008005348e-08	0.8542665218221788	1977
5	118608820	119669041	-0.0001519418170706	5.424021781093386e-09	0.0391047868400524	1807	-0.000131540210877	1.3677963871113058e-08	0.2607039827804446	1799
5	119669042	120452165	1.0162259574338024e-05	4.4422264448977155e-09	0.8788147172059525	1348	0.0001585017326009	1.2404280559861504e-08	0.1546950066831165	1329
5	120452166	122556904	-5.091425858170812e-05	1.1860376918169918e-08	0.6401355985416696	3566	5.779228391446044e-05	2.999598186342966e-08	0.7386163232691403	3533
5	122556905	123798099	-1.7843104988548293e-05	7.242537564035e-09	0.8339294780628297	2072	6.136571290796895e-05	2.0487078070428455e-08	0.6681183615048198	2053
5	123798100	125785648	0.0001158193436212	1.514795761260915e-08	0.3466888306852228	4071	4.193932589642055e-05	4.282570788023236e-08	0.8394003767452712	4018
5	125785649	127344603	-0.0002878521213995	6.58951933996551e-09	0.0003910797375054	2015	-0.0002480226318523	1.7366746495656527e-08	0.0598286846581658	1981
5	127344604	129519024	2.22947549444132e-05	1.0611014749214806e-08	0.828649948478408	3763	4.7220904437587214e-05	2.4719663445235938e-08	0.7639179054273815	3727
5	129519025	132139648	3.6864685287673178e-06	6.94500718732527e-09	0.9647164217403752	2453	2.9994506055942903e-05	1.563086791549825e-08	0.810399250155592	2437
5	132139649	134777400	1.9101037545165296e-05	1.4079166993375478e-08	0.8721101585849256	3554	-7.233938549677209e-07	3.976509877747395e-08	0.9971055710630156	3496
5	134777401	136376049	0.0001182197228145	7.2444319168758425e-09	0.1648468294992318	2546	4.696187736832086e-06	1.7739605170896095e-08	0.9718729906694408	2526
5	136376050	139265071	0.0001076872721394	1.1101648285648805e-08	0.3067589055453823	2742	2.4383343425195396e-05	2.2687220599491076e-08	0.8713975897540497	2700
5	139265072	140645970	-2.5944996903143543e-05	3.991243405730611e-09	0.6813099937446787	1483	-7.017173968275418e-05	1.0847505458440343e-08	0.5004717211596936	1447
5	140645971	142981247	4.119334496337664e-05	1.3843421395116854e-08	0.7262556479869697	3330	6.9259195396301585e-06	4.1982268999023935e-08	0.973034911310239	3289
5	142981248	144943353	0.0002678659265166	1.0276072015024164e-08	0.0082312868371467	2972	0.0004943884846044	2.107092658260741e-08	0.0006595648932715	2948
5	144943354	147181997	0.0001113246625516	9.59550685934554e-09	0.2557605146927554	3150	8.00334160675315e-05	2.3787246747358165e-08	0.6038174833679915	3115
5	147181998	148662623	5.815748113510009e-08	6.552407239892167e-09	0.9994267485368936	2256	3.0387566730133e-05	1.6058036022128328e-08	0.8104850788581595	2248
5	148662624	150561297	5.099037126255547e-05	1.2207905377390024e-08	0.6444430529484932	3096	5.4648454861348364e-06	3.3945384357230084e-08	0.9763373213202544	3049
5	150561298	152867773	-4.263055627190609e-05	1.2265952766236878e-08	0.7002967673598393	4158	0.0001031347217966	3.0130387402396534e-08	0.5524058971029371	4121
5	152867774	153773087	0.0001406894826153	5.545908042149277e-09	0.0588665709303155	1854	0.0001672998894417	1.3941515050804314e-08	0.1565107663362396	1833
5	153773088	155373504	0.0001693882966241	9.495808951482088e-09	0.0821631218411077	2697	0.0003068822140242	2.5402751155474425e-08	0.0541735862147702	2676
5	155373505	156628699	0.0002783148390232	5.758041015769939e-09	0.0002447002403353	1775	0.0005223904709663	1.581447276867143e-08	3.2669410915005576e-05	1758
5	156628700	158825697	-5.298150067526182e-05	1.3014034754276905e-08	0.6423412258171297	3983	-0.0001301351352144	3.547682669909164e-08	0.4896213957172826	3927
5	158825698	159973943	1.5945833529627323e-05	7.645098788403763e-09	0.8552916172136515	1907	-1.702778951320007e-05	2.234556856022713e-08	0.909308989329342	1884
5	159973944	161482132	-4.19016468024888e-05	8.077433270640122e-09	0.6410553440517119	2486	0.0001200828545969	2.260053259412948e-08	0.4244238730510008	2459
5	161482133	162743907	9.070851376423984e-05	6.001258750945142e-09	0.2416313134216686	1905	3.3124067809484844e-05	1.6510328187389803e-08	0.7965690991747155	1884
5	162743908	163771581	-4.788994159445755e-06	6.4473300027458185e-09	0.9524405305711464	1942	0.0002226558500486	1.7252576597200943e-08	0.090047713777231	1930
5	163771582	165642394	8.698106627796003e-05	9.637704039532985e-09	0.3756128961657644	2788	-2.845334217264714e-05	2.5099123092438236e-08	0.8574673579240379	2749
5	165642395	166847739	8.6218016472082e-06	7.533444834118583e-09	0.9208724850741956	1861	-5.14711667974299e-05	2.2273333429816798e-08	0.7301825603981154	1839
5	166847740	168525317	0.0001159083637065	1.2278155891803956e-08	0.2955426636290229	2590	-0.0007705035188077	3.824657456822668e-08	8.153668336296164e-05	2556
5	168525318	169505663	-2.78976023506768e-05	7.029815189107919e-09	0.7393363866022606	1747	-2.0281570167044527e-05	2.0304288875963953e-08	0.886816443387908	1730
5	169505664	171074291	0.0001127671078813	1.0487971178853364e-08	0.2708421731501568	2606	-0.0001425258699329	2.6324962568464064e-08	0.3797074912071937	2578
5	171074292	172678326	-0.0002724814655654	1.1847389890711167e-08	0.0123015696677101	2688	7.424322644290723e-05	3.183618555013267e-08	0.6773378060650235	2644
5	172678327	173642870	0.0001641975512202	7.852826872177502e-09	0.0638956636396539	1995	4.7213861144202194e-05	2.3247812130413213e-08	0.7568231216967325	1968
5	173642871	175450594	-0.0001384338487005	1.5588188043833354e-08	0.2675261012086084	3140	0.0002049143481249	5.0442118931519256e-08	0.3615687680051752	3100
5	175450595	177251506	-4.4266211766933714e-05	6.044508195726749e-09	0.569107480755322	1581	4.163661473926539e-05	1.7919554507501075e-08	0.7557726281071308	1553
5	177251507	178413463	-3.511365953568042e-05	1.028289327118431e-08	0.7291376774998872	2599	-6.349114348888553e-05	2.8221039636098183e-08	0.7054727192340817	2540
5	178413464	179401243	0.0001172723285333	6.7352023447233185e-09	0.1530155862120042	1604	0.0002270042822054	1.880336969286509e-08	0.0978331432233806	1562
5	179401244	180559932	5.053568020279106e-05	8.816925052035092e-09	0.5904425322320423	2129	7.965218148108376e-05	2.6044189503789358e-08	0.6216151130681896	2090
5	180559933	180885155	-2.353400188841493e-05	1.011165699739008e-09	0.4592453000366903	241	7.621928343958336e-05	3.1709190424748743e-09	0.1758819964414377	232
6	73924	1452361	4.892678334276442e-05	1.2842478750457341e-08	0.6659304285817521	2542	2.297025670517062e-05	3.5609086900231916e-08	0.9031155598441054	2453
6	1452362	2458935	-3.852287369180345e-05	6.385916477604313e-09	0.6297586219895555	1545	0.0001843223056544	1.5783581290013063e-08	0.1423347031767128	1524
6	2458936	3573592	0.000197322869763	1.0826675693903744e-08	0.0579072224492568	2408	-0.0001702826292354	2.7688267886961384e-08	0.306144329653887	2378
6	3573593	4617816	0.000100246024721	9.547670945590066e-09	0.3049237915027553	2322	-9.70055644711985e-05	2.2269517072641395e-08	0.5156652569463299	2288
6	4617817	5791471	0.0001076540935044	9.719164609248288e-09	0.2748403499747734	2309	-0.0001707498034486	2.4822753911149524e-08	0.2784688854622976	2278
6	5791472	6785206	9.090950062417754e-06	1.0504174249152889e-08	0.929319570672706	2230	2.793656722758853e-05	2.6972650924959284e-08	0.8649293649230904	2205
6	6785207	7808935	-2.0649009050580193e-05	1.0052871983578891e-08	0.8368328048147304	2223	2.296219526650004e-05	2.4145619992831108e-08	0.8825221505562181	2194
6	7808936	9020025	8.061170923385364e-06	9.797214329538389e-09	0.9350906882140868	2567	-3.18953230930705e-05	1.9097295907246144e-08	0.8174680083842217	2527
6	9020026	10540316	3.299520971630125e-06	1.2131013650822968e-08	0.976101125207924	2887	-7.527133728756626e-05	2.9996749517299277e-08	0.6638507524253144	2843
6	10540317	11790815	8.999825360805984e-06	8.836375438491403e-09	0.9237264447312548	2143	6.624722510079009e-05	2.054136175950488e-08	0.6439202479636084	2114
6	11790816	13209387	1.1077373828950426e-06	9.82965014476669e-09	0.991085462679953	2354	5.524524273278228e-05	2.5025387557073196e-08	0.7269209096362701	2324
6	13209388	14802923	-6.128346173417428e-05	1.0504036096776872e-08	0.5498730052717835	2635	8.125752015712985e-05	2.5654648931185704e-08	0.6119315021561309	2605
6	14802924	17386404	-6.927333601035779e-05	1.818291257472759e-08	0.607441229694713	4221	0.0001496640735302	4.7037172236128475e-08	0.4901463594043254	4159
6	17386405	19207486	-8.959633612940328e-05	1.2336222594955467e-08	0.419853158048043	3460	-1.6159582939272593e-05	2.7083676710359697e-08	0.9217797932925896	3385
6	19207487	21684064	-3.973864469318977e-05	1.9020607099667097e-08	0.7732409398865834	4463	-0.0001453916444959	4.747686032201704e-08	0.5046027727473634	4386
6	21684065	22748306	2.9849538992312857e-05	9.978141160392288e-09	0.7650757388514448	2212	0.0001044606381304	2.6350876686365917e-08	0.5198933818308128	2175
6	22748307	23936618	9.975899371188057e-05	1.07564096813853e-08	0.3361126705532646	2464	0.0001342335758855	2.5661004871172763e-08	0.4020520398561579	2418
6	23936619	24852274	-2.5752011026446774e-05	8.196480499393955e-09	0.7760698088228398	1818	8.318363539895789e-05	2.0893732323065542e-08	0.5649670280870163	1785
6	24852275	25684586	-2.5994723709139768e-05	1.0747575592760653e-08	0.8020123070228993	1967	7.199823394069346e-05	1.842675523860991e-08	0.5958397946612111	1938
6	25684587	26791232	-1.066690904378066e-06	1.869560117386654e-08	0.993775499147927	2022	-7.22804403707789e-05	1.2948994914407748e-08	0.5253053557375622	1978
6	26791233	28017818	7.831917720307168e-05	8.371437406065973e-09	0.3920039562224851	1548	-2.6182790084533867e-05	9.360311012478e-09	0.7866780899562509	1518
6	28017819	28917607	-2.882380920123077e-05	1.0910957788440994e-08	0.7825915755157907	1553	-4.3643635910999506e-05	9.040409309375085e-09	0.6462233950329738	1522
6	28917608	29737970	-7.989766756341475e-05	1.318078097334811e-08	0.4864747046828394	1939	-8.270262810504353e-05	1.1919267894265964e-08	0.4487379531568414	1890
6	29737971	30798167	-0.0001285838788536	1.6129884518860893e-08	0.3113259403490346	4514	-0.0001023486927174	2.4593908318484225e-08	0.5139933949069008	4049
6	30798168	31571217	-0.0001002348110406	1.9679517000126433e-08	0.4749087761252288	5427	-7.738701432294695e-05	3.7379876627864014e-08	0.6889602963354922	5106
6	31571218	32682663	-0.0001044324281105	3.1971733045451835e-08	0.5591846296293513	3833	-1.7680927612327625e-05	2.3768126624843548e-08	0.9086946046913208	3579
6	32682664	33236496	-6.514629895970002e-05	2.5007291637425344e-08	0.6803677900440778	2997	-3.31690621262299e-06	1.6895206078073362e-08	0.9796415657177044	2910
6	33236497	35455755	-0.0001984049281134	3.1986114116916046e-08	0.2672757794062136	3503	-0.0002393592566927	2.565441164738802e-08	0.1350689991163228	3442
6	35455756	37572595	4.304356411671417e-05	1.4192696989674645e-08	0.717870344659127	3393	-0.0002446404987629	3.19435256695994e-08	0.1710648235980493	3339
6	37572596	39295676	0.0001008578387685	1.3519002822601088e-08	0.3857032886055788	3455	0.0001168798064463	2.8895140954277496e-08	0.4917134773888798	3403
6	39295677	40345114	1.0612373008272492e-08	6.003174039303772e-09	0.9998907146117872	1579	-4.024192302876897e-05	1.3605157160723394e-08	0.7300896828683681	1567
6	40345115	42038720	7.44032339071949e-06	1.2774789338786776e-08	0.9475142475017164	2852	0.0001057341604532	3.243978462703273e-08	0.5571689939034088	2822
6	42038721	43756168	3.0610779988414636e-05	1.1083343851505552e-08	0.7712326611590034	2071	5.961560020560307e-05	2.0948569471604803e-08	0.6804190170336695	2026
6	43756169	45406562	-3.0935617323972764e-05	1.2237809640971962e-08	0.7797499374440343	2585	2.810058851286704e-05	2.670472896937869e-08	0.8634708772916644	2548
6	45406563	47311897	1.625735040304266e-05	1.136408154125321e-08	0.8787890589065701	2914	-0.0001673653328889	2.7581229250378778e-08	0.3135679321427992	2880
6	47311898	48391124	2.396693624789501e-05	6.508795529151345e-09	0.7664112867246736	2003	-7.687316773338603e-06	1.1938251653553574e-08	0.9439098893707302	1981
6	48391125	50386144	8.539559405452574e-05	1.0760999395427074e-08	0.4103901748089202	3432	-4.162839840966238e-05	1.931704349219243e-08	0.7645467096870927	3350
6	50386145	52210475	0.0001654155700948	1.0634518634107085e-08	0.108703384987147	3006	1.613288999020431e-05	2.2090575378220043e-08	0.9135636173757088	2973
6	52210476	53279101	1.943000994155554e-05	7.834064096795297e-09	0.8262428884384211	1940	-4.9770581380357206e-05	1.9156472613476147e-08	0.7191492194698914	1901
6	53279102	55468269	-0.0001210083073111	1.561399304358877e-08	0.3328408385448714	4407	-0.0001107949998591	3.3329977117347446e-08	0.5439307111737479	4364
6	55468270	56105312	3.4383737242781143e-06	4.224298239044247e-09	0.957809631552998	1432	2.906404070072774e-05	7.419963039453695e-09	0.7358095032127763	1417
6	56105313	57599464	7.867097836807013e-06	5.68414735722527e-09	0.9168936148545	1548	2.1884729115034327e-06	1.2233783993737637e-08	0.9842139855321652	1527
6	57599465	61880511	6.1988153338434215e-06	4.495643346837702e-09	0.9263395244674292	1673	-3.432130971303582e-05	6.089020332944908e-09	0.6600563560008652	1642
6	61880512	63552887	-1.9101992669077474e-05	8.794081625899614e-09	0.838590728390626	2881	-4.497706353669712e-05	1.3205862632344018e-08	0.6955103250261414	2825
6	63552888	65765741	4.5797464879039366e-05	1.004182906676357e-08	0.6476568063024757	3303	4.6427627153978145e-05	1.4767087493629926e-08	0.702418496632444	3272
6	65765742	67329214	7.763891203649501e-05	1.2067993328782648e-08	0.4797258033054983	3681	0.0001286655900843	2.2287132926363312e-08	0.388766103434451	3584
6	67329215	68849482	-7.458011599023468e-05	1.269789698474185e-08	0.5080697207080501	3817	3.799739716676651e-05	2.5385882866064112e-08	0.8115063772161485	3765
6	68849483	69523447	-0.0001167155083657	5.4643720317994445e-09	0.1143558172971367	1629	3.4118790107716125e-05	1.0958484560874112e-08	0.7444807040298029	1607
6	69523448	71609509	7.680143889714256e-05	1.2501034269523568e-08	0.4921428887200986	3695	4.37882849075278e-05	2.3589409451539012e-08	0.7755664319146075	3642
6	71609510	73450096	0.0001079981288979	1.24670875900884e-08	0.3334246517928589	3334	0.000149151085214	2.901193421312593e-08	0.3812120855740336	3287
6	73450097	75462002	-5.567169046837392e-05	1.2073176484593257e-08	0.6123876575858431	3501	-0.00010389487215	2.3511433744996563e-08	0.4980439896789417	3422
6	75462003	77414880	2.2404519689555903e-05	8.616352833078528e-09	0.8092724062985218	2409	1.561948824301673e-05	1.5607830631670253e-08	0.9005040626294	2385
6	77414881	78957727	8.967034200121756e-05	9.769648999250716e-09	0.3642940810899543	3073	-1.9816467347074432e-05	1.8679157452921075e-08	0.8847162512950373	3042
6	78957728	80691169	-6.53858449646173e-05	1.1201276135275523e-08	0.5367052284614505	3117	2.953497400861837e-05	2.3364800205490448e-08	0.846785463845591	3077
6	80691170	81929221	-2.912912003998577e-05	8.19686254524376e-09	0.7476505244015439	2771	2.1786373938245888e-05	1.4223404873863625e-08	0.855051695626925	2738
6	81929222	83127148	-7.566737538963034e-05	6.113146724816391e-09	0.3331546799591167	1758	-2.366933036474144e-05	1.2986896010929048e-08	0.8354644151934949	1736
6	83127149	85209988	-4.975456749364088e-05	8.545808219446951e-09	0.5904281234964369	2479	0.0001223015418217	1.76317702131224e-08	0.3570234742681322	2450
6	85209989	87069499	-7.23904311743268e-05	1.1693511734722657e-08	0.5032177652211305	3431	-8.266056346926385e-05	2.1530192419559225e-08	0.5732000150342627	3408
6	87069500	88822139	-4.703834671667509e-05	9.975062947585357e-09	0.6376613977877534	2928	-5.2815481785652744e-06	1.9002815693756762e-08	0.969437696269056	2896
6	88822140	89973051	7.859853993144623e-06	7.878402269135872e-09	0.9294384381979032	1980	2.7552459429415183e-05	1.6229046368723604e-08	0.8287704643044481	1953
6	89973052	91843195	-9.878459207008896e-05	1.228167846994372e-08	0.3727281355806717	2905	-9.962582111500964e-05	3.0410412992309095e-08	0.5677993947571109	2868
6	91843196	93428643	3.614782596375339e-05	9.181543857146771e-09	0.7059910031033516	2541	-0.0003476193306027	2.044158437460327e-08	0.015042870644398	2519
6	93428644	94118141	2.127884651190417e-05	6.952352543083585e-09	0.7985679418407363	1567	1.6999649534347658e-05	1.4043991884181133e-08	0.8859363279982367	1561
6	94118142	94441174	2.2867017515914768e-05	1.3205051355189226e-09	0.5291699848955074	445	-3.35705874859701e-05	2.5413621821047406e-09	0.5054587062190669	443
6	94441175	97093510	8.010826530485628e-05	1.3326021754026824e-08	0.4877146796434051	4073	0.0002228780723908	2.7851540603926113e-08	0.1817139228980112	4031
6	97093511	97842283	3.323187188353649e-05	3.963821395847271e-09	0.5976142151803145	1175	-1.2707648001543372e-05	8.558455893443132e-09	0.8907444502692118	1165
6	97842284	100630145	0.0001560752496165	1.4753641239845245e-08	0.1988116179406608	3951	8.290734201243522e-05	3.3416926051291223e-08	0.6501643469480078	3899
6	100630146	102636771	0.0001020891213948	9.042533033814e-09	0.2830109633628265	2588	-0.0001074370466438	1.82780030595554e-08	0.4268024315064976	2568
6	102636772	103983394	-1.680473843518645e-05	7.414937101753169e-09	0.8452721908531718	2386	1.2099253448128875e-05	1.4315956796691481e-08	0.9194531087330958	2364
6	103983395	106056732	-7.866466085093493e-05	1.2181307051439757e-08	0.4760050378506893	3521	-9.50212305694648e-05	2.56625788497224e-08	0.5530753172093712	3479
6	106056733	107450305	6.63529039219204e-05	1.2715300606033923e-08	0.5562420585320111	2729	7.370353789887743e-06	3.278758702081374e-08	0.9675321329105736	2672
6	107450306	108464379	-4.141084164766169e-05	5.5313516632148e-09	0.5776647885529058	1282	-2.478044844849901e-05	1.3555214733994885e-08	0.8314507269183897	1260
6	108464380	110304246	-2.800970611018889e-05	8.155432186866269e-09	0.7564396814189496	2377	-2.8226657478121013e-05	1.46909677171935e-08	0.8158537319790433	2345
6	110304247	112345013	-0.0001593661677156	1.0822127082503391e-08	0.1255389317285906	2948	-0.0002255090413772	2.1333661855651543e-08	0.1226021483433881	2901
6	112345014	114220832	0.0002458243978364	1.0985862766550432e-08	0.0190091605137434	2793	0.0001167819915488	2.1754352731126716e-08	0.4284908088075252	2757
6	114220833	116131395	1.1818949904605858e-05	1.0566603904194428e-08	0.9084633094193536	3137	2.8887288184304497e-05	2.0880479563718333e-08	0.8415502420721549	3105
6	116131396	117672971	-1.2426406468027006e-05	7.834686304503343e-09	0.8883522223602528	2249	-0.000108114847483	1.659781853988778e-08	0.4013632033921785	2223
6	117672972	118963114	0.0001270425082453	6.711442035428817e-09	0.1209621653205641	1899	-8.768642557550008e-06	1.4364182710927325e-08	0.9416763553456516	1876
6	118963115	119963277	-0.0001571667698853	6.0298950911995904e-09	0.0429723857411989	1669	-0.0002158572726187	1.2600175766023841e-08	0.0544805506195589	1649
6	119963278	120512127	-2.748285228689317e-05	3.5647198409646863e-09	0.645294719241629	1060	-7.04220564868923e-05	7.166235765533264e-09	0.405474006645571	1049
6	120512128	121905675	-2.664006205099767e-05	8.261395893385067e-09	0.7694494842385636	2452	-5.645099506845247e-05	1.7047338839511668e-08	0.6654813792679729	2415
6	121905676	123856180	-1.872763582809949e-05	1.2143212744256704e-08	0.8650510021568236	3491	-4.310779041412765e-05	2.5198657271049418e-08	0.7859597520668827	3462
6	123856181	125424382	0.0001415261205696	9.994593108063948e-09	0.156879770962083	2259	6.0064973060838285e-05	2.5536460063584006e-08	0.7070114366578639	2233
6	125424383	127540460	6.665331201533679e-05	7.105434799290296e-09	0.4291034902450731	1954	3.4815637405765135e-06	1.4461166758223456e-08	0.976903185954372	1929
6	127540461	129861030	-4.339454241637241e-05	1.0082143252984434e-08	0.6656149217257735	2940	-0.0002925751801227	2.078504341780125e-08	0.0424202487823443	2920
6	129861031	130935453	7.087416785872551e-05	9.11812420018158e-09	0.4579513939104077	2156	-7.769075276242003e-06	1.8778626780140342e-08	0.9547889209007112	2131
6	130935454	132765668	-3.85355958410632e-05	1.1133511059144031e-08	0.7149525543542682	2766	7.357579949423576e-05	2.7226008470276677e-08	0.655665380758284	2725
6	132765669	134244242	2.352141647202573e-05	9.312597926121697e-09	0.8074316535392887	2424	5.396872318381029e-06	2.2314958982646557e-08	0.9711802844007412	2404
6	134244243	136224176	-1.375832699576812e-05	1.0261228939752856e-08	0.8919630328770133	2526	-0.0001827330624578	2.3471147344472252e-08	0.2329667081579247	2487
6	136224177	137614217	-1.7893246942352976e-05	4.3345470526219086e-09	0.7857912802849976	1119	-0.0001055064006645	1.0044999930165957e-08	0.29247938054483	1108
6	137614218	138822628	4.845938916777832e-05	8.971924977362297e-09	0.6089272062184782	2105	-8.216051697634982e-05	2.2997961736846745e-08	0.5879739204906489	2069
6	138822629	139845435	-1.0444599737548864e-05	8.133372246142426e-09	0.9078009238038388	1773	0.0001463186618707	2.1393859628816853e-08	0.3171376219583439	1728
6	139845436	142288478	-8.786073900329934e-06	1.0287039365790156e-08	0.9309685782042948	3057	6.587313179779662e-05	2.0012603315195757e-08	0.6414684185309344	3026
6	142288479	145319809	0.0002602344671746	1.6777752244065635e-08	0.0445283078984771	4109	-0.0001871277505843	3.930652807598905e-08	0.3452431127211097	4066
6	145319810	146665423	-2.94192885608902e-06	5.775748635555099e-09	0.969121255683898	1742	-4.7883487925039946e-05	9.269258574830523e-09	0.6189413242313404	1730
6	146665424	148920351	9.69357855669676e-05	1.6862795183348733e-08	0.4553762889582819	3708	2.398001154466445e-05	4.3630693079385265e-08	0.908601251253671	3650
6	148920352	150253403	-0.0001753746937424	8.631642291866466e-09	0.0590736908991248	2402	-7.02313935219459e-05	1.6350133763912112e-08	0.5828334050411232	2365
6	150253404	151912702	5.983864832809497e-05	1.8300234361107963e-08	0.658245227033787	3815	-0.0001190909480086	4.8085021172726635e-08	0.5870660806877439	3762
6	151912703	153094495	-1.7139499765651697e-05	8.354327508673156e-09	0.8512547043774288	2202	-0.0001791982509087	1.7430902685205537e-08	0.1746879143391204	2171
6	153094496	154974119	-4.092460413213664e-05	1.4914132397188327e-08	0.7375432142255915	3989	-5.0227572549308114e-05	3.2700900792170885e-08	0.7812002181929791	3910
6	154974120	156763325	2.274281033358006e-05	1.4305730185398327e-08	0.8491940657781666	3022	-8.508511056306505e-05	3.7329981700402936e-08	0.6596640432273222	2971
6	156763326	158218718	0.0001063586037128	8.194064242595807e-09	0.2400108673605753	1804	0.0002657174064923	2.0852695129673988e-08	0.0657551229278949	1781
6	158218719	160580496	-0.000153994606735	1.719788971552944e-08	0.2402869330114322	4995	1.5013649008055626e-05	3.391256920773167e-08	0.9350221890580174	4913
6	160580497	162169563	7.810994052508379e-05	1.3316671384089792e-08	0.4984852753644843	3203	-8.81129769753896e-06	3.007382954721571e-08	0.9594772660843472	3151
6	162169564	162931202	3.50538329969908e-05	6.743482361541478e-09	0.6694756167621532	1691	-3.341221492826703e-05	1.6365890559464713e-08	0.7939557747675401	1663
6	162931203	164383520	0.0001948399267995	1.2331288426649414e-08	0.0793307910154189	3183	0.000446669058493	2.7562336859425506e-08	0.0071351851067334	3154
6	164383521	165586863	-1.9131293560542337e-05	1.0778096447905505e-08	0.8537954341080621	2862	9.745213025657358e-05	2.4666105622993068e-08	0.5349293519790381	2824
6	165586864	167024732	6.980741537081442e-05	1.4877503960589382e-08	0.5671073463638825	3316	8.47685995009774e-05	3.9396154589986744e-08	0.6693218779414585	3263
6	167024733	168042834	2.709706036421427e-05	7.966308038988949e-09	0.7614369852933384	1929	-5.54488527773478e-05	1.760318914580519e-08	0.6760029833054735	1891
6	168042835	169382049	-3.335286070871535e-05	1.4028496538703123e-08	0.778252788766856	3351	-0.0001744462598882	3.4908464505326925e-08	0.3504709443060722	3251
6	169382050	170330172	4.3429935366336306e-05	7.906636315041006e-09	0.6252524880087571	1956	1.152440974296889e-06	1.792572139038987e-08	0.9931322406544923	1920
6	170330173	171051269	0.0001199028736619	4.963493614594582e-09	0.0887727787747782	1253	0.0001017070855669	1.1646543862931453e-08	0.3459685647742605	1223
7	16161	972751	-4.511025026800942e-05	2.916653121488769e-09	0.4035592493528459	776	-3.7590756484904006e-05	8.235086075039105e-09	0.6787018697523137	749
7	972752	1353066	-9.811011878697133e-06	2.3841055310060622e-09	0.8407510376424424	702	-1.139771738308057e-05	5.883779460493915e-09	0.8818771349833717	682
7	1353067	2062397	0.0001922529470982	8.604882818503872e-09	0.0382161748507653	1005	6.7325240502059985e-06	1.0343767258308653e-08	0.9472209566147752	986
7	2062398	2772226	-7.973464730984473e-05	9.99261040976426e-09	0.4250787120176568	1149	-0.0001667471543724	1.57462385615224e-08	0.1839034630297862	1118
7	2772227	4573427	0.0002782066336046	1.7003525953257e-08	0.032881582158869	4423	0.000218415623719	4.251568211921888e-08	0.2894741096331451	4321
7	4573428	5416231	-9.475198553384072e-05	7.3252893319723875e-09	0.2682627328553505	1712	-0.0001723132723437	2.1478853427380336e-08	0.2396967447347328	1680
7	5416232	5854525	0.0001095486034906	2.185962821514439e-09	0.0191257400255655	482	0.0001645065537219	6.603990688896393e-09	0.0429368477719752	473
7	5854526	6573856	-2.1673665110149364e-05	4.448051843772291e-09	0.7452014165601508	1075	-0.000272554499944	1.238246744719177e-08	0.0143116745968153	1028
7	6573857	7808751	-2.733361111120948e-05	8.261700040190615e-09	0.7636280233573508	2325	-6.430748942454198e-06	2.170869417986466e-08	0.965186563377458	2290
7	7808752	9123422	2.490337291062109e-05	1.245597667761984e-08	0.8234298065306811	2968	8.690979655197804e-05	3.379612849833379e-08	0.6363886610173768	2938
7	9123423	9987498	3.8209234738956307e-05	8.666516710749856e-09	0.6814857239898868	2399	3.238428600758712e-05	2.3610661493644237e-08	0.8330775599810267	2372
7	9987499	11299197	1.786268919038772e-06	9.792860103837808e-09	0.9855984729524816	3088	-4.6893591747725534e-05	2.497448561854411e-08	0.7666706869514252	3065
7	11299198	12635460	5.263683625478965e-05	1.3417139006056152e-08	0.6495247671534622	3881	0.0001595566106968	3.661062284577493e-08	0.404340291511261	3848
7	12635461	13884201	1.166524181550065e-05	1.161862247699906e-08	0.9138194219844736	3130	0.0002614396292769	2.9165480914945304e-08	0.1258028009525199	3085
7	13884202	15143656	-9.430251607983298e-05	8.949478397621303e-09	0.3188433360120577	2261	4.344243572374043e-05	2.4691616558410594e-08	0.7821913065055763	2236
7	15143657	16902068	-3.795197175373665e-05	1.4610386590044194e-08	0.7535354023667816	3541	-0.0002511401893706	4.2885368471148824e-08	0.2252357110175751	3504
7	16902069	19481546	-0.000119673120749	1.66659936146379e-08	0.3539251193875717	3889	-0.0002104616535806	4.7232574167029934e-08	0.3328475449899888	3843
7	19481547	20124907	1.226513618978617e-05	3.765951316944671e-09	0.8415867845112716	1314	-9.161264795603246e-07	8.085215368296043e-09	0.991870905213115	1304
7	20124908	22507628	6.0504637044411826e-05	2.130812821010569e-08	0.678513924860717	5061	-0.0001767321939356	6.082452243574954e-08	0.4736214424192139	5008
7	22507629	23471441	3.530590386050163e-05	5.242505139278929e-09	0.6258218967019431	1495	1.0605183910117574e-05	1.3126243240605265e-08	0.9262489513390298	1471
7	23471442	25077258	6.026047966503292e-06	1.2069524743009012e-08	0.9562568725823336	3341	2.1873587640415815e-05	2.942475813083004e-08	0.8985322686293664	3299
7	25077259	25909554	0.0001301511880698	7.086539514734306e-09	0.1220860494114446	1820	-4.187396322851e-06	1.8311103865764592e-08	0.9753136115510068	1802
7	25909555	28360308	0.0001915113977864	1.4910239524457207e-08	0.1167916162810691	3870	-0.000327090082718	3.7861694628812074e-08	0.0927631859725093	3811
7	28360309	31137288	9.079276091486552e-05	2.057515498956542e-08	0.5267565288692346	4769	-8.717655762067637e-05	5.8627853317376803e-08	0.7188191015436283	4716
7	31137289	33555767	9.177595128784293e-05	1.5823080335146444e-08	0.465636208599248	4815	0.0001300116008883	3.7843028501288345e-08	0.5039247280601833	4763
7	33555768	36213537	-0.0001889338734418	1.4224975303336648e-08	0.1131697412040058	4445	4.152811796699225e-05	3.625596308057953e-08	0.8273524256113032	4405
7	36213538	37555183	8.955930171396858e-06	9.91901636893128e-09	0.9283474811013216	2419	-0.0003053605183989	2.8870986569363933e-08	0.072313291019858	2379
7	37555184	38966702	-1.5387750648259968e-05	1.1418602697014484e-08	0.8854988549511114	3129	6.336050884431011e-06	3.1185444604365155e-08	0.9713786854415024	3077
7	38966703	39862669	5.527982557713614e-05	5.236365701956201e-09	0.4449109357162126	1477	0.0001522123203136	1.3958042995301256e-08	0.1976203583000961	1455
7	39862670	42001810	4.413981068327202e-05	8.520021673004173e-09	0.6325074357693652	2696	4.053765789549525e-05	2.1773043562012428e-08	0.7835270850348305	2667
7	42001811	43159073	6.0854690556518506e-05	6.791505516416488e-09	0.4602514368898167	2064	-5.265870662033787e-05	1.4718773181445111e-08	0.6642560366583975	2046
7	43159074	44763827	7.24187173072174e-05	8.17778010665597e-09	0.4232377773287689	2589	0.0001267709692651	1.8743811786773572e-08	0.3544682891851458	2545
7	44763828	45952921	7.67096066639417e-05	6.559629592566703e-09	0.3435719786402194	2051	-7.249772638206959e-05	1.6545089890346565e-08	0.573009746384096	2014
7	45952922	46986719	-1.88003515201471e-05	6.641396676786524e-09	0.8175525516342481	2205	-8.652970100107339e-05	1.662158859461493e-08	0.5021157790540811	2182
7	46986720	49212277	2.157715209749139e-05	1.580117935755598e-08	0.86371096754291	4754	0.0002823061039938	3.8701366108891665e-08	0.1512821828369734	4705
7	49212278	51675321	4.86225566341652e-05	1.41237792618607e-08	0.6824435671508513	4630	5.3970058542950625e-05	3.2398245355703425e-08	0.7642978465619404	4580
7	51675322	53176311	-6.234309283544118e-05	1.3089664799812997e-08	0.5858160196134614	4148	2.4630915378754995e-06	3.1187115135186055e-08	0.9888719535056424	4107
7	53176312	54222975	-2.9887720729234937e-05	7.764571583609029e-09	0.7344718924988337	2456	-8.283067236630652e-05	1.9310263283719403e-08	0.5511286253142291	2438
7	54222976	55691583	6.765091547593962e-05	9.183358691718113e-09	0.4802202817040231	3091	-9.137067464456543e-05	2.1195633725067018e-08	0.5302653518736052	3024
7	55691584	57382637	3.401221950493258e-05	7.555657405154928e-09	0.6955828261231447	2799	6.740503306641761e-05	1.4845436704989851e-08	0.5801145483950833	2739
7	57382638	63307358	-1.0272653539025002e-05	2.532872548856263e-09	0.8382632467061387	893	-3.624825570606773e-05	6.184980377095778e-09	0.6448617918666133	868
7	63307359	63641124	-1.0050750291854337e-05	1.170407549220703e-09	0.7689220385601732	505	-1.4416633992030684e-05	2.086506117512866e-09	0.7522967335000271	503
7	63641125	65689808	3.587536139854301e-07	7.283056717347987e-09	0.9966458828977102	2793	4.69687426235456e-06	1.3339988705409164e-08	0.9675621861321022	2699
7	65689809	68234073	1.046899936700958e-05	1.782623803717531e-08	0.9375013635391024	5894	-6.170188770796058e-05	3.168159769371122e-08	0.7288520532843412	5764
7	68234074	69085363	6.439317922393844e-05	4.941883327848863e-09	0.3596689414986598	1633	-7.306353047837951e-05	1.317740385652439e-08	0.5244626918663481	1613
7	69085364	71874884	-0.0004154524944007	1.8788836887447537e-08	0.0024382702907707	4360	-0.000290574538841	3.6257600704668776e-08	0.1270068081737646	4287
7	71874885	73334601	-1.0353338216046772e-05	3.3223224238329723e-09	0.8574493369478363	1140	-5.833124292084186e-05	7.176051142919063e-09	0.4910835549811118	1054
7	73334602	76458563	9.602153237375998e-05	8.717962276352321e-09	0.3037627420729963	2480	0.0001169611955631	2.2500106570770194e-08	0.4355442488980776	2397
7	76458564	78093858	1.706671155452018e-05	1.1068605956033812e-08	0.8711329083194066	3001	-8.426896561649548e-05	2.8728009677319848e-08	0.619061119723245	2955
7	78093859	79888068	0.000106461655604	9.944540041507106e-09	0.2857095254090357	3136	7.937761301197966e-06	2.3296230911523924e-08	0.9585237453942704	3099
7	79888069	82022685	4.766758568008319e-05	1.1381613200943745e-08	0.6550134685387381	3098	4.865630331117264e-05	3.150594488673182e-08	0.7839913701854156	3051
7	82022686	83801202	0.0003321429000456	1.4039882725080514e-08	0.0050609271358361	3344	0.0001630882478556	2.9168883326703225e-08	0.3396228521464094	3304
7	83801203	85572181	-3.3670045250386244e-05	6.773482919748588e-09	0.682460607496231	2534	-3.506103202369402e-05	1.4128537833793126e-08	0.7680177114646496	2517
7	85572182	87825003	5.516010476143937e-05	8.238080187567887e-09	0.543365263459042	2863	0.0001045665290079	1.8976781193797722e-08	0.4478111130149985	2840
7	87825004	90661783	4.706069263913792e-05	1.5643696872852384e-08	0.7067232478387264	5245	-6.487247942798849e-05	3.635877201051933e-08	0.7336931859159121	5192
7	90661784	92493751	-1.7362671671857104e-05	5.636865714694492e-09	0.8171139833894048	1783	1.716110449480435e-05	1.0953300580360112e-08	0.8697522829247414	1761
7	92493752	93966600	2.2489809799464614e-05	5.713561148313706e-09	0.7660610812321427	1550	1.482219917012683e-05	1.6219713419365913e-08	0.9073486874671032	1537
7	93966601	96073507	-3.6822671556031e-05	9.963814975573821e-09	0.7122061814041403	2884	-0.0001423441197927	2.6690562153227036e-08	0.3835980838995738	2851
7	96073508	97099569	4.472514356069322e-05	4.995793182063011e-09	0.5268803893208613	1488	-1.5058187498641922e-05	1.3037560445515722e-08	0.8950802662747499	1468
7	97099570	98715473	3.5441843461573516e-05	7.852827209152279e-09	0.6891949848507901	2553	6.491973058303494e-05	1.857044250498059e-08	0.6337942557112366	2494
7	98715474	100196650	-4.087073208773308e-06	3.6994250339042572e-09	0.9464254378976216	1284	4.614016609943582e-05	8.84123103754122e-09	0.6236332708283309	1256
7	100196651	101199252	8.675963078230645e-05	6.68577629781527e-09	0.2886606008913656	1848	0.0001509899067785	1.7544107073474023e-08	0.2543109825977069	1751
7	101199253	103197509	2.1948165920354168e-05	8.824717043135127e-09	0.8152642031366302	2522	7.843859342895026e-05	2.1626085751460544e-08	0.5937670658981502	2461
7	103197510	104159524	2.5188327774294655e-05	7.574833780663336e-09	0.772268026199527	2147	-3.215822476574488e-05	1.9965082966252163e-08	0.8199636376741669	2124
7	104159525	105682904	0.0006121489264917	1.1265260679441722e-08	8.046327181817888e-09	2240	8.6159488759349e-05	1.9635458610440933e-08	0.538641245152182	2192
7	105682905	107780177	1.960002754855699e-05	1.1104503444810731e-08	0.8524467207227262	3185	6.912932265749445e-05	2.6307661628889357e-08	0.6699565884183989	3153
7	107780178	109647593	0.0002440845804867	8.561296015734226e-09	0.0083402860932961	2975	9.42233885896062e-05	1.9196075378373104e-08	0.4964612510226341	2948
7	109647594	112618683	-0.000218288117338	1.8285725534092172e-08	0.1064706303239916	3605	-0.0001355831364501	3.3592656204554656e-08	0.459453222845126	3571
7	112618684	113712386	0.0002316808697738	3.783426244112673e-09	0.0001654970983466	1310	0.0002003444707566	8.654691461898092e-09	0.0312767998972407	1303
7	113712387	116780177	0.0001338202152444	1.6853372079030035e-08	0.3026302657083347	3379	-0.0002224821215692	2.5242210624708212e-08	0.161413526019407	3347
7	116780178	118351580	-0.0001056607793448	5.161210039382458e-09	0.1413594846764726	1715	5.594684277963346e-05	1.0730901460908455e-08	0.5891423903142405	1700
7	118351581	121045272	-5.8947411321401056e-05	6.761837158340565e-09	0.4734624858230468	2606	8.236300175963633e-05	1.3269713480647921e-08	0.4746137720392082	2587
7	121045273	121933629	-1.18497597630716e-05	3.997950091541591e-09	0.8513398251309057	1356	7.115780655334317e-05	1.017383290152481e-08	0.4805160750366848	1342
7	121933630	124156804	0.000101742516314	1.0140278606962834e-08	0.3123212997953237	3611	3.6663815821127014e-05	2.3504412269723665e-08	0.8109924404327085	3571
7	124167552	126519169	-3.216490983994838e-05	1.2002455527444078e-08	0.769068104448339	4399	-8.387737035958238e-05	2.2573172551220023e-08	0.5766563278784058	4356
7	126519170	126869220	-1.630197141093142e-05	1.5945022926162272e-09	0.6830892050374053	478	1.1816817695522056e-05	4.496189740789986e-09	0.8601137697272305	477
7	126869221	128778385	-0.0001247962665899	8.589714193105404e-09	0.1781354464513491	2899	-0.0001825268079926	1.936438200728202e-08	0.1896312456978708	2851
7	128778386	130422413	-5.609298427619389e-05	8.180132003857802e-09	0.5351292912589827	2411	-3.39758270697626e-05	2.0125032826442533e-08	0.8107195122143928	2353
7	130422414	132805847	6.212273030593333e-05	1.5313086447299578e-08	0.6156549581757209	3706	4.437180909329371e-05	4.267891249640836e-08	0.8299362919345407	3651
7	132805848	134307595	0.0001676029946824	5.854352896706217e-09	0.028488335439222	2184	5.6805159872993095e-05	1.251865823401581e-08	0.6116623286835838	2161
7	134307596	135591082	8.12718041202137e-05	7.6218860090633e-09	0.3518990341880165	2235	-0.0001965562069156	1.8858859555423993e-08	0.1523457850941027	2200
7	135591083	136876561	-5.451384829309191e-06	6.694925158123376e-09	0.9468806390359292	2146	9.210779507281685e-05	1.7333472739241694e-08	0.4841733243194673	2115
7	136876562	138744678	-0.000127325476234	1.0966314243147464e-08	0.2240367699402345	2653	-0.000117075159371	3.2052193976956386e-08	0.5131524281037197	2624
7	138744679	139933176	-4.923867288938061e-05	4.804888839411252e-09	0.4774949474305876	1367	4.9920336200203754e-05	1.1197545806689278e-08	0.6371020109511569	1349
7	139933177	140235209	-3.322839339388975e-05	3.034571070828494e-09	0.5463762445442042	643	-3.8484005391774185e-05	8.845322419118708e-09	0.6824013240042209	632
7	140235210	141226556	-7.223000108369381e-05	4.535423360020857e-09	0.2834828711639632	1120	4.95738789814685e-05	8.364909832662871e-09	0.5877987455794007	1111
7	141226557	142656309	-8.909001361553945e-06	5.4268927528235605e-09	0.9037422115308288	1988	7.455837068080461e-05	1.1578703185297876e-08	0.488376428157007	1805
7	142656310	144968288	-2.0588496081888703e-05	9.051418265003584e-09	0.8286724512599023	2926	-7.20730197757461e-05	2.2434200944444233e-08	0.6303808195943408	2887
7	144968289	146427959	-2.9097284325194823e-05	6.813675813671605e-09	0.7244617341469684	2493	-0.0001740342314089	1.3685822179330294e-08	0.1368446060061067	2466
7	146427960	147815317	0.000160116795366	9.088843976808977e-09	0.0930527132298525	2905	-0.0001231911155517	2.2266717765413755e-08	0.409050882114338	2862
7	147815318	149840657	-4.890456371642155e-05	1.084141683166516e-08	0.638580335822478	3118	-0.0001269487430491	2.783627428980017e-08	0.4467217514197784	3055
7	149840658	150711504	1.1526830433370872e-05	5.693924172044189e-09	0.8785890919941908	1761	-2.336060179859774e-05	1.3825237289582325e-08	0.8425153680362492	1732
7	150711505	152249805	5.523205391401034e-05	8.946710722796341e-09	0.5592685774022921	1855	3.959144443272437e-05	2.6630017533706596e-08	0.8083045376652467	1837
7	152249806	153674018	3.22932765615385e-06	1.0691458798255184e-08	0.9750848737520356	2803	-0.0001184479457994	2.912490162991817e-08	0.4876463021474955	2760
7	153674019	154964729	-1.7399685836674105e-05	9.354939800718554e-09	0.8572344101725441	2275	2.321398624868712e-05	2.7196731393160072e-08	0.8880564432196992	2231
7	154964730	156065249	0.0002143853868566	1.0626407885966326e-08	0.0375525102880066	2220	0.0003186115531261	2.9012239994101338e-08	0.0614065438917022	2176
7	156065250	157634596	7.375126065185846e-05	1.1397310309143953e-08	0.4896753067073942	2994	-3.284169448466926e-05	2.9874700506988055e-08	0.849302213698409	2908
7	157634597	159128574	-3.703866306643672e-05	1.0228340292886808e-08	0.7141942125353646	3023	-1.0024400641877124e-06	2.5717117568458732e-08	0.9950124816830628	2895
8	10422	1044216	-5.099530972331771e-05	8.863176399068017e-09	0.5880452118365951	2073	-0.0002756586849686	2.5488052011685365e-08	0.0842312229437353	2009
8	1044217	1163244	2.0806365165570894e-05	2.122172692160439e-09	0.6515182656703539	428	7.76021312008254e-06	6.541260438087782e-09	0.9235606433515972	403
8	1163245	2042941	8.14245090332033e-06	1.1374772639487865e-08	0.9391441797794038	2259	7.644073201125148e-05	3.331655620368315e-08	0.6753706833475097	2157
8	2042942	2573278	0.0001208087174071	6.199702143236102e-09	0.1249536278326592	1580	7.550862106663316e-05	1.529332788312944e-08	0.5414749062645704	1412
8	2573279	3392925	3.555114160881435e-05	1.3729346759832615e-08	0.761578105163933	2976	-6.734254328580384e-05	4.108643690792457e-08	0.7397147675984261	2911
8	3392926	3783016	-2.2455070901957253e-05	7.778287325625439e-09	0.7990257010742496	1925	6.776211431060786e-06	2.2170047258837692e-08	0.9637010713017958	1901
8	3783017	4480475	-5.65718801343066e-05	1.4149444867244258e-08	0.6343679075300971	2835	-0.0001737472649977	4.352040814833488e-08	0.4049242400517094	2783
8	4480476	5146926	0.0001137598313364	9.768260045657384e-09	0.2497267735579855	2302	2.689319255004232e-05	2.7426187434861593e-08	0.8709986392670196	2276
8	5146927	6142796	-1.5557612821928494e-05	1.5177258308475745e-08	0.8995075889958217	4031	-5.606526880593781e-05	4.024831467191702e-08	0.779891631443263	3958
8	6142797	7153078	1.6643977749554758e-07	9.500078188782424e-09	0.9986375098003004	2276	9.072470770539812e-05	2.5547156102927858e-08	0.5702960351574415	2233
8	7153079	9154693	0.0001872816670483	1.1635894124725774e-08	0.0825315623408609	2747	0.0001210131124041	2.8619487939274553e-08	0.474410179604583	2714
8	9154694	9640786	7.74263208695091e-05	4.120415069530125e-09	0.2277416521512284	1164	5.1754126140771486e-05	8.638944906586169e-09	0.5776505913355359	1149
8	9640787	10463196	0.0001754255164688	9.889683862027868e-09	0.0777299423572793	2023	0.0001419541225555	2.4094806455262368e-08	0.3604513259297849	1998
8	10463197	11278997	9.192279469617248e-05	7.039997678241697e-09	0.2732704973860907	1740	0.0001141573354112	1.8534376271677023e-08	0.4017371918647459	1714
8	11278998	13491774	0.0002169834745223	1.8237511825413613e-08	0.1081128275406767	4296	0.0001619133484798	5.2541307116497407e-08	0.479958100761237	4230
8	13491775	13944991	1.6599412034534087e-05	6.767620941791832e-09	0.8400899618270617	2062	1.8198703138131782e-05	1.6978605100730365e-08	0.8889242108236005	2034
8	13944992	15991659	0.000284275338163	2.0862117397035275e-08	0.049049844145409	5637	2.5754730652046977e-05	5.2386300984339304e-08	0.9104073284859708	5545
8	15991660	17387875	-0.0002098784999205	1.1145957391366664e-08	0.0468152935496069	2738	1.1280628935406834e-05	3.214550824621313e-08	0.949832002467134	2709
8	17387876	17836398	2.0301744163712495e-05	4.650952739377736e-09	0.7659407489151815	1284	-4.393564049899239e-05	1.2250004865136536e-08	0.6913955526838695	1258
8	17836399	19492839	-0.0001010631720384	1.7294824168991673e-08	0.4421996718672702	4065	-6.810913618351236e-05	4.8297500257688975e-08	0.7566253521685579	4024
8	19492840	20060855	5.187095184763645e-05	5.6405973334675064e-09	0.4897818667783647	1369	-0.0001692581239901	1.556766836001986e-08	0.1749223197110997	1351
8	20060856	21661736	0.0001820409226965	1.2413944831212496e-08	0.1022888176460361	3130	3.193845660419069e-07	3.3859419488391895e-08	0.998615114032103	3088
8	21661737	22897056	7.011706861741268e-05	7.624067613076292e-09	0.4219588788988173	1842	4.664579978401746e-05	2.0378819516441658e-08	0.7438527476392229	1807
8	22897057	24674717	0.0001569717041742	1.165379572606863e-08	0.1459247110516568	3197	0.0001782440783417	3.1223418545264736e-08	0.3131041979204462	3145
8	24674718	25483453	3.783986677000043e-05	4.203882076236082e-09	0.5594812736056953	1367	7.078211812301608e-05	9.343930938383841e-09	0.4640166454001599	1345
8	25483454	26682524	-4.820707526654864e-05	1.0988976971438263e-08	0.6456117595852353	2732	0.0002429565081515	3.080216222667324e-08	0.1662590861011222	2683
8	26682525	28162391	0.0001982940324823	1.3086524336724146e-08	0.0830255235848428	3309	6.322858892299882e-06	2.6076641007573418e-08	0.9687667794625766	3275
8	28162392	29327895	3.857319668039952e-05	4.778254072400778e-09	0.5768296325212539	1483	2.8747512802380103e-05	1.2142600449259992e-08	0.7941833633612971	1451
8	29327896	31133728	-1.4263172953387323e-05	8.682644706096045e-09	0.8783430593406983	2525	-8.8153207768417e-05	2.2591611106627303e-08	0.5575427350115721	2473
8	31133729	31548359	-6.158443709022568e-05	2.792340435554795e-09	0.2438443281231521	831	1.592316859137569e-06	7.097847503979851e-09	0.9849207282798376	826
8	31548360	32977217	0.0001055090103232	7.4304464212825194e-09	0.2209515066069866	2273	0.0001547832135522	1.8195677431586123e-08	0.2511891663316776	2240
8	32977218	35317231	0.0001735968007318	1.3679953618739589e-08	0.1377495457185636	3277	8.50651062980373e-05	1.5116656222060843e-08	0.4890198914299681	3237
8	35317232	37379388	1.4665308373284411e-05	4.672444326988386e-09	0.8301217961193956	1609	-7.360646742473615e-05	1.0824586516877322e-08	0.4792721332501303	1593
8	37379389	38938805	0.0001802524842661	6.182185422211166e-09	0.0218765333427512	1537	5.311043073122155e-06	1.5828648357085198e-08	0.9663279934671553	1517
8	38938806	40703336	-2.4053009147106587e-05	9.806021145967982e-09	0.8080848201367552	3312	5.207933829928103e-05	2.3019506903354228e-08	0.7314062879927488	3245
8	40703337	41721453	-9.960564905962624e-06	6.6443342580176355e-09	0.9027435171102728	1987	1.9772042917525937e-05	1.5676340538109083e-08	0.8745221118453308	1953
8	41721454	42773822	-1.0080961684296514e-05	2.6686264312680515e-09	0.8452792081942395	885	-8.478711433861096e-06	6.544208825132408e-09	0.916526850844008	863
8	42773823	46841314	-1.053996018751054e-05	8.720171452189765e-10	0.7211482670544096	361	-1.285719460636971e-05	1.5511696089232336e-09	0.7440839694887923	353
8	46841315	50082469	-3.091741369093488e-05	6.656995465474291e-09	0.7047365823244223	2349	7.477499842299379e-07	9.857638469068422e-09	0.9939909485105836	2333
8	50082470	53302929	0.000130242337351	1.3537014472509432e-08	0.2629635601973726	5179	-2.275108681800818e-05	2.3631913413768893e-08	0.8823451916821011	5123
8	53302930	54418043	-4.446544605598331e-05	5.854376262185266e-09	0.561144687214469	2128	-1.5155267761681032e-05	1.2687811915898933e-08	0.8929709720252841	2103
8	54418044	55945580	-4.2780257989900534e-05	6.407626974707579e-09	0.5930406972780758	2200	-8.56087702564931e-05	1.4036551091946668e-08	0.4699357952329984	2176
8	55945581	56956382	3.0364735880839e-05	5.396785005516715e-09	0.6793613521779337	1675	0.000125005058176	1.3972772791453025e-08	0.2902768881984008	1652
8	56956383	59068650	0.0001322420034094	1.219861539349143e-08	0.231177648096724	4023	3.4528215774099304e-05	2.3733867378327802e-08	0.8226602091934331	3970
8	59068651	59728099	-7.512537450362304e-06	3.9816900482400535e-09	0.9052306339026766	1273	-9.606499727686332e-05	9.312958763264428e-09	0.3195153516538165	1254
8	62329099	63349305	2.930363202730846e-05	5.252609819723357e-09	0.6859714943290185	1818	3.14598781258632e-05	1.109198875226104e-08	0.7651599807667989	1800
8	63349306	65232871	-4.5484762481068986e-05	8.220901071617026e-09	0.6159093501967057	2724	7.34794009237928e-05	2.0265234052800578e-08	0.605738142007322	2689
8	65232872	66489089	-7.298944953138799e-05	5.374006801993758e-09	0.3194154578192927	1636	-0.0001476840923622	1.3894164783636857e-08	0.210240961159318	1620
8	66489090	69863056	0.0003528831250299	1.34667479225501e-08	0.0023588648953923	4162	0.0001386861863785	3.250002115664784e-08	0.4417198087014787	4112
8	69863057	70867978	8.124644244120954e-05	6.914382417830713e-09	0.3285322970459714	1759	8.640086920527041e-05	1.9173818373967778e-08	0.5326471953529863	1733
8	70867979	72289453	-1.7174963237008e-05	6.882033000646626e-09	0.8359848811972885	2224	2.6546785686911144e-05	1.2172287776987161e-08	0.8098521748402742	2193
8	72289454	73817198	4.2712315089302753e-05	1.0554023858144462e-08	0.6775846702142562	3031	-1.694154647771606e-05	2.8472302595576055e-08	0.9200252935573654	3011
8	73817199	75445063	0.0001445522298836	9.028344859068664e-09	0.1281794210268819	2591	6.061044835417916e-05	2.281979932119631e-08	0.6882520274133832	2564
8	75445064	76456541	5.8864514321642944e-05	5.19851647477511e-09	0.4142597277528396	1575	-4.658645425124141e-05	1.3658172721953566e-08	0.6901703330044353	1564
8	76456542	79132860	8.822176154279143e-05	1.2031463582835523e-08	0.4212254207150043	4364	-0.0001074001672441	2.3242102031076266e-08	0.4811353269591683	4325
8	79132861	81956394	8.199450340976543e-05	1.2438078441163605e-08	0.4622150230967612	3815	4.6137744578715025e-05	2.9404431023508077e-08	0.7878831142053359	3776
8	81956395	82693738	1.7245277799574023e-05	3.2844786479222743e-09	0.7634829383560928	1014	5.78985184750923e-06	7.983998769411472e-09	0.9483353543421592	1010
8	82693739	84225588	2.1247022782813025e-05	8.211191126086945e-09	0.8146168853991955	3104	-2.696131581945365e-05	1.7052080571174362e-08	0.8364254904228655	3063
8	84225589	85955618	2.5383189644132843e-05	7.049598038392731e-09	0.7624096518895253	2655	-0.0001014055945971	1.3874036667051544e-08	0.3892846169714709	2627
8	85955619	87411708	7.024930680879109e-06	3.4075162221878372e-09	0.9042109501013844	1255	-2.1855509153405364e-05	6.861400413147401e-09	0.7918966997250727	1234
8	87411709	89085480	9.143833578859104e-05	9.406235800134633e-09	0.3457823138556594	2726	0.0001512600227729	1.6372751326985916e-08	0.2371561853544981	2700
8	89085481	90638161	-9.128938632268904e-06	6.780500457059533e-09	0.9117244223935836	2428	-9.25140786405638e-06	1.3095457850028872e-08	0.935566061361578	2414
8	90638162	93554385	3.653443670941187e-05	9.288595706717247e-09	0.70463071728551	3131	0.0001133571829994	3.433143347127053e-08	0.540676052152857	3103
8	93554386	95005526	-0.0001062323486225	5.699681763117978e-09	0.1593914787459615	1600	-0.0001317981460064	1.5322563101242732e-08	0.2869935791609388	1579
8	95005527	96534805	2.569383549743675e-05	9.667895352338021e-09	0.7938502361029901	2812	3.558208551903368e-05	2.3414635013959938e-08	0.8161227667751326	2778
8	96534806	99401580	-4.34613503025155e-05	1.7129001405027985e-08	0.7398320431165153	4597	-0.000196509700258	4.4684885348682495e-08	0.3525698523414691	4535
8	99401581	101620957	9.22016149615726e-06	5.418445788484031e-09	0.9003202857642918	1700	-2.9844062190052425e-05	8.98392131406912e-09	0.7528638382054436	1688
8	101620958	104123305	-1.9537452399301027e-05	1.5755948177956982e-08	0.8763098895254309	4120	-0.0001085134675114	4.348024216826883e-08	0.6027844957809594	4054
8	104123306	104988751	4.947438837134934e-05	5.2095152660909395e-09	0.4930540322147556	1932	2.547750438970226e-05	6.808579029125691e-09	0.7574999820735293	1913
8	104988752	107410753	-0.0001018816124006	1.236616383345214e-08	0.3595752541928391	3969	5.5788471705242305e-05	3.055142587206279e-08	0.749593894098594	3927
8	107410754	108648176	-1.3159208866940728e-05	6.514289548194036e-09	0.8704863244419994	2142	3.0752049279656895e-06	1.544673603470306e-08	0.9802598045505876	2119
8	108648177	109248172	2.512581823250907e-05	2.761668320619387e-09	0.6325667224387326	982	-1.9328633419744897e-05	5.976684309064347e-09	0.8025735558056405	971
8	109248173	110484313	9.245689875278004e-05	5.349662512640547e-09	0.2061996749879953	2032	2.392923807296174e-05	9.782101476972048e-09	0.8088244482874063	2009
8	110484314	111850846	0.0001569873148532	5.3761449084645255e-09	0.0322691043297657	1429	8.373179453457962e-05	1.0349957153479986e-08	0.4104850524471848	1411
8	111850847	113064319	6.391549217707544e-05	4.758240454420662e-09	0.3541446172819076	1516	-2.8633556244626276e-05	7.522858432602394e-09	0.7413023944849824	1504
8	113064320	116096494	0.0001225562175259	1.3057305166617274e-08	0.2834830190805678	5060	-0.0001221517221763	2.5116932126644105e-08	0.4408522199493102	4998
8	116096495	119685456	0.0001341894869839	1.561831779794562e-08	0.2829367535496785	4438	-0.0001321715368687	4.086948058608624e-08	0.5132470059724574	4385
8	119685457	121201699	-7.667739198746914e-06	7.485881455550692e-09	0.9293816238798712	2527	-0.0001128275149273	1.7566919479459603e-08	0.394619506717408	2502
8	121201700	124861458	4.0210909976129486e-05	2.091267959810031e-08	0.7809660347722317	5759	-0.0002913077850292	5.4598611868389874e-08	0.2125082233072287	5683
8	124861459	125683718	9.228594053724456e-06	4.602852024307449e-09	0.8918007000197966	1405	1.6434875632867513e-05	1.1910118592274142e-08	0.8802958004676981	1384
8	125683719	126410916	1.924616877071243e-05	4.81088200594611e-09	0.7814114375169825	1276	7.817086722779896e-05	1.3834852326763292e-08	0.5063089841090467	1258
8	126410917	128659110	-0.0001143268962518	1.532894599190442e-08	0.3557961376905437	4106	8.291377466648393e-05	3.905421604736764e-08	0.6748078688912795	4071
8	128659111	130381138	2.5611176123817614e-06	9.737070811862772e-09	0.9792935016456444	2926	-9.61928253289243e-05	2.442014322117873e-08	0.5381866549534142	2896
8	130381139	131639624	-6.6645225950568895e-06	7.742667148932968e-09	0.9396261671666548	2300	-5.95106263906047e-05	1.9977844205346762e-08	0.6737281008279796	2275
8	131639625	133351143	-1.4238704239989592e-05	1.0916057922573192e-08	0.8915985874526097	3485	0.0002298091255657	2.7294772518163377e-08	0.1642250375955649	3446
8	133351144	134570000	6.0699583442264224e-05	9.851048180214325e-09	0.5408238613426917	2498	-7.783548631503122e-05	2.6333837142637043e-08	0.6314793329213344	2471
8	134570001	136035604	0.0001209106392342	1.3366491000594698e-08	0.2956454029600877	3397	0.0001429023632391	3.853074667627964e-08	0.4666091543483049	3340
8	136035605	137524150	0.0002190674769005	7.900821755509772e-09	0.0137176426384927	2603	-1.088038597760618e-05	1.8937282943677322e-08	0.9369807495667904	2578
8	137524151	139254829	2.9095078393546376e-05	1.1336537910084687e-08	0.7846517913674821	3651	-3.8086321644433995e-05	2.7737704599963275e-08	0.819115353543949	3613
8	139254830	140725642	-0.000120042012236	9.893351290583213e-09	0.2274810783037707	2662	-0.000167120762063	2.670042019770668e-08	0.3064239801833995	2626
8	140725643	143044913	0.0001462019416333	1.526933788953094e-08	0.2367462186299052	3737	0.0002949220451087	3.8512600157622886e-08	0.1328864932661951	3647
8	143044914	144236880	-9.210989011589392e-05	9.995858332257773e-09	0.3568991947496311	2532	3.8309685476007406e-05	1.7011497876472797e-08	0.7689699118469362	2448
8	144236881	146303866	5.463622432593605e-07	6.3218723231495206e-09	0.9945173002538332	1570	-8.89476668381704e-05	1.0537423376373552e-08	0.3862173619130674	1535
9	10023	1079706	4.1058632675297906e-05	1.0802867417409096e-08	0.6928174716252671	2448	0.0001069994937179	3.26722730775392e-08	0.553877660590676	2411
9	1079707	1916876	-1.8713460856744716e-05	8.604537939469737e-09	0.8401206002268102	2057	1.7678514122841135e-05	2.5067018279489097e-08	0.911093649196044	2039
9	1916877	3190063	5.348423650527293e-05	1.3331224774630932e-08	0.64320402707488	2874	0.000228261914034	4.0963997582490685e-08	0.2594041757104077	2844
9	3190064	4495327	8.391618614781033e-05	1.2584952850522471e-08	0.4544411008966778	2503	-0.0001710026861154	3.9064617570865154e-08	0.3869348928426563	2474
9	4495328	4884925	3.16844382866452e-05	4.022870545163925e-09	0.6173927656093469	883	-0.0001089981372211	1.272169935415042e-08	0.3338556500994868	870
9	4884926	6557588	6.957786769529851e-05	8.971809888312699e-09	0.4626035819698589	2400	-1.1982188746441783e-05	2.2183787984896768e-08	0.9358805025108184	2371
9	6557589	7154922	-6.238950287557767e-05	6.041823394189101e-09	0.4221756689599387	1608	-5.451219180425328e-05	1.6970379826882478e-08	0.6756151140404345	1567
9	7154923	8456298	3.569481729825346e-05	1.4383657734103729e-08	0.7659888240859155	3352	-0.0001769627915836	4.3158867829777725e-08	0.3943149772406387	3317
9	8456299	9166402	-1.3427156437071896e-05	7.2606047809691824e-09	0.874788749651152	1549	-0.000115596723945	2.2656324088036848e-08	0.4424981300762483	1525
9	9166403	10879252	0.0001244056181692	1.6345098999088163e-08	0.3305161383658525	4032	5.4275640230381966e-05	4.7039099802946454e-08	0.802393411092927	3982
9	10879253	12276488	0.0001129185375884	1.1178990444285548e-08	0.2855286098211542	3324	8.906263473221227e-05	2.8875394616811737e-08	0.6001943717781316	3285
9	12276489	14836362	0.0002312649433062	2.1849465523357586e-08	0.1176885038802322	4952	-6.819228677163915e-05	6.487329683951823e-08	0.7889046730709037	4906
9	14836363	16659654	-9.448535850468048e-05	1.3271094284400069e-08	0.4121113777493065	3331	-0.0001804779268415	3.3777981802476464e-08	0.326104574614944	3289
9	16659655	18661050	0.0001961213921183	1.6184869189140502e-08	0.1231719745188452	4308	8.221006862421014e-05	4.071909180585082e-08	0.6837108207980738	4252
9	18661051	20463533	4.276585522270544e-05	1.3395130616814776e-08	0.7117492130680731	3260	0.0001994120692958	3.8571351832436145e-08	0.3099354119611641	3214
9	20463534	22206558	-1.0136953623879962e-05	9.996743893938102e-09	0.9192440148445088	2682	-4.772284972669946e-06	2.443368537992589e-08	0.9756440833916636	2656
9	22206559	24158517	-2.6302816606303983e-05	1.3549105281059933e-08	0.8212263063348441	2603	0.0001804852837313	3.3513578624062816e-08	0.32418382741912	2566
9	24158518	25330809	0.0001077794022661	5.578669498060832e-09	0.1490166120334026	1513	0.0001853845111946	1.439507224870884e-08	0.122313533885829	1501
9	25330810	26111756	-6.203140917059406e-05	5.81165245958275e-09	0.4158195036813449	1355	-9.76666192019686e-05	1.6882253545161436e-08	0.4522456546236595	1347
9	26111757	28224282	9.021967207491983e-06	1.6151526198721572e-08	0.9434060674676122	3821	0.0001886567692449	4.776948191112732e-08	0.3880431428401705	3767
9	28224283	28811583	9.129264017948956e-07	4.312524720264138e-09	0.9889083529491692	1124	0.0001057303867381	1.2419744666160317e-08	0.3427570035338873	1111
9	28811584	30387391	-8.456447316222773e-05	1.1156430855800606e-08	0.4233528712172629	3534	-2.479069353951468e-05	2.5951708412740745e-08	0.8776977820311671	3501
9	30387392	31310382	6.0014692870167035e-05	5.332344180399994e-09	0.4111558726794599	1783	0.0001277144327926	1.079272470986472e-08	0.2189417926123504	1764
9	31310383	32019367	0.0001121354902207	4.064324239798827e-09	0.0785891539069835	1553	-1.778325713068166e-05	8.827554160581254e-09	0.8498780199639393	1541
9	32019368	33578333	0.0001041303688071	1.001841090075449e-08	0.29817897445143	3029	-0.0001173607098791	2.4482376398559883e-08	0.4532186347145249	2980
9	33578334	34642242	2.5626244670263384e-05	5.2187532359128075e-09	0.7227896289607689	1810	-2.6211642951892292e-05	1.1076875394112144e-08	0.8033225211529793	1763
9	34642243	36743282	-0.0001478936077075	9.469355761539172e-09	0.1285588328558478	2631	4.9873526042325966e-05	2.6300948388305223e-08	0.758441672737408	2580
9	36743283	38641598	-1.8899732619438703e-05	1.2133753423085017e-08	0.863770398887597	3102	3.733740020961648e-05	3.1895551403084255e-08	0.8343983668982824	3059
9	38641599	65472189	-2.922173989864831e-06	2.027042213965545e-09	0.9482500536613956	362	4.41875268363173e-05	6.748747956893485e-09	0.5906575930325795	351
9	65472190	72512710	0.0001840069074554	8.644139625345953e-09	0.0478019267238133	2272	-9.21540701559539e-05	2.410285440981552e-08	0.5527921255096585	2244
9	72512711	72753754	3.3545545885492e-05	1.373841850071253e-09	0.3654456112993826	461	3.708094120720991e-05	3.740356400029738e-09	0.5443093597690337	457
9	72753755	74253039	-2.778156580241472e-05	8.394389109461532e-09	0.7617199056514706	2572	1.217679555181613e-05	1.983818831422696e-08	0.9311060094287448	2543
9	74253040	76203945	2.769779637145367e-05	8.89629033954241e-09	0.7690198156436807	2832	-0.0001375955719533	2.1495273503695133e-08	0.3479889675712931	2782
9	76203946	76973080	0.0001194861909435	3.1192578077342173e-09	0.0324032511724801	1008	-0.0001041983330946	6.7542739431456755e-09	0.2048478094865052	998
9	76973081	78900182	-7.852873593259488e-05	1.5244406924038752e-08	0.5247609354493803	3555	2.994198521847254e-06	4.328046930318242e-08	0.9885168859251235	3508
9	78900183	79471207	-4.703516799320667e-05	5.273081142221871e-09	0.5171630123754696	1204	5.8263710380037944e-05	1.6252770499744866e-08	0.6476572520514807	1195
9	79471208	81079054	1.898896151838955e-05	9.501226669298609e-09	0.8455416482909682	2546	-9.564460962505686e-05	2.452281283078299e-08	0.5413540355997792	2511
9	81079055	82590927	2.9211678955217256e-05	9.258273837475354e-09	0.761438116122336	2288	5.019149929225331e-05	2.7243277219361363e-08	0.761060202425543	2257
9	82590928	84211232	2.0205308609198008e-05	1.2797637478834678e-08	0.8582456161198277	3730	-7.808351374334807e-05	3.2910460093633155e-08	0.6668902011266523	3686
9	84211233	85440800	0.0001886144786083	4.9383957613964045e-09	0.0072747684078877	1271	0.0001185842526053	1.3372374657722724e-08	0.3051417040919657	1246
9	85440801	86938195	-4.469056509179896e-05	9.97288391229678e-09	0.6545048461654182	2625	-0.0001182832867207	2.7060410369970466e-08	0.4721130672605642	2581
9	86938196	88109332	-6.053034850683656e-05	6.588714307081059e-09	0.4558396404727166	1871	-0.000139353031024	1.8030336056245732e-08	0.299362239547196	1845
9	88109333	88590416	1.305135717680002e-05	1.3644075524146092e-09	0.7238391640812631	384	2.2511913485970665e-05	3.678049372783816e-09	0.7104913318703915	378
9	88590417	90136245	-5.11554371907405e-05	9.769778256329893e-09	0.604774658119624	2482	0.0001778621597444	2.853754693095436e-08	0.2924000317132532	2456
9	90136246	92528697	0.0001110590299664	1.5296570836019213e-08	0.3692070475104101	4337	-0.0001347129569123	4.0935594792104104e-08	0.5055242192346721	4264
9	92528698	94167202	5.455747025558715e-05	1.1141602145423476e-08	0.6052476789078897	2829	0.0001189963567897	3.1346884874640655e-08	0.5015174994542813	2796
9	94167203	96671697	0.0002635729958085	1.3679179298623124e-08	0.0242232849432714	4059	0.0001583757347871	3.3262791272809335e-08	0.3851869034482841	4004
9	96671698	98922039	-1.0897778861383257e-05	1.1424276755315678e-08	0.918789579103795	3346	-1.8110600749424142e-05	2.996024347754768e-08	0.9166686513376288	3293
9	98922040	101592858	0.0003716860971782	1.2774903971236273e-08	0.0010072373707283	3611	4.42124435361021e-05	3.301848054790418e-08	0.8077626468142249	3563
9	101592859	104624436	-7.339693752335123e-05	1.4531977425453585e-08	0.5426189691860552	4391	-4.808458497467029e-06	3.4838906198102545e-08	0.9794474533642068	4339
9	104624437	105967975	8.059005418896839e-05	1.0821472046797392e-08	0.4385119737844872	3454	-2.004653764533824e-06	2.6921237875502373e-08	0.9902518743612988	3418
9	105967976	107581748	8.163848871787302e-05	9.831542998219805e-09	0.4103093917214184	3232	-9.19432033373553e-05	2.319048188506315e-08	0.5460028405061255	3205
9	107581749	109298753	-3.771130568480806e-05	1.0192170062801311e-08	0.7087458609901783	2729	-0.0002204453726061	2.6054261895079462e-08	0.1720269331564115	2682
9	109298754	110695061	0.0001793873755062	1.0142539747823342e-08	0.074875878642456	2304	-0.0001374520908332	3.0578220674437016e-08	0.4318434191720884	2272
9	110695062	112778023	0.0002038218397884	1.6813721299218142e-08	0.1159788814884843	4368	3.1348746537091916e-05	4.7173824253961706e-08	0.8852364713413425	4331
9	112778024	114831081	4.1483041150434774e-05	1.6588895792512987e-08	0.7473931622531299	4221	9.10034789255836e-06	4.66609925635012e-08	0.9663958730037157	4149
9	114831082	115693144	2.4378276265885517e-05	4.542700410912551e-09	0.7175778220543534	1552	-7.617237860771094e-05	9.738953223644728e-09	0.4401943583398457	1531
9	115693145	117019800	-5.890178691936664e-05	9.537543073866458e-09	0.5464228726894758	2367	0.0002221562835089	2.5782113792694856e-08	0.1664919122602128	2342
9	117019801	117921959	-0.0001179434861949	6.897375965980046e-09	0.1555661173117612	1630	-0.0001429671152352	2.0735754434870615e-08	0.3207913120476745	1619
9	117921960	121321536	-2.0591595508121063e-05	2.233207764285784e-08	0.8904044484868482	6040	0.0001739577874396	6.055065489314362e-08	0.4796018455718148	5971
9	121321537	122260296	-7.870151856083418e-05	5.76303273029991e-09	0.2998707169284488	1369	-0.0001571009089667	1.2700773460444264e-08	0.1633167912265036	1359
9	122260297	124871321	0.0002765946626681	1.7840775378709637e-08	0.03837803566858	3058	-0.0002932778283811	2.740733922910831e-08	0.0764744498123194	3016
9	124871322	126971886	6.601432278823955e-05	1.0905528720034824e-08	0.5272939374414275	2680	-0.0001383931650804	3.06722540274265e-08	0.4294059078814594	2644
9	126971887	129059664	-0.0001920299824793	7.955075871351597e-09	0.0313175683757897	2186	-0.0001220965161132	1.9305505988388524e-08	0.3795397612252733	2153
9	129059665	130055509	-2.2950400560874636e-05	5.381020722200825e-09	0.7543827063146942	1354	-2.960332441989143e-05	1.36861930023368e-08	0.8002328117965783	1335
9	130055510	132165469	7.341389821149228e-05	9.673192366110528e-09	0.4554032528130077	1993	-0.0002960288736541	1.8149242772083892e-08	0.0279934446664527	1954
9	132165470	133223216	-6.536597008621375e-05	6.4463713804241715e-09	0.4155701682944042	1605	-0.0001163997448023	1.587523753685929e-08	0.3555749982973331	1553
9	133223217	134127887	7.794451102045849e-05	5.584694091824832e-09	0.2969465866313991	1213	-4.117750033154908e-06	1.6975191150485e-08	0.97478723888743	1196
9	134127888	135298841	3.187279470419264e-05	8.06568244247412e-09	0.7226684349809617	1711	-0.0001277613671767	1.8096171398503617e-08	0.3422427451873772	1688
9	135298842	137041121	0.0001348520212248	1.3498499218700072e-08	0.2457696484900549	3086	0.0001938943628615	3.8791095827721285e-08	0.3248881820076644	2998
9	137041122	137589363	-3.095130716024783e-05	1.8308176592075533e-09	0.4694567350747108	427	1.5446904658160345e-05	5.6962354916192e-09	0.837832424623222	418
9	137589364	138938977	1.6426511399680664e-05	1.01404331559796e-08	0.8704210331704183	2012	1.2685200561409892e-05	3.5507084688746076e-08	0.9463274831127904	1979
9	138938978	139500341	-2.157065106323919e-05	1.3742907418162142e-09	0.5606560752646267	325	-3.6569225854289245e-05	4.087648033243944e-09	0.5673371513592895	318
9	139500342	141144795	-1.3779366192740896e-05	3.296051097835283e-09	0.8103212459869946	955	3.204448887452909e-05	8.680298307951237e-09	0.7308894219675286	933
10	60523	751338	1.645853893026734e-05	2.061038985772056e-09	0.7169533744388528	539	-5.893753818548502e-05	6.426841193802184e-09	0.4622303692175021	513
10	751339	1523543	-2.243729786431903e-06	5.263365415832043e-09	0.9753277006643722	1601	1.9363152017992786e-05	1.5674471237994804e-08	0.8770889167428219	1536
10	1523544	2254499	-7.764810631845863e-05	7.116138946286572e-09	0.3573282876737363	1965	-7.007311008513781e-05	2.2376170324876922e-08	0.6394664664517176	1931
10	2254500	3352698	-1.2563040769237748e-05	9.3616882596057e-09	0.8966908451371074	2692	-2.463618006886845e-05	2.9021885797572526e-08	0.8850155861018373	2643
10	3352699	4572273	0.00011875441362	8.437667125317064e-09	0.1960728029588553	2447	6.882491390079891e-05	2.7294892273420752e-08	0.6769810311256019	2403
10	4572274	5983761	2.2190885082732968e-05	1.111275613589998e-08	0.8332730516559129	3552	5.142865174152155e-05	3.1535925195659943e-08	0.7721203317676648	3503
10	5983762	7171483	-6.140149062276718e-05	1.3645984154307053e-08	0.599148387831441	2675	-0.0001121867130606	4.6882178508422136e-08	0.6043685749321885	2629
10	7171484	8774664	3.2783765199475304e-05	1.3089003878143212e-08	0.7744543168547724	3554	9.832305823414602e-05	4.1880216526871465e-08	0.6309053079946585	3487
10	8774665	10249395	0.0001962679296747	9.599507652768161e-09	0.0451555533680108	2845	0.0002824872365514	2.4161584052315076e-08	0.069165105410998	2815
10	10249396	12586796	3.2201171793624416e-05	1.6221551465212875e-08	0.8004009890980643	4448	0.0001142719382526	5.0908784886341874e-08	0.6125353366566499	4373
10	12586797	13321599	0.0001997852628786	8.431329123314364e-09	0.0295715470593152	1796	0.0003261972043849	2.8644488358729784e-08	0.0539365172170152	1759
10	13321600	15026067	-8.72677378718916e-05	1.4907766286678557e-08	0.4747703845882423	3669	0.0002586880843747	4.8272317650149776e-08	0.2390323012244772	3608
10	15026068	16551766	8.303840725848849e-05	9.027032879389027e-09	0.3821236615138652	2708	8.449944855918672e-06	2.705774505662456e-08	0.959030830278794	2662
10	16551767	18537266	6.44090555267832e-05	1.1320734308713376e-08	0.5449436090024835	3383	5.999349660337574e-05	3.46868028921375e-08	0.7473593442522987	3320
10	18537267	19716877	0.0001356743004237	1.261620300455166e-08	0.2270832950493262	3023	-6.900135750028857e-05	1.9879037372999863e-08	0.624561730783274	2975
10	19716878	22772282	-2.5437230980939352e-05	1.3933664115437112e-08	0.8293814226755561	4495	-0.0003276869446494	4.0681790182774264e-08	0.1042377180274954	4418
10	22772283	23175131	1.7167583404507043e-05	1.6161134244954124e-09	0.669346834053846	542	2.1227830826580502e-06	4.979296864379228e-09	0.9760008329745108	531
10	23175132	25578595	-5.1433692241697606e-05	9.550484148622062e-09	0.5986784042006842	3363	-0.0001284675282962	2.6857680267294232e-08	0.4331004270137393	3308
10	25578596	26888683	-2.5473489868052808e-05	8.202432924799012e-09	0.7785064523994392	3425	-5.916471004932112e-05	1.940176224049924e-08	0.6710126813407051	3367
10	26888684	29323235	-2.3986645111322096e-05	1.4197983836430912e-08	0.8404595100375285	5100	-0.0001478351806795	3.8866262043799064e-08	0.4533273569731686	4985
10	29323236	29783691	6.908594219927451e-06	4.351881794894677e-09	0.9165938764601056	1240	-2.445745990807907e-05	1.3275520808660782e-08	0.8318975629343415	1222
10	29783692	30458837	-1.8956865428204817e-05	5.4198048931732145e-09	0.7967939743606628	1551	-0.0001055695945538	1.6529718828090613e-08	0.4115784680014517	1514
10	30458838	31907518	9.571418527323376e-06	6.945282800039783e-09	0.908563945623771	2519	0.0001557532327184	1.9231846066229626e-08	0.2613860704455889	2491
10	31907519	33707967	-0.0001343557720156	8.718937838375605e-09	0.1501845606621388	3431	-0.0002235157304055	2.0725130366859122e-08	0.1205188319795662	3376
10	33707968	35109354	-1.4100743376250578e-05	6.628449803008491e-09	0.8624979427788073	2121	-4.351637652586386e-05	1.8951606678085092e-08	0.7519237269962205	2096
10	35109355	36572507	2.6362254743733485e-05	5.094796810441492e-09	0.7118788944612445	2156	6.943847075016707e-05	1.1494871176566685e-08	0.5172038988195706	2129
10	36572508	37790028	3.863666500400898e-05	5.294582959695967e-09	0.5954279020423676	1959	1.6837920984576402e-05	1.423203497334122e-08	0.8877580985793314	1921
10	37790029	42372578	4.188783364933462e-06	4.152236855415407e-09	0.9481700099514496	1985	-1.1666730550163148e-05	7.421089518713845e-09	0.8922717941195375	1949
10	42372579	43894770	-4.280607596947031e-06	5.694457872582023e-09	0.9547637677290998	2363	5.5611632479092096e-05	1.4205562059977932e-08	0.6407924692062998	2305
10	43894771	44730074	1.0951722695302509e-06	4.180875808290726e-09	0.986486492033016	1692	3.38060949908139e-05	1.1585622713693941e-08	0.7534630065617136	1669
10	44730075	48760449	3.709865229563578e-05	8.82857659494783e-09	0.6929665786530106	3525	-0.000128265741961	2.164065347995764e-08	0.3832532788308025	3464
10	48760450	50840914	0.0001064797976972	8.548352749173786e-09	0.2494589438276715	2751	-1.3950124545549857e-05	2.5987148780734524e-08	0.9310400303784592	2721
10	50840915	53616628	1.803587323590586e-05	8.956191534133763e-09	0.8488552915057511	2963	-4.396724881323202e-05	2.7010123815940695e-08	0.7890641947784186	2928
10	53616629	55103571	-3.432685822357103e-05	9.069074477345398e-09	0.7185059608007002	3222	-0.0002445598271378	2.6194008947884662e-08	0.1307710164123864	3176
10	55103572	57031139	7.116667999946088e-05	1.1876326476535028e-08	0.5137345060064289	4599	0.0001810581289528	3.2096918206652746e-08	0.3122000424859267	4545
10	57031140	57662145	7.292304882590169e-06	2.467059455828175e-09	0.883276822519752	1142	6.889323446142201e-06	6.357179439128742e-09	0.9311436080220262	1134
10	57662146	58959527	1.9034903650542423e-05	5.853610847473834e-09	0.8035206390802657	2833	-0.000111098856494	1.26531373696274e-08	0.32331583472398	2806
10	58959528	60289986	-1.520526935350041e-05	5.9107285211125455e-09	0.8432203164969304	2886	6.113096802282715e-05	1.360981716214107e-08	0.6002753168313526	2862
10	60289987	61891408	-1.250717921370572e-05	7.1127301591324575e-09	0.8821060004363931	2356	7.157210663739119e-05	2.0948776029640177e-08	0.6209545714523771	2328
10	61891409	62659678	1.900680210282039e-05	4.079002283527263e-09	0.7660089182356694	1447	7.249996018484956e-05	1.1737624935813767e-08	0.5033760420595981	1432
10	62659679	63341694	-5.326589047391519e-05	2.015443043747697e-09	0.2354290157059991	696	-6.690231731210368e-05	5.990133102339935e-09	0.3873592671205624	690
10	63341695	65794113	1.0227043634151306e-05	1.3066477099325994e-08	0.9287094724286836	4043	0.0001114009601132	2.905261459250609e-08	0.5133847911800953	3985
10	65794114	67549614	3.3020580594475e-05	7.824616220394034e-09	0.7089282517003468	2945	-0.0001723290046781	2.080011081163086e-08	0.2321325597239094	2927
10	67549615	69900147	1.0442455244731665e-05	1.2633338561795069e-08	0.925978274260213	4763	0.0001111854091824	3.5272040043087864e-08	0.5538407277669735	4704
10	69900148	70195990	8.845033900733846e-06	1.534730334680581e-09	0.8213733441014082	611	-9.751679129280022e-06	4.171357623488607e-09	0.8799856597651807	598
10	70195991	72220849	-9.052659540908408e-05	1.4715821653549046e-08	0.4555168395364389	4075	-0.0001841242441252	4.54735489059133e-08	0.3878962633069367	3998
10	72220850	73508511	-1.846814021197635e-05	1.2266046318600872e-08	0.8675652451763731	3036	0.0001792239047853	3.9904082983911656e-08	0.369614406513487	3001
10	73508512	75422549	4.943090044525565e-07	5.185157712349598e-09	0.9945228556473422	1968	1.2191192619101972e-05	8.33633888290049e-09	0.8937791846774176	1930
10	75422550	78706813	6.308809389479891e-05	8.179955503324727e-09	0.4854620838169529	3264	4.152292502412399e-05	1.9729946371141685e-08	0.7675248866139226	3231
10	78706814	80876748	-6.819665075280095e-05	1.3300993972472616e-08	0.5543074637084118	3588	-5.328654027386885e-05	4.248276869977846e-08	0.7959978204040137	3570
10	80876749	82414678	4.056591160892833e-05	8.554893227026343e-09	0.6609621441645176	2985	-0.0001551214347039	2.2375766521290568e-08	0.2997312995703444	2928
10	82414679	84383744	-9.444713287943938e-05	9.573970661231331e-09	0.3344163565086336	3572	0.0001885105246453	2.7144479893662722e-08	0.252548462974417	3546
10	84383745	85458702	2.566638171342628e-05	5.680503138757361e-09	0.7334480660061196	2505	-9.612170391894985e-05	1.4057615100356224e-08	0.4175321148083423	2475
10	85458703	87937576	-9.234863743812329e-05	1.4058159752736745e-08	0.436054946684373	4845	-9.134915036786896e-05	3.857471860422704e-08	0.6418546391873576	4792
10	87937577	89127063	-1.23919420797439e-05	4.6630466934078e-09	0.8559987923602205	1578	-4.4832602174918504e-05	1.3736880114383024e-08	0.7020784757157161	1550
10	89127064	91013380	-8.047057472999763e-07	9.360037121353976e-09	0.9933635875184084	2753	-0.0003741256342072	2.8551981573607592e-08	0.026821161954116	2714
10	91013381	92006580	-1.3006486561414911e-05	4.818028164837152e-09	0.8513619939915772	1760	2.751788508092211e-05	1.2545969829089933e-08	0.8059329641926138	1747
10	92006581	93335046	-0.0001135817907596	5.746570584870095e-09	0.1340503432822447	2056	-7.2390207837554926e-06	1.4046067904803912e-08	0.9512951147788774	2032
10	93335047	95396367	-5.295050121404017e-06	8.796578040390163e-09	0.9549782264133544	3359	0.000107376139089	2.3837538068915937e-08	0.4867621264634132	3296
10	95396368	96221242	2.9198947173981663e-05	3.129267854480587e-09	0.6016909841011894	1075	1.976986498515191e-05	9.025456905391738e-09	0.8351520002978086	1063
10	96221243	97822356	5.9335976454310536e-05	7.228707220479656e-09	0.4852451839638403	2965	3.251374634214353e-05	1.7458232325120148e-08	0.8056244449195177	2906
10	97822357	100241301	6.82782840409663e-05	1.1382039092650804e-08	0.5221797009364046	3557	0.0001322914205476	3.3902338514098385e-08	0.4724591640113567	3497
10	100241302	100668399	3.857656145942349e-06	1.4504038650724687e-09	0.9193179457644132	636	8.063223023167341e-07	3.4899290895174882e-09	0.9891100233629104	633
10	100668400	102949238	6.507318011330369e-05	8.83812547008673e-09	0.4888213914653437	3196	-0.0001014827845489	2.2128358968064962e-08	0.4951064801483757	3142
10	102949239	104380409	2.1608660554519608e-05	3.915578446286418e-09	0.72984894098465	1516	-6.537718407251746e-05	9.766822851617962e-09	0.5082724709140327	1475
10	104380410	106695047	0.0003990434114913	1.5165606389874322e-08	0.0011938827458059	3088	0.0001275405054442	2.3977868797482005e-08	0.4101383048599708	3048
10	106695048	108726685	0.0002805913378684	1.0341861626993332e-08	0.0057952392974636	3389	2.216884042982388e-05	2.5119531840357433e-08	0.888759490309982	3348
10	108726686	110317704	9.46022867245344e-06	8.945486953976438e-09	0.9203261086728608	3297	0.0001045214217288	2.5512402834322903e-08	0.5128673956040382	3267
10	110317705	112561492	-2.749705114177642e-07	8.798495747541381e-09	0.9976610477988576	3500	-8.879508972965343e-05	2.0362260750196816e-08	0.5337670861195866	3461
10	112561493	115328431	-0.0001993251581227	1.1511231360110628e-08	0.063196043270763	3751	-8.48794435678561e-05	3.261666972136227e-08	0.6383667250756357	3712
10	115328432	116421405	-4.707924315739068e-05	5.969876298019327e-09	0.5423110763140724	1934	0.0002383462009069	1.7055698526373852e-08	0.0679943015438541	1906
10	116421406	119523933	0.0004149437334988	1.1165191152713496e-08	8.602740849523865e-05	4165	0.0001315587360932	2.863613209892244e-08	0.4369038321696585	4110
10	119523934	120591352	2.284714724871117e-06	5.966135052477248e-09	0.9764027074559932	1644	5.146654851040698e-06	1.9264835180961192e-08	0.9704210369929048	1624
10	120591353	122407322	-7.94496698383904e-06	1.1018552183781852e-08	0.939666934856113	3286	7.897482649996027e-05	3.21929098378441e-08	0.6598227029916018	3230
10	122407323	123231464	1.7379121716072172e-05	5.258801404030413e-09	0.8105986021138287	1521	-4.6166295863052e-05	1.6038400984651402e-08	0.7154552438078903	1496
10	123231465	123900544	7.523038667420368e-05	4.66832263882848e-09	0.2708684738942483	1386	-8.82381626133122e-06	1.2869582029066312e-08	0.9380021589339758	1358
10	123900545	125869345	5.050726224453509e-05	1.5039790998711495e-08	0.6804536406490421	3843	4.368631889487087e-05	4.871477238189466e-08	0.8430985880609109	3792
10	125869346	128001097	0.0001216420811929	1.4025992309793182e-08	0.3043685744595501	4043	1.993038538538447e-05	4.328970928009481e-08	0.9236868010887476	3983
10	128001098	129154361	9.923704350859e-06	9.44798161426866e-09	0.9186813025420368	1963	0.0002316061434418	2.4369453282728325e-08	0.1379056774017391	1933
10	129154362	130844283	-4.382067445145764e-05	1.709926045513782e-08	0.7375403600077822	4146	-0.0001619459673847	5.507212445910358e-08	0.4901391012853577	4095
10	130844284	131741326	5.170495225141393e-05	5.531961081882736e-09	0.4869472044710323	1655	0.0001252374406604	1.7062323097765864e-08	0.3376738840090518	1627
10	131741327	132580244	-2.6557484872772883e-05	6.74137268685967e-09	0.7463512994932671	2148	-7.794397310219208e-05	1.9820528501413036e-08	0.5798274578337432	2112
10	132580245	134336328	0.0001510721155524	1.6903585858213826e-08	0.2452476798802769	4607	-0.0001750674719425	5.287158670651528e-08	0.446437641949496	4485
10	134336329	134494672	1.2901585317438027e-05	5.128474995794455e-10	0.5688787535920978	161	1.1871886249613182e-05	1.621454020802711e-09	0.7681259595995705	157
10	134494673	135523864	2.3313242079976187e-05	3.095240743938211e-09	0.6751869166171733	1016	6.091063498506179e-05	9.067662306488354e-09	0.5223972436923373	978
11	70855	1213589	-6.253245491160085e-05	4.587548456170607e-09	0.3558815563931357	1157	-0.0001389039603299	1.3246338688309705e-08	0.2274755670403722	1125
11	1213590	3665480	0.0001866200760315	1.1447430763678335e-08	0.0811185739305423	3534	0.0001013138785608	3.4626233499510715e-08	0.5861246770250998	3377
11	3665481	4746708	1.4481682830821712e-05	5.792360681433892e-09	0.8490903806093907	2082	-4.8484832790746295e-05	1.7199475312460035e-08	0.7116067597860267	2043
11	4746709	6322868	-1.380497783778116e-05	1.1493469202606446e-08	0.8975407119495242	4465	-0.0001936877531056	3.2294183672166946e-08	0.2811209964006836	4396
11	6322869	7436700	0.0001142357208836	6.318257582951044e-09	0.1506742825603694	2112	5.606246843816237e-05	1.8686294134022632e-08	0.6817181459408137	2081
11	7436701	8333273	2.6991544431145353e-06	7.663988833746709e-09	0.9754035991473362	2044	9.901022565358303e-05	2.48417405843988e-08	0.5298813558789484	2023
11	8333274	9087316	1.5001127771891382e-05	3.243572205804515e-09	0.792243994619174	1254	7.781443192017488e-05	8.70405345937946e-09	0.4042449202825706	1231
11	9087317	10952026	1.2763181882437606e-05	8.734974048807772e-09	0.8913774421254009	3413	8.694099669873972e-07	2.4515267984782763e-08	0.9955695879267232	3350
11	10952027	12564228	-0.0001357204607629	1.6354488776563243e-08	0.2885661594422517	3899	-0.0004995856317027	5.578915705091623e-08	0.0344197094890862	3870
11	12564229	13373123	-0.0001016311111304	4.877185999153759e-09	0.1455959769983704	1633	0.0001264402256384	1.5405212352987878e-08	0.3083397188400062	1614
11	13373124	15742551	-7.39858549808753e-05	7.369038226996155e-09	0.3887573902967226	3322	8.860173095411402e-06	1.9980759016019575e-08	0.9500204930711966	3293
11	15742552	17578401	0.0004372257454571	9.134725770187692e-09	4.770144104056237e-06	2506	0.0004623884799006	1.5667041628465334e-08	0.0002206310706983	2478
11	17578402	19569534	0.0001465801683069	1.0501850196112285e-08	0.1526166040454285	3649	0.0001744981800647	3.218269980153224e-08	0.3307015914220041	3582
11	19569535	21017137	4.782656453664816e-05	1.0871504792028337e-08	0.6464529404133004	2825	-1.4521785865531889e-05	3.7012110264280046e-08	0.9398305678508824	2801
11	21017138	22374141	-7.309667456682505e-05	6.686069797468863e-09	0.371349813464027	2557	8.60470275577841e-05	1.9867239553385413e-08	0.5415479208919516	2539
11	22374142	24088516	6.773446597167933e-05	8.524749974527795e-09	0.4631827125825974	3656	0.0001184970317655	2.5149362880849075e-08	0.4549354560513208	3625
11	24088517	26045752	0.0001840981714903	1.0442954797852821e-08	0.0716218148705913	4699	0.0001681095307379	2.8216700854063315e-08	0.3169325107619406	4612
11	26045753	27020460	-3.977367030855883e-05	3.861192913980534e-09	0.5221199566522761	1823	-4.9411026110202784e-05	1.0221187932476178e-08	0.6250295248375455	1800
11	27020461	28481592	0.0004606754524603	7.067494994357391e-09	4.258795173014441e-08	1673	0.0002489092161448	1.7187732598932572e-08	0.0576181201720721	1653
11	28481593	30141356	0.0005076478887978	1.4493592647522674e-08	2.478836335867748e-05	2061	0.0001949564486071	2.0436285316272706e-08	0.1726444200957441	2041
11	30141357	32276900	2.0616253785143068e-05	6.125387492205806e-09	0.7922295776638529	2648	0.0002725802412146	1.6430232748370672e-08	0.0334587468775003	2623
11	32276901	33958738	6.281223784992404e-06	6.104509290041756e-09	0.935924598138288	2578	-8.131815410630496e-05	1.662715224077067e-08	0.5282787290250223	2541
11	33958739	35502604	-3.9181103863528085e-05	8.320926012670026e-09	0.6675394840989004	3255	-2.1001248687541552e-05	2.321288783454532e-08	0.8903655494897454	3204
11	35502605	37116814	-4.4640085767936806e-05	9.382701644710124e-09	0.6449051031672574	2756	-0.0001748289451356	2.9552832455465765e-08	0.3091614185115369	2725
11	37116815	39382002	9.31465612774311e-05	6.493770621223168e-09	0.247724141386171	3173	0.0001306113544007	1.4997940686491322e-08	0.2861929551728509	3132
11	39382003	42310002	7.949384018590557e-05	1.1881680989834165e-08	0.4658301675685846	4712	0.0001689819549264	3.452345952481366e-08	0.3631078346588482	4668
11	42310003	44693798	-0.0001494352558846	1.3195057719396552e-08	0.1932890860719359	4398	0.0001757560623845	4.010985857145277e-08	0.3801738460591906	4346
11	44693799	47006136	0.0001154201599487	1.0635963857275418e-08	0.2630707151619784	2888	-4.21164750602064e-05	2.850411170118769e-08	0.8030061591768107	2845
11	47006137	49866049	5.770741623868553e-05	8.355680480608811e-09	0.5278397035823252	4280	-6.476314445642157e-05	1.5950288606283105e-08	0.6080948332523811	4167
11	49866050	54695472	9.141189172070184e-06	2.256013711256674e-09	0.8473849007097083	1435	-8.570700472461685e-06	3.985268535891531e-09	0.8920071352688022	1422
11	54695473	55082656	-3.250104393489462e-07	4.827974034749963e-10	0.9881984493953668	329	8.631886302133897e-07	9.846212935589783e-10	0.9780539487240596	320
11	55082657	58457494	4.476438084643578e-05	1.6233357098778522e-08	0.725332795715083	7799	6.535347780778187e-05	3.305582142665986e-08	0.7192546136330996	7677
11	58457495	58780548	-7.947492346519012e-06	8.018804466714053e-10	0.7789737762061562	427	-2.3437606946413534e-05	2.975235391530288e-09	0.6674230629822151	421
11	58780549	62223770	0.00019985435425	1.1608658062069436e-08	0.0636092245216001	4471	-4.358810995474445e-05	3.3033295642631437e-08	0.8104669388242867	4406
11	62223771	63804568	-5.335493315374943e-05	4.800956914538294e-09	0.4412789099292413	1407	-5.144073977714627e-05	8.35739039641619e-09	0.5736436443581515	1380
11	63804569	65898630	7.129282225995287e-05	6.871952843247645e-09	0.3897811058212521	2123	-0.0001538950881938	1.80557498160991e-08	0.2520873806539264	2093
11	65898631	68005824	-1.3645386377880585e-05	4.715006750986347e-09	0.8424806688015033	1774	-4.074413563548556e-05	1.4083476210439903e-08	0.7313511518501061	1748
11	68005825	69516129	1.0560981344702435e-05	7.123514228508354e-09	0.900421618095394	2353	-0.0002422270288327	2.1491636666632583e-08	0.0984742199108428	2310
11	69516130	70926291	0.000129223976439	7.9164504393324e-09	0.1463982117258816	2348	-4.2255334888807347e-05	2.5796894584957154e-08	0.7924842497210178	2305
11	70926292	72286016	-2.1897580996279645e-05	3.9918435361994775e-09	0.7289033422810339	1685	3.334401079216256e-05	1.1063349595159053e-08	0.7512351516583917	1656
11	72286017	74412350	0.0002427735511524	6.57498693509523e-09	0.0027533270631054	2774	-1.1310141972994896e-05	1.8140621142910312e-08	0.9330775435538664	2728
11	74412351	76797208	9.251602776343472e-05	9.311054376579525e-09	0.3376711660955664	3085	-0.0001174209693236	2.661462580710809e-08	0.4716750513227719	3045
11	76797209	78355057	-2.4421244374747457e-05	4.216665808915598e-09	0.706855516857134	2189	6.631990838354495e-05	9.680049614113675e-09	0.5002666859938097	2152
11	78355058	80722372	0.0001863176536991	1.4053610053439932e-08	0.1160282001373279	3891	-0.0003549956137316	4.5610897377693726e-08	0.096468537015246	3865
11	80722373	81266711	-0.0001164216843542	5.231010630518814e-09	0.1074664956181982	1226	-0.0001386830129909	1.3885689756626672e-08	0.2392354472511988	1212
11	81266712	84381271	9.761410608673368e-05	1.4048754254892643e-08	0.4101913055535868	5593	7.521001537671635e-05	4.0380444480249355e-08	0.7082001715732815	5499
11	84381272	86619300	9.50225209216695e-05	9.658041578230791e-09	0.3335935231366007	3451	0.0001212223882928	2.9088706127689782e-08	0.4772353499751204	3420
11	86619301	87430234	-3.567546119388626e-05	4.293470943862958e-09	0.5861255247214431	1951	-6.033569391249095e-05	1.1383364767053564e-08	0.571728078563206	1920
11	87430235	89208935	3.3779438963342966e-05	8.159892070553866e-09	0.7084436381013222	2989	2.3755800281364982e-05	2.494549659261399e-08	0.8804420053790754	2958
11	89208936	90966489	2.940070035176678e-05	5.346072467822238e-09	0.6876062205478292	2641	9.482998060570476e-05	1.2589307529888131e-08	0.398015204534992	2593
11	90966490	92077143	5.6600571332620815e-05	4.169608088314074e-09	0.3807349426961814	1855	1.0419069210752158e-05	1.1875980706126495e-08	0.9238319203469704	1832
11	92077144	93276156	-0.000109996548875	4.0758666415912244e-09	0.0849001487732952	1774	-0.0001518787447393	1.1619061992700084e-08	0.1588347157630439	1760
11	93276157	94242259	-7.22283994975585e-05	3.435530732888401e-09	0.2178427359303489	1453	1.9908546003362023e-05	1.0032390900394091e-08	0.8424475039241182	1441
11	94242260	95726040	4.5797923914199536e-05	6.895712113348149e-09	0.5812816429373302	2096	-1.0737610832246889e-05	2.1990187299426935e-08	0.9422763369677128	2075
11	95726041	97057057	8.19387039826185e-06	5.973676767348482e-09	0.9155702741354972	2067	-4.5609687150797576e-05	1.681347673020854e-08	0.7250292681717885	2033
11	97057058	98705064	7.399904914810757e-05	8.912298816194027e-09	0.4331299244837012	3408	0.0001655690227671	2.5761401153800554e-08	0.3022784519877377	3373
11	98705065	100417168	-2.99695365693251e-05	1.1964544521540774e-08	0.7840936495710773	3873	-0.0002917519637415	3.6227673794984854e-08	0.1253181191736581	3824
11	100417169	101331120	8.90297046659096e-05	4.799491904565687e-09	0.1987569514113505	2046	1.3154033551593598e-05	1.3297724996259982e-08	0.9091825470845574	2010
11	101331121	103959635	2.3185397044322305e-05	1.3626742658496594e-08	0.8425616058345828	5679	-2.7485756527371397e-05	3.808218042463658e-08	0.8879910197904124	5631
11	103959636	104873283	-5.7652711367926624e-05	2.871580711001058e-09	0.2819860373072624	1484	-0.0001008820780538	7.573144496974197e-09	0.2463556084787266	1470
11	104873284	106520893	-3.5997085722752316e-05	5.175870866216692e-09	0.6168272566778701	2372	1.3951817499865932e-06	1.30874452496822e-08	0.9902695563094562	2353
11	106520894	107844199	4.012964934630725e-05	7.257109872389797e-09	0.6375922437279562	2422	-9.874825798566533e-05	2.237183977248088e-08	0.5091224949887245	2387
11	107844200	108437036	-7.691393047927545e-06	1.3299798464877747e-09	0.8329630700118373	620	2.041673471585156e-06	3.3495120500255084e-09	0.9718586126899726	605
11	108437037	109866115	-8.649726241791216e-05	3.768623480170489e-09	0.1588351732999128	1657	-6.593039741435402e-05	1.0503565445350485e-08	0.520025834128889	1635
11	109866116	111114396	6.0182723348167425e-06	5.1815491347310796e-09	0.9333689952777768	2186	-7.665692822606572e-07	1.5135780147806154e-08	0.9950285135706352	2158
11	111114397	112459487	1.8801834396248528e-05	3.824061829481232e-09	0.7610936588545604	1450	-0.0001317375794761	1.1461710293599912e-08	0.2185063769951302	1428
11	112459488	114257727	0.0006575125941667	2.1172668201407432e-08	6.221201186486432e-06	3031	0.0001690436152889	3.1215553977529284e-08	0.3386770183944881	3005
11	114257728	114830665	4.312599231932553e-06	2.516013959217127e-09	0.931484655076282	977	2.3150931255352384e-05	7.831694137083392e-09	0.7936285125757856	968
11	114830666	116383347	4.6827189752457715e-05	9.01453764485135e-09	0.6218686310272701	2365	2.44685757282363e-05	3.0196957031685245e-08	0.8880216818233803	2338
11	116383348	117747109	-1.9344478719934248e-05	9.4658250474124e-09	0.8423972026992622	2677	-5.124507583866532e-05	2.9203453736369144e-08	0.7642752584319792	2628
11	117747110	119215475	-4.732791142054534e-05	5.664279656139237e-09	0.5294492243721285	2215	8.818661131331401e-05	1.609161492617927e-08	0.4869369178671819	2171
11	119215476	120766805	0.0001100854560107	9.035511084207106e-09	0.2468150447313015	2772	0.00022321125297	2.7919671351831184e-08	0.1815950487393485	2742
11	120766806	121175942	-3.408778717215088e-05	2.2396616359238715e-09	0.4713462370185334	734	-1.6088948979436122e-05	6.976169842641909e-09	0.8472504063891774	730
11	121175943	122591909	2.9923148912544413e-05	6.239557943932611e-09	0.7048231649531969	1997	7.396013072922714e-05	1.980760871197382e-08	0.5992281473227198	1963
11	122591910	123500116	0.0001179710436238	6.764451168014681e-09	0.1514686397993508	1640	5.638094089462426e-05	2.2291758577273164e-08	0.7057095678574257	1605
11	123500117	124495527	-1.1083676743230813e-05	5.524146410949561e-09	0.8814547814392721	2296	6.0164630391495544e-05	1.5566185039981856e-08	0.6296457745379955	2219
11	124495528	126311319	5.887301388708421e-05	1.0630724376507631e-08	0.5680007730887076	3442	0.0001128692631523	3.1982895587001144e-08	0.5279574505894825	3393
11	126311320	127316678	9.559129315596864e-05	6.754528081302639e-09	0.2447848304433484	2053	-0.0002035638504973	1.94008648781262e-08	0.1438863118496304	2035
11	127316679	128188536	2.319781814026764e-05	3.658507229232495e-09	0.7013295540899132	1457	1.371147071006506e-05	1.1036744689335752e-08	0.8961582469068372	1436
11	128188537	130342574	4.798547038961615e-05	1.2455383170998064e-08	0.667222465648516	3435	-4.2918666984565e-05	4.043317331969567e-08	0.8309832092770852	3397
11	130342575	131074611	0.0003404383693942	6.7594519257142085e-09	3.461181390517544e-05	1403	0.0002505428676109	1.428364215031745e-08	0.0360516804557672	1388
11	131074612	133000045	-7.246731263706575e-05	1.5409472142599043e-08	0.5593691831526875	3625	-6.671311010869542e-05	4.7738045415114137e-08	0.7601098002427169	3577
11	133000046	134205992	0.0001054815904054	1.5863226929820674e-08	0.40231581882483	1835	0.0001042031155227	2.2262006959767384e-08	0.4849327909671324	1796
11	134205993	134946451	0.0002132368329908	1.0843866135807097e-08	0.0405876381541895	2125	0.0001195960698639	2.2832118614225743e-08	0.4286598421027718	2088
12	61107	1080330	3.914298038321705e-05	5.911113473392802e-09	0.6106688664287216	1460	8.447699963724704e-05	1.642346685109682e-08	0.5097782007804912	1430
12	1080331	2544785	-0.0001805830471493	9.659028243156596e-09	0.0661467808526359	2131	-0.0001039456673437	2.0522365325970592e-08	0.4680887231191267	2087
12	2544786	3677036	-8.083890062232311e-05	9.269849197259069e-09	0.4011200840657639	2094	0.000135018198093	2.6915355201849884e-08	0.4105161676081741	2064
12	3677037	4417678	-4.457222915635597e-05	6.200905700857563e-09	0.5713757423452785	1285	-0.0001178496612311	1.8742177128049293e-08	0.3893306688307338	1269
12	4417679	5321471	2.954881325838589e-05	7.154629730898166e-09	0.7268351915328659	1598	9.367412289317704e-05	2.2158490272124313e-08	0.5291604297560939	1577
12	5321472	6419752	0.0001440373578665	8.437691081119141e-09	0.1168665748781897	2103	-0.0002180083435849	2.4900107615546167e-08	0.1671041529009327	2073
12	6419753	8377535	-1.4439144236353211e-05	1.0970273890258016e-08	0.8903524574259407	2675	-7.096766397630045e-05	3.2535503706605914e-08	0.6939923694330894	2631
12	8377536	9031394	1.0482061496001988e-05	2.2115288997446876e-09	0.823617201033651	595	-5.943115192861283e-05	5.984056218446661e-09	0.4423242292019776	586
12	9031395	10481533	1.5937269421608795e-05	9.174476948175e-09	0.8678512382410319	2728	3.2150479098972967e-05	2.546517049672074e-08	0.8403297181434117	2694
12	10481534	11754845	-8.35492454929932e-06	6.267991396154908e-09	0.915954803930172	2290	6.179781796215934e-05	1.2211939141378392e-08	0.5760132285013997	2182
12	11754846	12733527	8.731088545542399e-05	1.1257295284106773e-08	0.4105602276365251	1782	0.0002300618355156	2.3105849712261135e-08	0.1301516547142548	1750
12	12733528	15241483	-8.282324468131128e-06	1.7231487756331098e-08	0.9496913292010316	4321	-0.0001094143481777	4.92277747942819e-08	0.6219145164139102	4259
12	15241484	16310459	-9.210188490250756e-06	3.1494828431959463e-09	0.8696404298500348	944	2.0635870265376437e-05	8.186092055907484e-09	0.8195851615942934	933
12	16310460	18087872	6.218452735861594e-05	7.966000281281613e-09	0.4859741221251016	2585	-4.706492466622706e-05	1.9735782015608387e-08	0.7376103113903414	2556
12	18087873	20863942	9.485045005626824e-05	1.9045011939672927e-08	0.4918912785699144	5527	-0.0001073453126407	5.1602796534319424e-08	0.6365352721487805	5440
12	20863943	23820633	-3.660084882895377e-05	1.546436466089672e-08	0.7685106254199778	4917	-6.702266415881832e-05	3.820459235655294e-08	0.7316758201251629	4867
12	23820634	25371082	0.0001639991851192	1.9048850904032517e-08	0.2347354949447915	2876	0.0001257969973391	3.5345987328767775e-08	0.5034226622160719	2824
12	25371083	27799772	-0.0001101629086693	1.6693098798987532e-08	0.3938576561783405	4702	-0.0001165673767015	4.7007453057119674e-08	0.5908238227654758	4638
12	27799773	29651254	1.4293428798604218e-06	1.0077213374402056e-08	0.9886396533794388	3386	3.509769774959945e-06	2.3233097091544745e-08	0.981629255344262	3343
12	29651255	30512405	3.4021736481301344e-05	7.187672750181304e-09	0.6882039103604486	2426	3.39703590001544e-05	1.6506136381041093e-08	0.7914642198155467	2401
12	30512406	32165591	0.0001393792577626	1.2499873522931312e-08	0.2125250207862414	3586	-0.0001503993318922	3.2526515217211685e-08	0.4043230916022245	3498
12	32165592	33076988	6.119945328390812e-05	7.415569576030464e-09	0.4772813471981244	2374	-0.0001329785675305	1.7909740950266798e-08	0.3203893245251802	2326
12	33076989	37856716	-2.452064681880244e-05	6.332632998156041e-09	0.7579802949213253	2490	1.63974186865361e-05	1.4313327934310958e-08	0.8909847544244048	2454
12	37856717	39227168	3.9741520257215915e-06	2.717010605075034e-09	0.9392259361479974	1086	-9.005603441086919e-06	5.428011699842796e-09	0.902713609382884	1071
12	39227169	40816184	2.1738395875111952e-05	7.452687171138817e-09	0.8011887905039226	2317	-8.802428008394457e-05	1.7790439096130216e-08	0.5092877545046384	2284
12	40816185	41658585	-1.878195829999029e-05	4.846303387995756e-09	0.7873171686058991	1649	2.3030311174293735e-05	1.211782773741096e-08	0.8342824338646834	1608
12	41658586	43984473	0.0002308381127592	1.3529195593570993e-08	0.0471897350957405	4523	-1.1596061088015884e-05	3.2231437247256616e-08	0.9484998105358564	4443
12	43984474	46024228	4.017857301160563e-05	7.056025817712058e-09	0.6324256870587226	2502	1.2289857491743485e-06	1.7437857401722135e-08	0.99257435679304	2471
12	46024229	47714792	-5.941495417572627e-05	6.966454689283822e-09	0.4765562774598754	2256	-3.0801211528178456e-05	1.7270203097910143e-08	0.8146906010866735	2234
12	47714793	49001865	5.063616909217399e-05	9.021968031631712e-09	0.59396307012412	2910	-7.060183359087939e-05	2.2628163531000473e-08	0.6388237265035237	2877
12	49001866	51776493	-4.212001327881258e-05	8.27499096259837e-09	0.6433462221207386	3097	-0.0001639794014255	1.9399067729554532e-08	0.2390631072261163	3034
12	51776494	53039003	0.0001267332958071	8.423853375414795e-09	0.1673360129937754	2427	0.0001334257217277	2.2316260950013965e-08	0.3717719578857275	2404
12	53039004	54778822	4.883142168454371e-05	8.715848873538055e-09	0.6009383555818004	2407	-1.0316699441017372e-05	2.4500500965377533e-08	0.9474492392778964	2358
12	54778823	55665836	-2.631723578355491e-05	4.3394591341619314e-09	0.689520970248116	1469	-6.36072208955698e-06	8.717246506450552e-09	0.9456848505271058	1455
12	55665837	57548859	7.98719143957006e-05	6.646816037547529e-09	0.327240735163835	1860	-8.460929716779111e-05	1.34721202530049e-08	0.4660298127964584	1825
12	57548860	59308665	7.760513042188838e-05	8.284459079367999e-09	0.3938669761902174	2142	-1.7970672718679064e-05	1.5606715955402075e-08	0.885619257712376	2110
12	59308666	61123728	-0.0001035872546103	6.866641644812696e-09	0.2112741892445343	2495	-0.0001518179000868	1.6219145238150646e-08	0.2332260073543364	2468
12	61123729	64032460	-4.046733888129148e-05	1.6265971835050653e-08	0.7510189894406027	5422	-0.0002728087203622	3.893248311438044e-08	0.1667820366826532	5375
12	64032461	65559694	-2.9173505779692894e-05	6.531613699098291e-09	0.7181173587993657	1983	-2.2306264943098547e-05	1.8179209285740004e-08	0.8685980197341926	1957
12	65559695	67181143	2.812976713170037e-05	6.935866867597748e-09	0.7355396321230926	2157	-2.6444509838249974e-06	1.8732477097581552e-08	0.9845847363438878	2140
12	67181144	67909728	-3.98504696287929e-07	4.512192034130932e-09	0.9952665567944112	1329	-2.706935870987713e-05	1.1968203099365346e-08	0.8045705492045008	1316
12	67909729	69826541	0.00023320968795	1.3521407543845583e-08	0.044903224451482	3179	0.0004446218956058	4.076295111821318e-08	0.0276507263128126	3139
12	69826542	70957986	-0.0001460191894971	8.163627309911744e-09	0.1060725990923293	2495	2.5411100734546472e-05	2.1987910839648063e-08	0.8639338669524108	2446
12	70957987	72645074	4.39151585874513e-05	7.581663884270767e-09	0.6140153112787119	2483	-4.335364401310857e-05	1.9180572307530493e-08	0.7542530153259093	2456
12	72645075	73818453	1.8434747057626704e-05	5.892860738772299e-09	0.8102176159655942	1892	-9.117655337240608e-05	1.1276853514300348e-08	0.3905630739364084	1870
12	73818454	76511313	0.0001709671332654	1.3004674683953734e-08	0.1338187919502245	4059	-0.0001237223441212	3.2663975187292374e-08	0.4936195237071862	4002
12	76511314	78570569	0.0001608189337379	1.268648031196962e-08	0.1533501656767552	3655	3.897963389222266e-05	3.4662978352749713e-08	0.8341630361379756	3604
12	78570570	80448149	0.0001367630811328	5.241116831771362e-09	0.0588772603126487	1828	-0.0001779955360456	1.2596227095080177e-08	0.1127511670689545	1815
12	80448150	81467766	3.0620162567454915e-05	4.423064117498422e-09	0.6452211009805437	1531	-6.238710977417538e-05	1.1343998104532212e-08	0.558043984836927	1517
12	81467767	83502665	-7.843099471207376e-05	9.544049664429571e-09	0.4220753668382272	3166	2.2778831269164153e-06	2.5984869844586546e-08	0.988725513450732	3133
12	83502666	84303843	2.7117001205604323e-05	3.975463553423302e-09	0.6671385103352956	1536	3.471957023655154e-05	8.615123141354646e-09	0.7083581865477637	1519
12	84303844	85990425	7.874508814713444e-06	6.490582257193177e-09	0.922137088428482	2386	-1.6019131272742734e-05	1.4707146250318124e-08	0.8949119472106714	2360
12	85990426	89682121	7.109123184204116e-05	1.2630845655016565e-08	0.5270228231361349	4795	5.7402611490937994e-05	2.8467358579370593e-08	0.7336919050819786	4751
12	89682122	92066154	-8.604216342991473e-05	9.393496651889554e-09	0.3746675471561138	3103	-9.305640089760466e-07	2.4452052512478564e-08	0.9952518318585348	3082
12	92066155	94514566	0.0001333188672502	1.5688682005824804e-08	0.2871547264741553	4106	-0.0005469837388984	4.473084391537834e-08	0.0097025914277864	4048
12	94514567	96020784	-7.201660091822758e-05	1.3074488777389889e-08	0.5288087399788749	3392	-0.0002026610344226	3.6881337046562985e-08	0.2912981527748945	3324
12	96020785	97108838	0.0001693786751202	7.471640157703519e-09	0.0500513619568537	2078	6.317491032990537e-05	2.0700052275723892e-08	0.6605923932949923	2049
12	97108839	99305986	-4.058936364813816e-05	1.4935717676598653e-08	0.7397962433815399	3748	-4.988913578561949e-05	4.392351898189007e-08	0.8118468921103754	3700
12	99305987	101447640	0.0001080734235231	1.0313316852783114e-08	0.2872420200034954	3070	0.0001594558663297	2.7819701510851848e-08	0.339065143360067	3034
12	101447641	101862689	8.910438941888778e-05	2.1715461968128806e-09	0.0558611326609428	659	-0.0001026047599898	6.292355580702699e-09	0.1958439001326185	649
12	101862690	102964985	7.72101376913449e-05	5.1838037113897854e-09	0.283547893959862	1483	-0.0003089438902133	1.4079395060772753e-08	0.0092228813588201	1466
12	102964986	104848695	0.000163175443032	1.2180707547895817e-08	0.1392765342747266	3533	-1.5279416782816698e-05	3.305313186460726e-08	0.933022409365038	3482
12	104848696	106436212	0.0001263237784234	1.0578980836451721e-08	0.2193781618769922	3046	0.0001227133353662	2.9320274095820392e-08	0.4735894305016899	3007
12	106436213	106958747	3.651640218497672e-05	2.8521306162949774e-09	0.4941271410715775	780	-3.012060309668269e-05	7.0929524513567515e-09	0.7206102418807709	774
12	106958748	109025900	-2.549353185362551e-05	1.1088240107379669e-08	0.8087009909669876	3528	-3.104733653812985e-05	2.8578995142174754e-08	0.8542847383639314	3485
12	109025901	110336718	1.353061431199487e-05	7.2471917142562744e-09	0.8737163098688687	2064	7.915553190340481e-05	1.740673042564879e-08	0.5485325500405438	2018
12	110336719	113263517	0.0001494032420657	6.165927187811018e-09	0.0570851317062575	2083	3.834940095622792e-05	1.1808878339283422e-08	0.7241618257679534	2036
12	113263518	113986708	3.0436972925643463e-05	3.05693471532578e-09	0.5819755618925075	1003	0.0001543215549066	7.396629818132348e-09	0.0727556814760848	990
12	113986709	115036601	-7.108407152935202e-05	9.71189191288679e-09	0.470720417993689	2458	-0.0001750455581692	2.9064150385157296e-08	0.3045297722844371	2420
12	115036602	115503215	4.762392577164635e-05	3.5816124447927342e-09	0.4261675054356839	868	-0.000102413447809	1.0718381224362118e-08	0.3225560733745625	850
12	115503216	117087470	6.881101345638844e-05	1.319441155468303e-08	0.5491396635026301	2864	-1.4899911370611964e-05	4.0722722627573034e-08	0.941141270831906	2814
12	117087471	118135374	-7.863536455228949e-05	6.979441772164097e-09	0.3465739041983495	1703	-5.8158962785486225e-05	2.072109220973477e-08	0.6861929041869674	1675
12	118135375	119754109	0.0001866451846637	1.2221917584380996e-08	0.0913555243932257	3091	0.0002320420240591	3.1661160050664375e-08	0.192207331889714	3041
12	119754110	122007650	0.0003866612948018	1.0962486930722168e-08	0.0002216473845922	3605	-3.38252673492649e-05	2.8496755119518e-08	0.8411873110753366	3522
12	122007651	124977979	-0.0006989872596683	1.9290597552228772e-08	4.837548508866848e-07	3872	-0.0004698782659072	2.5337746827936054e-08	0.003158271394823	3790
12	124977980	126445504	-4.289622197796021e-05	1.5103825993309533e-08	0.7270590645133767	2971	-4.979061739619733e-05	3.8390670217813116e-08	0.7994047431422993	2920
12	126445505	127875097	-5.082810880931875e-06	1.0711529961688962e-08	0.9608308895083784	3042	-0.0001183331266081	3.0814909535891086e-08	0.5002461962979549	3002
12	127875098	129237296	-7.355718536404848e-05	1.2494616551022177e-08	0.5105013851086317	2871	-0.0002239444784476	3.535135667848514e-08	0.2336260732796554	2834
12	129237297	130377920	1.376451807604632e-06	1.3529465019268386e-08	0.9905582907227404	2747	5.937155382052014e-05	4.3015798998593546e-08	0.7746770985628249	2693
12	130377921	131786750	-6.349518057488443e-05	1.5772407601462424e-08	0.6131499870300479	3566	-8.946446494501429e-05	4.9390081957517334e-08	0.6872718889041363	3476
12	131786751	132807033	-3.4875292319068644e-05	5.682901105843725e-09	0.6436303531523087	1538	4.385195169992747e-05	1.6613928799396823e-08	0.7336950375710414	1496
12	132807034	133841510	-1.824714663389436e-05	2.862524876796045e-09	0.7330645971913905	1097	-2.2305515834356103e-05	6.676287242667713e-09	0.7848618564960681	1059
13	19020013	20686719	3.31117102431878e-06	6.2493644418685075e-09	0.9665899768976844	2416	-0.0001291885425453	1.3184083319847262e-08	0.2605379847849203	2370
13	20686720	22242173	-5.4799661707071733e-05	1.0618233409557722e-08	0.5948616299307641	3022	-8.988044477549149e-05	2.9258917625509378e-08	0.599266460589811	2962
13	22242174	23594701	-0.0001205971807195	1.2625232665411484e-08	0.2831406026600966	2931	-0.0001932003947172	3.6600681718922634e-08	0.3125598602274524	2873
13	23594702	24531936	1.0378179201847446e-05	1.0241526957623075e-08	0.9183195384073832	2597	-0.0002755329614812	3.017538339765948e-08	0.1127028797378813	2557
13	24531937	25784361	1.2953033009773972e-05	1.1863292340231946e-08	0.9053357089448326	3220	0.0001174937254484	3.117894869808457e-08	0.5057935639361231	3152
13	25784362	27284361	0.0001285496148749	7.978363000461966e-09	0.1501006860941782	2519	-1.0723224966979833e-05	2.0997431674573632e-08	0.94100894683695	2489
13	27284362	29257550	0.0001922261008784	1.5140446920150243e-08	0.1182354795142384	4016	-7.661070742308411e-05	4.376710724803769e-08	0.7142175968458817	3953
13	29257551	30483266	-5.696115377315456e-05	7.243121391482096e-09	0.5033089718068764	2412	-6.755834816181572e-05	1.8356982680827025e-08	0.6180400917039793	2391
13	30483267	32301814	-5.8035838878585685e-05	1.3774927199476116e-08	0.620964912643666	3308	0.0002137356897007	4.1664987005734554e-08	0.2950498323684059	3273
13	32301815	33776902	-7.569495539453028e-05	7.595968816124641e-09	0.3851146230070662	2245	-0.0001195096067112	1.896049880687923e-08	0.3854400529980186	2209
13	33776903	35026463	-7.752948339146402e-05	6.00854934934476e-09	0.3172190515999732	1903	-8.965366216923605e-05	1.6267758412194273e-08	0.4821073446514192	1875
13	35026464	36046366	-4.944477879680985e-06	4.197341795666009e-09	0.939165226349144	1147	7.604120655587875e-05	1.1587055669221984e-08	0.4799275267879763	1131
13	36046367	37498184	-2.2608690380076e-05	9.059711708201056e-09	0.8122457550768154	2632	4.790833088728439e-05	2.2482000110385545e-08	0.7493347267064923	2601
13	37498185	38878162	8.843105815028515e-05	8.016178350561517e-09	0.3233039593146045	2810	0.0001487488704328	2.0577975620875666e-08	0.2997652399772366	2785
13	38878163	41069262	0.0001316604819318	1.2687629973593254e-08	0.2424571225688138	3680	4.479661888480022e-05	3.4068826510857875e-08	0.8082391615758668	3644
13	41069263	43101026	6.326360126718262e-06	8.462218588758313e-09	0.9451710889027524	2910	-6.769222554577683e-05	2.1024317304351377e-08	0.6406068321499734	2875
13	43101027	44901408	0.0003974355778733	1.0382683435182137e-08	9.602395586744956e-05	2927	0.0001377745023379	2.8802134047033213e-08	0.416898388210942	2891
13	44901409	46495213	-9.85705222037038e-05	7.852097435596921e-09	0.2659736492643576	2155	0.0001301481008146	2.0919993177578243e-08	0.3682144788646188	2126
13	46495214	47431078	-1.3706023249349588e-05	4.571274212268225e-09	0.8393552655949796	1434	-2.49573610486034e-06	1.1914622638898906e-08	0.981758491966716	1423
13	47431079	49383961	-2.274894052336048e-05	9.347846259938095e-09	0.8139828467313857	3049	-3.7137107010141125e-05	2.2535444074340127e-08	0.8046095562720637	3026
13	49383962	51591090	-0.0001685443027757	1.0507236671026204e-08	0.1001230335303888	3283	-0.0003121189205301	2.7078301945264423e-08	0.057861350576529	3230
13	51591091	53339621	7.877735357210441e-05	5.957384683195554e-09	0.3074239392566436	1517	5.992419964490666e-07	1.6002692453140044e-08	0.9962204147097256	1488
13	53339622	54682863	8.522760908112424e-05	7.740500110379954e-09	0.332687662376803	2151	0.0001326182186239	2.182679001015867e-08	0.3693708292356876	2126
13	54682864	55817130	-1.925215329668758e-05	5.436073980491287e-09	0.7940015939843001	1987	8.032073170423548e-05	1.2897900233211585e-08	0.4794159950268459	1972
13	55817131	57554216	6.594569235625563e-05	5.509086686972516e-09	0.3742837390428325	2189	6.69148688499548e-05	1.0647624461504728e-08	0.5166748493603058	2160
13	57554217	58410625	-1.9043575425869887e-05	3.314220394455138e-09	0.7407999931882974	1211	1.385561878327698e-05	7.995998396907412e-09	0.8768612989704665	1193
13	58410626	59302270	-1.961717207936059e-06	4.103815416932106e-09	0.9755704941806868	1440	4.795181013190973e-05	1.0792076714263844e-08	0.6443783383059587	1428
13	59302271	60854777	-1.4862582890390985e-05	8.092128738062544e-09	0.8687707399617038	2630	-0.0001119521193093	1.9607918917901312e-08	0.4240025738473455	2597
13	60854778	61591948	-1.874815321400785e-05	4.457855175660598e-09	0.7788645907185097	1565	3.767555644741866e-05	1.1082811264060008e-08	0.7204347971969949	1541
13	61591949	63971558	-0.0001821138853619	1.3564860287794051e-08	0.1179032981979401	4865	-2.1897205521927605e-05	3.0996268540663884e-08	0.9010181641710368	4797
13	63971559	65200601	-1.915054332049309e-05	6.333774799338157e-09	0.8098418880649105	2573	-6.002529372543476e-05	1.2244202044703388e-08	0.5875005112657568	2541
13	65200602	67844452	2.0744098348745407e-05	1.1162468319768472e-08	0.8443420537221024	3759	-1.73975478071116e-05	2.6559022038805346e-08	0.9149845623321464	3724
13	67844453	70724515	0.0001881119987637	1.7371970288518515e-08	0.1535155102807439	5845	-0.000108636797091	4.382140999451938e-08	0.6037887234436152	5736
13	70724516	71526790	7.735063858808664e-05	5.832224767843065e-09	0.3111299816495726	1686	-0.0001214108527741	1.5905444866950886e-08	0.3357051877786166	1665
13	71526791	73934088	0.0001114038330101	1.3773981583885925e-08	0.3425048367652067	3900	6.23170014092836e-05	3.828487041176221e-08	0.7501148606595757	3851
13	73934089	75670142	2.7640329268199795e-06	1.1049980992187953e-08	0.9790225610459256	3047	-0.000169970933614	3.1166541210989925e-08	0.3356542720279426	3019
13	75670143	77410554	6.234137176736252e-05	1.1292008079453944e-08	0.5574281877887959	3223	0.0001961110065114	3.183443200198724e-08	0.2717065602155528	3190
13	77410555	78808812	6.90103637787325e-05	6.6653889068212485e-09	0.3979534643475979	2023	-3.3674504745601404e-05	1.6356326153678563e-08	0.792315865956119	1996
13	78808813	80585675	-0.0001599977386964	7.232739333083618e-09	0.0599285400959857	2399	8.527312169553143e-06	1.741510067480588e-08	0.9484786674382684	2369
13	80585676	82581813	4.360734888773983e-05	1.0984525859230256e-08	0.6773569422466437	3537	-6.857787744600098e-05	2.7639324467191426e-08	0.6799755044185019	3496
13	82581814	84133143	4.9769800818228805e-05	6.738740596122134e-09	0.5443257865324078	2649	0.0002065556573499	1.3289949200769088e-08	0.0731743299424378	2567
13	84133144	85610915	0.0001451564708168	8.033920845533499e-09	0.1053464014210754	2729	3.859536217472223e-05	2.0758291141492215e-08	0.7887921490186995	2645
13	85610916	88559881	-3.0163815302285352e-05	1.53948253867422e-08	0.8079218906652772	5546	0.00023889283549	3.4315102152565595e-08	0.1971839511059041	5445
13	88559882	90521310	1.8884182380167555e-05	8.25005242365214e-09	0.8353013141744727	3225	3.299863849313769e-07	1.8149386964299623e-08	0.9980456395356596	3190
13	90521311	93129690	0.0001435196937032	1.4346703860900305e-08	0.2308325972534977	4783	-6.306085868773539e-05	3.696927164143106e-08	0.742931311886327	4736
13	93129691	93586454	1.3748059317451715e-05	2.020466820350816e-09	0.7597150759516287	636	-3.389248911420037e-05	5.4237705279056625e-09	0.6453679576244493	630
13	93586455	96087557	-1.9087794053386344e-06	1.7993977258140975e-08	0.9886468189784388	4956	-0.000273187567099	5.06357448149286e-08	0.2247331617008635	4894
13	96087558	97519209	6.307492136784305e-05	5.123406204137742e-09	0.3782064670743471	1777	-9.575625344432962e-05	1.2386258070924733e-08	0.3895722085132179	1760
13	97519210	98938918	7.615909337094818e-05	6.371747693946484e-09	0.3400346002516725	1785	-0.0001109057576408	1.8717379325014268e-08	0.4175686405703277	1759
13	98938919	100574094	-4.919012021148027e-05	1.1354681271794957e-08	0.6443494329832282	3192	8.328560428283956e-05	3.0715873010465196e-08	0.6346350087009462	3142
13	100574095	102300522	8.274418746974642e-05	1.001325629684622e-08	0.4082971566125858	3057	-7.130427862273411e-06	2.7737038906505663e-08	0.9658498244299132	3020
13	102300523	104066709	0.0001092494815772	1.1984893903088349e-08	0.3183108417258976	3333	-1.7016484257593593e-05	3.3263812197778725e-08	0.9256648596009158	3296
13	104066710	104844113	-9.247336505679237e-05	5.093107952243512e-09	0.1950575127187371	1466	6.830148122606469e-06	1.4287705018341816e-08	0.9544327666427488	1451
13	104844114	106247553	-1.397528977385477e-05	9.825296357753488e-09	0.8878779239011474	2531	-1.536455141400906e-05	2.9147026988921783e-08	0.928290468154486	2504
13	106247554	106749999	-3.612692626918308e-06	4.394837121425337e-09	0.9565404958098443	1184	7.21765700418117e-05	1.2602814995182397e-08	0.5202707053893898	1166
13	106750000	108189876	2.5919499910469168e-05	1.012238209165148e-08	0.7966975927791065	2358	0.0002317788581749	3.007668487148949e-08	0.1813960799869026	2342
13	108189877	109121209	4.43412580895675e-05	7.598689876655677e-09	0.6109814796662356	1792	0.0001412362158728	2.3782229544508543e-08	0.3597506189177386	1777
13	109121210	109815111	5.962751966438111e-05	5.767578293916336e-09	0.4323684251186015	1534	8.989890575153795e-05	1.6398841252147192e-08	0.4826683646080114	1517
13	109815112	111232072	-1.2582105296133111e-05	1.4329473669039837e-08	0.9162896459615026	3186	0.0001507626646788	4.433094746908218e-08	0.4739635817405954	3142
13	111232073	112247591	0.0003291445022556	9.83189790337207e-09	0.0009019052575976	2241	0.0002062242122489	2.5104724527954832e-08	0.1930691681626295	2206
13	112247592	113572487	8.821042385691198e-05	7.360521724926959e-09	0.303869108664129	2090	4.084832421151257e-06	1.8922357566858503e-08	0.9763101200467602	1997
13	113572488	115109852	3.3334002163555606e-05	6.510027539575796e-09	0.6795048800188321	2223	-9.24964387527167e-05	1.4609445146914892e-08	0.4441176424750562	2136
14	19002084	21589401	2.518282992292009e-05	1.3769715363153048e-08	0.83007444200412	2612	-2.185960065114756e-05	4.1798718829531584e-08	0.9148520971493536	2565
14	21589402	23018664	1.4641714142518334e-05	1.1507544346502557e-08	0.8914339887198065	3179	7.131789627032085e-05	3.0347750881465897e-08	0.6822548337473129	2897
14	23018665	24905122	-0.0001181432086107	1.3336406394562718e-08	0.3062925684606677	2939	-0.0002394583344676	3.7770856937797664e-08	0.2179058177745667	2860
14	24905123	26135685	0.0001086141516688	8.960660052630843e-09	0.2512146296427667	2629	-7.912308793179946e-05	2.153568600855042e-08	0.5897711403925077	2604
14	26135686	28466532	-6.671302914593638e-05	1.2387320643558982e-08	0.5489013625796715	3480	-0.0001106833783956	3.1869080912938786e-08	0.535252196694166	3455
14	28466533	29972144	0.000176929916057	1.301961265737852e-08	0.1209954660948062	2079	0.0003921189635394	1.7839477311797455e-08	0.0033268644490008	2055
14	29972145	32383264	0.0001777367167404	1.491652901835432e-08	0.1455948177108405	3004	-0.0002576605297867	2.785317935465641e-08	0.1226200191472802	2956
14	32383265	34846250	0.0007121770463614	4.7049958594051775e-08	0.0010260551885445	4329	0.0005417486230817	7.037896054391768e-08	0.0411418988882486	4288
14	34846251	35859592	-1.7835889730400515e-05	6.457307774077909e-09	0.824347282156998	2000	-0.0001367390186873	1.5458959097769317e-08	0.2714318321087468	1947
14	35859593	38667724	-9.698932236954323e-06	1.2263122099223752e-08	0.9302075401527594	3519	8.82586946612495e-05	2.9577670729127492e-08	0.6078206272064826	3481
14	38667725	40341989	5.557296054025937e-05	9.589682826385889e-09	0.5703784796440952	2893	-6.462570856442609e-05	2.394616131127297e-08	0.6762206985015125	2861
14	40341990	41615501	4.691107096402844e-05	8.417271475993495e-09	0.6091295576326317	2902	-4.76415622079878e-05	1.6736771742082722e-08	0.7126821579781304	2882
14	41615502	43137388	4.861529640996249e-05	7.602057973189928e-09	0.5771310747456317	2474	-0.000213102595929	1.8075489023406884e-08	0.1129543560982123	2441
14	43137389	44543226	-3.2717923211860467e-06	8.849315035305653e-09	0.97225508418388	2509	-9.676133861315855e-05	2.3318131452594952e-08	0.526303971304299	2480
14	44543227	46081895	-1.6166374753928594e-05	6.754765021773143e-09	0.8440611903130442	2060	4.3324496499819984e-05	1.5942309723732602e-08	0.7315011307845155	2038
14	46081896	46749129	1.4808669209230804e-05	3.640609542676843e-09	0.8061229192598642	1217	-5.15670635393665e-05	7.536362456554251e-09	0.5525074769971117	1207
14	46749130	48573585	-2.4699585929720323e-06	1.1873558383100008e-08	0.9819156835080748	3488	-0.0002027940830609	2.8842205985064097e-08	0.2324384833305368	3462
14	48573586	49005470	3.039703087855419e-05	2.6112599773422173e-09	0.5519449848808085	834	3.301133822898418e-05	5.46078521578902e-09	0.6550771012183136	826
14	49005471	50507759	5.088785910112929e-05	8.291061779009989e-09	0.5762519318439703	2291	0.000144593427639	2.211852574536987e-08	0.33093452830292	2266
14	50507760	51493571	-8.773465566592545e-05	5.7531410687392695e-09	0.2473972043206881	1504	4.113635295254883e-05	1.4136039620998873e-08	0.7293512107374567	1482
14	51493572	53474382	6.703982448224043e-05	1.5101288087480934e-08	0.5853828056089443	3847	-0.0001364012179136	4.1523670046447345e-08	0.5032554160385815	3814
14	53474383	53997830	2.75406897333566e-05	3.103010021131161e-09	0.6210198866556296	1000	-6.5003094772594934e-06	7.069369831229353e-09	0.938375801653486	994
14	53997831	55233680	7.902176106597231e-06	6.888390017510039e-09	0.9241471087636344	1600	-4.065074170051833e-06	1.99624736967866e-08	0.9770468950432926	1578
14	55233681	56216879	-1.3821534860137483e-05	5.133963821884967e-09	0.8470381046550206	1695	-6.245402455458992e-05	1.078654193164718e-08	0.5476142734388258	1672
14	56216880	57481261	0.0001587027157922	1.0212159453054677e-08	0.1163092380487635	2389	-3.410373666306032e-05	2.4037738161777426e-08	0.8258977886126175	2373
14	57481262	59448335	6.732001931182045e-05	1.1844007479445707e-08	0.5361939994213263	3102	8.731578788977174e-05	3.32213434901054e-08	0.6319004403032555	3064
14	59448336	61680423	2.568723999834131e-05	9.709084364231144e-09	0.7943297571515935	3061	5.319209177981281e-07	2.077221553698957e-08	0.9970552750590048	3030
14	61680424	63790014	0.0001514828847011	1.3682621351303109e-08	0.1953108235261402	3486	0.0001970455010848	3.7757676581320666e-08	0.3105538553767438	3433
14	63790015	65220297	-2.154859604583536e-06	5.910803170045086e-09	0.9776396326966568	1797	-4.0262170315238165e-05	1.4221477269701112e-08	0.7356515252196477	1764
14	65220298	66399554	4.916349081760641e-05	6.941858625871362e-09	0.5551425414155882	1898	0.0001552134980761	1.6929811663028714e-08	0.2329092010933789	1874
14	66399555	67992316	-6.127728780037955e-06	6.995714306539847e-09	0.9415969948550572	1863	4.233047640769745e-06	1.2074933671183263e-08	0.969271352959066	1845
14	67992317	71131956	1.3406834213232636e-05	2.054439002762341e-08	0.925477610948074	5249	-1.9749651802358215e-05	5.2933269766074496e-08	0.9315927641262612	5182
14	71131957	72889614	-9.234909398582151e-06	9.864939121603926e-09	0.9259201487017336	2780	-8.108427624386479e-05	2.3813408935339653e-08	0.5992750587022107	2740
14	72889615	76444766	7.592558423689687e-05	1.9072060295607732e-08	0.5824699306865235	5319	2.2483113941289453e-05	4.482242834543624e-08	0.9154267258483336	5188
14	76444767	77229471	8.489726900966878e-06	5.979386312815606e-09	0.9125753949566094	1491	-0.0002004440099383	1.6467901790730023e-08	0.1182939888954043	1467
14	77229472	78561944	0.000170260314228	1.1775925959772131e-08	0.1166538706577921	2928	6.900762417750174e-05	3.2483896420633393e-08	0.701808521632724	2872
14	78561945	80186578	-7.77036313365923e-05	8.778044454417799e-09	0.4069014397840732	2186	-7.41949675355035e-05	2.4089400427480826e-08	0.6326239164748254	2166
14	80186579	81579713	-1.9467092734715064e-05	7.980312396146034e-09	0.8274937657179026	2419	0.0002132225095801	1.9843037665361737e-08	0.1301115308751038	2397
14	81579714	83138096	1.8512772901507835e-05	8.649649562707036e-09	0.8422200347658513	2414	9.20961156109624e-05	2.33203740487941e-08	0.5464567353597107	2388
14	83138097	84241632	3.3888501215990375e-05	7.577528766258914e-09	0.697051477331098	2032	3.857266041264421e-05	1.97109452040229e-08	0.7835140657908858	2008
14	84241633	85746318	-1.3542077096027504e-05	9.786213777844648e-09	0.8911161962582305	2708	5.2883476069647105e-05	2.5985534266092282e-08	0.7428657898937758	2677
14	85746319	86647001	-2.1961238971754456e-05	5.022497715243105e-09	0.7566503584855737	1449	6.843073979238891e-06	1.317341500566448e-08	0.9524571872326264	1430
14	86647002	87635340	-3.398181550943348e-06	5.553408027597969e-09	0.9636289065482876	1589	9.698376163086684e-05	1.3868325862100932e-08	0.4101984925608787	1579
14	87635341	89497642	-6.456437347469533e-05	9.699230998711382e-09	0.5120957635629202	2972	8.413535775848364e-05	2.302041753764648e-08	0.5792188874067048	2951
14	89497643	91296859	0.0001176903379772	1.2759579444345108e-08	0.2974618353044663	3077	-7.301542639662647e-05	3.5618720057927915e-08	0.6988455810656824	3024
14	91296860	93132298	4.751900356894539e-06	1.3496612413864952e-08	0.9673732426927644	3462	8.896215857494936e-05	3.4406209250375754e-08	0.6315057795352013	3398
14	93132299	94325284	-0.0001129563143058	7.375341442278511e-09	0.1884145642579159	1941	-0.0001366150730984	1.7805233550791837e-08	0.3059189962932375	1914
14	94325285	95750866	3.3378937977651914e-05	1.5844660687762984e-08	0.7908753746089824	3531	-9.314067134555098e-05	4.6660250192373156e-08	0.6663322802547876	3488
14	95750867	96262414	-1.9726076808302467e-06	6.730026155296714e-09	0.9808163802833414	1391	4.148773557953057e-05	1.9206532694061342e-08	0.7646646024537297	1372
14	96262415	98341161	1.1686449526308245e-05	1.44963508077267e-08	0.9226764468099288	3506	-0.0001778655396538	4.119742497043399e-08	0.3808626147779933	3462
14	98341162	99138531	0.0003585608258062	1.218526718641084e-08	0.0011612982375182	1910	-0.0001727474559478	1.828862071972674e-08	0.2014670101191014	1884
14	99138532	101534306	0.0003052438178365	1.718648119403252e-08	0.0198920674986926	3554	0.000351850526284	4.9162526201236826e-08	0.112542289630612	3504
14	101534307	103012101	4.465602519237905e-05	8.281579964101193e-09	0.6236327268838435	2048	3.485447664686986e-05	2.038997049648201e-08	0.8071609953419816	2017
14	103012102	105001722	0.000145894936944	8.671995722689516e-09	0.1171891756778931	2673	0.0001441124825056	2.0931813222462922e-08	0.3192068706680017	2635
14	105001723	106340357	1.1008892893686052e-05	2.85773832165171e-09	0.8368408507695566	850	3.07570306108164e-05	7.561387801158088e-09	0.7235584797609913	832
14	106340358	107289453	5.029197903185104e-06	9.778710312629823e-10	0.8722299581983534	358	1.0205316664659997e-08	2.0179901931021963e-09	0.999818737895806	290
15	21131604	24195126	-3.424597301620382e-06	6.138076063840613e-09	0.9651345594647102	1299	-5.6069767449140704e-05	1.6744769043269746e-08	0.6647964866994633	1279
15	24195127	25108589	2.84464259645404e-05	1.0651593393666142e-08	0.7828352224202918	2841	8.444689962184544e-05	1.969111736869809e-08	0.5473106461709374	2777
15	25108590	27298111	0.0001967530247208	1.9383859933256757e-08	0.1575991673272424	3821	-2.3163713167938534e-05	5.287850758569782e-08	0.9197630007216532	3758
15	27298112	29338501	-5.907863170883688e-05	8.00289442982045e-09	0.5089973480661238	1965	-2.15957752929761e-05	1.9193994529011123e-08	0.8761288213331199	1954
15	29338502	30165567	3.176594136668163e-05	5.922057755328741e-09	0.679763095257997	1225	-0.0002364424873845	1.198721987555274e-08	0.0308063590033958	1203
15	30165568	31591820	-1.880701876328464e-05	6.330415505998368e-09	0.8131407191369755	1363	-6.825850561211099e-05	1.567877546621801e-08	0.5856635735333007	1338
15	31591821	32441810	-1.836689424135689e-05	5.253666979297787e-09	0.7999600993619205	1223	-2.4827711876011072e-05	1.1057395080508064e-08	0.8133490431751378	1209
15	32441811	34015424	-6.142691373860692e-05	1.3549176804596288e-08	0.5976947973035125	2527	-4.26597620213485e-05	3.776768211063961e-08	0.8262512348448672	2499
15	34015425	35083250	1.813969556457174e-05	8.612510052993002e-09	0.8450303023350842	1821	-7.425719962531398e-05	1.8276967611084682e-08	0.5828196369436098	1776
15	35083251	37456501	8.194916654371095e-05	1.825365803427868e-08	0.5441468290725149	3892	0.0002045547794545	4.7424019450046046e-08	0.3475699346875214	3842
15	37456502	38530776	0.000116435851984	7.499979339005076e-09	0.1787908728969327	1760	0.0001172731112618	2.1052753539355985e-08	0.4189485211340994	1739
15	38530777	40384131	-9.78738986110749e-05	1.3406200818964296e-08	0.3979399293976168	3101	-5.157034136100789e-05	3.198760064722189e-08	0.7730843164852363	3065
15	40384132	41177513	4.650161044294378e-05	5.407024970041962e-09	0.5271284402866179	1081	4.12867403446537e-05	8.586537803555632e-09	0.6559185509911585	1058
15	41177514	42776398	5.504998630688978e-05	8.595286974998581e-09	0.5526579329257291	2266	1.7897963963805437e-05	1.7589128807706396e-08	0.8926492998699824	2213
15	42776399	44198048	0.0002384006450533	3.360773823076229e-09	3.916886848185525e-05	989	4.959646380329148e-05	5.224692814398244e-09	0.4926172642497806	961
15	44198049	46618786	-4.915441477502573e-05	8.861747534204781e-09	0.6015595669269667	2352	-0.0002685288656333	1.7818152806038015e-08	0.0442533189012396	2320
15	46618787	48136047	6.733841943301157e-05	1.4842354590631765e-08	0.580449632397803	2548	-0.0001257399313016	2.2392647342525172e-08	0.4007552391384937	2526
15	48136048	50008042	2.1803365058601652e-06	7.021306789787212e-09	0.9792410392481204	1920	-6.58934677747852e-05	1.3687036762365313e-08	0.5732766278199608	1903
15	50008043	51677559	-0.0001094470644066	1.0814959415118494e-08	0.2926040321161357	2816	-1.410517827061088e-06	2.2266352882299765e-08	0.9924579808708898	2769
15	51677560	53069095	-5.1137264743986054e-05	1.068303061291916e-08	0.6207730194093926	1838	6.879091056927754e-05	1.1522863266547785e-08	0.5216254506232636	1804
15	53069096	54508527	1.9674475219900467e-05	1.1692931214000381e-08	0.8556254502119167	2879	6.218231879617995e-05	2.8492978527595222e-08	0.7125886788733753	2839
15	54508528	55136268	2.002929331232415e-06	5.409615265683933e-09	0.9782745478910946	1381	-2.2552961606405184e-05	1.272597754674774e-08	0.841542514399259	1366
15	55136269	56901772	-7.922414186304438e-05	1.2841714303712861e-08	0.4844827588359247	3489	-0.0001853495787209	2.5322143437455045e-08	0.2441108081501001	3437
15	56901773	58441365	-6.884710777842006e-05	1.0455161461184689e-08	0.5007449013944152	2362	0.0001641371176575	2.3360905950058464e-08	0.2828695873065187	2325
15	58441366	59694115	0.0001127434361245	9.501646034133362e-09	0.247426400636001	2055	5.099311753235631e-05	2.4489624284723963e-08	0.7445362701406659	2011
15	59694116	61265835	0.0001677211160536	1.2518003874278914e-08	0.1338570045599427	2489	-2.026160672565904e-06	2.9958768528822775e-08	0.9906601038876038	2461
15	61265836	63215221	-9.013898761020348e-05	1.917110310828085e-08	0.5150386142406319	3333	5.142644479681454e-05	4.2214021340685075e-08	0.8023565644454439	3294
15	63215222	65104667	0.0001298227398833	1.0066784128878337e-08	0.1956951478793782	2500	6.022588606342279e-05	2.0475020457688945e-08	0.6738336960250553	2463
15	65104668	67094766	-1.5063107942808496e-05	1.18453287052055e-08	0.8899230529593479	2933	-0.000133399833982	2.60177403732556e-08	0.4082208806008203	2866
15	67094767	69017998	0.000204168424598	1.1888678214550936e-08	0.0611374826725428	2901	1.3095979259612063e-05	2.6976626246575682e-08	0.93644872846563	2864
15	69017999	70133340	-0.000201255058959	4.844155554926104e-09	0.0038328925075033	1108	-3.496013783604323e-05	1.2505588255729349e-08	0.7545670214527589	1099
15	70133341	71922648	-3.9674494532321994e-05	1.3424792710963582e-08	0.7320357380966945	2837	8.111787937402006e-05	3.4625791260073524e-08	0.6628875342969391	2798
15	71922649	73628713	9.044507304180426e-06	5.2451426308596345e-09	0.9006155078267093	1510	8.049287817696393e-05	1.0301176275992905e-08	0.4277343536534991	1491
15	73628714	76398623	7.389986647113839e-05	1.141016287773642e-08	0.4890457540359989	2851	-0.0001695402577827	2.5837272743605244e-08	0.2915397106745163	2812
15	76398624	78516052	-0.0001371261108904	1.153732782815079e-08	0.2017303131918452	2996	-6.357721479353713e-05	2.2874171211483343e-08	0.674217230699298	2952
15	78516053	80860977	0.0004215913538777	2.0311348741327336e-08	0.0030947696899715	4636	0.000101185595684	5.0706807002953895e-08	0.6531785861423307	4566
15	80860978	84260467	1.0186968106507324e-05	1.6438031993505648e-08	0.9366708972657964	3640	0.0001084146631634	4.1335084637387746e-08	0.5938624504559782	3586
15	84260468	86652904	-5.9490486688316446e-05	1.5988501686060736e-08	0.6380102071348511	4020	-0.0001167823940349	3.61327949462964e-08	0.5389740375933918	3894
15	86652905	88369942	6.295472565878424e-05	1.4551289251461861e-08	0.6017480730673808	3247	-4.574353921597367e-05	3.6881154712734974e-08	0.8117320381804638	3213
15	88369943	90475550	5.5372681104566665e-05	1.325367971461906e-08	0.6305304782501909	3052	0.0002394166395633	3.289652725870037e-08	0.1868295659329427	3008
15	90475551	92164391	-1.3097746869683997e-05	1.6703282728492885e-08	0.919277827087682	3126	-3.7802440998283574e-05	3.613571281553271e-08	0.8423707927154063	3069
15	92164392	93780901	0.0001558342637677	1.7140163134266345e-08	0.233929529843189	3279	0.0001718391582559	4.9410430264304285e-08	0.4394872764684909	3232
15	93780902	94924329	-1.142037293826816e-05	1.3643042769154945e-08	0.922111524044609	2647	-0.0001369625436696	3.7148423855807635e-08	0.4773256379556589	2612
15	94924330	96141595	4.492245207731482e-05	1.0931986174708765e-08	0.6674509068986691	2275	-2.9791031452072974e-05	2.9354723512996202e-08	0.8619607427251164	2242
15	96141596	98030909	0.0001367420628211	1.5557047154237804e-08	0.2729374279240348	2977	-7.32792188470724e-05	4.4964575085325566e-08	0.7296601824858339	2920
15	98030910	99244058	0.0001001864362202	1.4210144695919213e-08	0.4006585144869389	2714	-0.0001218438330892	3.9999489076181905e-08	0.5423765998182803	2675
15	99244059	100636846	-1.186732741999476e-05	1.277779205667575e-08	0.9163881400999592	2872	-5.9934950376425776e-05	3.307649636009656e-08	0.7417405333261698	2819
15	100636847	101552693	-8.268396961158894e-05	9.467144104923248e-09	0.395441623335126	1983	-9.27636903949233e-05	2.477537442071175e-08	0.5556314098104667	1951
15	101552694	102520965	0.0001042520254854	7.524982525368664e-09	0.2294415037931538	1542	-7.593048544896637e-05	2.088985588364854e-08	0.5993401421404873	1517
16	60054	1207205	-0.0001111688780132	3.380488744403448e-09	0.0558730389446999	753	-0.000173891492955	1.1354641236508843e-08	0.1027020698750087	740
16	1207206	2764828	-5.3058735899016806e-05	6.887308795962329e-09	0.5226015380097255	1491	-1.1050941719236252e-05	1.1279815263965445e-08	0.9171284888176728	1463
16	2764829	4001195	3.6026184389029595e-05	7.595142416865866e-09	0.6793276357622329	1624	-6.062393514376529e-05	1.8379050350091004e-08	0.6547449386543134	1594
16	4001196	5118344	-0.0002419698472529	9.274682376739665e-09	0.0119867986097464	1809	-3.8137752810554153e-05	2.2889573129691324e-08	0.8009801874872629	1762
16	5118345	5891579	-0.0002424334984201	9.138470610475036e-09	0.0112114358016016	1834	1.6839160425096722e-05	2.2500202318604585e-08	0.9106168088439686	1808
16	5891580	6893550	0.000344592788422	1.5464562169925208e-08	0.0055883502405579	2773	2.2746959103225736e-05	4.358275457535578e-08	0.9132344327841116	2702
16	6893551	7529120	0.0001762368590771	1.1363559718472856e-08	0.098279209482895	2279	0.000104658491687	2.8632521066170672e-08	0.536241130628513	2250
16	7529121	8338518	6.151314614929982e-05	1.2272460558603325e-08	0.5787118252902268	2492	-0.0001076405749923	2.9777049622512963e-08	0.5327685565338002	2463
16	8338519	9799418	0.0002241869463791	1.932908461802003e-08	0.1068491800940284	3742	0.0002525805431857	5.027298474436001e-08	0.2599524464602747	3668
16	9799419	10426031	0.0002909313592711	7.12009669491161e-09	0.0005650806006081	1555	5.043420121581957e-05	1.6065903472909054e-08	0.6907048246400184	1532
16	10426032	11520160	5.3738602101582696e-05	1.2157386896792482e-08	0.6259902231015271	2410	-5.483969754177506e-05	2.8985630093061664e-08	0.7473696604402236	2379
16	11520161	12613097	5.42630855339208e-05	9.452702864080228e-09	0.5767634127820249	2057	0.0001248681983885	2.3511668217472373e-08	0.4154455231178584	2001
16	12613098	13154436	2.081031335679225e-05	6.784036235422491e-09	0.8005318379080854	1584	3.598456403226392e-05	1.5504922868499952e-08	0.7725897300761105	1554
16	13154437	14464001	0.0002537303837646	1.659217248191443e-08	0.0488619641183677	2522	2.7224933141789193e-05	2.8215084222461585e-08	0.8712438200479224	2487
16	14464002	16154059	0.0001185066195519	5.728463161072699e-09	0.1174062040293359	1229	0.0002465667671624	1.4619583650066709e-08	0.0414266907023642	1195
16	16154060	17644748	-2.1429944454366115e-05	8.911954064633025e-09	0.8204201986176415	1710	-9.415495836037417e-05	2.3307220179737333e-08	0.5374101304944282	1671
16	17644749	18643606	-0.0002930192795175	4.346833455888771e-09	8.815193620567099e-06	939	-0.000603148562696	9.945017320440671e-09	1.4653153227999364e-09	916
16	18643607	20150570	0.0001184766379111	9.096146399247876e-09	0.214149617161316	2119	8.752597573906439e-05	1.9907502539365116e-08	0.5350351074422235	2059
16	20150571	22448903	1.2072576661337751e-06	9.065894620428393e-09	0.9898836682332294	2095	-4.29529003769641e-05	2.0273936808345683e-08	0.762908232816752	2053
16	22448904	24136874	-2.4749649086399453e-05	1.1005266984849945e-08	0.8134930645850172	2217	-0.0001108818883391	2.4909406970388793e-08	0.4823345361350736	2189
16	24136875	25986861	4.359979921558983e-05	1.8296451405014765e-08	0.7472025239002087	3663	-6.183653723597669e-05	4.0419173149065224e-08	0.7584055211996656	3590
16	25986862	27445754	0.0001402670581795	1.6032754463075764e-08	0.2679589355666486	3033	9.287817812549875e-05	4.366748829027361e-08	0.6567086370175506	2994
16	27445755	29036612	-6.578050380875017e-05	6.484525986179725e-09	0.4139972075029576	1378	-8.161624249931525e-05	1.1688790461076233e-08	0.4503064986368363	1350
16	29036613	31382942	1.188560407133032e-05	6.486976037187861e-09	0.8826815866195262	1526	6.082361209707221e-06	1.4476686319224662e-08	0.9596825788115216	1494
16	31382943	46399472	-1.7040149826689906e-05	2.433011552581847e-09	0.7297464512579461	663	-2.7055467779241887e-05	4.512768928764261e-09	0.6871335460132348	651
16	46399473	49007925	-3.540052016500774e-05	5.4493367815757094e-09	0.6315443255413765	1312	5.179605874837998e-05	9.476229125543988e-09	0.5946688887565783	1297
16	49007926	52035822	7.228650855913387e-05	2.2446512022380525e-08	0.6294622405569679	4394	-5.5575724127592526e-05	5.9505052988905076e-08	0.8197795058070465	4341
16	52035823	53382571	-4.603202325699742e-05	9.039052658649972e-09	0.6282646487870909	2046	6.578886961892621e-05	1.8255206106571435e-08	0.6263138802596299	2030
16	53382572	55903773	-7.814663844099507e-05	2.2146080554500624e-08	0.5994969964833295	4553	-0.000221533441256	5.637742782467085e-08	0.3508143987630228	4508
16	55903774	57664329	-4.246541253282968e-06	1.584646712792017e-08	0.9730891870430544	2897	-4.2332367932039817e-08	3.7102947690132115e-08	0.9998246489329088	2859
16	57664330	59045404	-7.774531475564246e-05	1.2114139890693222e-08	0.4799624327699825	2642	-0.000200319822008	2.7167821164898777e-08	0.2242377979752814	2589
16	59045405	60745693	0.000107850604726	1.2020496878051216e-08	0.3252644845084904	2836	0.0001255770699698	2.7225155494789376e-08	0.4466146739645743	2809
16	60745694	62229848	0.0002895957428013	7.55233357798529e-09	0.0008611354797783	1825	-0.0002643425315255	1.642246291227136e-08	0.0391357979366788	1810
16	62229849	63691588	0.0001214190677404	1.028126549977362e-08	0.2311245256820507	2296	-5.581578242417064e-05	2.3970184102132696e-08	0.7184632869956135	2267
16	63691589	65938565	-9.959852577644322e-05	1.6757877314821706e-08	0.4416651145531591	3925	-0.0001347271347042	3.55475273631772e-08	0.4748690967038893	3884
16	65938566	68841362	-4.618103173915326e-05	1.2073390248484796e-08	0.6742736459605864	2833	-2.060674927689771e-05	2.393096596474865e-08	0.8940291110235765	2785
16	68841363	71054027	9.804805863740216e-05	8.223593524682031e-09	0.2796057842007518	2024	7.253584395896513e-05	1.6165027524243615e-08	0.5683307878266468	1988
16	71054028	72935149	0.0001324062616761	9.353636044961642e-09	0.1709846503629485	2135	-8.06413149922899e-05	1.8217429264630644e-08	0.5501955115065327	2097
16	72935150	74971502	0.0001233700801188	2.00616445993657e-08	0.3837449266030146	3218	0.0001060234779048	4.5075035769849e-08	0.6175093886966825	3159
16	74971503	75977953	-1.3196522842499867e-05	7.0773845126558845e-09	0.8753520799553393	1598	-7.840965055928362e-06	1.3256207692841071e-08	0.9457044380183364	1571
16	75977954	77523677	0.0001328139123948	1.648127398060828e-08	0.3008827925516082	3718	2.2090060684084785e-05	3.5218418230104467e-08	0.9062977381088988	3684
16	77523678	78456291	0.0001078535318281	1.5645184142118084e-08	0.3885381323028732	3061	-0.0001820292915036	3.7324742512074015e-08	0.3460905108720727	3000
16	78456292	79134814	3.720222756273349e-05	1.2311979443996248e-08	0.7374154186451745	2060	-0.0001496063672079	3.4256125541137774e-08	0.4189089285057715	2015
16	79134815	80297373	-0.0001137792503289	1.3974074719709713e-08	0.3357976138803639	2772	-0.0003118267463055	3.5499170199761286e-08	0.0979196556062234	2752
16	80297374	81772535	-2.4609497031806396e-05	1.7919042563127577e-08	0.8541372067644912	3466	-0.0002606612970243	4.422994465111543e-08	0.2151901526789877	3418
16	81772536	82747727	-0.0001613710760031	1.3467422623276626e-08	0.1643649964765806	2382	0.0002224113710168	3.272327106439818e-08	0.2188842925772671	2352
16	82747728	83477207	3.368448588945783e-05	1.3928454902545834e-08	0.7753253820425684	2426	-4.0910932358706435e-05	3.8112722285031486e-08	0.8340126074607779	2393
16	83477208	84445882	5.588665723606496e-05	1.8100394548984996e-08	0.6778507723145901	2893	0.0001312114431123	5.24745734715284e-08	0.5667852597655412	2851
16	84445883	85148684	-0.0001459465429446	1.2941065611407344e-08	0.1995105651482958	2190	-4.789988823606372e-05	3.67227631254392e-08	0.8026199253535381	2159
16	85148685	86156598	4.649689946028868e-05	1.330824598888874e-08	0.6869082617001762	1815	-0.0001577413926786	4.241450707847415e-08	0.4437186066478547	1768
16	86156599	86815410	1.4564863064306096e-05	1.2532551897469337e-08	0.8964850932887737	1777	-3.040362217656714e-05	3.8502333027826653e-08	0.8768634852502232	1742
16	86815411	87647348	2.3042322765376113e-05	9.228505493499172e-09	0.8104376183809965	1573	-1.2358631957391984e-05	2.5373277584209186e-08	0.938157556600986	1542
16	87647349	89041164	-1.6149292763447132e-05	1.0931313015960984e-08	0.877246680143876	1722	-0.000216798135289	1.897180769233688e-08	0.1154904176209825	1689
16	89041165	90292811	2.6076728994393184e-05	1.421364253366658e-08	0.8268634910083072	1958	-0.0001008513689627	2.2281402469956344e-08	0.4992739980618953	1894
17	56	1172398	4.617193924573996e-05	7.091535287965383e-09	0.5834948240619224	1372	-3.443173933241784e-05	2.006059480065289e-08	0.8079270205837399	1329
17	1172399	1928730	4.055358928817171e-05	5.198874754800161e-09	0.5738176649997828	1293	4.964868932779116e-05	1.3704509497264056e-08	0.6714873538717769	1264
17	1928731	3702311	-8.106665580359403e-05	1.2826384003938194e-08	0.4741164355448523	3061	-2.308669529805524e-05	2.9532138215193687e-08	0.8931315277771765	2991
17	3702312	4696260	6.506214275500738e-05	6.528531546849645e-09	0.4206862594964649	1606	0.0001030568038517	1.4489538050332861e-08	0.391915318199206	1573
17	4696261	5741333	7.952825770761992e-05	7.931490006838953e-09	0.3718653007092266	2179	3.947336556646414e-05	1.737535711453184e-08	0.7645898943773127	2122
17	5741334	7317397	5.711787788555183e-05	1.2541221904871191e-08	0.6100251662069469	2954	-0.0003148134733843	4.0167145345044074e-08	0.1162316883128795	2913
17	7317398	8306424	4.6195424387694583e-05	6.193301609444653e-09	0.5572039383691758	1449	9.236769767014024e-05	1.599812591411988e-08	0.4652230004773756	1420
17	8306425	9965920	-9.718717726993456e-05	1.2935918456260322e-08	0.3928298980405706	2778	-0.0003055303099722	3.570044593861566e-08	0.1058722851774734	2734
17	9965921	11102814	4.833080369296865e-05	8.405700251215721e-09	0.598087019438636	2038	5.346776614643712e-05	1.991129235562215e-08	0.7047506497138105	1995
17	11102815	12534768	-9.86713617505092e-05	1.0485005056905949e-08	0.3352353692225848	2387	3.717361440359715e-05	2.881252223365199e-08	0.8266500336324962	2359
17	12534769	13180371	-0.0001846225065844	6.549222918329063e-09	0.0225284158560956	1489	-8.515704705567104e-05	1.8035314863376716e-08	0.5260146331299829	1467
17	13180372	13894636	8.845357937650112e-05	7.629244127419079e-09	0.3112103344760275	1754	5.925589893047055e-05	2.0913914989206862e-08	0.6819928366951217	1722
17	13894637	15019096	0.0001164690904781	1.1253797160912642e-08	0.2722499714535991	2715	1.7119046198071166e-05	3.0686766454244473e-08	0.9221509634908592	2665
17	15019097	16412341	-5.616125774258323e-05	6.38975887442313e-09	0.4823187324523644	1603	1.569016342010307e-05	1.5093075558638646e-08	0.8983752902564934	1572
17	16412342	18856319	-0.0003562425146034	9.84386895206726e-09	0.0003299614810937	2784	-3.4064673062902313e-06	2.1283449098281862e-08	0.9813712454879536	2717
17	18856320	21290356	7.194209783175223e-05	5.366431231454165e-09	0.3260677377018063	1724	3.631713486112581e-05	1.0116788848468063e-08	0.7180478463208795	1691
17	21290357	27334243	1.2532660750124152e-05	8.751483145564219e-09	0.893427542076695	2686	4.9956020429124234e-05	1.629370282981476e-08	0.6955301532187288	2654
17	27334244	29786490	0.0001627606494873	7.894969688588282e-09	0.0669836585766733	2222	4.925366056839355e-05	1.0219292219120752e-08	0.626100051327187	2185
17	29786491	31538424	2.3054233534645875e-05	1.0190257470888622e-08	0.8193508195943445	2503	-5.6537682882325005e-05	2.4163900368635173e-08	0.7160750470750878	2457
17	31538425	32912797	0.0002011983489628	1.2144213217441217e-08	0.0678889343027214	2971	0.0001417008985047	3.3595015125828854e-08	0.4394637169738138	2951
17	32912798	34469035	-6.886424916510434e-05	8.100282877061812e-09	0.444185227924971	2183	-6.623514138397933e-05	1.8944819242131664e-08	0.6303604896075851	2110
17	34469036	36809343	-7.181497429239653e-05	9.671240511960964e-09	0.4652349680923888	2287	-5.5323137864539194e-05	2.4385486305224212e-08	0.7231324422308734	2094
17	36809344	38877403	0.0001060969172482	9.386603423624377e-09	0.2734786261635875	2217	0.0001756286623024	1.5279761439386713e-08	0.1553709548413373	2178
17	38877404	39899809	-5.566507559828694e-06	6.4936228597943196e-09	0.9449275937653604	2070	6.928641019390898e-05	1.3397283790262445e-08	0.5494369259036992	2030
17	39899810	41772086	0.0002025143082383	6.378692721977025e-09	0.0112237791502296	1968	-0.0001091633001188	1.1110288533784013e-08	0.3003643681364605	1925
17	41772087	43056904	2.828417599581488e-05	5.9807746374812965e-09	0.7145639021535315	1643	-6.302453795784587e-05	1.4325355275593215e-08	0.5984915077795854	1613
17	43056905	45876021	-0.0001847144624916	2.094474286589553e-08	0.2018384673036066	4261	-8.971230947478868e-05	2.2356416262446722e-08	0.5485065182793429	4162
17	45876022	47517399	4.084851329568668e-05	8.87463470201308e-09	0.6645704227394158	2578	7.867687212230943e-05	1.9163737989277322e-08	0.5698052331199039	2520
17	47517400	49898956	8.633508895043467e-05	1.4097557367309904e-08	0.4671428947658019	3158	-3.6251645459665793e-05	3.6751346862773996e-08	0.8500145898503959	3103
17	49898957	50719054	-2.317547544261226e-05	3.794002743495083e-09	0.7067289066298462	1226	-4.800505225979221e-05	8.194258132650101e-09	0.5958950592879166	1217
17	50719055	51826117	-7.205572108466076e-05	5.889733758622653e-09	0.3477806483695788	1968	9.583630880853812e-05	1.1776424970675478e-08	0.3771674589968572	1951
17	51826118	53599431	7.449381236028507e-05	1.0360272562443981e-08	0.4642472348376798	2863	0.0001680580080875	2.1883107106747353e-08	0.2559276775525484	2839
17	53599432	55357540	-5.9355768670018224e-05	8.848314868959403e-09	0.5280373989367932	2481	-8.969056973173483e-05	2.08614511425106e-08	0.5346156874560609	2433
17	55357541	57487511	9.28969028596919e-06	1.069905442119618e-08	0.9284375703464612	2536	8.287162315595502e-05	2.189323184593701e-08	0.5754241305724475	2495
17	57487512	59312754	-1.3075996524712812e-05	3.112429984203834e-09	0.8146881191375421	1066	1.7431375433881713e-05	5.513815496868938e-09	0.8144028022739827	1049
17	59312755	61545588	5.823393954918084e-05	7.3339458493836535e-09	0.4965060381574865	2044	0.0001622432727809	1.6169241576397012e-08	0.2019854325775593	2006
17	61545589	63148127	-9.027057300453568e-05	4.2922053364192236e-09	0.1682456727418633	1343	-5.837759424885712e-05	8.097599060428997e-09	0.5165089729006793	1322
17	63148128	64800429	1.1465315367868968e-05	1.2014439910894494e-08	0.9166927262583436	3280	5.820545679699561e-05	2.2207570825036843e-08	0.6961056017399874	3237
17	64800430	67858769	-1.8367672648431816e-05	1.8282740050594762e-08	0.8919463306407285	4540	-0.0001582046581233	4.510770674678493e-08	0.4563364078997493	4471
17	67858770	69387816	-3.332589805916377e-05	1.071979077278567e-08	0.7475465730828128	2897	0.0001928359062708	2.631599059450964e-08	0.2345515137582632	2862
17	69387817	72672202	9.535401367327564e-05	2.8289981806394872e-08	0.5707677675415049	5806	0.0004038239130822	7.766597103220308e-08	0.1473298871893947	5716
17	72672203	74375559	9.837236627718118e-05	8.846898415578457e-09	0.2956211768514757	2157	-5.3418022615049653e-05	2.168381479604963e-08	0.7167838191441764	2110
17	74375560	76263412	0.000159692314116	1.7234876396534225e-08	0.2238288340654572	3503	-3.726763524996663e-05	5.047953407659934e-08	0.8682573564927408	3433
17	76263413	77298635	6.0845606622007615e-05	9.158142329580062e-09	0.5249020088072189	1872	-8.406482737366886e-05	2.548676151396428e-08	0.5984914840572517	1827
17	77298636	78837587	-0.0001058955270645	1.2226180840565115e-08	0.3382110299700653	2811	-0.0002648806674354	3.109910418484747e-08	0.1330914016579666	2757
17	78837588	80034407	-4.707373443308534e-05	5.002056995572131e-09	0.5056756039366983	1302	-1.0608815150346497e-05	1.2450483634422904e-08	0.9242539619813626	1270
17	80034408	81194907	4.2240683461365806e-05	6.033315407036816e-09	0.5865672868866347	1851	5.021096972690344e-05	1.1269207447058455e-08	0.6362203421418535	1779
18	10644	912485	-7.266114720994109e-06	7.348920568497542e-09	0.9324522680173822	1678	0.000133480934577	2.0060327808790664e-08	0.3459712861378869	1649
18	912486	1942910	7.19272339967806e-05	7.130631753417169e-09	0.3943341220409428	1892	6.99648075195689e-05	1.8419479308304877e-08	0.6061934702829442	1877
18	1942911	3891657	0.0002986897904954	1.9124647944902364e-08	0.0307842592880437	4034	-3.583701839980632e-05	5.4388546056892866e-08	0.877872994341539	3979
18	3891658	5834179	-9.78959210470102e-06	1.4901510530072017e-08	0.9360818498457136	3558	-5.282774830057858e-05	3.985932257105607e-08	0.7913141918832839	3521
18	5834180	7090484	9.424192122535148e-05	1.1863734940598009e-08	0.3869105462412531	2132	-1.6879956249361567e-05	2.6743477754550363e-08	0.9177886460575906	2111
18	7090485	8498930	-4.740432608145114e-05	1.0062514560121186e-08	0.6365211018463486	2308	-5.727711174354446e-05	2.8655435872696008e-08	0.7350927446748103	2286
18	8498931	11075912	0.0001768525730483	2.6811360531928757e-08	0.2801109509720089	5666	-0.0003588405505742	7.791309009250902e-08	0.1985925824940667	5587
18	11075913	11905439	-7.838990938436535e-06	5.400819018101348e-09	0.9150531108709196	1331	5.0655728115386894e-05	1.3935888412213556e-08	0.6678484983279563	1320
18	11905440	14440798	8.495036987115576e-05	1.541008745597492e-08	0.4937696491825654	4140	2.1538819056479876e-05	3.585363061352199e-08	0.909435163049906	4062
18	14440799	19485843	1.3135563795018166e-05	2.580925088052405e-09	0.795974896618481	879	1.7086956425456376e-05	5.523723225572368e-09	0.8181654507955594	859
18	19485844	20649471	-2.570099160050655e-05	4.7407022449135244e-09	0.7089440138836005	1511	-4.247616812662941e-05	9.698936491895194e-09	0.6662474957581911	1490
18	20649472	22996650	-8.649601136847744e-07	1.3892780302143574e-08	0.9941448549184884	3148	8.745667896050412e-05	3.906119172283447e-08	0.658122298264775	3110
18	22996651	24026190	0.0001815863931532	4.954267149367968e-09	0.0098844707603275	1372	-5.8932105757101906e-05	1.2443279294516217e-08	0.597287818847573	1358
18	24026191	25927681	-8.456856353194717e-05	1.1942307744134585e-08	0.4390110300456499	2785	-0.0001636715187589	3.2252910817755805e-08	0.3621071687642049	2756
18	25927682	26875586	1.2611126554263644e-05	3.9603540182435e-09	0.8411716703975677	1265	6.466394010625698e-05	8.396233222282265e-09	0.4803749237727795	1251
18	26875587	27866477	5.408751645915257e-05	5.049378416155779e-09	0.446559284161882	1740	3.999643924674162e-05	1.07502478993736e-08	0.6996777794656486	1720
18	27866478	30264065	0.0001731531492553	1.5227598161671164e-08	0.160561913026825	4007	0.0003482799861644	3.941830384333667e-08	0.0793959350322093	3967
18	30264066	31780066	-1.7205297952701054e-05	5.280960583982105e-09	0.8128440828448735	1665	-3.4323058631374925e-05	1.0817954605922188e-08	0.7414002693156272	1649
18	31780067	33861963	4.2130307734003845e-05	9.478290397157426e-09	0.6652017951359346	2799	-8.61168821905701e-05	2.1768559634651572e-08	0.55943685658255	2772
18	33861964	35075249	-2.7341571070332313e-05	6.8875772364370085e-09	0.7418151718021048	1767	-6.755932319609172e-05	1.2923280655491704e-08	0.5523177269556377	1746
18	35075250	36365489	1.5935107828550968e-05	7.978032673501286e-09	0.8584048972284801	2164	-0.0001509160678681	2.0494649883846683e-08	0.2918000072896789	2132
18	36365490	37684366	5.734452089798618e-06	5.6994131008972614e-09	0.9394520480945906	1723	-4.194924665106799e-05	1.3289682590577018e-08	0.7159421916750324	1706
18	37684367	39892647	0.0002130270112712	1.2222154467043941e-08	0.0539912011657754	3585	-0.0003623629011077	2.6988023278552533e-08	0.0274008321577105	3548
18	39892648	42922105	8.569308277503145e-05	1.5628303836646596e-08	0.493045999909947	4569	-0.0001432100727625	3.59396849551213e-08	0.4499991516161353	4512
18	42922106	44299245	4.347414164345818e-05	9.990181935133174e-09	0.6635950987581947	2548	-0.0001329903360026	2.5734851314171505e-08	0.4070993078848866	2517
18	44299246	45939731	-0.0001913201570762	1.0472610250979142e-08	0.0615486234756345	2626	7.808023164382405e-05	2.5508904568777297e-08	0.624932300334069	2596
18	45939732	47730583	6.48312573109239e-05	1.4141699632245324e-08	0.5856351429158966	3386	0.0001177992753737	3.0203875600504445e-08	0.4978888932372094	3333
18	47730584	51062184	0.0006817349797952	2.0953264761126396e-08	2.4812808958243436e-06	5559	-0.0003190485729981	4.87302852033236e-08	0.1483742664965963	5480
18	51062185	51554174	-3.428290255522481e-06	3.85394620708453e-09	0.9559603229485982	1352	-4.465598707509841e-06	6.611289734724668e-09	0.9562015867130752	1318
18	51554175	55213837	0.0001871375862377	3.502613484005051e-08	0.317349602669981	4820	-0.0003919760773293	4.1135058947840995e-08	0.0532791697935298	4772
18	55213838	56530219	0.0001741760495543	1.1522632312848656e-08	0.1046740512775161	2852	0.0001934245966666	3.1102908381178956e-08	0.2727467656944328	2800
18	56530220	57630482	-2.510577005882707e-05	1.0079016303788547e-08	0.8025319336435406	2323	0.0001822094127478	2.8970129718367344e-08	0.2843844209457243	2299
18	57630483	59020750	0.0001060173317051	6.985275737160383e-09	0.2046250579795093	1977	2.1984960824551145e-05	1.5920531634516583e-08	0.8616771501783429	1953
18	59020751	60277714	5.859612488022181e-05	1.0009987193349044e-08	0.5580980625995179	2492	2.3511033390485973e-05	2.4281526878434632e-08	0.8800698166756997	2468
18	60277715	61820251	3.4772833869849975e-06	8.554333586285124e-09	0.9700094276780422	2432	-3.416328186910188e-05	1.950811381563064e-08	0.8067681305265205	2409
18	61820252	63463401	-0.0001199231264794	9.02736268599119e-09	0.2068827663762205	2797	-7.580552924153094e-05	2.0982727877548943e-08	0.6007494245563549	2771
18	63463402	64252800	-2.2586121598062793e-05	5.049889772031511e-09	0.7506106593351709	1517	-1.2557847777052234e-05	1.0971026734606009e-08	0.90456840165666	1490
18	64252801	66125816	-8.5669605686771e-06	1.4063889060911061e-08	0.9424114007488678	3861	-7.613173562017441e-05	3.61768478255779e-08	0.6889594752738057	3808
18	66125817	67175819	2.5390357630699485e-05	5.6689105296450495e-09	0.7359477296588164	1515	5.714547384724794e-05	1.504206816913367e-08	0.641259933298155	1498
18	67175820	68621178	-7.140095712963538e-05	9.457335874267372e-09	0.462821448289151	2115	-0.0002463646006177	2.7630246715057543e-08	0.1383060471607512	2087
18	68621179	69621617	-0.0001093076639424	8.631995057854365e-09	0.2393917895007549	2250	-8.048264255961854e-05	2.3062764253893332e-08	0.5961367402183626	2226
18	69621618	71038473	-0.0001090736476717	1.1432517388392789e-08	0.307674181675526	2922	0.0001065650616405	2.9670610078349942e-08	0.536140774448497	2889
18	71038474	71971461	-2.911323188970507e-05	8.883655325227296e-09	0.7574102244134753	2037	4.3602334220186574e-05	2.4811232561903255e-08	0.7819241450531775	2014
18	71971462	73526986	0.0001570724782319	9.730788110529488e-09	0.1113163306904299	2380	0.0001043851083918	2.5885463451432134e-08	0.5164679154859999	2356
18	73526987	74813814	-0.0001345556359894	1.1387761112379968e-08	0.2073427079132628	2497	7.409073868534224e-05	3.2745728068182996e-08	0.682219328345884	2456
18	74813815	75976316	3.0942502788847126e-05	1.2646610270751665e-08	0.7832015567836262	3022	2.130654646331705e-06	3.3434912370470744e-08	0.9907029920884116	2987
18	75976317	77149990	-2.5824109629657676e-05	1.0080024046041572e-08	0.7970135910643596	2622	9.382656861673558e-05	2.5125450358040813e-08	0.553898782652171	2541
18	77149991	78017157	-2.676481008356513e-06	1.7384068661049424e-08	0.9838043386529844	1454	1.0078530983878668e-05	1.170638643968727e-08	0.9257838935346596	1402
19	80840	610728	2.6588332780112345e-05	4.5663043187472085e-10	0.2134064804298141	157	3.5380538885894556e-05	1.312979600582545e-09	0.3288577246069678	152
19	610729	2098395	-0.0001941202595207	3.283368058371126e-09	0.0007046901498118	370	0.0004443214648188	1.1055949280029724e-08	2.381928380698704e-05	359
19	2098396	3019659	7.195080103052642e-05	4.328864643466727e-09	0.2741413559895581	1190	-8.555486986581497e-05	1.3177111960288436e-08	0.4560867552063763	1172
19	3019660	4348966	8.317669946339171e-05	4.440114199071806e-09	0.2119363215411998	1102	3.035311983884223e-05	1.4283958308112058e-08	0.7995202571182317	1076
19	4348967	5811851	0.0002120362479931	1.0346216806940077e-08	0.0371071115680946	2277	1.7721936202070784e-05	2.8635249694408266e-08	0.9165920505976208	2213
19	5811852	6684884	-4.857109391217302e-05	3.944363900281968e-09	0.4393012522310747	1155	-2.8986867061655208e-05	1.1492363755895269e-08	0.7868573727910803	1126
19	6684885	8347512	-6.279760015719028e-05	1.0265024191035651e-08	0.5353786744670772	2846	5.810363776010048e-05	3.06779163920559e-08	0.7400898892164087	2771
19	8347513	9238392	3.5881132632531595e-06	4.482370804199183e-09	0.9572590222340668	1343	6.334621049344831e-06	1.3293307111998317e-08	0.9561847059155398	1304
19	9238393	11284027	7.153938272971875e-06	8.610656254517988e-09	0.9385478505893128	3318	-8.395750547512674e-05	1.6921244162232142e-08	0.518654120406676	3233
19	11284028	13471126	-4.2480987362322226e-05	7.448428280863399e-09	0.6225614031023159	2535	-6.571335062956388e-05	1.6671378150038412e-08	0.6107932338096211	2464
19	13471127	14486346	0.0001320056506618	5.165118700661331e-09	0.0662453609336659	1097	-4.6771571335828626e-05	1.266859186485994e-08	0.6777431710678137	1068
19	14486347	15648609	1.7996744766909018e-05	8.064068533123482e-09	0.8411608542861815	2192	-0.0002928041917355	2.45074219543042e-08	0.0614318886440198	2142
19	15648610	16374415	-1.480056527380042e-05	5.729330783831301e-09	0.8449734889831626	2354	1.5896454296761364e-05	1.4104217752847822e-08	0.8935193880052583	2273
19	16374416	18409861	3.682374749524799e-05	1.2096064957543864e-08	0.7377640501025983	3217	-0.0001819056986831	3.6861436746963127e-08	0.3434052169572612	3113
19	18409862	19877470	0.0005698486492374	7.903751558871671e-09	1.4573316935428762e-10	1813	2.71276944356458e-06	1.1816250187862021e-08	0.980090148083688	1777
19	19877471	20905756	-1.2191711439748588e-05	3.718407575220201e-09	0.841532370267214	1618	2.2849313274844672e-05	8.609777165840211e-09	0.8054882923894803	1575
19	20905757	22732895	-3.538152420753538e-05	8.346100443553966e-09	0.698542550353104	4214	-0.000120388805881	1.5083862185765132e-08	0.3269705507974059	4124
19	22732896	23467745	-1.6987948500670356e-06	2.750135787769274e-09	0.9741578895724312	1506	-1.0355533457287906e-05	3.671942700000932e-09	0.8643078221158342	1468
19	23467746	28557892	-2.331716357923133e-05	5.382395087894656e-09	0.7506177541865067	2756	3.6098550364714854e-05	9.547909416873232e-09	0.7118050486937529	2700
19	28557893	29790946	-2.6300699835186037e-05	7.287795512802303e-09	0.7580183771541334	2934	0.00014100947608	1.882791713264609e-08	0.3041123427327735	2891
19	29790947	30727953	1.3912903530119304e-05	5.2958132400319764e-09	0.8483814732186451	1727	-0.0001098305835569	1.1317307125500962e-08	0.3018806038926687	1692
19	30727954	32746519	1.5769027379229913e-05	7.596313915430675e-09	0.8564248516547899	2516	-0.0001051628228683	1.893911567881213e-08	0.4447739068434688	2486
19	32746520	34262951	-3.784493505212736e-05	8.899690279424776e-09	0.6883004956362679	2970	-0.0002038745576976	2.41048821558359e-08	0.1891362920127833	2914
19	34262952	36469294	0.000134822623212	1.1710573340331012e-08	0.2128111086001314	3458	0.0001450083315189	3.3246055945688886e-08	0.4264476319705381	3367
19	36469295	37527032	3.8016225249341474e-05	4.24863596891548e-09	0.559734522178245	1646	6.155735855137356e-05	6.418145381012813e-09	0.4422623536567158	1606
19	37527033	40170618	6.554002380152889e-05	9.458390759204944e-09	0.5003724135629399	3856	7.128515071131805e-05	2.230084382288193e-08	0.633111740608224	3780
19	40170619	40984600	7.228644046757251e-05	3.1422417184956487e-09	0.1972081227076177	1054	6.0798239010753195e-05	8.593232692014067e-09	0.5119126816621222	997
19	40984601	42131572	-7.722830512872621e-05	5.605405942787957e-09	0.3023022484511168	1678	-4.352489138245872e-05	1.6285152079011672e-08	0.7330519105539144	1621
19	42131573	43862454	1.7027977807979877e-05	2.7189372106454e-09	0.7440004177494327	1148	9.637050198780484e-05	6.899044101551824e-09	0.2459491191232683	1077
19	43862455	44744107	-5.522676209593015e-07	4.4376798889778244e-09	0.9933853528437492	1449	7.59294782744251e-05	1.2414547775291336e-08	0.495575908089782	1421
19	44744108	46102696	4.011794687902726e-05	8.589466730040111e-09	0.6651105843734286	2164	-3.3306385654034304e-05	2.6321251503661552e-08	0.8373431766883979	2049
19	46102697	47150081	3.967145210121315e-05	7.401081698122397e-09	0.6446999150952373	1931	0.0001121919888549	2.2367162241905754e-08	0.4531557461219122	1878
19	47150082	49282226	3.775696050079985e-05	1.0874548350983704e-08	0.7173004258238325	3142	6.78250574786516e-05	3.219717990147217e-08	0.7054374130140633	3048
19	49282227	51532566	-0.0001340880457112	1.1319216117343611e-08	0.2075528418555657	3216	-9.740217748088505e-06	3.211710806790668e-08	0.9566562243232926	3129
19	51532567	52985289	8.908946056383102e-05	1.1417835051517332e-08	0.4044233909652767	3163	-9.781376036833594e-05	3.2561372113757235e-08	0.5877761019794474	3109
19	52985290	54602361	-3.094270780129491e-05	1.4223720561181462e-08	0.7952889610741616	3401	-9.028761588283238e-05	4.4689110713330655e-08	0.6693080991243934	3319
19	54602362	55728079	-1.3119058675084518e-05	7.735169219042486e-09	0.8814232113063419	1765	0.0001324653541988	2.3487126750696675e-08	0.3873981396688203	1615
19	55728080	57521334	8.041200873218082e-06	1.6227666487031955e-08	0.9496679526068366	3298	1.5603756793319595e-06	5.2771818781296235e-08	0.994580429584976	3218
19	57521335	59118838	0.000111307698927	8.164192208198615e-09	0.2179937121522774	2782	-6.0148023016334736e-05	2.219091401558808e-08	0.6863820546102399	2732
20	60479	697599	1.881474081651108e-05	4.679076484216299e-09	0.7832746529202941	947	4.688060706006542e-05	1.4711246291745208e-08	0.6991138849868748	934
20	697600	2469500	-0.0002598636690821	1.8323557622809205e-08	0.0548917249852993	3755	-7.65036479266359e-05	5.775817026353055e-08	0.7502358190969196	3703
20	2469501	3828412	-0.0001589673559509	8.922413702946689e-09	0.0923881026678757	2409	-3.33975359324289e-05	2.281008720205037e-08	0.824989908620745	2367
20	3828413	5477849	4.803723639756065e-05	1.5756110572935204e-08	0.7019454541592629	3629	-0.0002568582689118	4.71697635386169e-08	0.2369419866551589	3567
20	5477850	7084072	2.2911170687896876e-05	1.3079837374578389e-08	0.8412224590281714	3050	0.0003046455601519	3.9270942957126666e-08	0.1242193752057646	3011
20	7084073	8117010	-1.174062162130174e-06	5.611757932885623e-09	0.9874955697154106	1857	-9.212601270756785e-05	1.4878978757735736e-08	0.4500937986739464	1841
20	8117011	9730920	8.312866119149791e-05	1.0813845368604828e-08	0.4240621758892505	2830	-0.0001175868867824	3.0649193792643483e-08	0.501800290313154	2798
20	9730921	11249535	-0.0001318560602689	1.1770356761827572e-08	0.2242284507911192	2845	-1.945725386325736e-05	3.5257196008201945e-08	0.917468250749912	2816
20	11249536	12447498	-3.59895516491598e-05	7.426343300444331e-09	0.6762196018119765	2274	6.790433947182555e-05	1.964290966836925e-08	0.6280304010903411	2256
20	12447499	13689863	-7.157317806479709e-05	9.127284671597444e-09	0.453755657463916	2380	-0.0001853587045781	2.6663741411057473e-08	0.2563133643579948	2350
20	13689864	15958358	-0.0001381276165491	1.4755677577251458e-08	0.2554939887663963	3692	8.714244429635063e-05	4.3650911681077514e-08	0.6766102605481982	3651
20	15958359	17487231	0.0002809304328983	1.4509190545100326e-08	0.0196869518205644	3500	6.79442546426616e-05	4.4191675640623745e-08	0.7465374959518694	3464
20	17487232	18972202	-0.0001600992614679	1.180815493985805e-08	0.1406636524107269	3011	-3.712337162953323e-05	3.202054685607589e-08	0.835651125670784	2966
20	18972203	20959709	0.0001217156919555	1.3436907635981516e-08	0.2937096565452763	2967	-0.0001134601850755	3.807382202940129e-08	0.5609210820994625	2943
20	20959710	22491455	0.0003523328232919	9.038873916237422e-09	0.0002106254904701	1767	0.0002316912923024	1.4812516070689032e-08	0.0569511030487029	1739
20	22491456	23293789	-3.0060190052565916e-05	4.550724065962347e-09	0.6558815489971812	1360	5.6516870649823015e-05	1.3013086171525258e-08	0.6202920714333262	1343
20	23293790	24717723	-1.6825293590484778e-05	8.550542521154462e-09	0.8556174422183676	2664	-8.38609032647032e-05	2.2366725621277937e-08	0.5749776172916949	2633
20	24717724	25344230	-1.4634547602137298e-05	3.891039223216731e-09	0.814511456607189	1385	1.527794126178584e-05	8.230461513486491e-09	0.866265358113087	1370
20	25344231	31614822	7.883870214840688e-06	9.729181734006157e-09	0.9362941744870326	3187	-0.0001795438792309	2.2298631991224747e-08	0.2292273236060446	3117
20	31614823	32813440	0.0001279338406028	4.0008438641010195e-09	0.0431145804378732	1161	-8.796086024702816e-05	1.081981176687262e-08	0.397760017144817	1145
20	32813441	34960445	2.155796438118132e-05	6.019834425905794e-09	0.7811250143588475	2071	2.808230363123429e-05	1.2701596088656783e-08	0.8032258096136948	2016
20	34960446	36909529	-8.84243366190725e-05	7.447246561904547e-09	0.3055301454422739	2130	7.084591865822625e-05	2.018701208686142e-08	0.6180397345924302	2095
20	36909530	38436760	-0.0002173389155111	7.152315271437788e-09	0.010173144360813	2174	-0.0001789162254866	1.8270369127174525e-08	0.185616371822163	2141
20	38436761	39610855	8.402734911150915e-05	7.016422065770611e-09	0.3157919115626718	1859	-1.914119638465715e-05	2.0484514654430323e-08	0.8936094106968082	1844
20	39610856	40585688	-6.176644536767257e-05	4.350854167676604e-09	0.3490629054871681	1273	-6.851141656229305e-05	1.1907607142103968e-08	0.5301071334482368	1263
20	40585689	41615459	-0.0001043925469496	7.644933259165877e-09	0.2325012864888211	1837	-1.649103667989508e-05	2.2774364059739883e-08	0.9129835740663949	1818
20	41615460	42680175	-1.7232256811479563e-05	9.420588040633386e-09	0.8590820216620364	1692	-0.0001097245265026	1.9887610003140077e-08	0.4365343508908182	1667
20	42680176	44839055	9.372084227425227e-05	1.4568326618599269e-08	0.4374644916855179	3345	-4.422223874650945e-06	3.2262556021954545e-08	0.9803579176512924	3298
20	44839056	47199979	4.2071640989718346e-05	1.7631599037497057e-08	0.7513630198673694	4021	8.249925524294276e-05	5.4234119516103835e-08	0.7231491684892939	3941
20	47199980	49239657	-1.667130353028282e-05	1.2775417384587732e-08	0.8827400630781708	3578	6.766487836451042e-05	3.381065927573651e-08	0.7128803944544818	3509
20	49239658	52472548	0.0002593878423847	2.399058982179659e-08	0.0939990621446187	5770	0.0003704473606146	6.894784281574474e-08	0.1583029119277987	5676
20	52472549	54055265	-1.6880346983252295e-05	9.844403004164022e-09	0.8649061216012904	2554	0.0002082778194798	2.9480821572068083e-08	0.2251165468635417	2528
20	54055266	56447958	-9.509296697413523e-05	1.9266850967913917e-08	0.4932917082686127	4443	-1.5967439374701683e-05	5.682499469346399e-08	0.9465951165827856	4383
20	56447959	58406571	6.677249072923159e-06	1.4658378334224285e-08	0.9560180422226404	2962	-8.81182789665531e-05	4.605259273414714e-08	0.6813519832266692	2922
20	58406572	59561723	7.377900256503283e-06	7.460700112787954e-09	0.9319300858920978	1829	-3.000952600154785e-05	2.248777694302875e-08	0.8413883971974896	1818
20	59561724	61301854	-7.019853376465603e-05	1.3190144133710997e-08	0.5410486214580603	3222	3.352365826370192e-05	3.9569651607280974e-08	0.8661684597639131	3151
20	61301855	62190179	0.0001527514694981	4.436769599359989e-09	0.0218334469472825	976	7.363719721995517e-05	1.3895389921872144e-08	0.5321770614359783	957
20	62190180	62965162	-1.3304971878345458e-05	4.436486397419339e-09	0.8416733748736603	907	-0.0001796516185902	8.380448884922195e-09	0.0497106981846485	884
21	9411243	15950981	2.165586640957796e-05	5.521223066735873e-09	0.7707103313182908	1608	-0.0001425571180964	1.4462515496447581e-08	0.2358571036007967	1586
21	15950982	18053164	0.0001359730057986	9.647183405080008e-09	0.1662449449588059	2708	-1.265071876899065e-05	2.5292876514675017e-08	0.9365986735110996	2678
21	18053165	19480374	-7.799290684809374e-05	8.504558940743998e-09	0.3977061290771086	2441	-0.0002262737359761	2.3113093903483865e-08	0.1366585847446071	2396
21	19480375	20962338	9.897679567275117e-05	1.0391305223810457e-08	0.3315715380282364	3130	-8.288579945187253e-05	2.6141745166186188e-08	0.6082028764746948	3098
21	20962339	22072763	0.0001456618877939	8.049199342650116e-09	0.1044687504467479	2361	6.759338422065367e-05	2.0530813371955084e-08	0.6371136146571521	2344
21	22072764	23362874	-2.793206629173947e-05	9.015302363424684e-09	0.7686204805579451	2712	-0.0001258098317776	2.411732356169941e-08	0.4178704895127898	2682
21	23362875	24696230	7.032459565147567e-05	7.469064048485745e-09	0.4158062741728709	2370	0.0001039434524771	1.9191425055624663e-08	0.4530651179147513	2304
21	24696231	26469121	9.956001306437658e-05	1.2242840644017536e-08	0.3682290567832521	3891	3.4269358752610044e-05	2.9149226628833668e-08	0.8409168656132922	3835
21	26469122	27271018	3.579567987935071e-05	3.665085467599649e-09	0.55433704809816	1177	4.0361483521735666e-05	9.226883418969829e-09	0.6743509765206437	1161
21	27271019	29125225	5.308962659426708e-06	1.4415060977688882e-08	0.964730444781452	3845	4.108461531918296e-05	3.9294675117771495e-08	0.8358079740222085	3790
21	29125226	31197024	-1.4533073450207374e-05	1.0495802240793049e-08	0.8871932493284488	3621	2.1121211756271904e-05	2.4598392297417503e-08	0.892874115396775	3582
21	31197025	32668641	2.98485770719391e-05	6.859556108374843e-09	0.7185537079403841	2485	2.263199431149993e-05	1.4485238261653288e-08	0.850841981857127	2450
21	32668642	34376998	-7.169148002673129e-07	1.2589302680525478e-08	0.9949019532346368	3177	0.0001567798916981	3.5997161649718955e-08	0.4086139949348434	3118
21	34376999	35225464	0.0001579335427257	4.802176985779437e-09	0.0226636431053815	1213	7.541962794702487e-05	1.3185551620594649e-08	0.5113074916988322	1185
21	35225465	36524372	9.95628840096994e-05	9.36415312154174e-09	0.3035377492641381	2201	5.214461541825673e-05	2.4245433401486942e-08	0.737712537146002	2002
21	36524373	37870778	7.628530351693597e-05	8.414640013487055e-09	0.4056254344073289	2479	-7.862236152495226e-05	2.2453234041468246e-08	0.5997954798421299	2436
21	37870779	38711703	-2.8033512372823904e-05	4.511014010299578e-09	0.6763943018546936	1455	-5.007836523585636e-05	9.645776225133602e-09	0.6101243680170303	1435
21	38711704	40482901	-0.0001350999412125	1.2755093178681065e-08	0.231608264794073	3186	-0.00012758500003	3.5185840410616006e-08	0.4963986291492684	3143
21	40482902	41389526	-8.501279148355829e-05	7.1175908910515625e-09	0.3136135390557815	2291	-1.0254351820397389e-05	1.585513200005164e-08	0.935094198990586	2259
21	41389527	43321527	-4.94551929495635e-05	1.8369841034786565e-08	0.715195250278116	4098	0.0002092985742891	5.321022381112852e-08	0.3642284966155306	4036
21	43321528	44506267	-0.0001120812463133	1.1663541438694565e-08	0.2993586514819639	3093	-0.0001922348837382	2.9693107831654933e-08	0.2645979396706783	2872
21	44506268	46177104	-0.0001781800492859	7.63173760625807e-09	0.0413890789489656	2211	-0.0001174185878308	1.4551055701431132e-08	0.3303564771149598	1603
21	46177105	47492225	3.0380584615332785e-05	8.263567532345716e-09	0.7382252234702877	2299	-0.0001263257542184	2.1134789473996192e-08	0.3848765051246683	2250
21	47492226	48119751	7.841305185330555e-05	3.306320016867943e-09	0.1726648975822756	1132	5.838849864280724e-06	7.202182254823161e-09	0.945147958527574	1108
22	16050408	17674294	3.5840769817277906e-06	4.49341041691564e-09	0.9573594829825106	772	-2.324635907962482e-05	1.1931545938532071e-08	0.8314696016153365	765
22	17674295	18296087	-6.285009884644912e-06	5.6985600474627705e-09	0.9336467877388313	1030	-8.258266766922284e-06	1.2634859119463332e-08	0.9414329687135208	994
22	18296088	19912357	0.0002330127286901	1.1960413817608305e-08	0.0331202407833093	2188	-0.0001020693941821	2.530645728787668e-08	0.521118055220009	2158
22	19912358	22357324	-1.64032488867894e-05	1.1345054693817033e-08	0.8776080980808575	2197	-1.844147813183821e-05	2.2770960813678613e-08	0.9027330845083936	2160
22	22357325	23712646	-7.723004013727824e-06	8.300161854364206e-09	0.9324441205578764	1509	9.116084939023656e-05	1.8991136958568725e-08	0.5082887542577967	1410
22	23712647	24984203	-2.3722843275166064e-06	8.068853079658567e-09	0.9789306850307984	1576	-0.0001241174373426	1.7195586508424288e-08	0.3438895278162166	1528
22	24984204	26791627	-0.0002519582298499	1.667852190364246e-08	0.0510610542249861	2758	-0.0001312705011269	4.4776836593940176e-08	0.5350239490083091	2715
22	26791628	27834751	2.7456918288964095e-05	1.6569770522367e-08	0.831091943540049	2442	0.0001255052701891	4.6159385137697094e-08	0.5591125438877214	2402
22	27834752	29651798	0.0002185336310877	1.3214106774389622e-08	0.057292117780979	2193	-8.511457544391791e-05	2.916347887229904e-08	0.6181970912145772	2155
22	29651799	31439917	0.0001265011336995	1.2737424192242971e-08	0.2623449976725043	2510	-3.4192754661977332e-06	2.591845656761443e-08	0.9830551810074172	2473
22	31439918	32664985	-5.5339591850619236e-06	8.829537821733744e-09	0.9530369783882456	1646	0.0001041994449328	1.6110865051689952e-08	0.4116863045721757	1606
22	32664986	34494913	0.0002238871241698	2.1034155990307255e-08	0.1226578659020075	3627	9.836384327402256e-05	5.2764150905422326e-08	0.6684916276175404	3569
22	34494914	35530984	-5.748390915697155e-05	1.0771157738619248e-08	0.5796614815885517	2256	0.0001069418025458	1.972382847340036e-08	0.446377339871066	2230
22	35530985	37570268	-8.645348226947881e-05	1.9651870202863757e-08	0.5374264392780554	3516	5.725716406161281e-05	4.538126733687577e-08	0.7881015691295667	3457
22	37570269	39307893	-7.218601253975639e-05	1.2267306216236571e-08	0.5145649697608348	2285	1.0936569046262485e-05	2.4800819981682195e-08	0.9446345072544524	2229
22	39307894	40545796	-5.163847718452213e-05	1.3491551614485862e-08	0.656628811913309	1678	-8.439103302727411e-05	2.1273466629655644e-08	0.5628602371432518	1642
22	40545797	42690817	-1.2514936823340664e-05	1.3189284266444791e-08	0.913224076773696	2369	-7.195961849371769e-05	1.8319789094339853e-08	0.5949660541265315	2300
22	42690818	43714199	0.0002610763285653	1.3952136215622929e-08	0.0270857890954659	2030	-0.0001191957492223	2.479988019133454e-08	0.449112416001508	1967
22	43714200	44995307	-1.544895969100243e-05	1.625572193559732e-08	0.903556164274441	2736	-0.0002286629362854	3.8926508478573956e-08	0.2464674825727177	2694
22	44995308	46470494	0.00014575378106	1.555927426562277e-08	0.2426089952781758	2624	-7.664913424935282e-05	3.9254854368961037e-08	0.6988554094699908	2564
22	46470495	47596317	-6.928463217460376e-05	1.065372829887354e-08	0.5020595006715616	2029	-2.878789985846628e-05	2.4716908173983915e-08	0.8547114288421048	1987
22	47596318	48903702	0.000269713320793	1.621018665754511e-08	0.0341410322730319	2825	-1.6412770604615127e-05	4.0007594832413284e-08	0.934602131601349	2765
22	48903703	49824533	0.0002014776287989	2.3608672100273952e-08	0.1897676557690688	3420	0.0002992641006265	6.042892014233087e-08	0.2234532268031692	3341
22	49824534	51243297	0.0001298918312778	1.3083298845765398e-08	0.2561263900417034	2145	-7.185531872055363e-05	2.3946922514114477e-08	0.6424057259071838	2097
