chr	start	end	rho_PGC	var_PGC	p_PGC	m_PGC	rho_FG	var_FG	p_FG	m_FG
1	1892607	3582735	-7.294033551157794e-05	2.0141644518366652e-08	0.6072874261665994	390	-8.376753765795653e-05	5.3284436840331265e-08	0.7166867083206229	387
1	3582736	4380810	0.0002944867547349	1.2416421602864178e-08	0.0082218796655353	202	3.425418939616428e-05	2.93217697632948e-08	0.8414486641305206	202
1	4380811	5913892	-5.579861204295e-05	3.3863446011789084e-08	0.7617222202346892	794	0.0001623062079134	9.238952451521969e-08	0.5933564142263064	789
1	5913893	7247334	2.0252799075160616e-06	1.4047076746052822e-08	0.9863663857235248	397	0.0001092924769974	3.152495322096737e-08	0.5381918331644819	391
1	7247335	9365198	-0.0005463251723795	2.6337746985113478e-08	0.0007616435931669	664	-0.0005498595949365	6.245928976036585e-08	0.02779589643169	660
1	9365199	10806983	1.6529075143386014e-05	1.2055060587678922e-08	0.8803353287668008	324	8.424797985020521e-06	2.316526579321695e-08	0.9558572705848896	323
1	10806984	11777840	6.915868069401591e-05	9.810469165758528e-09	0.4850300437600258	217	-2.493148772595109e-05	2.1403016737068945e-08	0.8646828876059555	214
1	11777841	12779465	-1.94997328403333e-05	1.0225494587049656e-08	0.8470879701609518	260	0.0001258232898402	2.3638272490353723e-08	0.413142215711949	255
1	12779466	14891510	-1.1256698552593146e-05	2.5451553967851065e-08	0.9437485525899872	520	8.224167064271213e-05	5.53932635558963e-08	0.7267645458363905	516
1	14891511	16897729	-9.97517051824035e-05	2.5884588009520324e-08	0.5352502580223645	708	-9.079515076499812e-05	6.95800449029162e-08	0.7306902585985446	705
1	16897730	18662898	0.000135634284809	2.308449082116206e-08	0.3720136695001123	596	-8.833762589872746e-06	5.5834118802671225e-08	0.9701781351768364	592
1	18662899	20469148	0.0002305375404576	3.018087844813827e-08	0.1845038366322222	725	9.19818495123622e-06	7.437010817165954e-08	0.973093286547618	722
1	20469149	21736587	8.629297414045692e-05	1.7322971436139276e-08	0.5120569470665408	459	8.994667061262456e-05	3.8093217332934276e-08	0.6449049522266985	455
1	21736588	23086882	-4.027067744272164e-05	2.1435527760264555e-08	0.7832728636940096	527	-0.0001442724738801	5.6373883187518144e-08	0.5434279840636616	525
1	23086883	23920589	8.099970267555528e-05	7.290854365757252e-09	0.3428117633610166	215	-0.0001273571797655	1.4547249109232505e-08	0.2910025667717112	214
1	23920590	25516844	0.0001139212567655	2.0146899964146435e-08	0.4222043688118425	537	0.0004138963070551	4.838190467164705e-08	0.0598769446656842	536
1	25516845	27401866	1.757362689846445e-05	1.7904014789061136e-08	0.8955089397939422	468	4.055404748898657e-05	3.313573829229041e-08	0.8237028696570512	465
1	27401867	30161880	4.658153531274756e-05	3.5655900387926154e-08	0.8051496631132599	566	0.0001034485023524	3.866571807462808e-08	0.598824732950241	562
1	30161881	32438684	5.6276849007789136e-05	3.237958008813829e-08	0.7544723296196288	895	-0.0001744271918334	7.141922746558545e-08	0.5139564839061384	890
1	32438685	34799757	-0.0001125747604955	2.0484740407047712e-08	0.4315459071637901	602	-0.0002652904313956	4.6159113744773144e-08	0.2169089331594975	598
1	34799758	37549182	0.0003011096705903	1.995167726497089e-08	0.0330279181636322	500	0.0001990042571376	4.9708440810057966e-08	0.3720819737056536	498
1	37549183	38731846	0.0001251920650232	1.3675900951833294e-08	0.2843808267031479	368	-0.0001028790016513	3.3962344386087756e-08	0.5766744032651029	365
1	38731847	40200566	0.0002686985384315	1.6039195098101647e-08	0.0338670264079898	348	-6.683340060291067e-05	3.1203399198416267e-08	0.7051713393239223	347
1	40200567	41975326	6.908558843240409e-06	1.9531165870175235e-08	0.9605736487509589	544	-0.0006145285238203	4.3781747112512574e-08	0.0033146513815786	540
1	41975327	43758456	2.722113876659999e-06	1.8409824863120337e-08	0.9839936470348856	565	1.7239084709209874e-05	4.026693750251461e-08	0.9315385620711945	564
1	43758457	44969182	0.0001964033182029	1.453897210284266e-08	0.103344080457233	369	3.317005836394543e-05	2.1790624105987627e-08	0.8222093120414263	369
1	44969183	46899500	3.785141801429762e-05	1.5438597801292795e-08	0.7606449996821296	479	-8.726284935338124e-05	2.290295001588449e-08	0.5642015903395884	475
1	46899501	48002575	-6.0319259370909925e-05	1.1743543354766316e-08	0.5777891744166903	360	-7.873908953835805e-06	2.5361864267561133e-08	0.9605667157470364	360
1	48002576	48978187	-1.0987996485682684e-05	1.159482089542977e-08	0.9187219340027646	321	-0.0001242162333578	2.5938138211818113e-08	0.4405442616373053	319
1	48978188	49894176	-1.0346425692152796e-05	1.014428498333205e-08	0.9181805795882096	231	-4.168705333841024e-06	1.4522632471288132e-08	0.97240489959216	229
1	49894177	51713725	-5.855931386492251e-05	8.256031422149977e-09	0.519263389253618	267	-3.116622467971828e-05	1.3525902916986864e-08	0.7887153398243655	267
1	51713726	54226261	3.7030828410468664e-05	1.8481681619138055e-08	0.7853214252135567	519	6.341686439406103e-06	3.9820047465658256e-08	0.974647497127972	514
1	54226262	56413116	0.0002425827971665	3.0306428963993326e-08	0.1634825655183746	808	0.0001360041327632	7.244232283033095e-08	0.6133427308201951	807
1	56413117	57021727	-2.38782129178339e-05	9.540243744627884e-09	0.8068683539484012	274	3.21907265777284e-05	2.187799467671772e-08	0.8277141823321994	273
1	57021728	58865398	9.189136443586491e-05	2.9438819698539745e-08	0.5922572492210421	836	-0.0001371577460238	6.693025181981512e-08	0.5959991801762463	834
1	58865399	59890408	-6.163184812098512e-05	1.3153531542376915e-08	0.591003013476167	361	8.07607371659928e-05	3.0625858772889136e-08	0.6444517879496232	359
1	59890409	61922364	0.0004215188999958	2.4355106953892545e-08	0.0069134638249263	608	0.0003471069135401	5.7457948853327614e-08	0.1475987348868877	604
1	61922365	63455088	0.0001743977245684	1.967202299348651e-08	0.2137147343258815	518	-0.0001048941368763	4.683240999912077e-08	0.6278852546929709	518
1	63455089	65041703	6.119197397613582e-05	2.261538450896262e-08	0.6840781428743148	625	-1.2305955730410496e-05	5.400205233141212e-08	0.9577674470683089	620
1	65041704	66939403	0.0005924587432971	3.236134926450357e-08	0.0009898268654764	651	8.898410547761568e-05	9.058696366498186e-08	0.7674964990651616	650
1	66939404	68477894	-1.3687422862128374e-05	2.4076760690047938e-08	0.929708989012714	701	-0.0001965798415848	5.4942152007933865e-08	0.4016598945077079	696
1	68477895	69687615	8.961836105844778e-05	1.3002454043633941e-08	0.4319080028788558	349	-0.0001554573780104	3.06353473108684e-08	0.3744450957668824	347
1	69687616	71372469	0.0002193858817764	1.9268473101751305e-08	0.1140002973538012	547	-9.072774165143284e-05	4.3721636874116286e-08	0.664359431504375	543
1	71684405	74326906	0.0011840276619997	5.206135456517072e-08	2.111492295222287e-07	606	0.0005386791508061	3.8745444214471214e-08	0.0062067592877155	607
1	74326907	76728134	-2.588646878947572e-05	2.4655243768376842e-08	0.8690533206093038	748	7.592816481643454e-05	5.6121948718557817e-08	0.7485845770484054	746
1	76728135	79661197	0.000121061395388	3.5005651509809736e-08	0.5176007878169334	948	-0.000276742945143	7.85636981454562e-08	0.323477249452899	945
1	79661198	81354190	-3.834197777853275e-05	1.7637538146479962e-08	0.7728065140299749	496	4.535166200256135e-05	3.9715944361030865e-08	0.8199822756166812	496
1	81354191	83991747	7.229982079423822e-05	3.0916017454644676e-08	0.6809312038693758	872	-0.0002051600329036	7.633227731730538e-08	0.4577407619378898	871
1	83991748	84844494	5.081465969858509e-05	1.3871936822109181e-08	0.6661484250423635	309	-3.367596020452592e-05	2.277025376003692e-08	0.8234031041341716	308
1	84844495	86454750	0.0003206146127712	2.3096724721248644e-08	0.0348894758469302	652	0.0004758982473095	5.2153989555963215e-08	0.0371721182764659	650
1	86454751	88128630	-0.0001178515093363	1.9024153324825642e-08	0.3928602503750587	533	8.259721054154765e-05	4.3118966928014935e-08	0.6908002855066746	533
1	88128631	90066302	3.832370980822088e-05	1.7566553144375513e-08	0.7724660476229099	494	-0.0003740370241973	4.0120217505076433e-08	0.0618483903534911	493
1	90066303	91886316	-4.902057346976948e-05	2.311534631396594e-08	0.7471310415763899	540	0.0001038373375084	4.838563517506486e-08	0.636885422206616	538
1	91886317	93536458	0.0001930824207367	1.8338596545156526e-08	0.1539250603020358	541	0.0002014167776522	3.943034807434606e-08	0.310424124007453	540
1	93536459	94506190	0.000100790761623	8.040303899332949e-09	0.2609930612486709	266	8.3553051486214e-05	1.521405726786664e-08	0.4981575409379852	264
1	94506191	96150892	9.743154053843297e-05	3.037530514859319e-08	0.5761376180174207	682	-0.0001221638546523	5.7237706613811867e-08	0.6096140442048112	679
1	96150893	97885248	0.0003701006768454	4.5696433190218695e-08	0.0833937241798091	667	-1.266659497447036e-05	6.721211295472906e-08	0.9610324219619986	663
1	97885249	99800603	-9.503909216496008e-05	2.6068552821623626e-08	0.5561082082813226	571	6.287947992132571e-05	4.304292522293562e-08	0.7618284842957603	570
1	99800604	100826404	6.126565446474528e-06	1.0678676516488772e-08	0.9527236364454074	320	-0.0002096869439457	2.0743357141941573e-08	0.1454199674446988	318
1	100826405	102041015	0.0002455274548528	1.5471796442885932e-08	0.0483907662702427	444	0.0002372782013159	3.4771106614175115e-08	0.2032051017618903	443
1	102041016	102898744	4.2708881143647025e-05	9.16614818380486e-09	0.6555305521564082	270	-2.212959150806928e-05	2.1605695729963012e-08	0.8803283787379461	270
1	102898745	103914210	6.332176153169625e-05	8.045877031789031e-09	0.4802269654420047	227	0.0001704073869816	1.8626830254985082e-08	0.2118160330664631	226
1	103914211	106087841	0.000100131509529	1.61261350699299e-08	0.4304001380417511	477	-0.0001677061187907	3.664710090346704e-08	0.3810026308723363	475
1	106087842	108409664	6.313751089886858e-05	2.505595041314334e-08	0.6899885601724041	692	-4.0440217616312854e-05	6.009006061885902e-08	0.8689654457504654	690
1	108409665	110303930	0.0001457721762118	2.0222872734377735e-08	0.3053305055142939	568	0.0002309977525364	4.6825605680414256e-08	0.2857481448802312	566
1	110303931	111741736	-0.0003902503306908	2.0847192896775463e-08	0.0068750925757988	562	-0.0002158648105386	5.1327639925343534e-08	0.3406864614913297	562
1	111741737	113273305	-0.0001582861133495	2.9543780038447615e-08	0.3571056149858282	724	-0.0001112179611943	5.93435258114534e-08	0.6479945930005031	722
1	113273306	114873844	-0.000137747964783	1.7711706710413523e-08	0.3006526228592497	487	-0.0002822014258929	3.408115905527269e-08	0.1263565025380138	486
1	114873845	115880592	0.000384503175229	4.156194435657972e-08	0.0592889191507914	370	0.0003567348442655	2.5087539894315946e-08	0.0243065114270228	370
1	115880593	118839066	-0.0001004227045101	2.8779374604058445e-08	0.5538784003074727	809	-0.0001432093260709	6.6116472390174e-08	0.5775613673547467	806
1	118839067	144977493	-6.733053317732799e-05	1.988815133500923e-08	0.6330519325714793	583	3.0946314895314087e-05	4.4660166902942314e-08	0.8835769669233127	583
1	144977494	148361252	-0.0001220798443767	1.603632718147786e-08	0.3350298129324272	460	-0.0001277452796242	3.4221669247105243e-08	0.4898492408476652	423
1	148361253	151538880	4.44931274869428e-05	1.8510065360575992e-08	0.7436444183679947	361	-0.0001467699300358	2.358337723164737e-08	0.3392099187582138	360
1	151538881	153180828	8.20499495454015e-05	1.6669105040677754e-08	0.5250960491350871	534	1.9126469793650064e-06	3.003989192591854e-08	0.9911952529664066	534
1	153180829	154770402	-8.068288194471795e-05	2.0288986266930276e-08	0.5710970901612518	501	-3.58392912876925e-05	3.2752692225547334e-08	0.8430198354192904	498
1	154770403	156336132	-5.025563447784022e-05	1.5656645831293803e-08	0.6879500505318399	372	-9.201898500357808e-05	2.4751251032795533e-08	0.5586174583551355	368
1	156336133	158027411	0.0002857734599444	2.0357103930027295e-08	0.0451857310099396	568	0.0001820409143458	4.735251874459378e-08	0.4028395358112046	565
1	158027412	159913047	0.0001215768464207	2.5388764894793384e-08	0.4454575816858145	684	0.0001588645681328	5.7578386284396135e-08	0.5079328162757588	679
1	159913048	162346720	7.460567522159605e-05	3.2296422676647944e-08	0.678039366899683	868	-0.000247035774567	7.441909218488093e-08	0.3651683077577556	866
1	162346721	165191701	0.0006804664268574	4.212549063175637e-08	0.0009151636643629	1158	-7.960655599477627e-07	1.0161774188325017e-07	0.9980074754749128	1152
1	165191702	166460516	-1.5893734771324878e-05	2.006489515069936e-08	0.9106618267495952	547	-0.0002078975963956	4.83700026832119e-08	0.3445148983865929	545
1	166460517	169086323	-0.0002829865221772	4.2527085995457066e-08	0.169985920294579	1114	0.0001325462847022	1.0277348616533393e-07	0.6792741458474802	1112
1	169086324	170557775	7.918946258717174e-05	2.0963809354288028e-08	0.584426349148529	639	-0.0002176481390941	4.5820737647176366e-08	0.3092615240692163	637
1	170557776	173097906	-0.0001446757586659	3.206944422410283e-08	0.4191562440784466	979	8.686325281606033e-05	6.87931964477794e-08	0.7405089627933567	973
1	173097907	175089767	5.038449982503437e-06	1.8498223230088976e-08	0.970448966082193	492	-1.5430175023886673e-05	2.4988292046580187e-08	0.9222405106004022	490
1	175089768	177433380	0.0003949428469526	2.5659209609746493e-08	0.0136805679871015	749	0.0001092860819507	6.05548913537603e-08	0.6569632866001263	745
1	177433381	178944308	-9.205159652862132e-05	1.8301368359490578e-08	0.4962261902615557	526	-0.0002732926196386	3.9463800903375313e-08	0.1689099103761789	523
1	178954470	181144120	0.000148234721378	2.7118250298794735e-08	0.3680357729555092	798	0.0003055456183071	5.552858056434019e-08	0.194756769206299	789
1	181144121	182755355	0.0001097924361354	2.1242285266865695e-08	0.4512656616602345	612	7.212500560690217e-05	4.809042479299841e-08	0.7422354646605338	612
1	182755356	184595512	0.0001518271147814	2.2167364365018677e-08	0.3078486066634641	676	0.0001325423331896	4.4780915540222465e-08	0.5310938663407307	675
1	184595513	186810022	-0.0002142300167303	1.9216538071787833e-08	0.1222479589046642	596	-0.0004251421001533	3.4834783992694345e-08	0.0227347562393464	596
1	186810023	188759944	6.992117414167627e-05	2.279362197179455e-08	0.6432718541611111	645	-5.313250393871394e-05	5.3588722939588563e-08	0.8184635275015314	642
1	188759945	189904129	7.986325834187189e-05	6.111164254767852e-09	0.3069656216404378	205	-6.561518798345773e-05	9.306559421057546e-09	0.4964044333253995	205
1	189904130	191868929	2.343512020313044e-05	2.6388500357653423e-08	0.8852915166826076	601	0.000220531045173	4.0767162504014715e-08	0.2747315856198505	598
1	191868930	194107441	0.0003804405076087	2.055996877886565e-08	0.0079724619240274	603	7.205036967032399e-05	3.8006917627321846e-08	0.7116977208746234	601
1	194107442	196176200	-7.750117911225342e-05	1.8771568464266434e-08	0.57162266479919	526	-6.830869996919277e-05	4.4688350369197265e-08	0.7465959021982983	525
1	196176201	197311513	4.805141999837658e-05	5.571392371432653e-09	0.5197307244634336	187	-4.147869436479687e-05	1.134211515492156e-08	0.69692581859224	187
1	197311514	199239883	-9.663074934730062e-05	1.8739075648784192e-08	0.4802522651184711	527	4.97793805741234e-05	3.831143660170616e-08	0.7992461990568964	525
1	199239884	200137648	7.162206348598718e-05	1.1618547979992049e-08	0.5063939259287629	338	-0.0001038120893738	2.633398929612069e-08	0.522354960860788	337
1	200137649	201589974	0.0004175426908514	2.362484311458825e-08	0.0065967830704479	660	0.000170079482933	5.5639121471094415e-08	0.4708824156184926	655
1	201589975	203334733	0.0001395468318975	2.0049243794672293e-08	0.3243625396588389	523	0.0002156017832904	4.918965284316288e-08	0.3309957618468108	523
1	203334734	204681067	-2.002015960183975e-05	1.691378731577202e-08	0.8776582685434898	470	6.757642314818369e-05	3.788913022221011e-08	0.7284661935991267	468
1	204681068	206073264	-0.0002186499982226	2.1367622483149593e-08	0.1347077132515741	572	8.774945939751619e-05	4.968931868219746e-08	0.6938376720237824	570
1	206073265	208410363	8.807736864008133e-05	3.0276253526376856e-08	0.6127235169830527	691	-7.278861064627898e-05	6.166144891557473e-08	0.7694246959883393	687
1	208410364	210787749	-3.5944964448934364e-05	3.622734061354513e-08	0.850209413885809	959	0.0005177244422627	9.249063711543267e-08	0.0886890953144411	956
1	210787750	212842329	8.82323276191569e-05	2.6635348842898717e-08	0.5887640084695087	703	0.0001897874377139	6.622073497599773e-08	0.4608096309456421	695
1	212842330	214578265	3.35186061243044e-05	2.3692074051369562e-08	0.8276136499970813	544	2.423444279406612e-05	5.3617184234241584e-08	0.9166455442646732	543
1	214578266	216243633	-8.970103645747666e-05	2.081095737634852e-08	0.5340727144452428	614	-0.0003205015674748	4.6058123485635214e-08	0.1353317114861207	608
1	216243634	218705512	0.0002184744908274	3.872903378268271e-08	0.2669335778296495	1062	0.0004114555046131	9.305922947369633e-08	0.1774056117250994	1058
1	218705513	219590570	-5.1442202366883375e-05	1.0678153114326913e-08	0.6186116119455489	301	-0.0002310559906252	2.3592738417673644e-08	0.1325098433953904	300
1	219590571	221858230	5.546898280032919e-05	2.4550271978266887e-08	0.7233274073431673	709	-0.0001586671706065	5.562816114061202e-08	0.5011201327231916	708
1	221858231	222230219	5.0178597645485475e-05	7.175973446711457e-09	0.5536165004166067	196	0.0001174373296569	1.7970850608649892e-08	0.3810105761908989	195
1	222230220	224938519	0.0001224465635103	2.6125517200863064e-08	0.4487174452336272	740	-2.3289402065288263e-05	6.035276990757058e-08	0.9244734445261592	737
1	224938520	226810859	0.0002051921650425	1.9000208789229683e-08	0.1365895051709187	542	-2.4402497165380297e-05	4.335226066902571e-08	0.9067013991272116	536
1	226810860	229156247	8.077520808788159e-05	2.676881752643903e-08	0.6215177724513061	780	-6.545053817426979e-05	5.476137163322797e-08	0.7797157838668691	777
1	229156248	230685254	0.0001095276688211	2.0533785653823615e-08	0.4446617768485363	534	0.0003857823923207	4.610210041916152e-08	0.0723790021961059	532
1	230685255	232090251	-0.0002348418106382	2.4632000555732942e-08	0.134569301695221	646	-2.4216028437915105e-05	5.7402445804845267e-08	0.9194920376521264	641
1	232090252	233429283	-4.118639078287859e-05	2.1363185228882795e-08	0.7781069494423521	557	2.115060590978772e-05	5.06954639063499e-08	0.9251589311996656	556
1	233429284	234599433	-7.87092556257017e-05	2.0825493037419e-08	0.5854671923353301	526	8.771708962345002e-05	5.3646782121518543e-08	0.7048995984883193	526
1	234599434	235819435	5.384104812855108e-05	2.3232963919530896e-08	0.723913814537158	327	4.733466258579643e-05	3.262493673139767e-08	0.793273458811393	321
1	235819436	237555627	6.851375572636493e-06	2.52276832490829e-08	0.9655931839277768	676	-0.0001556533586587	5.4954892133034515e-08	0.5067028002624442	672
1	237555628	238567806	3.0260788305771583e-05	1.8408049295589813e-08	0.8235069344576045	409	-0.0001801565296842	4.0453939342501594e-08	0.3704052714696888	407
1	238567807	239925313	7.607040319499055e-05	2.3861142581775233e-08	0.6223948821162737	487	0.0003165482091016	4.6485646255492616e-08	0.1420543066509755	482
1	239925314	240564090	-7.994028386985356e-05	1.2899744052480973e-08	0.4815312143073338	349	-2.433999508554392e-05	3.1273500368662546e-08	0.8905280530888996	348
1	240564091	241582219	-7.218521887157904e-06	1.9079301029392776e-08	0.9583217511920622	424	-0.0001673694835075	5.3169542000133446e-08	0.4679328470782585	423
1	241582220	242071601	9.521537713040998e-05	9.218917800355638e-09	0.3213585908244004	184	0.0001012609196119	2.6789317728079066e-08	0.5361319153329817	183
1	242071602	244109498	-0.0002392192769152	2.5084162781265842e-08	0.1309374942161016	651	-0.0001773212333915	5.1395516190177105e-08	0.4341178764955017	648
1	244109499	245506745	0.0004061839967552	2.063956259374333e-08	0.004694168772334	405	0.0001265909604582	4.3074031569803814e-08	0.541894279888224	398
1	245506746	247344517	2.341822203993147e-06	2.8260489819464612e-08	0.9888854958488172	719	-3.144227443900993e-05	6.222616385132428e-08	0.8996958862421032	711
1	247344518	249239465	8.241618693423882e-05	1.7150120097594584e-08	0.5291325608355354	456	-1.395438302651766e-05	4.0920941508218144e-08	0.9450036882126164	453
2	10133	1781021	0.000277127683412	2.3075172170683943e-08	0.0680996358010688	666	-0.0001923182819582	5.541354639689254e-08	0.4139385965693445	649
2	1781022	3973778	0.0004056791106721	3.64696857247718e-08	0.0336447444701567	904	0.0002803363192611	8.809555443773145e-08	0.344913748602018	901
2	3973779	5708336	0.0002482056672464	2.4031467843222145e-08	0.1093522521487287	505	0.0002402045188113	4.683715307050904e-08	0.2670398326705044	504
2	5708337	6836253	6.17138721015462e-05	1.9766295859803495e-08	0.6606940332265432	512	-3.998748257432055e-05	5.3678854994054355e-08	0.8629715843123817	509
2	6836254	8422146	0.0002047510680356	2.1184542727294223e-08	0.159501817138997	531	-6.495391420066587e-05	4.9692337545279456e-08	0.7707602599872224	530
2	8422147	10298468	9.802415924827948e-05	2.1591139662226315e-08	0.5047039412833314	575	-9.861492456668576e-05	5.463295242018969e-08	0.6730939070828548	573
2	10298469	12419149	9.96138940837356e-05	3.526744813067183e-08	0.5958097491621663	862	-1.7900676125278955e-05	8.857004491742974e-08	0.9520372299371568	860
2	12419150	14335307	-1.2444654003176e-05	1.9731613955854433e-08	0.92940502880416	542	6.313931085259927e-05	4.8716957821593836e-08	0.7748308441295302	539
2	14335308	16329734	-0.0001294228850732	2.4819659006630382e-08	0.4113554887521971	712	-0.0003631139031483	5.5378575565949e-08	0.1228255508431903	707
2	16329735	18647422	-1.0470370770015486e-05	2.9535004403561116e-08	0.9514191624074884	857	-5.827361724339054e-05	6.885635731888873e-08	0.8242553858327717	853
2	18647423	19692403	-8.033383271722615e-05	1.3222262724837486e-08	0.4847849338287756	373	3.259063064165132e-05	3.2554958760065615e-08	0.8566598650564669	370
2	19692404	21050489	0.0001170378712956	2.2422097688277044e-08	0.4344457265127234	618	0.0001111632585195	5.7018710648600136e-08	0.6415481985520248	616
2	21050490	23341382	6.536985177669368e-05	2.366523596050272e-08	0.6708843609004241	622	-0.0001089260269349	5.4469368521275624e-08	0.6407009253230622	621
2	23341383	24686917	-0.0001027334537614	1.7715059814872042e-08	0.4401952007305257	450	-0.0002832529169791	4.8567642532394823e-08	0.1986912210552365	449
2	24686918	26894984	-0.0001907471577923	1.9955294412267122e-08	0.1769210304025618	578	4.167093192260012e-05	4.0653157071596446e-08	0.8362643788323998	576
2	26894985	28598776	0.0001180012464626	1.4279857907557566e-08	0.3234114567069956	463	2.2079214795237613e-05	2.4528096733433812e-08	0.887887231362374	461
2	28598777	29217558	0.0002148239334724	8.519980943256704e-09	0.019946173592243	243	0.0001348109471597	1.7442090555349238e-08	0.307365655643936	241
2	29217559	30463710	-0.0002213966159137	2.2578237329480317e-08	0.1406383684785637	617	-0.0001317811065348	5.6293332453035254e-08	0.5786046553425799	616
2	30463711	31550449	-0.0001563482070143	1.7572484833085563e-08	0.238222513621486	498	0.0001077073370044	4.2259565367932973e-08	0.6003192490288514	497
2	31550450	33363776	-3.348167373019918e-05	1.6316326881366485e-08	0.7932308812652958	483	3.517573481788636e-06	3.3268159992473386e-08	0.9846134260289092	480
2	33363777	35345027	-1.9434286196747207e-05	2.862353301036596e-08	0.9085480899609776	795	-0.000387430622479	6.87992489671139e-08	0.1396559461327592	787
2	35345028	36122005	-1.1680571513489367e-05	1.0628713256889393e-08	0.9097939917850076	324	-0.0003157371979223	2.4251333778703197e-08	0.0426127004947264	323
2	36122006	38132711	0.0001108070054277	3.7654266540214035e-08	0.5679782405703528	883	0.0004961365492047	8.02760484647946e-08	0.079930574781295	879
2	38132712	39031336	-8.212976272481717e-05	1.2615063342647324e-08	0.4646367769512391	351	0.0002482924247162	3.19641068810586e-08	0.1649008950056906	351
2	39031337	40281482	0.0001011802039485	1.0091501601921546e-08	0.3138365151679215	322	-0.0001143713411066	2.0841378425019053e-08	0.428223697263779	322
2	40281483	43309589	0.0004184020852713	4.518629673788549e-08	0.0490339610350569	1345	0.000537576248687	9.599597007270039e-08	0.0827308336197958	1332
2	43309590	44313802	3.248038143000518e-05	1.3551176223080008e-08	0.7802308125037437	403	4.924252340434758e-05	2.9550883128213316e-08	0.7745303312606697	403
2	44313803	46482633	-0.000226300820818	3.807298269726027e-08	0.2461361450684481	985	-0.0004634733224647	9.020696366477649e-08	0.1227973457788584	979
2	46482634	47318771	-6.908001667609476e-05	1.514973148574484e-08	0.5746327487495376	394	-4.231038862232309e-06	3.811855773723636e-08	0.9827104036683294	393
2	47318772	48213000	7.88809591197135e-05	9.217707585504412e-09	0.4113042784824917	215	0.0002873610933732	2.4346328036469762e-08	0.0655237955388495	213
2	48213001	50022256	-0.0001056766073415	2.7094679597448253e-08	0.520871432049409	765	1.0146502898621784e-05	6.297243071666039e-08	0.9677475363870308	761
2	50022257	50818927	0.0001292489058615	1.2205517817370092e-08	0.2420411815566622	358	0.000105372468768	2.617151578006085e-08	0.5148222249355064	356
2	50818928	52491132	0.0002645048381957	2.4086160691594443e-08	0.0883222802760582	680	1.435159181124589e-05	5.4419451895855265e-08	0.9509443349650042	680
2	52491133	53508451	-7.166450293622391e-05	1.6260805157017773e-08	0.5741188806551696	494	-0.0002762693778408	4.9921121663480335e-08	0.2162765082185782	492
2	53508452	54685225	0.0002174641330527	3.5467909000063466e-08	0.2482125597096504	462	0.000201933229476	5.16176490287634e-08	0.3741054772545401	461
2	54685226	56203344	-8.274959049908907e-05	2.4595269439322495e-08	0.5977472432289168	678	-0.0001108209327112	5.3536723587750934e-08	0.6319697046411875	675
2	56203345	57429099	0.0001043592474466	1.3946751014297864e-08	0.3768696510756264	403	3.669549954488355e-05	2.9986107660350154e-08	0.8321767521909447	400
2	57429100	58297314	3.2950625346218636e-05	1.431744146933092e-08	0.7830250106904053	312	2.95968647423707e-05	2.350067962858108e-08	0.8469073849026718	312
2	58297315	60291999	8.065593251916319e-05	4.901767465418131e-08	0.7156335031801879	778	3.366640096374344e-05	6.693054119734738e-08	0.8964618937875553	772
2	60292000	62429043	0.0001059201002937	2.5841136260633265e-08	0.5099569920580496	632	5.026580417205463e-05	4.5070817599751464e-08	0.8128359697029186	629
2	62429044	64625912	-1.2741926195657093e-05	2.1646687298375152e-08	0.930986062469807	642	-0.0001823950819896	4.3820898904918735e-08	0.3835851477341904	640
2	64625913	65933443	0.000208105102458	1.5277885727485552e-08	0.0922498654187337	405	0.0001230600268952	3.72788274339388e-08	0.5238893450273334	404
2	65933444	67226165	0.000144012599181	1.7647774674672053e-08	0.2783357689519375	511	-0.0001911645143382	4.2862298496228686e-08	0.3558212992035183	509
2	67226166	68010175	1.0109386276787232e-06	1.4473956748026391e-08	0.9932955044553532	420	-0.0002162221605977	3.537219901161089e-08	0.2502842062926524	416
2	68010176	69139563	-6.390037998542123e-05	1.5536979484503807e-08	0.608196845851952	460	0.0001097355145404	3.8427977258714436e-08	0.5756241750378491	459
2	69139564	70755197	-0.0001209457678719	1.719952644736595e-08	0.3564161641501855	538	0.0001974999477435	3.5627504889992566e-08	0.295402468308128	536
2	70755198	73174847	0.0001957519622229	2.6775538993228272e-08	0.2315828287152626	760	0.000177417739147	6.004678014769448e-08	0.4690518033611762	757
2	73174848	75630085	-0.0001894546134955	2.272185723088422e-08	0.2088081426552549	689	-3.357093181454583e-05	4.7088115378789135e-08	0.8770529355836902	686
2	75630086	76913660	1.326552512566189e-05	1.8647030470294683e-08	0.9226113953364542	517	0.0001200311572359	4.6166197328251874e-08	0.5764075122085464	512
2	76913661	78079263	0.0002809357697513	1.4344319334038421e-08	0.0189928730309408	364	0.000384846807365	3.4623637310149074e-08	0.0386171876110262	364
2	78079264	80050402	5.111123022218707e-05	2.8724759172910004e-08	0.7629798802455059	846	-0.0001473568108664	6.793308574890133e-08	0.5718249735188456	844
2	80050403	81620840	6.116325284585471e-05	1.929048125256541e-08	0.6596681815154288	547	-0.0001450878961101	4.5299082516035355e-08	0.4954354318330957	544
2	81620841	85140679	5.867039570183827e-05	2.5651429876761124e-08	0.7141246727876526	883	2.4063464436334334e-05	4.701122235140495e-08	0.911629640773514	882
2	85140680	88038506	-1.390932683169236e-05	2.209182478872564e-08	0.925441552091312	667	6.064667135636998e-05	4.6492064561388196e-08	0.7785062290992923	666
2	88038507	89154525	1.618935599767572e-05	7.894986734757085e-09	0.8554239628324177	226	-5.10990419263405e-05	2.7490855486635593e-08	0.7579377141422161	226
2	95326452	98995200	0.0001453101444793	1.3654165428260549e-08	0.2136651198113668	443	5.042300063869255e-06	2.806753437209173e-08	0.9759895083251604	440
2	98995201	101822328	-9.146532591517663e-05	2.7499579240182875e-08	0.5812492398493232	885	0.0001461369974556	5.4940942603590944e-08	0.532978949251404	882
2	101822329	102688764	-1.76371941919531e-05	8.622230776600346e-09	0.8493550365325271	266	-1.4111802309279398e-05	2.0415604588393712e-08	0.9213251667745253	263
2	102688765	103588214	7.300368188309475e-05	1.3388735373304281e-08	0.5280921782172234	440	9.99534068922303e-05	2.8496464329574807e-08	0.5537771899398931	437
2	103588215	105125033	1.6002154871531696e-05	9.332483654485286e-09	0.8684358755844384	268	0.0001640756617477	1.9542654236708923e-08	0.2405203151204512	267
2	105125034	106210057	-4.091608761459054e-05	1.4908354118402054e-08	0.737546846255312	402	-3.1862976602099985e-05	3.791436546642051e-08	0.8700160434686365	400
2	106210058	107408266	0.0001425036272742	1.7830009866923072e-08	0.2858767503259959	488	-0.0001129630890569	4.4520087429993776e-08	0.5923901747365204	484
2	107408267	108429176	-0.0001062413108533	1.0165475613471126e-08	0.2920063004228391	305	5.371826883851718e-05	2.4388339677106232e-08	0.7308626978770227	304
2	108429177	110572431	4.785944598308664e-05	1.7430781403294325e-08	0.716977657837386	545	-0.0002542104419559	4.156662210602166e-08	0.2124453334339786	545
2	110572432	113921855	-0.0002335551724231	3.1394642092050104e-08	0.1874566010944411	862	-2.580200929222129e-06	5.810203979607792e-08	0.9914593759434798	857
2	113921856	116772469	4.994937392726445e-05	2.5124003152148844e-08	0.7526652211137728	751	-8.476475626469742e-05	5.7159150631570884e-08	0.7229298321683209	748
2	116772470	118367465	-4.179941369752133e-05	1.1887075065153192e-08	0.7014359135048945	395	1.148969383844446e-05	2.2942859351540713e-08	0.9395343928244536	393
2	118367466	121303782	0.0001014933654213	3.8312338736188225e-08	0.6040931700553429	948	-0.0001002297757659	7.57074539120791e-08	0.7156538741978171	944
2	121303783	123302905	0.0002781865360501	1.8733873909320888e-08	0.0421069657716595	513	0.0001681143827916	4.235345880946543e-08	0.4139946800091045	511
2	123302906	124732249	-6.353164895686161e-05	1.3345183657327093e-08	0.5823496350613779	416	-0.0003735751557822	3.171124679462658e-08	0.0359197232876827	415
2	124732250	125840920	6.335174470442596e-05	1.510560169031427e-08	0.6062360952680254	415	-0.0004554073412706	3.488931051355587e-08	0.0147641571323612	415
2	125840921	127373763	2.3044372408260068e-05	1.4005677186278608e-08	0.8456113577299106	453	0.0001443590412389	3.041457420208925e-08	0.4078078542745192	451
2	127373764	128034346	5.3905821947186766e-05	9.380508835944566e-09	0.5778189079051691	245	-6.68349621699106e-05	2.453835771912378e-08	0.6696276826074992	245
2	128034347	129474440	3.65870313763662e-05	1.50061679398417e-08	0.7651914979210209	443	2.7132347231235105e-05	3.6052120345055953e-08	0.8863718269901623	442
2	129474441	130067169	-3.802375790536832e-05	7.619230582463537e-09	0.6631185228415801	233	-7.202830926445462e-05	1.7422385606734887e-08	0.5852760973392543	230
2	130067170	130658084	-5.955744063164694e-06	7.319641065485825e-09	0.9445015895485512	212	-4.2745454098952625e-05	1.7077086979301118e-08	0.743590830122103	211
2	130658085	133042783	9.224026097568396e-05	6.157425478370688e-09	0.2397965690016007	174	4.530401233315447e-05	1.5397743082976553e-08	0.7150390830694708	172
2	133042784	135158577	-0.000209836001619	3.2255303127392505e-08	0.2426585904940593	883	-0.000446149494008	8.142058969464546e-08	0.1179220079718547	880
2	135158578	137042793	4.135854465733598e-06	1.115760605369764e-08	0.968767349411524	344	-7.861383113915295e-06	2.4597497980378474e-08	0.960022859593178	343
2	137042794	138698116	9.080582804131724e-05	2.1041849076137256e-08	0.531317362434633	633	-1.0498557361802858e-05	4.7751687150860816e-08	0.9616815193782556	631
2	138698117	140100270	0.0002237985677194	1.7737033978999846e-08	0.0928764083390451	428	-4.6984678313065326e-05	3.255534996414689e-08	0.7945533497793501	426
2	140100271	141805350	3.581596341851985e-05	2.0591049539773964e-08	0.802899892271802	618	0.0001991132489151	4.9167577688404423e-08	0.3692027288523306	617
2	141805351	142518601	2.8506323066781143e-05	1.1281674828747526e-08	0.7884048040190115	327	-0.0001157751662834	2.665542756629257e-08	0.4782471227079766	324
2	142518602	144519483	-1.9827560065746576e-05	2.5337584910215482e-08	0.9008700654631588	648	0.0001853610209312	6.26293420479465e-08	0.4588886572363042	643
2	144519484	146445569	-8.53665862911019e-05	1.900667094530421e-08	0.5357809124242912	407	-8.778310780109337e-05	3.6661379898928894e-08	0.6466181278367757	403
2	146445570	147277161	6.77123877652726e-05	4.7235850161500834e-09	0.3245170868975683	152	-1.789795210121647e-05	1.1269657800674651e-08	0.8661142101420399	151
2	147277162	150210291	0.0001543338263384	2.8855008493909767e-08	0.3635858451606784	676	0.0001868552900942	5.532448170249761e-08	0.4269546358512563	673
2	150210292	151731461	-6.854370332175026e-05	1.4294232845577855e-08	0.5664369409517764	436	7.950848731595155e-05	3.1935814265663416e-08	0.6563830730206179	435
2	151731462	152486781	0.0001046282057383	9.264225020421321e-09	0.2770205649132098	296	6.953332492748051e-05	2.1266877347065832e-08	0.6335007248290954	295
2	152486782	154005055	0.0001665659705082	1.7814864380345326e-08	0.2120516478593405	525	0.0002090439314506	4.1214100989033276e-08	0.3031464731599894	522
2	154005056	155391134	-1.0243388116160433e-05	1.824207032634409e-08	0.93954524738658	487	3.5815045834752865e-05	4.836269151885709e-08	0.8706298911234137	482
2	155391135	157560634	-1.0840862921946428e-05	2.683423684410949e-08	0.947235433582228	564	-0.0002165197484958	4.4703860057940074e-08	0.3058073829958312	563
2	157560635	158533217	-7.543030484998949e-05	5.993539982610089e-09	0.3298948464965476	152	-9.81055520416884e-05	1.6381424832966264e-08	0.4433729836867497	152
2	158533218	159577081	0.0001306182689593	1.30736142625597e-08	0.2533010197819431	340	-1.0758319533343006e-05	2.7123122952737183e-08	0.9479158156378016	338
2	159577082	161769732	7.833677559823024e-05	2.3191886246408452e-08	0.6069750950177817	742	-4.760327689642732e-05	4.7397155989168177e-08	0.8269182975030258	734
2	161769733	163503550	2.4357970775972257e-05	9.967308194462881e-09	0.8072472082764836	330	6.288785445158235e-05	2.487495637642445e-08	0.6900876262591409	330
2	163503551	164466637	1.4430021093925356e-05	6.085270697463089e-09	0.8532439742824452	187	7.946429689378261e-05	1.5717823787099704e-08	0.5261888707725737	187
2	164466638	165178839	0.0001353701005706	7.361499831866107e-09	0.1146218778193988	180	-3.2162949065309856e-05	2.0304309527669753e-08	0.8214225535735777	176
2	165178840	167160269	-6.93760247041058e-05	2.3595253158328658e-08	0.6515248336161817	691	7.473384886355324e-05	5.6947066154400906e-08	0.7541506768119994	687
2	167355970	169968235	2.2037432771328725e-05	2.9523970239259068e-08	0.8979473355710095	853	-6.3190204242469e-05	6.94237003407773e-08	0.8104653144148227	849
2	169968236	171226244	-0.0001163646977203	1.721523152865888e-08	0.3751435649367669	499	0.0001405557183727	3.8038583762448466e-08	0.4711126704253676	498
2	171226245	173138904	0.0002538280461677	2.6026424143416535e-08	0.1156319199641414	595	0.0002587179718606	4.2039200832298956e-08	0.2070115083633453	590
2	173138905	175588928	0.0004086806344633	5.022279853840785e-08	0.0682100122587272	794	4.2281058287806274e-05	7.096203493455404e-08	0.8738891450936055	789
2	175588929	177363635	-0.0001052233654373	1.7707373496911247e-08	0.429094235159596	551	-0.0002783238456159	3.790318620451599e-08	0.1528337296828883	549
2	177363636	178553182	5.2192797214887384e-05	1.4713952170151224e-08	0.666995762049149	461	4.01917015998436e-05	2.978843724005339e-08	0.8158627750462375	457
2	178553183	181312738	0.0001584258735533	3.622747760422256e-08	0.4052102495900677	1037	7.496184100500277e-05	8.57017100028432e-08	0.7979027965214333	1031
2	181312739	182266030	-6.6626694092422295e-06	1.0113212259665691e-08	0.9471766255777349	319	-3.866225815061847e-05	2.201739469218477e-08	0.7944334560448255	318
2	182266031	184357607	0.0001157902514799	1.9714310287629555e-08	0.4095578819122165	625	4.2476379100443906e-05	4.38944005498611e-08	0.8393369852741029	621
2	184357608	185280172	1.5084212479403662e-05	8.433495209567673e-09	0.8695303333721258	209	0.0002160100248338	2.893201822447397e-08	0.2041046083802032	208
2	185280173	189882064	-5.70819037017421e-05	5.19163281205511e-08	0.802183428483116	1052	-0.0004200410771164	6.289263296430231e-08	0.0939515888330929	1048
2	189882065	191973356	0.0001852049080941	1.52564839797099e-08	0.1337629506487591	464	6.765605970609309e-05	3.4119236064232194e-08	0.7141600243963877	463
2	191973357	195861163	-1.0598845830654385e-06	2.1421916584145788e-08	0.9942221577689948	589	0.000133619563548	4.3168178206741986e-08	0.5201499151475288	585
2	195861164	196447455	2.9978622896017195e-06	4.752091792647134e-09	0.9653125433739884	145	-6.049755270106044e-05	1.0338306013384116e-08	0.5518469974478966	145
2	196447456	198078109	-2.8633265543835745e-05	1.5623243264319452e-08	0.8188075131213647	452	-0.0001122267715952	2.86410489095576e-08	0.5072440378307037	450
2	198078110	199311124	-8.600464965370301e-05	2.1657843025617132e-08	0.5589474949682502	359	-2.9085919192724675e-05	1.7482317596772092e-08	0.8258866943344648	358
2	199311125	201576283	6.800398709716644e-05	2.7923082661187752e-08	0.684036698882183	675	-0.000161542017647	4.658998783262796e-08	0.4542132847485591	672
2	201576284	202818636	2.1929037019016016e-05	1.00405591340499e-08	0.8267692279859166	320	7.636788023913162e-05	1.944256167736821e-08	0.5839054882644734	318
2	202818637	205799240	-6.594564026111735e-05	2.5799821183036917e-08	0.6813944321085588	770	-0.0001816751921738	5.5378451423266026e-08	0.4401060845195182	767
2	205799241	206735703	8.808091703762038e-05	1.3741666388524615e-08	0.4524213973139703	371	-3.955207757725512e-05	3.2720151091782124e-08	0.8269179277578083	371
2	206735704	208645398	0.0006365976783692	2.38748656801319e-08	3.789134907115822e-05	696	0.0004785942299383	5.5604237553411576e-08	0.0423957605840357	696
2	208645399	209941528	-6.654009284624614e-05	1.0743215891681725e-08	0.5208912054995929	339	1.377865278311751e-05	2.4303113867623152e-08	0.929571131085142	338
2	209941529	212379517	-6.675331391679566e-05	2.4913489200326693e-08	0.6723555277901254	783	2.740034271392742e-05	5.411113940636262e-08	0.9062331433847122	782
2	212379518	214014281	0.0003591487215238	3.2303321412059534e-08	0.0456891076283869	569	5.5604272126706245e-05	5.221728906897489e-08	0.8077474469293391	564
2	214014282	215573794	-0.0002124086413378	1.29922170790233e-08	0.0623912590907477	426	-8.835593756740478e-05	2.583903470201468e-08	0.5825495899888905	425
2	215573795	217715660	5.187378394729526e-05	2.6662800501368858e-08	0.7507248128561802	756	0.0003694789783969	6.539210147980422e-08	0.1484959810254353	751
2	217715661	218395479	-2.8628758509675684e-05	9.475199967074014e-09	0.7686746094340038	269	-2.9722600506667007e-05	2.3306068064128913e-08	0.845632603662634	269
2	218395480	220454550	1.690515863310675e-05	1.9698439140910733e-08	0.9041274458474284	603	3.145646586041073e-05	3.4870428072948414e-08	0.8662261411602994	599
2	220454551	222521175	-0.0001315981071197	2.7710406197433257e-08	0.4292078522294571	803	-0.0001071479328976	6.710288076914127e-08	0.6791442727669343	801
2	222521176	224859418	0.000160964071943	2.6227322250827758e-08	0.3202612103829111	726	-0.0005010094141815	6.489718233232026e-08	0.0492204982031612	723
2	224859419	225840003	-0.0003930949922805	2.730750773626392e-08	0.0173694715132933	375	6.649720932831313e-05	2.6755761269163418e-08	0.6843517309450337	371
2	225840004	228119841	1.1293726058118062e-05	2.7816595940969464e-08	0.9460124618517972	735	0.0001139208253995	5.325650127626055e-08	0.6215552567648557	731
2	228119842	229370786	6.331194954313022e-05	2.2130624163364228e-08	0.670408456221167	476	4.643151815297495e-05	3.894124047330051e-08	0.8139817542383421	472
2	229370787	231843388	0.0005310264253644	3.247217801815257e-08	0.0032101202681092	868	0.000670894832125	8.24453461110791e-08	0.0194636325130605	864
2	231843389	233550002	-2.4588719946148473e-05	1.661936983142566e-08	0.8487338179423468	481	0.0001335823704944	3.4752115417766205e-08	0.4736395617118234	479
2	233550003	235150986	9.648265252444e-05	2.7442371952655617e-08	0.56028188831747	805	3.6297753597408856e-05	5.9237064277874476e-08	0.8814461857996252	802
2	235150987	236043549	4.132021387636066e-05	1.540765783211468e-08	0.7392210797807364	340	3.3339110120429174e-05	4.299837740811224e-08	0.8722678602009015	339
2	236043550	237449031	7.557048332236006e-05	1.6223968026078133e-08	0.5529810289535639	425	-0.0003919936142475	4.246585473479712e-08	0.0571433643748831	424
2	237449032	238760980	6.714623881504929e-05	1.8601325515413057e-08	0.6224913284766074	498	-0.000262852966641	4.6601824027922494e-08	0.2233687813462108	495
2	238760981	239952642	1.4299377205540267e-05	1.3600751605422266e-08	0.9024137497503532	377	1.342978949803015e-06	3.311153606075553e-08	0.9941113511129912	376
2	239952643	241560083	1.0757564470594683e-05	2.590847596345129e-08	0.946714398586942	623	-0.0002954480732461	7.05013193881179e-08	0.265832395367378	620
2	241560084	242149920	-2.798458997812925e-05	8.207602617180522e-09	0.7574014496362738	241	-7.354345272735942e-05	2.037987233030932e-08	0.6064402638601674	241
3	60157	1441778	-3.702141477452002e-05	2.3157517525950053e-08	0.8077882348759913	554	-0.0003098061793273	6.167550694262237e-08	0.2122214224922852	551
3	1441779	2992119	-0.0001220697837945	3.4404452165839456e-08	0.5104651508025926	835	3.643104014120322e-05	9.002676463535999e-08	0.9033593681693224	832
3	2992120	4431646	3.669342628242907e-05	3.0259452399477035e-08	0.8329345485059076	722	-0.0001369779777132	6.669451572689247e-08	0.5958327863419597	715
3	4431647	6083182	-2.193442074625387e-05	2.9994879081082126e-08	0.899218017251129	713	0.0002460439548911	7.611698387072869e-08	0.3724952477344492	708
3	6083183	7083386	-1.8495363861028247e-05	1.4527597565512177e-08	0.8780436719660707	379	-1.3696473149574956e-05	3.5263494034257164e-08	0.9418564933659151	378
3	7083387	8648560	-2.4370624974109085e-05	3.096821821475807e-08	0.8898556565243554	860	0.0002208079056935	7.264181702746394e-08	0.41263860760625	855
3	8648561	9543182	-2.776392060638795e-07	1.8406747553358524e-08	0.9983672036376434	396	0.0006133458509009	3.9446730036235185e-08	0.0020139935749604	392
3	9543183	11019664	0.0003901973555476	2.7919372377450848e-08	0.0195308935898565	612	3.4645933588214254e-05	5.0612401883150355e-08	0.8776088761690846	610
3	11019665	13070798	0.0003419106778325	3.57948602296941e-08	0.0707336235748081	701	-6.665571502971045e-05	5.1615010809463786e-08	0.7692219651766407	695
3	13070799	14816899	4.099592005043821e-05	2.9538051131991793e-08	0.8114671918903166	739	5.343105533860601e-05	7.008467367557679e-08	0.8400508976433617	738
3	14816900	16282441	0.0001463558333378	1.7348672211796122e-08	0.2664991362318819	490	0.0002864890194608	3.415017403367169e-08	0.121073147046079	489
3	16282442	17891117	0.0005555170981723	3.211246069355968e-08	0.0019352556811849	520	9.75218035047338e-05	3.5317143516468394e-08	0.6038094226022257	506
3	17891118	19125143	-0.0002561929658509	2.0141937749737048e-08	0.0710490792228828	331	-0.0001667061185489	3.261611317676829e-08	0.3559698405713936	331
3	19125144	20091347	0.0001202758460688	8.08459083596672e-09	0.1810036218692278	169	0.0001608176803571	1.9305506577455582e-08	0.2470984016688957	169
3	20091348	21643706	-7.727822474335098e-05	2.4688926718060183e-08	0.6228467198957115	668	4.812337356039147e-05	5.8277921178646725e-08	0.841993350244543	663
3	21643707	22204243	0.0001702689528095	1.4262972384141897e-08	0.1539527811171093	345	-4.988477976729961e-05	3.819739986235669e-08	0.798536638695261	343
3	22204244	23804864	-8.983195207439715e-05	1.9581003971553785e-08	0.5208939807719436	544	5.115721640051017e-05	4.3738571925806056e-08	0.8067582467199816	544
3	23804865	25461557	-0.0003958867544011	3.5602028487717064e-08	0.0358931485051227	753	-2.1734863082554175e-05	6.922828366136352e-08	0.9341642958458948	748
3	25461558	26877768	-9.352814276620537e-06	1.4797297129385888e-08	0.9387136933097702	438	7.934664997291189e-05	3.074547940628909e-08	0.6508942795956516	436
3	26877769	27840909	5.3904539016959136e-05	9.590482170475653e-09	0.5820218528672954	280	0.0001157492746948	2.0363637352818852e-08	0.4172908724581461	278
3	27840910	29142259	0.0001006106864268	1.5643923303756854e-08	0.4211668448514458	435	-1.756870145052377e-05	3.3980491864637056e-08	0.9240709770239944	433
3	29142260	30717954	7.551907611992985e-05	2.7886053711091537e-08	0.6511004708547492	673	1.2692998015769188e-05	7.102530276636395e-08	0.9620131255857572	670
3	30717955	32351714	0.0001512306723964	3.464425276649752e-08	0.4165038056107989	613	6.163722786516952e-05	4.939074510195966e-08	0.7815152247491253	609
3	32351715	33255591	-1.2284926061816432e-05	1.1515971822872751e-08	0.9088588399032432	260	0.000175872098313	3.270322162102837e-08	0.3307884293337029	260
3	33255592	35283457	-2.4216898300044243e-05	2.0592846578485967e-08	0.8659882315716172	610	2.230969209100076e-05	3.9920461502485283e-08	0.9110933681133676	607
3	35283458	36486841	-3.627280748767486e-05	1.3950023611193622e-08	0.7587597854626333	407	4.5088929332769986e-05	2.8906692172145675e-08	0.7908567099905455	405
3	36486842	38356115	0.0001506296339618	2.2444965740749952e-08	0.3146908344527589	637	9.066338468655534e-05	3.934602859700379e-08	0.6476216708201034	635
3	38356116	40221297	0.0001970469656723	2.3063725194181356e-08	0.1944616114035785	688	-2.5528834055982435e-05	4.523216656116733e-08	0.9044555563264628	685
3	41064528	42540001	0.0001232288528961	1.5946761708825864e-08	0.329146501596953	491	0.0002425005312408	3.839259625719429e-08	0.2158552671398224	491
3	42540002	45165152	4.782499907503551e-05	2.3926817548699497e-08	0.7571840065093813	727	0.000270519629528	4.0710252102341154e-08	0.1800025548431739	723
3	45165153	46657499	8.409506691395319e-05	1.9932048949401417e-08	0.5514059493686352	588	-0.0002203774564242	4.425664097576682e-08	0.2948424477189874	584
3	46657500	47727211	2.6723097299226945e-05	6.194846101915037e-09	0.7342144000568873	186	6.226653609343616e-06	7.640960304138463e-09	0.9432123832418512	184
3	47727212	49316971	0.0003629837448601	1.8199316701503222e-08	0.0071309753800135	295	8.03453783219111e-05	1.3420752022570846e-08	0.4879697707641121	292
3	49316972	51832014	0.0002298306817572	4.975317122254305e-08	0.3028314339502216	566	0.0001791110868271	2.2467768154761527e-08	0.2321143401651131	564
3	51832015	54081389	0.0003752517530333	3.7105790802313354e-08	0.0514080231217717	691	0.0001916572882927	3.543810767952355e-08	0.3086308363934469	689
3	54081390	55348859	5.710005219374628e-05	2.4559493067017138e-08	0.7155916359502146	637	3.7583951308895064e-05	6.01233225591352e-08	0.8781787358936972	635
3	55348860	56433906	-1.6176648814560112e-06	1.185908350163102e-08	0.9881481244227014	350	-3.315541797272706e-05	2.559060970531801e-08	0.8358072969145851	349
3	56433907	58157518	5.733052636248047e-05	1.9235278240581645e-08	0.6793371281541536	601	-8.881735018795519e-05	3.578878917137635e-08	0.6387210046255529	598
3	58157519	60272905	0.0002847778024265	3.6577564908319326e-08	0.1364837197148288	970	-4.1999552138378245e-06	8.755063661202514e-08	0.9886749407374787	966
3	60272906	62355665	0.0006844666817013	3.4262169179926617e-08	0.0002174654297112	895	0.000499333974275	8.05457197942064e-08	0.0785059510728319	885
3	62355666	63669285	-0.0001049771795666	2.8845139699097937e-08	0.5365095785463192	615	0.0001508340735607	5.556551256313714e-08	0.5222522826301752	610
3	63669286	65273537	-0.0001123446825117	2.9453887314857893e-08	0.5127202669341455	761	-0.0004003350437224	7.273398231113722e-08	0.1376992287583113	757
3	65273538	66270446	5.463482461571073e-05	1.3199032346251976e-08	0.6343931931297463	302	0.0002116621557318	3.4872192076949315e-08	0.2570239860885938	302
3	66270447	68286913	0.0001700100668748	2.3617279173462215e-08	0.2686112473971255	639	0.0002605333884838	5.479638940048729e-08	0.26571695750601	638
3	68286914	69276761	-4.636527246400851e-05	1.363819617008928e-08	0.6913513877684849	396	-0.0002794943535949	2.9024954260399394e-08	0.1008925912914028	395
3	69276762	70449027	0.000186365213523	1.439225845687902e-08	0.1203130209096674	393	-5.444053832434963e-05	3.5117123699201537e-08	0.7714251519850435	391
3	70449028	72529328	0.0005934441186647	6.485898738924898e-08	0.019795143583528	672	0.0009014781277115	1.498422266880652e-07	0.0198679887802462	668
3	72529329	74321816	8.85987856901339e-05	2.6449371407351207e-08	0.5859057530689014	645	-1.5675975674512382e-05	6.456799665179316e-08	0.9508084417912996	642
3	74321817	75704948	3.021056898920562e-05	8.758355444606587e-09	0.7468387778765486	253	1.814291421975409e-05	1.6280291483819212e-08	0.8869281447414636	253
3	75704949	77508834	5.76683708620667e-05	1.8045004102388504e-08	0.6677061383994835	500	1.545162853256379e-05	4.277988602362165e-08	0.940448775531054	496
3	77508835	79024540	6.873060118879124e-05	1.4074622728065796e-08	0.5623613584795493	413	8.778133817364168e-05	3.200233523688682e-08	0.6236423997985299	411
3	79024541	81427309	0.0002536767208321	1.851090827547343e-08	0.0622488936234965	577	-2.577738296716856e-05	3.40357004642725e-08	0.8888779443833132	574
3	81427310	82643885	0.0001668067457056	1.671683331313374e-08	0.1970022981261191	317	0.000217633835512	3.4562027317013794e-08	0.2417397703733179	315
3	82643886	84367478	3.1532548725657315e-05	1.2241772844111836e-08	0.775648135227562	388	-0.0001945493508891	2.7009742260262985e-08	0.2365017068746756	388
3	84367479	85582230	-3.667871892960933e-05	8.357346402561133e-09	0.6882599366735999	279	-0.0001264893460741	1.6323985915377842e-08	0.3221678270282632	279
3	85582231	87409731	5.6543843599824704e-05	1.5501839141934516e-08	0.6497250860692878	507	-4.8806613860465335e-05	2.9236900157941132e-08	0.7753079808889811	506
3	87409732	88298372	1.049200395412573e-07	5.833122706006937e-09	0.9989039059650388	199	-3.358452371670033e-05	1.0779516869234049e-08	0.746336201120955	199
3	88298373	94255315	0.0002536887053459	1.4936406222798632e-08	0.0379157400359544	471	0.0001395118327146	3.164370110262775e-08	0.4328797870603205	469
3	94255316	95311970	0.0001363621110557	6.696727124584353e-09	0.0956466342905147	220	0.0001084944997689	1.0605003942290505e-08	0.2920921544624606	218
3	95311971	98215949	-0.0001702488181947	1.736848355433622e-08	0.1964183015876812	562	0.0001271005277722	3.1377143170577824e-08	0.4730465305067457	561
3	98215950	99373761	6.013289367116323e-05	1.15921133308514e-08	0.5764963179343934	353	-1.709242012647835e-05	2.151178265887243e-08	0.9072266399036616	353
3	99373762	100592216	-6.377320336448569e-06	1.2490365879810644e-08	0.9544954233211748	389	-0.0001286387920926	1.9611213727801788e-08	0.3583122737624282	387
3	100592217	103084959	-4.711292805831434e-05	2.2098749472421818e-08	0.7513006513135216	678	-8.089731329216685e-05	4.1926681742185015e-08	0.6927812924034467	677
3	103084960	104581612	1.82943245875362e-05	1.5330071970184836e-08	0.8825355611160324	466	1.2621197593097488e-05	3.352881577580404e-08	0.9450474636926168	465
3	104581613	106982810	-6.502593186633519e-05	3.0824139548979245e-08	0.7111034549294568	714	-0.0001575183335689	6.450048330885613e-08	0.5351093294154219	709
3	106982811	109522394	0.00011531195674	2.876248180868763e-08	0.4965517990300521	841	0.0001208230651645	6.047785681575783e-08	0.623210368814759	838
3	109522395	110513769	5.485102075483307e-06	8.01297912298816e-09	0.9511397073842506	252	-1.3105884348023768e-05	1.6183802351915506e-08	0.917946249982511	250
3	110513770	112815698	-1.2758622536266615e-05	2.5051989959489748e-08	0.9357530353327734	724	0.0001522099859845	5.456834705776056e-08	0.5146673113701667	721
3	112815699	113947862	-0.0001401897621765	1.2602546431534949e-08	0.2117442767215286	374	-9.785661553350792e-05	2.545520786985209e-08	0.5396510099737873	373
3	113947863	115447079	0.000255291675238	1.4844355432721048e-08	0.0361401459801833	334	-0.0001354405534163	3.3688276412390324e-08	0.4605630207994067	334
3	115447080	116800152	6.047992029522995e-05	1.86015103131684e-08	0.6574458541676726	531	-1.113060211569796e-05	4.240351550396233e-08	0.956893143916237	524
3	116800153	118530250	0.0001092237561877	2.912321247025076e-08	0.5221558384560839	566	0.0002274950513097	5.2207504234620054e-08	0.3194215805446516	563
3	118530251	120523054	-6.330839131828268e-05	2.4132798217322744e-08	0.6836202443911681	736	0.0002173742685283	5.153145382681347e-08	0.3382780705599901	735
3	120523055	121974096	2.199339019383866e-05	1.3204426937348089e-08	0.8482155113980292	424	5.152212715700046e-05	2.2866068990891464e-08	0.7333141425999522	424
3	121974097	123517767	-1.7084650723263113e-05	1.6868769111319895e-08	0.8953465719407416	491	-0.0001211785916311	3.6512187140073554e-08	0.5259686612792188	487
3	123517768	124936641	1.0935025414775972e-05	2.2249568540291826e-08	0.9415600010506906	626	-0.0001256935254117	5.0429838419527825e-08	0.5756719386358109	626
3	124936642	126214942	9.391716311810034e-05	1.5192449358873505e-08	0.4460850362376618	394	-0.0001208220370004	2.4829759353823328e-08	0.4432237508068721	394
3	126214943	128194860	-1.532439394524741e-05	2.1267539359876762e-08	0.9163114419003316	616	0.0001538429056605	4.197104389942602e-08	0.4526915236751743	615
3	128194861	130244734	4.4883493023182965e-06	1.5831675924774675e-08	0.9715441758955362	489	1.57353005405131e-05	3.67779213647372e-08	0.9346065224963996	487
3	130244735	131836515	3.752503728287555e-05	1.7413677474967994e-08	0.7761308075318301	543	4.0605952828078314e-05	3.4386556893206235e-08	0.8266691984097565	541
3	131836516	133252172	3.210565996865459e-05	1.74141567868697e-08	0.8077780956092517	517	-8.787113470483709e-05	3.6399988019960746e-08	0.6451071634247696	514
3	133252173	135456905	5.566059051748604e-05	3.1905933437221675e-08	0.7553365540364547	891	0.0001068980285356	6.98189824078133e-08	0.6858009674397025	887
3	135456906	137371082	0.0001367714512017	1.67903482497691e-08	0.2911885269493214	544	9.067626142989428e-05	2.6101805464084328e-08	0.5746253797642892	543
3	137371083	139954596	1.641676466034548e-05	2.9755883639957e-08	0.9241796108249748	869	0.0001576495078143	5.826247463042144e-08	0.5136739048379895	869
3	139954597	141339096	-2.2248626721068407e-06	1.5611532396514808e-08	0.9857931578953734	471	-0.0001867390029453	3.2428299836144945e-08	0.2997423233573856	470
3	141339097	143164627	-1.7918592326073908e-05	2.2982797551136605e-08	0.9059124318118638	607	-0.000147571414697	4.225981856901988e-08	0.4728449671903753	605
3	143164628	144410815	1.0710597858488328e-05	1.3151574958555061e-08	0.9255895567534368	385	-2.5189765203038573e-05	2.5593447810160097e-08	0.8748853372939931	383
3	144410816	145664618	-4.084819230217199e-05	1.1517746328848727e-08	0.7034868760132695	335	-4.731706155130381e-05	2.624253423209815e-08	0.7702187421917229	331
3	145664619	146726628	9.573196988998736e-05	1.0867906772642626e-08	0.3584624259217852	330	4.6131521211126765e-05	2.2793808627653767e-08	0.7599435237204986	329
3	146726629	149043236	0.0001572848696217	2.3339291220013385e-08	0.3032261152566933	637	-2.578556952462688e-05	5.2538140397180726e-08	0.9104296689682728	636
3	149043237	150252003	9.532385885772356e-05	1.6249903709982615e-08	0.4545904020116068	436	-8.299089752450589e-05	3.5894036796073065e-08	0.6613532374216358	434
3	150252004	151348729	4.7729784240123433e-05	1.2985379852039794e-08	0.6753232072870377	376	-9.20587167492592e-05	2.927547815976052e-08	0.5905508413590494	376
3	151348730	153256570	0.0001541654423124	2.2271557034063857e-08	0.301591185028735	618	0.0001136625146122	5.3094746273775334e-08	0.6218163808019812	615
3	153256571	154714217	-4.2235581560456874e-05	1.4038226842631664e-08	0.721489005572847	437	-0.000192376192772	2.9490610373012244e-08	0.2626132948499228	433
3	154714218	156008699	7.530273722776553e-05	1.2708305087153217e-08	0.5041429352375901	363	-0.0002042470524041	2.8413754129530455e-08	0.225631105891643	363
3	156008700	157312027	5.297229576077184e-05	1.5652036250385416e-08	0.6719945415429522	467	3.5272935744569663e-05	3.2093397061587665e-08	0.8439100347303548	465
3	157312028	159477889	-7.702457908306506e-05	2.2838615541831137e-08	0.6102782533192325	690	-3.3659972663715986e-05	4.4831955556912936e-08	0.8736911418611213	686
3	159477890	161524503	0.0002242576579625	1.9681264660171048e-08	0.1099250822384931	611	-5.941234071668565e-05	3.6523655084609144e-08	0.7558936107460253	608
3	161524504	163253204	-2.1162333792872064e-05	1.9604898073058732e-08	0.8798647721666097	579	8.62711960573068e-06	3.8291615298588414e-08	0.9648347777959884	568
3	163253205	165055468	4.85511761764149e-05	1.4779846012632565e-08	0.6896278022659306	490	-2.4856612151611123e-05	2.749074780701008e-08	0.8808307049167046	489
3	165055469	167117428	4.1055336809988095e-05	1.6941788915675385e-08	0.7524423651384083	502	-2.754568997387946e-06	3.6573386133107446e-08	0.9885079868419387	502
3	167117429	168580959	0.0001056893382964	1.6707140604934897e-08	0.4135434394106621	378	1.7814083068828e-05	2.4257664379384396e-08	0.9089388871330136	376
3	168580960	170964908	7.06759090981407e-05	2.6470927201839613e-08	0.6640001690999754	751	8.154771078898527e-05	5.785111407260257e-08	0.7345766736048397	749
3	170964909	172295730	8.800778134976634e-05	1.7905203439837732e-08	0.5107274175498984	462	0.0001667512672257	4.2593527896858227e-08	0.4191056023271695	460
3	172295731	173477284	0.0001534080205789	1.061331073266411e-08	0.1364621546409731	274	-3.393720169085939e-05	2.6130457565360042e-08	0.8337117370301335	271
3	173477285	175116538	-3.0347517194481543e-05	2.0615373076849863e-08	0.8326045569873297	586	-0.0003605046646951	4.5891853241379126e-08	0.0924058710586277	582
3	175116539	176320286	1.4212969044714682e-05	1.1468888220320994e-08	0.8944177792363288	327	-0.0001142636113694	2.5853865274407184e-08	0.4773118561999743	327
3	176320287	178107164	0.0002627694229679	2.187917077035377e-08	0.0756544580450402	542	6.488230043013023e-05	5.0514874500024274e-08	0.7728263180367306	538
3	178107165	179374585	-2.694470588076214e-05	1.4479234974213674e-08	0.8228164422163383	412	-8.025583410451327e-05	3.3137067601841485e-08	0.6593004776356075	411
3	179374586	181511165	-0.0001133035934228	1.8297409523052777e-08	0.4022421617232419	421	-1.789754157043669e-05	2.9893152298069263e-08	0.9175534438804234	420
3	181511166	183769682	-1.5210105661815663e-05	2.1458556522691572e-08	0.9173025273026892	617	-2.31641609745036e-06	4.457646967401101e-08	0.991246230885267	614
3	183769683	185068254	-6.570667383007894e-05	1.7237444985563707e-08	0.616748241495862	439	-7.97942724031613e-05	4.000275283135333e-08	0.6899244212897524	439
3	185068255	186890343	-2.4616420364401795e-05	3.320429783218577e-08	0.8925395981513341	644	8.273934523959629e-05	8.534549011768013e-08	0.777009261233157	642
3	186890344	188856213	-4.4426525107573415e-05	3.47608626885186e-08	0.8116598980007156	662	-0.000233080324075	7.580050021284661e-08	0.397227555622347	659
3	188856214	190226606	0.0001173480923837	2.2509355450571593e-08	0.434121710577357	587	-0.0001246430650869	5.566982210786585e-08	0.5973100468567212	581
3	190226607	192343813	0.0003941309444734	2.8841373731072373e-08	0.020299127393018	785	-0.0002214626929107	6.396057733911246e-08	0.3812051634193424	783
3	192343814	194059670	4.967363378315057e-05	2.0898003057544193e-08	0.7311349957312672	550	0.0003710748152684	4.3278470876635885e-08	0.0744699464010237	547
3	194059671	194786673	0.0001362974761181	1.1442149704761447e-08	0.2025962871893807	270	1.1250905538389642e-05	2.8988141873840372e-08	0.9473132548735292	270
3	194786674	195971407	7.205810109196918e-05	1.045405054024187e-08	0.4809603438637847	280	0.0002203514261695	2.1536469318612425e-08	0.1332233595659699	275
3	195971408	197075986	3.658899926506828e-05	1.3166221563524984e-08	0.7498215920225977	387	4.0595275005994126e-05	2.4021510827005625e-08	0.7933800202739544	385
3	197075987	197946621	3.1376431372404105e-05	6.515220785966422e-09	0.6974819002999942	165	-0.0001078689201753	1.583961804459984e-08	0.3913978184424541	164
4	694715	1478710	-9.42396181371287e-05	1.3056001925034633e-08	0.4095069704743952	268	-3.541849919611797e-05	1.7462228544008126e-08	0.7886776924723619	266
4	1478711	2842978	-4.331992726321503e-05	8.599813013007078e-09	0.6404026739351234	283	2.9376541293586713e-05	2.135505415233444e-08	0.8406789344725153	283
4	2842979	3846039	-0.0001157491867993	1.0509211493155009e-08	0.2588551303363087	266	3.0156704760986824e-05	1.99503581436564e-08	0.8309329032870882	265
4	3846040	4684115	2.670709040527828e-05	6.5034701737682455e-09	0.7405143445526254	195	0.0001046745622862	1.8593310083502853e-08	0.4426956285925441	195
4	4684116	5502387	-3.399835583078601e-05	1.2260596929669111e-08	0.758809078541545	335	0.0001731005234407	3.582170724749992e-08	0.3604082459437506	333
4	5502388	6773042	7.032642324777507e-05	2.2490857062989248e-08	0.6391138758634054	564	6.642129271546503e-05	6.461956609367834e-08	0.7938677103263831	559
4	6773043	7539691	-7.974898204370465e-05	1.4746122815002751e-08	0.5113551544022386	336	-4.2961813498075785e-05	5.7034362238369526e-08	0.8572365557022374	332
4	7539692	8152234	7.245955979779776e-05	1.0626546922620328e-08	0.4821119524725981	281	-6.098775826206329e-05	2.937350863598412e-08	0.7219542599937931	280
4	8152235	9326478	-1.7229944153930626e-05	6.870914365646974e-09	0.8353361600146919	192	-3.426964661239587e-05	1.889698462135991e-08	0.803132686119508	191
4	9326479	10699151	-3.2713185530720774e-05	1.4562635295235176e-08	0.7863269240956317	573	-0.0001084148379985	3.131887879682571e-08	0.5401328074442623	570
4	10699152	12323033	7.057918830857314e-05	2.290375761824585e-08	0.6409563038144258	624	-6.645360369573066e-05	4.550304552349848e-08	0.755398596292057	619
4	12323034	14272000	9.674864180340456e-05	2.0703702031215026e-08	0.5013358150887386	706	6.952853169686601e-05	5.2374694604797683e-08	0.7612725190010048	704
4	14272001	15147445	-8.576930683652869e-05	1.1561850495228877e-08	0.425067383526272	352	9.688450505941476e-05	3.164113609918546e-08	0.5859849571204736	350
4	15147446	15927008	8.671104852957806e-05	8.038760224255711e-09	0.3334845651750207	273	-0.0002006966653989	2.5955198791960705e-08	0.2128592658656088	270
4	15927009	17383321	-4.605576963299253e-05	2.1157745863161184e-08	0.7515258715147164	645	0.0002297265464293	5.710924965687773e-08	0.3364024446058965	643
4	17383322	18841873	7.7093980884558e-05	1.350994174038783e-08	0.5071543418003486	418	-0.000151794931647	2.685449326900947e-08	0.3542932807257742	416
4	18841874	20544556	0.0001659772267589	1.350888648091572e-08	0.1532819020609059	484	2.360419098613625e-05	3.304192041758701e-08	0.8966816672922197	481
4	20544557	22319346	6.749075104975154e-05	2.148589872639307e-08	0.645204648866107	714	-9.032474719549464e-05	5.412557900088776e-08	0.6978349954606544	712
4	22319347	24135528	-2.9716349680073795e-05	1.8620830886196323e-08	0.8276091479947763	595	-7.095159121828176e-05	5.158258527299925e-08	0.7547367897045122	594
4	24135529	25609321	1.7079333069466366e-05	1.8604253339415056e-08	0.9003514187993411	557	0.0002285491451322	5.071590978825325e-08	0.3101710578055173	556
4	25609322	27343721	9.44350178920575e-05	1.8218913889169542e-08	0.484154979103648	489	7.988186320575586e-05	4.7491760603239695e-08	0.7139510408268217	485
4	27343722	27965867	7.171820547854289e-06	6.975354081042936e-09	0.9315690019663624	212	0.0001586748631175	1.956077481710747e-08	0.2565732593668394	211
4	27965868	29762207	-0.0001889871227418	1.5718262074799057e-08	0.1317068790003812	570	-0.0001414351902191	3.8343557344341594e-08	0.4701165314162395	568
4	29762208	30454534	-3.334345181547244e-05	4.647163607837919e-09	0.6247558221824017	148	-8.332945633604363e-05	1.641082844197783e-08	0.5153828474948213	148
4	30454535	31782980	0.0004852866052099	2.76523776874291e-08	0.0035192941798674	429	8.773781578559635e-05	3.43332263095429e-08	0.6358490920638504	427
4	31782981	33172765	-4.802704209166231e-05	8.93252193903066e-09	0.611342520474773	321	1.1231053961191187e-05	2.24196205546986e-08	0.9402085117567504	321
4	33172766	35151414	0.0001667303705369	7.550834999294737e-09	0.0550166335373886	305	0.0002293642718316	1.4907822469721886e-08	0.060308385292149	303
4	35151415	36020435	-1.1886060540580666e-05	7.845378433746097e-09	0.8932496856069264	245	5.8276257622528666e-05	2.0864423966500473e-08	0.6866180745857637	245
4	36020436	37255046	-0.000194090391774	1.3406872356982462e-08	0.0936880941827578	464	2.1784447586902833e-06	3.4490736801667844e-08	0.9906410868321122	462
4	37255047	38907021	1.2055529055650511e-05	2.6871086973212412e-08	0.9413737157050376	749	-0.00018013478692	7.594150134653561e-08	0.5133249713144925	746
4	38907022	40202608	9.090343928115668e-05	1.1989506022143241e-08	0.4064290211927571	433	0.0002097152791203	2.809943894641375e-08	0.2109093195971583	430
4	40202609	42213057	0.0002693238411308	2.2886767223467928e-08	0.0750339970415955	657	0.000909977913548	7.135933805577216e-08	0.0006580712490177	656
4	42213058	43965044	0.0001482113934015	1.7660299255176312e-08	0.2647319417823084	606	-0.0001219626726154	4.2807974547232326e-08	0.5555434045608805	605
4	43965045	45189156	0.0001423492478636	1.0461566383838754e-08	0.1640023974480663	388	0.0001911927795544	2.373253480492566e-08	0.2145765699356816	382
4	45189157	47411895	4.435620293920121e-05	1.256118260149867e-08	0.6922772472302727	472	-0.0002031436293515	2.852315675511513e-08	0.2290419398186167	470
4	47411896	48123599	-8.772561859927108e-06	7.024154470575831e-09	0.916636292931843	262	-0.0001631771875038	1.6318661762973222e-08	0.2014711727184562	260
4	48123600	53877432	-9.071229540338442e-07	1.2254356364203591e-08	0.9934618315623458	525	-7.07723654808738e-06	2.3084786030807345e-08	0.9628478612271468	521
4	53877433	55429555	0.0003313159714438	2.2051902525028508e-08	0.0256744024181502	491	0.0002053048661445	3.4834559176053e-08	0.2713305785493412	487
4	55429556	56547643	1.0237428767410156e-05	9.325485705184798e-09	0.915572805132618	323	0.0001235224079988	2.0877883452965873e-08	0.3926204630026225	323
4	56547644	58935007	0.0001654901357621	2.8479675603402472e-08	0.3267758831527465	890	0.0004941257164752	7.342843436146743e-08	0.0682279796311747	883
4	58935008	60741086	-5.815623197792862e-05	1.367266549697193e-08	0.6189361673343778	499	-4.124628021531816e-05	3.4490419427761536e-08	0.8242412164729976	497
4	60741087	62371762	-5.0606861720168194e-06	1.1734719286383464e-08	0.9627389433413914	393	-3.830225023389343e-05	3.0838724292514385e-08	0.8273432067827529	393
4	62371763	64341000	0.0001199125557169	1.2567337540484796e-08	0.2847754119180988	418	8.603324777518506e-05	3.264707094417027e-08	0.6339671915390115	417
4	64341001	66600491	-2.8979322097979946e-05	2.1159470224564133e-08	0.8420896178258536	533	0.0001569252066937	3.4627310373597814e-08	0.3990593482796488	529
4	66600492	68059496	-2.9051201067775585e-05	1.0817255865759096e-08	0.7799975279420204	377	-0.0001771099423659	2.7079665673665963e-08	0.2818064575425901	375
4	68059497	68854764	-1.1906551146596844e-05	7.498388797983997e-09	0.8906357663800231	254	3.532849582563181e-05	1.9663329699319647e-08	0.8010876691225742	253
4	68854765	71049151	6.52919301779246e-06	1.0103202091890281e-08	0.9482077572078914	420	-0.0001458754100631	2.0939642980109492e-08	0.3134133227479889	417
4	71049152	72140557	-7.161734936237134e-05	7.019188999394125e-09	0.3926506949480667	244	-0.0001611385088346	1.7653373368095127e-08	0.2252102480983985	243
4	72140558	74592389	-7.36305480002334e-05	1.4024828343747938e-08	0.5341124244667759	545	-3.796273738933104e-05	3.4986538826340454e-08	0.8391675474566428	543
4	74592390	77130706	9.438580671792191e-06	2.060499945554638e-08	0.9475738952527584	783	-1.1899058936348358e-05	4.963101994150127e-08	0.9574039210466256	779
4	77130707	79093978	-0.0001647376793604	1.9955927803273137e-08	0.2435510196587585	711	-8.010599425333191e-05	4.7485220807489884e-08	0.7131650247542572	710
4	79093979	80990296	8.176773100903184e-05	1.8542851800680917e-08	0.5481908668153641	602	0.0001469270616661	3.9328960646025314e-08	0.4587685952252442	601
4	80990297	82125314	8.65071766849118e-06	7.019462149711195e-09	0.9177626406951144	255	1.1353332071270183e-05	2.406232763751089e-08	0.9416545516811876	255
4	82125315	83372592	-1.5047781410481114e-05	1.0816505749594209e-08	0.8849581432601247	377	3.6592126176273705e-05	2.5077859533306677e-08	0.8172608972874768	375
4	83372593	84799655	4.320840602616628e-05	1.2708707625432726e-08	0.7015112552049663	471	-3.546041517123542e-05	2.9671562041227385e-08	0.8368996633620677	470
4	84799656	86930608	4.495624248500825e-05	1.5095714251602643e-08	0.7144392170695688	563	0.0001017415360596	3.590686896020661e-08	0.5913229263269147	562
4	87534648	89238027	0.000174177855752	1.9328496381209582e-08	0.2102657328682406	664	-0.0001390649784448	4.844770400792097e-08	0.5275160989021697	659
4	89238028	90231563	-3.453237167342633e-05	9.386827842385853e-09	0.7215230337679601	308	3.762883643270493e-05	2.4537072136028055e-08	0.810159599730049	307
4	90231564	91560676	6.375031069822406e-05	9.383830679249616e-09	0.5104735511496512	330	0.0001339207717268	2.2993296516522062e-08	0.3771411156187274	328
4	91560677	94233298	4.976603340316832e-05	1.7666215586358055e-08	0.708090438644206	583	-2.441944977546423e-05	4.3772635556243245e-08	0.9070842310539736	581
4	94233299	96182187	7.880253355006273e-05	1.6150159950351634e-08	0.5352013188043783	610	9.475436882279705e-05	3.8035924915034254e-08	0.6270734850136517	609
4	96182188	97540702	0.0001582004779067	1.4353094507407338e-08	0.1866715717809579	482	4.894987199551441e-05	3.4612249738855725e-08	0.7924661273445732	481
4	97540703	99424066	-6.291120709277758e-07	1.2703043660862108e-08	0.9955463926083312	392	2.1614640308733837e-05	1.7219393126587853e-08	0.8691665361756296	392
4	99424067	100678359	-2.2805009283590785e-05	1.3587585453369398e-08	0.8448914366853421	480	-0.0001104877476767	3.0626361172637694e-08	0.5278152781968353	478
4	100678360	103221355	0.0001241922978529	3.1839482659718956e-08	0.4864263991845261	820	-0.000137645384028	5.0363804973658295e-08	0.5396505265501569	818
4	103221356	105305293	-5.237583636913632e-05	1.5084601068246918e-08	0.6697828803238177	508	-0.0001238456039514	2.4418250464077058e-08	0.4280436095462967	508
4	105305294	107501304	-7.898408950896076e-05	1.6061715857699984e-08	0.5331378251477337	615	0.0001741907089242	3.327164602030465e-08	0.3395949648988399	612
4	107501305	108815347	-3.189328392046705e-07	9.395117402748276e-09	0.9973746487829074	340	-7.010114890301353e-05	2.3199256271547745e-08	0.645341115387315	337
4	108815348	111256566	0.0001031630718213	2.072176337628129e-08	0.473586209346016	751	-4.25453137687442e-05	5.09325206788431e-08	0.85047015666475	748
4	111256567	113870101	3.0831776411602304e-05	2.003118555492084e-08	0.8275508099647416	717	4.992233464118931e-05	4.760217584958353e-08	0.8190139388826461	717
4	113870102	115666245	8.784978914925433e-06	1.6713272553677664e-08	0.9458228813023084	560	-5.9303847371624127e-05	4.170318339831461e-08	0.7715093980091814	557
4	115666246	117276928	4.2662559729448106e-05	8.528690104144511e-09	0.6441089608076245	339	-2.4400036840393763e-05	2.003773049283711e-08	0.8631452407552163	337
4	117276929	118479917	8.903727190117525e-05	1.1559533842602221e-08	0.4075934620917537	389	7.05643446932346e-05	2.99615105204193e-08	0.6835196133521138	388
4	118479918	119933511	0.0003495562774265	1.3794002732730093e-08	0.0029178029788958	469	0.000362346572517	2.9979806562077616e-08	0.0363747509598107	469
4	119933512	120392683	1.825662194311015e-05	4.28171659486961e-09	0.7802412454870273	165	3.169403989055593e-05	9.193589794500529e-09	0.7409856394849654	165
4	120392684	122657986	6.728759019491565e-05	2.2594284452387898e-08	0.6544079769877027	791	0.0002163376332158	5.6457197760657617e-08	0.3625672091242025	787
4	122657987	124286480	1.6485801183421475e-05	1.0097593638587817e-08	0.8696843844299964	402	5.2077146527067074e-05	2.1501354927939687e-08	0.7224757214976606	399
4	124286481	125210861	5.4180698075539605e-06	8.832369282483275e-09	0.9540267157859929	279	5.58395556448452e-05	2.3760082006205213e-08	0.7171592402436824	278
4	125210862	126480885	-1.2364067271905723e-05	1.3952828156341128e-08	0.9166361353119004	412	0.0001355036712657	3.9917330658413995e-08	0.4976324870643653	408
4	126480886	127275476	-1.0710408705070004e-05	6.965818439380173e-09	0.8978897482945296	230	4.870158354627206e-05	1.7428447881642114e-08	0.7121990523190977	229
4	127275477	127830292	-1.660823868269087e-05	5.571144861431677e-09	0.8239161643747195	185	-1.970899776874033e-07	1.3904851224059857e-08	0.9986664133896508	185
4	127830293	128996664	1.0285638819798836e-05	5.419854448603671e-09	0.8888865919568313	230	-4.006777915074517e-05	1.0783674806559626e-08	0.6996121217878348	229
4	128996665	130591884	3.792519852455257e-05	1.3416667197604571e-08	0.7433500505166499	478	7.903779653351324e-05	3.0433629606408487e-08	0.6505038636697648	478
4	130591885	131283820	0.000100394204496	4.882290014526874e-09	0.1507743257222504	176	6.971680990177793e-05	1.2886363517320172e-08	0.5391182088811264	176
4	131283821	132954032	2.508333107111896e-05	1.1233999977935108e-08	0.8129234687526193	382	8.55162869067091e-05	2.954354999230064e-08	0.6188167879851741	382
4	132954033	134628433	4.4785847661742975e-05	9.631661618900693e-09	0.6481442560513784	377	-0.0001492407131159	2.2058293781558024e-08	0.3149689493600009	376
4	134628434	136566406	6.55791457700833e-06	1.2595452165657997e-08	0.9534036555350308	463	-0.0001397726233876	2.9116340325402454e-08	0.4127112885164712	461
4	136566407	138541970	7.394500388834479e-06	1.7855281909910923e-08	0.9558689837206902	516	4.552735313533284e-05	4.7990195899318545e-08	0.8353662275679121	516
4	138541971	139556510	-7.941932322544483e-05	1.1342487326946646e-08	0.4558404762448831	365	0.0001641880486461	2.9900331418843664e-08	0.3423568456982707	365
4	139556511	141084630	0.0001253983680265	1.6993641914861613e-08	0.3360789998405176	453	0.0001021330498098	4.088453319160763e-08	0.6134809145995351	450
4	141084631	143443264	8.276887590496036e-05	2.0187659871274463e-08	0.5602045275598591	683	0.0001919739653976	5.149421918041332e-08	0.3975606401372474	682
4	143443265	146178186	4.494684181238742e-05	1.531865367721248e-08	0.7164910656067451	570	0.0003250905223016	2.5590186944799114e-08	0.0421328769170085	567
4	146178187	148521872	-0.0001155077049153	1.98827015207466e-08	0.4126902686258061	613	-7.758106228582209e-05	4.5031987407802935e-08	0.7146704998311624	611
4	148521873	150683579	-7.541944962818838e-05	1.4471887375377253e-08	0.5307034940557427	498	-2.678703593172684e-05	3.6208775152857446e-08	0.888049689038981	494
4	150683580	152782183	3.037264492754035e-05	1.3958392956250554e-08	0.7971185648337397	566	9.345020217484445e-05	2.8934734310740173e-08	0.5827467353744289	565
4	152782184	154477640	-0.0001245375117619	1.5464167735753937e-08	0.3166007908278181	468	4.545664104857184e-05	4.05216301973055e-08	0.8213448653770716	466
4	154477641	155056125	0.0001054576444378	6.21525572812695e-09	0.1810044584968421	205	-0.0002391102854589	2.65368946810498e-08	0.142152749955421	204
4	155056126	157485096	-9.28081736100552e-05	3.333013515877959e-08	0.6112039214449523	842	-0.0001627470586875	8.658851118864237e-08	0.5802129405271166	836
4	157485097	158743717	-3.261770108154369e-05	8.779029620528125e-09	0.7277493927901703	322	-0.0002123256805064	2.0819044850758493e-08	0.1411450901809505	321
4	158743718	161058863	-2.9068720114886622e-05	1.3767315662891101e-08	0.8043333112143073	538	0.0001270387840862	3.28113000428581e-08	0.48309488653444	536
4	161058864	161826434	-3.072336545809205e-05	9.530846415921238e-09	0.7529859731583897	293	-4.823705155621205e-05	2.6414352385271223e-08	0.7666208366479366	293
4	161826435	163243678	-8.647960319758965e-05	1.5210000647231228e-08	0.4831709917815187	481	0.000299056813471	4.1204765242283926e-08	0.140680410030308	479
4	163243679	164478233	9.890025947875172e-05	9.465794369145054e-09	0.3093785194598321	334	8.913788303596558e-05	2.424629865357746e-08	0.5670153373227735	334
4	164478234	165823447	0.0001651534206465	1.4182973974013501e-08	0.1655124120323179	452	0.0001443250339504	4.2069996519939076e-08	0.4816520386912466	450
4	165823448	167018857	0.0001565707330927	1.1764047827604972e-08	0.1488652583841022	347	0.0002971007863756	3.295815658472205e-08	0.1017299935959587	346
4	167018858	167852916	4.023109286088131e-05	5.838370146840965e-09	0.598525995610447	181	0.0001779726191189	1.5826089085448827e-08	0.157154529791174	181
4	167852917	169676824	-0.0001692890108962	1.7217307708889583e-08	0.1969924567687695	572	-9.55135978723091e-05	4.57306647002904e-08	0.6551321631571012	572
4	169676825	170776509	0.0004392357917188	1.5897443229295884e-08	0.0004946323054962	328	0.0004063768444857	3.1399326393338616e-08	0.0218283341298572	324
4	170776510	172558634	8.828026729734961e-06	1.3167628889733775e-08	0.9386772422017382	471	0.0001321423275888	3.2303459375518656e-08	0.4622053936363292	471
4	172558635	174264131	-0.0001199418320389	1.0318768625427316e-08	0.2377033631037981	372	-0.0002427368054965	2.5254489690369333e-08	0.1266497363079975	372
4	174264132	176570715	-8.089299823038546e-06	2.1267789435497792e-08	0.9557648853365556	573	0.0001542726312784	6.254338188250634e-08	0.537316206642027	569
4	176570716	178991909	0.0002728412847848	3.5411820155275025e-08	0.147088352371959	798	-5.365623220509525e-05	7.487497796902489e-08	0.8445410051091832	795
4	178991910	180122042	-1.8011577753783713e-05	9.41207750190964e-09	0.8527145283216464	295	7.234700247677e-05	2.5854645060524996e-08	0.6527562085875576	294
4	180122043	182066806	4.664386612723864e-05	2.9288933980501143e-08	0.7852008055886032	772	0.0001193800209721	8.459273385619753e-08	0.6814725053761894	763
4	182066807	183371274	0.0001014667425226	3.1945767414959134e-08	0.5702403240246403	655	5.833031460862262e-05	7.943573466737195e-08	0.836041118028263	651
4	183371275	184929454	0.0001890660716534	2.51568930309128e-08	0.2332517276481519	487	-0.0001297351517962	6.477742774695129e-08	0.6102360102590382	484
4	184929455	186909089	-0.0001180103919301	2.789647488409485e-08	0.4798434515403337	774	-9.683557867814696e-05	7.48061399357614e-08	0.7233003549067536	769
4	186909090	188472980	3.2814872880341224e-05	2.2180969979672704e-08	0.8256114612021116	606	0.0001473875583939	6.331228470956863e-08	0.5580394181752151	604
4	188472981	189693510	6.119915743721647e-07	1.7268200274949674e-08	0.996284130989412	431	-5.788020903865332e-05	5.0514939687882845e-08	0.796773163689962	426
4	189693511	191043593	-9.729692516562685e-06	1.085650564540824e-08	0.9256016420834156	319	4.8864104000655085e-05	2.9714199140533206e-08	0.7768161646203607	316
5	11940	982251	2.514353436609024e-05	6.570465597561846e-09	0.7564162249104779	208	-8.173049790759788e-06	1.6652299119048888e-08	0.9494993662147132	208
5	982252	2132441	-5.750616589688893e-05	2.0665775633443666e-08	0.6891371372922326	454	-0.0002105782787022	6.310761917187649e-08	0.4018912741353009	453
5	2132442	3361940	1.594959670475866e-06	2.8466725314397922e-08	0.9924575134582032	744	-5.254216538648929e-05	8.183098786129226e-08	0.8542687469613449	744
5	3361941	4632109	1.9960130583612596e-05	1.5848953145554076e-08	0.8740243332252924	415	4.666120966651211e-05	3.7964538477529417e-08	0.8107343941973566	415
5	4632110	5973232	0.0001179559658159	2.0485909606888115e-08	0.4098694031018159	533	0.0002758157138507	5.7012822768201125e-08	0.2480351579628574	530
5	5973233	7143217	0.000121842436832	2.07032931709494e-08	0.3971087704092921	526	0.0001008293662584	5.344400455751435e-08	0.6627266893868755	523
5	7143218	8446335	-4.115079546662926e-05	1.8632286467668932e-08	0.7630555633975286	563	-0.0001119439350918	4.980168185927711e-08	0.615931824634014	558
5	8446336	9718831	7.726662467876212e-05	1.8711681010393352e-08	0.5721736669266706	551	0.0001453431174127	5.046557979903559e-08	0.5176391201535662	548
5	9718832	11173270	9.341271785008763e-05	2.2767279802116148e-08	0.5358602196525735	644	-5.59927035691848e-05	6.006080559995515e-08	0.8192781445178715	643
5	11173271	13464831	2.8899628225873292e-05	1.736149589664973e-08	0.8263927399388619	554	-7.015551046639692e-05	4.1942148666393225e-08	0.731929616398143	551
5	13464832	14757803	9.978431105318876e-05	1.7323715692246268e-08	0.4483751921940999	545	-9.0773456238286e-05	4.3116514699296894e-08	0.661997775896346	544
5	14757804	16963612	-0.000135960091957	2.1751612820008464e-08	0.356600779333257	669	-0.0003072370960988	5.277832295871852e-08	0.1811076370910502	665
5	16963613	18051591	2.546643050619929e-05	9.14520000511091e-09	0.7900080285639313	232	1.9134807553271185e-05	3.085145882087632e-08	0.9132503037559742	229
5	18051592	19917715	-3.169408045828534e-05	1.7270831116198622e-08	0.8094241127058346	557	3.455387597377802e-05	4.2184594345689736e-08	0.8663973471359663	557
5	19917716	22152072	-7.915119641497176e-05	1.38377115569191e-08	0.5010357351714425	447	-6.355390233014937e-05	3.3780859644088996e-08	0.7295038657325014	446
5	22152073	23494323	0.00023013555337	1.3570510820482229e-08	0.0482070071522722	382	-1.127673906432524e-05	2.4772749299093735e-08	0.942883043385113	382
5	23494324	26184850	3.836760417417436e-06	2.4282461389873857e-08	0.9803566972375004	726	9.185455585920464e-05	6.549500894668998e-08	0.7196555929544339	721
5	26184851	26857603	-2.8502857834406408e-06	4.962378159256438e-09	0.967725089080623	152	3.40520572104761e-07	1.3385565210235166e-08	0.9976516413117934	152
5	26857604	27984512	-5.6087079328037744e-05	6.507096510564959e-09	0.4868703519060878	201	0.0001544274821762	1.6651286959873743e-08	0.2314069646375351	198
5	27984513	29714819	5.4533354504264344e-05	1.3010925646200553e-08	0.6325873590266691	419	-3.401334811797295e-05	3.1940195881710495e-08	0.8490596983862468	415
5	29714820	31390248	-1.0458821339142078e-05	1.8633708816809428e-08	0.9389271190023304	567	-0.0002055623426383	4.83086976842936e-08	0.3496559517565593	564
5	31390249	33500179	-0.0002059977965557	2.7116104309325503e-08	0.2109432871313928	731	-0.0005644200612265	7.486697938566156e-08	0.0391315603887996	730
5	33500180	35048969	-1.3462037485156352e-05	1.8887505136035507e-08	0.9219685834621572	525	6.225669278039251e-05	5.1804712740779064e-08	0.7844475551037525	524
5	35048970	36433953	0.0001336578421371	1.633530938404748e-08	0.2956732577431924	504	-2.969759925942927e-05	4.1933971674411594e-08	0.8846923277317648	503
5	36433954	38802409	0.0003490195101845	3.1578309435530355e-08	0.0495228637681453	712	9.047653065712728e-05	6.5536930188193e-08	0.7237725150030364	708
5	38802410	40287728	6.97621808290299e-05	1.7808630288207042e-08	0.6011392342466559	580	-4.659146728698232e-05	4.35909482141601e-08	0.823414230735916	579
5	40287729	41888709	-0.0001077641436502	1.7278151818139452e-08	0.4123110535538472	593	-0.0002382052394431	3.9432318427486154e-08	0.2303068582526006	589
5	41888710	43983498	2.2146280757042236e-05	1.146614750510676e-08	0.8361506200744013	437	-7.318245209642099e-05	2.359117843491693e-08	0.6337422492017448	437
5	43983499	50163397	-0.0004617276093985	1.9480247777724793e-08	0.0009390577549662	389	-0.0003393882925696	2.043465636069518e-08	0.0175880924847205	387
5	50163398	52134621	3.717367809295522e-05	1.740555076839637e-08	0.7781214197287314	557	0.0001606555989522	4.3826665916573315e-08	0.4428386304269563	555
5	52134622	53703043	-3.138466051085016e-05	2.0478429538945314e-08	0.8264043731721422	622	-0.0003070330560141	5.45082971065631e-08	0.1884813332306173	618
5	53703044	55417348	1.1732536427485745e-05	1.8157446791112972e-08	0.9306165124711848	585	-1.1656663207617916e-05	6.146876248368304e-08	0.9625003601917788	580
5	55417349	56621101	0.0001415538758673	1.4902947321186874e-08	0.246236199155863	428	-0.0001534117351735	3.645880656446256e-08	0.421716285712545	428
5	56621102	57340072	7.131311515185708e-05	8.563847297643525e-09	0.440937805711218	268	0.0001694996009752	2.0882838195233905e-08	0.2408219022197822	267
5	57340073	58524621	0.0004909674497133	4.171736561185404e-08	0.0162266470435718	582	0.0001906180927768	4.8562187872839055e-08	0.3870400021684574	578
5	58524622	60935906	-2.429861597888594e-05	3.231938016129801e-08	0.8924849187722171	704	-0.0001213524486859	4.8821028003761336e-08	0.5828555738235566	700
5	60935907	61672994	-8.766557932322305e-06	8.279204554597305e-09	0.9232455823606688	272	-4.065159332355004e-05	2.0757484324654693e-08	0.7778234351988882	272
5	61672995	63218986	-4.702484688921195e-05	1.5135121611514035e-08	0.7022844641381802	516	5.2578321010774186e-05	3.3802171304215065e-08	0.7748940689348136	513
5	63218987	63968303	-7.8726684572325e-07	5.973704401196728e-09	0.9918729552756804	191	1.985900671425232e-05	1.1468279311660704e-08	0.8528822715496742	191
5	63968304	65911285	0.0002203554884143	1.8000926321394363e-08	0.1005090863695043	579	0.0001669817825132	4.276937756983123e-08	0.4194212019350357	577
5	65911286	67850859	0.0001181860655894	2.253763749378451e-08	0.4311361574350525	661	0.0001500533460104	6.01651935592026e-08	0.5407040636186164	657
5	67850860	71240455	3.106622300023688e-05	1.3664449861725938e-08	0.7904227480651699	445	5.978162776713834e-05	3.197519017525095e-08	0.7381387912981543	441
5	71240456	73759325	3.3451016815655e-05	3.0976064881590806e-08	0.849260236182789	956	-0.0001455604120944	7.510657543425855e-08	0.595325761184962	954
5	73759326	75798865	0.0002984753122922	2.130500186621033e-08	0.0408667831618595	663	0.0002216884379435	5.169644375300892e-08	0.3295512471603109	658
5	75798866	77623331	-0.000133708732676	2.4006218254027507e-08	0.3881515589949694	693	-0.0001240528259841	5.977197371761417e-08	0.6118681199382415	691
5	77623332	79393143	0.0001943757959287	2.05339956137852e-08	0.1749543827978068	618	7.287827331138161e-05	5.1183613858752054e-08	0.7473534091163148	615
5	79393144	80481470	-4.326409354578987e-07	1.7219818713874666e-08	0.9973694134446154	472	0.00015422226265	4.4654393954698e-08	0.465501029134186	471
5	80481471	82025647	0.000178509295272	1.6496933628879877e-08	0.1645828970311063	485	0.000126397258244	4.1079934807226746e-08	0.532874582861774	483
5	82025648	83972688	-3.16234792393196e-05	1.825370107384455e-08	0.8149354776076344	473	0.0002071647407814	5.001245090294268e-08	0.354262273232702	473
5	83972689	85767289	-8.599185599348237e-07	1.6669332771047635e-08	0.9946858346309002	542	0.0002728508593072	4.01094593781904e-08	0.1730743684453257	538
5	85767290	87389990	0.0001057198165145	1.087668317151748e-08	0.3107273555229454	275	5.203919955353838e-05	2.1273873311430855e-08	0.7212523137650206	274
5	87389991	88891529	4.03082292662027e-05	2.6778319205375283e-08	0.8054334810704677	313	-4.720717029038347e-05	2.0057306009612167e-08	0.7388867800440877	312
5	88891530	90422653	-4.665518778793326e-05	1.6085384706216137e-08	0.7129765857461277	403	-2.744900735456557e-05	3.2591728623185e-08	0.879151221656705	402
5	90422654	91840541	2.271235975103584e-05	8.235908547108848e-09	0.8023795766165159	253	-6.077902032959704e-05	2.139491831421276e-08	0.6777567626738965	253
5	91840542	93809983	5.497671877619156e-06	1.3718833510212705e-08	0.9625630171896118	374	-0.0001502960509322	3.3709767056509476e-08	0.4130168685358624	374
5	93809984	95963518	-5.5740807760194295e-05	2.176338426306116e-08	0.7055480929102996	666	1.393703129729664e-05	5.426014030510506e-08	0.9522898450182072	662
5	95963519	97315600	7.417185862306068e-05	1.259351823303246e-08	0.5086472905022393	404	0.0001241512681496	3.01846056553346e-08	0.4748609281779696	402
5	97315601	99260991	0.0001033434817615	1.603830572579792e-08	0.4144854275950408	534	-0.0001849759339114	6.043329030763223e-08	0.451781047969238	534
5	99260992	101578768	1.2888415447999805e-05	1.6485097390620317e-08	0.9200414404506688	572	-0.0001259186414548	3.8329794258996775e-08	0.5201176345158289	568
5	101578769	103320004	9.592197087041914e-05	1.4756801613036514e-08	0.4297456520511994	490	8.165572192014801e-05	3.021783136936213e-08	0.6385427702492019	485
5	103320005	104851482	-0.0003216095538307	2.3849961590431323e-08	0.0372967837320081	438	0.0001234453773698	3.2056565549447685e-08	0.4905265851649601	435
5	104851483	105893054	9.847403393685618e-06	6.678992562940842e-09	0.9040916505218703	208	-3.0442337989345297e-05	1.688323348549306e-08	0.8147613405365264	208
5	105893055	107264195	0.0001370821351807	4.538609973630086e-08	0.5199277048992821	518	0.00040277110468	5.3260968310112175e-08	0.0809440667914339	517
5	107264196	108633933	-8.920952839190629e-05	1.4464778476688096e-08	0.4582411018094589	439	3.710005717707299e-05	3.758046005482853e-08	0.8482289298550721	439
5	108633934	110821143	-0.0001478182635917	1.9112702657888443e-08	0.2849705809853378	618	0.0002211516503288	4.6698864480445243e-08	0.3061281015216616	618
5	110821144	111981561	9.543586729438912e-06	1.4577644809461104e-08	0.9369977655757028	424	-0.0002034417832699	3.861302228691743e-08	0.3005209923407256	422
5	111981562	113396284	0.0001601606436743	1.7540326853128072e-08	0.2265444971498186	550	0.0002826093242531	4.1080824611874974e-08	0.1632166783497686	547
5	113396285	114830369	5.16709260689276e-05	1.772316906013476e-08	0.6979209279309764	541	2.5762624655237395e-05	4.5524376806163924e-08	0.903893247065837	540
5	114830370	115831046	0.0002980574921434	1.4146404643144485e-08	0.0122113714243011	437	-0.0001100055447647	3.3288411087251754e-08	0.5465541958993848	435
5	115831047	117346212	-1.9802287674712666e-05	1.8337957008943872e-08	0.8837389170931259	536	-0.00016685796814	4.726625252149366e-08	0.4427916651505549	533
5	117346213	118608819	-4.581154761884902e-05	1.3110979662649398e-08	0.6890904362736368	400	6.943829436849412e-05	3.3119964821607384e-08	0.7027934480147371	399
5	118608820	119669041	0.0001794652229453	1.171749657323928e-08	0.0973341429432305	358	9.254544829319124e-05	3.5365253991211094e-08	0.6226379928618988	358
5	119669042	120452165	-0.0001047402926285	8.472553063670023e-09	0.2551594655967315	257	-0.0003151598348237	2.228099877348571e-08	0.034740859642335	254
5	120452166	122556904	-7.718273359544312e-05	2.0786011611657223e-08	0.5924106137292791	640	-0.0001818661074843	5.04756536007302e-08	0.4182340942902497	639
5	122556905	123798099	1.365663422231853e-05	1.4799348771844722e-08	0.9106178024210058	443	-0.0003669273244174	3.8596277456217646e-08	0.0618037634427833	441
5	123798100	125785648	0.0002567115727712	4.2736530613808894e-08	0.21431652483204	802	9.292035182959124e-05	8.301711150307973e-08	0.7470754466817181	799
5	125785649	127344603	0.0001020466329384	1.345396252731784e-08	0.3789790634622874	436	9.070085486865804e-05	3.1772661655324044e-08	0.6108616381070336	434
5	127344604	129519024	7.49118755009204e-05	2.1656355677907298e-08	0.6107191980223893	719	3.6651998036442246e-05	4.948344891496394e-08	0.8691281438127989	715
5	129519025	132139648	1.4162031301875386e-05	1.727810575362282e-08	0.9142018374482608	619	-0.0001431419372738	3.499180788522473e-08	0.4441432926450065	618
5	132139649	134777400	-0.0001259991954181	3.0930722909974e-08	0.4737269216764599	842	0.0001369911969499	8.46672073854648e-08	0.6377846574340713	835
5	134777401	136376049	0.0001255270671833	1.7022721104077718e-08	0.3359963970880997	586	1.4922826608930864e-05	3.966653530517648e-08	0.9402727097015164	583
5	136376050	139265071	-0.0002290499911017	2.2702688779050233e-08	0.1284687179931904	744	-3.4372373515105674e-05	4.6811183059217175e-08	0.8737733668382361	742
5	139265072	140645970	-6.157671987293602e-05	1.1016841903829796e-08	0.5574307031793562	418	-0.0001083315182856	2.202873804134565e-08	0.4654547468354101	416
5	140645971	142981247	-6.442032952837824e-05	2.9916638898452333e-08	0.7095587495568889	837	0.0002725828587474	1.048771411092383e-07	0.3999550359768705	832
5	142981248	144943353	0.0001186016597567	1.929714443123963e-08	0.3932287872632513	661	0.0001038192867223	4.5217127690975344e-08	0.6253852705623881	658
5	144943354	147181997	6.815107394300542e-05	1.9592304353984636e-08	0.6263370091285703	598	1.78272892397262e-05	4.9267404366947415e-08	0.935985433291506	595
5	147181998	148662623	-0.0001252445630373	1.5402490858113394e-08	0.3128941472672615	512	-0.0001034803200792	3.4731673405719916e-08	0.578718128208753	512
5	148662624	150561297	-0.0001165714403056	2.7653144297166533e-08	0.4833011168465571	778	-0.0001591770543919	7.1552761096637e-08	0.5517974053954232	774
5	150561298	152867773	-0.0005617994300314	4.263065036856042e-08	0.0065094910213746	882	-0.0001130382793612	6.35567364346005e-08	0.6538800823970744	881
5	152867774	153773087	0.0001034095869262	1.3580611538511473e-08	0.3748836909148877	414	0.0001632058942053	2.9024136339099588e-08	0.3380731281858359	413
5	153773088	155373504	6.227137154202501e-05	1.7886864273195442e-08	0.6414954311011806	540	0.0002816937643719	4.7726887851771476e-08	0.1972507985571231	540
5	155373505	156628699	0.0001467215319886	1.273269793481268e-08	0.1935083516205247	398	0.0001453311190158	3.5900825519149874e-08	0.4430699271650185	395
5	156628700	158825697	-0.0001326684453914	2.8389435880198453e-08	0.4310542738363068	902	-9.233248038980016e-05	7.095854957814505e-08	0.7288777062953216	901
5	158825698	159973943	0.0002717353837355	1.4406255994763448e-08	0.0235759722635753	372	4.669037943504834e-05	4.068066161962807e-08	0.8169336711336646	370
5	159973944	161482132	-6.863813667926674e-06	1.6898561124989648e-08	0.9578906125553104	545	8.249650681262123e-05	4.276054838613335e-08	0.6899331214957223	542
5	161482133	162743907	0.0001789538441404	1.4471740113419102e-08	0.136861398399233	331	-0.000285670572641	3.2168928063113985e-08	0.111216617736897	330
5	162743908	163771581	-5.031880203327697e-05	1.2877805318980364e-08	0.6574663376982999	386	7.709178396705917e-05	3.3980384617188685e-08	0.6757939107127611	384
5	163771582	165642394	-4.079109652527326e-05	1.8164846187111753e-08	0.7621519109100688	521	0.0001681859771284	4.808847029184877e-08	0.4431088816993574	518
5	165642395	166847739	0.000331363732013	1.3455807052455612e-08	0.0042819918943097	355	4.8155140853199346e-05	3.8056276787090664e-08	0.8050259067547789	352
5	166847740	168525317	-4.49234998673883e-05	2.6940448911200162e-08	0.7843169349261471	699	3.688421121163106e-05	7.625773817210449e-08	0.8937451340096974	696
5	168525318	169505663	0.0001110478782661	1.66021885116851e-08	0.3887745347396252	465	-9.1394045906643e-05	4.549884800890567e-08	0.6683109213764229	464
5	169505664	171074291	0.0001898720896598	2.1402932390594e-08	0.1943388957580574	590	-3.952822784925981e-05	5.339034781481913e-08	0.8641680699450728	589
5	171074292	172678326	0.0005041083366388	2.3049326205442383e-08	0.0008987782855794	595	0.0001658841951896	6.168387108760136e-08	0.5041898127488328	596
5	172678327	173642870	0.000158065730025	1.5609168759492127e-08	0.2058114923194937	409	0.0003140928392601	4.373463652199328e-08	0.1331191337331768	407
5	173642871	175450594	-1.0337874484341808e-05	2.9140782974739733e-08	0.9517102100894916	688	0.0003219963764947	8.760967429115034e-08	0.2766547676213319	682
5	175450595	177251506	-2.9817454092590152e-05	1.1940943405039562e-08	0.7849553466032312	373	5.113116107704793e-05	3.0483928368606326e-08	0.7696342516102099	373
5	177251507	178413463	-1.0007530953755208e-05	1.6680867510650015e-08	0.938237725333754	409	6.302551925157349e-05	4.971732805213273e-08	0.7774383859503833	405
5	178413464	179401243	0.0002851508039206	1.5570235870881542e-08	0.0223002430781	321	0.0001444554521631	3.1014161568483003e-08	0.4120653400940158	321
5	179401244	180559932	0.0001538997834357	1.2704737293520351e-08	0.1721320396678336	329	-0.000140140334406	3.5176593084471304e-08	0.4549434683947104	327
6	73924	1452361	-0.000103179816456	1.9785007103487257e-08	0.4632262110955123	518	-4.272249234604537e-05	5.9355394765382794e-08	0.8607980553727006	509
6	1452362	2458935	4.953866942499823e-05	1.1704701154719096e-08	0.6470291886867408	358	0.0001816963323698	3.344329271088307e-08	0.3204398592703935	356
6	2458936	3573592	-4.220279779614599e-06	1.7341981706149363e-08	0.974434304688468	526	0.0002727822133263	4.954053970113542e-08	0.2203631250051253	525
6	3573593	4617816	-1.5121614836154028e-05	1.4190985107214914e-08	0.8989894127907724	459	9.83358486118252e-06	3.927182935068708e-08	0.960423884313815	455
6	4617817	5791471	2.9932149973598425e-05	1.6308695598855873e-08	0.8146867374727741	519	0.000291382470437	4.6165515237462344e-08	0.1750545766475593	519
6	5791472	6785206	-2.1070764276127245e-05	1.7841475731237826e-08	0.8746550777702035	510	2.3131177714887524e-05	5.2183692983006816e-08	0.91934547177945	508
6	6785207	7808935	1.716188543954763e-05	1.5918250751180122e-08	0.8918018658274818	480	-0.0001415293399147	4.508983619149281e-08	0.5050847007572886	478
6	7808936	9020025	6.511761530517666e-05	1.4058213969114374e-08	0.5828657013159302	496	-4.815506605150196e-06	3.5441182620961036e-08	0.9795929332917398	493
6	9020026	10540316	-1.2283199748793726e-05	1.891212672993541e-08	0.9288288068819116	577	2.447162898864084e-05	5.41465647530604e-08	0.9162436914818772	573
6	10540317	11790815	-0.0001810527028034	1.4532829824266386e-08	0.1331328509634729	483	3.228721088801482e-05	3.902081964970301e-08	0.8701649048127968	482
6	11790816	13209387	3.3027911368657896e-05	1.6378073830697976e-08	0.7963472999308769	537	-0.0001526964896788	4.4711351020657054e-08	0.4702096802377077	535
6	13209388	14802923	2.202484857277204e-05	2.165580740842707e-08	0.8810274300405112	634	-0.0001581847766405	5.9314250988546144e-08	0.5160094436090965	631
6	14802924	17386404	1.9489999038051192e-05	3.3880512314036215e-08	0.9156731326362536	954	0.0002787704563417	8.764962488835307e-08	0.3463916229394265	949
6	17386405	19207486	-7.658240004418757e-07	1.8713540962639392e-08	0.9955332794811358	693	8.810142327489276e-05	4.8860808541424474e-08	0.6902114276090666	690
6	19207487	21684064	8.07338299261888e-05	3.693162480431411e-08	0.6744098118791195	944	-0.0001908149861681	9.100974118055053e-08	0.5270525873536142	941
6	21684065	22748306	-6.172124281287946e-05	1.675305259895588e-08	0.6334643255637726	469	2.214206264978715e-05	5.0747894988431735e-08	0.9217020681900574	469
6	22748307	23936618	7.06328638051314e-05	1.6584302344585892e-08	0.5833645987551881	474	0.0003759692761139	6.445740495335164e-08	0.1386421160012226	469
6	23936619	24852274	-3.709280460930615e-05	1.7674305588706296e-08	0.780237780151683	413	0.0002201155647173	4.00447638650489e-08	0.2713484552531922	408
6	33236497	35455755	-3.78476221748912e-06	1.0695761586624463e-08	0.9708071918045172	415	2.7467490403352644e-05	2.2623934243443162e-08	0.8551006191486713	413
6	35455756	37572595	9.970381597452644e-05	2.4535313288725568e-08	0.5244338036941899	802	-0.0001347964288901	6.445823424800943e-08	0.5954656621434149	799
6	37572596	39295676	8.328354324119296e-05	2.3337807361455235e-08	0.5856390031193359	764	-7.094653489939151e-05	6.457061169729869e-08	0.7800921701426922	762
6	39295677	40345114	0.0001347412615925	1.1237435782951217e-08	0.2037063190957893	408	0.0001821556498817	2.8578741136237733e-08	0.2812527189111922	406
6	40345115	42038720	-7.521103064251917e-05	2.095134968313897e-08	0.603337064313711	681	-8.469917770740472e-05	5.178153901408193e-08	0.7097341531201142	679
6	42038721	43756168	-0.0001629444074951	1.89977695641398e-08	0.2371293798878107	447	1.622635265855577e-05	3.5515359715145883e-08	0.9313854027568071	444
6	43756169	45406562	-3.880573093598104e-06	1.6798292053855397e-08	0.976114272003038	524	7.806876437518012e-05	4.1590242316615994e-08	0.7018617534558775	522
6	45406563	47311897	-0.0002733643028376	2.1001982084481596e-08	0.0592540156332303	721	-0.0001122437348006	6.694581330201111e-08	0.6644258106490772	720
6	47311898	48391124	5.715411566904356e-06	8.965507202604592e-09	0.9518677152971844	354	-7.935783304072017e-06	2.0150804669458012e-08	0.9554182103951112	351
6	48391125	50386144	-0.0001385066205177	1.4000516011730502e-08	0.2417704457180036	565	-6.362476793789826e-05	3.3655907962982236e-08	0.728731697611219	553
6	50386145	52210475	-0.0001372361697404	1.7270328762617568e-08	0.2963543892434418	639	3.756592230575536e-05	4.2882212457838455e-08	0.8560476584483664	637
6	52210476	53279101	0.000108510970918	1.4205831655718121e-08	0.3626026811044104	421	5.244972992906665e-05	3.456248603057449e-08	0.777848063947242	416
6	53279102	55468269	9.976861761399356e-05	2.5677344891897926e-08	0.5335381943258795	949	-4.398544486163798e-05	6.57450892189579e-08	0.8637954782128306	944
6	55468270	56105312	3.356679527705074e-05	5.0845979627767415e-09	0.6378260543351045	208	2.4504445915975143e-05	1.2504804743524602e-08	0.826546977678546	208
6	56105313	57599464	-8.00620216524973e-05	9.134768457704225e-09	0.4022108456239467	363	-2.085188242816847e-06	2.060107524651182e-08	0.9884088878418896	361
6	61880512	63552887	1.6611852248231863e-05	6.096172395921157e-09	0.8315143718707912	263	-4.868766900699987e-05	1.3434910433120431e-08	0.6744484997912423	262
6	63552888	65765741	-0.0001488162523187	1.0637014161596452e-08	0.1490446544431264	462	-6.571689027058093e-05	2.0293004576688317e-08	0.6445678612076815	461
6	65765742	67329214	0.0002129769281916	1.548315816917814e-08	0.0869700406954943	548	0.0003796887545163	3.8483896277674826e-08	0.0529316780251741	546
6	67329215	68849482	7.254978740166365e-06	1.4416335060814389e-08	0.951818028701652	507	4.0869155401732035e-05	3.7946666744064825e-08	0.8338225053151005	504
6	68849483	69523447	-8.08725351584203e-05	6.237712950493801e-09	0.3058481845898831	221	-6.449023547671228e-05	1.6459660049371582e-08	0.6151958450682048	221
6	69523448	71609509	-0.0001040528515177	3.7031208054281335e-08	0.5887026399477512	735	-0.0001731336067841	4.569711352465077e-08	0.4179916564516877	732
6	71609510	73450096	0.0001649027975165	3.0012010259469546e-08	0.3411597576701268	664	0.0002130590781728	5.443178544322802e-08	0.361128683340492	660
6	73450097	75462002	-4.6565052738547855e-05	1.6474928257164858e-08	0.716766115037328	612	-0.000286817982591	4.8870321108527823e-08	0.1944834353796897	606
6	75462003	77414880	-5.008701906829394e-06	1.3564376779310121e-08	0.9656970499500168	499	5.807185689250661e-05	3.182268875552926e-08	0.744776430902155	498
6	77414881	78957727	0.000135011385127	1.5246459027907506e-08	0.2742106694027942	548	-0.0001627732440818	3.5638702803410145e-08	0.3885621157376037	545
6	78957728	80691169	-1.6322362320920212e-05	2.1060210011107003e-08	0.9104476815177196	635	-2.9779022349705993e-05	4.4898453263075415e-08	0.8882346809848045	634
6	80691170	81929221	-1.9619757257663144e-05	1.0044625672947857e-08	0.8447970334434356	424	-2.3555090053431425e-06	2.3380636951622295e-08	0.9877092188818486	420
6	81929222	83127148	0.0001065167998773	9.826869902670907e-09	0.2825941149348119	370	7.169649070630849e-05	2.4947383049422312e-08	0.6498818317823105	369
6	83127149	85209988	7.59011824482073e-05	3.385964174180552e-08	0.6799845280676701	569	0.0002330353101851	4.990255861486264e-08	0.2968637413701679	569
6	85209989	87069499	0.0003150034187967	1.7248518116414742e-08	0.0164624634002744	643	0.0006747670644438	3.7278356440480974e-08	0.0004743717569445	641
6	87069500	88822139	7.832556204976962e-05	1.5769707259176264e-08	0.5328095672439084	576	1.7820586671277915e-05	3.42436005433198e-08	0.9232812546239576	574
6	88822140	89973051	-5.596079637930232e-05	1.3430407078550863e-08	0.6291808801621275	421	0.0003619709152413	6.607221079547006e-08	0.1590719363479587	416
6	89973052	91843195	-3.054664126204586e-05	2.59840125447312e-08	0.8497005646914291	686	-0.0002377338336274	5.7117984761253395e-08	0.319868335365763	685
6	91843196	93428643	0.0003329510428903	3.3762660493354155e-08	0.0699837110334419	503	-0.0001188144402437	5.1521945030803665e-08	0.6006629004655473	502
6	93428644	94118141	5.383092493866855e-05	1.2293658551518097e-08	0.6273200997763211	301	-0.0001902355578523	2.6947600021860136e-08	0.2465125190261493	300
6	94441175	97093510	4.0732703805295215e-05	2.871764211025609e-08	0.8100483298442505	681	-2.577426648202781e-07	4.7875916263652456e-08	0.9990601301327552	678
6	97093511	97842283	8.271042903700208e-05	6.636681904707636e-09	0.3099735547449641	258	-3.67930763574327e-05	1.6856781462025734e-08	0.776880767877538	255
6	97842284	100630145	0.0004470815459666	2.4120605544341824e-08	0.0039934960726738	824	0.0002909618199554	6.998233273486286e-08	0.2713882811180078	817
6	100630146	102636771	0.0002747138802515	1.2689212919936638e-08	0.0147390813294944	478	-8.239599026052381e-05	3.4818508286173586e-08	0.6587993393471181	477
6	102636772	103983394	-0.0001107810341327	9.507134241774186e-09	0.255888396493842	360	-2.71457141596266e-06	2.5111188925758253e-08	0.9863325826845044	357
6	103983395	106056732	8.418008702028115e-06	1.7059085580489345e-08	0.9486109052953752	644	-1.806969026430924e-05	4.4220007320177144e-08	0.9315226150079918	639
6	106056733	107450305	-0.0001037464322677	1.9945247299097495e-08	0.4625805268808693	568	-9.066287497849376e-05	6.829739942122895e-08	0.7286525819121918	563
6	107450306	108464379	-0.0001909669591384	1.0671793337251491e-08	0.0645176958536985	302	-0.0001639928015663	3.222226960214024e-08	0.3609374266559514	302
6	108464380	110304246	4.363752910869704e-05	1.2733308538193494e-08	0.698968197512007	511	0.0001965509824193	2.708718553777191e-08	0.2323823107207032	508
6	110304247	112345013	-6.131290186797809e-06	1.6365945816878903e-08	0.9617743269698438	593	-0.000215111548111	4.0411417023603136e-08	0.2845883585943648	588
6	112345014	114220832	2.7629989925076647e-05	2.0728394727033093e-08	0.8478126051778194	644	-8.865407844741215e-05	4.6000184731124635e-08	0.6793495117143169	643
6	114220833	116131395	-2.739060478262902e-05	1.4162074185934656e-08	0.8179640083832386	528	-0.0001625752475601	3.6459438075538176e-08	0.3945299991301857	526
6	116131396	117672971	-8.650874258576773e-05	1.2887341040783736e-08	0.4460355337240452	502	-4.399492641212291e-05	3.1048470158908296e-08	0.802835387755836	499
6	117672972	118963114	0.0001982248275469	1.436090342353069e-08	0.0981030131495669	398	1.690688437473112e-05	2.7767311622981165e-08	0.9191849738459258	396
6	118963115	119963277	2.1841748121803767e-05	1.024593337192832e-08	0.8291590675437014	355	0.0001638884571886	2.7345289735361732e-08	0.3216483118685302	353
6	119963278	120512127	1.6239928468876203e-05	4.988032585581499e-09	0.8181363593810658	183	5.690311784348082e-06	1.3299244728831965e-08	0.9606462216905997	182
6	120512128	121905675	-0.0001181228246124	1.1082001170493596e-08	0.2618274314323223	409	-6.837462397811238e-05	2.8874539058880265e-08	0.6874036813281357	407
6	121905676	123856180	-5.7682202687879685e-05	1.7368503340218117e-08	0.6616153935265698	631	-9.496856816649017e-06	4.576422001111967e-08	0.964590948809742	628
6	123856181	125424382	-8.705860785707086e-05	1.6611812614751204e-08	0.4993800292608181	526	3.15046624669586e-05	4.59704893856232e-08	0.8831806524771267	522
6	125424383	127540460	-5.123220368913624e-05	1.1412711411148537e-08	0.6315358436508138	453	1.290195184825684e-05	2.6315051202438463e-08	0.9366078189509222	450
6	127540461	129861030	-0.0001548670638079	1.6895369249706367e-08	0.2334776211657296	584	-3.254742709740679e-05	5.051825104276343e-08	0.8848624777868855	584
6	129861031	130935453	0.0001301814085535	1.4182570417890212e-08	0.2743370808527111	437	0.0001418496862615	3.6772232460659035e-08	0.4594688553987199	435
6	130935454	132765668	-0.00023816664954	1.762007597644071e-08	0.072777161110838	588	-0.0001823429117336	4.8835742883401715e-08	0.4093003683283795	585
6	132765669	134244242	6.16301832515152e-05	1.6963649637836985e-08	0.6360789886427074	604	7.954731227885832e-06	4.5451616229902694e-08	0.9702360788794572	603
6	134244243	136224176	-4.319464277112874e-05	1.6430033954129414e-08	0.736128157214629	538	0.0002960490616982	4.6544997837823515e-08	0.1699915815943117	533
6	136224177	137614217	6.088043572778823e-05	7.832198380611893e-09	0.4915051796553681	284	0.0001147434857671	1.9203259084328555e-08	0.4076594524909974	283
6	137614218	138822628	2.6425386329900452e-05	1.5084780100987813e-08	0.8296463155771744	467	5.161818523296414e-05	4.330813661899783e-08	0.8041051107626986	467
6	138822629	139845435	0.0001777054531845	1.3350121785244105e-08	0.1240470511461201	366	0.0003187185326302	3.701893582313144e-08	0.0976175858195922	364
6	139845436	142288478	4.310614538738301e-05	1.620054284659646e-08	0.734859707173138	552	6.182144766864447e-05	3.5581248269167475e-08	0.743108752378633	548
6	142288479	145319809	0.0001920075445388	2.9621497752699805e-08	0.2645864825789589	1011	0.0001566126523624	7.81103806230263e-08	0.5752292097822428	1008
6	145319810	146665423	1.8265749518276893e-05	7.622093904587107e-09	0.8342775709718542	319	-4.630228910906291e-05	1.5714465260587132e-08	0.7118576356929335	315
6	146665424	148920351	3.347593676796006e-05	2.7081939700734215e-08	0.8388070597012627	857	0.0003467042342234	7.241772955006148e-08	0.1976212327318338	850
6	148920352	150253403	0.0002595926616164	1.3530978524968976e-08	0.0256375177260522	522	6.90131437589946e-05	2.9707374134486067e-08	0.6888581155899809	520
6	150253404	151912702	-9.098044356210785e-05	2.97473284821305e-08	0.5978450661367323	838	0.0001519647237832	8.769242212434925e-08	0.6078320021117752	833
6	151912703	153094495	0.0002950164537835	1.459178732525058e-08	0.0145956088294038	532	0.0002088712204602	3.6404627359195185e-08	0.2736423539785941	530
6	153094496	154974119	0.0002718824911404	2.267341459616985e-08	0.0709800434955575	711	0.0003727904169602	6.305616162694203e-08	0.1376575007477807	707
6	154974120	156763325	-3.38279439771541e-05	2.1542554391233136e-08	0.8177213765364916	659	6.241095387672314e-05	6.06079191068096e-08	0.7998736662971193	654
6	156763326	158218718	-0.0001142620714774	1.5570067686141813e-08	0.359820250949207	395	3.950368196715606e-06	4.3579486420843144e-08	0.984902304397586	393
6	158218719	160580496	-0.0001111694206842	2.6503605137042615e-08	0.4946941268194692	1030	0.0001184911696853	6.334836615991321e-08	0.6377976369675797	1023
6	160580497	162169563	-8.232222009446976e-05	2.1990990649964672e-08	0.5788057623056283	757	-3.953225990463342e-05	5.522117319453135e-08	0.8664037477696814	756
6	162169564	162931202	-6.482399171724012e-05	1.0682251905333528e-08	0.5305297398963968	360	-6.052662832385219e-06	2.8960927021508344e-08	0.9716280778270306	356
6	162931203	164383520	0.0001240318829129	1.9319747043961333e-08	0.3722082347497349	631	0.0002941583142864	5.57808863888855e-08	0.2129536090953863	629
6	164383521	165586863	9.1366835056392e-05	1.8905332529645837e-08	0.5063689435118839	530	0.0002404365425468	4.7720420633752455e-08	0.2710500031589792	525
6	165586864	167024732	6.423961576519265e-05	2.5598346837788883e-08	0.6880442628803437	745	-5.56494862590137e-05	7.595290693591248e-08	0.8399757690181296	742
6	167024733	168042834	-1.9943358892807937e-05	1.1435902659854138e-08	0.8520579844373735	393	-0.000151779297815	2.9786392270113952e-08	0.3791656362356381	391
6	168042835	169382049	-2.252904610519216e-05	1.8483675278719005e-08	0.8683851996156087	577	-0.0002547192817384	4.972371339159014e-08	0.253329486202306	570
6	169382050	170330172	-3.217668190747711e-05	1.1692640822218772e-08	0.7660335670315244	416	6.468690596469847e-05	2.8963408526031833e-08	0.7038752952487017	415
6	170330173	171051269	-9.464764922338258e-05	6.7494926946768815e-09	0.2492973255360828	222	-0.0001039514295584	1.7969535213929717e-08	0.4380651048311472	221
7	1353067	2062397	-0.0003036652237469	8.289432476311621e-09	0.0008521270241187	150	-0.0001850914169	1.376861174677964e-08	0.1147040443897694	149
7	2062398	2772226	-0.0002955319311982	1.9538267150573283e-08	0.0344918214658957	233	-0.0001982332103422	2.3918049453670173e-08	0.1999197867483142	232
7	2772227	4573427	0.000153038400481	3.8313724363215384e-08	0.4343029523986963	826	3.858302093978229e-05	6.982616463366605e-08	0.8839122909118694	823
7	4573428	5416231	-0.000205717417262	8.606835345426196e-09	0.0265939317579589	186	0.0002924641313209	2.5597913252243984e-08	0.0675532550139016	185
7	5854526	6573856	-3.672786283670454e-05	5.90964761148224e-09	0.6328170565247191	140	-0.0002125247309293	1.532393560154306e-08	0.0860123892180733	139
7	6573857	7808751	-0.0001062103983573	1.5058876465865123e-08	0.3867603921652301	404	0.0001026663437224	3.76547386239896e-08	0.5967525473958162	403
7	7808752	9123422	-0.0001144670906632	2.8364810457077347e-08	0.4967207693269618	584	0.0003498461716019	6.294282114158334e-08	0.1631807147614979	582
7	9123423	9987498	3.56340692079801e-05	1.4402165521275577e-08	0.766521287117369	346	4.982828872345774e-05	3.9619821098082543e-08	0.8023291193635669	344
7	9987499	11299197	0.0001105448547358	1.875838036927789e-08	0.4195944005576726	540	-1.6298922967726866e-05	4.4471442270256725e-08	0.9383935548566248	539
7	11299198	12635460	1.0968365822822116e-05	2.7521790672353954e-08	0.947285834696358	754	0.0001000839765976	6.968066551780298e-08	0.7045781981693152	752
7	12635461	13884201	-9.752143773295111e-05	2.105433765184984e-08	0.5015245601063997	537	-0.0003107434294052	5.298566309175636e-08	0.1770269520741159	533
7	13884202	15143656	0.0002824900594476	1.8639884061544143e-08	0.038536665331358	491	4.58254842043344e-05	4.5696389825018835e-08	0.8302577225581063	488
7	15143657	16902068	-3.757388187653238e-05	2.9636097077340225e-08	0.8272259862256972	808	-0.0002797079253894	7.427948020496292e-08	0.3047546345923615	806
7	16902069	19481546	-0.0001467159914419	3.74788424519656e-08	0.44853962266425	980	-3.281065172811025e-05	9.284243338229645e-08	0.9142482460965744	973
7	19481547	20124907	7.142874300354791e-06	7.3535978292198185e-09	0.9336163448944336	228	-2.161134664144367e-05	1.5338657908658435e-08	0.8614748302516398	228
7	20124908	22507628	0.0002327927770497	4.558906909468317e-08	0.275588613503114	1169	-1.384730668481754e-05	1.1907352234500658e-07	0.9679903279419688	1163
7	22507629	23471441	-4.171733388614922e-05	1.0544664816486544e-08	0.6845542586935911	311	7.278636030413977e-05	2.2448778221863873e-08	0.6271120377127095	310
7	23471442	25077258	0.0004111167960885	3.2388580736675094e-08	0.0223489262275023	775	-8.447360652614512e-05	6.565452508796425e-08	0.7416440029472378	768
7	25077259	25909554	1.6136543087945904e-05	1.6982136639210062e-08	0.9014524825077336	451	1.894266575991699e-05	4.0495926755635866e-08	0.925004621325281	450
7	25909555	28360308	0.0001006041197193	3.32995435946544e-08	0.5814205278491913	906	-4.827102441371905e-05	8.394806003005618e-08	0.8676829262985033	901
7	28360309	31137288	-3.391678188761215e-05	5.0714569027604095e-08	0.8802848880283256	1195	-0.0001421309888684	1.1862428651935187e-07	0.6798490529057923	1189
7	31137289	33555767	-0.0003496248275372	3.4288435728313715e-08	0.0590105215148876	1010	0.0001081370695226	7.819795724555076e-08	0.6989765229563971	1005
7	33555768	36213537	-0.0001232186051311	3.3788976098890274e-08	0.5026473327672374	994	4.897294526883925e-06	8.108286177423074e-08	0.9862782234998212	993
7	36213538	37555183	-9.675613582075366e-05	2.3088698807118623e-08	0.5242783073689152	586	-0.0001550852201823	5.9282780860864755e-08	0.5241566624612011	583
7	37555184	38966702	-1.814768529032261e-05	2.2639712433047084e-08	0.90399940474356	642	-0.000109639373512	5.5073833614916324e-08	0.6403636759918165	638
7	38966703	39862669	0.0001286050299407	1.3821194013961425e-08	0.2739904964966803	332	0.0003237441689322	3.075018297243363e-08	0.0648635682373614	332
7	39862670	42001810	0.0002403351844644	2.0622128024985363e-08	0.0942100353915732	525	-0.0002870766502989	3.9152551465557034e-08	0.1468259864226071	523
7	42001811	43159073	-3.1038174155926994e-05	1.7473188671446158e-08	0.81435893617668	400	2.142268954593721e-05	3.511179633174208e-08	0.9089788590681268	396
7	43159074	44763827	-2.1289599440187343e-05	1.6773607694610032e-08	0.8694304358589783	522	0.0003198664218585	3.6060614542286954e-08	0.0920992541979071	522
7	44763828	45952921	-3.391595731179089e-05	1.2060724008916469e-08	0.7574519784325859	364	9.132899634917824e-05	2.758098403305845e-08	0.5823705181933688	362
7	45952922	46986719	-1.8048367157573317e-05	1.4147835487661456e-08	0.8793939810341669	429	-5.218135159980128e-05	3.3624888332032894e-08	0.7759757141751595	426
7	46986720	49212277	0.0002598708027207	3.304423698847719e-08	0.1528365024086167	917	3.680725145569643e-05	7.799459666482767e-08	0.8951459144789093	914
7	49212278	51675321	5.468249049343897e-05	3.0119752956844305e-08	0.7526999513086517	924	0.0002315173566789	6.668895690643508e-08	0.3699788386735649	920
7	51675322	53176311	-0.0002663823009734	2.4571645673769985e-08	0.0892492721459172	686	0.0001046791740037	6.032769077152956e-08	0.6699703468016257	684
7	53176312	54222975	2.5107323590829315e-05	1.4320744207530238e-08	0.8338191947078369	417	4.3915316806494154e-05	3.4081677749742035e-08	0.8119751844683598	415
7	54222976	55691583	-4.4587191409931055e-05	1.7703584630767414e-08	0.7375466943611237	526	7.655437064245473e-05	4.06759604186808e-08	0.7042586621506581	523
7	55691584	57382637	7.575588614073845e-05	9.461415790825978e-09	0.4360844626623427	301	9.200010549192348e-05	2.0186543241674293e-08	0.5172914417638461	300
7	63641125	65689808	8.763522375420163e-06	1.0815238179466804e-08	0.93284366747074	368	-2.8543240000097898e-05	2.04640896674116e-08	0.841848591190786	365
7	65689809	68234073	-4.19096370440962e-06	2.531037977952956e-08	0.9789837898392728	742	5.3414652602814406e-05	5.472413324976361e-08	0.8193864401194736	735
7	68234074	69085363	0.0001324879969152	8.898729170979047e-09	0.1601788693270183	248	-5.060064242252901e-05	2.2474383831491083e-08	0.735717544768218	247
7	69085364	71874884	0.000262032883194	3.3536730022402464e-08	0.152471953188475	856	-0.0001466965213666	8.507101790625388e-08	0.6149960158915053	852
7	71874885	73334601	2.8892039909677024e-05	5.157179221214584e-09	0.6874482161469877	160	-4.047889412792601e-05	1.052183625058722e-08	0.6931208175423753	157
7	73334602	76458563	-2.793445276517216e-06	1.3566865232637822e-08	0.98086630517071	369	0.0003761897223841	3.0430363830237834e-08	0.0310431366039775	364
7	76458564	78093858	-8.344600727262614e-06	2.315533905674829e-08	0.9562676890953558	652	1.9090292188780886e-05	5.369227143733392e-08	0.9343392753849664	651
7	78093859	79888068	-0.0001650264638624	2.0190154263059754e-08	0.2454771454438712	591	-0.0002058410048389	4.5268457050208343e-08	0.3333129825206706	590
7	79888069	82022685	0.0001785609954647	2.4361250901300263e-08	0.2526118588791231	651	0.0001877914974142	6.26132797748232e-08	0.4529619451674184	643
7	82022686	83801202	0.0001682841340107	2.133393106434886e-08	0.2492608520742687	611	-0.0001069909850194	5.215312271003601e-08	0.6394290515656081	609
7	83801203	85572181	-0.0001662142599185	1.1828039623607824e-08	0.1264352039396328	386	-0.000262594932261	2.3299748967268112e-08	0.0853732240013097	385
7	85572182	87825003	0.0004766371779222	3.6980022728890484e-08	0.0131903600729924	584	0.0001667286142631	4.012991768814444e-08	0.4052438358735245	584
7	87825004	90661783	0.0002383151212002	3.5698757190173885e-08	0.2071938201088912	1016	-0.0001953519298986	7.417522149160974e-08	0.4732017950471259	1012
7	90661784	92493751	-2.912040343681496e-05	1.492599716885577e-08	0.8116051520988978	434	0.0001005926404538	2.8704142239363794e-08	0.5526882077842618	433
7	92493752	93966600	3.163634074311487e-05	1.0975416648920144e-08	0.7626686049308825	280	-0.0003195372693164	2.7546639117646308e-08	0.0541980465022206	280
7	93966601	96073507	0.0001081238495972	2.4904684457989354e-08	0.4932539341684272	733	9.976893499999194e-05	5.522581535206096e-08	0.6711680112096261	727
7	96073508	97099569	-3.5401638256322794e-07	1.0412478162751871e-08	0.997231876269256	299	7.000715012868557e-05	2.5457603256710773e-08	0.660830604519228	299
7	97099570	98715473	-0.0001239148052533	2.7770008239474107e-08	0.4571228413373039	368	1.215807176971659e-05	3.0782972396808594e-08	0.9447538496115722	368
7	98715474	100196650	3.844766184374549e-05	9.325960557154289e-09	0.6905355489804703	318	1.177283676597938e-05	1.7513393940023482e-08	0.9291135057079654	316
7	100196651	101199252	0.0003025950197509	1.4342103097587822e-08	0.0115136613765084	307	0.0004761790714478	3.4633344598391045e-08	0.0105057746644915	302
7	101199253	103197509	5.047545329325921e-06	1.4725275141859357e-08	0.9668209949687202	397	9.772556263593288e-05	3.508460131002171e-08	0.6018549065870683	388
7	103197510	104159524	0.0003713529670166	1.8919620247151172e-08	0.0069382340820849	502	2.449065858628993e-05	4.1639050428721884e-08	0.9044680856169476	501
7	104159525	105682904	-0.0003151702088067	2.538710514063885e-08	0.0479223967151702	511	0.0002565652000014	3.7956569682321976e-08	0.1878706487362121	509
7	105682905	107780177	0.0001689732931985	2.1745458324234763e-08	0.2518506534188572	626	0.0003190439805536	4.7038080792016245e-08	0.1412791306879244	622
7	107780178	109647593	0.000129496801121	1.6972058171183886e-08	0.320216850100411	545	-4.0176580220827306e-05	3.712118640260745e-08	0.83481759741617	542
7	109647594	112618683	7.645232506343074e-05	4.663322505880023e-08	0.7233146247475282	795	0.0003730492989205	7.205530030918837e-08	0.1646081312205652	792
7	112618684	113712386	0.000137900691457	7.613151751307642e-09	0.114000984210362	229	0.0003320320354485	2.3765772672901243e-08	0.0312563866174037	229
7	113712387	116780177	0.0001784162440944	2.1846950686506222e-08	0.2273982065633194	690	0.0002531246208357	4.7896410766647846e-08	0.2474361301367855	690
7	116780178	118351580	-7.859783464409682e-05	1.2649392446787598e-08	0.4846540460618345	399	3.955731865397486e-05	2.355252128030979e-08	0.7965955173921367	394
7	118351581	121045272	-3.423019823570649e-07	1.27461529272376e-08	0.9975808697732612	433	-0.0001018905475961	2.6571372610465668e-08	0.5319267734459191	432
7	121045273	121933629	-3.3423601402318217e-06	7.934327947793485e-09	0.9700679592387326	243	-6.27873385128834e-05	1.7531120930842664e-08	0.6353528698017519	243
7	121933630	124156804	-0.0001039302020426	2.1989148736360377e-08	0.4833840551557454	701	-1.110989685413976e-05	4.7983016701377114e-08	0.9595498485465046	700
7	124167552	126519169	1.4323444105162469e-05	2.1935456807343373e-08	0.9229562149159044	713	0.0001422796928727	4.1478459881659456e-08	0.4847990003695367	710
7	126869221	128778385	3.355767668040011e-05	1.9160236869403276e-08	0.8084447907930423	606	6.679049112048708e-05	3.72783185246779e-08	0.729396368227604	604
7	128778386	130422413	-0.000146542417675	1.601386847045089e-08	0.2468567847991575	487	-0.0001314713059611	3.579269878601703e-08	0.4871064979207895	484
7	130422414	132805847	-0.0001330961247841	3.3844270946588484e-08	0.4693888234292838	833	-0.0003455126102201	7.693671246867853e-08	0.2128918031254867	828
7	132805848	134307595	0.0001644319705944	3.5753996518212496e-08	0.3845141845357179	465	0.0001322126923337	2.7303964813565593e-08	0.4236357617389121	465
7	134307596	135591082	8.152315245188919e-05	1.7269361323021474e-08	0.5350217037378775	500	-1.731225720512821e-05	3.9912654202772994e-08	0.930944990937718	497
7	135591083	136876561	9.475461781151325e-05	1.3562043505485465e-08	0.4158452826877441	394	-7.781815240055004e-05	3.283556985053282e-08	0.6675986302119594	393
7	136876562	138744678	-0.000280136803638	2.7577707160398685e-08	0.0916212726043271	520	-0.0002519946435797	5.38749705270547e-08	0.2776250738785789	517
7	138744679	139933176	-9.539549042484307e-05	1.5594115702666727e-08	0.4449153493692671	310	-8.447490000505874e-05	2.3030940789868087e-08	0.577775664737721	309
7	140235210	141226556	-0.0001649687516012	9.372963590546809e-09	0.0883857548083617	290	-9.56502278700343e-05	1.9895111348701633e-08	0.4976894052330911	289
7	141226557	142656309	-7.22090988084851e-05	1.3487665156795785e-08	0.5340989781502488	450	6.02283867917521e-05	2.4918750614703353e-08	0.702803884213163	423
7	142656310	144968288	0.0004745007285045	1.8018987884985115e-08	0.0004079979328691	509	0.0002258875192609	4.4143026288305096e-08	0.2823163039485247	509
7	144968289	146427959	2.8984318849720165e-05	1.1498128202795946e-08	0.7869277993906582	346	0.0001877888907804	2.6848318240808312e-08	0.2517659614963489	345
7	146427960	147815317	0.0002161473765307	1.9063966051652625e-08	0.1174739360612262	564	-0.0001347836338227	4.35447178983358e-08	0.5183401359438501	558
7	147815318	149840657	-8.497350705778649e-05	2.0361823765914667e-08	0.5515153099037562	561	-4.996942547283061e-06	4.787071752920255e-08	0.9817790215030032	560
7	149840658	150711504	6.1077277659399065e-06	1.2523446704139836e-08	0.9564746542238374	354	0.0001416578398397	3.003770652289581e-08	0.4137293405728726	352
7	150711505	152249805	0.0001314568876235	1.8596709044791805e-08	0.3350589867572089	414	-8.98531915109229e-05	5.118349971036261e-08	0.6912474427743234	414
7	152249806	153674018	-3.504904866805097e-05	1.852970275253745e-08	0.7968089355533375	440	-5.681306444435655e-05	4.92571966679406e-08	0.797962942308335	438
7	153674019	154964729	-5.35402339263284e-05	1.8095709010399866e-08	0.6906238422854656	471	-0.0002016433278665	4.6919803939573486e-08	0.351902265453388	467
7	154964730	156065249	-1.8522454530278904e-05	1.737508891404446e-08	0.8882499495217103	356	0.0001387569372615	4.37219716478775e-08	0.5069478650049587	354
7	156065250	157634596	-0.0002637570046889	2.081775834087656e-08	0.0675427108467133	525	0.0001010577691339	5.1754131312555594e-08	0.6568842086008446	518
7	157634597	159128574	-1.5806599902202672e-05	1.6681568049997038e-08	0.9025959401499498	459	-0.0003116542432976	3.88611857226853e-08	0.1138920629818458	454
8	10422	1044216	0.0002231541395771	1.4983730410820774e-08	0.0682981119347888	398	0.0003290287002608	5.4764915006180313e-08	0.1597267663224192	395
8	1163245	2042941	-4.800860037583085e-05	2.1945046226136327e-08	0.7458782790340254	415	-0.000128792458333	4.4554075695944336e-08	0.5417530505782698	409
8	2042942	2573278	0.000197028218388	9.775831326630569e-09	0.0462894513054501	254	0.0001726001448464	2.7382838024404067e-08	0.2969286957792794	224
8	2573279	3392925	-0.0001335528343058	2.2940395369620458e-08	0.3779041180678854	573	-8.231821698296306e-05	6.526493296117872e-08	0.7472840592656114	571
8	3392926	3783016	1.6179032200850986e-05	1.4267728989953376e-08	0.8922570546517615	424	0.0001682997786958	3.681046586791153e-08	0.3803788223337482	421
8	3783017	4480475	0.0003903222688966	3.1416263100337044e-08	0.0276550120548415	651	-2.1809279519560764e-05	6.754501649132926e-08	0.9331232354205172	648
8	4480476	5146926	-8.942361392243194e-05	1.8260158667011923e-08	0.5081256007477015	524	-0.0002966605074045	4.6921495097024206e-08	0.1708314335511341	524
8	5146927	6142796	6.611841920915547e-05	2.5893932902038888e-08	0.6811546656455005	762	5.10214051533058e-05	6.556833604552133e-08	0.8420646756611794	758
8	6142797	7153078	2.115444109295934e-06	1.6077231399604846e-08	0.9866888419978058	467	-3.366459524207642e-05	3.7397432346460046e-08	0.8618014484806865	467
8	7153079	9154693	0.0001067877628883	1.958527816996548e-08	0.4454297846662927	576	0.0001009564019875	4.79750760639695e-08	0.6448556404476824	575
8	9154694	9640786	3.349746164294659e-05	7.915468268370543e-09	0.7065396661711232	249	1.1918396940677996e-05	1.8612165685199667e-08	0.9303842814968812	248
8	9640787	10463196	0.0001268557903705	3.255942005198829e-08	0.4820389630971238	499	1.697466505755129e-05	4.564932988503798e-08	0.9366761392678502	498
8	10463197	11278997	1.47848779448416e-05	1.2507230859465604e-08	0.8948247274632507	390	-1.0175677483493286e-05	2.8054246759444718e-08	0.9515563340345728	387
8	11278998	13491774	8.289960146150288e-05	3.0450967811054315e-08	0.6347415352270112	852	-0.0001768913426353	8.21793903294693e-08	0.5371972820691067	849
8	13491775	13944991	-5.4173173988610694e-05	1.0269130688091577e-08	0.5929362857973426	294	-0.0001435460325565	2.4916183698679383e-08	0.3631440141616183	293
8	13944992	15991659	0.000159159505277	3.9243112246409414e-08	0.4217232320867801	1222	0.0001142451516054	9.528792775692533e-08	0.711308139553827	1213
8	15991660	17387875	0.000361680928359	1.9279992083114888e-08	0.0091931443603141	536	0.0001354669573217	5.080283407071248e-08	0.5478262210977018	533
8	17387876	17836398	-5.984143340647342e-05	8.669784821980407e-09	0.5204288381213396	276	1.9374444110992855e-05	1.9996246335536e-08	0.8910222062461512	272
8	17836399	19492839	0.0003047959430349	3.460777051304104e-08	0.1013363667954092	935	-0.0003751280198373	7.810195658232997e-08	0.1794997877613556	933
8	19492840	20060855	-0.0001129730150221	1.1946835865487184e-08	0.3013279075082523	338	0.0003501693163345	3.0885045044702415e-08	0.0463133896516265	335
8	20060856	21661736	0.0002057933697954	2.4527262384738663e-08	0.188834520798191	724	-0.0001188093600915	6.140870290382434e-08	0.6316245201354771	721
8	21661737	22897056	-8.561031318132968e-05	1.4069186800495182e-08	0.4704432947166984	417	5.66679436534394e-05	3.1560573032934606e-08	0.7497408101860374	417
8	22897057	24674717	0.0002013258526795	2.2072950679516537e-08	0.175387681298738	689	0.0002836965010614	5.2956425230357506e-08	0.2176482479302049	684
8	24674718	25483453	-0.0001163637353323	7.725740024462921e-09	0.1855439264974965	270	-1.0897721141049576e-05	1.5300080987252926e-08	0.9297951136723904	268
8	25483454	26682524	0.0001553993257442	1.9814538596492633e-08	0.2696062877370615	585	0.0002830598422427	5.0514428587512523e-08	0.207878719298777	583
8	26682525	28162391	2.4019834958896123e-05	3.2254556459573333e-08	0.8936049683424634	793	-0.0001780755900889	5.4541552170437894e-08	0.4457608077325121	792
8	28162392	29327895	6.465152801107193e-05	1.0633994639718076e-08	0.5306942170808392	346	4.694191449101302e-05	2.3308486811459283e-08	0.758485110060029	342
8	29327896	31133728	-6.750625734317252e-06	1.6388242528538837e-08	0.9579450942746977	509	1.5232183796893215e-06	3.9526047852747215e-08	0.9938869733657288	505
8	31548360	32977217	1.6601461683038987e-05	1.5300694430524845e-08	0.8932350817467702	502	4.041961959154294e-05	3.4708216566578523e-08	0.8282409192381653	500
8	32977218	35317231	0.0001482456240142	1.3384042896742892e-08	0.200049575767333	544	5.822640955708408e-05	2.4036608141474152e-08	0.7072414036525086	541
8	35317232	37379388	2.1190091455547937e-05	9.081186544728741e-09	0.8240317079057682	328	-0.000130167287854	2.0151470469634377e-08	0.3591657102784023	325
8	37379389	38938805	-0.0001863840637654	1.0479481987304782e-08	0.06865216834348	293	3.7676033760352014e-05	2.213099298889851e-08	0.8000681491176533	293
8	38938806	40703336	-9.27149486889154e-05	2.477793991377308e-08	0.5558595725075887	608	-0.0001318560248733	4.5156119945496986e-08	0.534928763177484	606
8	40703337	41721453	-0.0001764980579968	1.1684483446182393e-08	0.1025093422025441	367	-8.441274039082533e-06	2.8763468790755226e-08	0.9603038718006638	365
8	41721454	42773822	7.31668642955804e-05	4.976119969042197e-09	0.2996354096508026	183	5.7863809293498696e-05	1.1303900099361181e-08	0.5862742536253556	182
8	46841315	50082469	2.728466627896776e-06	1.0035683617474021e-08	0.9782714104620984	378	1.1758630405753612e-05	1.7745854782721903e-08	0.9296628655737924	377
8	50082470	53302929	0.0003774497624393	2.6065655989906034e-08	0.0193927447031682	840	6.091771172437704e-05	4.0843528555400245e-08	0.7630890124213714	839
8	53302930	54418043	-8.873246490822173e-05	1.1245753875726768e-08	0.4027411908496683	385	-1.6367547316667534e-05	2.5384393086803725e-08	0.918176713937005	384
8	54418044	55945580	7.513344286823659e-05	1.2742894317649488e-08	0.5056805869675597	456	-6.799985153993668e-05	2.7456105061631088e-08	0.6815256118754083	453
8	55945581	56956382	-9.182230175554889e-06	1.128069876972304e-08	0.9311062999534726	368	6.693173094048279e-06	2.792182251731471e-08	0.9680490248859898	366
8	56956383	59068650	1.2250744794668555e-05	2.8094670610669222e-08	0.941735495783062	699	0.0002154700998681	4.9935545262647694e-08	0.3349289851130408	698
8	59068651	59728099	-0.0001096237146539	8.599427759305237e-09	0.2371492639899238	285	-2.3553703752796865e-05	1.925899783980027e-08	0.8652274729049007	284
8	59728100	62329098	-8.362833322288263e-05	3.0184465154630073e-08	0.6302671974508094	766	-0.0002738986444473	4.8644272149699696e-08	0.2142867545828461	764
8	62329099	63349305	0.000164864033665	1.0425732231782854e-08	0.1063911503555752	366	0.000126102093994	2.403566857480077e-08	0.4159994652688241	365
8	63349306	65232871	0.0002322216831736	1.8152452545376733e-08	0.0847810621390831	587	0.0001388766657852	3.7488101553558465e-08	0.4732076258454712	584
8	65232872	66489089	5.209151632953341e-05	2.3918136834611973e-08	0.7362494059365161	378	0.0001623106594171	3.2625279922568926e-08	0.3688618948766277	376
8	66489090	69863056	-5.5959754271093206e-05	2.572891113129625e-08	0.7271860217700499	846	-1.3593715232144065e-06	6.109130941231693e-08	0.9956118009098528	843
8	69863057	70867978	-2.48807809189022e-05	1.3035152676956521e-08	0.8274879815004342	368	-0.000140080847817	3.5366213276090434e-08	0.456346167328621	366
8	70867979	72289453	-8.959354409203694e-05	1.2824604681903314e-08	0.4288608326390914	429	7.693018761809293e-05	2.652907180478979e-08	0.6366988407142701	429
8	72289454	73817198	0.0001060380794259	2.1877455905108587e-08	0.4734308472284831	677	6.944528182885119e-05	5.5832920737199226e-08	0.7688353601082516	674
8	73817199	75445063	0.0001015492480833	1.9394509430078224e-08	0.4658889302403555	621	0.000122894279078	4.656145431465212e-08	0.568994922951445	619
8	75445064	76456541	5.933550904265144e-05	1.0369539317292082e-08	0.5601043763872766	346	-3.507960377354046e-05	2.4590278695649098e-08	0.822987952251086	346
8	76456542	79132860	-0.0001477910225856	2.0528436230242504e-08	0.302305419872545	739	0.0002051609269004	4.250991659397364e-08	0.3197067966196663	737
8	79132861	81956394	-0.0001400484014972	2.3367640789688223e-08	0.3595836502162399	765	-0.0001991949014647	5.4039263915806913e-08	0.3915073907107991	764
8	81956395	82693738	3.268068337704112e-05	5.930318421645024e-09	0.6712906889716741	181	-1.6660276173474738e-05	1.4766327280829566e-08	0.890949632349025	181
8	82693739	84225588	8.310233341683686e-05	1.2677268301018303e-08	0.4604689961973606	440	6.041744888731469e-05	2.9085210084507213e-08	0.723141497384606	440
8	84225589	85955618	2.7234655385186815e-05	1.0666129805754448e-08	0.7920072014543428	381	-2.801583657885017e-05	2.2045952502982123e-08	0.8503391006334774	378
8	85955619	87411708	-5.827750036639084e-07	7.962930244390653e-09	0.9947892356352984	310	-5.87208652912901e-05	1.4258876372650758e-08	0.6228917429940304	309
8	87411709	89085480	9.693599783563316e-05	1.4642564100284748e-08	0.4230846620469946	519	1.0499692776628475e-05	3.241669801432221e-08	0.9534964442248928	517
8	89085481	90638161	-3.4567213626099554e-05	1.0824807661387e-08	0.7397066779959582	390	-5.1761399006469915e-05	2.2164032013338833e-08	0.7280793683672975	390
8	90638162	93554385	-1.0740816855487531e-05	1.935471582757e-08	0.9384606784237288	715	2.9317823681713135e-05	3.7420135291982216e-08	0.8795355104725415	712
8	93554386	95005526	0.0001044953942904	1.9831801577267884e-08	0.458074748546043	411	2.006408987556232e-05	2.8653317370326484e-08	0.9056469205680018	408
8	95005527	96534805	6.92907333006202e-05	2.0517068110254394e-08	0.6285660476220696	645	2.1393847325455585e-05	4.6866979114902456e-08	0.9212792802822426	643
8	96534806	99401580	2.4498531532749017e-05	3.5355914825229024e-08	0.8963374828944236	1077	-9.364573305808663e-06	8.776608339838224e-08	0.9747830604777012	1074
8	99401581	101620957	2.774897088518263e-06	1.4885092570636986e-08	0.9818542998239436	523	-4.656162994279774e-05	1.8046359178199113e-08	0.7288889567566087	522
8	101620958	104123305	0.0006050111750602	3.4493351256575974e-08	0.0011236476574963	929	0.0005344331588977	7.44820735573639e-08	0.0502010117737688	924
8	104123306	104988751	2.2765845831211457e-05	6.929587283072542e-09	0.7844820695322056	266	4.592277195027167e-05	1.3479722059854329e-08	0.6924462778335336	266
8	104988752	107410753	-7.66902077037354e-05	2.5870607358909573e-08	0.6335042682393155	864	0.0003276144087546	6.201135017464419e-08	0.1883047368355319	859
8	107410754	108648176	-4.242218533997839e-05	1.5327036099465898e-08	0.7318539397552524	528	-0.0002097842367479	3.5760650701679254e-08	0.2672775069395335	527
8	108648177	109248172	-2.061852768244574e-05	5.789440505422211e-09	0.7864054001041003	208	-9.906678682381336e-06	1.2546946469505448e-08	0.929525300037905	207
8	109248173	110484313	2.18283577935603e-05	9.355081509282347e-09	0.8214486157676818	363	-6.957932712442927e-07	1.8258022837526016e-08	0.995891422402767	362
8	110484314	111850846	-2.8686724850534273e-05	1.1156966927679511e-08	0.7859401170728942	302	-1.0843918183515387e-05	1.923110971329331e-08	0.9376722123458742	301
8	111850847	113064319	-8.020202686269835e-05	6.453062184964923e-09	0.3180878333507383	250	4.751988716987309e-05	1.3275821025696257e-08	0.6800281348646069	247
8	113064320	116096494	-7.085023093925993e-05	2.3348727749112453e-08	0.6428836874403214	899	-6.582865321711332e-06	4.546359706446513e-08	0.9753705821513666	896
8	116096495	119685456	0.0005961630742898	4.03898977779804e-08	0.003013151329232	1119	0.0001628085346054	8.15933785003834e-08	0.5687000825522339	1114
8	119685457	121201699	-3.798155276206727e-05	1.5239844846833106e-08	0.7583349099490396	535	6.054758985755538e-05	3.470518291352329e-08	0.7451718223303772	534
8	121201700	124861458	0.0003165276238684	4.117442007635948e-08	0.1187825688005378	1240	8.852047781940135e-05	1.073563302222216e-07	0.7870329179311162	1236
8	124861459	125683718	7.037413807151459e-05	1.011315969723334e-08	0.4840565243661571	334	7.656405262580311e-05	3.57902549912576e-08	0.6856916626277358	332
8	125683719	126410916	-5.696176025604521e-05	9.213152889062103e-09	0.5528844893580611	241	-0.0001018360297166	2.6022236847073147e-08	0.5278506994814213	240
8	126410917	128659110	-0.0001182525526898	2.914062333184137e-08	0.4884819021389924	825	-0.0001352653500463	7.427237057177312e-08	0.6196596754959015	823
8	128659111	130381138	-0.000209683588712	2.1196861379975913e-08	0.1498053320989859	666	2.7268380407825256e-05	5.1196223542226195e-08	0.9040753572037624	666
8	130381139	131639624	-1.4390633661224155e-05	1.4951675446346992e-08	0.9063142731232884	489	0.0002023020596822	3.2578715513849753e-08	0.2623672867419948	487
8	131639625	133351143	-0.0001590468656416	2.2575383481461943e-08	0.2898090215238809	725	-0.0002090123818675	5.602309482510227e-08	0.3772057734057246	722
8	133351144	134570000	2.702128300772199e-05	2.0361769064147327e-08	0.8498072666373322	637	7.150519575612939e-06	4.6817250444590536e-08	0.9736369492922252	636
8	134570001	136035604	2.749019104021479e-05	2.5683738185715583e-08	0.8638043873207839	746	-1.0527464883943968e-05	6.639716152450449e-08	0.9674112050510526	744
8	136035605	137524150	0.0003422593584607	1.62643328539865e-08	0.0072808051619332	558	0.0001238712015674	3.7420322464576274e-08	0.521945873241928	558
8	137524151	139254829	-4.315751988959532e-05	2.3429244918816693e-08	0.7779792439479212	787	-0.0001963010548708	5.57406610694752e-08	0.4057189892874856	787
8	139254830	140725642	-0.0002242020711171	2.077000835264228e-08	0.1197833387282375	643	-0.0002934079304188	5.0858466741037356e-08	0.1932452068780626	641
8	140725643	143044913	-0.0002989260986177	2.8098124411035074e-08	0.0745369744120578	793	-0.0005145814003227	6.137916816041917e-08	0.037798430314987	783
8	143044914	144236880	0.0005281701217129	3.7410406559856636e-08	0.0063195601867803	387	0.0003798343378668	3.50875323356329e-08	0.0425841485840566	380
8	144236881	146303866	0.0001234087945696	1.0986521325827752e-08	0.239044567095662	354	0.0001401730324834	2.747402831540136e-08	0.3977342840375983	351
9	10023	1079706	3.164305514460243e-05	1.98454780451206e-08	0.8222752254897219	582	-6.615139095257887e-05	5.2873226118538514e-08	0.7735859171059872	577
9	1079707	1916876	4.9472574520642686e-05	1.872296617665621e-08	0.7176828470716397	571	-9.11955518363614e-05	4.9119370270974664e-08	0.6807216250901498	571
9	1916877	3190063	0.000157185513053	2.549663874540285e-08	0.3249194945616374	712	0.0002283821181277	7.189647526952846e-08	0.3943570497700357	710
9	3190064	4495327	0.0001060710059049	2.1943302497832256e-08	0.4739580902357367	572	0.0001364125040951	6.479380928366286e-08	0.5920245365285657	571
9	4495328	4884925	1.6319355863746234e-05	7.947514602124607e-09	0.8547529622855282	200	-4.149939012664789e-05	2.499774415037861e-08	0.7929536913216219	200
9	4884926	6557588	8.546929855322948e-05	1.7126040370835177e-08	0.513689898402316	561	1.1909805596488488e-05	3.9124974634696187e-08	0.95198738635325	560
9	6557589	7154922	-2.7849779817838515e-05	1.0373822683994337e-08	0.7845196974129575	309	5.4603851603151386e-05	2.7266372808064578e-08	0.7408852534457354	307
9	7154923	8456298	1.188069214303877e-06	3.040760203484531e-08	0.9945639009965924	878	-2.6357719855467537e-05	8.277585533818787e-08	0.927005707716584	874
9	8456299	9166402	5.518028701217653e-05	1.2394441133298877e-08	0.6201450982889903	333	2.4988629913823037e-06	3.6130576493525896e-08	0.9895110370448176	330
9	9166403	10879252	0.0001617658824273	2.9079452145581512e-08	0.3428121990143825	828	0.0002434865248028	8.13190499094328e-08	0.3931911564996488	824
9	10879253	12276488	1.0013668176889009e-05	1.5643953711050747e-08	0.936188898301436	512	5.9474065410921995e-06	4.11993605984231e-08	0.9766245322811224	508
9	12276489	14836362	-4.33141299742179e-06	4.2187852917588654e-08	0.9831754383669864	1167	0.0003384315278645	1.1678980011319415e-07	0.3220257483930435	1165
9	14836363	16659654	-2.0327804311755047e-05	2.3567985215814706e-08	0.8946579660812238	690	3.0970678357242804e-05	6.048861287320419e-08	0.8997908464779178	688
9	16659655	18661050	0.0002099863932508	2.8992167300899745e-08	0.2174828355315484	909	-0.0005087643074274	7.371998908234314e-08	0.0609575384169551	907
9	18661051	20463533	-0.0001815980409685	2.625727959682136e-08	0.2624189633341329	744	-0.0002943732207487	7.137883911730394e-08	0.2705367256338913	743
9	20463534	22206558	-0.0002830249337801	2.1591786261603893e-08	0.0540910138590447	667	-4.019933621104643e-05	4.8457324747156294e-08	0.8550992173533237	664
9	22206559	24158517	0.0003216188774365	4.3085126813982614e-08	0.1212733442200487	563	-3.5950655258780754e-05	5.986926657208182e-08	0.8831887776263588	559
9	24158518	25330809	0.000161933961481	7.980883530560331e-09	0.0698867879755408	242	0.0001703212811594	2.1370225457914383e-08	0.2439772563376439	242
9	25330810	26111756	0.0001612388661609	1.4289381532828877e-08	0.1773857864177971	263	0.0002085930696858	3.012120787499769e-08	0.2294072625854176	261
9	26111757	28224282	-0.0002181683503159	3.9249071696897835e-08	0.2707976504620824	933	0.0002553955460282	8.92998191227348e-08	0.3927452299594005	926
9	28224283	28811583	5.061027443189218e-05	6.986820941366004e-09	0.5448609585082539	218	0.0001220563007167	1.80511471258536e-08	0.3636330391404109	217
9	28811584	30387391	0.0001690805414932	1.800372490113281e-08	0.2076255098692015	619	5.1224504888104594e-05	4.331026314735866e-08	0.8055737888045198	614
9	30387392	31310382	5.7149609029499654e-05	7.244035450323054e-09	0.5019247426426667	273	-3.08605915938598e-05	2.3508375144822184e-08	0.8404824242791059	271
9	31310383	32019367	-4.092364341651811e-05	8.876151795322133e-09	0.6640182479862371	177	5.510061164843515e-05	1.2929708366387878e-08	0.6279770192699694	177
9	32019368	33578333	-4.22301363010751e-05	1.5909225978327385e-08	0.7377686858836972	525	9.76671696670896e-05	3.9918991141281385e-08	0.6249612817948546	523
9	33578334	34642242	-1.312649844282312e-05	8.580211750466643e-09	0.887309232929823	322	3.618509036839536e-05	1.9971258429882625e-08	0.7979112435063244	317
9	34642243	36743282	7.185613985402094e-06	1.8323809608937992e-08	0.9576657239453245	609	-9.54953090768651e-06	4.577647597321491e-08	0.9643994469522258	604
9	36743283	38641598	-0.0001451360567535	2.2234900313276752e-08	0.330391970777959	688	-3.9573989845202496e-05	5.60055953694607e-08	0.8671951578951778	684
9	65472190	72512710	-6.831023557265811e-06	1.9475434226633072e-08	0.9609600843959314	625	-0.0002203867822363	4.9546110653755614e-08	0.3221233499069227	624
9	72753755	74253039	0.0001378668609629	1.8502378587736036e-08	0.310796492506784	641	0.0002497944477483	4.3787425141989887e-08	0.2325814840131985	639
9	74253040	76203945	8.722843504440409e-05	1.6657235416092015e-08	0.4991296594227198	577	0.0004866762212179	3.863969943483665e-08	0.0132921683614169	572
9	76203946	76973080	1.2837609678257596e-05	4.497789748755017e-09	0.8481974912353003	157	-9.474111337407135e-05	1.109010872151953e-08	0.3683098501883979	156
9	76973081	78900182	0.0001366296810958	3.6458235221304576e-08	0.4742618811713268	735	-3.9297663144990086e-05	8.636442771669602e-08	0.8936232814576361	730
9	78900183	79471207	1.672570104282059e-05	9.202099183967477e-09	0.8615844365251772	257	1.5624482945578573e-05	2.562909875604881e-08	0.9222518572968555	257
9	79471208	81079054	-1.700426933154347e-05	1.6718534377823277e-08	0.8953718533996994	511	-0.0002824839990729	4.151662562807627e-08	0.1656303699156174	509
9	81079055	82590927	0.0001732972258848	1.8746381535298135e-08	0.2056183114803302	577	-0.0003558495592378	5.5060672134068574e-08	0.1293900911786938	574
9	82590928	84211232	3.2643802655708e-05	2.2893802348242577e-08	0.8291861195907093	702	4.8246189665855445e-06	6.203848519033835e-08	0.9845458425906816	701
9	84211233	85440800	3.970111658664531e-05	9.224530952299906e-09	0.6793413935938127	285	-3.222176416102126e-05	2.1292188745575903e-08	0.8252322911320569	283
9	85440801	86938195	1.4220426503703688e-06	2.024203447048319e-08	0.992025226216526	640	-0.0001485669338348	5.3060075566521444e-08	0.5189478648851507	636
9	86938196	88109332	0.0001455690688404	1.3893196580122448e-08	0.2168293865415131	454	-3.3216078560741424e-05	3.6003516414111914e-08	0.8610359801337077	452
9	88590417	90136245	4.9870535636008714e-05	1.9297155637263895e-08	0.7195932746391032	596	2.813594574521979e-05	5.2436530627514615e-08	0.9022103367774228	596
9	90136246	92528697	-0.0002126585000131	2.6930285703094387e-08	0.1950194230856385	821	-2.077031516088086e-05	7.250898907558942e-08	0.9385167606952516	817
9	92528698	94167202	6.277139147902315e-05	2.1377411081368263e-08	0.667688147850525	649	-0.000148554699146	5.5746021033209096e-08	0.5292269078258827	646
9	94167203	96671697	1.858885804860088e-05	2.519176856693969e-08	0.9067666026654656	858	5.6431961176807e-06	4.944461474137458e-08	0.9797530742965208	851
9	96671698	98922039	0.0002446451463109	2.2205378007459628e-08	0.1006414380805896	758	-0.0001988134941384	5.247924777051229e-08	0.3854683689729909	752
9	98922040	101592858	-0.0001414897091377	2.8026297260610873e-08	0.3980181906868973	834	-6.489587780528989e-05	5.855373053606462e-08	0.7885543809604932	832
9	101592859	104624436	0.0002115922545432	2.8398666555702286e-08	0.2092615716952401	988	0.0006885861093838	6.310661255837573e-08	0.0061238639617343	983
9	104624437	105967975	-0.0001541700129375	1.8824101766830196e-08	0.2611486648069481	608	0.0003041970039241	4.9715815291288665e-08	0.1724753695417176	606
9	105967976	107581748	9.944277324096338e-05	1.8505257104678173e-08	0.4647706312619113	673	9.357352628559568e-05	4.249195082795033e-08	0.6498711039651754	672
9	107581749	109298753	-1.6876536142230563e-05	1.932682222497304e-08	0.9033776703805726	597	-4.569630076693564e-05	4.878180775324583e-08	0.8360910787204314	593
9	109298754	110695061	-4.253258972069737e-05	1.7647431503558166e-08	0.7488392187185333	526	0.0001382008643195	4.6244210641996997e-08	0.5204439690881647	524
9	110695062	112778023	-0.000370213931469	3.654001341096947e-08	0.0527787238745948	1131	0.0001567489614333	9.25784722082347e-08	0.6064349746186943	1130
9	112778024	114831081	-3.706246288411328e-06	3.2896616892562884e-08	0.9836969636959068	998	-0.0004506149263481	8.65282494010894e-08	0.1255504229944711	991
9	114831082	115693144	0.0003454430845207	8.60691052165763e-09	0.0001964698433697	317	0.0001839637132097	1.9709730814430433e-08	0.1900728613500155	315
9	115693145	117019800	0.0001226586715696	2.051763868283796e-08	0.3918224582102293	525	0.0002869946068097	5.075140820217773e-08	0.2026839397981867	522
9	117019801	117921959	4.568858602607659e-05	1.4399345421579636e-08	0.703391085912251	448	1.4320800167794052e-05	3.7533942584224126e-08	0.9410749580633572	448
9	117921960	121321536	-9.97333409924472e-05	4.9215969006509146e-08	0.6530279707641033	1557	-0.0003704656742577	1.287659544111694e-07	0.3018853809884577	1551
9	121321537	122260296	0.0002470461376418	1.2050921529210981e-08	0.0244208637058239	324	-2.8583694839000208e-05	2.623683811258241e-08	0.8599273540851866	323
9	122260297	124871321	-0.0001003409185316	2.7550737328454696e-08	0.5454972496581465	757	0.0003339633242963	5.1040547424468874e-08	0.1393470447289647	755
9	124871322	126971886	-0.0001167602111299	1.9536490884532338e-08	0.4035173003439317	596	-5.218282640524938e-07	4.972438729416338e-08	0.998132835665241	591
9	126971887	129059664	0.000145649861089	1.6551325294497042e-08	0.2575826452647717	570	-2.0348008588021196e-05	3.2893896587521954e-08	0.9106706886433368	568
9	129059665	130055509	6.15987394187968e-05	1.0310591033371216e-08	0.5440907746451914	331	-6.775283693039724e-05	2.2985099128252745e-08	0.6549517670742488	331
9	130055510	132165469	0.000146050915566	1.4938227738878696e-08	0.2321011774598025	461	-0.0001352956487005	3.3717971519727206e-08	0.4612403795599238	461
9	132165470	133223216	4.805076785448604e-05	1.4856336703132692e-08	0.6934147264786	279	1.0384493595304584e-05	2.9494647964289985e-08	0.9517842199553012	269
9	133223217	134127887	-6.053162412896436e-05	1.4721973083192308e-08	0.6178613157216478	292	3.651805231531332e-05	3.830842704331659e-08	0.8519915129010326	290
9	134127888	135298841	6.446819571927249e-05	1.2658928715450531e-08	0.5666514684525203	400	2.819001159908783e-05	3.1685286396054574e-08	0.8741671140308118	398
9	135298842	137041121	-3.262823418444769e-05	2.4753249017737197e-08	0.835709149875089	641	-0.0004935699000935	7.30028106666805e-08	0.0677375184648861	632
9	137041122	137589363	7.64434801813748e-05	6.305147738321961e-09	0.3356960434600325	143	-2.8967524592911933e-07	1.9732172750646348e-08	0.9983546295871006	142
9	137589364	138938977	2.4991935432675643e-06	2.1068811703631822e-08	0.9862627920338992	481	-0.0003058597135223	6.488002500567613e-08	0.2298329823444271	481
9	139500342	141144795	1.6399745132289058e-05	7.487680499819861e-09	0.849682409126608	236	0.0001527296762327	1.9599142368190417e-08	0.2752948282574967	233
10	751339	1523543	-3.831904569787059e-05	9.91343163954436e-09	0.700341207706819	320	1.95045683785525e-05	2.7572423293471928e-08	0.9064936370249485	316
10	1523544	2254499	-1.8186144711899417e-05	1.4695182514149072e-08	0.8807477489078378	452	3.167027978166256e-05	4.250032828081259e-08	0.8779071358874937	450
10	2254500	3352698	-0.0002100881977205	2.0974814150035993e-08	0.1468866952025294	651	-0.000107973224835	6.386721159273454e-08	0.6692008122038943	645
10	3352699	4572273	1.3356664118720733e-05	2.6393647593282315e-08	0.9344761614982252	594	-0.0001210002362559	5.964237331508526e-08	0.62027532057925	592
10	4572274	5983761	7.459978714963148e-05	1.9776985911498465e-08	0.5957888907323765	660	-5.477725696401603e-05	5.19947520829861e-08	0.8101548378869938	658
10	5983762	7171483	3.4909443148499444e-05	2.5394220518336663e-08	0.8265984392475023	653	7.644453182498511e-05	7.825972594691361e-08	0.7846527806481574	650
10	7171484	8774664	-0.0001872449863579	2.4365672557125233e-08	0.2303113204522853	739	-0.0001490863861471	7.049148055408921e-08	0.5744391858859383	729
10	8774665	10249395	0.0001478808656822	1.8059353928369488e-08	0.2711465150276287	556	-0.0002463444856459	4.1484769073102126e-08	0.2264786875674724	553
10	10249396	12586796	-3.5970555704766616e-05	3.1970426205547227e-08	0.840562128605489	883	-0.0003718556314658	8.703789177357448e-08	0.2075127678180404	878
10	12586797	13321599	5.935640655099006e-05	1.5062521805813015e-08	0.6286441136141869	388	-0.0001820117082063	4.6746629658428514e-08	0.3998833613043846	384
10	13321600	15026067	0.000357265508798	3.0539575562453615e-08	0.0409169656087675	903	-5.644988751299108e-05	8.689670119965526e-08	0.8481364168185545	897
10	15026068	16551766	0.0002636376422222	1.8353380945853e-08	0.0516512176488637	545	4.68319272953677e-05	4.1764705773213694e-08	0.8187451741547312	544
10	16551767	18537266	9.255862644649936e-05	2.3336858237167048e-08	0.5445860192094558	738	-0.0001041616893095	6.520233545713288e-08	0.6833314160236863	737
10	18537267	19716877	0.000228070105375	2.226245380097997e-08	0.1263741199877635	527	0.0001356491685185	3.6255847668548135e-08	0.4762128570779478	524
10	19716878	22772282	6.153154168331594e-05	2.8310539788669224e-08	0.7145897245922896	972	0.0005683582114767	7.403370651648079e-08	0.0367211681503683	967
10	23175132	25578595	-0.0002141284345124	2.0984614868209593e-08	0.1393627765412906	701	0.0001543600093063	5.394916543754559e-08	0.5063239001241162	699
10	25578596	26888683	-2.9087533560562304e-05	1.3619082290306604e-08	0.803168378024784	500	-4.4783167303592246e-05	3.2991841324472356e-08	0.8052536386145365	497
10	26888684	29323235	4.283526269433724e-05	2.7977241805342813e-08	0.797878444777896	1002	-9.846943569745389e-05	7.022490145346067e-08	0.710203320757838	994
10	29323236	29783691	-2.203390559272401e-05	8.847220195284497e-09	0.8147873551309375	258	-3.238541143602788e-05	2.568426723108175e-08	0.8398569127175489	256
10	29783692	30458837	-4.545915875685936e-05	1.1119270008676274e-08	0.6663918833306179	333	-3.824388153048295e-05	3.2032482441214426e-08	0.8307955379539294	330
10	30458838	31907518	2.3712467176112654e-05	1.3166924337675104e-08	0.8362835196388247	455	-9.889394010063104e-05	3.54110988183286e-08	0.59921273031927	452
10	31907519	33707967	0.0001480921241398	2.437083482402712e-08	0.3428089336508896	663	-6.052290511757168e-06	4.412717491803665e-08	0.9770148848520972	655
10	33707968	35109354	0.0002140059050703	1.5278888228874114e-08	0.0833929054562526	478	0.0001696312616734	3.276218905522929e-08	0.3486699441561924	476
10	35109355	36572507	2.5381053593287248e-05	1.0366982569899689e-08	0.80314596511602	394	0.0001957421644146	2.2364851899930877e-08	0.1905734286382084	393
10	36572508	37790028	4.2351425956845894e-05	9.770225862127589e-09	0.6683123342299139	343	0.00011953372071	2.567293997206668e-08	0.455653087353798	340
10	37790029	42372578	3.874296287188314e-06	3.700440299392171e-09	0.9492176652465218	172	1.2023560977861e-05	6.6052809471362805e-09	0.882389623095615	172
10	42372579	43894770	6.903901124408299e-07	8.460784326946735e-09	0.9940114009864291	303	8.297446479444917e-05	2.2512675549104957e-08	0.5802583771846472	300
10	43894771	44730074	3.498461184402133e-05	8.478193020380806e-09	0.703983205643256	308	0.0001276439395233	2.1885838475197044e-08	0.3882381876791777	307
10	44730075	48760449	0.0001484280919547	1.7269640919020715e-08	0.2586998912997095	637	-0.0001512028801984	4.4491759430767524e-08	0.4734748210428277	634
10	48760450	50840914	1.1405818469175337e-05	1.7841972410036152e-08	0.9319516540301432	632	-3.177055161369298e-07	4.7257267896367256e-08	0.998833914601612	631
10	50840915	53616628	0.0001285319692564	2.005024200074537e-08	0.3640267845976149	713	2.5171971467835473e-05	5.3234832159774924e-08	0.9131242636502888	712
10	53616629	55103571	8.798325191991975e-05	1.9057285713487216e-08	0.5239050154445571	644	0.0003295708438462	5.18624132947101e-08	0.1478466367603567	639
10	55103572	57031139	9.828179929971623e-05	2.3332633946809312e-08	0.5199548207000851	811	0.0002022277630946	6.108142751448779e-08	0.4132142619261428	803
10	57031140	57662145	3.1387530859851645e-05	4.335741124362699e-09	0.6335911400430698	182	3.391233265452752e-05	1.0554981892377824e-08	0.7413339404513912	181
10	57662146	58959527	3.102829838758696e-05	8.857786149053793e-09	0.7416401827696018	394	-8.863715232186065e-05	2.0125122235473537e-08	0.5320971268180906	392
10	58959528	60289986	-0.0001375726486867	1.0492118417794564e-08	0.1792474475960619	421	-0.0001335105499726	2.5658885980994925e-08	0.4045724462499294	421
10	60289987	61891408	5.519689427776521e-05	1.600783934378389e-08	0.662645994759337	546	3.413372562894315e-05	4.09483733749252e-08	0.8660478091559771	546
10	61891409	62659678	2.872808990399275e-05	9.413010844443747e-09	0.7671515978338627	328	4.673596692991827e-06	2.5034438452670142e-08	0.9764354464093348	327
10	62659679	63341694	2.2710209186250374e-05	4.119241089733736e-09	0.7234553734006626	159	2.2501130075183297e-05	1.1599631016354477e-08	0.8345098550383105	159
10	63341695	65794113	0.0003267973923568	2.8099397984930434e-08	0.0512320822923952	905	6.403126181036371e-05	5.889460891171111e-08	0.7918968201181	899
10	65794114	67549614	0.000112753449811	1.4817522563082477e-08	0.3543007607263427	521	9.450880354282649e-05	3.8606710689043855e-08	0.6305198140400008	521
10	67549615	69900147	5.714852926637958e-05	2.4858977773966307e-08	0.7170062274448519	875	0.0001725501250023	6.387895956020403e-08	0.4947900130832877	873
10	70195991	72220849	6.808721133312215e-05	2.92605500257826e-08	0.6906023312360083	846	0.0003137158856218	8.420211817614961e-08	0.2796425192893952	844
10	72220850	73508511	0.0001128849089049	2.503231168651547e-08	0.4755451218665398	675	-0.000121840026734	7.556153847506558e-08	0.6575916742774982	668
10	73508512	75422549	-3.982632036170189e-06	1.1452459929003214e-08	0.9703133894306072	461	-4.70226562013411e-05	1.7392950895071944e-08	0.7214286643059874	457
10	75422550	78706813	-0.0001953341732458	2.106017323938639e-08	0.1783003184837264	864	-0.0002664491068541	4.5149181846562345e-08	0.2098506220409025	861
10	78706814	80876748	-3.172235577310057e-05	2.9774527717153013e-08	0.8541379859790843	927	0.0002631942542296	8.52729308640884e-08	0.3674272476260285	926
10	80876749	82414678	9.938680624739337e-05	1.6257651803063964e-08	0.4357024578488621	512	-0.0001072655524133	4.3916626754448774e-08	0.6087534540328658	508
10	82414679	84383744	-0.0003162268193482	1.980517495897468e-08	0.0246379487131445	684	-0.0002238858120468	5.1372025478922497e-08	0.3232570627897468	682
10	84383745	85458702	-1.3444514072045988e-05	1.2174316674805866e-08	0.90301841920943	469	7.937655918582341e-05	3.0100154557208826e-08	0.6472989784307992	466
10	85458703	87937576	-6.0710556134912176e-05	2.8580981063251193e-08	0.7195139476714397	977	-0.0001489707170968	7.410549928101407e-08	0.584215715218386	971
10	87937577	89127063	-5.1327502634356505e-05	7.656942930138104e-09	0.5574901935981167	271	-2.0815373745805395e-05	2.0397145526139095e-08	0.884121145529002	271
10	89127064	91013380	8.124463940637507e-05	2.1191640500941892e-08	0.5767757461243481	668	-0.00025555632543	5.8697799868051666e-08	0.2915105803886493	660
10	91013381	92006580	0.0002224404715923	9.744001040142648e-09	0.0242316985494126	342	4.97553971412497e-05	2.403984583694828e-08	0.7482835751971635	342
10	92006581	93335046	-0.0003026907789441	1.7966386521961393e-08	0.0239311135356834	418	-8.399474748993267e-05	2.9248325898927267e-08	0.6233303782533189	414
10	93335047	95396367	0.0001678021398617	1.9210897158701376e-08	0.2260241593195819	728	-0.0003200311150524	4.3483657943770874e-08	0.1248526065724525	720
10	95396368	96221242	-2.740524472508203e-05	7.231014834622527e-09	0.747240187813003	257	-2.305446379688584e-05	1.8773300435211724e-08	0.8663775744230389	256
10	96221243	97822356	-0.0001281444410812	1.5786257491416252e-08	0.3077730065827266	644	-2.2788267475093848e-05	3.5670257800906035e-08	0.9039614732495972	641
10	97822357	100241301	0.0001433385858591	2.4328133662896608e-08	0.3581030902498394	865	0.0001344849418122	6.158569056431203e-08	0.5878748455923051	860
10	100241302	100668399	1.6657927321561746e-05	6.610058071489515e-09	0.8376589666050798	150	1.0457388519656358e-05	7.783392306832683e-09	0.9056454558191416	149
10	100668400	102949238	1.3957189532763507e-06	1.9872869573583048e-08	0.992100480941503	755	0.000360572499266	4.487494855207288e-08	0.0887325495962007	751
10	102949239	104380409	-4.071306825284232e-05	1.947409605452303e-08	0.770480697314977	360	0.0001503481754036	2.0264748781011582e-08	0.290897527719385	358
10	104380410	106695047	3.732449864922874e-05	4.1674832999633755e-08	0.8549282410232475	810	-0.0001157386945378	4.915953615268039e-08	0.6016668255489029	807
10	106695048	108726685	0.0002121840197542	1.7880802982905098e-08	0.1125604554516528	663	0.0001845408107112	4.593840696930709e-08	0.3892366156145984	661
10	108726686	110317704	-1.9129193428397864e-05	1.7830194580300466e-08	0.886086494180521	644	-0.0003297504327574	4.6662140370246296e-08	0.1268799344779449	641
10	110317705	112561492	0.0001009089892815	1.61564308217206e-08	0.4272628646811374	628	-0.0001131318289149	3.6762509035997016e-08	0.5551631208457166	626
10	112561493	115328431	0.0001038840211171	2.790648546389167e-08	0.5340305799301102	952	0.0003794165587071	7.085619880796666e-08	0.154050520197693	948
10	115328432	116421405	-9.520441739636466e-05	1.3725082559217488e-08	0.4164229654426215	457	0.000238971101889	3.740880535829417e-08	0.2166278465833214	455
10	116421406	119523933	8.547481365912261e-05	2.573280470844931e-08	0.5941462267075625	952	0.0001197990289994	6.394250268820208e-08	0.6356709895259297	951
10	119523934	120591352	-3.119566147966801e-05	1.312739174477517e-08	0.7854119225292968	387	2.7244288984647663e-05	3.784743859815172e-08	0.8886270794489063	381
10	120591353	122407322	-0.0001232972013686	2.1168656037252223e-08	0.396752508277062	665	-4.173892999221085e-05	5.97509809827504e-08	0.8644178480036171	661
10	122407323	123231464	-5.9176513876426014e-05	1.1873766250305628e-08	0.5870821950940943	379	8.225302639270383e-06	3.278395549349556e-08	0.9637663638980768	376
10	123231465	123900544	1.1416383035455318e-05	9.371265964777111e-09	0.9061220249779648	268	0.0002920583003481	2.8209588945066205e-08	0.0820547724664471	269
10	123900545	125869345	1.2454346704390437e-05	3.486265059175168e-08	0.9468187105320666	862	-3.8029728984376313e-05	7.494916235945529e-08	0.8895196694343025	862
10	125869346	128001097	3.869308613403052e-05	4.082907586698647e-08	0.8481408522974784	901	-5.8628865004890966e-05	7.53254984773937e-08	0.8308439506509496	897
10	128001098	129154361	-2.143967961645583e-05	2.5727321697764516e-08	0.8936666795384114	465	0.0004104419196767	4.9263515330378476e-08	0.0644257883353948	463
10	129154362	130844283	0.0001195560351019	3.2547464830316596e-08	0.5075266684877541	839	3.6972311004015046e-05	9.925128077929209e-08	0.9065772563713372	838
10	130844284	131741326	-7.712601045851733e-05	1.0860737997524888e-08	0.4592591765238005	343	-4.6517936074569985e-05	3.0142046701499685e-08	0.7887471583435861	341
10	131741327	132580244	-2.0490782507113307e-05	1.2724895023151944e-08	0.8558587080278337	387	6.112861525200624e-05	3.62566856517243e-08	0.7481849180902826	386
10	132580245	134336328	1.829308288008213e-05	2.82442220285212e-08	0.913322725446129	779	0.0002394390932656	8.424616817967322e-08	0.4094082238745735	775
10	134494673	135523864	9.632402918708312e-05	7.370902096145347e-09	0.2618828029548101	255	-0.0001914823548281	1.8355619383357047e-08	0.1575580855330082	251
11	70855	1213589	-0.0001095945281589	1.0685421855024953e-08	0.2890478083302586	320	-0.0002502449244401	2.7382882038955528e-08	0.1304684100504675	317
11	1213590	3665480	2.655948113315373e-05	2.8317166604923837e-08	0.8745892886973634	700	0.0002914588806879	7.545794238014006e-08	0.2886794319354551	667
11	3665481	4746708	-1.53154210307111e-05	1.3321952317953121e-08	0.8944369064747165	415	-3.5199734622407705e-05	3.3423957627331975e-08	0.8473228894370873	415
11	4746709	6322868	-1.8830510059409393e-05	3.269932189472963e-08	0.917062979031214	1069	0.0001126998644624	8.179107744077409e-08	0.6935313318497651	1060
11	6322869	7436700	3.1687398866693236e-06	1.6266868112747047e-08	0.980178797326114	518	1.191151214195534e-05	4.044821500268071e-08	0.9527715779667648	514
11	7436701	8333273	-6.78058530668343e-05	1.74895918630975e-08	0.6081496024327067	479	5.0502179663987855e-05	4.8808868440271554e-08	0.8191861553164629	478
11	8333274	9087316	-1.2323315947425428e-06	8.548976008552943e-09	0.9893659735154224	285	-2.7484232469196985e-05	1.8052250668977465e-08	0.8379169327795878	280
11	9087317	10952026	-4.785415421689155e-06	1.9652331184709056e-08	0.9727687027456658	645	7.945022672835416e-05	4.894654111296948e-08	0.719508694716444	643
11	10952027	12564228	6.261216739923615e-05	3.6366102978627876e-08	0.7426622842003556	993	0.0002436473428805	1.0127458786580445e-07	0.4439043634830076	990
11	12564229	13373123	0.000211499282674	1.2979488903034656e-08	0.0633913635398102	395	0.0002642979175355	3.3441388965147125e-08	0.1483796319550671	394
11	13373124	15742551	-5.7689615075321184e-05	2.5833871806867383e-08	0.7196517025021413	776	0.0003157655475922	4.7229733889265326e-08	0.146231761520676	774
11	15742552	17578401	0.000136040221531	2.3887414536323488e-08	0.378749444207358	613	0.000232559383185	4.047332108758099e-08	0.2476902899689596	611
11	17578402	19569534	2.9914412010364336e-06	2.477302903120013e-08	0.9848363123285776	749	-0.0003300943403556	6.75052483821991e-08	0.203912165811406	748
11	19569535	21017137	0.0002317997195216	2.551138553660538e-08	0.1467068631738295	680	-1.6588440165871556e-05	7.16766548943385e-08	0.950594086583202	679
11	21017138	22374141	-0.0001404600194089	1.730804987875729e-08	0.2856786970551347	530	0.0002940509429335	4.673900538778973e-08	0.1737863877686271	529
11	22374142	24088516	0.0001159397636258	1.794432159913661e-08	0.3867624300206417	589	-0.0002349592857077	4.6769828538739814e-08	0.2772799726627094	588
11	24088517	26045752	0.0001918108508702	2.9406101514141496e-08	0.2633332157484844	679	0.0001739486729035	5.095237800561629e-08	0.440933660391433	669
11	26045753	27020460	5.581782653369966e-05	1.053832761914751e-08	0.5866240294895259	363	0.0001213900180555	2.5315509987281263e-08	0.4454999646851774	363
11	27020461	28481592	-3.701447025708168e-05	1.7281063066312123e-08	0.7782732812290208	425	0.0002494469792316	2.6275559122975305e-08	0.1238357485392491	422
11	28481593	30141356	6.413037742904278e-05	2.1718124141668255e-08	0.6634436239297703	447	0.0001651536237353	3.834179580094455e-08	0.3989849183186966	446
11	30141357	32276900	-2.0469609735325052e-05	1.8889713835102e-08	0.8816048951718158	679	1.1715186239139638e-05	3.992930556835857e-08	0.9532485975836208	677
11	32276901	33958738	-6.530460332693636e-06	1.5010520499761956e-08	0.9574910505540168	508	3.0257413470162383e-05	3.6806097511030885e-08	0.874681691065088	505
11	33958739	35502604	-8.978448201976036e-05	2.2733259338487474e-08	0.5515196874624619	739	-8.193621628563196e-05	5.4841147136576246e-08	0.7264266278354277	738
11	35502605	37116814	2.602716404523137e-05	2.3618012107291232e-08	0.8655152222107079	669	9.217849689244208e-05	6.52522411314056e-08	0.7182083551428108	666
11	37116815	39382002	1.0014051202218735e-05	1.0724479219008676e-08	0.9229654837330258	377	0.0001117303663426	2.556369371881182e-08	0.484670467662463	376
11	39382003	42310002	5.190541446093411e-05	2.7770504953078896e-08	0.755440864455569	898	9.18232878666504e-05	6.921523975130051e-08	0.7270732924524153	895
11	42310003	44693798	0.0001539127257396	3.137362556718575e-08	0.3848773389436936	956	0.0002386056458913	8.044361201313577e-08	0.4001972005448766	949
11	44693799	47006136	8.010778879721191e-05	3.194459598339308e-08	0.6540057407254991	717	0.0001634505581458	5.4203687530459826e-08	0.4826440026816432	713
11	47006137	49866049	-5.155863363828084e-05	1.2059437903001193e-08	0.6387105310461514	470	3.739631344163769e-05	2.3341231467160344e-08	0.8066307180491606	467
11	55082657	58457494	0.00028861474118	3.9696853921069845e-08	0.147456792733723	1231	0.0001787370219265	6.675296365553026e-08	0.4890642534164675	1220
11	58780549	62223770	-0.0001424017070846	2.9220850788803144e-08	0.4048190204821726	1000	2.239039522705053e-05	6.822491171000296e-08	0.9316877310260724	996
11	62223771	63804568	-0.0001139820518964	8.614113857538857e-09	0.2194121529239174	313	7.624985874486077e-05	1.8169452969658818e-08	0.571613730629329	313
11	63804569	65898630	0.000182721192852	2.116736156862216e-08	0.2091517072069966	627	-0.0001399571392274	4.64029606539623e-08	0.515876992154639	620
11	65898631	68005824	9.6198455458376e-05	1.038148398610296e-08	0.3450959091542791	383	8.793407522856757e-05	2.2502470792369335e-08	0.557744492650582	383
11	68005825	69516129	0.0001282415406372	1.5612720231293072e-08	0.3047333725012382	494	0.0001227822900214	3.7265303945933914e-08	0.5247513375732645	492
11	69516130	70926291	0.0002805144171919	2.055272145315057e-08	0.0503847249119875	423	0.0001276848961409	4.9527777812219486e-08	0.5661437764747972	421
11	70926292	72286016	-4.717684342851682e-05	8.761010260802078e-09	0.6142440485970531	294	2.023255881499638e-05	2.004454827059951e-08	0.8863638451550009	292
11	72286017	74412350	0.0001325036894789	1.7089818780857176e-08	0.3107818570407441	598	0.0003437264867695	4.0407244389046406e-08	0.0872751408671628	593
11	74412351	76797208	0.0002089426177324	2.2941859341870554e-08	0.1677494346283711	738	-0.0002515038762282	5.3176300274000443e-08	0.2754266761707457	733
11	76797209	78355057	5.866622066724872e-05	1.1556435340832018e-08	0.5852529844586813	463	-4.84805028883329e-05	2.1454603255829882e-08	0.7406566448909313	460
11	78355058	80722372	3.16354004189342e-05	3.591192187505066e-08	0.8674191941512479	973	-0.0001256369563944	9.095709324611857e-08	0.6769851461499026	972
11	80722373	81266711	-0.0002022255322943	1.1592729077409924e-08	0.0603530367600892	279	3.611529623198829e-05	3.126931080304745e-08	0.8381691792263959	279
11	81266712	84381271	-0.0003547390806633	3.698919760365329e-08	0.0651146832122359	1250	0.0002621813137964	8.676733709941418e-08	0.3734289193328468	1236
11	84381272	86619300	7.318877289426827e-05	2.6179591072570347e-08	0.6510255323477907	865	0.0002447782666047	6.111415331464779e-08	0.3220997337951112	862
11	86619301	87430234	4.298895494949383e-05	1.0132038776266769e-08	0.6693216097256511	346	-5.1025115193670914e-05	2.4438811858277032e-08	0.7441252626692911	342
11	87430235	89208935	2.5424361868504277e-05	1.884716706976879e-08	0.8530768385456869	596	9.462320100684816e-05	4.893954228176112e-08	0.6688491597540911	594
11	89208936	90966489	5.1961051544100984e-05	1.1504098135912837e-08	0.6280644180123804	425	0.0001520892486294	2.4769957840889257e-08	0.3338674832102425	425
11	90966490	92077143	4.343713059370077e-05	1.0569377218577154e-08	0.6726532027291692	363	3.6528822756904055e-06	2.6341588427217633e-08	0.9820436487175264	362
11	92077144	93276156	-7.22677748962962e-05	1.1579496035652338e-08	0.5018490464583352	429	-0.0001280145520267	2.6353249258690984e-08	0.4303612422716764	430
11	93276157	94242259	3.2827696511001363e-05	8.412018107049424e-09	0.7204005040663738	311	-3.985694334342049e-05	2.0052435176585746e-08	0.7783557422918075	311
11	94242260	95726040	0.0002307493606487	1.7587176674787395e-08	0.0818638054871686	503	-6.754979922575448e-05	4.76544325004268e-08	0.7569890366745087	502
11	95726041	97057057	-4.456112525252718e-06	1.69889794679318e-08	0.9727273103848916	513	-0.0001255397026681	4.4550084793030956e-08	0.5519901062628179	511
11	97057058	98705064	-1.511505912564867e-05	2.0318706107813097e-08	0.9155521447314376	630	-0.000268164087238	5.3769792363878006e-08	0.2474921583223358	629
11	98705065	100417168	-0.0001412350135128	2.8240217196715067e-08	0.4006599448469613	803	2.8423985199530984e-05	7.72768215906994e-08	0.9185587971776464	797
11	100417169	101331120	3.875459963265257e-06	1.2609865133692665e-08	0.9724690061232836	415	-5.560218234198029e-05	3.162483889081594e-08	0.7545360599882261	409
11	101331121	103959635	9.079303354560076e-05	3.3540255393020766e-08	0.6200654722070074	1072	-0.0001323086286211	8.498236019539673e-08	0.649928192322825	1067
11	103959636	104873283	-1.7187023800882018e-05	7.833432042793638e-09	0.8460278911005246	301	-6.307690272846284e-05	1.7279655735469032e-08	0.6313361639214774	299
11	104873284	106520893	0.0001588920175744	1.3731721406657109e-08	0.1751191382060711	494	-0.0002289690900741	3.0774691749888783e-08	0.191821749051778	493
11	106520894	107844199	2.8007351550435692e-05	1.582809848548224e-08	0.8238338657279252	482	0.0001257041944644	4.185578951983197e-08	0.5389316017388341	479
11	108437037	109866115	0.0003206101533761	8.87377927034551e-09	0.0006653374570441	303	0.0002691887693975	3.4442635059743225e-08	0.1469274979239032	302
11	109866116	111114396	7.951717629153666e-05	1.4678285703781288e-08	0.5116108220681453	506	-1.732713431963034e-05	3.58791284057542e-08	0.927114604098718	506
11	111114397	112459487	0.0001525495844808	1.1561121597577897e-08	0.1559669888028015	387	0.0002805256762737	2.3282297282237557e-08	0.0659912119780548	384
11	112459488	114257727	0.0003295517762241	4.9539500998372216e-08	0.1387040164699433	737	0.0002306925690455	6.780845485338817e-08	0.3756637433338653	734
11	114257728	114830665	5.9076022970841986e-05	6.535204814806266e-09	0.4649186853937934	210	0.0003117453534993	1.7045386947845712e-08	0.0169499155738595	209
11	114830666	116383347	-0.000110860645521	3.780665973017629e-08	0.5685722967987081	606	8.364388072423757e-05	1.0022934609102564e-07	0.7916239772178009	603
11	116383348	117747109	0.0003248911547836	2.245364619027576e-08	0.0301453294730937	615	-0.0002989097518208	5.978884071465453e-08	0.2215386576833791	614
11	117747110	119215475	0.0001983252974567	1.5778596386200648e-08	0.11436791521548	543	-0.0002425859085697	3.86132072872455e-08	0.2170097266216581	541
11	119215476	120766805	6.108773848566133e-05	2.25943443733671e-08	0.684448392229094	600	0.0001249056249334	7.224776173426138e-08	0.6421485111913104	597
11	120766806	121175942	-1.3291895414477933e-05	6.3004156096103724e-09	0.8670107792454906	203	-0.0001527011908592	2.0312043796251417e-08	0.2839741235002498	204
11	121175943	122591909	0.0001122489198229	1.3573669218371911e-08	0.3353168942982175	399	-0.0001086276621359	3.5621167069197505e-08	0.5649164263966537	396
11	122591910	123500116	-0.0001601184868911	1.4597315778420876e-08	0.1850809994266813	383	0.0001308093389429	4.206844072951198e-08	0.5236267986192056	381
11	123500117	124495527	1.8728627973428257e-05	1.5062191620349286e-08	0.8787116895802661	499	-4.6043012422350115e-05	3.6779356099624735e-08	0.8102658014491411	490
11	124495528	126311319	0.0001361367054222	3.7873256954119657e-08	0.4842182907017655	794	-1.857371766488536e-05	6.965868328800235e-08	0.9438961174454632	790
11	126311320	127316678	4.763797624016282e-05	1.9836614125380173e-08	0.7351855241488914	523	-1.0473275565309786e-05	4.5142773305074467e-08	0.9606855119095098	522
11	127316679	128188536	5.6223154679956174e-05	8.978274878429276e-09	0.552939799498031	272	-1.128634412938705e-05	2.3504880230071853e-08	0.9413156628959692	270
11	128188537	130342574	-2.752544229092949e-05	3.032761531190934e-08	0.8744114706159563	818	-0.0001232753291696	8.25929240201042e-08	0.6679609936782616	813
11	130342575	131074611	0.0006537613606298	1.0664657489497418e-08	2.441884719203779e-10	317	0.000581732183987	2.7244532069308084e-08	0.0004244660997161	317
11	131074612	133000045	0.0002102298067288	3.9158699473876844e-08	0.2880629043088546	1028	4.150705073453063e-05	9.56400374084722e-08	0.8932323324300632	1024
11	133000046	134205992	0.000184450761684	3.2074101675331126e-08	0.3030478837534126	429	0.0001609149781044	4.3295768582777625e-08	0.4393177441676281	427
11	134205993	134946451	0.0003096164494146	2.9040313388163464e-08	0.0692373270883393	357	0.0005556784112044	4.6367112680914953e-08	0.0098632512733134	357
12	61107	1080330	-8.111026314231143e-06	1.2351778602054134e-08	0.9418210696734632	313	-0.0002422411143237	3.1003834271872685e-08	0.1688984273619966	313
12	1080331	2544785	-0.0002820427998041	3.572606633345564e-08	0.1356508812818402	454	0.0003037090010604	5.7873532911034825e-08	0.206783269966543	453
12	2544786	3677036	-6.69006709840088e-05	1.60069521709e-08	0.5969571192881562	388	1.422333864609352e-05	4.6009036741106226e-08	0.9471309061749228	386
12	3677037	4417678	-0.0002468171718622	1.3932297998671458e-08	0.0365237648370305	318	-0.000234634012252	3.6582437726861624e-08	0.2199180772931017	317
12	4417679	5321471	-0.0001278442505382	1.8716451220496773e-08	0.3500569722754562	487	-0.0001400592662384	5.6035133169682436e-08	0.554069679365145	487
12	5321472	6419752	0.0001184322330684	1.7382673564383392e-08	0.3690364019942836	465	-7.422503794859639e-05	4.6155160057408826e-08	0.7297231469813074	463
12	6419753	8377535	-1.968105668310916e-05	5.1831647065850645e-09	0.7845687849548366	158	-0.0001606756051307	1.293777889140787e-08	0.157772527039098	157
12	9031395	10481533	-3.223635004413574e-05	8.242935807363091e-09	0.7225427095936982	228	-5.186912336431605e-05	2.0918251348587287e-08	0.7198721460600143	228
12	10481534	11754845	-0.0001042597577799	1.1742079161277803e-08	0.3359726749092204	381	-5.281040540238026e-05	2.5104812775274472e-08	0.7389045409291528	369
12	11754846	12733527	-0.0001855773035618	1.7378456508378258e-08	0.1592111371895394	386	-0.0001367557562666	3.9810295635386494e-08	0.4930877467014536	385
12	12733528	15241483	-9.103747070974525e-05	3.7454635696133035e-08	0.6380692010852314	991	-0.0009222403195911	9.698017290199453e-08	0.0030620624874424	982
12	15241484	16310459	6.814112169772896e-05	6.563057710432651e-09	0.4002826568676125	190	5.312986555087035e-05	1.4978239748393708e-08	0.6642023671039015	190
12	16310460	18087872	4.2793212690997506e-05	1.8583492096600868e-08	0.7535860585049651	559	-3.804247228378787e-05	4.4785156408286726e-08	0.8573381842900358	557
12	18087873	20863942	0.0001514203631732	3.7454261209944904e-08	0.4339744277589734	1023	-0.0002565874782053	9.957156370752224e-08	0.4161351446810916	1017
12	20863943	23820633	3.0428432884065644e-05	4.3900868437941135e-08	0.8845327936885853	1155	4.029357767431666e-05	8.219666686478752e-08	0.8882311065528868	1147
12	23820634	25371082	0.0002511669485187	4.145212226782576e-08	0.2173363804678639	651	-0.0001379207724542	7.200631465953428e-08	0.6072674889382335	643
12	25371083	27799772	0.0001357593212968	3.8105173768761996e-08	0.4867615238222575	1071	0.0003407646146449	9.553899431010833e-08	0.2702602864144203	1068
12	27799773	29651254	2.698511228562298e-05	2.245269254377832e-08	0.8570817774364856	715	0.000318780446349	4.7003582256548685e-08	0.1414619730389817	713
12	29651255	30512405	-8.68949500085796e-05	1.5876662953763766e-08	0.4904281157050038	477	-3.9331336508133695e-05	3.6281476529337814e-08	0.8364092137737734	475
12	30512406	32165591	-1.246678374127368e-05	2.2632931788540332e-08	0.9339569294961202	630	0.0002007123094891	5.548050864153483e-08	0.394144190520547	626
12	32165592	33076988	0.0001039753386234	1.4694278672952792e-08	0.391035453974448	427	-4.089642677053102e-05	3.398043003291844e-08	0.8244260831352063	424
12	33076989	37856716	-3.694429951568108e-05	1.1264746555262354e-08	0.7277754971332109	391	-4.0172570590824366e-05	2.4283618311285443e-08	0.7965658411068421	390
12	39227169	40816184	-0.0001248976302275	1.659925787531633e-08	0.3323380299021118	495	-0.0002156062236883	3.8846872526985673e-08	0.2739926070883949	490
12	40816185	41658585	-0.0001181256449577	1.2015360169652796e-08	0.2811921258970821	398	-4.926335373812113e-05	2.5079915604033425e-08	0.7557458771253232	395
12	41658586	43984473	3.120638507275553e-05	2.9739392091485314e-08	0.8564006631442523	946	-0.0001860856700687	6.538780775397754e-08	0.4667847675907514	940
12	43984474	46024228	9.327421470093528e-05	1.4070162162645668e-08	0.4316665409329373	460	-0.0002909143817076	3.33985741883046e-08	0.1114191649658657	459
12	46024229	47714792	4.173129806302338e-05	1.541606595880318e-08	0.7367916060089577	468	9.191248063969094e-05	3.4788862619071556e-08	0.6221670021273998	467
12	47714793	49001865	8.671703617494932e-05	1.9160652094779093e-08	0.5310076495971346	581	7.544298380121392e-05	4.379695683132197e-08	0.7184784575973245	579
12	49001866	51776493	0.0001082798564294	3.3127051970825683e-08	0.5518990470098346	710	0.0003235447382662	4.0165898023170663e-08	0.1064451623945592	705
12	51776494	53039003	-0.0001085150999393	1.943665546734971e-08	0.436357977896569	622	1.9196229708545287e-05	4.3175264525766234e-08	0.9263926685556398	620
12	53039004	54778822	-3.1762291618158005e-05	2.0025026708984415e-08	0.8224048898330651	581	-0.0002207391130531	4.7935340474804426e-08	0.3133532300267478	573
12	54778823	55665836	-1.145388012884577e-06	8.812433880882854e-09	0.9902650442032028	269	-3.9617631088438225e-05	1.8534120994883032e-08	0.7710464420155843	268
12	55665837	57548859	1.4918691559788896e-05	2.271648630928252e-08	0.9211518503562937	456	-8.265420661206288e-05	3.0482519410692e-08	0.6359190604418872	453
12	57548860	59308665	0.0001801892433517	2.7788767021596323e-08	0.2797319592086732	503	0.0001395148802735	4.428843921844146e-08	0.5073678880934517	501
12	59308666	61123728	-0.0001151582955882	1.3793293202184449e-08	0.3268241690273621	489	-0.0001237941820399	2.8843001226896313e-08	0.4660504522421483	489
12	61123729	64032460	-9.665696119223494e-05	3.354659352763246e-08	0.597689159970354	1015	0.0007243582969637	7.900654703682895e-08	0.009964915463407	1014
12	64032461	65559694	5.2929560736416813e-05	1.1523620031610192e-08	0.6219669414512483	344	0.0001632032895207	2.9162073940968868e-08	0.3392259146748552	340
12	65559695	67181143	-0.0001449642367265	1.6149135315363662e-08	0.2539786100379567	510	0.0001542086115302	3.7102681224350036e-08	0.4233735060422138	509
12	67181144	67909728	0.0001008901796955	1.23890155838698e-08	0.3647124685112282	301	-0.0002235446055024	2.5369808808735223e-08	0.1604743597601327	301
12	67909729	69826541	4.9930208838316064e-05	2.7528396926769923e-08	0.7634639438758929	744	0.000625758912782	8.234588044955743e-08	0.0292092620231919	741
12	69826542	70957986	-0.0001531445084573	1.878173008886957e-08	0.263795885049368	577	1.2011859361634374e-06	4.525201749757244e-08	0.9954946449775316	571
12	70957987	72645074	3.937936314867451e-05	1.6763636597144824e-08	0.7610153501691592	515	-8.86068046356885e-05	4.0463280940561564e-08	0.6595819049177901	512
12	72645075	73818453	6.083543305008591e-05	9.630125318431192e-09	0.5353057711544531	315	-5.030064521141964e-05	2.1482482940670658e-08	0.7314574928591895	314
12	73818454	76511313	0.0004034625736446	3.0742586725155434e-08	0.0213867103386084	792	1.2104368811272376e-05	5.975807344443244e-08	0.9605082411684004	785
12	76511314	78570569	7.233462897063903e-05	2.5601370287409953e-08	0.6512118323624987	755	0.0001701797580081	6.021820238903933e-08	0.4879982873029768	751
12	78570570	80448149	2.259540603889513e-05	1.2797061814115114e-08	0.841683939187553	341	-5.93912515889965e-06	2.7327309709571514e-08	0.9713403634357292	341
12	80448150	81467766	0.0001557523043057	9.32447959497828e-09	0.1067543427604584	300	-1.035824023722109e-05	2.1451407561326844e-08	0.9436185513266752	298
12	81467767	83502665	-1.563365855522294e-06	2.0023338533432543e-08	0.9911849738720642	598	-0.0002346441661043	5.0267359040235674e-08	0.2952996733158124	597
12	83502666	84303843	2.724914423187817e-06	7.4087204282031305e-09	0.974744917729378	238	-7.772697966787339e-06	1.6185024091073876e-08	0.9512824926370052	236
12	84303844	85990425	1.3948504380304955e-05	1.3271948383038716e-08	0.90363034468328	447	5.193081427897866e-05	2.7691739017098578e-08	0.7549884194011913	445
12	85990426	89682121	0.0001339831887109	2.4416195113553387e-08	0.3911934972111173	753	4.735996300684314e-05	5.030128000067285e-08	0.8327585590264376	751
12	89682122	92066154	-0.0001680558307024	2.1256308457049556e-08	0.2490407668632274	667	3.5819751542158676e-05	4.8488278387556484e-08	0.8707792361537218	666
12	92066155	94514566	0.0001460246199738	3.2283803176763884e-08	0.4163863472012095	844	0.0002102170737505	8.469018968087844e-08	0.4700754789450992	840
12	94514567	96020784	0.0004110714946909	5.059495127487568e-08	0.067620589913497	719	0.0001143657935005	6.486288603895409e-08	0.6533931173497446	709
12	96020785	97108838	-6.817905414529521e-05	1.6431598392208414e-08	0.5948113105437621	463	-6.866337494295643e-05	4.0018324811678194e-08	0.731419222585236	459
12	97108839	99305986	-0.0002818238673537	3.288294905911614e-08	0.1201491037509373	910	8.922519281560974e-05	8.423005197817417e-08	0.7585119395988271	910
12	99305987	101447640	0.0002394090156734	2.8269740546412832e-08	0.1544753271844763	634	-2.39979901520268e-06	5.1252818912138544e-08	0.9915423848239598	631
12	101862690	102964985	0.0001269726527295	1.1645221255961009e-08	0.2393471090573022	349	-1.0271016670159968e-05	2.6334227757810082e-08	0.9495334846241124	347
12	102964986	104848695	0.0005259618876244	3.4512103397103764e-08	0.0046375593597048	806	0.0002408982927339	6.2956281855854e-08	0.3370074284601266	802
12	104848696	106436212	0.0003051061220279	2.970543389938736e-08	0.0766866105620313	918	0.0003156948985359	6.916923581634315e-08	0.2300000284446376	915
12	106436213	106958747	-1.251890311320276e-05	6.135027242220093e-09	0.8730150692335104	185	-9.213995053969732e-05	1.3047850148078992e-08	0.4198752695381981	183
12	106958748	109025900	0.0001072842731823	2.4672787800970244e-08	0.4946006336671373	770	0.0001382136386628	5.6345803365875366e-08	0.5603887137967883	767
12	109025901	110336718	-7.328261519029631e-05	1.4255990255675926e-08	0.5393704929920818	393	-2.6201399169403964e-05	2.9689969166617412e-08	0.8791383356841583	392
12	110336719	113263517	1.212730804033922e-05	1.7438612273335322e-08	0.9268290989747996	520	0.0001637424641686	2.665196784070676e-08	0.3158655986981649	517
12	113263518	113986708	-6.876488650487696e-05	6.565901424389699e-09	0.3960859347067943	207	0.0002177314669851	1.4942380216598604e-08	0.0748807075084259	206
12	113986709	115036601	-5.359418242487615e-05	1.9219190466949345e-08	0.6990600991260949	531	-2.671432059121188e-06	4.9870184921661766e-08	0.9904554963650742	530
12	115036602	115503215	6.735929888296017e-05	8.487669176073207e-09	0.464690773558808	178	-7.385330044013082e-05	2.047567176359385e-08	0.605770483730409	175
12	115503216	117087470	-1.401850936984234e-05	2.6528947490433362e-08	0.9314123433872364	688	-7.1682897443745e-05	7.053169661296416e-08	0.7872273847614564	686
12	117087471	118135374	-8.387773252535501e-06	1.4479282615157482e-08	0.944427283193152	399	0.0004035810348296	5.6467079166633305e-08	0.089437376839446	397
12	118135375	119754109	-3.630452324083106e-05	2.9884308696796577e-08	0.833660186745423	592	-0.000160964202988	5.4947836606990994e-08	0.4922847956134148	589
12	119754110	122007650	0.0004127517742089	2.448954868180982e-08	0.0083510518906514	754	0.0001861146553122	5.1542705240671444e-08	0.412341912103773	746
12	122007651	124977979	-0.0002978774642908	2.432712927507538e-08	0.0561565180558242	794	-0.0003428528286555	4.601948592922698e-08	0.1099937832415725	792
12	124977980	126445504	0.0001139866773116	2.3842099921341716e-08	0.4603848658011261	520	8.027948471325415e-05	6.021432827756921e-08	0.7435500328431361	519
12	126445505	127875097	-7.989355684881096e-05	2.0568928793308947e-08	0.5774829793359684	571	-5.838422121465229e-05	5.3714789021747456e-08	0.8011092191687023	570
12	127875098	129237296	-6.742131488369815e-05	2.3513758795678137e-08	0.6601692730596687	525	-0.0002589615004807	7.386150277217458e-08	0.3406643035497165	523
12	129237297	130377920	-6.442144401527211e-06	2.4992348880346672e-08	0.9674952524338484	588	1.9206712054122285e-05	7.189917143164866e-08	0.9428968726178404	586
12	130377921	131786750	-0.0001464572975448	2.788857080970129e-08	0.380488509886232	655	-0.0004980875581114	8.607513432191346e-08	0.0895600497867851	650
12	131786751	132807033	-6.493776977026517e-05	1.0531428551139662e-08	0.526876384493675	316	-0.0001678980533536	2.5401591729874096e-08	0.2921333900392187	314
12	132807034	133841510	-1.3493695795039357e-05	6.024556749619207e-09	0.8619853397077173	184	8.675517277224061e-05	1.3192652637373548e-08	0.4500587427376442	183
13	19020013	20686719	1.6858898093729742e-05	7.579571397687279e-09	0.8464536598762895	272	-0.0002989538155189	1.6466086797624054e-08	0.0198194873449583	271
13	20686720	22242173	-6.820459316315151e-06	1.7023377294395946e-08	0.9583098878667904	522	-0.0002389491057726	4.337068003965999e-08	0.2512245834626428	518
13	22242174	23594701	-2.349180375931187e-05	2.448806466086531e-08	0.8806697837577605	564	2.151772097509333e-06	7.268053551336788e-08	0.9936317124842008	561
13	23594702	24531936	1.2208138109969776e-05	1.8543452717124713e-08	0.928564720274413	509	-0.000269092725967	5.1536037187171525e-08	0.235879260592168	509
13	24531937	25784361	7.607142781242879e-05	2.2020450207368967e-08	0.6082064866559009	613	0.0002809603944141	6.100488251650107e-08	0.255316848435173	609
13	25784362	27284361	7.62678548821661e-05	1.492074985398204e-08	0.5323806774848067	500	0.0001151826310793	3.6398310507901316e-08	0.5460198144145169	499
13	27284362	29257550	-9.572125117200334e-05	2.827142766258948e-08	0.5691585147640983	767	0.0001928958257707	7.965015912874956e-08	0.4942999104680601	761
13	29257551	30483266	-0.0001138826621602	1.5376465585612852e-08	0.3584122846337159	465	-0.0002479720289394	3.9533742299050725e-08	0.2123424592628897	460
13	30483267	32301814	2.2787068380311413e-05	2.4490114195439425e-08	0.8842287839568648	665	-4.034520389122949e-05	6.855322791614195e-08	0.8775377924285322	663
13	32301815	33776902	6.481355071335336e-05	1.7657226755126782e-08	0.6257211319504327	590	0.0001686284884071	4.059482657889333e-08	0.4026249113802963	584
13	33776903	35026463	-4.5750926466104674e-05	1.3197972637628816e-08	0.6904523358667991	429	-0.0001245175512792	3.3862533041947107e-08	0.4986213588173811	426
13	35026464	36046366	-2.8176593800404815e-05	7.4479438796606845e-09	0.7440534211465164	208	3.974378661497079e-05	2.0766839976620476e-08	0.7827066725697929	208
13	36046367	37498184	-6.235466648485249e-05	2.0188080258087697e-08	0.6607663130818857	602	0.0002644604764302	5.22035395268674e-08	0.2470792385304061	600
13	37498185	38878162	8.906329871059323e-05	2.2013997940101172e-08	0.5483238435284258	596	-0.0001068591231666	3.988539871489162e-08	0.5926065350297454	595
13	38878163	41069262	7.167582490641381e-05	2.7897530534294723e-08	0.6678279435074892	856	-0.0001158421484434	6.684717569245988e-08	0.6541181614699942	853
13	41069263	43101026	7.467345721275844e-05	1.8576492933746375e-08	0.5837752136388843	637	-6.826999239376865e-05	4.483856416174501e-08	0.7471446386124236	632
13	43101027	44901408	0.0006545182308279	2.8839548167068785e-08	0.0001161369792875	825	0.0001152277121104	6.614309209123483e-08	0.654125889706663	822
13	44901409	46495213	-7.853262658244481e-05	1.520319149037849e-08	0.5241790049809492	473	4.121045140235324e-06	3.7186107872231275e-08	0.9829500144817832	471
13	46495214	47431078	-8.532048420865019e-05	1.0909694661276273e-08	0.4140091017191353	355	-4.467947721954656e-05	2.6757945205152713e-08	0.7847473411947155	355
13	47431079	49383961	3.884447690090157e-05	1.8613558041527106e-08	0.7758603728845442	605	0.0003153288682276	4.5948604460897265e-08	0.1412774719246895	605
13	49383962	51591090	3.513478379625757e-05	2.3822440643149878e-08	0.8199279212694537	791	-0.0003424072622407	5.4600728938547075e-08	0.1428232633614106	788
13	51591091	53339621	-4.326759970675888e-05	1.3360139207908909e-08	0.708157098451601	418	0.0001204922207434	2.76971846409487e-08	0.4690630439241254	415
13	53339622	54682863	-7.834404561556155e-05	2.031124796238615e-08	0.5825147777674052	544	-1.0387315876559368e-05	4.3202422759884024e-08	0.9601426328854428	542
13	54682864	55817130	2.9866308291162393e-05	9.948457052045864e-09	0.7646075729377555	338	0.0002505125287351	2.4610316918216853e-08	0.1102936342823934	337
13	55817131	57554216	4.044160167217642e-05	8.738436957322393e-09	0.6652873282575757	322	0.0001045366109355	1.665324729919203e-08	0.4179038025415833	322
13	57554217	58410625	4.436356219318575e-05	6.575782974530115e-09	0.5843221823842213	240	5.257112994898532e-05	1.5457477920215407e-08	0.6724106301561086	240
13	58410626	59302270	0.0003373410730916	2.1731071434541677e-08	0.0221152452873772	239	0.0001548111184889	3.3188999455475586e-08	0.3954489747515753	238
13	59302271	60854777	-2.359233439965938e-05	1.6265954607565192e-08	0.8532425970431412	537	-0.0002023558340581	3.7459607224591543e-08	0.2957807277464344	534
13	60854778	61591948	-7.581687488833511e-05	8.373076180570068e-09	0.4073540839516237	287	1.4553576600547644e-05	2.0033290825793303e-08	0.9181028272901068	286
13	61591949	63971558	-0.0001950485624099	2.4803958115793773e-08	0.2155452545162091	683	-0.0002220459761916	5.6453517663743215e-08	0.3500259577626858	679
13	63971559	65200601	7.711809727291963e-05	8.553570095442578e-09	0.4043712904732809	309	0.0001199116564995	1.9112566577346204e-08	0.3857420487837357	308
13	65200602	67844452	-0.00015508117809	2.3740001703459423e-08	0.3141696078192556	830	4.366671337795838e-05	5.504841259769874e-08	0.8523556784127346	829
13	67844453	70724515	7.463215658458898e-05	3.079353532201235e-08	0.6706173992749873	976	-5.25853551221812e-05	7.705283777315566e-08	0.8497483843161262	971
13	70724516	71526790	2.703070322193977e-05	1.1241821959084004e-08	0.7987689826612295	321	0.0001856267350076	2.9966806325278245e-08	0.2835808839538594	320
13	71526791	73934088	-6.13539470830115e-05	2.7901433463435646e-08	0.7133900052763404	852	-0.0002336363330188	7.08863991470507e-08	0.3802021764247572	850
13	73934089	75670142	0.0002884189618695	3.096620904402981e-08	0.101212603311893	657	2.357538838878787e-05	6.279004084280663e-08	0.9250428259214398	654
13	75670143	77410554	8.670456830792169e-06	2.6789612667626312e-08	0.9577530127647468	834	-0.0003340797750248	6.903475111657375e-08	0.2035508916901889	831
13	77410555	78808812	-6.272930098454621e-05	1.35486864813057e-08	0.5899441539850179	441	0.0001824508470006	3.1776304370950724e-08	0.3060644351333246	437
13	78808813	80585675	0.0004813455768818	1.9865705414127983e-08	0.0006375571887705	526	0.0003038921060614	3.664210943951888e-08	0.1123866656446614	524
13	80585676	82581813	4.621880944621056e-05	2.0944605600189653e-08	0.7494523453865447	660	-0.0002338747878694	5.1709682611571727e-08	0.3037222904884712	658
13	82581814	84133143	0.0002027631196378	1.41576292838789e-08	0.0883634181228212	436	0.0003040528413526	2.651996799046084e-08	0.0618906320438608	423
13	84133144	85610915	3.584037287992467e-05	1.5320042499425006e-08	0.7721508484819951	454	-6.687838347356518e-05	4.5035538099941165e-08	0.7526528477025196	448
13	85610916	88559881	0.0001419709114397	2.4946470590995393e-08	0.3687241923485173	786	0.0002342735311535	5.4960640085437966e-08	0.31764777501054	779
13	88559882	90521310	2.4856847149760535e-05	1.4073492839010992e-08	0.83403494007248	518	4.7666674762807255e-05	3.087854636027334e-08	0.786190744363805	517
13	90521311	93129690	-1.5794429659343171e-06	2.6450767061966957e-08	0.9922514926820052	859	-8.694502485354308e-05	6.559355382150433e-08	0.7342481836860073	854
13	93586455	96087557	-4.0388230006058565e-05	3.9653218045836746e-08	0.8392739643601361	1225	-0.0001276164819436	1.013067024555621e-07	0.6884586626260135	1217
13	96087558	97519209	-3.838524274482458e-05	1.1075873944229082e-08	0.7153105781941602	378	3.736648934939192e-06	2.5669604937088908e-08	0.9813931268742122	377
13	97519210	98938918	-4.1834467491067694e-05	1.3222351963875493e-08	0.7159966064519898	398	-0.0001726092564193	3.5076219678416636e-08	0.3567203999217371	393
13	98938919	100574094	7.052934544299863e-05	2.4366054545171956e-08	0.6513898187352334	782	-4.292124211355876e-05	5.953085589770046e-08	0.8603612472644937	780
13	100574095	102300522	2.907099255136109e-05	2.2403943852016206e-08	0.846002337437773	720	0.000188432594152	5.6639837685091266e-08	0.428499067078244	715
13	102300523	104066709	-5.82215986778275e-05	2.7394714307995092e-08	0.7250156554260386	850	-0.0003117829749358	6.970928902622371e-08	0.2376489901407598	844
13	104066710	104844113	0.0001214025635406	1.0083683353286807e-08	0.2266714476670164	286	0.0001062424047687	2.7530382211590897e-08	0.5219696553483772	285
13	104844114	106247553	-6.380208156855845e-05	1.9407813714883017e-08	0.6469667891230753	532	-1.0780751943349404e-05	5.3270265845049846e-08	0.962744638449613	530
13	106247554	106749999	5.3469060060230375e-05	8.653224572446844e-09	0.5654294289796316	235	-0.0001016477961464	2.4354613721072535e-08	0.5148274254765793	234
13	106750000	108189876	2.0726345022055235e-05	2.0108982190182464e-08	0.8837953090999533	537	0.0002095807322992	5.504491948602218e-08	0.3717016045785134	535
13	108189877	109121209	6.824461496859449e-05	1.437598756882586e-08	0.5692340699411246	358	5.989447544599088e-05	4.2664081096459344e-08	0.7718379120466026	358
13	109121210	109815111	0.0001360687806567	1.6754484859838197e-08	0.2931582949860443	319	0.0001347307723421	3.1863702695769675e-08	0.4503827743529262	316
13	109815112	111232072	0.0002594969317314	2.8553445493632065e-08	0.1246149405381922	730	-0.0001327856789173	8.08613797888097e-08	0.6405277393819502	724
13	111232073	112247591	-0.0001521128552637	1.7568188466431397e-08	0.2511207558547355	498	5.586583971584037e-05	4.7347399825018626e-08	0.7973773332602205	494
13	112247592	113572487	-5.4334178967950586e-05	2.0412608515143895e-08	0.7037243407137856	401	4.249495576802525e-05	4.9779016784524566e-08	0.848945095833874	387
13	113572488	115109852	-9.8939039650503e-05	1.2367868048700736e-08	0.373652654708923	375	4.173267112940524e-05	3.3446104719528364e-08	0.8194957568972339	373
14	19002084	21589401	-9.813925759247714e-06	2.293449481939712e-08	0.9483304883798472	502	8.64788275204629e-05	6.28315725521008e-08	0.7300933357305777	497
14	21589402	23018664	-0.0001038677387955	2.2211447335611665e-08	0.4858435006034795	606	-9.793600621209602e-05	6.504107251329286e-08	0.7009670979134167	566
14	23018665	24905122	-0.0003563897638707	2.60389232632169e-08	0.027203663815788	610	-0.0005015080608634	7.329947767445093e-08	0.0639728697789957	600
14	24905123	26135685	1.7766349761581713e-05	1.8433506532808026e-08	0.8958890819553573	573	5.3230059211680864e-05	4.2884735282143354e-08	0.7971456696064987	570
14	26135686	28466532	6.093802797213932e-05	2.2129456571298698e-08	0.6820695904841705	619	8.087510047041034e-05	5.601872248875668e-08	0.7325747450853024	618
14	28466533	29972144	7.903879668480145e-05	2.7246386942470514e-08	0.632056036851288	342	1.616324381661623e-05	3.0964585153476934e-08	0.9268144062812916	338
14	29972145	32383264	-4.459153683741571e-05	2.7197199985125813e-08	0.7868603679112153	520	0.0001011939191385	4.593540758237385e-08	0.6368192330418276	515
14	32383265	34846250	0.0001814829270911	5.1849326999983865e-08	0.4254447514929722	1057	3.084749327486548e-05	1.3015792789071856e-07	0.9318610077786934	1053
14	34846251	35859592	3.961709671161066e-05	1.4265949646768288e-08	0.7401233963351479	292	0.0001791956260277	2.2799337023938143e-08	0.235318639651027	288
14	35859593	38667724	-0.0001320077095123	2.6324732280257533e-08	0.4158672948712774	810	0.0001652309064693	5.4458518054445686e-08	0.4789198280439656	807
14	38667725	40341989	1.666259866489525e-05	1.8493334232038392e-08	0.9024809214207165	590	0.000157153311048	4.2428677661195595e-08	0.4454956149333214	589
14	40341990	41615501	0.0001076258876281	1.4615724708729746e-08	0.3733376193158545	395	-0.0002761868234332	2.5602468073859113e-08	0.084332222119316	395
14	41615502	43137388	0.000115487931806	1.3642813395602506e-08	0.3227875475849006	452	-0.000191238692171	2.990871818235456e-08	0.268812787349442	449
14	43137389	44543226	6.417999539383514e-05	1.098661748961568e-08	0.5403361001042535	314	-0.0001859028797231	2.7978766860710564e-08	0.2663946267461062	314
14	44543227	46081895	0.0001049668911393	1.0295593800142065e-08	0.3009067732016516	330	-1.6422547030522035e-05	2.2594174000916258e-08	0.913000046431731	330
14	46081896	46749129	1.1655626834709117e-07	4.877246127702808e-09	0.99866835593374	173	-1.178403195007628e-05	9.548109832778738e-09	0.9040105302218524	171
14	46749130	48573585	0.0001010698751498	2.268095632412753e-08	0.5021530773408625	653	-4.308297460406354e-05	5.2721895537110147e-08	0.8511640335148225	652
14	49005471	50507759	0.0002052793459783	1.4726522765936656e-08	0.0907241449799075	450	-4.3327140594207216e-05	3.5790389474669614e-08	0.8188519755124253	448
14	50507760	51493571	2.3491001295005224e-06	1.2351401698202932e-08	0.9831363674873382	370	0.0001385974231547	2.8241767424002724e-08	0.4095276701769467	370
14	51493572	53474382	-0.0001314794897771	3.1518453925648034e-08	0.4589444379451363	892	-3.815675912450104e-05	8.066054336636842e-08	0.8931250252493287	892
14	53474383	53997830	-4.442247267048956e-06	5.571824716559608e-09	0.952544366696392	182	-5.681613425619031e-06	1.1373284554600004e-08	0.9575122839120206	182
14	53997831	55233680	-8.225092865278167e-05	1.5636450588021085e-08	0.510688212391396	396	0.0001873737208461	4.262872182159712e-08	0.364130419301154	394
14	55233681	56216879	-2.7433191530629752e-05	1.0227056794864784e-08	0.7861837459981496	311	-8.869575365503528e-06	1.8142812855266867e-08	0.9474978834839354	309
14	56216880	57481261	0.00032805079991	2.0307700527580453e-08	0.0213335560858548	595	4.5070651570564125e-05	4.741159057268263e-08	0.8360168458613264	594
14	57481262	59448335	-2.191018809147953e-05	2.266636401097563e-08	0.8842917310377022	664	-0.0002628278314283	5.5882867225730686e-08	0.2662182709667862	661
14	59448336	61680423	-0.0001321295024048	1.915173581863358e-08	0.3396973979588454	646	-5.7734120540258574e-05	3.599072369628588e-08	0.76088049586351	645
14	61680424	63790014	0.0001861136141292	3.1952590613051104e-08	0.2977928081547453	813	0.0005312795718999	7.27286509971176e-08	0.0488362261038307	807
14	63790015	65220297	0.000121413844156	1.1697740826557898e-08	0.2616160103322742	403	-4.7992659573208087e-05	2.3770720272606988e-08	0.7555864467968382	402
14	65220298	66399554	1.3684543990142128e-05	1.4012837512201831e-08	0.9079675686575854	411	-8.78357558401953e-05	3.1131751892601024e-08	0.6186131625519711	408
14	66399555	67992316	-2.1993493004993252e-05	1.1569549882160238e-08	0.8379838858106751	343	-2.236760384125976e-05	1.9457416286269773e-08	0.8726030728199687	343
14	67992317	71131956	-0.0002113164301319	4.1045481447208646e-08	0.2969301849415671	1205	0.0002549778650222	9.342800974476989e-08	0.4041750591440631	1197
14	71131957	72889614	0.0003509796683277	2.1783502472558128e-08	0.0174052093702348	684	0.0001370964685588	4.588401248809161e-08	0.5221576540855672	683
14	72889615	76444766	-0.0001221871797505	3.7521234291276754e-08	0.5281756745289774	1151	-0.0001309178279181	7.87349789482703e-08	0.6408089980211721	1146
14	76444767	77229471	-3.431861936639482e-05	1.1914611765862233e-08	0.7532132303439474	304	-0.0002006627246757	2.8314215196464786e-08	0.2330587376400381	302
14	77229472	78561944	0.0001441898549284	2.2415535018311656e-08	0.3355098411426594	627	-2.1301728455829e-05	5.4451379259414045e-08	0.9272643023760032	624
14	78561945	80186578	-9.044343542397824e-06	2.118282504645736e-08	0.9504497636585928	585	9.587374599294124e-05	4.761141102726627e-08	0.6603833677506297	583
14	80186579	81579713	-8.867408186520201e-05	1.6718804098432974e-08	0.4928426073090104	528	1.2549000860902935e-05	3.7634544985954946e-08	0.9484233554771716	528
14	81579714	83138096	0.0001740533743678	1.829131599950832e-08	0.198113475428951	457	0.000286334078876	3.8519102750883824e-08	0.1445839090595514	455
14	83138097	84241632	-0.0001379914770038	1.429637403503778e-08	0.2484636712254878	391	-5.613516933565824e-05	3.6598450247283764e-08	0.7691939231282071	390
14	84241633	85746318	-9.901474440450524e-05	1.9930765650848115e-08	0.4830815159266894	513	0.0001178280308268	4.4997538493477076e-08	0.5785787933462139	508
14	85746319	86647001	5.204719250120542e-05	9.991977074298256e-09	0.6025891265507962	318	3.302129437473765e-05	2.4304274836745595e-08	0.8322528699195878	317
14	86647002	87635340	2.0839551257450957e-05	1.0540915449433784e-08	0.8391521440354993	303	3.4682412602218293e-06	2.6384498392523922e-08	0.9829650076500616	303
14	87635341	89497642	-4.368672249362209e-05	1.9478808477820997e-08	0.7542675574536389	629	1.9256964036831544e-05	4.089697169045911e-08	0.924137634741686	627
14	89497643	91296859	-0.0001117599243553	2.3108369905769682e-08	0.4622218787077329	561	5.57545430698008e-05	5.8370093070324625e-08	0.8174911281574666	559
14	91296860	93132298	1.4460595990717626e-05	2.3385349679033977e-08	0.9246631475793254	629	6.997558599393516e-05	5.619218499701033e-08	0.7678451357322446	626
14	93132299	94325284	-4.500623009539002e-07	1.3553115403811974e-08	0.9969154483432808	383	5.440798034989139e-05	3.1021792820695124e-08	0.7573915096161472	381
14	94325285	95750866	-8.295271105531996e-05	3.7873127814280925e-08	0.6699252543729908	764	-0.0002138233673328	8.417812930492464e-08	0.4611346901614949	763
14	95750867	96262414	-1.2027200665372024e-05	1.2914341831483785e-08	0.9157134399914524	344	2.839974403075478e-06	3.268111765220216e-08	0.9874660437671052	342
14	96262415	98341161	-0.0003419928049876	2.8158937829734533e-08	0.0415477482667225	716	-0.00059514111368	7.772205667634374e-08	0.0327811195031959	712
14	98341162	99138531	-2.5588647441957875e-05	1.7021827674400442e-08	0.8445083422613946	332	-8.523689275562734e-05	2.8538454514759928e-08	0.6138682643569692	331
14	99138532	101534306	0.0005692809729852	5.1740725478386045e-08	0.0123246719860071	790	0.0006592065407721	8.435419452098093e-08	0.0232258838158605	787
14	101534307	103012101	-1.3132571096658529e-05	1.3460143627389206e-08	0.9098764411096522	352	9.609430219215046e-05	3.1003438182781985e-08	0.5852386923040105	349
14	103012102	105001722	-0.0004342366516523	1.7127999420232166e-08	0.0009067248060052	459	-0.0003147040496788	3.2668072322808175e-08	0.0816542045818357	457
14	105001723	106340357	7.374996468358684e-05	6.72296154391294e-09	0.3684080800710273	186	7.175877877947762e-05	1.7598395629107473e-08	0.5885580362794839	185
15	21131604	24195126	0.0001617132744868	9.959437038632452e-09	0.105141540985739	185	2.5501003662803705e-05	3.201207818134851e-08	0.8866629259194848	185
15	24195127	25108589	-3.601242701418536e-05	8.222525771986979e-09	0.6912600856633424	179	-2.028074701679278e-06	2.0593956518524935e-08	0.9887244000976954	179
15	25108590	27298111	-0.0003172716073057	3.34858735087933e-08	0.0829525879345364	678	2.327498435102506e-05	8.541716012160148e-08	0.9365256836595436	677
15	27298112	29338501	7.111077367535263e-05	1.6189861642830522e-08	0.5762477769639367	355	8.618759029180494e-05	3.417069160393265e-08	0.6410373249049697	354
15	29338502	30165567	-5.5480163228127e-05	9.339956656067557e-09	0.5659200327640785	216	-1.671565427584709e-05	2.1832005615453483e-08	0.9099277438996216	214
15	30165568	31591820	-3.853379854246183e-05	1.13695881716599e-08	0.7178120744191664	252	5.867715160318476e-05	2.5072261246170553e-08	0.7109565500800414	252
15	31591821	32441810	5.8814769090769304e-05	1.0223698303805023e-08	0.560783822716783	246	0.0002149859922243	2.0947304620857753e-08	0.1374354781402077	244
15	32441811	34015424	8.892501663881189e-05	2.837383044954316e-08	0.5975575160793194	607	9.880567235377927e-05	6.914591377976059e-08	0.7071030015456596	604
15	34015425	35083250	1.306637410514396e-05	1.7288782082121823e-08	0.9208413043260554	356	0.0002976861507787	3.5008588126396745e-08	0.1116086254393962	354
15	35083251	37456501	4.439221698836085e-05	3.7242125162972825e-08	0.8180663476994912	767	0.0004797224637246	8.2241603698793e-08	0.0943664849394407	765
15	37456502	38530776	0.000167028455151	1.3545738269870661e-08	0.1512520508465443	326	0.0001348077587305	3.0207177682471374e-08	0.4379619811574827	323
15	38530777	40384131	-3.435257638722875e-05	2.8797337504424033e-08	0.8395775636820375	681	-2.6346375123371623e-05	6.289714460343836e-08	0.9163343394047376	678
15	40384132	41177513	0.0001294882364963	2.4708909563541453e-08	0.4100728928159113	218	1.64811267015825e-05	1.5559454556353375e-08	0.8948842878938936	218
15	41177514	42776398	-5.653595454459184e-05	1.6677718885831822e-08	0.6615454140926358	431	3.1108529158357764e-05	3.0119092509885183e-08	0.8577416085690484	426
15	42776399	44198048	-0.0002940898895859	1.0045781490826892e-08	0.0033441944135093	276	-7.537501439247791e-05	1.1632995792599332e-08	0.4846481378942535	274
15	44198049	46618786	-8.951603280732405e-05	1.5504105419605138e-08	0.4721933698855763	410	-0.0001108176692665	2.6486764957817645e-08	0.4959236376480739	408
15	46618787	48136047	0.0002011077488769	3.556684004127846e-08	0.2862583645325056	581	0.0002905457279735	5.2731780922449784e-08	0.205779710399523	579
15	48136048	50008042	0.0001731821848054	1.2949494423067124e-08	0.1280423146232186	353	-1.7232614844500762e-06	2.2377878253723106e-08	0.9908088006811434	352
15	50008043	51677559	9.801496868009178e-06	2.337510360453903e-08	0.9488838316579318	611	-9.15230145081907e-05	4.3100071450703665e-08	0.6593212434377155	606
15	51677560	53069095	0.0002137175532592	2.8438572619938868e-08	0.2050408841585925	361	0.0001555589344917	2.0700543590757714e-08	0.2796103195704623	358
15	53069096	54508527	-0.0001209822253415	2.6782661274358664e-08	0.4597517207732936	678	-0.0001544168832667	5.713718816166864e-08	0.5182766268726263	675
15	54508528	55136268	-5.3949249951779585e-05	1.0816821071881196e-08	0.6039538508901188	271	3.59626731193545e-05	2.2490702515226544e-08	0.8104847606706926	272
15	55136269	56901772	5.633072687949447e-05	2.0177701881164283e-08	0.6916915510400554	517	0.0001979559111912	4.1171434198739974e-08	0.3292641887018864	517
15	56901773	58441365	5.572994010327788e-05	2.0989638321342732e-08	0.7004833807881476	530	2.556375937431499e-05	4.0992355255352056e-08	0.8995243922295937	526
15	58441366	59694115	0.0003511224932386	2.1092690771129557e-08	0.0156212781212856	494	0.0002936001502233	4.66963890951401e-08	0.1742505499978134	489
15	59694116	61265835	8.28994201462565e-05	2.5164484624992662e-08	0.6012626349278614	565	-4.2976735020993055e-05	5.967954438891542e-08	0.8603550573460615	560
15	61265836	63215221	0.0002517625788397	3.7308562933135944e-08	0.1924288137566655	856	-6.267488816123045e-05	7.874759240033244e-08	0.8232675306578351	855
15	63215222	65104667	0.0001100870429096	1.9693247172560317e-08	0.4327631065338843	507	3.915150995806513e-05	3.5952435179340214e-08	0.8364136208505183	505
15	65104668	67094766	8.602525998214256e-07	2.2712609987094356e-08	0.9954456104409716	587	-0.0001285419245349	4.3095855504034586e-08	0.5357882772924126	579
15	67094767	69017998	0.0003009537125383	2.6121183271142746e-08	0.0625888257087131	661	4.822640056124124e-05	6.050952520031837e-08	0.8445688651037007	659
15	69017999	70133340	-9.09746619785814e-05	1.0214564483441135e-08	0.3680452416660942	240	-0.0002068960522496	3.1064047583919776e-08	0.2404436582620863	239
15	70133341	71922648	2.876890660311616e-05	2.6847302162556792e-08	0.8606245555736588	632	-4.22373636530847e-05	5.6150518584094494e-08	0.8585297452469323	632
15	71922649	73628713	-2.142175860367361e-05	1.2537936282321593e-08	0.8482812015237293	349	7.763508408199602e-06	1.925793226121369e-08	0.9553864510787256	348
15	73628714	76398623	0.0001216236257304	2.4402921031477533e-08	0.4362337188066303	608	-9.882763491847951e-06	4.4197786231878745e-08	0.9625063020082452	606
15	76398624	78516052	3.199172723274257e-05	1.8295992895330046e-08	0.8130326433974533	490	-8.966846760183653e-05	3.2376769110445534e-08	0.6182466460321386	487
15	78516053	80860977	0.0002530406562913	4.1100568503294364e-08	0.2119765412712811	983	-0.0004221564650146	8.905466711779103e-08	0.1571748692311348	981
15	80860978	84260467	0.0003063383238092	3.659522387611472e-08	0.1092970832999034	869	0.0002352868267723	7.510542803701239e-08	0.3905928082615498	862
15	84260468	86652904	-0.0003033363112553	3.3042473951717155e-08	0.095169339594117	860	-0.0002193088763066	6.239007351445797e-08	0.3799393904797674	857
15	86652905	88369942	2.314028086522433e-05	2.9560861951361735e-08	0.8929367135113357	711	0.0001316985341418	6.535141332008622e-08	0.6064318401541025	710
15	88369943	90475550	-0.0002234952202569	5.7165264638364085e-08	0.3499097673068959	645	-2.0814033036982463e-05	6.07935398324927e-08	0.9327252609174496	639
15	90475551	92164391	5.3577709414084414e-05	3.6185605391000745e-08	0.7782086816205819	574	-0.0001656512919091	5.595364406576521e-08	0.4837434824940941	573
15	92164392	93780901	8.289869856550781e-05	4.358465388589022e-08	0.6913065135594352	753	0.0002461511821852	8.01112442328581e-08	0.3844800068743431	750
15	93780902	94924329	1.0834081993658457e-05	2.431489808998449e-08	0.944608050852902	485	0.0002237092793563	6.178199696750303e-08	0.3681086505836566	482
15	94924330	96141595	0.0002155597000659	2.09189214831282e-08	0.1361235259748416	441	6.157175034278722e-05	5.2837083115041046e-08	0.7888050816113233	440
15	96141596	98030909	0.0003303242254526	3.3954377511447e-08	0.0730308653650185	581	0.000259958387813	7.127064446225932e-08	0.3301795473444614	579
15	98030910	99244058	0.0004692816312577	2.1461878477746737e-08	0.0013585514746132	444	0.000228743065786	5.2361371140286646e-08	0.3174860881247533	439
15	99244059	100636846	-0.000217718870174	2.2544547763487145e-08	0.1470517172966916	508	-6.351487810258326e-05	5.3003502806192224e-08	0.7826387885866279	506
15	100636847	101552693	8.279554955391862e-05	1.7438823622673482e-08	0.5306773485578113	394	0.0001627064205286	4.1133096130311115e-08	0.4224091442039518	392
15	101552694	102520965	5.662940535515895e-06	1.6852843731805538e-08	0.9652057284576024	349	-6.075623004296654e-06	3.9368400578762294e-08	0.9755719314677532	344
16	60054	1207205	0.0001657538829984	1.1924172983609056e-08	0.1290339558334891	281	2.4363387849796124e-05	2.6076844422532184e-08	0.8800762736234652	280
16	1207206	2764828	1.34294931916646e-05	1.2677694555111689e-08	0.9050596527506948	300	-8.711391681575029e-05	2.4945035734096083e-08	0.5812474870184425	299
16	2764829	4001195	-4.15606923030503e-05	1.3702264503932644e-08	0.7225539201774811	289	0.0003875236545257	3.8382201073036224e-08	0.0479251143876066	289
16	4001196	5118344	2.6520678567334528e-05	1.2695602668513184e-08	0.8139186817032361	296	4.1553936069936767e-05	2.6830559790863293e-08	0.7997377898307048	295
16	5118345	5891579	8.74254042449184e-05	1.3689464586127533e-08	0.4549349995098787	315	4.7148638876257456e-05	3.0050448820767585e-08	0.7856341669749718	314
16	5891580	6893550	0.0006370439118638	4.044767500131788e-08	0.001537327072484	536	1.5339612174497428e-05	6.250218008907473e-08	0.9510745953279892	526
16	6893551	7529120	8.49518477382254e-06	2.060250193778934e-08	0.9528046271866208	495	0.0001065063235871	4.715867334657169e-08	0.6238156103492941	494
16	7529121	8338518	-0.0002012003049575	2.0143400934919053e-08	0.1562994451507346	455	6.331159128410611e-05	5.2417957191588135e-08	0.7821405663132837	454
16	8338519	9799418	3.378355162324254e-05	2.8381293695643856e-08	0.8410625387509323	631	-0.0002156242258607	6.982338733611713e-08	0.4144926804667488	626
16	9799419	10426031	3.812575352460512e-05	1.5009398803221277e-08	0.755650108726937	389	-2.0517114560833984e-05	3.1471670123252955e-08	0.9079276653603566	388
16	10426032	11520160	-9.28016693712986e-05	1.9466737956526677e-08	0.5059647420140418	445	-6.867434024026116e-05	4.159647792233747e-08	0.7363295613505205	443
16	11520161	12613097	4.418152570124699e-05	1.5300586096454186e-08	0.7209573389636346	369	-0.0001736968211267	3.309534191461687e-08	0.3396832688280382	366
16	12613098	13154436	3.6781830635729434e-05	1.1584643760037361e-08	0.7325488269941403	292	7.176265469394028e-05	2.3239759827650945e-08	0.6378251965619853	289
16	13154437	14464001	0.0004231724385719	2.9066647045519377e-08	0.0130609293678499	488	8.717908329389796e-05	4.4941908042339356e-08	0.6809026740170849	485
16	14464002	16154059	5.099041163467008e-05	1.0487047062884992e-08	0.6185385402193055	275	0.000192418235557	2.0848297604532528e-08	0.1826519019479403	274
16	16154060	17644748	-3.527570751639616e-05	1.4680627905096212e-08	0.7709434592855218	325	-0.0001684350174095	3.615495402849438e-08	0.3757112357073134	324
16	17644749	18643606	1.3499907505255282e-07	6.417566438396818e-09	0.9986554236684364	155	-9.72938144053752e-05	1.4793154745509008e-08	0.4237483182565459	155
16	18643607	20150570	0.000295965216465	1.5835333915810622e-08	0.0186755636097209	381	6.37752174723795e-05	3.5314640188193085e-08	0.7343303639951517	375
16	20150571	22448903	-8.074326213873708e-05	1.6398790677960247e-08	0.5283529845376287	409	8.318100477815154e-05	3.302155577341367e-08	0.6471343003391818	405
16	22448904	24136874	-1.7349115649304396e-05	1.9544774304578292e-08	0.9012383084181136	457	-5.0697851848600806e-05	3.416196002172141e-08	0.7838577923136845	452
16	24136875	25986861	0.0001261463450017	3.025167782738465e-08	0.4682861763123118	632	1.5685398171336627e-05	5.982565507241609e-08	0.9488678224492064	629
16	25986862	27445754	0.0002256645132609	2.7302209235420177e-08	0.1720241934651269	587	0.0003359011241722	6.785192767645886e-08	0.1972150161097384	584
16	27445755	29036612	-0.0001216088318532	1.1864910863791266e-08	0.2642366016023303	297	-0.000378468386893	1.9666492056028804e-08	0.0069595887036015	296
16	29036613	31382942	0.0001573901085175	1.0962975643761716e-08	0.1327906513386103	306	0.0001282987429158	1.6993828589237207e-08	0.3250245119859023	305
16	46399473	49007925	5.666694214672807e-05	9.379924289664153e-09	0.5584804667786567	265	8.338873968631115e-06	1.525890444537804e-08	0.9461784700554016	264
16	49007926	52035822	0.0006869798304087	4.5314582472668576e-08	0.0012501092613375	964	-7.702877746275946e-05	1.0310224057031009e-07	0.8104126175514479	957
16	52035823	53382571	6.62912806629251e-05	1.8513499143880873e-08	0.6261127306643022	405	0.0001880748140705	3.0784002973192774e-08	0.2837496234896011	403
16	53382572	55903773	5.6265286757492464e-05	4.2495578090090275e-08	0.7848986235549775	1004	0.0002258086355841	9.750450002622861e-08	0.469587911281336	1003
16	55903774	57664329	0.0001278107136527	2.6405479617624732e-08	0.4315518141391556	616	0.0001992226956298	5.4347986285234606e-08	0.3927898509495608	612
16	57664330	59045404	0.0005468024485162	2.1007768840805304e-08	0.0001615567280709	489	-4.951857156413107e-05	4.5816482010675473e-08	0.8170479810578647	488
16	59045405	60745693	-5.8491150519945466e-05	2.0785501752144023e-08	0.6849596785768393	521	-0.0002116733815059	4.400085424724953e-08	0.3129250205504483	520
16	60745694	62229848	-5.228049089796072e-05	1.673841021843035e-08	0.6861434935183559	329	-4.8188426818805905e-05	2.58256943184125e-08	0.7642848899671533	328
16	62229849	63691588	0.0001887219575496	1.671404873808191e-08	0.1443559146371988	411	0.0002075559893193	3.715905950801939e-08	0.281605227012987	407
16	63691589	65938565	0.0003465982847469	3.1601315311893424e-08	0.0512086537556532	820	0.0006200055348926	6.709564948924626e-08	0.0166847323608627	817
16	65938566	68841362	0.0001053842026154	2.5078421464533928e-08	0.5057529299053793	692	-3.632932433001127e-05	4.1315182952332895e-08	0.8581480879058828	686
16	68841363	71054027	0.0001078036447102	1.3057775866587705e-08	0.3454730474858641	361	9.559988449861095e-05	2.210481470406238e-08	0.5202212607432468	361
16	71054028	72935149	9.628780430626866e-05	2.082068562930778e-08	0.5045779308098752	505	0.0001661058860539	3.0380611376345835e-08	0.3405968895931661	503
16	72935150	74971502	0.0001686603459815	3.29885078208748e-08	0.3530931275624049	661	2.9216881679797163e-06	6.829559374207259e-08	0.9910799244284408	657
16	74971503	75977953	-5.3733505132358165e-05	8.468708970174904e-09	0.5592893193386569	219	-1.089992153743908e-05	1.7977220067743353e-08	0.9352076079508228	219
16	75977954	77523677	-6.566141186478184e-05	2.7179058425930068e-08	0.6904207497141834	691	3.704111778838344e-05	5.840642479958858e-08	0.8781862996632197	689
16	77523678	78456291	-8.918721265429963e-05	2.709326095745539e-08	0.5879279692871073	614	0.0001136855187505	6.29644308635644e-08	0.6505041957518987	612
16	78456292	79134814	-6.796646010223613e-05	2.0711833394716907e-08	0.6367379454539897	444	-0.0001468857847048	4.94034374597615e-08	0.508710183333361	440
16	79134815	80297373	-8.293539433409071e-05	2.7090192777151354e-08	0.614340205667903	663	-0.0002854269159345	5.58068264686232e-08	0.2269570435537533	663
16	80297374	81772535	4.65236036829687e-05	2.901117413572203e-08	0.7847429942830606	671	8.057029897581677e-05	6.585342704439775e-08	0.7535451243225565	670
16	81772536	82747727	0.0002974393277217	2.526678147286867e-08	0.0613154425852015	506	0.0003069976340726	5.5992615919565176e-08	0.194497952557635	502
16	82747728	83477207	0.0001500215464561	2.7140924615474558e-08	0.3624910600250014	593	-0.0002193173067315	6.50980635251717e-08	0.3900178019520602	592
16	83477208	84445882	6.307597821972106e-05	2.9480340150963475e-08	0.7133467927716541	624	-2.7883863587541017e-05	7.357237563939697e-08	0.918121245928108	623
16	84445883	85148684	-6.923709450457386e-06	1.9160185635551456e-08	0.9601068827693326	397	-0.0001427368146387	4.981482230086969e-08	0.5224822392241435	397
16	85148685	86156598	0.0003470884222277	2.0572434479262865e-08	0.0155248081706307	364	-0.000233576236527	5.009275013703626e-08	0.2966625422000447	361
16	86156599	86815410	-8.839980090087904e-05	2.1312898444817775e-08	0.544832116571506	401	-2.9471608326369377e-05	5.759135581192262e-08	0.902259469031406	397
16	86815411	87647348	2.782149180675534e-05	1.4214154362358784e-08	0.8154845898356974	308	0.000371115407551	3.4489724332076446e-08	0.0456824328832165	306
16	87647349	89041164	-4.507604516683896e-05	1.6210325134367082e-08	0.7233103662851459	339	0.0001241771442839	3.754672254260173e-08	0.5216208507560629	338
16	89041165	90292811	-0.0001818855579241	2.7039202425794065e-08	0.268675648971718	330	-0.0002738351901735	2.3612254124644516e-08	0.0747406445011218	331
17	56	1172398	-0.0002675741928034	1.3303877828502866e-08	0.020350382066211	242	0.0003097210299635	3.822815475963254e-08	0.1131739246496724	239
17	1172399	1928730	0.0002657886883922	1.0035642658950864e-08	0.0079741400014691	211	2.884458205291366e-05	2.6297443393079727e-08	0.8588235338019881	209
17	1928731	3702311	0.0001730235225151	3.533816596151869e-08	0.3573565323372173	570	0.0001297186545661	6.360903715390628e-08	0.6070203236950971	561
17	3702312	4696260	-0.0002381480059213	1.3630216176210476e-08	0.0413665106505896	249	-0.0003317356079459	3.5828014812808845e-08	0.079672139658843	248
17	4696261	5741333	0.0003357762079082	2.66603879874606e-08	0.0397398301112882	411	-8.34905389423805e-05	4.3320188727382007e-08	0.6883196879064128	409
17	5741334	7317397	-0.0003920370224629	2.4597903952800362e-08	0.0124318424849235	557	-0.0003463925766796	6.383925307978289e-08	0.1703875298986154	556
17	7317398	8306424	4.003668848058856e-05	1.2465030035403806e-08	0.719893606061512	341	-0.0001689069031748	2.8447975627739045e-08	0.3166177202323915	340
17	8306425	9965920	-0.0002058373555391	2.3048156334685828e-08	0.1751524102815334	506	-0.0004544000399069	6.327799790560351e-08	0.0708571337220129	505
17	9965921	11102814	7.158965641445625e-05	1.6976055194067114e-08	0.5826934475777503	395	0.0001281645463314	3.6977828141712675e-08	0.5050944554985246	391
17	11102815	12534768	-4.329511724928507e-05	2.0098208624779922e-08	0.7600662276432704	454	0.0001659254076392	4.7905494542563715e-08	0.448397668544474	453
17	12534769	13180371	0.000304374180642	2.1851638040539652e-08	0.0394899404398197	250	9.972490702841632e-05	3.377224979031482e-08	0.5873675050849899	249
17	13180372	13894636	9.231609524964464e-05	1.3770436721451777e-08	0.4314634230737522	285	0.0002206325608505	4.030460651897069e-08	0.2717740588045112	284
17	13894637	15019096	7.312963503436667e-05	2.1309723167544273e-08	0.6163980957224846	520	-0.0003506203169484	5.6328217043445484e-08	0.1395903366044243	517
17	15019097	16412341	1.202939232440333e-05	1.222937976167608e-08	0.913378493489922	330	6.99185723742638e-05	2.54969798868473e-08	0.6614783382595435	328
17	16412342	18856319	-2.948405377568194e-07	1.945910668663836e-08	0.998313581012964	563	-8.750774737426567e-05	3.657075327456375e-08	0.6472447378613577	560
17	18856320	21290356	0.000141916497067	2.4946466987536933e-08	0.3689077144412962	308	6.996785827950993e-05	2.031494338948288e-08	0.6234989839225251	305
17	21290357	27334243	4.7627403576267054e-05	1.3398295779911616e-08	0.6807321374374122	399	7.401702497669911e-05	2.9764720476882642e-08	0.6679063821170815	399
17	27334244	29786490	4.363663827239166e-05	1.6984230818876155e-08	0.7377510132934607	533	-8.886891202659677e-05	2.521973127963827e-08	0.575750608094659	526
17	29786491	31538424	-9.089615830316853e-05	1.7858172455532207e-08	0.496387356955108	455	-0.0001681549833726	4.2855716411144167e-08	0.4166314104817488	451
17	31538425	32912797	-0.0002172957749837	2.6883213625016253e-08	0.1850752175747578	688	-0.0001267521352859	7.000295686338355e-08	0.6318903092177026	687
17	32912798	34469035	-0.0001514664994536	1.6343009486030442e-08	0.2360905699471722	451	0.0001225146273007	3.62541023640351e-08	0.5199373772291561	444
17	34469036	36809343	0.0005040496270818	1.7221955835417544e-08	0.0001225881910111	399	0.000748521192929	3.454702062946395e-08	5.645480254887077e-05	368
17	36809344	38877403	5.197612958176752e-05	1.495815413914729e-08	0.670853792424083	414	1.0241963285689564e-05	3.278463181770877e-08	0.954891688047882	410
17	38877404	39899809	-6.16692003774052e-05	1.232434237117068e-08	0.578550631341008	376	4.970172727093711e-06	2.6983128527053234e-08	0.9758621195765754	374
17	39899810	41772086	-4.030307345625852e-05	1.3359888258680417e-08	0.7273237038142181	429	6.069151172389595e-05	2.4195493732529575e-08	0.6964063018377452	428
17	41772087	43056904	-2.9967830249550655e-05	1.2579741274947033e-08	0.7893232325972436	380	-0.0001395718575551	2.5908803163256754e-08	0.385881755110444	378
17	43056905	45876021	-0.0002370231018574	1.869081428336144e-08	0.0829694719384068	411	8.977296658469078e-05	3.045553782839793e-08	0.60696285418678	411
17	45876022	47517399	8.47045707792317e-05	1.9043395897449457e-08	0.5393402452768704	564	0.0001909475694431	3.9177920348710206e-08	0.3346937968889262	563
17	47517400	49898956	0.0004268745898317	3.565799926581268e-08	0.0237846524753623	651	0.0002452595363692	6.760799516611625e-08	0.3455529771164504	645
17	49898957	50719054	-1.3718421602695958e-05	6.5990910656072175e-09	0.8658959661918387	199	-2.365978153947383e-05	1.495834685674747e-08	0.8466064920187435	199
17	50719055	51826117	5.025177563181307e-05	1.2483571589442049e-08	0.6528826397759743	301	0.0002132773809082	2.352821732407192e-08	0.164397216936415	301
17	51826118	53599431	-6.327948222329098e-05	2.0988938654508404e-08	0.6622673058048854	518	-4.059717284181065e-05	4.502762489387192e-08	0.8482763081861409	517
17	53599432	55357540	-8.261563140297683e-05	2.0743312678364493e-08	0.5662259721841292	490	-0.0001088734658448	4.5385197510436506e-08	0.6093147763289806	489
17	55357541	57487511	4.756283235431117e-05	2.7376671279726687e-08	0.7737601421229414	597	8.687700181118044e-05	4.628778104034391e-08	0.6863561525413222	595
17	57487512	59312754	1.165334481258188e-05	6.938654756300181e-09	0.8887402120268849	229	-1.8941147026474925e-05	1.2265124657667912e-08	0.8642007970185136	228
17	59312755	61545588	-0.0001881412264048	1.3393929258194146e-08	0.1040218042322924	359	8.73910712104856e-06	2.9181292855573298e-08	0.9591995026816712	359
17	61545589	63148127	0.0001233794008304	1.6156483616087658e-08	0.3317152772855629	282	0.0001992364014257	2.0239718846877183e-08	0.1613797223515226	280
17	63148128	64800429	3.51663416156489e-05	2.2373682935559415e-08	0.8141286726050867	615	-8.756585064268944e-06	4.9393979458877156e-08	0.96857136847406	612
17	64800430	67858769	2.4534985646625816e-05	3.1253961466085796e-08	0.8896223853637888	786	1.2135412044986156e-05	7.741735588978314e-08	0.965211336197467	783
17	67858770	69387816	-0.0001107684997428	2.1340860299194623e-08	0.4483035352958394	558	-9.197495898843972e-07	5.2938627609172264e-08	0.9968105032165836	555
17	69387817	72672202	0.0001750747002598	5.170825054564629e-08	0.4413495915552186	1177	0.000222125672041	1.3541373970372898e-07	0.5460928303620503	1175
17	72672203	74375559	0.0001337369275083	1.4416354467206584e-08	0.2653469472529499	405	0.0002009591527634	3.3326789619294666e-08	0.2709808095734675	404
17	74375560	76263412	7.18464925482896e-05	2.6396910121299743e-08	0.6583369077585797	541	0.0001768225274052	7.254598739789906e-08	0.5115061959744578	535
17	76263413	77298635	7.248938147287518e-05	1.8560382424440082e-08	0.5946671954463378	376	0.000121897807635	4.76575851952609e-08	0.5765849059194046	375
17	77298636	78837587	-6.204456429526537e-05	2.23764955397634e-08	0.6783100265878558	469	3.467938401106546e-05	5.6183602588306423e-08	0.8836786471350515	464
17	78837588	80034407	-4.583899140926326e-05	1.3365532543415513e-08	0.6917370645169862	194	4.424448065798411e-05	3.6750509526529995e-08	0.8174736432592895	193
17	80034408	81194907	0.0001930064213632	1.206953971077394e-08	0.0789490899087752	322	0.0001185436322569	2.2157530349683587e-08	0.4258141731837788	317
18	10644	912485	5.041889805456905e-05	1.2620595650953561e-08	0.6535755100528653	305	0.0001102241335521	3.1845048525498784e-08	0.5367936154542696	303
18	912486	1942910	-5.4100988354569675e-05	1.1960437249419364e-08	0.6208201360120948	318	2.9554690470025826e-05	2.870780261523656e-08	0.8615258793157896	316
18	1942911	3891657	0.0003727365038191	2.866464765266039e-08	0.0276970859802058	633	-0.0005546572173894	8.04318081574906e-08	0.0504959842636502	629
18	3891658	5834179	0.0002892464998973	3.4244863316817824e-08	0.1180429314649556	648	4.7185151760437065e-05	7.408626839735526e-08	0.8623723555398675	646
18	5834180	7090484	0.0001121850031512	1.8337627631528597e-08	0.4074190182782934	451	0.0001901159210444	4.7538780639325946e-08	0.3832324928785422	451
18	7090485	8498930	4.261023764564669e-05	1.8014830898444672e-08	0.7508891239267497	458	0.0001357074307415	4.5094116143901095e-08	0.5227819342913308	455
18	8498931	11075912	-7.474723900406579e-05	4.7736719950518376e-08	0.7322662749834603	1121	-0.000202517715788	1.239509531491819e-07	0.5651388395928518	1118
18	11075913	11905439	7.39216741859842e-05	7.999247546063052e-09	0.4085158045227746	193	4.4701544372799216e-05	1.971798086027923e-08	0.7502269926094256	192
18	11905440	14440798	5.510167776442012e-05	2.500560580230473e-08	0.7274988457360478	713	4.0370602141645086e-05	5.46351290036617e-08	0.8628757078642328	708
18	19485844	20649471	-7.766358759694894e-05	8.695399009173447e-09	0.4049229489000626	279	-0.0001927027752683	1.7118877878111784e-08	0.1407989839516792	279
18	20649472	22996650	1.4718492482406422e-05	2.8036330751031053e-08	0.9299539256842956	764	0.0001215765401287	9.224439752760377e-08	0.6889395114942167	758
18	22996651	24026190	0.0002838233507812	2.061043702900424e-08	0.0480427348246369	321	-0.0001958898787484	2.3795556028788533e-08	0.2041259351295266	320
18	24026191	25927681	0.0001458171736037	2.718366814100615e-08	0.3764738259800183	768	-9.580069978991736e-05	5.7815608915050514e-08	0.6903172382482461	768
18	25927682	26875586	0.0001281338654916	7.603982824943497e-09	0.141721274273529	244	0.000136840205647	1.518979949771985e-08	0.2668726830515843	244
18	26875587	27866477	-3.996195393698642e-06	1.3131776063009318e-08	0.9721812875719816	268	-0.0002687068741133	1.8603763205876615e-08	0.048832054855844	266
18	27866478	30264065	-1.1441857604985407e-06	3.1022611795284235e-08	0.9948168429711192	871	-3.558890702714929e-05	7.423235519163443e-08	0.8960739334814334	867
18	30264066	31780066	0.000105190013015	1.0795292592056182e-08	0.3113410855202264	343	2.5646599841206065e-05	2.1190693799123856e-08	0.8601523408639384	339
18	31780067	33861963	0.0003980903410634	1.8036471939903213e-08	0.0030348214126163	568	3.0969790663124255e-05	3.8528151316534225e-08	0.8746309511867822	566
18	33861964	35075249	-6.011766451514927e-05	1.505753523268834e-08	0.6241905199104572	449	-7.825469432471175e-05	2.940542772912049e-08	0.6481393766679935	449
18	35075250	36365489	-8.479923462882211e-07	1.6842718763039106e-08	0.9947865789016628	508	-8.224499069777492e-05	3.8180458796265216e-08	0.673821057136933	504
18	36365490	37684366	5.461047524560325e-05	1.1359124953709556e-08	0.6083757170757198	369	-2.1414748148876464e-05	2.3021311920179617e-08	0.8877599032712737	369
18	37684367	39892647	-6.593996395881936e-05	2.3807445441290705e-08	0.6691182580849393	736	-0.0001237274727	5.045225858818087e-08	0.5817430429128105	735
18	39892648	42922105	-7.448830992747589e-05	3.1598591113545464e-08	0.6751877596218245	959	-1.9492068341311643e-05	6.816402161347753e-08	0.940486282336718	957
18	42922106	44299245	-9.916230283095588e-05	2.3392595622651262e-08	0.5167606463972665	650	-5.127493793159659e-05	5.57722285168249e-08	0.8281162640578897	645
18	44299246	45939731	0.0004916953345276	1.972673390202933e-08	0.0004638470674259	571	-2.81419677525039e-05	4.0252893428785626e-08	0.8884489344226166	567
18	45939732	47730583	-0.0001443602548649	2.744612809465824e-08	0.3835472396222757	768	-4.8349072853074546e-05	5.7323598571345926e-08	0.839963966806108	765
18	47730584	51062184	-0.0003112022822435	4.0676964134830965e-08	0.1228285510429378	1188	0.0001326369486575	9.151266370523517e-08	0.6610572912362989	1181
18	51062185	51554174	3.0487582569427345e-05	4.955657721920864e-09	0.6649536020784867	169	1.4276678698375068e-05	9.902520834272512e-09	0.8859207753476754	168
18	51554175	55213837	0.0003655748959309	7.70008540480338e-08	0.187693468376378	1157	0.0005275060647893	8.840613804407172e-08	0.0760411038010116	1154
18	55213838	56530219	-3.194824104051805e-05	2.2044144748304813e-08	0.8296275928645223	580	-0.0001421542784817	5.4675761308828635e-08	0.5432256005884096	578
18	56530220	57630482	8.345884123341438e-05	2.0230775231842647e-08	0.557359833369023	541	0.0002113959031009	5.1068330687313454e-08	0.3495562663909548	539
18	57630483	59020750	-2.6390561729006896e-05	1.4811969906654015e-08	0.8283319386453132	436	-6.041841264319933e-05	2.892209672822829e-08	0.7223898477949984	433
18	59020751	60277714	0.0001977954510359	2.056803138541924e-08	0.1678402559792147	557	-3.978840324767084e-05	4.9392861882363654e-08	0.8579145975361248	553
18	60277715	61820251	1.8915725944735187e-05	1.7169154137007092e-08	0.885215757680308	502	-1.0025334346287232e-05	3.6416647752667195e-08	0.958102393785252	499
18	61820252	63463401	5.857611850146872e-05	1.4896144907235185e-08	0.6312726517335655	460	2.7780108950089668e-05	3.220986676243987e-08	0.8769878359596868	459
18	63463402	64252800	-1.1756378996742366e-05	8.886514916809087e-09	0.9007516485553472	268	0.0001044655845485	1.9540184056731508e-08	0.4548680254056229	266
18	64252801	66125816	0.0001545526970864	2.5866293990305753e-08	0.3365676374582623	721	5.72494256397988e-05	6.21357568045812e-08	0.8183498244839901	716
18	66125817	67175819	5.7352339895862137e-05	1.1449088809596489e-08	0.5919577917855094	302	-4.877921082727448e-05	2.9456195135551313e-08	0.776245896353501	299
18	67175820	68621178	7.03587632036689e-05	1.6887192062447947e-08	0.5882136742813544	414	0.0004528424257912	4.4710697716219345e-08	0.032224481806174	411
18	68621179	69621617	6.60747630643206e-05	1.4128768725360148e-08	0.5782907846475065	369	6.325170425396354e-05	3.622235658709795e-08	0.7396318080065184	368
18	69621618	71038473	0.0003674482533457	2.4944855100630432e-08	0.0199911395625442	477	-9.034645693010616e-05	4.6875278729847816e-08	0.6764654469622162	475
18	71038474	71971461	5.71774395688353e-05	1.7167056652295198e-08	0.6625523401337332	418	0.0004068264592151	4.5945464943776625e-08	0.0577008850212096	416
18	71971462	73526986	0.000490472497807	2.2195863607565323e-08	0.0009942718855561	563	0.0004718889836477	4.922434564154453e-08	0.033427256661336	560
18	73526987	74813814	-9.366166154984042e-05	2.0106480649111333e-08	0.508912523820543	503	0.0002270845709448	5.1652254225819936e-08	0.3177083326152771	501
18	74813815	75976316	-0.0002019266931693	2.1728512155626285e-08	0.1707280928970643	522	-4.101687625887142e-05	5.7289008487889416e-08	0.8639352831140921	520
18	75976317	77149990	-8.105349004349547e-06	1.51649090168348e-08	0.9475218646169774	380	7.56353452213968e-05	3.5881873527885854e-08	0.6896803445518168	373
18	77149991	78017157	0.0002318659673891	1.5548906698304327e-08	0.0629618186561613	221	0.0001180918768448	2.2742937095566258e-08	0.4335900686845276	217
19	610729	2098395	-1.4829138222621254e-05	1.658398282636559e-08	0.9083246422196946	248	5.467912770175507e-05	4.5249835564869115e-08	0.7971422463100104	244
19	2098396	3019659	2.26477614299517e-05	8.186043518131343e-09	0.8023431414805732	159	-0.0001932246145671	2.1454633079565505e-08	0.1871111302742063	158
19	3019660	4348966	-7.025693802058024e-05	1.4427411918843849e-08	0.5586028402357361	232	6.481833138679156e-05	3.583763309137424e-08	0.7320531919895494	232
19	4348967	5811851	-9.394032447980306e-05	2.30031172868452e-08	0.5356646150935184	337	-9.38411402643424e-06	3.9446962225841255e-08	0.962315306028799	334
19	5811852	6684884	-5.3321445155232906e-05	8.207391773649008e-09	0.5561486656791865	164	-5.22138270958785e-05	1.9716171288544524e-08	0.7100004222484784	163
19	6684885	8347512	-6.760796295787146e-05	1.9868499047189708e-08	0.6314834562849909	423	0.0001183668238134	5.2224193632491437e-08	0.6044879250653344	417
19	8347513	9238392	2.2085529380012692e-05	9.902545083572411e-09	0.82436106179239	253	4.85510056224946e-05	2.1727232923573476e-08	0.7418691738575567	247
19	9238393	11284027	-0.0001387753508055	1.8032728040392463e-08	0.3014020980862157	496	-0.0003401902351057	3.59766537249349e-08	0.0728863610989461	492
19	11284028	13471126	0.0002589969465583	2.506881336384512e-08	0.1018833827382597	429	0.0002481154598814	3.289453184224857e-08	0.1713062851449518	424
19	13471127	14486346	-8.979165797629752e-06	7.784099554881482e-09	0.91893700169453	170	2.585026744702284e-06	1.949931808676037e-08	0.9852303370196354	168
19	14486347	15648609	-0.0001679253538498	1.4697514232724288e-08	0.1660090228959733	354	-4.956126147671019e-05	3.5611236427735435e-08	0.7928336809892851	352
19	15648610	16374415	4.502398728458462e-06	1.1101527488587924e-08	0.9659152204279668	351	-2.0434224117652616e-05	1.9876433309520253e-08	0.8847580685815454	345
19	16374416	18409861	-0.000172676721618	2.1686352460123093e-08	0.2409663790919666	469	-0.0004244148742369	5.2487655853533024e-08	0.0639517378456492	462
19	18409862	19877470	-0.0004849575527317	2.531350793323545e-08	0.0023030215481425	320	-1.3366155101748457e-05	2.358015542566217e-08	0.9306374420475898	320
19	20905757	22732895	3.136800978591694e-05	1.039893097202056e-08	0.7583833319928096	295	-8.880524946289078e-05	2.2562149072962748e-08	0.5543736719754067	294
19	23467746	28557892	0.0001078649448676	7.4049366470543615e-09	0.2100287183106778	221	4.859928993923176e-05	1.4446337126288944e-08	0.6859597409911276	218
19	28557893	29790946	-7.003938633201194e-05	1.7437622099985647e-08	0.5958387014179026	506	-8.969656262783117e-05	3.854719445936627e-08	0.647774491175882	505
19	29790947	30727953	0.0001811770182679	1.35746578188307e-08	0.1199390179995537	314	0.0003258452523028	2.490812915108363e-08	0.0389586483950206	313
19	30727954	32746519	-8.846126652055907e-05	2.6624722833655583e-08	0.5877227925299376	518	6.03651313712356e-05	4.1239339571845537e-08	0.7662712435770982	516
19	32746520	34262951	0.0002196126748393	1.8223855856223826e-08	0.1037771129983509	478	-6.856556614452852e-05	4.0539691318766406e-08	0.7334512536778004	476
19	34262952	36469294	-7.014749880589003e-05	2.4511844999399025e-08	0.6541188185391273	601	-0.0002285551714855	8.686718604437446e-08	0.4380639112400986	595
19	36469295	37527032	-9.72229409052822e-05	1.1341362011738404e-08	0.36128083027878	266	-0.0001548361407604	1.1995251342831432e-08	0.15744005757628	261
19	37527033	40170618	3.640500399346412e-05	2.5349206330976444e-08	0.8191378107131335	678	3.936884379132641e-05	4.0779612453413144e-08	0.8454293237046371	672
19	40170619	40984600	6.174036238331795e-05	7.0493254885455845e-09	0.4621250287762709	206	5.869387022883179e-06	1.4531797236034582e-08	0.9611669431554508	202
19	40984601	42131572	8.178640271627196e-05	1.1363786736315528e-08	0.4429510873014854	310	7.018873786486038e-05	2.4045527520684305e-08	0.6508099811454953	307
19	43862455	44744107	-7.740919211935122e-06	9.805506886638224e-09	0.93769033441791	285	-0.0001672441244491	1.969983289833312e-08	0.2334298535554009	283
19	44744108	46102696	-9.140091438065528e-05	1.7006977680276225e-08	0.4833846529736494	392	-0.0002552067115747	4.20095363906059e-08	0.2130803328867013	382
19	46102697	47150081	2.710780475807748e-05	1.2784689256380311e-08	0.8105280745727592	292	3.022278632606042e-05	3.0563341744174845e-08	0.8627490918663547	291
19	47150082	49282226	-0.0001890283004437	2.6594116918819847e-08	0.2464011360678399	554	0.0001637838637991	5.4079933587531394e-08	0.4812506624336213	549
19	49282227	51532566	0.0001416718697701	4.0005146751843775e-08	0.4787504207271686	554	7.619869148213162e-05	5.8408967039030024e-08	0.7525428250503534	552
19	51532567	52985289	3.288481578122681e-05	2.373882006021362e-08	0.8309876025980973	574	-0.000253712341327	5.121619135556425e-08	0.2622523294038836	572
19	52985290	54602361	2.430821675161016e-05	1.9164495744521242e-08	0.8606145905655326	352	0.000352360894773	5.232112737001967e-08	0.1234493615670448	352
19	54602362	55728079	-1.3865639511323468e-05	1.6126845422849676e-08	0.9130553157911224	308	0.000220099282237	3.966189323065667e-08	0.2690828264196458	293
19	55728080	57521334	-0.0001976506433268	2.898682551315451e-08	0.2456792062912189	588	9.01595924918464e-05	7.46448800414228e-08	0.741401117299334	588
19	57521335	59118838	0.0001136213071174	1.952919289820594e-08	0.4161889844793446	571	3.303384149624925e-05	3.961031473404778e-08	0.868172938039387	568
20	60479	697599	-1.7055935459664563e-05	6.965302982694291e-09	0.8380686399650773	161	-0.0001591659189881	2.0563493616030898e-08	0.2670225385777698	159
20	697600	2469500	-0.0001532853469723	2.848502303287708e-08	0.3637605716560946	807	-0.0004077933061257	8.097945597332054e-08	0.1518517318975069	804
20	2469501	3828412	0.0002204362492685	1.315620633207468e-08	0.0546256447032917	457	6.0937092499030506e-05	3.3670090649530307e-08	0.7398191138729187	455
20	3828413	5477849	-0.0001192208484105	2.5416124978244972e-08	0.4545682554160063	667	0.0002763039186292	7.564111079323801e-08	0.3150728703503215	665
20	5477850	7084072	0.0001391376322709	2.129057644838841e-08	0.34030321633221	634	0.0003993697517629	6.081149075395177e-08	0.1053386113356217	631
20	7084073	8117010	-1.8968456732079673e-05	9.619914763153773e-09	0.8466492318182276	376	-0.0001172103615177	2.5897514186775277e-08	0.4664026044468233	375
20	8117011	9730920	-4.104901562207494e-05	2.1075714803863904e-08	0.7773640045341537	734	1.8191114211925256e-06	5.658870949436653e-08	0.9938985896511848	728
20	9730921	11249535	4.8397508450527745e-05	2.1953196579754405e-08	0.743937481082656	668	0.0001112028456238	7.120882907402438e-08	0.676879970930758	666
20	11249536	12447498	-1.860866491393208e-05	1.2828877858155334e-08	0.8694999498668281	471	0.0002330942437423	3.3784140794034915e-08	0.2047397142730229	469
20	12447499	13689863	4.050695288661967e-05	1.535748400441298e-08	0.7437693570511124	484	1.9606435580499355e-05	4.336663959423998e-08	0.924989927219476	480
20	13689864	15958358	0.000116734014079	2.706992959186891e-08	0.4780127751327941	910	0.0003768237654776	7.47236554408072e-08	0.1680465587476987	906
20	15958359	17487231	-9.061494714241654e-05	2.8002231123088924e-08	0.5881586480000602	929	-8.664630877754475e-05	7.668673331919124e-08	0.7543651856765943	926
20	17487232	18972202	-3.2794660369372938e-06	1.8069369506725354e-08	0.9805361558163465	600	-0.0001475270028956	4.777316188179629e-08	0.4996997070277409	597
20	18972203	20959709	-1.1742720413324604e-05	2.4127854611468475e-08	0.9397390577212688	778	4.1569104391017926e-05	6.690105445125534e-08	0.8723185236555788	777
20	20959710	22491455	-0.000165657435467	1.037958211511681e-08	0.1039492905756875	450	-8.962782591413563e-05	2.3022465684367223e-08	0.5547214717220621	446
20	22491456	23293789	-7.587166620289562e-05	8.592636785395087e-09	0.4130742046741392	322	-0.0001168696788496	2.2994183400101845e-08	0.4408768851381719	322
20	23293790	24717723	-8.025978740626212e-05	1.3950379334062498e-08	0.4968057114528652	528	-0.0002786417809221	3.5469648419108395e-08	0.1390041603312198	525
20	24717724	25344230	4.061037309780501e-06	4.510100389828253e-09	0.9517808754483168	222	-2.507492787191504e-05	9.588195158794175e-09	0.7978910687415361	222
20	25344231	31614822	-8.822666327858476e-05	1.1754344676601851e-08	0.4157778318349266	513	0.0001929675785092	2.6406241743813296e-08	0.2350332253505753	510
20	31614823	32813440	-6.0375765808804314e-05	8.6993943453832e-09	0.5174257107577616	300	3.12469936838408e-05	1.676540837167786e-08	0.8093037285950953	299
20	32813441	34960445	-5.188267151596621e-05	1.0888549464685469e-08	0.6190430194763109	534	8.327323232364902e-06	2.0033385930042323e-08	0.9530843415575329	527
20	34960446	36909529	-3.9494701625084466e-05	1.183475767142396e-08	0.7165720856292386	483	9.547827144216624e-05	2.8512239479832747e-08	0.5717724390105396	481
20	36909530	38436760	0.0002721587688365	2.618579483867359e-08	0.0925962841056819	525	0.0002926142474088	3.9095650103191995e-08	0.1389009558693155	518
20	38436761	39610855	0.0002611002087744	1.2216419381262736e-08	0.0181618843155586	413	0.0001455677239539	3.4121469817703835e-08	0.4306701632961834	412
20	39610856	40585688	3.296047743069458e-05	7.157870054581775e-09	0.6968438691556981	271	7.140050502997956e-05	1.8156273437969e-08	0.5961863364824264	271
20	40585689	41615459	-9.080772116805026e-06	1.4340093485958194e-08	0.9395535523179086	501	-0.000172742031066	3.7437105725069054e-08	0.3719723165120493	498
20	41615460	42680175	-6.38590879991224e-05	1.4129869927912836e-08	0.591114412685505	309	-0.0001747734381355	2.8391961228099373e-08	0.2996257158055226	308
20	42680176	44839055	0.0001930700943188	3.1890080498531315e-08	0.2796290129836005	796	-6.26332299196562e-05	5.4678663593438686e-08	0.7888127823223721	794
20	44839056	47199979	-0.000181977642555	2.94795741069708e-08	0.2891983792769327	886	-0.000338614487831	8.706645729883502e-08	0.2511451242628759	882
20	47199980	49239657	0.0002073128369666	2.0468685511203192e-08	0.1473256259327598	767	-8.41960594196598e-05	5.0865336376883174e-08	0.7089105817572833	760
20	49239658	52472548	0.0001526269348261	3.892778207360435e-08	0.439183292165836	1046	-0.0003283760800398	9.870367378377253e-08	0.2959244777911607	1043
20	52472549	54055265	-0.0002128433747176	1.6522061371939003e-08	0.0977467713143868	514	2.824150757302278e-05	4.7843344810404103e-08	0.8972665567337388	508
20	54055266	56447958	-0.0002762388775064	3.32368246723112e-08	0.1297172797817379	960	0.0001606244547675	9.552377093923096e-08	0.603270000510818	957
20	56447959	58406571	-0.0001060183700746	2.4688333454067105e-08	0.4998421718051787	678	-0.0002269063445191	7.170889825718449e-08	0.3968030215517164	675
20	58406572	59561723	0.0001154868418431	1.3695007924505216e-08	0.3237159385843263	432	0.0001335669167839	3.7880593441395956e-08	0.4925473467920995	430
20	59561724	61301854	4.326916815360026e-05	2.1010209538013492e-08	0.7653116004738492	544	-8.258385353566073e-06	6.54546243243623e-08	0.9742492653213852	542
20	61301855	62190179	-0.0001175750947818	1.1806772746636066e-08	0.2792276476778896	256	-0.00010508681888	3.2076883449380395e-08	0.5573724710377976	257
20	62190180	62965162	4.433421672982506e-05	7.0637641473267405e-09	0.5978476973350719	147	4.517026199063648e-05	1.5431983326374576e-08	0.7161455577404736	145
21	9411243	15950981	-7.412394476194415e-05	8.468173652916612e-09	0.4205332376843472	271	0.0001018700276179	2.2414405219372548e-08	0.4962328644882124	271
21	15950982	18053164	0.0002563997154234	1.966678252012286e-08	0.0675023790297905	490	0.0001752725938147	5.019977574008209e-08	0.4340490874775903	489
21	18053165	19480374	-0.0001694185991292	1.5886713714219868e-08	0.1789035734227654	395	0.0001890853417962	4.2864189987012484e-08	0.3610879948072953	390
21	19480375	20962338	0.0001959061866691	1.6697555080418928e-08	0.1294994865754677	543	-0.0003319174588475	4.326008804128024e-08	0.1105269402692859	540
21	20962339	22072763	0.0001232348382583	1.3256107241053137e-08	0.2844621493367238	369	0.0001572523123254	3.696009731393514e-08	0.413381726123904	368
21	22072764	23362874	-0.0001060853784614	1.9529108473300683e-08	0.4477767116076884	479	-0.0003263342584708	4.621035224503227e-08	0.1289956684582425	475
21	23362875	24696230	6.073871454620249e-05	1.0656190097899136e-08	0.556271154153437	347	-2.761230164246517e-05	2.7130082941684897e-08	0.8668666844174855	345
21	24696231	26469121	0.0001976955841124	1.9099303749501876e-08	0.1525732458552978	624	0.0002615715057785	5.9092500433856514e-08	0.2819139846075209	620
21	26469122	27271018	0.0001240408018731	6.500871955795305e-09	0.123942629869954	222	3.915564448474297e-05	1.5997041006016863e-08	0.7568794717976068	220
21	27271019	29125225	-1.3295978766341864e-05	2.6508294091059856e-08	0.9349140898057609	783	-1.2187333150042284e-05	7.135535550768723e-08	0.963609769257578	778
21	29125226	31197024	5.560995598921588e-05	1.7044379238974565e-08	0.6701418969976727	673	-7.604315304577537e-06	3.575102594785535e-08	0.9679196675377216	667
21	31197025	32668641	4.83972427000085e-05	1.08800174143896e-08	0.6426570506089397	418	7.565699210753878e-05	2.2394249998333283e-08	0.6131589430925605	417
21	32668642	34376998	-7.462002908229616e-05	2.0318855053198793e-08	0.6006354819345134	653	0.0003939146160702	5.1076668266706874e-08	0.0813382221105419	648
21	34376999	35225464	-3.0499128203923583e-05	8.209659625682642e-09	0.7364121814048992	261	1.774183700665051e-05	1.9529201271534388e-08	0.8989745031518718	258
21	35225465	36524372	-0.0001434466361007	1.7560395420344745e-08	0.2790355984501093	526	-1.345961356406181e-05	4.166789668417635e-08	0.947427666462434	481
21	36524373	37870778	0.0001093865555245	1.485089678623044e-08	0.3693935886703852	521	4.4715117804071377e-05	3.5955328291844823e-08	0.8135756704796154	520
21	37870779	38711703	-4.732253211912949e-05	7.100502119263388e-09	0.5743918014781493	282	-1.3675992942442968e-05	1.3691134305375448e-08	0.9069553711970176	282
21	38711704	40482901	-9.303251621447176e-05	2.5174925024028152e-08	0.5576460111523007	800	-5.601957354103815e-05	6.432797506455507e-08	0.8251924188589692	794
21	40482902	41389526	6.346479332997386e-06	1.3384287513525654e-08	0.9562520684679068	490	5.238222447336014e-05	2.9325069634664216e-08	0.7596888657141373	486
21	41389527	43321527	-3.214299678786635e-05	3.056244760949798e-08	0.8541216102108111	855	-0.0004381889574721	8.163721132015475e-08	0.1251235259486637	850
21	43321528	44506267	8.85149751240727e-05	1.9621055480676052e-08	0.5274453647142692	602	-2.317176504429458e-05	4.8110418310173764e-08	0.9158658335129354	568
21	44506268	46177104	-0.0001420142769619	1.5278946650609683e-08	0.2505938680311115	497	-4.629693232772267e-05	2.7616864372456264e-08	0.780559729896767	357
21	46177105	47492225	3.5695435910933424e-05	1.2947256125402646e-08	0.7537437973754724	441	3.423540085098319e-05	2.9510080650450586e-08	0.8420342098582365	439
21	47492226	48119751	7.715962697261242e-06	6.239385667190141e-09	0.9221839766427004	237	2.9718531109151893e-05	1.3758656078833051e-08	0.79998945688876	237
22	17674295	18296087	3.5692153359446104e-05	9.077456856458752e-09	0.7079432929219148	171	-8.868991954936374e-05	2.0034066518052908e-08	0.5309221166165092	167
22	18296088	19912357	0.0001827784634402	2.0752225431482443e-08	0.204512911882031	462	-0.0003115937431577	3.80052834263777e-08	0.1099693172110914	453
22	19912358	22357324	0.0001904637131373	2.184224398040233e-08	0.1974902339745505	503	-2.2627367744567462e-05	4.182695944579243e-08	0.9119030954177376	504
22	22357325	23712646	1.7832700494169558e-05	1.180197203918132e-08	0.8696133773571229	267	-0.0001167994028517	2.1991418430742752e-08	0.4309219138164555	261
22	23712647	24984203	-5.794803645004002e-05	1.1786859130465206e-08	0.5935129887454124	267	0.0001848515981742	2.5406876599440833e-08	0.2461688891894717	266
22	24984204	26791627	9.056357833874844e-05	2.9259726949158698e-08	0.5964988276507484	599	-0.0003079219598177	6.845078141611226e-08	0.2392225555929454	594
22	26791628	27834751	-7.443553172199988e-06	3.1743819791023206e-08	0.9666754387207228	618	-0.000185787091247	7.55608548624677e-08	0.4991192987457666	608
22	27834752	29651798	-0.0001800132665736	2.3037865579085163e-08	0.2356236974015013	480	0.0002653029806327	4.6768329866744484e-08	0.2199058086256686	475
22	29651799	31439917	0.0002185052138101	2.1753591514368466e-08	0.1384782320462167	511	-0.000364129125835	6.178799868678608e-08	0.1429524595571927	512
22	31439918	32664985	0.0001029775773884	1.4472606355979314e-08	0.3920026516802767	358	-8.178882016105297e-05	2.471223742916958e-08	0.6028677841222752	357
22	32664986	34494913	0.0002992921713492	3.8743890360327323e-08	0.1283789235046578	834	0.0003778978282144	8.673238425859961e-08	0.1994329833798203	829
22	34494914	35530984	3.392722893040076e-05	1.8291846829017245e-08	0.8019276238804033	478	-3.2500163247088716e-05	3.137850336203083e-08	0.8544278077559732	474
22	35530985	37570268	0.0001211250915904	3.244582352483846e-08	0.5013024642702021	703	-0.0003931141608876	6.972760536694851e-08	0.1365581449814548	701
22	37570269	39307893	9.514002042838922e-05	2.0718350082654328e-08	0.5086277379841293	487	-9.08988909575697e-05	3.66132956242132e-08	0.6347514516625307	481
22	39307894	40545796	4.4852358883957264e-05	1.4318479112242604e-08	0.7077852963489213	309	-2.1463334863816317e-05	2.783725177185724e-08	0.897640640747712	308
22	40545797	42690817	0.0003558071284775	3.735373942894544e-08	0.0656254016712376	520	0.0003068902310621	3.5556771754842386e-08	0.1036302289256183	517
22	42690818	43714199	-3.228452997136161e-05	1.8575175350016714e-08	0.81275005015301	351	3.485403717111679e-05	3.07827743579919e-08	0.8425327308558475	350
22	43714200	44995307	0.0001507183187481	2.6802964573647343e-08	0.3572552565522674	587	0.0002145359448139	5.2200253998470694e-08	0.3477327792456081	587
22	44995308	46470494	0.0001892417590925	2.6105338285080677e-08	0.241495366132893	520	6.630920312842576e-05	5.522338858173453e-08	0.7778124408943936	518
22	46470495	47596317	-3.1155038511745905e-05	1.6700382631002773e-08	0.8094914359890562	358	8.894208619177358e-05	3.52853079726877e-08	0.6358639879623607	356
22	47596318	48903702	0.0002290062874158	2.8270183266436572e-08	0.173191960026992	595	-0.0001041525300129	6.359636017729897e-08	0.6796040760583215	590
22	48903703	49824533	0.0002397495753439	2.9661614371498232e-08	0.1639018033050006	526	0.000170535018279	7.682053939007665e-08	0.5383678610406231	521
22	49824534	51243297	0.0003143084073203	2.112982252656092e-08	0.0305980800865427	342	8.630489413940113e-05	3.5921773438168714e-08	0.6488490144869259	341
