chr	start	end	rho_PGC	var_PGC	p_PGC	m_PGC	rho_FG	var_FG	p_FG	m_FG
1	1892607	3582735	-2.482061071455372e-06	1.7891251835927755e-08	0.9851950400519064	377	0.000206029258937	3.366717894819488e-08	0.2614970397527785	373
1	3582736	4380810	-7.667215512422544e-05	1.0539122118153129e-08	0.4551519643361273	239	2.1738776278938497e-05	2.8436744309121362e-08	0.8974268560792052	239
1	4380811	5913892	0.0001184913926877	4.0246443933604665e-08	0.55476148272649	902	0.0001328185168562	1.1051112362188509e-07	0.6894984985766508	896
1	5913893	7247334	-0.0001703594860711	1.6509492151874874e-08	0.1848842583453265	478	8.857988798330548e-05	3.6634262283041545e-08	0.6435092198946556	472
1	7247335	9365198	-0.0003795361982781	2.9072067929038858e-08	0.026017587072675	739	-0.000713118110959	6.802022679508444e-08	0.0062517523237809	735
1	9365199	10806983	4.7696382982765434e-05	1.3447423269134297e-08	0.6808475709345385	386	-2.623816919533772e-05	2.602722429911158e-08	0.8708041804584773	385
1	10806984	11777840	0.0001048482861309	1.5659179802651242e-08	0.4021035137711918	252	4.726810416884172e-05	2.6149325892570913e-08	0.7700525661354691	251
1	11777841	12779465	-8.69535625279512e-05	1.119920547982131e-08	0.4112686769263032	286	0.0001678290875562	2.6577884168416922e-08	0.3032662895172441	280
1	12779466	14891510	4.779955580238228e-05	2.398498710203088e-08	0.7575943593573573	583	-0.0002526881017066	6.359735494257221e-08	0.3163463289400138	576
1	14891511	16897729	1.906872011739116e-05	2.8394221309744984e-08	0.9099008929056432	778	5.960632628572352e-06	6.309720872736376e-08	0.98106843192037	774
1	16897730	18662898	-0.0002200915959926	2.6024052242233273e-08	0.1724671180538317	663	-5.2425064734999696e-05	6.3407531646358e-08	0.8350773650467049	657
1	18662899	20469148	-5.970865507333337e-05	3.2921254002015226e-08	0.742096586457127	773	-2.9128035884505033e-05	8.065105931593553e-08	0.9183069141504066	770
1	20469149	21736587	7.859201056170691e-05	1.90333018951485e-08	0.5689033370075293	495	0.0001742555641959	4.105230530601398e-08	0.3897678350473139	491
1	21736588	23086882	-2.4276308921487816e-05	2.4535948328574442e-08	0.8768355161637388	583	-4.803252607204099e-05	6.470919900425484e-08	0.8502323892204684	580
1	23086883	23920589	6.330628360690748e-05	1.22241988759151e-08	0.5669287105117186	260	-2.6404925191201645e-05	1.839675170025415e-08	0.8456459159688821	259
1	23920590	25516844	0.0001335205357988	2.2813618064612043e-08	0.3766976213058177	600	-0.0001185701919439	7.539424957941872e-08	0.6658695983481412	597
1	25516845	27401866	3.147329377716791e-05	1.7178049562924752e-08	0.8102256849080495	527	7.997468333642949e-05	3.7032436994229635e-08	0.6777126409573189	524
1	27401867	30161880	-8.690162724750857e-05	2.3278324823803455e-08	0.568964985108927	662	0.0003033142606674	4.5681312678964945e-08	0.1558598227212504	656
1	30161881	32438684	0.0001583425392177	3.603280430938778e-08	0.4041916798469871	1007	-0.0003146274777327	7.97597551305403e-08	0.2652576713254047	1002
1	32438685	34799757	9.953116109465088e-05	2.3745261065965873e-08	0.5183390034121729	720	-4.082332992611563e-05	5.14027301076926e-08	0.8571060869659591	716
1	34799758	37549182	0.0002997599340685	2.2070128228535987e-08	0.04361546482065	582	4.309615351539895e-05	5.2242576312782676e-08	0.8504456328975684	580
1	37549183	38731846	-0.0001118244281408	1.6520498827320937e-08	0.3842939943503415	459	4.189008901108169e-05	3.7973473825653485e-08	0.8297933083906152	456
1	38731847	40200566	-7.291028716012316e-05	2.5817411461033476e-08	0.649996874884609	434	-3.5900524606506536e-05	3.831080687062825e-08	0.8544706526054088	431
1	40200567	41975326	-1.6302134898285428e-05	2.7110195101233293e-08	0.9211304930835068	630	-0.0003861151694964	5.2807197442527246e-08	0.0929113932223215	626
1	41975327	43758456	-0.0001079688897761	2.03484838743844e-08	0.4491159339255964	614	-8.967718708793775e-06	4.5006199964487115e-08	0.9662824085677536	613
1	43758457	44969182	9.477369062904342e-05	2.8100386211886308e-08	0.5718231092949866	428	-0.0002646930179078	3.0119721311114415e-08	0.1272177897988726	427
1	44969183	46899500	-8.02817583260231e-05	1.5593091388743285e-08	0.5202819404886172	533	3.751769795312924e-05	2.3708773285671782e-08	0.8074952845624808	529
1	46899501	48002575	-6.346573203950108e-05	1.1949667219493822e-08	0.5615241702025944	374	9.091284301611304e-05	2.4719901391767628e-08	0.5631077218028999	373
1	48002576	48978187	8.114605932903039e-06	1.1396300597111062e-08	0.939409087997608	323	4.35033074852962e-05	2.5492169655648978e-08	0.785260566200943	321
1	48978188	49894176	-8.790946326982615e-05	8.898567101488197e-09	0.3513812462958238	263	-8.22212437714461e-05	1.6765619625852515e-08	0.5254279263252485	261
1	49894177	51713725	2.9828585934478786e-05	8.267777484431897e-09	0.7428748668340579	295	2.318680743852927e-06	1.3742803071779456e-08	0.984219707847118	295
1	51713726	54226261	-0.0001459150645279	2.1778414245617586e-08	0.3227849070339446	631	0.0002704828339497	4.6164644229485104e-08	0.2080730215409039	625
1	54226262	56413116	0.0001003939949609	3.502442378203365e-08	0.5916535684433973	905	0.0001062310001123	8.567810489250108e-08	0.7166612487661079	902
1	56413117	57021727	-4.655927063259449e-05	1.0309050891415402e-08	0.6465496677023024	292	1.2733144069188918e-05	2.4216474253483545e-08	0.9347867472380784	291
1	57021728	58865398	2.0595021101506574e-05	3.2782941784144974e-08	0.9094387006583904	930	0.000138923771208	7.519568334075681e-08	0.6124232912756422	928
1	58865399	59890408	-7.101965181024638e-06	1.5595683785526124e-08	0.9546494719038958	435	2.3146224656585735e-06	3.6312538240962074e-08	0.9903087177332136	432
1	59890409	61922364	0.0002105764040271	2.6984706145293396e-08	0.1998811340043028	682	0.0003012640423188	6.62229449062163e-08	0.2417221645075802	678
1	61922365	63455088	0.0002157031121127	2.2410450405778113e-08	0.1496154886548776	587	0.0002159492277197	5.49869063765678e-08	0.3570920772286232	586
1	63455089	65041703	5.457617508847152e-05	2.4957799591984527e-08	0.729747273188361	674	-7.340748220950052e-05	5.9342914772661936e-08	0.7631557141060802	668
1	65041704	66939403	0.0002661056096088	2.9534582073746505e-08	0.1215213440203155	726	0.0001797508670077	6.044263570129588e-08	0.4646949269933542	725
1	66939404	68477894	-2.6565639518006464e-05	2.7004242936404276e-08	0.8715731078631795	774	0.0001501219111991	6.273889698877786e-08	0.5489439876725957	769
1	68477895	69687615	0.0002075253376711	1.5114082814926013e-08	0.0914054182573772	393	1.8176041416815632e-05	3.7348195257343105e-08	0.9250684590432215	391
1	69687616	71372469	7.057186015571593e-05	2.1925055866855345e-08	0.6336413773286634	609	-0.0001020157627975	4.9844479319066574e-08	0.6477144958527035	605
1	71684405	74326906	0.0004326276547722	3.20599124973563e-08	0.015683388825103	647	1.5550330247239408e-05	3.987939303014795e-08	0.9379321520445482	648
1	74326907	76728134	-0.0002193990552461	2.8207284098207263e-08	0.1914391157543036	849	-0.0002849539371697	6.445710529056694e-08	0.2617016252547521	848
1	76728135	79661197	3.237664987073542e-05	3.924170361809122e-08	0.8701721209295912	1078	-0.0002439097263845	8.946206318445085e-08	0.4148015297837872	1074
1	79661198	81354190	6.141884306185163e-05	1.97398872571546e-08	0.662003433283042	556	-3.1571506434143095e-05	4.477565830050418e-08	0.8813943312948234	556
1	81354191	83991747	0.0005215967394115	3.552938851775269e-08	0.0056539556982519	1006	0.0010499219606447	8.578956443393967e-08	0.0003376049381944	1003
1	83991748	84844494	0.0003371908748205	3.298968190844198e-08	0.0633873175545367	347	9.0809414652026e-05	2.6024164031566497e-08	0.5734930647694683	346
1	84844495	86454750	-5.869604932184869e-06	2.5997518423908264e-08	0.9709606379413308	721	-0.0004070402230244	5.93925854683521e-08	0.0948777215376379	719
1	86454751	88128630	4.983140756694794e-06	2.2151699119098727e-08	0.9732909426391952	619	0.0002162157156287	4.9591135090236866e-08	0.3315861296900378	616
1	88128631	90066302	-0.0001225923730947	2.0151164728414095e-08	0.3878068536212569	565	-0.000215240184752	4.4904196474039943e-08	0.3097561823897948	563
1	90066303	91886316	0.0001205955489331	2.4011331721889893e-08	0.4364173937476561	621	-0.0002644674491749	5.463680216146681e-08	0.2578720679944688	618
1	91886317	93536458	0.0003047068182328	2.3656988745664475e-08	0.0475820843541458	581	0.0002100378247627	4.9166931078493154e-08	0.3435154611675319	580
1	93536459	94506190	-5.304582584556607e-05	8.493253618674468e-09	0.5648915097925993	288	-0.0002080980136216	1.6870880466428593e-08	0.1091257985967149	286
1	94506191	96150892	-1.339878203635971e-05	2.6539847193650984e-08	0.9344508946421836	729	-0.0001161083263303	6.249100111321562e-08	0.6423133806203525	726
1	96150893	97885248	0.0002557858473479	4.0307573529819465e-08	0.2026491153674071	722	-8.008113271879079e-05	5.963464723614484e-08	0.7429647436357899	717
1	97885249	99800603	0.0004419738880541	3.099531215437806e-08	0.0120583262454756	682	0.0001029530659867	5.4601850163267586e-08	0.6595091315612338	681
1	99800604	100826404	6.1174047883259375e-06	1.1730517943570165e-08	0.9549579839324428	362	-0.000115345756296	2.3460827999443713e-08	0.4514134708448514	360
1	100826405	102041015	9.176827728986142e-05	1.6878828825518644e-08	0.4799690149932134	497	-5.616807922412064e-05	3.5768140306714413e-08	0.7664743703232035	496
1	102041016	102898744	0.0001636968120011	1.2490533815957973e-08	0.1430018273057728	298	0.0003322213958618	2.3827978957563613e-08	0.0313810720887204	298
1	102898745	103914210	-6.233410227672969e-05	8.984006775514446e-09	0.5107670975903299	247	-4.170934470148284e-06	2.198348119063068e-08	0.9775576713461754	245
1	103914211	106087841	4.028821952458619e-05	1.8365913619619387e-08	0.7662495546744545	536	0.0001877282580119	4.20954499042326e-08	0.3602016084694455	533
1	106087842	108409664	-3.69222809147419e-05	2.9556422584999906e-08	0.8299508959602513	810	0.0001023797045331	7.124224893188214e-08	0.7012968978880744	806
1	108409665	110303930	6.930960398930037e-05	2.6352879741488373e-08	0.6694140567017938	645	0.0001112438272163	5.4539395701987766e-08	0.6338292751797993	644
1	110303931	111741736	0.0001644675784656	2.2317689649892794e-08	0.2709315653119221	590	-2.165905054297335e-05	5.5358485537623635e-08	0.9266543527961196	590
1	111741737	113273305	-0.0002080610825987	2.968574900421612e-08	0.2272078536345289	779	-0.0001758293538933	6.453490002153348e-08	0.4888493030590906	776
1	113273306	114873844	2.198710341906275e-06	1.9741627003033522e-08	0.9875147027960314	568	-1.7137638423842994e-06	3.7643021162104224e-08	0.992952369054421	567
1	114873845	115880592	9.097253194127664e-05	1.3913432511010397e-08	0.4405609073068376	382	0.0001971550738938	2.5814248045974412e-08	0.2197868524699469	382
1	115880593	118839066	-0.0001094238152847	3.3164174709425187e-08	0.5479295852060935	945	-0.0003447237743448	7.513700640752575e-08	0.2085346056773434	940
1	118839067	144977493	-9.47475250667673e-05	2.1970986081537586e-08	0.5226867685748315	642	-0.0001688904074506	4.9779943777701366e-08	0.4490687605106674	642
1	144977494	148361252	0.0001513946444695	1.7820353486274164e-08	0.25675150319555	511	-3.134336035366972e-05	3.66852852929718e-08	0.8700115473381254	471
1	148361253	151538880	-9.04395323157443e-05	2.089989806251515e-08	0.531587277269075	431	-2.3854974296724657e-05	2.2116595304187632e-08	0.8725614938351252	429
1	151538881	153180828	-2.8863310544740698e-05	1.708265461770288e-08	0.8252206899556733	574	-0.0001636150625165	3.1541104593631796e-08	0.3569118003198358	574
1	153180829	154770402	0.0001827980352242	2.4259574484965273e-08	0.2405446329071532	533	0.0001630017847521	3.298814689308165e-08	0.3694753837394252	530
1	154770403	156336132	-7.098708790811516e-05	2.1182294269676022e-08	0.6257304445465334	412	-5.186728138147849e-05	2.4892993210147072e-08	0.7423508591799043	406
1	156336133	158027411	0.0001050437612079	2.4044251955959132e-08	0.4981329683988215	656	0.0003025759108447	5.670052827386117e-08	0.2038377210311047	653
1	158027412	159913047	0.0001775744252202	5.2035366369726196e-08	0.4363033640884349	776	0.0004342169168969	6.621006817935702e-08	0.0915065479635363	771
1	159913048	162346720	0.0001302138477102	3.500506113610462e-08	0.4864463808379514	951	-0.0002247195124343	8.14568809688112e-08	0.4310673910887831	948
1	162346721	165191701	0.0006912467862914	5.3330018539592394e-08	0.0027599694724665	1286	0.0003073683786859	1.1434948901635697e-07	0.3633742231810277	1280
1	165191702	166460516	0.0002776652981589	2.2997088726020496e-08	0.0671025369587235	607	0.0001353636724192	5.6154308168620576e-08	0.5678441192838093	605
1	166460517	169086323	0.0001193891870309	4.6205377157497935e-08	0.5786098461759313	1241	-4.0423122313475065e-05	1.0683927837535329e-07	0.9015765608616428	1236
1	169086324	170557775	4.534126842882754e-05	2.13076426517137e-08	0.7560913983345631	663	-7.056573918292246e-05	4.505608798535765e-08	0.7395547958191793	661
1	170557776	173097906	0.0001578220945316	3.4551194329252214e-08	0.3958502025607447	1063	-3.632563659399369e-06	7.474608313990043e-08	0.9893990131085372	1057
1	173097907	175089767	5.513912196905685e-06	2.0091487133868347e-08	0.9689698164181756	595	1.9298327350894103e-05	2.5004156509245453e-08	0.9028648101668696	591
1	175089768	177433380	0.0004606760764782	4.47647097761619e-08	0.0294546400114343	904	0.0004150706062714	6.688206570148377e-08	0.108500226982642	899
1	177433381	178944308	-2.2760105625531625e-05	2.0092557862020627e-08	0.8724343411373805	588	-0.0001555447638969	4.2319077925648634e-08	0.4495808296180456	585
1	178954470	181144120	7.410800019022292e-05	2.8940513345677743e-08	0.6631094236633791	883	-1.8192511503285177e-05	5.8743284025595936e-08	0.9401662875857416	874
1	181144121	182755355	0.0001620219268105	2.3786864397848304e-08	0.2934781344318926	676	0.0001706430413604	5.4501464607077376e-08	0.4648129571159204	676
1	182755356	184595512	-0.0001064868980511	2.3483663260528474e-08	0.4871270556794355	723	-0.0001283725463081	4.803845013229427e-08	0.5580749241996235	721
1	184595513	186810022	-1.854065410643206e-05	2.0425435858731232e-08	0.8967802906217793	678	-0.0001388673747448	3.7942790437179575e-08	0.4759005515976565	676
1	186810023	188759944	-7.047969602373637e-05	2.7105836252615723e-08	0.6685873665966431	769	4.059578975593032e-05	6.327041037916145e-08	0.8717850577276656	765
1	188759945	189904129	3.339800715235139e-05	7.667367897084185e-09	0.7028955710649618	279	-2.114562704865393e-05	1.0918560568134249e-08	0.839630487471104	279
1	189904130	191868929	0.0002612008960286	2.185496432311803e-08	0.0772533997781877	701	5.8834182186163665e-06	4.530606713450916e-08	0.9779485931644236	698
1	191868930	194107441	-2.2761476274356855e-05	2.4424625610342297e-08	0.884204054099742	716	1.4122178977050472e-05	4.419769320987851e-08	0.9464430971893883	713
1	194107442	196176200	8.969213076071246e-05	2.4082339124078527e-08	0.5632846333893362	704	-2.1858253512618412e-05	5.5865782494635585e-08	0.9263175783867308	703
1	196176201	197311513	5.436066865002734e-05	7.4387873857097945e-09	0.528511224873086	248	-0.000122235496741	1.4973048011584277e-08	0.3178206047482619	247
1	197311514	199239883	-5.065772654832618e-06	2.0377349410746843e-08	0.9716912453741028	590	0.0002618608077063	4.2106017192177875e-08	0.2019059302871447	588
1	199239884	200137648	-0.0001367923348852	1.3286248514753129e-08	0.2353248055213872	377	-5.48754901447595e-06	3.08993360906811e-08	0.9750957559558212	376
1	200137649	201589974	-9.96211758151793e-05	2.6492570926886703e-08	0.5405021519303878	728	3.0017942671037987e-05	6.3590485767303e-08	0.9052454171395928	723
1	201589975	203334733	-0.0001330176081923	2.3492240609185103e-08	0.3854739960103505	615	-0.0004627976243827	5.6811071438824e-08	0.0521774903476555	615
1	203334734	204681067	-9.520200417473524e-05	1.839522630121823e-08	0.482723101637448	516	0.0001456458731192	4.17882932018464e-08	0.4761694310648041	514
1	204681068	206073264	-1.746723571741725e-05	2.3708398116706943e-08	0.9096803089287668	617	-9.866591606362656e-05	5.6942821764385416e-08	0.67925974801922	614
1	206073265	208410363	0.0001522173009349	3.520118150779001e-08	0.4171892050446187	735	-3.496194660085473e-05	6.272325921957951e-08	0.8889770874564745	731
1	208410364	210787749	4.360344979738159e-05	3.7727518993697275e-08	0.8223781675278335	1008	-0.0002044783437023	8.974753149947134e-08	0.4948896568084838	1004
1	210787750	212842329	7.979281299934532e-05	2.9824241951434156e-08	0.6440530221997136	763	8.83957161012843e-05	7.570823411940067e-08	0.7480116819139129	754
1	212842330	214578265	-3.4797316354918626e-05	2.2718302270609532e-08	0.8174197988909072	631	0.0001793207621765	5.0804055151727785e-08	0.4262788261567312	630
1	214578266	216243633	-0.0001195732248715	2.3465296575851978e-08	0.4350458586599685	683	-0.0002881600697478	5.319705844030722e-08	0.2115309137837798	677
1	216243634	218705512	5.441952752845994e-05	4.4018329295210364e-08	0.7953413667286465	1179	-0.0001145379762297	1.0688826282659905e-07	0.7260867151268728	1175
1	218705513	219590570	-7.824427811875037e-05	1.1789965394494738e-08	0.4711535450199324	338	-0.0001166329366187	2.585712295522665e-08	0.4682542459897156	337
1	219590571	221858230	-5.484059918856017e-05	2.8988110521168e-08	0.7473760886563225	828	7.273118202847627e-05	6.61562144284978e-08	0.7773521589482194	827
1	221858231	222230219	-1.1136226856589449e-05	7.691619798586206e-09	0.8989576530513108	203	-0.0001204325194633	1.9895474545405136e-08	0.3932044073442943	202
1	222230220	224938519	0.0001386774217836	2.9258242319079985e-08	0.4175149521615402	814	2.0876352700500175e-05	6.85926645152886e-08	0.936467470951032	811
1	224938520	226810859	0.0002958829276417	2.1905991445614377e-08	0.0455955776453361	607	-0.0002792045241412	5.056403960403979e-08	0.2143632169385477	600
1	226810860	229156247	0.0001881150466946	2.955922934077304e-08	0.2738890676865185	882	0.000165846936964	6.098236777781028e-08	0.5018436702304723	878
1	229156248	230685254	-2.7114965656030207e-05	2.104201044409141e-08	0.851720094395742	586	0.0004094100989454	5.1005582741981955e-08	0.0698628016071505	584
1	230685255	232090251	0.0002038261074204	2.6814578894983363e-08	0.2132318964461756	691	-0.0001769376339685	6.23608537498489e-08	0.4786101672298056	686
1	232090252	233429283	-0.000174189679901	2.4182659013140945e-08	0.2626562075557778	627	4.243520259598463e-05	5.8033909119352014e-08	0.860175234048497	626
1	233429284	234599433	2.2527878270398797e-05	2.3711169121716465e-08	0.8836847039928741	588	0.0002265015333119	6.113589940513422e-08	0.3596364510308824	589
1	234599434	235819435	4.042027897160106e-05	1.5912243944099328e-08	0.7486421503333482	394	7.641545740082851e-05	3.6759874826166985e-08	0.6902171052264199	388
1	235819436	237555627	5.6505479148117994e-05	2.787235718202154e-08	0.7350187015775849	771	0.0002540534354669	5.980509179559745e-08	0.2988710014131528	768
1	237555628	238567806	8.53404701185471e-05	1.7935422871950926e-08	0.5239721657950136	456	9.296463996398732e-05	4.562482952156853e-08	0.6633966955471899	454
1	238567807	239925313	-7.117192535546543e-05	2.1771008892656762e-08	0.6295516901749059	548	-4.1949732876104626e-05	5.4628884841415354e-08	0.8575601804119612	543
1	239925314	240564090	-0.000149314418102	1.4352803103667091e-08	0.212642917037547	382	-2.914255610372056e-05	3.7650458262959734e-08	0.8806143085534381	379
1	240564091	241582219	0.0001464963775216	2.021087626303968e-08	0.3027905841708096	446	4.652131085730969e-05	8.518785923860783e-08	0.8733610327955215	444
1	241582220	242071601	-5.719282223405274e-05	8.260101107769107e-09	0.5291610990122179	202	0.0001221203289646	2.4121997421563012e-08	0.4316991156726271	201
1	242071602	244109498	0.0001756312426925	2.6445152311414858e-08	0.2801366627525807	710	8.833844422790332e-05	5.58909604489804e-08	0.7086557836011455	707
1	244109499	245506745	0.0001384350867989	1.9989615392511036e-08	0.3275117394295487	482	6.028525136042001e-07	5.076880631185521e-08	0.9978652248278256	474
1	245506746	247344517	0.0001573192123276	3.0451450884820335e-08	0.3673092544554974	803	0.0002092932114789	7.18027266266076e-08	0.434766913771293	794
1	247344518	249239465	-5.569964527421137e-05	1.976706201384225e-08	0.691979768121902	524	-0.0001061845282889	4.575442061835366e-08	0.6196017925636501	519
2	10133	1781021	0.0002242405334128	2.6804314667919483e-08	0.1707940540327435	729	-0.0001221379291414	6.6037996902005e-08	0.6345842403902382	711
2	1781022	3973778	-0.0004317737449762	3.9640533803572015e-08	0.030110397880916	991	-0.000498191821165	1.0243160361268041e-07	0.1195632857698936	987
2	3973779	5708336	-0.0002401931200153	2.4983264691224953e-08	0.1286056564584516	644	-0.0001299204634282	6.256622353992934e-08	0.603477124567426	642
2	5708337	6836253	0.0001051888469364	2.4663782412812265e-08	0.5029904940945868	597	1.0802838779586244e-06	6.876592695370076e-08	0.9967130728620897	593
2	6836254	8422146	-0.0001440979162457	2.3139088086081376e-08	0.3434892158156862	613	0.0003272489708902	5.8751111650757844e-08	0.1769796131578712	613
2	8422147	10298468	3.2217913924373467e-06	2.6053022239219633e-08	0.98407499469311	679	7.981663799517017e-05	6.441555497059283e-08	0.7531537418684201	677
2	10298469	12419149	0.0002412574384899	3.970486857844205e-08	0.225986580479201	936	0.0002018925121518	1.0170850030645209e-07	0.5266975906167524	933
2	12419150	14335307	2.816855341752012e-05	2.3430870554111012e-08	0.853996001420698	619	-0.0001289872358854	5.7549547428226414e-08	0.5907963670492632	616
2	14335308	16329734	0.0003074871015582	2.8082488778948085e-08	0.0665225707592093	784	0.0003191476041932	6.058993549623632e-08	0.1947839340406433	777
2	16329735	18647422	-0.0001504021108457	3.311257961058879e-08	0.4085047998585841	923	-5.099294555907568e-05	7.740625397707862e-08	0.8545760091846341	919
2	18647423	19692403	-9.403331752918904e-05	1.5164612805069333e-08	0.4451054651260133	400	0.0001164105817292	3.7686856876075456e-08	0.5487398280098548	397
2	19692404	21050489	0.0002050945460869	2.6114686119032685e-08	0.2043888701829413	676	0.0001503417040114	6.669870177638743e-08	0.5604783999338754	674
2	21050490	23341382	-0.0001432640352964	2.496831827051513e-08	0.3645887447925622	669	0.0001103931284034	6.175113324277297e-08	0.6568676598412403	668
2	23341383	24686917	-3.748086062676784e-05	1.6200100519223916e-08	0.768393788403085	475	-8.978449903293364e-05	4.5765782994253544e-08	0.6747103116571029	473
2	24686918	26894984	-0.0001508347697778	2.069120128261392e-08	0.2943636359409436	614	0.0001513259589125	4.5604276203787866e-08	0.4785631116729083	611
2	26894985	28598776	-0.0002353515658026	1.4590197942345944e-08	0.0513626253918615	478	-0.0001276882996419	2.544618816554544e-08	0.4234442210683702	476
2	28598777	29217558	0.0001060207510023	9.273410510930591e-09	0.2709145155463492	264	-6.715096921039164e-06	2.0440480121571817e-08	0.962538328996371	262
2	29217559	30463710	2.8428174684860912e-05	2.4572638316931805e-08	0.856091052692727	648	0.0003141988117342	6.547589054425105e-08	0.2194836264925731	647
2	30463711	31550449	3.5002701944899804e-05	2.0529105404887733e-08	0.8070014933839129	559	0.0003577808849096	5.1128632414478185e-08	0.1135842452342568	557
2	31550450	33363776	-6.663218842981793e-07	1.888911103600653e-08	0.996131730908712	561	0.0001821603859797	3.72595454660312e-08	0.3453216339393719	558
2	33363777	35345027	-0.0001368520622491	3.2558327478776064e-08	0.4481885880520587	874	-9.523024451979428e-06	7.982238802885137e-08	0.9731112648314418	866
2	35345028	36122005	9.283519230163713e-05	1.1617179967459038e-08	0.3890642793150067	341	4.640496956439636e-05	2.6984074385755287e-08	0.7775639978929876	340
2	36122006	38132711	-0.0002520175832335	3.769291668146072e-08	0.1942603476480404	980	0.0002371718004275	9.539724467014529e-08	0.4425566120325285	975
2	38132712	39031336	4.240056463521672e-05	1.4479313406569451e-08	0.7245615706756297	379	0.00013264723086	3.7267083374188215e-08	0.4920042249247627	377
2	39031337	40281482	0.0002180325180544	1.1669930027370078e-08	0.0435593378048806	358	-0.0001973010898399	2.4680182939868445e-08	0.2091519806090391	357
2	40281483	43309589	9.289732384203556e-05	4.9770395265876024e-08	0.6771124619735478	1430	0.0004902666117335	1.0654649230932361e-07	0.133103533689593	1415
2	43309590	44313802	0.0001829911552716	1.5087105264960034e-08	0.1362775811011773	432	0.0002106914700016	3.3527245184047714e-08	0.2498710460727288	432
2	44313803	46482633	-0.0001422319092575	4.276416236559296e-08	0.4915838396106727	1061	-9.62159989770634e-05	1.0380008029445692e-07	0.7652144942994281	1054
2	46482634	47318771	-2.092159640918183e-05	1.7468836568809752e-08	0.8742256023848235	429	-0.0001376381609686	4.4516229650671146e-08	0.5141763732785747	428
2	47318772	48213000	-3.594306264279446e-05	1.2264627553191268e-08	0.7455181196272203	273	8.041667222488177e-05	3.2673340991040413e-08	0.6564017070807606	271
2	48213001	50022256	9.873938595945438e-05	2.9439367556639978e-08	0.5649703422079013	788	6.266227900645859e-05	6.92444573315504e-08	0.8117804518274474	780
2	50022257	50818927	-3.885302635305099e-05	1.3224385264612825e-08	0.7354684996260319	393	0.0001427422895174	3.0989021035434376e-08	0.4174430141600099	391
2	50818928	52491132	3.805095645052517e-06	2.6033907113338898e-08	0.9811853688041744	720	-0.0001790542018623	6.286983926910306e-08	0.4751609651431335	720
2	52491133	53508451	-2.1174370328447125e-05	1.8884024472400892e-08	0.8775419139975505	541	5.543511636806085e-05	4.567725839783127e-08	0.7953427676795845	538
2	53508452	54685225	-4.8255516551925e-05	1.8089373299396432e-08	0.7197553597604467	494	-7.980193762944748e-05	4.289502940582345e-08	0.7000079697722141	492
2	54685226	56203344	0.0001811873639941	3.564561500517048e-08	0.3372180647269094	694	2.469091390483678e-07	5.8430198699703337e-08	0.9991849983847044	691
2	56203345	57429099	0.0001538816871283	1.5847837045440682e-08	0.2215685281799959	445	-8.26158331703022e-05	3.3886523649532863e-08	0.6535782276040947	442
2	57429100	58297314	0.0001282316267633	1.1399805161675703e-08	0.2297475218480821	323	8.185319465453522e-05	2.5752111647921412e-08	0.6100028909160435	323
2	58297315	60291999	6.015827747018292e-06	3.6608830029637345e-08	0.9749174908586536	815	7.499722016598484e-05	7.490779025962215e-08	0.7840695373656295	808
2	60292000	62429043	-6.290307967895545e-05	2.3383602280437708e-08	0.6808126481733101	681	1.0206514888117484e-05	5.0637331268647665e-08	0.96382294225698	679
2	62429044	64625912	-9.986293018028292e-05	2.2867294568265987e-08	0.5090070768178894	665	-4.337326033642632e-06	4.684605324582964e-08	0.9840119108907344	663
2	64625913	65933443	-7.725592649463914e-05	1.659543796490382e-08	0.5487030612968027	437	9.936770127567784e-05	4.032375415162139e-08	0.6207130939645754	436
2	65933444	67226165	-8.681288161010822e-06	2.0706778876753997e-08	0.951893409227756	572	-0.0001433767152998	5.072274702750789e-08	0.524375292707723	570
2	67226166	68010175	-6.966033720249026e-05	1.6295787296304543e-08	0.5852774026552481	445	-0.0001636294770436	4.0525129671404575e-08	0.4163159495953665	440
2	68010176	69139563	8.546898622216424e-05	1.7735878887902583e-08	0.5210198598847046	512	-0.0001644141379866	4.191337249898968e-08	0.4219241726774283	511
2	69139564	70755197	-5.7886711770080674e-05	1.9162063677740658e-08	0.6758194013968168	597	-1.178582810338864e-05	3.989418276449264e-08	0.952946339887411	595
2	70755198	73174847	-0.00011163038048	3.1394359293468774e-08	0.5286793573141364	858	-1.046528283235491e-05	7.03801402952734e-08	0.9685331448438184	855
2	73174848	75630085	0.0002962315077175	2.6060936503466346e-08	0.0665055821816704	794	4.1137962646884755e-05	5.737320524229122e-08	0.8636367253656227	792
2	75630086	76913660	8.993344193914475e-05	2.173226740148831e-08	0.5418256499090358	562	-1.9857947001203692e-05	5.4607264535276435e-08	0.9322784716375678	556
2	76913661	78079263	-6.407672979843604e-05	2.4319607402372985e-08	0.6811556322851778	404	-3.3061711509662156e-05	4.0683361360751015e-08	0.8697985874555076	404
2	78079264	80050402	-0.0001250382437445	3.3258438973027655e-08	0.4929443451763721	925	1.0651664119374908e-05	7.902354527996359e-08	0.969774370336992	922
2	80050403	81620840	6.145325229220329e-05	2.0816613115698473e-08	0.6701577059397557	572	0.0002309171743522	4.920347928212979e-08	0.2978670954963652	569
2	81620841	85140679	1.188599828498134e-05	2.9695905193445553e-08	0.9450100665863436	1012	7.843142725195773e-05	5.537157604317928e-08	0.7389012578574259	1011
2	85140680	88038506	7.36728695751353e-05	2.552429739654404e-08	0.6446997705284555	739	-0.0001215267615461	5.418003777734634e-08	0.601601895020841	737
2	88038507	89154525	0.0001679964159944	9.225607581170425e-09	0.0802821659920584	259	8.048337336430803e-05	2.286810459748917e-08	0.5945737212997053	258
2	95326452	98995200	-5.358542110845036e-05	1.5672332624647008e-08	0.66862524733562	501	-7.873674066454569e-05	3.1888907635578705e-08	0.6592725215610808	497
2	98995201	101822328	-7.653112653971418e-05	3.0977015056437615e-08	0.6636866827402523	969	-9.675755129648972e-05	6.208444595073011e-08	0.6977767871584815	966
2	101822329	102688764	-4.869830858126929e-05	1.0311248742381583e-08	0.6315282835175995	297	-0.0001155800557981	2.5140142302681183e-08	0.4660309197816419	294
2	102688765	103588214	6.80580556452974e-05	1.4639088091797705e-08	0.5737754048042967	461	9.929193340601896e-05	3.211169735666614e-08	0.5795154863099401	458
2	103588215	105125033	0.0001866590506458	1.89548743149081e-08	0.1751697975130941	332	0.0003004975030405	2.53899202819409e-08	0.0593133840352771	330
2	105125034	106210057	-2.4479454425337705e-05	1.6955571111404353e-08	0.850880833908667	435	-0.0002631449311246	4.3734051804515565e-08	0.2082822812613296	431
2	106210058	107408266	9.144012868522926e-06	1.951570869371694e-08	0.9478115137109788	504	-0.0003117807816366	4.9848549141034576e-08	0.1625812628009746	500
2	107408267	108429176	4.4976410483820536e-05	1.2734247072315942e-08	0.6902144331108633	366	-8.566728291717342e-05	3.104820355265324e-08	0.6268398161060404	365
2	108429177	110572431	3.804914290813512e-05	2.048563605880141e-08	0.7903625188806362	620	0.0001997080423404	4.5971838277953065e-08	0.3516318465995689	620
2	110572432	113921855	-9.118321983811014e-05	2.9292698532878816e-08	0.5941966497323085	904	-8.8485786014407e-05	6.24352584550853e-08	0.7232440042842951	898
2	113921856	116772469	4.871425356164995e-05	2.913115066441515e-08	0.7753259959655038	822	8.625977263708219e-05	6.740823291720568e-08	0.7397080882426512	819
2	116772470	118367465	2.70222370802487e-05	1.3829257686066611e-08	0.8182587629379869	451	7.84829215781176e-05	2.7633144696426224e-08	0.6368352349135407	448
2	118367466	121303782	4.3492365373525194e-05	4.69061707812329e-08	0.8408425508894946	1061	7.529292632763683e-05	8.821056904049849e-08	0.7998746895540128	1055
2	121303783	123302905	0.0001470286828031	2.1935868160333705e-08	0.3208487863052371	601	0.00028029382479	4.665980321818756e-08	0.19442354681907	599
2	123302906	124732249	-2.65636728387347e-05	1.6176699131086074e-08	0.8345620754440124	501	-0.0001361935771205	3.608582069943809e-08	0.4734054945329663	500
2	124732250	125840920	-0.0001042862297586	1.5980733535348043e-08	0.4093989158066684	440	0.0001684946457578	4.0014063620160314e-08	0.3996059687553078	440
2	125840921	127373763	3.287402143111331e-05	1.5401717196649886e-08	0.79109293424058	483	0.0001875128705331	3.3742457751488784e-08	0.3073469049246019	481
2	127373764	128034346	0.0001114911468068	1.0882519439072648e-08	0.2851828571138081	271	3.186376776890219e-06	2.8675724919143293e-08	0.984987453709222	271
2	128034347	129474440	9.791839829401042e-05	1.6487136488059952e-08	0.4457073444966369	467	-0.000106115601525	3.985866250082647e-08	0.5950599535576511	466
2	129474441	130067169	-0.0001095798068283	8.431219862634902e-09	0.2327135190621174	244	2.4909038876191503e-05	1.9799687926268642e-08	0.8594909313571144	241
2	130067170	130658084	-1.4570484785155164e-05	8.402973023609036e-09	0.8737091365483676	230	5.070326135329333e-06	2.0236007638860028e-08	0.9715670716246464	229
2	130658085	133042783	9.105171862873363e-05	8.793139298106833e-09	0.3315516842028874	257	9.478591948733834e-05	1.979897131652263e-08	0.5005454962427716	254
2	133042784	135158577	2.2378994397880856e-05	3.9176065258954e-08	0.9099786156860477	956	-0.0001563878939569	9.333829618030994e-08	0.6087308423559455	951
2	135158578	137042793	4.929423346181846e-05	1.5105173462275614e-08	0.6883596934518698	482	4.401516699602248e-05	2.5387079716514553e-08	0.782359136985523	481
2	137042794	138698116	6.507276205989662e-05	2.3809264608398444e-08	0.6732279495987464	681	1.4015974537914795e-05	5.5035656442751136e-08	0.9523587682763118	678
2	138698117	140100270	6.853586712825342e-06	1.8193006928037873e-08	0.9594753864116298	483	0.0001058218913091	3.8033065934590364e-08	0.5873922796709716	480
2	140100271	141805350	-8.741282932544196e-05	2.410618829669145e-08	0.5734326679755171	667	-2.0217759018916132e-05	5.985217305184251e-08	0.9341373791764662	665
2	141805351	142518601	0.0001589321675998	1.4811907936138569e-08	0.1915902660450807	348	-0.0001645467530146	3.089382260405047e-08	0.3491870285045504	346
2	142518602	144519483	3.707823537277831e-05	2.5312182116902713e-08	0.8157204314447356	718	-0.000246499473011	6.191121504094195e-08	0.3218441597885707	713
2	144519484	146445569	0.0001820775882057	3.3509202896521467e-08	0.3199018887922218	469	0.0001390457641865	4.3493552113615694e-08	0.5049491953896557	465
2	146445570	147277161	1.2682366030693509e-05	6.118488429357914e-09	0.8711991226693021	189	-6.0007136166112216e-05	1.4868577502168585e-08	0.6226367774295407	188
2	147277162	150210291	-0.0001328936875904	3.8099695156171834e-08	0.4959741860454264	735	-0.000167583529274	5.5987781336657776e-08	0.4787919244287075	732
2	150210292	151731461	-4.2076104458924205e-05	1.732097873647629e-08	0.7491920350193537	501	0.0002320669911765	3.9694751383848514e-08	0.2441048818992582	500
2	151731462	152486781	0.0001458082288783	9.957954025390875e-09	0.14397227449051	304	0.000294363740211	2.3224118288142432e-08	0.0534102702608778	303
2	152486782	154005055	0.0004345476168913	2.5828924662365052e-08	0.0068539148339884	565	0.000229120294829	4.7333058364089406e-08	0.2922822022181959	562
2	154005056	155391134	0.0001935439793468	2.1757319407490157e-08	0.1894761659973461	546	0.0002489385282235	5.7342824906397135e-08	0.2985410141668833	540
2	155391135	157560634	1.686080486249887e-05	2.4873273897103664e-08	0.9148616499074173	648	0.0002641896750489	5.1841849662692614e-08	0.2459209167469037	645
2	157560635	158533217	-0.0001253979190961	6.254037776027171e-09	0.1128164502559522	156	-3.740819769969753e-05	1.6933151525065906e-08	0.773749754036846	156
2	158533218	159577081	-1.8721255881251743e-05	1.7831148618671852e-08	0.8885026590964276	365	-0.000130017944163	3.1574591692071726e-08	0.4643502892456794	363
2	159577082	161769732	-0.0001093232580331	2.5796523959221944e-08	0.4960849242270007	800	-6.973532700247446e-06	5.3846069815026494e-08	0.9760254463023118	792
2	161769733	163503550	-0.0001774888733443	1.5502616438517056e-08	0.1540113832545068	445	5.956678825642127e-05	2.9427939885172026e-08	0.728414321935956	443
2	163503551	164466637	-2.3458493261491204e-05	7.370408480716931e-09	0.7846638695810677	218	-6.638216505231809e-05	1.6604858705330026e-08	0.6064481089354115	218
2	164466638	165178839	6.424245366332171e-05	6.858446661643663e-09	0.4379098468360188	193	-8.105964716602563e-05	1.6594338290940122e-08	0.5291839626186046	189
2	165178840	167160269	0.000214817680718	2.6349246080745906e-08	0.1857076622311158	731	0.0003469737835654	6.509764898775115e-08	0.1738545981979289	727
2	167355970	169968235	1.0429421769799083e-05	3.3077807996175466e-08	0.9542707623126904	919	-0.000240073849944	7.944651484126725e-08	0.3943579913160537	915
2	169968236	171226244	0.000380832446534	1.857806536691079e-08	0.0052052920890557	524	-0.0001914437727121	4.090219222166551e-08	0.3438410313710617	523
2	171226245	173138904	0.0001378266200583	2.2757147214031283e-08	0.3609070455710484	639	4.6051455967834274e-05	4.6916892649051583e-08	0.8316330582642425	634
2	173138905	175588928	0.0004169517829406	4.4061619898069265e-08	0.0469945602773998	873	4.462921705691149e-05	8.37037885572086e-08	0.877406588138474	869
2	175588929	177363635	0.0001114133982752	1.9682358036206895e-08	0.4271120327219675	599	0.0001783029956215	4.203726977417293e-08	0.3844951115155568	597
2	177363636	178553182	3.969411226114617e-05	1.7121728178973445e-08	0.7616187303937003	516	1.6223775341089936e-05	3.5975387621215125e-08	0.9318352379964666	512
2	178553183	181312738	0.0003395245536327	4.085760660687257e-08	0.093013438565173	1111	-0.0002993727821012	9.849415222407933e-08	0.3401295475105655	1105
2	181312739	182266030	-4.321768406430431e-05	1.1220829252153124e-08	0.6832813648670953	337	3.136035177111261e-05	2.4979922111776073e-08	0.8427164921180212	335
2	182266031	184357607	0.0002323627270842	2.2197945237696523e-08	0.1188571109609934	678	-8.072955384760544e-05	5.0434604157235633e-08	0.7192400543324036	673
2	184357608	185280172	-6.343777247459774e-05	1.1583974399988227e-08	0.5555847857934773	269	-0.0002237464772572	2.259820959869949e-08	0.1366458622245785	265
2	185280173	189882064	-0.0001937440117557	3.5989180425240043e-08	0.307124602940193	1146	-7.284112871102543e-05	7.101862224369515e-08	0.7845979870342008	1142
2	189882065	191973356	-0.000147726842891	1.8008044908502528e-08	0.2709641671934654	564	-0.0004066160606407	3.8502259011916446e-08	0.0382424553138431	562
2	191973357	195861163	-7.34672746877942e-05	2.4793104389586844e-08	0.6407985872116757	736	-7.807776779557114e-05	5.2683993992299883e-08	0.7337332082339064	730
2	195861164	196447455	6.110303156161568e-05	5.696068393349857e-09	0.418165112955548	167	-1.6465483012115333e-05	1.276206601322517e-08	0.8841173129221236	167
2	196447456	198078109	3.1902768373457146e-05	1.6592213744834914e-08	0.8043885098793817	501	-0.0002120557140207	3.4217876971302e-08	0.2516435784114017	498
2	198078110	199311124	0.0003023760948899	1.1232697258574562e-08	0.0043305349137943	363	0.0001081444061701	1.6966461759337594e-08	0.4063979539387539	361
2	199311125	201576283	-0.0003863491889498	3.8047033357575154e-08	0.0476244642879565	697	-0.0005311472371926	5.0686328991460244e-08	0.0183131092988506	694
2	201576284	202818636	0.0001986463001773	1.2843937354734332e-08	0.0796370176327833	341	-0.0001623458084429	2.1320045895604493e-08	0.266201755571444	339
2	202818637	205799240	-9.264707169337272e-06	2.9254126773394105e-08	0.956801779924841	836	-0.0001032898572735	6.452561136075236e-08	0.684285126761381	833
2	205799241	206735703	-0.0001199697440581	1.4821529708842232e-08	0.3244135254718527	392	6.210694369219845e-05	3.4877826607924136e-08	0.7394690781602068	392
2	206735704	208645398	-0.0002449844579448	2.6908194053804708e-08	0.1353144222987704	745	-0.0001629703030561	6.375377728809163e-08	0.5186424392029998	744
2	208645399	209941528	-0.0001134715626781	1.3399621280371505e-08	0.3269583593928089	371	-5.735603065023532e-05	2.9140956083952978e-08	0.7368779184177165	370
2	209941529	212379517	0.0001565758947884	2.7459802220851866e-08	0.3447206505589989	836	0.0002502563816165	6.107384261879205e-08	0.3112294059269332	835
2	212379518	214014281	-3.582174548639752e-05	2.648205153164989e-08	0.8257731886235276	688	0.0001254908629364	6.636849242864584e-08	0.6261771341829936	681
2	214014282	215573794	0.0003441360954609	1.6208457571205997e-08	0.0068699587280114	496	0.0002398435980345	3.4604631682149344e-08	0.1972865557867237	494
2	215573795	217715660	-2.7061269174244984e-05	3.13062201374151e-08	0.8784423261345388	837	0.0001971954577395	7.80635341474823e-08	0.4803214691338927	832
2	217715661	218395479	6.8649830663512e-05	1.0753497521516341e-08	0.5079647631783037	290	6.191326501989818e-06	2.7011781040357252e-08	0.969950001820923	290
2	218395480	220454550	0.0001163872385758	2.157718630175841e-08	0.428166306959478	672	7.492834385782799e-05	3.804817035397993e-08	0.700881429567113	668
2	220454551	222521175	-0.0001635329939034	3.279672560370838e-08	0.3665232528171749	904	0.0001109340934273	8.068897012651231e-08	0.6961423153999868	902
2	222521176	224859418	6.714459061699415e-05	3.0838285247302296e-08	0.7021986216637578	816	-1.6071209744372694e-05	7.733769830274893e-08	0.9539158768623522	813
2	224859419	225840003	-0.0002701153987444	1.9167369429932746e-08	0.0510512654062206	397	-7.812401332280205e-06	3.2120158379914423e-08	0.9652305159049314	393
2	225840004	228119841	-0.0001322084864869	3.375276377643214e-08	0.4717575264758135	790	4.973746155394335e-05	5.9077410292619025e-08	0.8378598939673688	787
2	228119842	229370786	-3.5512537946958675e-05	1.878515872946424e-08	0.7955549255799834	512	-4.541465138203962e-06	4.486012769134155e-08	0.9828930527595924	506
2	229370787	231843388	0.0003589195526083	3.796411550988201e-08	0.0654622159889529	983	0.0002601405400717	9.609903742747445e-08	0.4013754707298549	978
2	231843389	233550002	0.0001406647529155	1.8116949873740217e-08	0.2959935481596931	506	-6.163846924607294e-05	4.470141745727879e-08	0.7706419248806015	504
2	233550003	235150986	-0.0003099948872929	2.9365871387213407e-08	0.0704545508645398	818	4.487609918117355e-05	6.054966797880207e-08	0.8552904503159274	814
2	235150987	236043549	5.088690329307232e-05	1.8883286598085533e-08	0.7111503863151598	400	-0.0001737288005879	5.385782237086974e-08	0.4541008224146508	399
2	236043550	237449031	7.969303748689266e-05	1.9843860293622873e-08	0.5715790295364449	517	-0.0001544222419675	5.1273793829802275e-08	0.4952610419484105	512
2	237449032	238760980	-7.215915390479737e-05	2.233146970837492e-08	0.6291860270071634	573	-0.0001115526495735	5.651444422234467e-08	0.6388941328965736	570
2	238760981	239952642	-6.114582004311254e-05	1.5342954528170183e-08	0.6215588956160341	425	-2.539571664491547e-05	3.674515048642362e-08	0.8946021952614539	424
2	239952643	241560083	-7.871297026465924e-05	3.1664820249524625e-08	0.6582420299762228	682	8.057575288462843e-05	1.0285909765671208e-07	0.8016311400455336	678
2	241560084	242149920	-5.284465182161404e-06	8.253104601802084e-09	0.9536139313471846	238	7.203300469075593e-05	3.043084677683108e-08	0.6796592409524356	238
2	242149921	243188919	3.193450234964026e-05	6.992889581211331e-09	0.7025471774336847	167	1.322808266431431e-05	1.7020422591013078e-08	0.9192377966224096	166
3	60157	1441778	4.134511930376478e-05	2.871267714094868e-08	0.8072318732179478	639	-6.528359536921089e-06	7.60840567870981e-08	0.9811176192397496	633
3	1441779	2992119	0.0001228448814743	6.20791301618215e-08	0.6219826403316533	923	6.572480942996814e-05	1.0833677494427885e-07	0.8417284053184546	921
3	2992120	4431646	9.929501531525872e-05	3.2686921156093916e-08	0.5828596043171578	786	-0.0003359193786633	7.824498021360018e-08	0.2297900254066008	779
3	4431647	6083182	4.963854301413739e-06	3.4449786792409505e-08	0.9786639485661476	780	0.0001248260201838	8.672325240172454e-08	0.6716573027371895	775
3	6083183	7083386	1.0730857220788182e-05	1.8079512214231037e-08	0.9363907457514556	437	-0.0003239066558012	4.5399774864740466e-08	0.1284674944426763	436
3	7083387	8648560	0.0003241185854731	3.5576351554933605e-08	0.0857244254833853	926	-9.255892686923362e-05	8.493313351473262e-08	0.7507887938990093	921
3	8648561	9543182	-9.195649927959922e-05	1.7445582426111252e-08	0.4862978920648787	414	8.152634121412213e-05	3.836375642172599e-08	0.6772388967314446	412
3	9543183	11019664	0.0003709708435403	2.7119449458490292e-08	0.024279385275914	645	-1.0696159101618748e-05	5.488940522311299e-08	0.9635856296188317	643
3	11019665	13070798	-6.373092511761741e-05	2.9790265745155572e-08	0.7119461238700084	785	-3.130988673126068e-05	6.221076078800964e-08	0.9001036991163647	779
3	13070799	14816899	-5.9155703757000536e-05	3.3211990474591915e-08	0.7454834552169753	793	-0.0001106123536379	7.85126752394376e-08	0.6930196116415197	791
3	14816900	16282441	2.4132553813376335e-05	2.0306711367732672e-08	0.8655218757678178	553	-3.3174172722832975e-05	4.1168899952538756e-08	0.8701254509475314	551
3	16282442	17891117	-6.497234428335856e-05	3.4281541453286126e-08	0.7256542798886587	542	-0.0001561636909905	3.8513737806409474e-08	0.4261820635655107	528
3	17891118	19125143	0.0001209751151941	1.6370690553419576e-08	0.3444025471235579	379	5.375151645357311e-05	7.976162884649996e-08	0.849055194014649	379
3	19125144	20091347	7.211709892144664e-05	7.926315216681292e-09	0.4179213531499289	212	9.573800956428008e-05	1.8293771258497857e-08	0.4790469808578184	212
3	20091348	21643706	8.07292924728546e-05	2.8297940601260928e-08	0.6312961588487924	714	0.0002507908126234	6.762981247752088e-08	0.3348617490046999	709
3	21643707	22204243	-3.290082626508945e-05	1.7770746231325283e-08	0.8050591325883433	400	-0.0003057024873308	4.72082327311789e-08	0.1594312280275294	397
3	22204244	23804864	-8.416756756596373e-05	2.2432875643648736e-08	0.5741460072581832	590	-4.892194509622592e-05	5.045775918926695e-08	0.8275920326181867	589
3	23804865	25461557	4.6452514748465744e-05	3.439490085459198e-08	0.8022210107685802	837	0.0003276620769594	8.291947778785573e-08	0.2551690217739449	832
3	25461558	26877768	3.473627074698543e-05	1.718466448422312e-08	0.791025072595076	495	-0.0001829213575468	3.577427116631933e-08	0.333485546737741	490
3	26877769	27840909	9.920366770465424e-05	1.0758698443433597e-08	0.3388609602828338	297	0.000318594020302	2.286194843079587e-08	0.0351106561623531	295
3	27840910	29142259	0.0001695173958685	1.9102250112921223e-08	0.2200058425878982	506	-4.219254770567469e-05	4.179475448412887e-08	0.8364914001915739	504
3	29142260	30717954	0.000270968398678	3.276383313801021e-08	0.1343937139103584	687	0.0001140594263092	7.694579508894075e-08	0.6809358632361927	684
3	30717955	32351714	-4.428745809298326e-05	3.926622525127291e-08	0.8231489261392456	684	0.0001521153081129	5.74083888324014e-08	0.5255127881594931	680
3	32351715	33255591	-1.7826909499577388e-05	1.3870081828469824e-08	0.8796847503214487	301	0.0001278834608102	3.854569648447428e-08	0.5148089496439756	301
3	33255592	35283457	0.0001229640034249	2.7567128365380704e-08	0.4589375362956467	672	9.105758947324352e-06	4.582682814092917e-08	0.96607144490018	669
3	35283458	36486841	6.333298772519143e-05	2.755009642092739e-08	0.702784125216666	458	1.507952805581618e-05	3.420026131095647e-08	0.9350121674300216	456
3	36486842	38356115	-0.0001276076718872	2.4638002619556587e-08	0.4162357768290863	673	7.806508211415534e-05	4.2507863263427086e-08	0.7049580038147915	671
3	38356116	40221297	0.0002458873137184	2.5494883992896183e-08	0.1235699639181977	724	0.0002180921844317	4.936405783746959e-08	0.3262968065964701	721
3	40221298	41064527	4.79658244975706e-06	5.668437419148259e-09	0.9492020028640182	166	6.286090584603612e-06	9.544313866355143e-09	0.9486962927800012	166
3	41064528	42540001	2.720335779411036e-05	1.7890326163088953e-08	0.8388361490357871	531	0.0001455355379236	3.5788182037231844e-08	0.4417115532110448	531
3	42540002	45165152	0.0001980832296305	3.816973693352745e-08	0.3106382680255656	812	-0.0001593120437896	4.79036756189264e-08	0.4666825285383128	809
3	45165153	46657499	-4.5338455838460706e-05	2.270240201880589e-08	0.7634861896699521	623	-0.0003765946368329	5.0023772840452565e-08	0.0922237722227886	618
3	46657500	47727211	-9.092821135781488e-06	9.73826240114947e-09	0.9265851724593286	210	-6.622267474236959e-05	8.52439727837144e-09	0.4732154510240848	205
3	47727212	49316971	0.0002407917422111	9.073571636801068e-09	0.011476117823382	312	9.870064386688564e-05	9.911030461355278e-09	0.3214773019028348	309
3	49316972	51832014	0.0001570869557263	3.5706545829898014e-08	0.4057950686911463	608	0.0001478797664335	2.0435391733224945e-08	0.3009171937227362	605
3	51832015	54081389	0.0012428518918227	3.534858790582177e-08	3.8306218777622066e-11	731	0.0007568980008876	3.6905989620591784e-08	8.150407903521552e-05	729
3	54081390	55348859	-8.933452460003134e-05	2.875992261728528e-08	0.5983495776456317	679	-0.0002288864021092	6.862617062704355e-08	0.382267652388679	677
3	55348860	56433906	1.804533249502908e-05	1.4721884150078142e-08	0.8817708461340686	403	-1.9968016222016585e-05	3.237422438431915e-08	0.9116341286396188	402
3	56433907	58157518	-1.7212686650738886e-05	2.0646554417575533e-08	0.9046485630359824	625	-1.7244698167612945e-05	3.8516198497988506e-08	0.9299810842921828	622
3	58157519	60272905	-0.0002530132987114	4.4160650481752446e-08	0.2285905096980652	1070	0.000467386058945	1.0612286000459633e-07	0.1513630141226906	1066
3	60272906	62355665	0.0001277763433187	4.2474175700972796e-08	0.5352612773993162	1032	0.0003785763578447	9.963683731822725e-08	0.2303944757388123	1022
3	62355666	63669285	7.543112585110196e-06	3.466095770010158e-08	0.9676814725849036	636	-4.089350875689483e-06	6.27226157685754e-08	0.9869724407113746	631
3	63669286	65273537	1.5114204882017311e-05	3.3970819999923816e-08	0.934643945097004	807	6.0536136141900824e-05	8.3111680652172e-08	0.8336811189264112	802
3	65273538	66270446	3.862589849973315e-05	1.4725774823593914e-08	0.7502557840666021	320	-7.773154024248832e-06	3.8845499020094565e-08	0.9685403122794756	320
3	66270447	68286913	-0.0001374217513857	2.7677991742305842e-08	0.4087953050848159	708	-0.000131823530765	6.530339977325094e-08	0.6059578430783796	706
3	68286914	69276761	-6.136540012216697e-05	1.5176792850513165e-08	0.6183997979916902	413	-0.0001529773262533	3.2862655399174514e-08	0.3987418455564341	412
3	69276762	70449027	-1.2032773168712482e-05	3.4781134696726536e-08	0.9485562419753142	431	-0.0002208787258237	4.1017255695478644e-08	0.275443297281342	428
3	70449028	72529328	0.0007495011264078	6.5468512752962e-08	0.0033978386609338	769	0.000428620812801	1.5816993126998257e-07	0.2811528036117112	765
3	72529329	74321816	4.8472175519237354e-05	3.054244695091015e-08	0.7815052766592412	728	-0.0001035970962025	7.684004765258788e-08	0.7086078869056025	725
3	74321817	75704948	6.754301629822366e-05	1.0763716698003904e-08	0.5150287467554568	304	-0.0003421397046889	1.850370924321367e-08	0.0118961838570884	304
3	75704949	77508834	3.7428665335206574e-05	2.1960436383874163e-08	0.800599573994863	587	0.0001445674313296	5.215334573744744e-08	0.5267092121234654	581
3	77508835	79024540	6.8394408823099e-05	1.7433989667883178e-08	0.6044645538350566	472	-9.709685851722172e-05	3.9703873014770784e-08	0.6260518448712675	470
3	79024541	81427309	0.0004482071650956	2.0099251709899316e-08	0.001569758292927	600	0.000276678390137	3.710941382001468e-08	0.150928251700857	597
3	81427310	82643885	6.189427298430516e-05	1.1041244026381461e-08	0.5558374668196122	344	-0.000252735839019	2.0432845550056028e-08	0.0770471946886092	342
3	82643886	84367478	-5.983181534952339e-05	1.3423492070477332e-08	0.6055641131416203	405	7.309107290376765e-05	2.6220704919752256e-08	0.651715812830457	405
3	84367479	85582230	-3.781030377737765e-05	9.882704962641203e-09	0.7036928847337165	315	-3.357484459593402e-06	1.9606473355824792e-08	0.9808700992698256	314
3	85582231	87409731	-6.981088370526684e-05	1.6559487287308546e-08	0.5874741504535161	523	7.118984494710093e-05	3.133222011101951e-08	0.687550202016899	522
3	87409732	88298372	-2.309432630674503e-06	7.155069469461441e-09	0.978218665739694	234	-0.0001415862380739	1.2866937185236605e-08	0.2119585877790335	234
3	88298373	94255315	-1.5495189354766326e-05	1.7500527005636882e-08	0.9067563569596244	525	-8.320176101193662e-05	3.714093349637876e-08	0.6659420807703751	523
3	94255316	95311970	5.207493025226187e-06	7.950130731580052e-09	0.9534269390544284	255	1.0564182627160843e-05	1.2808562455659697e-08	0.9256303975950811	253
3	95311971	98215949	-3.339877475960998e-05	2.150280152406049e-08	0.8198305587691059	670	3.621495873072771e-05	3.9671591816148946e-08	0.8557218435950442	669
3	98215950	99373761	-6.177102382464755e-05	1.2977252308733974e-08	0.5876515714153223	379	-6.779783551849909e-05	2.4517009851900865e-08	0.6650189839951405	379
3	99373762	100592216	6.81294170331198e-05	1.2700754478436214e-08	0.5454894290669675	397	1.021046137905505e-06	1.9604761558163858e-08	0.9941816372115158	396
3	100592217	103084959	1.7815726931240552e-05	2.6167579435152084e-08	0.912303031849824	769	0.0001920620836041	5.0586223965562975e-08	0.3931402530845772	768
3	103084960	104581612	5.646913389111274e-05	1.7203518339079887e-08	0.6668108190989965	501	8.773902062333947e-05	3.683798988070909e-08	0.6475737526776335	500
3	104581613	106982810	0.0001126033783655	3.9362240099660145e-08	0.5703340074822529	807	-8.468579959892905e-05	7.115156334698227e-08	0.7508783050545096	799
3	106982811	109522394	0.0002807481257585	4.041977254968144e-08	0.1625843083218411	885	0.0005262098627024	6.94044242291829e-08	0.0457815679275983	882
3	109522395	110513769	-1.7489267109055287e-05	9.628594000567009e-09	0.8585393316761282	297	-7.045052127365052e-05	1.9406762798779912e-08	0.6130552432114345	295
3	110513770	112815698	3.4690359174720166e-05	3.00242565196407e-08	0.8413210695287756	823	-5.256762127062431e-05	6.510334416611793e-08	0.8367725859744206	820
3	112815699	113947862	-3.6766545127389016e-06	1.4329954954147091e-08	0.9754979627830768	413	-5.513986480491194e-05	2.792433402552796e-08	0.7414227290051598	409
3	113947863	115447079	0.0001173015974458	1.6180444456494447e-08	0.3564424409919419	370	-7.12361844581366e-05	4.0004022659229715e-08	0.7217184889201658	371
3	115447080	116800152	0.0001554466871193	2.1769677095421437e-08	0.2920886292241992	582	-0.0001169989716725	4.98296854347841e-08	0.6001890023041261	575
3	116800153	118530250	-1.7906242630569825e-05	2.7177023774845242e-08	0.91350514287871	641	0.0003735567828755	5.726424910332243e-08	0.1185136265206833	637
3	118530251	120523054	-9.363494777707884e-05	2.7016836100392916e-08	0.5689038731423306	778	7.267775960379997e-05	5.8351818922180116e-08	0.7635160333911235	777
3	120523055	121974096	-6.996239074666244e-05	1.503718594724349e-08	0.5683157233844343	466	-0.0001069992938684	2.5614557128595572e-08	0.5037790476101855	466
3	121974097	123517767	-6.93954426183663e-06	1.9314267304135722e-08	0.9601753976607816	545	0.0001505406870311	3.984472910937424e-08	0.4507479813270999	541
3	123517768	124936641	9.752041443785184e-05	2.465751889931664e-08	0.5345721029248871	653	-1.415184926992258e-05	5.64144094166784e-08	0.9524882167202544	653
3	124936642	126214942	0.0001439920882181	1.5556764852236634e-08	0.2483115235815118	450	4.84862935534279e-05	3.1537481869350635e-08	0.7848325175668438	450
3	126214943	128194860	3.1997424919269156e-05	2.622631216193492e-08	0.8433724613947222	736	9.321500650641872e-06	4.952577071256718e-08	0.9665894751513944	735
3	128194861	130244734	8.154190820595988e-05	1.8029507324856576e-08	0.5436651437791875	538	1.0150820456813313e-05	3.6256097298204194e-08	0.9574847232549376	535
3	130244735	131836515	0.0001829904971048	1.99955843752815e-08	0.1956374173423792	606	0.0002092176031435	3.8759716795728e-08	0.287921079861691	603
3	131836516	133252172	8.931121535229276e-05	1.888492789924604e-08	0.5157550812307456	544	0.0001682278700809	3.9748579294114114e-08	0.3987837598767025	541
3	133252173	135456905	5.6515536325424146e-05	3.6072966322036445e-08	0.7660377654533573	942	-0.0001984651754927	8.19795615418944e-08	0.4882111265812547	938
3	135456906	137371082	-0.000280144853003	2.1674061300617048e-08	0.0570555776085724	567	-0.0001074019999986	2.9520548139617756e-08	0.5319048033915691	566
3	137371083	139954596	-8.963928881358011e-05	3.3135798060227856e-08	0.6224112432803066	926	-0.0002032753516184	6.48890807422889e-08	0.4248747353011726	926
3	139954597	141339096	-0.0001749983360976	1.7239532868538572e-08	0.1825912117140556	504	-7.949818710441622e-05	3.593384464085095e-08	0.674940084744895	503
3	141339097	143164627	7.343970050774596e-06	2.3820744818838423e-08	0.9620484576900944	651	-0.0002350594165409	4.6065226545689345e-08	0.2734316622588356	647
3	143164628	144410815	4.306548587468755e-05	1.4864939130334073e-08	0.7239219924316947	412	2.3403602171123477e-05	2.8848511486711298e-08	0.8904055597679778	410
3	144410816	145664618	-8.606433509935611e-05	1.4688759515067688e-08	0.4776308267617892	418	-0.0004259009330033	3.6928593411706054e-08	0.0266714303486589	413
3	145664619	146726628	0.0001371728502034	1.2929244398101865e-08	0.2276737216292117	372	6.800690082030766e-05	2.6940890350205872e-08	0.6786320047705856	371
3	146726629	149043236	0.0001083348934729	2.6611585276565125e-08	0.5066267925693515	705	-0.0001859405115417	5.913699450049033e-08	0.4444991739269791	704
3	149043237	150252003	-6.04330693699393e-05	1.8529966762721247e-08	0.657076315586199	464	2.8517202244584187e-06	4.131997108159232e-08	0.988806839606175	462
3	150252004	151348729	-2.559664021827506e-05	1.5021865501424298e-08	0.8345703869113966	405	9.764014747495542e-05	3.4089736101799846e-08	0.5969229429801739	405
3	151348730	153256570	-0.0001242135320248	2.5236579931714382e-08	0.4342707540062986	648	-0.0002457784950169	5.959150616050853e-08	0.3140214316806057	645
3	153256571	154714217	-2.049222246478848e-05	1.6390452623724908e-08	0.8728306817280336	473	-0.0001000706788773	3.432136568091332e-08	0.5890848555880118	468
3	154714218	156008699	-2.2945744416046395e-05	1.4245571038061228e-08	0.8475478132782048	384	0.0002007393071355	3.2413532202701514e-08	0.2648566120365667	384
3	156008700	157312027	2.3722698678682415e-05	1.7874664938682347e-08	0.8591648412044799	502	-1.4300303558541727e-05	3.719460283378397e-08	0.9408918268114008	500
3	157312028	159477889	0.0001384048060086	2.453781312523802e-08	0.3769368593414889	712	0.0003587433480501	4.8462350792070614e-08	0.1031855862624443	708
3	159477890	161524503	0.0002242189561688	2.1414414945787104e-08	0.1254698147434879	644	-9.095563625429765e-05	4.0123010473000454e-08	0.6497708813752016	641
3	161524504	163253204	-3.4833195954382796e-05	2.1869184521352314e-08	0.8137844351108635	617	-9.74066325491315e-06	4.2448349978308336e-08	0.9622917463820518	605
3	163253205	165055468	-2.6952768484430797e-05	1.6608933594815697e-08	0.8343406777556793	543	3.1232577809588975e-05	3.106584801364834e-08	0.859350492389145	542
3	165055469	167117428	5.773805522756165e-05	1.8944978576635183e-08	0.6748626631523331	539	8.168361940502788e-05	4.038696626452218e-08	0.6844070175117687	539
3	167117429	168580959	7.584788883562307e-05	1.4416384909795102e-08	0.5275787114264499	423	6.790518231153525e-06	2.7581056535155322e-08	0.9673850637935036	420
3	168580960	170964908	0.0003581418272771	3.0534561405503224e-08	0.040408048447763	812	0.0002334709111593	6.727958707967896e-08	0.3680666413971732	809
3	170964909	172295730	-4.438281735633647e-05	2.0716110877705146e-08	0.7578069476864511	512	-3.0235451334410225e-05	4.858754312387569e-08	0.8908977095315236	509
3	172295731	173477284	-4.239212553568237e-05	1.4045032142357512e-08	0.7205648225686198	379	-3.257394914074251e-05	3.2064964774089955e-08	0.8556538639453248	377
3	173477285	175116538	0.0001669642000773	2.5257462081001874e-08	0.293452222640882	675	0.0001173039828331	5.759114649585218e-08	0.6249803505830929	671
3	175116539	176320286	1.7692043432328005e-05	1.3607335734418984e-08	0.8794494897115318	375	0.0001266816656506	3.09487555408109e-08	0.4714640821085524	375
3	176320287	178107164	0.0002912021136578	2.4358195821028137e-08	0.062065218284705	600	0.000337835907119	5.778919210834712e-08	0.159919153063305	595
3	178107165	179374585	5.3507948453874474e-05	1.6712215589664054e-08	0.6789432544003067	445	-0.0001846995313265	3.8603859014648155e-08	0.3471924923212913	444
3	179374586	181511165	-6.308347840496314e-06	1.8666171496771994e-08	0.9631723697256184	517	-4.148175320261659e-05	3.9228708725011465e-08	0.8341064757361949	516
3	181511166	183769682	0.0001339555114224	2.5299144812273193e-08	0.3996842303257015	694	0.0001568538134927	5.25763087968624e-08	0.4939314709760612	690
3	183769683	185068254	9.029926689761083e-05	1.7493399760738542e-08	0.4947793298107621	425	-5.1703285310450154e-05	4.048133713519285e-08	0.7971981451610658	425
3	185068255	186890343	0.0002349043861265	2.7544022017245755e-08	0.1569529149131463	641	0.0003910075344367	6.818692895505538e-08	0.1342921386138897	639
3	186890344	188856213	-0.0001767269947055	3.1898358254227424e-08	0.3224153075057275	724	-2.458186330009333e-06	8.402978489553035e-08	0.9932339838555184	720
3	188856214	190226606	0.0001513079912569	2.6115616780604432e-08	0.3491224116196545	637	0.0001206033102828	6.508971816464975e-08	0.6364136891173149	631
3	190226607	192343813	0.0001101547776714	3.1654178886624164e-08	0.5358251209930245	846	0.0003410367894377	7.171978764396755e-08	0.2028585750432738	843
3	192343814	194059670	8.771905062525393e-05	2.334075042399908e-08	0.5658563301450489	595	-5.424280095532718e-06	4.8627306918846744e-08	0.9803755151490514	593
3	194059671	194786673	8.923122879818817e-05	1.3614952181524902e-08	0.4444316189538766	313	-0.0002402727351568	4.309712361630472e-08	0.2471123789062975	313
3	194786674	195971407	-3.1468445823597465e-05	1.2633584916533922e-08	0.7795002764755269	314	-0.0001207937094996	2.6354875358184683e-08	0.4568340857007241	309
3	195971408	197075986	0.0003185739074784	2.2543582595080412e-08	0.0338568803554906	406	0.0003465992652693	2.608871083824861e-08	0.0318841720994145	404
3	197075987	197946621	0.0001493617178996	1.864164127902456e-08	0.2739771795216793	212	-2.1948388643811497e-05	1.9953124698007784e-08	0.8765211675932908	211
4	10240	694714	-2.491303487499076e-05	3.605257128585656e-09	0.6782045635725884	134	-2.716980387478125e-05	8.314238910845189e-09	0.7657246402073387	134
4	694715	1478710	-7.457419803223351e-05	1.376765190234092e-08	0.5250612472387288	266	-0.0003519161462911	2.0692652205052615e-08	0.014428259815702	264
4	1478711	2842978	0.000103308796604	1.1624882840227488e-08	0.3379765513668649	291	0.0001042877643954	2.2910645910068337e-08	0.4908277910487009	291
4	2842979	3846039	5.3034120367419474e-06	1.021243873968998e-08	0.9581465380670616	304	6.218048473756574e-05	2.5699455020863765e-08	0.6981083032019195	302
4	3846040	4684115	6.410081671943588e-05	8.600502706012571e-09	0.489441948872005	236	-0.0001010784005262	2.3125610516929897e-08	0.506256024430841	236
4	4684116	5502387	0.0001090972969019	1.5196846982006623e-08	0.3761632540436637	373	-1.8374322965825172e-05	4.3733922164121006e-08	0.9299861910091132	371
4	5502388	6773042	8.312236337875e-06	2.990953650704625e-08	0.9616658427774342	611	7.940042490750605e-05	7.75152449152286e-08	0.7755011108748299	607
4	6773043	7539691	-8.357616310231216e-05	1.502747913774642e-08	0.4953829320359321	351	-4.713056164909078e-05	4.2202224628580114e-08	0.818540987277388	347
4	7539692	8152234	1.7133443468956165e-05	1.3029367917172338e-08	0.8806850955858018	306	-0.0001109310517959	3.695098952685807e-08	0.5638817600527266	304
4	8152235	9326478	5.30947036739354e-05	9.40996286920153e-09	0.5841451172632374	239	7.056845096044262e-05	2.604459448397549e-08	0.6619140146739607	238
4	9326479	10699151	3.50763088172912e-05	1.730205801626736e-08	0.7897275841190706	603	1.4687777401208411e-05	3.7575673892203835e-08	0.939601333676057	595
4	10699152	12323033	1.4095022289714496e-07	2.3364339498371074e-08	0.9992642521310878	718	5.909099320306717e-05	5.839721354904223e-08	0.8068233879209044	711
4	12323034	14272000	-6.490548959722205e-05	2.6166560433426164e-08	0.6882407883788735	784	-8.668477398275188e-05	6.69671588605472e-08	0.737644242636923	782
4	14272001	15147445	0.0001342490866727	1.4190234394397936e-08	0.2597505571397743	383	5.852496280161436e-05	3.9275993175173946e-08	0.7677573872500636	380
4	15147446	15927008	4.348042662565354e-06	9.414745486124969e-09	0.9642575567230058	287	0.0001096399534708	2.443968090756912e-08	0.4830984455961062	284
4	15927009	17383321	-0.0002124569064032	2.5352930282775252e-08	0.1821022500028687	700	-7.329391584684638e-05	6.992096363025483e-08	0.7816407529768001	696
4	17383322	18841873	-2.3837890899933936e-05	1.4579881342714947e-08	0.843498991744499	469	-3.80194119812614e-05	3.405019313729736e-08	0.83676186564536	465
4	18841874	20544556	1.5688969398021622e-05	1.8446276018925436e-08	0.9080365771928032	530	-0.0001288779462118	4.0994699471797925e-08	0.5244349720370522	526
4	20544557	22319346	3.8636783494874286e-05	2.559080459472853e-08	0.809149577341816	755	8.044293737093544e-05	6.578297494014761e-08	0.7537946291729931	753
4	22319347	24135528	0.0001589481325107	2.673722912828432e-08	0.3310160699817626	655	0.0001735657741688	6.334307063244766e-08	0.4904285068269732	654
4	24135529	25609321	3.248629207428105e-05	2.7887309443762145e-08	0.84575731315969	602	0.0002761544707388	6.111233739120872e-08	0.2639564318123167	601
4	25609322	27343721	-0.0001076550269662	3.2761282093386695e-08	0.5519928152579403	568	-0.0002722640214663	6.379271780026352e-08	0.2810493290089823	561
4	27343722	27965867	-9.96042285907172e-05	8.786757877726258e-09	0.2879704524323327	240	-7.349020255766811e-05	2.4962387518414147e-08	0.6418291354863244	239
4	27965868	29762207	-4.438297985363987e-05	2.0099429984776103e-08	0.7542367178204172	641	0.0002003630227214	5.014908378707757e-08	0.3709379654648551	639
4	29762208	30454534	1.7442477837428578e-05	6.111539767635485e-09	0.8234443689846617	174	-8.238243925532073e-05	1.7653968574631893e-08	0.5352373133109773	174
4	30454535	31782980	8.748359177366242e-05	2.1205943817785105e-08	0.5480028043287486	471	8.134891220773846e-05	4.001377125684161e-08	0.6842470262801152	469
4	31782981	33172765	-3.257562237958093e-05	1.1888713959738165e-08	0.765121686457231	385	-0.0001595243662593	3.2273894200647574e-08	0.3745535352962796	385
4	33172766	35151414	0.0003357550702891	1.0867462053174812e-08	0.0012785066961496	417	0.0002642677250197	1.9468928037074034e-08	0.0582289859096017	414
4	35151415	36020435	7.668412985777663e-06	1.0077213513867152e-08	0.9391089995997628	310	-0.0001494683661011	2.4613849486939236e-08	0.3407383671007997	310
4	36020436	37255046	0.0001356042078013	1.6778342822934208e-08	0.2951530024612967	518	5.634645057943316e-05	4.385007814128382e-08	0.7878681402628417	516
4	37255047	38907021	-5.017846994445687e-06	3.135302745756933e-08	0.977392131971776	774	-5.255395547401022e-05	9.089265393477152e-08	0.861615938015281	771
4	38907022	40202608	0.0001136177703486	1.4007869889958372e-08	0.3370674750962291	453	6.785816176624741e-05	3.4238825424836125e-08	0.7138228055905798	450
4	40202609	42213057	0.0005960723147968	2.779091481801584e-08	0.0003494409621592	720	0.0016624804389421	1.0400110691535397e-07	2.534880823840103e-07	719
4	42213058	43965044	0.0001734910970189	2.1091023557146817e-08	0.2322370545831681	636	-0.0002267165072509	5.1893191695923856e-08	0.3196194086313888	635
4	43965045	45189156	-8.659012601433602e-05	1.2383402115520128e-08	0.4364963660410333	406	-2.7759945830163885e-06	2.8365605066543554e-08	0.9868494781894308	400
4	45189157	47411895	-2.4432496689230888e-05	1.7382916524338985e-08	0.8529833280989694	553	-0.0003629310740702	3.8406049515480666e-08	0.064036017310474	550
4	47411896	48123599	7.476730651973471e-05	1.0746293928453327e-08	0.4707592364616826	263	8.02827880447403e-05	1.8703123244610018e-08	0.5571789451190806	261
4	48123600	53877432	-3.5575788904414015e-05	1.4848516545588016e-08	0.7703225269741563	566	-1.704775821205748e-05	2.8060476369038233e-08	0.9189392417028488	561
4	53877433	55429555	-1.4943627895049522e-06	1.764289376295336e-08	0.9910236033454763	561	-0.0001052108135101	4.2910758412112335e-08	0.611524236986877	556
4	55429556	56547643	-2.5273741447539884e-05	1.2405046048726947e-08	0.8204869360075217	396	-0.0001089535404672	2.9070232195739126e-08	0.5228073883584493	396
4	56547644	58935007	0.0003647118169054	3.509742382334527e-08	0.0515636217172154	971	0.0001248072484888	9.350495020725385e-08	0.6831616865639727	964
4	58935008	60741086	8.490508003466489e-05	2.0849447569828862e-08	0.5565240470495958	554	5.985511891784383e-05	4.2612149140264595e-08	0.7718486329536542	551
4	60741087	62371762	9.805208875966068e-05	1.5901253443071022e-08	0.4368207856620129	480	5.801237500066116e-05	4.2341645238463775e-08	0.7779994306269407	479
4	62371763	64341000	-5.2404426193920096e-05	2.42599547138419e-08	0.7365301223757408	511	0.0001966770195107	4.5045873556644855e-08	0.3540967810351753	510
4	64341001	66600491	2.6810949324585023e-05	2.3039057440488675e-08	0.8597941177516987	636	-0.0002277329068392	4.6247948693139966e-08	0.2896180008664805	632
4	66600492	68059496	-4.481731990115373e-05	1.4073056954079262e-08	0.7055858266844797	440	-0.0001016875604273	3.5392767170443245e-08	0.5888395011538405	438
4	68059497	68854764	9.086762739205308e-06	9.422909991254556e-09	0.9254199207671584	296	-3.4395101477299144e-05	2.366198831269568e-08	0.8230688929522341	294
4	68854765	71049151	-2.356294507524536e-05	1.5084639051453996e-08	0.8478595981225955	563	0.0001019156375381	3.1652936532757994e-08	0.5667525987228323	559
4	71049152	72140557	-0.0001199041766935	8.757356148901164e-09	0.2000914421372195	271	0.0003556169266239	2.5951784029032385e-08	0.0272798199489518	270
4	72140558	74592389	-4.801170545982329e-06	1.747778683112041e-08	0.97102999836782	613	1.0718634172906403e-05	4.162039465372701e-08	0.9580987822069816	611
4	74592390	77130706	2.4711124838532633e-05	2.407092486563567e-08	0.8734526462502548	832	-0.0001574339997355	5.829292215391135e-08	0.5143595067737896	828
4	77130707	79093978	0.0001388284294562	2.4926254354144577e-08	0.379224559155631	802	-5.672798098350455e-06	5.845493179533154e-08	0.981280813868032	801
4	79093979	80990296	-5.922158663873701e-05	1.9407088373885698e-08	0.6707575403324513	634	3.247503554870766e-05	4.7506774901414505e-08	0.8815575333000965	632
4	80990297	82125314	1.5660126225563428e-05	8.601477500884756e-09	0.8659122846257818	281	4.174894779892259e-05	2.0203256680810723e-08	0.7689711859390065	280
4	82125315	83372592	-2.6303699207905153e-05	1.3566965125295382e-08	0.8213361342027939	427	0.0001244409349482	3.281937982980254e-08	0.4921411977770379	425
4	83372593	84799655	-8.239130411651113e-06	1.6070330025777023e-08	0.948179288257454	536	1.644294083692032e-05	3.6378212328382734e-08	0.9312992964628716	534
4	84799656	86930608	7.314730243026267e-05	1.895267668393932e-08	0.595191221951308	656	-3.231624533902525e-05	4.3424365560925314e-08	0.8767587098802709	653
4	86930609	87534647	-6.467233521362312e-05	4.7773158130093285e-09	0.3494388362251522	154	-0.0001407825521031	1.278679711352684e-08	0.2131332305368675	151
4	87534648	89238027	-2.9797697622924743e-05	2.2794627267768757e-08	0.8435432246616331	687	-0.0001628436240935	5.8296432533439784e-08	0.5000252531825563	681
4	89238028	90231563	6.630176657473154e-05	1.1559863151505392e-08	0.5374562231101161	335	3.9874983977416045e-05	3.1267523051409165e-08	0.8215874028187744	334
4	90231564	91560676	-0.00050080270504	1.4782301055425172e-08	3.804598190704999e-05	392	0.0002167997664945	3.1662184441126165e-08	0.2230736220910135	390
4	91560677	94233298	5.605526223130968e-05	2.3118484002825968e-08	0.7123743999077825	688	-0.0002270320414783	5.79099713446104e-08	0.3454601189417632	686
4	94233299	96182187	1.4593794607434904e-05	2.07473344565189e-08	0.919297941229965	691	-0.0001037030462443	4.9551378577103465e-08	0.641309401895632	690
4	96182188	97540702	0.0001057263274385	1.6202542967794966e-08	0.4062000358211453	500	0.0001396620098693	3.9779802359617174e-08	0.4837773730612749	498
4	97540703	99424066	-4.3357498626659925e-05	1.6031377164937816e-08	0.7320231634333003	486	0.0001851882124911	2.5868755221711638e-08	0.2495684236649686	486
4	99424067	100678359	-1.5829275862489244e-06	1.8766793033312276e-08	0.9907807325728772	490	-3.979720226955986e-05	3.604854172494285e-08	0.8339733196190254	488
4	100678360	103221355	0.0003584946210578	3.4192806392063683e-08	0.0525353442697796	878	0.0001275844497199	5.914420001659614e-08	0.599850050851244	876
4	103221356	105305293	-0.0003831886041058	2.0885654243991756e-08	0.0080139587930421	582	-0.000257538908754	3.249230085395584e-08	0.1530795302173976	582
4	105305294	107501304	0.0002263476870168	2.3141420355850343e-08	0.1367706607151885	698	0.0001595821664026	4.578890059148776e-08	0.4558070506081777	694
4	107501305	108815347	-3.6886928219398085e-05	1.1900104312050777e-08	0.7352573608936712	381	-0.0002742598337229	2.996627790119383e-08	0.1131185085648883	377
4	108815348	111256566	-0.0001511409638479	2.6919915667761092e-08	0.3569555286344305	858	-0.0003608514781991	6.654914555272762e-08	0.1618713981527828	855
4	111256567	113870101	5.6448323533393075e-05	2.4096987943909422e-08	0.7161280918693781	776	-7.805547888434846e-05	5.800086482507732e-08	0.7458583004004107	776
4	113870102	115666245	-0.0001038001008722	1.9643757823192082e-08	0.4589341647494595	611	-6.758336425045142e-05	4.9070753844916973e-08	0.7602973562797679	608
4	115666246	117276928	7.306854910140248e-05	1.2287766049931941e-08	0.5097899390211058	445	-2.5302316721805472e-05	2.9049446275667453e-08	0.8819846334334204	442
4	117276929	118479917	0.0001464956111858	1.4031477434364914e-08	0.2161894342789908	419	0.0002438335314176	3.7652246083426675e-08	0.2088975409716159	418
4	118479918	119933511	-0.0001269991462397	2.054832534977584e-08	0.3756407639604979	484	8.301255074534493e-05	3.5844215398137393e-08	0.6610497578405077	483
4	119933512	120392683	2.556250865572018e-05	5.228288090775392e-09	0.7236927016838757	181	5.18345805040465e-05	1.1155606459188422e-08	0.623593136513797	181
4	120392684	122657986	0.0001157823291384	2.7348486130004593e-08	0.4838491934263285	851	0.0001955855032015	6.717445462447444e-08	0.4504704749873243	845
4	122657987	124286480	-7.641852874624721e-06	1.2305727757263484e-08	0.9450785880566274	434	-3.212173989444709e-05	2.7552702537023663e-08	0.8465548485043766	431
4	124286481	125210861	1.4774550187647878e-05	1.1171865535796234e-08	0.8888321929502214	311	6.359976229345052e-05	3.0733353287946076e-08	0.7167647513620294	310
4	125210862	126480885	-5.696159505343469e-05	1.7059681812149863e-08	0.6627564605584753	442	6.777222585661194e-05	4.974851194942525e-08	0.761240859945198	438
4	126480886	127275476	1.8331333021667813e-05	9.006674843360174e-09	0.8468355420888503	257	-1.0320264567553073e-05	2.3119708400993978e-08	0.9458864074361392	256
4	127275477	127830292	-2.7197456878536327e-05	6.867923855469074e-09	0.7427735975643803	198	4.144739629006461e-05	1.7564023794701192e-08	0.7544772110714613	198
4	127830293	128996664	3.43241058111443e-06	6.284781364388077e-09	0.9654650735374832	239	3.9225631603807386e-05	1.2897700267185098e-08	0.7297987753633257	238
4	128996665	130591884	8.412326140348006e-05	1.6467942184241935e-08	0.5121228247439047	519	0.000116617936986	3.810900633377561e-08	0.5502529109364235	519
4	130591885	131283820	-1.8585301942198995e-05	5.7818957083699634e-09	0.8069065323172286	198	1.9672526728049944e-05	1.4119133736151083e-08	0.8685030180225777	198
4	131283821	132954032	-6.096854958056395e-05	1.5001212936320528e-08	0.6186348866952426	432	2.826629356523685e-05	4.0677006207403054e-08	0.8885411517575138	432
4	132954033	134628433	4.681015392179195e-05	1.2977560851530897e-08	0.681140734623782	458	-6.239420223126342e-05	3.0001663757421296e-08	0.7186802969051083	457
4	134628434	136566406	0.0001045271381947	1.6195286129874194e-08	0.4114399499118956	524	-7.344662219098108e-05	3.7978069683274456e-08	0.7062613064525131	522
4	136566407	138541970	7.241485190032481e-05	2.2770739447229745e-08	0.6313076711764951	620	-4.398610209886516e-05	6.424400667332164e-08	0.8622271226693314	619
4	138541971	139556510	9.413907558592328e-05	1.36466954013757e-08	0.420327236030367	399	-8.096793693756483e-05	3.6144937657415424e-08	0.6701937968691379	399
4	139556511	141084630	-7.013877996796757e-05	1.8703199892410937e-08	0.6080480812186422	511	4.460573361962186e-06	4.901276214038622e-08	0.9839251556612468	508
4	141084631	143443264	-9.660387214427176e-05	2.5906991176379727e-08	0.5483821124455122	792	7.046204025976746e-05	6.55203773944501e-08	0.7831048492482248	791
4	143443265	146178186	-0.0001495297737863	1.6339585836703562e-08	0.2420863023456612	631	-0.0002492752151556	3.2933846674171317e-08	0.1695682666049541	628
4	146178187	148521872	-0.0001343276258311	2.2676365613925382e-08	0.3723777849222692	681	2.6563941005704208e-05	5.7834175995964315e-08	0.9120455408395316	678
4	148521873	150683579	0.000204789961894	1.85981925423403e-08	0.1331834356726132	593	0.0001393632539768	4.567687199100088e-08	0.5143503205558431	589
4	150683580	152782183	5.358749866952498e-05	1.6737500590481335e-08	0.6787219926615051	605	0.0004608817297337	3.498880657565989e-08	0.0137430425335754	603
4	152782184	154477640	0.000196824318236	1.885519716005533e-08	0.1517475019690398	540	-0.0002467855133095	4.7395925551069745e-08	0.2569740710215938	537
4	154477641	155056125	-8.220071382239898e-05	7.285975341041241e-09	0.3355414550187807	218	-6.969195610685187e-06	2.6174225142796413e-08	0.965640130900262	216
4	155056126	157485096	-2.702966407605499e-05	3.1388454815326825e-08	0.8787411153985409	898	-0.0002686957524255	8.578165843973486e-08	0.3589277103883173	891
4	157485097	158743717	-3.330867319480198e-05	1.1598155623997956e-08	0.7571025681556856	382	-0.0003079147723349	2.750160364885252e-08	0.063347896940773	381
4	158743718	161058863	1.621970665956779e-05	1.760335638166756e-08	0.9027018345215372	600	-7.897534167847185e-05	4.1753613037159074e-08	0.6991297078121654	597
4	161058864	161826434	0.0001039314418372	1.153028017068937e-08	0.3330981744138305	311	-6.559081278906488e-05	3.2408071237171264e-08	0.7155981416331731	307
4	161826435	163243678	3.648323204261542e-05	1.9202432963044063e-08	0.7923360318190437	529	-0.0001469055643617	5.31539436489652e-08	0.5239996107048541	527
4	163243679	164478233	-3.676094767028913e-05	1.2125415159987347e-08	0.7385002870413624	375	8.491973763553234e-05	3.186086467230454e-08	0.6342516615453024	374
4	164478234	165823447	0.0002181912903692	1.6447152628071907e-08	0.0888784723600789	483	0.0001412959417815	4.5349460500117474e-08	0.507007739614268	481
4	165823448	167018857	5.095816512510447e-05	1.6252125020498617e-08	0.6893608437849894	421	6.286325622655661e-05	4.6397589942595126e-08	0.7704067275927938	420
4	167018858	167852916	0.0001610335205973	1.310196428063369e-08	0.1594715965030819	192	0.0002886849370368	2.8612010956170785e-08	0.0878831299587566	192
4	167852917	169676824	-0.0001743075240095	2.2625629668006993e-08	0.2465297650651221	657	-0.0004860407940326	6.077002764687158e-08	0.0486505181936662	656
4	169676825	170776509	0.0002504228087391	1.6428834406936328e-08	0.0507299835243865	331	0.0002799310574545	2.3910818803235348e-08	0.0702471391828739	327
4	170776510	172558634	-7.472666631556349e-06	1.9706886681796525e-08	0.957547663467866	509	0.0002666188172359	4.0553209136443935e-08	0.1855129684846987	507
4	172558635	174264131	-2.452953234193918e-05	1.3120613609635256e-08	0.8304323479681981	419	1.7004458633111396e-05	3.3156587583950954e-08	0.92559757463672	419
4	174264132	176570715	0.0003095305424095	2.6912141507611594e-08	0.0591851779660124	671	0.0002043053436918	9.191421146663815e-08	0.5003818606641411	666
4	176570716	178991909	6.332758442160703e-05	3.207845467562171e-08	0.7236545732370411	861	-0.0002279334795386	8.911423382436506e-08	0.4451384946006638	857
4	178991910	180122042	9.613273666039126e-05	1.2583317116943428e-08	0.3914526133888593	362	1.9942273732511745e-05	3.4760462502547007e-08	0.9148186603210292	360
4	180122043	182066806	-1.1228433481589684e-05	3.45974423736157e-08	0.9518636088458368	826	0.0007549528963831	1.017894711229067e-07	0.0179672430297389	818
4	182066807	183371274	2.9977737788439583e-05	3.2335174493844515e-08	0.8675983574332595	716	-1.7985867357622152e-05	9.876387451264337e-08	0.9543610800254094	712
4	183371275	184929454	0.0001667302233312	2.3550735225340786e-08	0.2772773479518181	520	-0.000213851905046	7.228366548834484e-08	0.4263729222180215	517
4	184929455	186909089	0.0002244956486734	3.2412355085923e-08	0.2124120476209458	809	-0.0002277077223846	8.763398238221183e-08	0.4417722673168053	805
4	186909090	188472980	9.092444468714678e-05	2.7366092280029997e-08	0.5825698488050572	667	-0.0002372411494249	7.87233132832584e-08	0.3978048677975595	665
4	188472981	189693510	0.0001227453396443	2.0258987776534483e-08	0.3884812119463264	449	-0.0001618257502943	5.8765586072797954e-08	0.5044186325152167	444
4	189693511	191043593	-7.115810578555904e-05	1.3099121114708376e-08	0.5341180317196338	345	-0.0001150545700754	3.6572149753269076e-08	0.5474212432122527	342
5	11940	982251	2.960817398285765e-05	7.175957639432292e-09	0.726699164496473	234	5.3482318077657845e-06	1.7281546429562426e-08	0.967548170007246	233
5	982252	2132441	-1.2185952837610162e-05	2.1905051872060908e-08	0.9343798917355826	448	-0.0003094192471734	6.695444149913689e-08	0.2317756044975358	447
5	2132442	3361940	-0.0002456209641892	3.260868586741119e-08	0.1737705932655933	791	9.314835429324136e-05	9.396890510650597e-08	0.7612294518554257	791
5	3361941	4632109	9.33805115580358e-05	1.8301567655827457e-08	0.4900313013222702	483	0.0001143492543881	4.8435020324153444e-08	0.6033553662705264	483
5	4632110	5973232	0.0001141333504822	2.473009521203512e-08	0.4679791048258662	628	-7.730362821644959e-05	7.091145244040749e-08	0.7715894736536691	625
5	5973233	7143217	-0.0001229811763788	2.3594220227062292e-08	0.4233416403196508	598	-6.62187781932181e-05	6.577711797250318e-08	0.7962582907588723	595
5	7143218	8446335	1.0909442477119078e-05	2.278895313677127e-08	0.94238938081115	631	0.00011191970409	7.989299922055091e-08	0.6921339484004397	627
5	8446336	9718831	-1.306610401175063e-05	2.1303301127759613e-08	0.9286682363490724	591	6.172733835412103e-05	5.786124445404374e-08	0.7974752521010675	587
5	9718832	11173270	0.0002321797854532	2.8336302606117153e-08	0.1678080726418622	740	0.0004034277919489	9.110935322989505e-08	0.1813704525912927	739
5	11173271	13464831	0.0002165867391988	2.1685745576321453e-08	0.1413534005523849	645	0.000357436787682	5.233264763336114e-08	0.1181762853807986	642
5	13464832	14757803	-9.8720013275982e-06	1.9978784721578888e-08	0.944318905078439	596	9.373076208314628e-05	4.975436237932446e-08	0.674331921336054	595
5	14757804	16963612	-3.3037421672545455e-05	2.5169938942398762e-08	0.8350412368001278	731	8.539351428269544e-06	6.168256157655245e-08	0.9725717445962178	728
5	16963613	18051591	3.5518345265825256e-05	1.1409473589855647e-08	0.7394953979696495	274	0.0001717076450023	3.25973967704953e-08	0.3415847499215778	271
5	18051592	19917715	0.0001031707977784	2.1472551066885148e-08	0.4813900630930386	640	0.0003540324157795	5.265799151922401e-08	0.1228782289585305	640
5	19917716	22152072	0.0001339698318638	1.7685107662473875e-08	0.3137412411031458	537	0.0002518002149324	4.3094702746029364e-08	0.2251475995231552	534
5	22152073	23494323	7.016368091478465e-05	1.4166171528307369e-08	0.555523811763462	462	6.203013943613052e-05	3.2060661263315524e-08	0.7290189677214951	462
5	23494324	26184850	-0.0001219256411586	2.8145623777614066e-08	0.4673744335790281	788	0.0003407120377339	7.124926168870249e-08	0.2018032549097101	783
5	26184851	26857603	-2.5473526299666332e-05	6.313891541580164e-09	0.748526410403513	186	8.582742748465582e-05	1.585209548908249e-08	0.4954391292518092	185
5	26857604	27984512	-6.017809431767657e-05	8.860675802369022e-09	0.5226274985028885	261	-5.3678428870515974e-05	2.2488242372942416e-08	0.7203809338515081	258
5	27984513	29714819	-3.373037868746574e-06	1.62118624559179e-08	0.9788654002215303	484	0.0002762452027661	3.985631149061477e-08	0.166446183967623	480
5	29714820	31390248	0.0001068676514045	2.3112205867731893e-08	0.4820857686285621	638	0.0001511052880926	6.014048172368812e-08	0.5377863874179003	633
5	31390249	33500179	-0.0001181075423295	3.0968033812116665e-08	0.5021237746585183	786	-0.0002087939173832	8.451252604897907e-08	0.4726218452433399	785
5	33500180	35048969	-7.00767164706448e-05	2.2081438583933805e-08	0.6372229737694823	573	9.34079030066067e-05	6.105678951281703e-08	0.7054145324268976	572
5	35048970	36433953	0.000228346518035	1.8470114675095532e-08	0.0929194498013772	527	6.505896220730137e-05	4.771496010619543e-08	0.7658269452849621	526
5	36433954	38802409	0.0003996311225908	2.8105672996531773e-08	0.0171368304077121	759	0.0005029758687383	7.121620479808448e-08	0.0594612626903497	756
5	38802410	40287728	3.88783474496606e-05	2.0178643116226778e-08	0.7843214648036931	604	0.0002465765823321	4.997410135060407e-08	0.2700229522971554	602
5	40287729	41888709	2.6718601744912976e-05	1.8804972107720978e-08	0.8455184671554116	609	6.833045362562546e-05	4.37633777571185e-08	0.7439461483686134	605
5	41888710	43983498	2.267153225385428e-05	1.3020370175190866e-08	0.842507681562605	480	7.012985018243052e-05	2.6884317368642727e-08	0.6688594000320573	480
5	43983499	50163397	-0.0001344738141915	1.5583547896209682e-08	0.2813818314773652	545	-9.898687364152652e-05	2.8815535378361778e-08	0.5598068050091716	543
5	50163398	52134621	-0.0001542794803746	2.1346811579315004e-08	0.2909929423528065	631	0.0008096672952699	5.365981094734501e-08	0.0004735638725342	629
5	52134622	53703043	0.0001728439260004	2.397339204447173e-08	0.2642844434755803	678	0.0004016145569669	6.27147081471757e-08	0.1087788816195548	674
5	53703044	55417348	-4.3049492324066206e-05	2.2108731459265833e-08	0.7721796251110027	679	0.0002405538534596	4.9361571999285016e-08	0.2789308774693433	674
5	55417349	56621101	7.06358853086723e-05	1.822646761327292e-08	0.6008297137410552	489	-2.379400870358041e-05	4.5263714541623316e-08	0.9109512180629292	489
5	56621102	57340072	6.00471106599391e-05	1.0582059658124264e-08	0.5594065038785903	299	0.0001976007063432	2.6126249136755023e-08	0.2215174411844968	298
5	57340073	58524621	0.000580704791006	2.1525853058212256e-08	7.558159079641489e-05	615	0.0003887669475452	5.8087102399940875e-08	0.1067323150546762	611
5	58524622	60935906	-0.000510953072325	2.8638754765478263e-08	0.0025337298754689	753	-0.0001665779969453	5.497213698809715e-08	0.4774121387810109	750
5	60935907	61672994	7.765217618614859e-05	9.16666506142768e-09	0.4173366133855747	284	0.0001223996417859	2.318155517800613e-08	0.4214474235856149	284
5	61672995	63218986	9.06463837003728e-05	1.7250217450771627e-08	0.4900901665875798	552	-2.973569682687107e-06	3.8488368731513474e-08	0.9879069234804688	549
5	63218987	63968303	0.0001908548846126	6.373926066620235e-09	0.0168226698238737	204	0.0001989943251765	1.2883570479010343e-08	0.0795738406259124	204
5	63968304	65911285	-5.784374212283303e-05	2.2098301250599323e-08	0.6971917646188033	671	0.0001125395277075	5.3847286165871495e-08	0.6276910483870664	669
5	65911286	67850859	0.0001178385356587	2.8222205134927923e-08	0.4830271195215597	777	-7.307157008347575e-05	7.47279927244404e-08	0.7892344803142157	772
5	67850860	71240455	-1.291624225197681e-05	1.6754664737936803e-08	0.9205144606513836	511	1.260126115408481e-05	3.9752728079854254e-08	0.9496056844573136	505
5	71240456	73759325	0.0001887916806338	3.590705082301798e-08	0.3191012234931369	1034	-3.572877146989021e-05	8.688743822227501e-08	0.9035244526119426	1031
5	73759326	75798865	5.070232616150267e-06	2.4973292438875267e-08	0.9744049760569138	736	-2.1487429936486663e-05	6.073548220740005e-08	0.9305210378334878	731
5	75798866	77623331	-0.0001101372085224	2.7446012305015023e-08	0.5061750666402833	741	-4.797833696115443e-05	6.90537491050867e-08	0.8551281204870783	739
5	77623332	79393143	-0.000190474679088	2.3184519166593333e-08	0.2109545567184322	660	-0.0001736041090284	5.718802331540621e-08	0.467868656559179	658
5	79393144	80481470	-3.7646504053242435e-05	2.0681689580103964e-08	0.7934932984412324	511	-0.000129075413004	5.4414106170865796e-08	0.5800343598170012	510
5	80481471	82025647	0.0002832707414682	2.0200031138250033e-08	0.0462522009143886	558	-6.069404573651908e-05	5.087570332933697e-08	0.7878636125024452	556
5	82025648	83972688	3.354781362837317e-05	2.2246532109130087e-08	0.8220395010952942	548	-0.0001196872051236	6.064564986204647e-08	0.6269579389307589	547
5	83972689	85767289	7.980937733242302e-05	2.0375734971596674e-08	0.5760866319735027	611	4.123982069080257e-05	5.0080022932602786e-08	0.8537917041661771	607
5	85767290	87389990	8.382149863310292e-05	1.1258321276737882e-08	0.4295367864241685	306	0.0002254044365095	2.487895826380098e-08	0.1529908656580328	304
5	87389991	88891529	0.0002547829157454	3.945794695864171e-08	0.1996200085134432	344	1.553268790006449e-05	2.45130751458391e-08	0.9209729375313004	343
5	88891530	90422653	0.0002055837818978	1.6475901237062542e-08	0.1092357668301952	469	0.0001384841594499	4.1154452354457994e-08	0.4948343982461587	468
5	90422654	91840541	0.000126340438627	1.0721650490946005e-08	0.2224097920576009	307	2.0778468684200987e-05	2.804172977007933e-08	0.9012498175995493	307
5	91840542	93809983	0.0002012956365318	1.7956073587907346e-08	0.1330446478046326	456	-0.0002340253576241	3.5985997039801083e-08	0.2173289217051423	455
5	93809984	95963518	0.0001524014168989	2.594370952987216e-08	0.3440576694198698	737	7.854484107611916e-06	6.424486078601568e-08	0.9752788296190484	731
5	95963519	97315600	-4.755050397391401e-05	1.533399897423876e-08	0.7009809476431932	470	9.829982360664336e-05	3.5598205177279133e-08	0.6023659655175084	466
5	97315601	99260991	0.0001396879196711	1.8803874598435895e-08	0.3083578102961932	583	1.3401848746485162e-05	4.4299958611400894e-08	0.9492297004486024	582
5	99260992	101578768	-1.628365919046035e-05	1.9421341588239552e-08	0.9069824017186112	627	1.891172021175394e-05	4.5409749476934696e-08	0.9292825245304732	623
5	101578769	103320004	-3.697017190614715e-05	1.6773588775261698e-08	0.7752951628020933	527	-7.13082014112819e-05	3.426782086259154e-08	0.7000826986646457	522
5	103320005	104851482	0.0003765058840981	2.446577993140534e-08	0.0160802293029387	487	-0.0001901053854951	3.9476527075131526e-08	0.3386640035672903	483
5	104851483	105893054	-5.350526124025064e-05	8.059942627319364e-09	0.5511896623415158	227	-0.0001567684339463	2.0630214756987322e-08	0.2750717158857653	227
5	105893055	107264195	0.0002710056170228	3.572372552001233e-08	0.1516186541065412	590	-0.0002945863238817	6.519059576737183e-08	0.2485935357986349	588
5	107264196	108633933	4.978177920194812e-05	1.6772435275343894e-08	0.7006892333431549	461	-0.0001055391135784	4.41215889415585e-08	0.6153550675130323	461
5	108633934	110821143	6.592128077112728e-05	2.332780308231995e-08	0.6660268990357127	713	0.0001310380236799	5.582260860393495e-08	0.5791574506476576	712
5	110821144	111981561	-4.990642880611209e-05	1.7101636903770463e-08	0.7027389930750025	452	-3.7479865282176152e-06	4.5773002987170554e-08	0.9860230900657176	450
5	111981562	113396284	-3.1824600754203015e-05	1.9871930459174485e-08	0.8213897315318022	590	-2.605527481477187e-05	4.7855364285244814e-08	0.9051920931483376	587
5	113396285	114830369	-7.162232800350882e-05	2.0571233695687212e-08	0.6175221382435206	584	0.0002091863092042	5.2423426938389774e-08	0.3609110737480648	583
5	114830370	115831046	0.0001626161414354	1.5954049682343412e-08	0.1979397477053872	468	-4.328739297362586e-05	3.8294318151541104e-08	0.8249330855588473	466
5	115831047	117346212	-7.478617661494557e-05	2.1345619331145187e-08	0.6087359949364726	578	-7.52569707371132e-06	5.5156382226265976e-08	0.9744368370138382	574
5	117346213	118608819	3.1642380055693676e-05	1.574236283924771e-08	0.8008913697777478	433	1.9152776088792436e-05	4.0905267624389533e-08	0.9245544805216313	432
5	118608820	119669041	5.377537550968698e-05	1.3319012831801854e-08	0.6412450567047476	381	-5.82405458785553e-05	3.67641910821065e-08	0.7613201510159371	381
5	119669042	120452165	-7.830149861772009e-05	9.777705182183112e-09	0.4284389107169823	271	-6.953614534281903e-05	3.448315377213941e-08	0.7080610268630527	268
5	120452166	122556904	-4.2710177724733214e-05	2.5222041416936972e-08	0.7879825928757381	727	-0.0001108903463409	6.113863337683034e-08	0.653812184738207	726
5	122556905	123798099	2.1119244626439147e-05	1.7842340743567808e-08	0.8743720923735623	492	0.0001466926607317	4.6135259405927374e-08	0.4946354633676707	490
5	123798100	125785648	1.4921500009542424e-05	4.187998171753244e-08	0.941874777939439	888	-0.0001622758756731	9.85598859645854e-08	0.6052281835983848	885
5	125785649	127344603	-0.0001205268915844	1.513585837781774e-08	0.3272483493842432	458	-1.968908266613818e-05	3.5970240089619084e-08	0.9173173565370258	456
5	127344604	129519024	0.0002540961972381	2.4168012515787232e-08	0.1021596136054827	753	0.0004207385150972	5.5963989936108934e-08	0.0753190400606534	749
5	129519025	132139648	3.6494912328111983e-06	2.0235574197452224e-08	0.979532397170512	690	-6.302418594006864e-05	3.855710275696558e-08	0.7482383868372652	689
5	132139649	134777400	0.0001853006802497	3.591186209302587e-08	0.3281643204487324	921	0.0001912880356654	9.790541507116896e-08	0.5409729887280966	914
5	134777401	136376049	0.0002912930435382	2.0037890095915012e-08	0.0396089014298992	651	0.0003018720943955	4.74293351985749e-08	0.1657116096124914	647
5	136376050	139265071	0.00013913973202	2.6207516725217394e-08	0.3900730738854012	784	0.000187234221803	5.16608479477564e-08	0.4100718811194183	782
5	139265072	140645970	0.0002556014930968	1.2215502744707668e-08	0.0207425339779495	440	0.0001708791676703	2.4473375936608138e-08	0.27470098896287	437
5	140645971	142981247	1.6637974925562498e-05	3.6454673711017266e-08	0.9305592257769988	957	3.111655478860842e-05	9.610798687889085e-08	0.920049147244364	951
5	142981248	144943353	0.0003947875044715	2.2423387319854923e-08	0.0083788665652221	714	0.0003831967581973	5.319017522509956e-08	0.0966086390606531	711
5	144943354	147181997	0.0004312317065967	2.5029200121336943e-08	0.0064154132647635	749	4.6102752217572085e-05	6.311625278025092e-08	0.854399028865233	746
5	147181998	148662623	6.453161281446779e-05	1.740332791851384e-08	0.6247240951574138	557	8.29334595563782e-05	3.9401930374126355e-08	0.6760915240718809	557
5	148662624	150561297	9.275192147979043e-06	3.2089508113191144e-08	0.9587059546357594	854	-0.0002928006294097	8.389095467965169e-08	0.3120573403499767	850
5	150561298	152867773	9.531193903278982e-05	3.3918135332805306e-08	0.6047897329640627	926	0.0002292529852199	7.212114885169153e-08	0.3932947658620758	924
5	152867774	153773087	0.0002044451120966	2.3058003878997378e-08	0.1781817701641814	447	8.963744947890463e-05	3.33391793046614e-08	0.6234819812675945	446
5	153773088	155373504	2.3268795654388036e-05	2.253385253780971e-08	0.8768144283037315	614	0.0001604894037743	5.7021279134568036e-08	0.501525956716004	613
5	155373505	156628699	0.0003251286946151	1.4335230139824018e-08	0.0066171829677804	428	0.0005871828019629	5.628661136389472e-08	0.0133245590152595	425
5	156628700	158825697	0.0001255655430064	3.20942419507528e-08	0.4833645602956254	950	0.0001149820807194	8.121791406407477e-08	0.6866072835328132	949
5	158825698	159973943	-2.32563914501324e-05	1.6949343672024623e-08	0.8582245263389535	407	0.000170853130594	4.792194565848646e-08	0.4351148019348959	405
5	159973944	161482132	-1.892055934395796e-05	1.9506709186613025e-08	0.8922405692375688	584	0.000428022169072	5.093855482521004e-08	0.0578996674595199	581
5	161482133	162743907	-4.516075570822268e-05	1.6578583787538837e-08	0.725782087635288	385	0.0001165573594475	3.45953148519876e-08	0.5308829976017723	384
5	162743908	163771581	2.278436108272343e-05	1.42235876023264e-08	0.8484915082957747	396	0.0002009847111816	3.7527245535198566e-08	0.29950114608777	394
5	163771582	165642394	3.907169908304689e-05	2.060650980991987e-08	0.7854817555119682	563	7.435724573966361e-05	5.4247980620299774e-08	0.7495366097060527	559
5	165642395	166847739	-0.0001223213679132	1.6920438262150585e-08	0.3470302923621838	415	-0.0002748578547653	4.6713829188532156e-08	0.2034789530631172	412
5	166847740	168525317	0.0001314746550604	2.9772994897576322e-08	0.4460853382936811	731	-0.0006213007968982	8.330115800490976e-08	0.0313450388614586	727
5	168525318	169505663	-3.265628825583162e-05	1.9169678521070137e-08	0.8135391536859884	494	0.0001085658945518	5.289470830767971e-08	0.6368916432211698	493
5	169505664	171074291	9.883160880855056e-05	2.2892670054060653e-08	0.5136259304478387	618	7.526377900606913e-05	6.285324588722416e-08	0.7640185538494828	615
5	171074292	172678326	-0.0002387680518817	2.570767254051347e-08	0.1364421049942759	648	0.0001326603153886	6.6214087090677e-08	0.6061728557779409	649
5	172678327	173642870	-3.966754060705005e-06	1.8778754981349572e-08	0.9769069502434358	452	0.0001317339631724	5.272644902165156e-08	0.5661720390291527	449
5	173642871	175450594	-3.786899820494304e-05	3.4220300470771735e-08	0.8377976577992796	746	0.0002767305865347	1.0190111677643647e-07	0.3859982377010622	742
5	175450595	177251506	0.0001447574820102	1.494032740955846e-08	0.2362951560553738	443	7.75349510053378e-05	3.768484976083361e-08	0.6895943866779175	442
5	177251507	178413463	-9.281861602220887e-05	2.0195449883316693e-08	0.513664048709197	446	0.000104712042345	5.974176298924556e-08	0.6683540719182322	441
5	178413464	179401243	-1.48389643191983e-05	1.450702752644668e-08	0.9019479022525148	367	-5.488645176994464e-05	3.8809779739751546e-08	0.7805451879637627	367
5	179401244	180559932	5.050215620314031e-05	1.3819937676934468e-08	0.6674919585102332	335	1.0257657011795709e-05	3.942965413988801e-08	0.9588012888250028	333
6	73924	1452361	-0.0001625140872025	2.2684500415101857e-08	0.2805822357163611	566	-0.0001036512485602	6.916632214672281e-08	0.6934933017897045	556
6	1452362	2458935	0.0001012254616323	1.251431277748684e-08	0.3655341808312828	388	-0.0002432764999781	3.5782179116585386e-08	0.1984164021587868	386
6	2458936	3573592	9.984708455651524e-05	1.946178184183897e-08	0.4741633070021459	566	-2.2608306591533964e-06	6.86945691166343e-08	0.9931175746761572	565
6	3573593	4617816	0.0002155673678098	1.8048194683346543e-08	0.1085823923904009	536	-4.110150748844e-05	5.0524367804773406e-08	0.8549116381249702	532
6	4617817	5791471	0.0001939096875726	2.0140030005709313e-08	0.1718217428216468	594	-0.0002174717226016	5.8094607192074384e-08	0.3669152593847263	593
6	5791472	6785206	0.0001033862726643	2.06892154123859e-08	0.4722817012473522	551	-0.0001703703925334	6.079958184168894e-08	0.4895997559463587	548
6	6785207	7808935	-7.463301093146006e-05	1.8066610308938883e-08	0.5787201260436501	511	-0.0001453465635566	5.1474694590475195e-08	0.521762522071133	509
6	7808936	9020025	1.5205818782388643e-05	1.6315201701314275e-08	0.905239177243177	543	0.0001383021277763	4.197005511208653e-08	0.4996211372672327	539
6	9020026	10540316	-5.478233900808692e-05	2.2776885908104392e-08	0.7166131429597677	638	-0.0002076679019436	6.783127508562587e-08	0.4252420476032061	634
6	10540317	11790815	-0.0002473457171937	1.6717845810854044e-08	0.0557484656815611	535	-0.0002090403674358	4.4690774868080995e-08	0.3227467873834341	533
6	11790816	13209387	-7.06891797578626e-05	2.047178725450755e-08	0.6212675270377003	619	7.392360218858633e-05	5.8389161979094075e-08	0.7596606611128418	617
6	13209388	14802923	5.846337019491554e-06	2.232942320745291e-08	0.9687913939037134	726	0.0001597705412562	6.447126285396118e-08	0.5291945103475098	723
6	14802924	17386404	0.0004233476907119	5.803722855417389e-08	0.078868098628976	1046	-2.6359771664140128e-05	1.0329836835347353e-07	0.9346345415042532	1040
6	17386405	19207486	-9.979270474910248e-05	2.7939943576587506e-08	0.5504966422908528	755	-3.4451766324603933e-06	5.7762745986105024e-08	0.9885629830240596	751
6	19207487	21684064	-0.000262143823556	3.6893703605053906e-08	0.1723213640147506	1045	-5.9920314189165186e-05	1.0757961120494733e-07	0.855043137114585	1042
6	21684065	22748306	1.614647216011462e-05	1.946908540232601e-08	0.907875205138504	511	0.0002331502630205	5.966347947871953e-08	0.3398242839014602	510
6	22748307	23936618	0.0001884473753759	2.0971330071063615e-08	0.193156119942071	521	0.0003854598504237	9.788158409713413e-08	0.2179300672089791	516
6	23936619	24852274	-4.6779408964408136e-05	1.6111805103239558e-08	0.712471890864844	436	0.0001736221467191	4.6900477150136576e-08	0.4227215946327808	431
6	33236497	35455755	-3.775741855212791e-05	1.0634584006524957e-08	0.7142638419544829	426	-8.85306270199096e-05	2.3734965603354793e-08	0.5655317654709231	422
6	35455756	37572595	2.4865293429838306e-05	2.789266832028465e-08	0.8816450235232152	880	-0.000294065664686	7.374547640595909e-08	0.2788657929601417	877
6	37572596	39295676	5.599219390838376e-05	2.6898494390467775e-08	0.7328024857828377	809	0.0001375757779118	7.499697516474053e-08	0.6154102010126085	807
6	39295677	40345114	-4.381998226938265e-05	1.3026037957340536e-08	0.701021170731753	450	-0.0001480333584339	3.3797650471364707e-08	0.4206908291485434	448
6	40345115	42038720	-0.0003857080691802	2.4048542983609703e-08	0.0128745467684744	732	-0.0002904141721817	6.17845390052262e-08	0.2426602584273396	730
6	42038721	43756168	0.0001780910930429	2.2583300356928703e-08	0.2359849275745311	486	0.0002018308938307	4.1491997512250164e-08	0.3217615509134716	483
6	43756169	45406562	-1.227347042684032e-05	1.8477272521484163e-08	0.9280553134817642	554	1.418308477147599e-05	4.650563502443136e-08	0.9475621386191976	552
6	45406563	47311897	-1.6108996403130552e-05	2.3860207363751642e-08	0.9169413648579264	800	0.0002057703510745	6.34232133766491e-08	0.4138890575762128	799
6	47311898	48391124	6.22289232261425e-05	1.0722377467321371e-08	0.5478655464912281	411	7.875721617557708e-05	2.4057595260378232e-08	0.6116169378331584	408
6	48391125	50386144	0.0001135464320126	1.6133866247161035e-08	0.3713585154718691	620	-2.4761434798240217e-05	3.938637842531495e-08	0.9007073199312454	608
6	50386145	52210475	0.0001339776361753	2.0353966602252152e-08	0.3476839093561593	704	0.0003581594567868	5.182698350576664e-08	0.1156603414238363	702
6	52210476	53279101	-5.599899070023021e-05	1.4742483406628393e-08	0.6446508728715453	475	-0.0001123225708691	3.96369521733259e-08	0.5726323250307268	470
6	53279102	55468269	-0.0001720756365467	2.8075472120083037e-08	0.3044367134400441	979	-0.0002189917608282	7.375141040035764e-08	0.420020711295842	974
6	55468270	56105312	9.832783658083568e-05	6.630456804374261e-09	0.2272207904708248	236	7.690012945530699e-05	1.4864477289274968e-08	0.5282087583203898	236
6	56105313	57599464	-4.157687140034459e-06	1.0419600781907805e-08	0.9675102584217417	389	-8.604665859164266e-05	2.7233465810558285e-08	0.6020785135502073	385
6	57599465	61880511	8.84959137389182e-06	4.195526485888098e-09	0.8913272620812245	198	-5.5109519674958885e-05	9.176046512606382e-09	0.5650844367013053	194
6	61880512	63552887	2.533393502121771e-05	9.954380817286586e-09	0.7995579878705587	415	4.378983382369368e-05	2.1549131856631652e-08	0.7654715023677994	412
6	63552888	65765741	6.187745797178416e-05	1.2157541109243116e-08	0.5746683127298868	531	2.6497297231734516e-05	2.3450138078988604e-08	0.8626255080778602	530
6	65765742	67329214	0.0002101934845352	1.774562727110403e-08	0.1145935137767961	605	0.0004736516499126	4.627022127395037e-08	0.027668549300881	596
6	67329215	68849482	4.630730062494211e-05	1.7665256450754716e-08	0.7275329677956628	583	7.212340408552763e-05	4.8502156154162666e-08	0.7432986450450646	580
6	68849483	69523447	-7.111527740210991e-05	7.325458420224079e-09	0.4060336412776339	241	2.5798531352675973e-05	1.9639901083309208e-08	0.8539444681432781	240
6	69523448	71609509	8.700225267924334e-05	2.2273254227253284e-08	0.5599203146530545	814	5.1359235338133496e-05	5.4112433939793257e-08	0.8252596653408142	811
6	71609510	73450096	0.0001965273236454	3.0284418347632416e-08	0.2587669220321177	713	0.0004427703245755	6.91230067115572e-08	0.0921628542231858	709
6	73450097	75462002	-4.4394388145629375e-05	1.9280922588657472e-08	0.7491837421349927	667	0.0002071120857444	4.9717453908621537e-08	0.3529608231536247	659
6	75462003	77414880	-1.3172978275202543e-05	1.4950373930923502e-08	0.9142056823336734	531	8.228912589403814e-06	3.574905892575042e-08	0.965285324017091	530
6	77414881	78957727	-4.235609969898196e-05	1.5352671216513903e-08	0.732470649311023	576	-3.3764738074407456e-05	3.92990823982866e-08	0.8647564689270232	573
6	78957728	80691169	4.771360949752487e-05	2.021412564178225e-08	0.7371766972360864	683	0.0001629491795726	5.0468120566630476e-08	0.4682414395380148	682
6	80691170	81929221	-1.3604696181475e-05	1.0913517721490273e-08	0.8963855447524022	447	-1.699470060430778e-05	2.6001424815099152e-08	0.9160633584301332	442
6	81929222	83127148	0.0001276651949938	1.1370730105349363e-08	0.2312161178908014	398	4.72230431621341e-05	2.9398866722223067e-08	0.782996892042868	397
6	83127149	85209988	0.0002330963483316	1.6438903288340456e-08	0.0690608244756055	617	0.0004680593131176	4.0665596102142206e-08	0.0202833311804483	617
6	85209989	87069499	0.0001126089281352	1.9160490042830537e-08	0.4159186055991826	702	0.0004445659469472	4.2028211208520065e-08	0.0301182686316736	700
6	87069500	88822139	1.2712384749097148e-05	1.6752284339542605e-08	0.9217593828016558	617	-2.4995967834047535e-05	3.898579171052475e-08	0.8992609026247711	615
6	88822140	89973051	-8.002839372143145e-05	1.55334995633966e-08	0.5208017521145676	459	0.0001608906294311	6.944026529243696e-08	0.5414939674681924	454
6	89973052	91843195	-0.0002251139785026	2.5171803512064473e-08	0.155934356702562	725	2.3234277346523844e-06	6.557063044321309e-08	0.992760499674894	724
6	91843196	93428643	0.0001541605531476	1.8599104326702927e-08	0.2583130903741634	542	-0.0005689670472692	4.56245146873587e-08	0.0077282685424298	540
6	93428644	94118141	0.000190717758637	1.2305490279370793e-08	0.0855669576331457	330	-6.631735294956802e-05	3.2283087696540613e-08	0.7120559730176326	329
6	94441175	97093510	-2.4612247076359105e-05	2.189802080746486e-08	0.867903814213913	749	0.0005009923569765	5.6727038247025474e-08	0.0354248220784193	746
6	97093511	97842283	-6.694374330509961e-05	7.918233558001438e-09	0.4518656920968721	273	-0.0001762535062699	1.9743929811455266e-08	0.209712475630456	270
6	97842284	100630145	0.0005831693909455	3.5538873132932544e-08	0.0019784486856629	891	0.000509271025578	7.992828264236917e-08	0.0716473243388161	883
6	100630146	102636771	7.673882119596295e-05	1.5176294939916596e-08	0.5333371231218518	551	7.632278541160199e-08	3.7152782111158554e-08	0.999684064381092	550
6	102636772	103983394	-1.1449295456887794e-06	1.1453759021136482e-08	0.9914643515583548	409	4.251926662144242e-05	3.0216986326739704e-08	0.8067645336025676	406
6	103983395	106056732	-0.000116957941385	1.88577090283646e-08	0.3943821414933802	686	-0.0002894045775377	4.9211641218765104e-08	0.1920351291542524	681
6	106056733	107450305	1.882513083141615e-05	2.3968692004272814e-08	0.9032197472077084	637	0.0003409014805361	8.35063498487419e-08	0.2381221934797212	632
6	107450306	108464379	-7.487206527466115e-05	1.1299396012054364e-08	0.4812111206222546	351	8.59320878700304e-06	3.2026308560868144e-08	0.9617020862566852	351
6	108464380	110304246	0.0001177614383442	1.4259568544015786e-08	0.324051790263637	568	-0.0002246831593996	3.084242437463857e-08	0.2007666839988566	565
6	110304247	112345013	-0.0003173870708991	1.9123292018011248e-08	0.0217254896403764	660	3.0335240840759435e-05	4.690813411983928e-08	0.8886102283716287	654
6	112345014	114220832	8.896093763450209e-05	2.4543103355578548e-08	0.5701359522421249	703	0.0001225566139063	5.422660726507838e-08	0.5986821682203891	702
6	114220833	116131395	-1.2907821392304285e-05	1.6417776256024096e-08	0.9197579927925844	574	-9.758196387667448e-05	4.2943469902737483e-08	0.6377181126312932	572
6	116131396	117672971	6.481640653725473e-05	1.4356812651174748e-08	0.5885430696434942	532	-0.0001870226682278	3.6330306511246244e-08	0.326491697809656	528
6	117672972	118963114	6.4992410200906e-05	1.214141945835302e-08	0.5553036685968915	424	-0.0001273002686957	3.1975654417818116e-08	0.4765260863726144	422
6	118963115	119963277	-2.884948575838567e-05	1.1361056925592472e-08	0.7866503242673747	368	-0.0002032996615844	3.6861978631293823e-08	0.2896537799909735	366
6	119963278	120512127	-4.413270011696936e-05	5.811619016659906e-09	0.5626491112246259	199	-6.073476814581359e-05	1.5750900108521472e-08	0.62843385358509	198
6	120512128	121905675	-9.218586417373524e-05	1.2876096914729769e-08	0.416559680344962	444	-3.5980660206660044e-05	3.3967606326051685e-08	0.8452163774633032	442
6	121905676	123856180	-8.847147794466105e-05	2.0667036936381646e-08	0.538284339324401	701	-0.0001274870794585	5.430595741931935e-08	0.5843310442010872	698
6	123856181	125424382	-0.0001947338648393	2.0478887245832964e-08	0.1735828395792318	611	1.3327002612979972e-05	5.7696002509127903e-08	0.9557537051505252	605
6	125424383	127540460	-4.343197357061405e-05	1.3181799310881522e-08	0.7052168841544643	503	9.152971611073516e-05	3.1321578764326386e-08	0.6050316996643947	500
6	127540461	129861030	-1.434984338949816e-05	1.8776047700023312e-08	0.9165950376007383	665	-0.0002516071244343	4.957437528626352e-08	0.2584588297602018	665
6	129861031	130935453	0.0001807053178531	1.6175860509180013e-08	0.1553708310772868	472	-6.29913438815305e-05	4.1945286638026914e-08	0.7584120742463225	470
6	130935454	132765668	6.055638091028314e-05	2.1464354093056644e-08	0.6793620140154221	647	3.657804381144811e-06	6.028559290622263e-08	0.9881139458365747	642
6	132765669	134244242	-6.255561050512653e-05	1.9731540394246873e-08	0.6560784614309167	665	3.633897020600197e-05	5.3888462460517627e-08	0.8756075656784907	664
6	134244243	136224176	0.0001767992948446	1.9513356174136847e-08	0.2056374571810941	599	-1.0236100413715152e-05	6.517277381136834e-08	0.9680165623964536	595
6	136224177	137614217	-9.67743912782718e-06	8.96543671266207e-09	0.918593476987768	328	-0.0002865082320317	2.1577218442525688e-08	0.0511200718023692	327
6	137614218	138822628	-5.647554123908741e-07	1.681600500270868e-08	0.9965251370830244	492	8.380844819658291e-05	4.9087099725014466e-08	0.7052285971182611	492
6	138822629	139845435	3.599192422668513e-06	1.4908407131567607e-08	0.9764838287362502	402	0.0002253945594077	4.4797887305626913e-08	0.2869147094309439	399
6	139845436	142288478	-5.824797161127496e-06	2.148687749731509e-08	0.9683028706200596	612	-3.156376054397835e-05	4.287370362479666e-08	0.8788414884161675	607
6	142288479	145319809	5.712904997756753e-06	3.4507004356664974e-08	0.9754656261853007	1114	0.0001532948065299	9.239241441246357e-08	0.6140340025334311	1111
6	145319810	146665423	-3.540277829114199e-05	8.971613436580862e-09	0.7085769596035107	374	-1.4288645531370328e-05	1.722801334196041e-08	0.9133125129204656	369
6	146665424	148920351	7.72521993775824e-05	3.1849379506226496e-08	0.6651071325616289	945	-8.869606502733453e-05	9.163735666595165e-08	0.7695219165615005	939
6	148920352	150253403	-0.0001343153433355	1.5086246443768792e-08	0.2741563852655665	570	-3.508475108145714e-05	3.288755256845596e-08	0.8465947394019627	568
6	150253404	151912702	4.084270307666445e-05	3.4894146701528934e-08	0.8269271310310474	913	-0.0003614827758286	1.0451118410817805e-07	0.2634961664203012	909
6	151912703	153094495	8.666862288511673e-05	1.6101302284515402e-08	0.4945962187218655	567	9.561493168191412e-05	4.0872724741935054e-08	0.6362537511247395	565
6	153094496	154974119	-0.0002187072307808	2.6569031701128145e-08	0.1796733872604222	790	4.096150102330889e-05	7.420556249233125e-08	0.8804736831593583	785
6	154974120	156763325	-1.7852863016295168e-05	2.579541943494186e-08	0.9114918982821648	740	-9.734870923032307e-05	7.25411081404686e-08	0.7177693741044772	735
6	156763326	158218718	0.0002198903095223	1.3883883610784594e-08	0.0620179425478816	430	0.0001331709970164	3.8376802877663184e-08	0.4966369597805794	428
6	158218719	160580496	-1.6744609543293902e-05	2.9338576985795962e-08	0.9221238877414116	1091	0.0001777716303483	7.075327864802543e-08	0.5039247211383113	1083
6	160580497	162169563	7.46712325836722e-05	2.5548011264085598e-08	0.6403783904641418	819	-0.0003544614974888	6.593210038269203e-08	0.167448201643633	818
6	162169564	162931202	-2.2231702074405005e-05	1.2225197309280325e-08	0.8406447454415985	380	4.54990660588155e-05	3.3548364917163014e-08	0.8038182024578197	375
6	162931203	164383520	0.0003539046167192	2.2560958906230653e-08	0.0184642418717424	700	0.0001873008989523	8.62513710880029e-08	0.5236303220674108	698
6	164383521	165586863	0.0002701470789019	2.245775680077021e-08	0.0714394971136371	571	7.18906839740298e-05	5.4189063972544556e-08	0.7574523026773599	566
6	165586864	167024732	0.000165075830505	2.9669999259077134e-08	0.3378856582259786	816	0.0001274422524755	9.02002335303663e-08	0.671320980844506	812
6	167024733	168042834	4.370983535373721e-06	1.3083292883076778e-08	0.9695171891871016	415	-0.0002131154365808	3.47074433563126e-08	0.2526481383591558	411
6	168042835	169382049	-3.3179045460791695e-05	2.1146893522372554e-08	0.8195214115047758	626	-0.0002677955516416	6.103118045892923e-08	0.2783668003968566	618
6	169382050	170330172	-5.142519079064848e-05	1.3795772764057276e-08	0.6615114372640392	465	-3.30271516069013e-05	3.5483226689937155e-08	0.8608192826135941	464
6	170330173	171051269	0.0001626861423215	6.9979969953131706e-09	0.0518051257109878	230	0.0001455570869119	1.851022594110748e-08	0.2846817258469316	229
7	16161	972751	-2.558508501948695e-05	6.205272742729235e-09	0.745337875048022	142	9.25849489114609e-05	1.6732422983423644e-08	0.474146120672163	141
7	972752	1353066	-3.4009754337941455e-05	5.051048902882928e-09	0.6322702527743429	147	4.0280983426577816e-05	1.0412389813112713e-08	0.6930255757414521	145
7	1353067	2062397	0.0001019715905221	1.520449065038308e-08	0.4082502874953021	158	-3.146373458050379e-05	1.3982829526752385e-08	0.7901773586601593	157
7	2062398	2772226	0.0002692520205212	1.3616444266783535e-08	0.0210312806373386	223	5.492038660261733e-05	2.6918989595062907e-08	0.7378232037480521	222
7	2772227	4573427	0.0003217043009823	4.3942663941457395e-08	0.1248660610979429	915	8.319318602289557e-05	8.358135427013183e-08	0.7735291241601383	912
7	4573428	5416231	-0.000147799101419	1.7963788674901876e-08	0.2701404251533671	213	0.000350047872389	6.022396488578731e-08	0.153751549227085	212
7	5854526	6573856	7.293986394414549e-05	6.8078704591766025e-09	0.3766884748927664	176	-0.0002272932137046	1.7236353011287223e-08	0.0834043475030306	175
7	6573857	7808751	3.878046356256335e-05	1.8850968229316797e-08	0.7775961936616347	479	-2.1307550542128248e-05	4.70159408739535e-08	0.9217196951035737	478
7	7808752	9123422	5.605038536980327e-05	2.707350532457617e-08	0.7333682855783087	660	0.0003798101622034	6.7769015628832e-08	0.1445690837176723	658
7	9123423	9987498	6.684249187411572e-05	1.7608394401996144e-08	0.6144552510558481	412	2.9865562253357417e-07	4.8475820366845085e-08	0.9989176990495952	410
7	9987499	11299197	0.0001033075599998	2.0776111574597352e-08	0.4735464283526263	564	-6.656116946796462e-05	5.0361322386408146e-08	0.7667712671244605	563
7	11299198	12635460	-0.0001887364254337	3.108956096403679e-08	0.2844367149359498	793	-0.0004432824036021	8.053468319740406e-08	0.1182812232013783	791
7	12635461	13884201	4.258415436514408e-05	2.4146308149637676e-08	0.7840496638645564	605	0.0002025039320611	6.140723527826322e-08	0.4138191633653737	603
7	13884202	15143656	0.0001541588305262	2.1506704685321785e-08	0.2931710567617742	550	5.291770621361285e-05	5.4233810534754095e-08	0.8202447861618458	547
7	15143657	16902068	-0.0001773718993884	3.34541353415117e-08	0.3321709834055255	856	-0.0001498573346956	8.535667664018286e-08	0.6079993331687445	854
7	16902069	19481546	-0.0002552293239804	4.225857393504043e-08	0.2143932073933643	1046	-0.0001235753734443	1.0593885222893445e-07	0.7041916786860812	1038
7	19481547	20124907	5.1075245534341985e-05	8.878099685027696e-09	0.5877745130693558	264	1.6798282769161955e-05	1.9511312108169243e-08	0.9042770907530676	264
7	20124908	22507628	-8.915146548025962e-05	5.1650884927833015e-08	0.6948557193864303	1240	0.0002014232242139	1.36315292221374e-07	0.5853729752137743	1233
7	22507629	23471441	8.490196140245098e-05	1.2522116492110868e-08	0.4480228703173065	352	0.0002441495992802	2.7151059146109863e-08	0.1384180055278863	351
7	23471442	25077258	0.000602188145623	5.0272718523680395e-08	0.0072366634667133	802	0.0003168370897522	7.348214703921016e-08	0.2424789126335679	795
7	25077259	25909554	3.580675443721188e-05	1.8618805798451912e-08	0.7930013275375668	476	9.555425883867644e-06	4.524466011828677e-08	0.9641688792338464	475
7	25909555	28360308	6.9946967413775e-05	3.7348432830418724e-08	0.7173992864211263	953	-4.670771209340287e-05	9.478293542273377e-08	0.8794131046950997	948
7	28360309	31137288	-0.0003686236085847	5.0435163473366034e-08	0.1007128412375183	1245	0.0001951543392406	1.2955353131789786e-07	0.5876858337017185	1239
7	31137289	33555767	0.000161475162283	3.8917050361104684e-08	0.4130533603217577	1086	-2.913679061456702e-05	9.098354096473344e-08	0.9230470295715332	1081
7	33555768	36213537	7.504313034341594e-05	3.9627833396339056e-08	0.7061933270004512	1115	6.111044160597063e-05	9.4099239509548e-08	0.842094448035659	1110
7	36213538	37555183	7.913549260595666e-05	2.5380536163212027e-08	0.6193790412379797	634	-2.6798340905729952e-05	6.486712987042912e-08	0.9162017661466524	628
7	37555184	38966702	0.0001552599224559	2.659049252741271e-08	0.341031139711855	705	-0.0001006683228049	7.302207691436587e-08	0.7094954128818481	701
7	38966703	39862669	2.693878875388652e-05	1.238691202679002e-08	0.8087451123331431	347	6.105120230471836e-05	2.9832421113346796e-08	0.7237376952112498	347
7	39862670	42001810	0.0001869220143273	2.1673829797278772e-08	0.2042003644474128	641	0.0001025597373668	4.9504646098234876e-08	0.6448344013717924	636
7	42001811	43159073	0.0001178370730424	1.6253759951425374e-08	0.3553389244012541	434	-2.560215421246677e-05	4.1214811872059943e-08	0.8996447776677564	430
7	43159074	44763827	-0.0001139630285281	1.8459234148760352e-08	0.4015829373886693	556	1.9636847586313008e-05	4.038884946051929e-08	0.9221622146867952	556
7	44763828	45952921	0.0002148897697463	1.6385792113473634e-08	0.0932037956855167	419	0.0001263590076973	3.3465666155868e-08	0.4897370814605379	417
7	45952922	46986719	-0.0001008229683701	1.5667525731666546e-08	0.4205379182007484	455	-4.353685944472259e-05	3.786128452039424e-08	0.8229532883570643	452
7	46986720	49212277	0.0001898105639946	3.7714578173971106e-08	0.3283784940904443	993	0.0001225470514475	8.995904618209633e-08	0.6828456031789594	990
7	49212278	51675321	8.565615688912331e-05	3.389227708656258e-08	0.6417356913656287	1003	0.0001054238733585	7.518461571003234e-08	0.7006222423371448	998
7	51675322	53176311	-0.0002103887286715	2.813419286265841e-08	0.2097289786492882	735	2.983579215996176e-06	6.993629671809705e-08	0.9909984539882116	733
7	53176312	54222975	-5.756835055374495e-05	1.6183909864641914e-08	0.6508912027857043	442	-0.0001056464302099	3.947943026841375e-08	0.5949314782361024	440
7	54222976	55691583	5.708234136217221e-07	1.9855411726215265e-08	0.9967677778398188	574	-2.7605077306502218e-05	4.603471468084151e-08	0.897626056398016	569
7	55691584	57382637	1.6055445260954688e-05	1.1004993656416884e-08	0.8783604789649855	349	8.37171462769248e-06	2.357504205291519e-08	0.9565176409162685	348
7	57382638	63307358	2.9024788155298816e-05	6.062026050214358e-09	0.7093073621349715	197	-3.042400716409298e-05	1.2617687821013196e-08	0.7865075123355482	191
7	63641125	65689808	4.404352225240779e-05	1.2776427429642653e-08	0.6967936180584301	440	6.112013309776063e-05	2.3202426407821673e-08	0.6882343415025802	433
7	65689809	68234073	0.000183535158963	2.9478773196694572e-08	0.2850842388509824	844	0.0002794002666363	5.9460551243116334e-08	0.251874057783352	833
7	68234074	69085363	-3.260689477363672e-05	1.1917169433479787e-08	0.7651754321102892	267	-0.0002113742228886	2.7349990965901207e-08	0.2012052509141475	266
7	69085364	71874884	-0.0004083279528329	5.7735274569933294e-08	0.0892490881792278	914	0.0002063870621567	9.86128867653948e-08	0.5110347373320758	908
7	71874885	73334601	-1.2288773555048206e-05	9.781050892740476e-09	0.901112943564837	213	-7.622077990048089e-05	1.3903373879125256e-08	0.5180088345268914	208
7	73334602	76458563	1.4088961809599902e-06	1.5168889241941603e-08	0.9908729024677247	405	-0.0001872504256217	3.4134515530860015e-08	0.3108189575114469	400
7	76458564	78093858	-0.0001937988006221	2.5780586397004463e-08	0.2274349063065366	690	0.0001412004470476	6.090253335963957e-08	0.5672127806882297	688
7	78093859	79888068	0.0004186800769349	3.255027595460802e-08	0.0203070942154093	673	0.0003248398183427	5.2207857258366824e-08	0.1551196720945202	670
7	79888069	82022685	0.0004058783862569	2.9790710642522542e-08	0.0186950296317703	775	0.0002566813198661	7.583658433673165e-08	0.3512933061405402	766
7	82022686	83801202	-7.22951726888239e-05	2.690507713921438e-08	0.659394099227826	737	0.0001533463637268	6.612508306948563e-08	0.5509513923174881	735
7	83801203	85572181	-0.0001010235386923	1.40475760697059e-08	0.394015598834861	454	-0.0001465779163745	2.8475184298568183e-08	0.3850490504068452	453
7	85572182	87825003	0.0001107114936306	2.9371516774649913e-08	0.518282240817449	658	-0.0002179897186858	4.337958704469205e-08	0.2952701206578618	658
7	87825004	90661783	-1.5302586757030103e-05	3.8124372467897325e-08	0.9375317770585524	1115	-0.0003037391091293	8.636649713703193e-08	0.3013504015248424	1110
7	90661784	92493751	4.5696088105711384e-05	1.6260578443560784e-08	0.7200791701767952	505	3.75108639548566e-05	2.5154785710012305e-08	0.8130381113295465	504
7	92493752	93966600	1.4850427609521338e-05	1.4495330568751404e-08	0.9018331551269304	363	-0.0001474595048683	3.7436136127185255e-08	0.4459842990300903	363
7	93966601	96073507	-3.966024981030359e-05	2.8059528202175634e-08	0.8128400528222295	790	5.3138175592368816e-05	6.206709727045969e-08	0.8310986938303564	784
7	96073508	97099569	2.4609019521052243e-05	1.1685376071103948e-08	0.8199161822552468	323	-3.708527046468229e-05	2.8738557964835922e-08	0.8268365955823747	323
7	97099570	98715473	6.0446104567683265e-05	1.6112520002076676e-08	0.6339340925793839	453	2.229621896063436e-05	3.5235659917432144e-08	0.9054503703452732	453
7	98715474	100196650	8.183292079120385e-05	1.00416117330135e-08	0.4141388202901452	340	0.0001654241252432	1.9362259486281428e-08	0.2345054143374729	338
7	100196651	101199252	-0.0001083304955786	1.325960598463097e-08	0.3468205609276941	344	-0.0002851487156831	3.1918568837062765e-08	0.1104749869587419	332
7	101199253	103197509	0.0001630196277841	1.81405466310223e-08	0.2261406236036929	467	-0.0001356442078733	4.3105632279837746e-08	0.513541962806698	458
7	103197510	104159524	-9.857229217411786e-05	1.9427234120235233e-08	0.4794349978808816	526	-3.681207544236431e-05	4.7356617085839674e-08	0.8656700896803896	525
7	104159525	105682904	0.000966561360096	2.366053847837495e-08	3.3055685138931867e-10	570	6.284711972044817e-05	3.921614624769963e-08	0.7509700477273294	567
7	105682905	107780177	-9.820049886103455e-05	2.5677770592799763e-08	0.5399933996223272	746	0.0001213525274089	5.4306413995508154e-08	0.6025459639507816	742
7	107780178	109647593	0.0002077674138485	2.1087691978134233e-08	0.1525026760106586	641	9.854897874449862e-05	4.57774936129909e-08	0.6450839455966791	637
7	109647594	112618683	0.0002105815547518	6.698570094432106e-08	0.4158544542235366	894	0.000341024342105	9.099069850830541e-08	0.2582477149295927	890
7	112618684	113712386	7.591582810020513e-05	9.640144968581077e-09	0.4394053894314967	263	3.207870387523447e-05	2.982954073436474e-08	0.8526526539720521	263
7	113712387	116780177	1.977037456930306e-05	2.570442428061532e-08	0.9018587762147302	779	-0.0002727340324842	5.7361066110832634e-08	0.2548048856584473	779
7	116780178	118351580	-0.0001229718906395	1.353983002402088e-08	0.290595721500084	433	4.474350499670121e-05	2.4896988402598824e-08	0.7767417768805082	427
7	118351581	121045272	-4.889803378620037e-05	1.5647981907437887e-08	0.6958734439150651	533	0.0002063445813748	3.084653602921269e-08	0.2400466712313229	532
7	121045273	121933629	-1.2988211424536573e-06	9.031528142713715e-09	0.9890957632653306	265	-1.965714655424449e-05	2.0385732553289626e-08	0.8904967197824607	265
7	121933630	124156804	-6.451258961109799e-05	2.505241010335934e-08	0.6835773266592198	765	-0.0001200768609987	5.5707550519969036e-08	0.6109292175132239	762
7	124167552	126519169	0.0001759726382369	2.4066827089047205e-08	0.2566601929656176	794	-0.0002055104359714	4.7134282867217585e-08	0.3438438344467021	791
7	126519170	126869220	-2.527476869542276e-05	5.525718527390863e-09	0.7338483367569768	156	5.206207121148406e-05	1.355540038419427e-08	0.6547578158452236	156
7	126869221	128778385	0.0003108398373726	3.0614779906950886e-08	0.0756465740561157	664	0.0002073077402548	5.0745396789465256e-08	0.3574295492116339	661
7	128778386	130422413	-0.0001359373101204	1.8070410827360267e-08	0.3119011086074604	529	0.000385842063813	4.050421252688679e-08	0.0552169822670413	526
7	130422414	132805847	0.0007185049015826	4.4366312969531496e-08	0.0006468530271816	892	0.0008702995397693	8.491369347520417e-08	0.0028208062181575	887
7	132805848	134307595	0.0001235576246043	2.1730674442581557e-08	0.4019343280982022	499	-0.0001059009960356	3.1040241542402543e-08	0.5477818909247512	499
7	134307596	135591082	-0.0001510843497862	2.0196306840404666e-08	0.287726191134565	558	0.0001451685667411	4.7668672275968313e-08	0.5061147218422908	554
7	135591083	136876561	0.000174139366273	1.6412234763459426e-08	0.1740537425268247	458	-1.1630144458118892e-05	4.047873919906896e-08	0.9539032964722536	457
7	136876562	138744678	0.0002189111173696	3.7619894338273356e-08	0.2590457878899116	591	-8.905695075047849e-05	6.37884454814545e-08	0.7243795082011072	589
7	138744679	139933176	-5.299845056247151e-05	1.1999288334399346e-08	0.6285123458874182	347	3.5308225400216397e-05	2.689921492411179e-08	0.8295480930512308	346
7	140235210	141226556	0.0003610875763728	2.2980356338471043e-08	0.0172208441160419	315	0.0001248460904465	2.351094607606024e-08	0.4155209397957975	314
7	141226557	142656309	1.234753792614799e-05	1.437086247303893e-08	0.9179626457948592	488	3.382772469891242e-05	2.6576315882698994e-08	0.8356166698087165	455
7	142656310	144968288	-0.0001260335720063	2.1850399573948882e-08	0.3938689377093216	598	-0.000387836366227	5.0143133343749376e-08	0.0832771787877175	598
7	144968289	146427959	-2.6757440480460407e-05	1.3883139451027264e-08	0.8203526559956039	424	-6.070834555745101e-05	3.0974347939726686e-08	0.7301372378155386	423
7	146427960	147815317	5.848576922932038e-05	2.0985982962737973e-08	0.6864150184137189	600	-9.745918951120826e-05	4.951107130102675e-08	0.6613880942499566	594
7	147815318	149840657	-0.0001511568912514	2.4023602895494898e-08	0.3294441476803778	649	-1.1747107176136182e-05	5.5906328052220385e-08	0.9603756751925064	649
7	149840658	150711504	4.110500725692412e-05	1.3691633112993475e-08	0.7253699981006569	370	-3.0196365200569245e-05	3.3266639041478724e-08	0.8685047917348914	368
7	150711505	152249805	0.0001541478092173	1.9630039975180357e-08	0.2712393359137245	413	-0.0002617304127782	5.000239343000857e-08	0.241813498772989	412
7	152249806	153674018	-8.638551416257803e-07	2.2367496320892387e-08	0.995391390806992	508	8.711329916221032e-05	5.8858499254828704e-08	0.7195422611428632	505
7	153674019	154964729	2.8492593129985323e-05	2.0791104387135288e-08	0.8433558073082287	528	-1.260558335881935e-05	5.2220025213639284e-08	0.9560089565670138	523
7	154964730	156065249	-5.112513885619896e-05	1.708125976512045e-08	0.6956655822313143	380	9.678819556696824e-06	4.115703432162877e-08	0.9619481575296812	379
7	156065250	157634596	6.485260130680968e-05	2.1923558067317255e-08	0.6613879131992519	546	-0.0001121730137731	5.5503695415029055e-08	0.6339802874907292	539
7	157634597	159128574	-0.0001057671595056	1.9417285019070503e-08	0.4478370710561654	540	-0.0002036157193166	4.4992370608745376e-08	0.3370878874299542	532
8	10422	1044216	-0.0002955960165982	1.8767705245692943e-08	0.0309504184767465	431	-0.000139135045195	5.590257655109072e-08	0.5562202348455922	427
8	1163245	2042941	8.108281652929301e-05	1.980430008138979e-08	0.5645016836688734	415	5.2775185600593944e-05	5.4146828471607014e-08	0.8205791795792694	408
8	2042942	2573278	5.802618716267516e-05	1.2776905213522896e-08	0.6077084722358099	286	-9.571168621412788e-05	3.622997907136704e-08	0.6150758659912244	255
8	2573279	3392925	-0.000218387511751	2.8474424350040273e-08	0.19559744983696	623	-0.0001299112783044	8.225802496854525e-08	0.6505791481740866	620
8	3392926	3783016	7.057164251356e-05	1.7972283110987962e-08	0.5985996062354619	465	-9.22349521011013e-06	4.7811393830653044e-08	0.966353405992564	462
8	3783017	4480475	6.311058420812111e-05	3.2255628507655084e-08	0.7252896850598501	735	-0.0001631783002153	8.919357071000538e-08	0.5848040323596948	730
8	4480476	5146926	0.0001176111056085	2.2936365075298163e-08	0.4374067794388614	562	7.596509910900851e-05	6.033562192236539e-08	0.7571218815621646	562
8	5146927	6142796	6.976901823323984e-05	3.4242161510834445e-08	0.7061473634213128	863	-0.0002390857152847	8.889724605896106e-08	0.4226222761999225	859
8	6142797	7153078	-8.20583110335474e-05	1.9708830005276857e-08	0.5588770524586205	498	-0.0001625368709454	4.6752046704416166e-08	0.452224170858483	498
8	7153079	9154693	-0.0005864814696505	5.85247472337505e-08	0.0153383629760344	633	-0.0004718449895104	1.111929547233867e-07	0.15706441470489	632
8	9154694	9640786	-8.403406487404007e-05	1.0255115713003829e-08	0.4066392741305942	256	-0.0001677247231989	2.4057741034610676e-08	0.2795377157613414	255
8	9640787	10463196	-0.0004102467016522	6.759716035945352e-08	0.1145874198684466	520	-0.0003762991602935	9.166982456026765e-08	0.213921708136364	519
8	10463197	11278997	-7.497953770694469e-05	2.6166885715714665e-08	0.6429930119697482	422	-0.0001522750717304	5.7479880617316914e-08	0.5253357573861512	419
8	11278998	13491774	-0.0005142770349709	5.2909174063825094e-08	0.0253653174189552	914	-0.0005613459312939	1.5096637470257797e-07	0.1485302110393751	911
8	13491775	13944991	-2.2239496118820608e-05	1.724155258783869e-08	0.865505536256725	309	-0.0002167432565285	3.0746361624477564e-08	0.2164265546050249	308
8	13944992	15991659	0.0002173460338856	4.8176779387340015e-08	0.322065324523736	1278	0.0005964579764852	1.1896431273314458e-07	0.0837545908673608	1269
8	15991660	17387875	-0.0002122985637712	2.4658811809316263e-08	0.1763909594203583	593	-0.000182933837229	6.537798018474433e-08	0.4743320369675556	590
8	17387876	17836398	8.075753220677531e-05	1.1057445049041984e-08	0.4424930426623042	305	-8.520202476235257e-05	2.6065304400326753e-08	0.5976810697418111	301
8	17836399	19492839	-0.0001172210583776	3.947107725634227e-08	0.5551777736080464	999	-0.0001877516023714	9.951913571474017e-08	0.5517396217606112	996
8	19492840	20060855	-9.819387911710566e-05	1.4240119942008682e-08	0.4105858423423303	350	-5.009348172424793e-05	3.707831585200855e-08	0.7947492776480523	347
8	20060856	21661736	0.0003063599436708	3.06458528078673e-08	0.0801126980374047	775	5.4491010054101984e-05	7.841840199809269e-08	0.8457155648355277	772
8	21661737	22897056	0.0001819233126238	1.6687311149233562e-08	0.1590422611906422	449	9.598179448601403e-05	3.7281458129851556e-08	0.6191196184290397	449
8	22897057	24674717	3.684666047124955e-05	2.7783141374746064e-08	0.8250467882340168	742	0.0002023086804812	6.896229930380015e-08	0.4410706725138046	737
8	24674718	25483453	-0.0001035976586779	1.0311976823505264e-08	0.3076406827980082	307	-5.6126786925558046e-05	2.0890791011921156e-08	0.6977772669761853	305
8	25483454	26682524	0.0001506177349047	2.4203189541592065e-08	0.3329726217131441	626	-0.0001006553086209	6.26307828741118e-08	0.6875363663010607	624
8	26682525	28162391	0.0001736368512612	4.571673315594138e-08	0.4167398356331853	818	-7.257111998065782e-05	6.749384731545264e-08	0.7799846007753979	817
8	28162392	29327895	9.434731209387814e-05	1.2298354219400457e-08	0.3949038062140944	357	2.6892430797330256e-05	2.7460507274883372e-08	0.8710821908092712	354
8	29327896	31133728	-8.971452202313307e-05	2.0831403430489824e-08	0.5342120029739554	567	0.0001051084048257	5.0320848003732374e-08	0.6393855176928046	562
8	31133729	31548359	-1.3346528037187662e-05	7.504669203210763e-09	0.8775588936493598	146	-7.650094008817205e-05	1.6051116457755557e-08	0.5459571683288438	146
8	31548360	32977217	3.911069725423487e-05	1.8940507355564383e-08	0.7762693103793956	534	0.0001935087748596	4.418818998091475e-08	0.3572852235604022	532
8	32977218	35317231	-3.846857324707579e-05	1.7168045103803477e-08	0.7690689462083955	600	-1.802939046043458e-05	3.144095777541189e-08	0.9190111192757986	596
8	35317232	37379388	8.699917638491131e-05	1.2551607759570424e-08	0.4374284920765574	393	-2.4281361668162395e-05	2.833471683793055e-08	0.885303642384083	390
8	37379389	38938805	0.0005393561245752	1.684194754713931e-08	3.238146720177596e-05	324	-1.9566211326348404e-05	3.1994290217985486e-08	0.9128945878522662	322
8	38938806	40703336	-8.392256277687034e-05	2.3200682191559156e-08	0.5816538854892772	653	-0.0002128105679633	5.816064320999066e-08	0.3775461571255369	651
8	40703337	41721453	-1.4085349048693084e-05	1.498837834001887e-08	0.9084047208504642	402	-0.0001793545675693	3.7100800647022864e-08	0.3517746994765032	400
8	41721454	42773822	-5.595440506832065e-05	6.527506401091373e-09	0.4885824918160869	213	-0.0001239288089986	1.4774728386141472e-08	0.3079374794140224	212
8	46841315	50082469	-5.7959952269158064e-05	1.5002993597289882e-08	0.6360749117413571	494	-2.783565839106566e-05	2.322027790605188e-08	0.8550567704732949	493
8	50082470	53302929	-0.0001004359369545	2.7564687279389538e-08	0.5452185877964525	917	4.226841179708532e-05	5.1857142095114175e-08	0.8527471687211672	916
8	53302930	54418043	-0.0001233671326022	1.5866680382200132e-08	0.3273864601867425	424	-9.796802862197376e-05	3.24585284023994e-08	0.5865956948807525	423
8	54418044	55945580	-0.0001091483411536	1.6867928467000557e-08	0.4006839098717997	528	-0.000272337061455	3.5476125782077494e-08	0.1482048817949112	525
8	55945581	56956382	0.0001030752175021	1.6194427886890658e-08	0.4179547154223223	391	0.0001587272642344	3.4976932160654914e-08	0.396041207341385	389
8	56956383	59068650	8.498658280484466e-05	2.5535274131214206e-08	0.5948375734770543	724	9.79205007390485e-05	6.083333672302023e-08	0.6913591692772862	723
8	59068651	59728099	-1.471157779787607e-05	9.739678229572774e-09	0.8814992925846897	281	3.140872638716361e-05	2.2275117667521758e-08	0.8333197269260885	280
8	59728100	62329098	3.678929038366161e-05	2.8938172053950423e-08	0.8287813353172709	846	-2.391710486098612e-05	6.37529557305382e-08	0.9245343288202228	843
8	62329099	63349305	2.320362224193962e-05	1.2826113416662458e-08	0.8376626809501884	383	-8.902689428709144e-07	3.0025782934815826e-08	0.9959006763911272	382
8	63349306	65232871	5.728727562585866e-05	2.0390087675920497e-08	0.6882812468549568	616	0.0001589187879287	4.7056991776718786e-08	0.4638062909699634	613
8	65232872	66489089	0.0002302490357697	1.3617078639584074e-08	0.04848067672399	396	-0.0001034170121842	2.998024277279526e-08	0.5503237222768232	394
8	66489090	69863056	0.0002087286422045	3.4002798939532054e-08	0.2576582279483401	967	-9.900698720170828e-07	8.242817675210627e-08	0.9972485146871736	963
8	69863057	70867978	-0.0002444447067204	1.7319891821660248e-08	0.0632526804324156	427	-0.0001710528919319	4.7056628284950496e-08	0.4303848498654931	424
8	70867979	72289453	-5.703295924673735e-05	1.5831175153843455e-08	0.6503450493506939	457	-9.694204613877691e-07	3.3382906067023836e-08	0.9957666114029012	457
8	72289454	73817198	-5.619189292905498e-05	2.7212365745226075e-08	0.733377643170317	728	-0.0001335728362287	6.934470497638892e-08	0.6119880696734782	725
8	73817199	75445063	0.0002267186869479	2.351722455470882e-08	0.1392986229819251	658	0.0002851107080699	5.8254824351089034e-08	0.2374972033490856	656
8	75445064	76456541	0.0001057555712018	1.2456938295480128e-08	0.3433636324286611	359	-7.908562258254321e-05	3.025133717736076e-08	0.6493248582381674	359
8	76456542	79132860	5.7865033021539776e-05	2.6188742954171823e-08	0.7206664854850063	806	-9.591549771110445e-05	5.581755369099639e-08	0.6847581569707877	804
8	79132861	81956394	0.0001693848045916	2.9915397276850096e-08	0.3274191778557692	837	-9.629295268826174e-05	6.666612834880536e-08	0.7091912339229686	836
8	81956395	82693738	1.344885185172092e-05	8.410303952816746e-09	0.8834090066264263	236	-0.0001653966019185	2.0434176125125953e-08	0.2472564064959647	236
8	82693739	84225588	-1.7987769080719403e-05	1.5573343115028504e-08	0.885389431653348	463	4.34782538681124e-06	3.610566973940951e-08	0.9817448015927562	463
8	84225589	85955618	-1.321903893364306e-05	1.3852390573304069e-08	0.9105736987700966	429	0.0001438427552782	2.9640114745950185e-08	0.4034345159120799	423
8	85955619	87411708	-9.159946930762589e-06	9.5328016566859e-09	0.9252543319662324	317	-1.2977851443009618e-06	1.7518485536220323e-08	0.992176742563125	316
8	87411709	89085480	0.0001146093369558	1.9080798292725907e-08	0.4067077303481536	566	0.0002026571509237	4.2893265883067755e-08	0.3278198009630154	564
8	89085481	90638161	-0.0001457377761403	1.5039947167782206e-08	0.2346905763233224	459	1.2314138430836148e-05	3.205682917606607e-08	0.9451670603063604	457
8	90638162	93554385	-2.329030192295783e-05	2.4870675194179524e-08	0.8825927272035615	792	7.67967136103451e-05	4.913140561306656e-08	0.7289910818631284	789
8	93554386	95005526	8.563480625536029e-05	1.666319879958247e-08	0.507078646297146	438	-0.0004194027183914	4.012380426799283e-08	0.0362799510636394	435
8	95005527	96534805	8.264438847213395e-05	2.5346814461156794e-08	0.603690467689347	682	0.000202419887777	5.984157334411836e-08	0.407971344503232	680
8	96534806	99401580	9.746601116099786e-06	4.5101976195991514e-08	0.9633947789204456	1195	-0.0002890800794981	1.1184682013140257e-07	0.3873773887402767	1192
8	99401581	101620957	2.298258841578515e-05	1.9639509776973735e-08	0.8697341849225928	582	-1.217677393123353e-05	2.4201281806151133e-08	0.9376107396999372	580
8	101620958	104123305	0.0004255892568409	3.8090641598825746e-08	0.0292109690559814	988	0.0003047502653402	9.306785549521576e-08	0.3178183696209483	983
8	104123306	104988751	5.035371059920795e-05	8.880910834889002e-09	0.5931190558266433	300	3.482559754510356e-05	1.6482702410237443e-08	0.7861917362116517	300
8	104988752	107410753	4.800436404048268e-05	3.169753017698163e-08	0.787445015224261	906	-5.9395599179813184e-05	7.777706963051242e-08	0.8313465187915992	901
8	107410754	108648176	8.930360480377752e-05	1.8542254103811636e-08	0.5119369643932263	552	0.0002001460703337	4.4168275572348355e-08	0.3409247781976707	551
8	108648177	109248172	6.472871651455404e-05	7.223799403319307e-09	0.4463121533915831	213	0.0001002338437002	1.4667746917536029e-08	0.4078838988833417	212
8	109248173	110484313	0.0002350864450641	1.1609602659017864e-08	0.0291228228244206	394	3.078175360296813e-05	2.244274388264639e-08	0.8372023621557906	393
8	110484314	111850846	0.0001942326602945	1.2978697861848544e-08	0.0882073745696804	334	0.0001472358624832	2.5424050537882163e-08	0.3557972821314946	333
8	111850847	113064319	-9.344301836726476e-05	8.471105103151398e-09	0.3099824104226004	279	7.648879718555283e-05	1.6585238454669352e-08	0.5525573694667402	276
8	113064320	116096494	-0.0001130344815227	2.8604617478256657e-08	0.5039210836848463	946	-5.691265932201449e-05	5.629939656208226e-08	0.8104391422808309	941
8	116096495	119685456	0.0003895269703768	4.4704074407107624e-08	0.0654290302839588	1234	0.0003991153850619	1.0419398215129177e-07	0.216290714095289	1228
8	119685457	121201699	-8.23977926298352e-06	1.975922420478653e-08	0.953256412506362	585	-0.0001308183186085	4.5845182556733994e-08	0.5412177426805133	584
8	121201700	124861458	-2.53782624605538e-05	5.2154193521752295e-08	0.9115161097411332	1372	-0.0002426589196853	1.321596588955126e-07	0.5044571914932935	1367
8	124861459	125683718	-5.831586497764335e-05	1.2057719006045368e-08	0.5953682612172225	352	7.243103950893971e-05	2.9170757527115712e-08	0.6715052823183518	350
8	125683719	126410916	-1.8738423239808195e-06	1.1774754570074611e-08	0.9862223359966066	279	-6.345884346175571e-05	3.2681282955314003e-08	0.7255668302621692	278
8	126410917	128659110	-0.0001156795156698	3.6922232903498174e-08	0.5471593818468787	928	2.1040046872360548e-05	9.583501428615247e-08	0.94581358600817	924
8	128659111	130381138	-9.956834154600608e-05	2.5637735986760306e-08	0.5340444606697942	702	-0.0001436936236344	6.282634241263446e-08	0.5664552879225504	702
8	130381139	131639624	-0.0001518692201728	2.1429883602884445e-08	0.2995343299215819	521	0.0001154860354704	4.1109647737497226e-08	0.5689600486362842	519
8	131639625	133351143	-8.944349087435165e-05	2.9026177149640842e-08	0.599587798818854	820	-0.0001677731756713	7.107368975658273e-08	0.5291428431232295	817
8	133351144	134570000	0.0001094426434694	2.6245206863856028e-08	0.4993223692162126	705	0.0002141716626325	6.189091363791328e-08	0.3892976491772286	703
8	134570001	136035604	1.3564264346002003e-05	3.116006997571083e-08	0.9387494673591724	788	-4.77782253601013e-06	8.26900948957883e-08	0.9867436687033724	786
8	136035605	137524150	6.717569225528046e-05	1.98881990502248e-08	0.6338342279842921	600	-0.0001120593437166	6.120478660407286e-08	0.6505809030765775	600
8	137524151	139254829	-4.488867278647569e-05	2.9522983539518162e-08	0.7938995627122738	848	0.0002603076336538	7.039967725787365e-08	0.3265564694807712	845
8	139254830	140725642	-1.819482190435536e-05	2.6425811026647776e-08	0.910881536894705	722	-3.884643146370391e-05	6.481535180399257e-08	0.8787254588155274	720
8	140725643	143044913	8.025577296673625e-05	3.397324159299069e-08	0.6632580217130373	860	0.0001896878405857	7.618866961839272e-08	0.4919455911572615	848
8	143044914	144236880	0.0001960990900703	1.6426401463533407e-08	0.1260054528307076	415	0.0001906031871001	3.0372091427888733e-08	0.2740925439940125	407
8	144236881	146303866	-3.541467330594518e-05	2.3412158753355992e-08	0.8169630207846028	377	-5.140823238339007e-05	3.0155299410828794e-08	0.7671992981477856	373
9	10023	1079706	-7.509227297089866e-05	2.1711540814148155e-08	0.6103148611069892	610	-4.2342728397351565e-05	5.8852526397791685e-08	0.8614406834504293	605
9	1079707	1916876	0.0001093735781097	2.0614348539698812e-08	0.4461933645711137	619	0.0001429718150239	5.4532912480881245e-08	0.5403795550378112	618
9	1916877	3190063	7.620867506463485e-05	3.0209383812558755e-08	0.6610503006062434	791	0.0009065987928386	8.62942532945721e-08	0.0020273176946556	788
9	3190064	4495327	0.0002242184628107	2.7153346486203932e-08	0.1736111837752645	697	-0.0001216317387986	7.799740634502322e-08	0.663185948520743	696
9	4495328	4884925	-6.142976905901439e-07	8.848497284250586e-09	0.9947894796516854	219	-9.925212830120924e-06	2.6750339971442245e-08	0.9516107657696627	219
9	4884926	6557588	0.0001509106675998	1.91244256556496e-08	0.2751612530377174	623	0.0001275757010919	4.49800448396516e-08	0.5474863633149196	621
9	6557589	7154922	-0.0001205691003164	1.509237656208267e-08	0.3263831054925402	353	-0.0001484756774604	3.4210038566020746e-08	0.4221211496703473	351
9	7154923	8456298	7.620267465916824e-05	3.46861128215502e-08	0.6824227798744037	960	-0.0001401013232345	9.580353149986807e-08	0.6508090806833913	956
9	8456299	9166402	-1.2714790267664326e-05	1.5187015750231677e-08	0.9178243636324164	398	-0.0002562832643797	4.4290795798565325e-08	0.2233132695259436	395
9	9166403	10879252	6.936762449078486e-05	3.3399109533448094e-08	0.7042662568195086	914	0.0002234063895049	9.480383686154297e-08	0.4680990214392585	911
9	10879253	12276488	-8.841718876814083e-05	1.7537942228499025e-08	0.5043584747745885	553	-1.4413367334234911e-05	4.695011688797731e-08	0.946964460143951	549
9	12276489	14836362	8.638740881203648e-05	4.737653954746229e-08	0.6914495067873183	1266	-0.0003698391189943	1.3172864011501886e-07	0.3082045731870689	1264
9	14836363	16659654	-2.942501527731628e-06	2.8391501728935445e-08	0.9860671326355132	824	-8.030002386198896e-05	7.13254700135047e-08	0.7636644284365312	822
9	16659655	18661050	0.0002236323287818	3.280137874700568e-08	0.216913503684027	1011	0.0003632551452067	8.056527973068797e-08	0.200619932269046	1009
9	18661051	20463533	-2.8764168971260176e-05	2.9596199316543346e-08	0.8672134155108735	832	6.822107318937758e-06	7.998616582652203e-08	0.9807553926849268	830
9	20463534	22206558	4.506560182718892e-05	2.2375919789787875e-08	0.7632092291910915	730	-9.960219325210732e-05	5.297991012252162e-08	0.665213619540859	727
9	22206559	24158517	5.9707840739730265e-05	2.285467716133188e-08	0.6928786462297478	615	2.7815938575755745e-05	6.514326353080339e-08	0.9132159334400224	614
9	24158518	25330809	5.107713269213142e-05	1.0980999151252745e-08	0.6259589458631946	324	0.0002697160589495	2.9696008452143642e-08	0.1175462209345566	323
9	25330810	26111756	-5.303088584595783e-05	1.2064331597274997e-08	0.6292298663892115	299	0.0002257824581158	3.561083165544101e-08	0.2315160730862585	297
9	26111757	28224282	-0.0003417713997501	4.3151778480383834e-08	0.099914777337745	1030	-0.000168586851444	1.0503243621940953e-07	0.6029311702663758	1021
9	28224283	28811583	4.665690750820375e-05	7.993970673776576e-09	0.6017839883391747	248	0.0001338811532941	2.484988415113263e-08	0.3957185838654568	246
9	28811584	30387391	-0.0002042974583724	1.9969735615726875e-08	0.1482626486567304	665	-0.0001947074305186	4.823247727776417e-08	0.3753107703445336	660
9	30387392	31310382	8.498695185491862e-06	8.221548694479776e-09	0.9253241839232592	307	0.0004050682423984	1.8324453945397525e-08	0.0027683689220955	304
9	31310383	32019367	8.632871119308696e-05	7.458736951143692e-09	0.3175081744086858	219	5.914238815583154e-05	1.5613338465933697e-08	0.6359879163587686	219
9	32019368	33578333	0.0002253345140518	2.0001228419218822e-08	0.1110914046595656	626	0.0003936892655908	4.742716420358891e-08	0.0706443660902161	624
9	33578334	34642242	-5.061893058382768e-05	8.988076589231505e-09	0.5933939971059732	339	-2.5376805637644015e-05	2.142442029707865e-08	0.8623579486831421	334
9	34642243	36743282	-0.0001247828220456	2.464156813932072e-08	0.4266630119409508	670	-1.9792021627151475e-05	5.1948228496607234e-08	0.9308010809954372	664
9	36743283	38641598	-3.5289926539309943e-05	2.5943705219316883e-08	0.8265751467684056	765	-0.0001151414436079	6.549928278135126e-08	0.6527844861958588	761
9	65472190	72512710	3.664864775356462e-05	2.1557467265669322e-08	0.8028902504797256	662	1.564519218186006e-05	5.499013827274212e-08	0.9468067574288136	661
9	72753755	74253039	8.351880635715474e-05	1.9609612018500226e-08	0.5508969025988684	669	7.341701656323131e-05	4.702621648101916e-08	0.7349464670311574	667
9	74253040	76203945	1.643686071355424e-05	1.8666631622175994e-08	0.9042410565312629	650	-0.0003833117026824	4.3693823229510215e-08	0.0666899037936367	644
9	76203946	76973080	-0.0001365220407121	5.845582482286161e-09	0.0741609173899845	206	-7.138553822432251e-05	1.3876035329732912e-08	0.544510198415926	204
9	76973081	78900182	-6.513098114542972e-05	4.2811475719476986e-08	0.7529284832261292	838	0.0003313702259445	1.0493261161408579e-07	0.3063272144900898	834
9	78900183	79471207	4.5240237279438374e-05	1.052360166590782e-08	0.6592099946440773	282	6.030850978356132e-05	2.9692264401328773e-08	0.7263454150822279	282
9	79471208	81079054	6.397729843653505e-05	1.8798762069580943e-08	0.6407733727155074	575	-0.0001983022932512	4.6467664708428686e-08	0.3576120734855683	573
9	81079055	82590927	-0.0001644705363624	2.1254081064761352e-08	0.2592564721378614	654	0.000185916214191	5.6937646180003504e-08	0.4358951239321132	652
9	82590928	84211232	-0.000120994761698	2.556485810179332e-08	0.4492075409438746	751	-8.115922295364796e-05	7.018831873996811e-08	0.7593448455065326	750
9	84211233	85440800	0.0001870025727657	9.36906593151394e-09	0.053363727341202	295	0.0001887761971155	2.1846417591258517e-08	0.2015335074022891	293
9	85440801	86938195	-0.0001845887128617	2.1971135711917556e-08	0.2130163328989175	692	-0.000183974951147	5.5434208185412824e-08	0.4345711164241906	688
9	86938196	88109332	2.7237927905671354e-05	1.6473950155866622e-08	0.8319396425576091	526	4.745547681471805e-05	4.4127936518017454e-08	0.8212738167579876	524
9	88590417	90136245	-7.411638810283772e-05	2.2195999278094812e-08	0.6188495774278926	661	0.0006918268842718	6.044000736046231e-08	0.0048918294759916	660
9	90136246	92528697	9.371454388693366e-05	3.098935657048252e-08	0.5944806731686483	949	0.0002948274962695	8.969916091182763e-08	0.3249164393336485	942
9	92528698	94167202	0.0001503593675209	2.3525307462784513e-08	0.32693378465771	703	0.0004902455202637	6.210248058981313e-08	0.0491546019037545	700
9	94167203	96671697	2.280772383455244e-05	2.6966188599178542e-08	0.8895367740013534	955	-1.7968501450560066e-05	5.3511033290249097e-08	0.9380853108091926	948
9	96671698	98922039	0.0001007477564265	2.3279357338718583e-08	0.5090529478557224	798	-3.735273000782475e-05	5.612129057640203e-08	0.8747141358880093	792
9	98922040	101592858	0.0001100897050799	2.829075995463364e-08	0.5127754099595653	950	-9.748521389434624e-05	6.740475025963446e-08	0.7072992184702267	944
9	101592859	104624436	0.0002556956357459	2.9515985411502016e-08	0.1366680097551798	1059	0.0004568325535118	7.15762254417919e-08	0.0877204434500323	1054
9	104624437	105967975	7.913373133145674e-05	2.158766850023102e-08	0.5901693711813752	675	0.0003270339819091	5.7396533953157184e-08	0.1722358642177882	673
9	105967976	107581748	0.0002404750808568	2.0240488181876673e-08	0.0909737035505994	725	-0.000105733416259	4.7110059239448523e-08	0.6261578120171039	724
9	107581749	109298753	-0.000265167116554	3.350820316311384e-08	0.1474534079726248	676	0.000138776456254	5.3764158675556495e-08	0.5495015682093731	671
9	109298754	110695061	-7.812340661184859e-05	1.9397458297188212e-08	0.5748451772889374	564	0.0003109197108542	5.199974765054199e-08	0.1727324055594564	562
9	110695062	112778023	-2.9113430178252683e-05	3.914207094299249e-08	0.8830106268087311	1207	0.0003595438015088	1.0409133489536401e-07	0.2651038673378986	1205
9	112778024	114831081	0.0001968982240073	3.600637562120638e-08	0.2994316904212994	1055	-9.578609298556127e-05	9.698454312138787e-08	0.7584056570848715	1048
9	114831082	115693144	-0.0001868330239078	9.257470712345988e-09	0.0521597071646458	357	-5.493042536482313e-05	2.0303225447619116e-08	0.6998630211072071	356
9	115693145	117019800	-3.568898504795294e-05	1.9756514946591592e-08	0.7995654399240653	589	0.0001343780176323	4.9417430688305355e-08	0.5455188145964909	586
9	117019801	117921959	-7.997754152679655e-05	1.6387350946637923e-08	0.5321281561134841	497	5.253877127460262e-05	4.3481382736914535e-08	0.8010734891680684	497
9	117921960	121321536	-0.0001032865591149	5.4993301055075315e-08	0.6596168726316575	1669	0.0005842197034221	1.4737606284339668e-07	0.128054682769105	1661
9	121321537	122260296	-3.944748067859367e-05	1.188829835232438e-08	0.7175071814591631	397	3.8249023013804986e-05	3.1206761165953616e-08	0.8285832222400675	396
9	122260297	124871321	0.0001658654788183	2.4882736848291804e-08	0.2930316140743807	847	0.0001091561388926	5.691575832647125e-08	0.6472808128072831	844
9	124871322	126971886	0.0002077542561447	2.2761882417689884e-08	0.1685005810128956	701	0.0001073690198935	5.253411525016397e-08	0.639466648724689	696
9	126971887	129059664	5.170872361010836e-05	1.7843981480269645e-08	0.6986856322363812	644	0.0001085961223335	3.5001117518082896e-08	0.561603493803255	642
9	129059665	130055509	4.0168186267619736e-05	1.2089792617115513e-08	0.7148729603039201	354	-4.449423833798549e-06	2.4465097641761215e-08	0.9773059612395902	354
9	130055510	132165469	0.0005512599879313	2.224956557604887e-08	0.0002192891748715	554	-0.0001382576576999	3.983494581715095e-08	0.4884859331846237	552
9	132165470	133223216	5.971827261412642e-05	1.3240230134292458e-08	0.6037673145358458	300	-6.164718593924817e-05	3.0111732747568984e-08	0.7223953876849833	290
9	133223217	134127887	-8.075507793910661e-05	1.0374348837107522e-08	0.4278669376563355	287	-7.345471306801181e-05	2.8878805166177072e-08	0.6655633000832645	285
9	134127888	135298841	-4.0596094702029946e-05	1.345323055305058e-08	0.7263369314961141	421	-5.4702106950899545e-05	3.2842710748472616e-08	0.7627699225911628	419
9	135298842	137041121	0.0001670427812058	2.5515967349688557e-08	0.2956833435683976	680	0.0003445837527221	7.14542684147209e-08	0.1973694116935754	668
9	137041122	137589363	2.728650948776799e-06	5.457104351346334e-09	0.9705348831037488	130	4.16433392511021e-05	1.6507460098063722e-08	0.7458474181729169	130
9	137589364	138938977	-5.556030136972221e-05	2.005881007883572e-08	0.6948407669694394	464	-0.0001805812313246	6.050359236277915e-08	0.4628601804156725	464
9	139500342	141144795	4.0809541885884826e-05	8.032647069167124e-09	0.6488672376512308	276	-0.0002029195566926	2.4528800864667922e-08	0.1950981031919184	273
10	60523	751338	5.356580691151475e-05	5.044253126411725e-09	0.4507263355852535	152	3.0618766835728247e-06	1.3385622269684837e-08	0.9788866191763904	146
10	751339	1523543	3.880504200515783e-05	1.1210598970316071e-08	0.7139921571945476	349	0.0001231104962056	3.1537663805545356e-08	0.4881622462210618	345
10	1523544	2254499	-0.0001702753167363	1.728784681820961e-08	0.1953084253986344	493	-8.562681988727526e-05	4.9666853711623435e-08	0.7008176759613021	491
10	2254500	3352698	-0.0001552322192717	2.3091828811252215e-08	0.307001647374687	692	-0.0005187167645313	6.390207112318668e-08	0.0401717468326981	686
10	3352699	4572273	0.0002763453073537	2.7659081388951712e-08	0.0965878337481067	641	-7.906048798955095e-05	7.021647686426815e-08	0.7654287426859632	638
10	4572274	5983761	0.000116891159098	2.381219036984563e-08	0.4487510396329565	769	-8.989965597377682e-05	6.319192190417665e-08	0.7206243507745669	766
10	5983762	7171483	6.816012102054174e-05	2.998461146059555e-08	0.6938589473595851	745	-0.0001520375116735	9.342376744124615e-08	0.6188938564117963	742
10	7171484	8774664	3.1990421709258134e-05	2.8209618067813143e-08	0.8489426430897485	849	0.0003928628467657	8.106282270939858e-08	0.1676345755387847	837
10	8774665	10249395	4.967427079194931e-05	1.7878673676063386e-08	0.7102619495142957	615	-0.0002952044468104	4.8820944816846976e-08	0.1815358531276201	612
10	10249396	12586796	-0.0001104420412103	3.8355417132936275e-08	0.572805421422666	1036	3.720878412711565e-05	1.0278057483468425e-07	0.9076034244262972	1030
10	12586797	13321599	0.0001232603023277	1.7765948655809223e-08	0.3550907715605863	445	0.0001848086230461	5.5245317487011117e-08	0.4317063667252243	440
10	13321600	15026067	0.000171234961675	3.3520600578103836e-08	0.3496496807014223	943	-5.65918815861169e-05	9.732129659354845e-08	0.856049387243769	936
10	15026068	16551766	0.0003007671882727	2.2390955304563925e-08	0.0444321259881492	600	0.0001783233991434	4.826864595239114e-08	0.4169850017169245	599
10	16551767	18537266	0.0003722879654448	2.7258336750586493e-08	0.024138943108545	846	0.0002801594992852	7.688854927167449e-08	0.3123246552421809	844
10	18537267	19716877	0.0005779593234496	4.5261498918948715e-08	0.0065947403647006	609	5.660801736571645e-05	4.4084064274988466e-08	0.7874597643367905	606
10	19716878	22772282	8.073634604846123e-05	3.3024052137230225e-08	0.6568422694318512	1090	0.0002163054692773	8.889471614097588e-08	0.4681534276880393	1084
10	23175132	25578595	-9.162101663106268e-05	2.2532434814885793e-08	0.5416187235281787	777	-7.444471939726346e-05	5.8101331259508947e-08	0.7574392843876055	775
10	25578596	26888683	-6.332714488581056e-05	1.5949789976740227e-08	0.616066816594498	581	5.5621126349465485e-05	3.981340873758321e-08	0.7804316527978089	574
10	26888684	29323235	0.0001661699651235	3.117022274000186e-08	0.3466016468318103	1078	-0.0001650039774177	8.03548564896043e-08	0.5605076767548486	1068
10	29323236	29783691	-2.047776325549215e-06	1.0674082583884024e-08	0.9841864686169088	300	-6.969523137416393e-05	3.1571944858679037e-08	0.6948805471752576	296
10	29783692	30458837	0.0002162564577244	1.3066381647951564e-08	0.0585082312602759	373	-0.0002293811416033	3.771153822300337e-08	0.2375263621514958	369
10	30458838	31907518	3.6739236387477655e-05	1.4744741739910045e-08	0.7622251864697394	524	1.824933318397812e-06	3.8262500388995926e-08	0.9925562104187448	520
10	31907519	33707967	0.000261022456648	1.9103182441204382e-08	0.0589541794790168	723	0.0001978482531939	4.6233371951833386e-08	0.3574990225203054	715
10	33707968	35109354	1.4624483730344612e-05	1.5141895909356563e-08	0.905396096671334	519	-0.0001127073832212	3.8186820307293884e-08	0.5641011593151875	517
10	35109355	36572507	0.0001289797708351	1.1336361746680513e-08	0.2257451486840482	450	3.7719011746234386e-05	2.4836491749935144e-08	0.8108419964076115	447
10	36572508	37790028	4.400142827094875e-05	1.1446837189911458e-08	0.680876654956873	385	9.795588099319213e-06	3.0199168581320834e-08	0.9550486077813996	382
10	37790029	42372578	1.0530121342910864e-05	5.288655189075029e-09	0.8848708388489679	252	-9.179215182876264e-07	9.871918834744844e-09	0.9926287923356364	251
10	42372579	43894770	-1.193475397493232e-05	1.1213209586571722e-08	0.9102633429689204	383	0.0001898185792974	2.941416894277351e-08	0.2683900219725506	380
10	43894771	44730074	2.6645084596243788e-05	9.409990832764002e-09	0.783564302060122	335	2.249293963799558e-05	2.47557338123143e-08	0.8863233900463386	334
10	44730075	48760449	9.894488718026726e-05	2.1799977354377524e-08	0.5027687495181687	777	-0.0001245518879957	5.56498745041671e-08	0.5975125855920447	756
10	48760450	50840914	0.0001055827107737	2.1395750470474298e-08	0.4704050137849723	732	3.760735819492457e-05	5.797444167443928e-08	0.8758828862817579	731
10	50840915	53616628	5.400994269795657e-05	2.3101953341547112e-08	0.7223316642095805	796	0.0003456753902767	6.25104653762563e-08	0.1667919019838611	795
10	53616629	55103571	0.0001448117989842	2.1774991715497226e-08	0.3264190345940057	746	0.0001068962701405	6.08441660756618e-08	0.6647501690840865	741
10	55103572	57031139	-8.077628720689762e-05	2.577376443710623e-08	0.6148608654091343	861	-2.846491165761491e-05	7.01040405416825e-08	0.9143864635339822	853
10	57031140	57662145	-5.466668946782912e-05	5.0521563345629285e-09	0.4418322950150202	216	-3.9859179112242506e-05	1.2580412197249164e-08	0.7223123270864595	215
10	57662146	58959527	5.847392709102386e-07	1.028591630302174e-08	0.995399781880859	455	-0.0001131976615169	2.390192577391424e-08	0.4640554722433107	452
10	58959528	60289986	-2.5697023792125494e-05	1.2813470504715134e-08	0.8204141570784046	500	9.74707709136919e-05	3.253851163338395e-08	0.5889553366230291	500
10	60289987	61891408	3.7482912123962295e-05	1.8388837126555528e-08	0.7822319839316478	644	0.000263735476498	5.218647458704053e-08	0.2482999919141348	644
10	61891409	62659678	-6.581376363252152e-05	1.0231144357028871e-08	0.5152654942252706	346	-2.538687566349632e-05	2.8428115881983888e-08	0.8803158123104129	345
10	62659679	63341694	-2.6908925449989436e-05	4.861685975127205e-09	0.699552220902316	181	-8.08634239538037e-05	1.2891719760838716e-08	0.4763462888495196	181
10	63341695	65794113	0.0004548174223336	4.6403236110817087e-08	0.0347411012910588	952	0.0004473596166543	1.1533500793631357e-07	0.1877467129748548	945
10	65794114	67549614	4.310811573335209e-05	1.6774346337557393e-08	0.7392546435441055	582	2.7919436165878996e-05	4.413281154877185e-08	0.8942722576470272	582
10	67549615	69900147	-0.0001218389936979	2.8374036497494384e-08	0.4694881487259218	1008	0.0004141340868237	7.262651024677282e-08	0.1243630647117404	1006
10	70195991	72220849	-9.25278836952824e-05	3.385122919834312e-08	0.615031510221044	942	0.0003871796258428	1.1202576534295997e-07	0.2473592456921424	939
10	72220850	73508511	6.512672853121716e-05	2.8190188865749632e-08	0.6980963237088207	735	1.3793350719632831e-05	8.657957925247678e-08	0.962611067151244	728
10	73508512	75422549	3.3987978998547945e-05	1.1655750636917231e-08	0.7529022319129107	526	1.1496161692009774e-05	1.6018463834090158e-08	0.927625492169133	521
10	75422550	78706813	0.0001084454092221	2.1505763525516358e-08	0.4596080282471207	916	0.0001079048219816	4.7404733682477234e-08	0.6201777002046769	913
10	78706814	80876748	-0.0003667157640512	3.4526391094045734e-08	0.0484299069864427	1054	0.0003601887150855	9.655586281441836e-08	0.2463938102854841	1053
10	80876749	82414678	2.3426880821252635e-05	1.7908233209659215e-08	0.861032116586552	549	-7.022229964731126e-05	4.98549680878251e-08	0.753141219344804	545
10	82414679	84383744	0.0002153728831754	2.3058596743810096e-08	0.1560970191665676	775	0.0003371517880487	6.172056898590885e-08	0.1747507725216186	772
10	84383745	85458702	-5.3248840198647095e-05	1.3330523289257341e-08	0.64465721264952	501	-4.256314789608349e-05	3.4012088117641285e-08	0.8174779069504694	498
10	85458703	87937576	0.000135017733736	3.305302489785463e-08	0.4576925488463479	1076	0.0003130163425317	8.92347106794785e-08	0.2947066267712118	1070
10	87937577	89127063	7.84371592627583e-05	9.253777691242849e-09	0.4148523891275077	318	-9.808903874415054e-05	2.5354587708089946e-08	0.537883763560435	318
10	89127064	91013380	-0.0001175682618713	2.3397139436226123e-08	0.4421220449816878	745	-0.0001611045322872	6.562744766951353e-08	0.5294302581017054	736
10	91013381	92006580	0.0004164143316073	1.1229604306640189e-08	8.510298716270011e-05	396	0.0001733785471163	2.8444228475148032e-08	0.3039440762137183	395
10	92006581	93335046	8.943997266809794e-05	1.2672612489065881e-08	0.4268994279646319	468	-1.9770583671557357e-05	3.3617722448697983e-08	0.9141313837102362	464
10	93335047	95396367	7.683826876734995e-06	2.033856127443607e-08	0.957031772476295	781	0.0001152787259171	4.66562307296414e-08	0.5935515410962813	773
10	95396368	96221242	-1.1835886126086956e-05	8.08874542359699e-09	0.8952996535826335	284	-5.387474848485892e-05	2.0967500764425135e-08	0.7098488532066892	283
10	96221243	97822356	1.6884550295344614e-05	1.6449066080917972e-08	0.8952616120749597	674	0.0001157739101267	3.8135199876615286e-08	0.5532789260304927	670
10	97822357	100241301	-1.027237077517214e-05	2.7432343153258324e-08	0.9505460551722734	955	-5.31721425449432e-05	7.055832899448255e-08	0.8413436538140812	950
10	100241302	100668399	5.167582280711528e-05	3.883977707790055e-09	0.4070023250601969	168	-8.071420308024704e-05	8.90460872580485e-09	0.3923588505950576	167
10	100668400	102949238	3.2532938725992534e-05	2.1986645255891843e-08	0.8263356418318796	853	4.349330354516199e-05	4.993287418287541e-08	0.8456758329676063	849
10	102949239	104380409	7.996270078866305e-05	1.8972212340270907e-08	0.5615538391909707	383	-9.964159311379844e-05	1.931175734883831e-08	0.4733632893233618	380
10	104380410	106695047	0.000456100209855	3.6599529859419714e-08	0.0171214470741994	851	3.768281453457079e-05	5.326871682823841e-08	0.8703056100308587	848
10	106695048	108726685	0.0002145672488152	3.150061791865216e-08	0.2266868075245967	744	8.070323105923068e-05	5.3873454131317187e-08	0.7280662055182652	742
10	108726686	110317704	-0.0001339267520106	2.0528810652360222e-08	0.3499282827354777	715	9.28180656371043e-05	5.4704605050596794e-08	0.6914819955528313	712
10	110317705	112561492	2.607001835753798e-05	1.9048227042280175e-08	0.8501772958737256	721	-5.6467894764085896e-05	4.465626550187043e-08	0.7893038347951189	719
10	112561493	115328431	7.17278735729771e-05	3.050099511190706e-08	0.6812881932700845	1038	0.000248235472832	7.933044913845162e-08	0.3781333780071654	1034
10	115328432	116421405	5.237404274886566e-05	1.6282623070465514e-08	0.6814802735234635	519	0.0003045947719719	4.5303928374793554e-08	0.1524161634455065	516
10	116421406	119523933	8.804407920488543e-05	2.7645543895732466e-08	0.5964403615408117	1033	0.0001075547572771	6.98208559442139e-08	0.6839786439303333	1031
10	119523934	120591352	-9.501946352515526e-05	1.4905370466077416e-08	0.4363983478906299	440	-4.112658580499048e-05	4.3172028122102155e-08	0.8430963348388774	434
10	120591353	122407322	-0.0001426283270566	2.4692818651015018e-08	0.3640609121812549	752	-0.0003190499414072	6.966420296907729e-08	0.2267403531215679	748
10	122407323	123231464	7.659772298993863e-05	1.3781528640748332e-08	0.5140916100403314	424	-4.43676727887821e-05	3.9315714587646664e-08	0.8229436114649544	420
10	123231465	123900544	0.0001703581011271	1.0638033567266412e-08	0.0985949907051586	297	-8.787085000216414e-05	3.0470784893619315e-08	0.6146913858922194	297
10	123900545	125869345	-5.5798436329770434e-05	3.12985908782129e-08	0.752459098708149	938	-0.0001231797727514	8.756921280832208e-08	0.6772204633009224	938
10	125869346	128001097	0.0002201951209002	3.147548155691127e-08	0.214553267221691	984	-1.554831481646377e-05	8.498188254874674e-08	0.9574642255728396	980
10	128001098	129154361	-0.0002223574890377	1.6711470913650058e-08	0.0854209411116306	512	-0.0001663697708507	4.765380750169812e-08	0.4459860239235472	509
10	129154362	130844283	4.620160740303437e-05	3.631492298732649e-08	0.8084348114596023	901	1.914721476840701e-05	1.0889494244822467e-07	0.9537301405142278	898
10	130844284	131741326	-3.204082515715606e-05	1.2687930189213492e-08	0.7760643599414327	400	-5.590865063997999e-05	3.564241441105912e-08	0.7671240107597779	398
10	131741327	132580244	6.510146465898388e-05	1.5199565254460504e-08	0.5974645237263843	438	-1.0365287018685664e-05	4.3342340257552326e-08	0.960291286235647	436
10	132580245	134336328	0.0003201580129952	3.010601794158262e-08	0.0650119895040145	799	0.000152729201472	9.09314037161862e-08	0.6125174076643339	794
10	134494673	135523864	1.5326959684147928e-06	6.659852072612246e-09	0.985015638083852	245	-8.237070761707945e-05	1.6664394905776402e-08	0.5234188408964303	241
11	70855	1213589	-5.092643771068683e-05	8.203130353341444e-09	0.573924507776397	260	-6.213706555054411e-05	2.1441428004722084e-08	0.6713108075224472	260
11	1213590	3665480	0.0002739536143588	2.6446715334813106e-08	0.0920699891897533	669	0.0006347249240863	7.011917289425643e-08	0.0165301413378525	633
11	3665481	4746708	1.7924927774681083e-05	1.5185003998761067e-08	0.884346009213155	460	-0.0002445927893142	3.8350860057224234e-08	0.2116717455557367	459
11	4746709	6322868	-0.000111819940106	3.5115086952650764e-08	0.5506926977152788	1122	-8.752394073329658e-05	8.983515950804372e-08	0.7702759103242979	1113
11	6322869	7436700	0.0001566356403549	1.85411692012107e-08	0.2500084347476237	577	0.0001244653424414	4.8934319337117855e-08	0.5736702912229175	572
11	7436701	8333273	-1.871824464516611e-05	1.820062160568547e-08	0.889650478737134	485	9.078568918900114e-07	5.1009209889799695e-08	0.9967927560950196	484
11	8333274	9087316	2.7624842856126637e-05	8.629488718962777e-09	0.7661787494813661	293	1.709489538388804e-05	1.931017790198973e-08	0.9020918017517748	288
11	9087317	10952026	7.746960768590401e-05	2.20151459702383e-08	0.6015865790173394	714	8.164188986289442e-05	5.6502613842358456e-08	0.7312508728951153	712
11	10952027	12564228	0.0002560753206489	4.022597799941023e-08	0.2016816432594047	1056	-0.0004664378819185	1.1396956836652369e-07	0.1670779022008558	1054
11	12564229	13373123	4.605115421564275e-05	1.4504129515383996e-08	0.7021798388678209	429	0.0001102028965962	3.824084053254744e-08	0.5730632135200397	427
11	13373124	15742551	8.589922098958485e-05	2.6747299820207275e-08	0.5994235407314761	864	8.748154262365269e-05	5.3710702877333355e-08	0.7058220469621804	862
11	15742552	17578401	-0.0001600326371254	1.8062394711683018e-08	0.2337514118192999	649	6.263077897180509e-06	4.2685577323600834e-08	0.9758164093624648	647
11	17578402	19569534	2.8557368933486915e-05	2.7356742643485228e-08	0.8629204796972146	829	9.155775196886172e-05	7.381797920836879e-08	0.7361261750823143	827
11	19569535	21017137	0.0002200538387043	2.998717433979805e-08	0.2038164996222562	777	-2.2042652997475137e-05	8.557875635951055e-08	0.9399365685645704	776
11	21017138	22374141	-4.696528862195771e-05	1.8793888088671925e-08	0.731910490065959	576	2.8706683519507203e-06	5.0842302252021686e-08	0.9898422213013982	574
11	22374142	24088516	-0.0001248610744868	2.134720354962939e-08	0.3927795106371137	676	-6.227821264837226e-05	5.7138888515511614e-08	0.7944491908941871	675
11	24088517	26045752	7.58691149881145e-05	2.459875600602533e-08	0.6285732117870735	786	-0.0001240313880061	6.19588232383847e-08	0.6182813920931514	775
11	26045753	27020460	-4.534377522417862e-05	1.1513586489889612e-08	0.6725992906328833	392	0.0001383908426387	2.8154214985305432e-08	0.4094991764715971	392
11	27020461	28481592	8.87387638621174e-05	1.5367655951743337e-08	0.4740966670840757	456	-0.0001503995841568	2.7731355974565506e-08	0.3664449701136615	453
11	28481593	30141356	0.000189708961993	2.3026814897888708e-08	0.2112355190183998	470	5.6929135189571285e-05	4.4121842647431267e-08	0.7863725662624099	469
11	30141357	32276900	-6.906508024008777e-05	1.9516633102664616e-08	0.6210417113050118	720	0.0001163437422036	4.19372852509664e-08	0.5699510069228795	718
11	32276901	33958738	0.0001729166900216	1.7013093460691543e-08	0.1849390737951138	584	-0.0002623825219969	4.0435062099225414e-08	0.1919487850839899	580
11	33958739	35502604	-4.4474012739762704e-05	2.4795619317381975e-08	0.7776098204518366	814	2.0801881656967515e-05	6.062533511933102e-08	0.9326714568927444	813
11	35502605	37116814	-0.0001463706522122	2.650559615885171e-08	0.3686245135041274	732	-3.4505297567150115e-05	7.285864644473435e-08	0.8982806107563256	729
11	37116815	39382002	-5.885021059486045e-05	1.3714762420922684e-08	0.6153013596283843	488	-7.353169000711171e-05	3.2187421133295485e-08	0.6819114735073917	487
11	39382003	42310002	0.0001168122306973	3.1801939045652964e-08	0.5124481222832797	1015	-0.0001031526185814	8.052219950906581e-08	0.716220143337944	1011
11	42310003	44693798	-2.9204737697866603e-05	3.462769315706565e-08	0.8752898903417334	1032	-0.0001524214874607	8.953271912214453e-08	0.6104748620033554	1025
11	44693799	47006136	0.0002799682712913	2.9833758846586855e-08	0.1050402028805573	762	7.2955635666771955e-06	5.9088245968047964e-08	0.9760567465994116	757
11	47006137	49866049	3.761641272425144e-06	1.4960093418052995e-08	0.9754652392519548	620	2.421632556555905e-05	2.7781563878325e-08	0.884483447457354	612
11	55082657	58457494	0.0001864870432001	3.4445056508962087e-08	0.3149869394882708	1340	7.585682329483994e-05	7.055455624505677e-08	0.7751976424759416	1330
11	58780549	62223770	9.783253666592268e-06	3.2401422760952055e-08	0.9566561421039822	1101	7.921607839995556e-05	7.607606745838432e-08	0.7739567175634932	1096
11	62223771	63804568	2.4909683850261044e-05	9.509998470683965e-09	0.7983882368649502	351	0.0001454146032498	2.03498523207733e-08	0.3080323070207897	350
11	63804569	65898630	0.0003492641675159	1.8237346373509724e-08	0.0097021993153496	644	0.0001887988434466	4.2743487421288606e-08	0.3611390776154242	637
11	65898631	68005824	0.0002884916112428	1.1675485596190426e-08	0.0075872843115672	435	0.0005164888632547	2.5496170319359413e-08	0.001218040304531	434
11	68005825	69516129	6.386277830895385e-05	1.7603300080407327e-08	0.6302758109153239	550	-0.0002322852297083	4.245310690526317e-08	0.2595856587221912	548
11	69516130	70926291	0.0003887115651549	2.0913822976704845e-08	0.0071906069931098	464	0.0001495439934017	5.4414908576522644e-08	0.5214728235687084	462
11	70926292	72286016	0.0001939967809717	1.0099994796991582e-08	0.0535646476887854	340	0.0001358251073161	2.3636146215729575e-08	0.3769824766399822	337
11	72286017	74412350	0.0001603716065411	1.9106175776496482e-08	0.2459589767229398	671	-4.0644559514222225e-05	4.545473768752983e-08	0.8488080573282598	666
11	74412351	76797208	-0.0001543567464347	2.4753619006503617e-08	0.3265512401022294	790	-2.286223713592829e-05	5.7036640920619776e-08	0.923736117410734	785
11	76797209	78355057	-3.053244005117354e-05	1.1773635423779407e-08	0.7784124987774403	497	0.0001663557408204	2.2513255260451305e-08	0.2675545571606409	494
11	78355058	80722372	0.0004266370827549	4.4624638446037096e-08	0.0434220547832812	1065	7.956334489086863e-05	1.0250428793144916e-07	0.8037406541378903	1064
11	80722373	81266711	8.172407139049173e-06	1.6137793043004242e-08	0.9487057712404352	296	-0.000150681334068	3.53843124456334e-08	0.4231086252215074	296
11	81266712	84381271	0.0002669606763858	3.9732510856623265e-08	0.1804766216134937	1320	0.0002415573282621	9.450454704408304e-08	0.4320039189093615	1304
11	84381272	86619300	-4.7759143122073534e-05	2.8110778159842212e-08	0.7757571198252439	907	5.180313759224412e-05	6.686469978804052e-08	0.8412183081739018	903
11	86619301	87430234	-7.400999766705906e-05	1.0812726981371072e-08	0.4766243742846365	363	-0.0001616270595566	2.6192821666495542e-08	0.3179535471949296	358
11	87430235	89208935	0.0001414787818573	2.236674937142093e-08	0.3441499863387509	670	-0.0002142249819329	7.987018725510107e-08	0.4484420408218545	668
11	89208936	90966489	7.89965406851513e-05	1.25933256920611e-08	0.4814679067391524	476	-3.168350305038504e-05	2.7300956354199863e-08	0.8479349635526542	475
11	90966490	92077143	2.5427989991816226e-05	1.1806490359746884e-08	0.8149700173850221	396	-1.6986783092977145e-05	2.9481390783382927e-08	0.9211921945228656	394
11	92077144	93276156	-0.0001054800885148	1.226900376411622e-08	0.3409536946344456	454	-0.000410506338818	2.8324610310150906e-08	0.0147219962375543	455
11	93276157	94242259	-2.3590170586402876e-05	9.43292263477436e-09	0.8080913445988465	335	0.0001478073937343	2.3073726720875765e-08	0.3305260808270586	335
11	94242260	95726040	0.0003463796732589	2.0526965815711152e-08	0.0156219090081567	590	0.000168988164811	5.6249933442462926e-08	0.4761446348963487	589
11	95726041	97057057	7.447764949047228e-05	1.8613068818675205e-08	0.5851313291216642	542	0.0002019516485116	4.979602023090168e-08	0.3654637245502188	540
11	97057058	98705064	0.0003125391080304	2.2688149385928522e-08	0.0379924108297295	669	0.0002298014112167	6.11930747470254e-08	0.3529047841544439	668
11	98705065	100417168	2.2255563599777623e-05	3.339428628269933e-08	0.9030673586086384	900	-0.0003624446844276	9.207601452228341e-08	0.2323014466152303	894
11	100417169	101331120	1.315609280784473e-05	1.3772807981174432e-08	0.910742056565853	447	-0.0001281463595791	3.4877156329385966e-08	0.4926019157386376	441
11	101331121	103959635	0.0001252557925043	3.8043087187079326e-08	0.5207532769797462	1190	-9.295907512165648e-05	9.67593927408655e-08	0.7650587166075237	1184
11	103959636	104873283	7.403533361714067e-05	8.461694582789464e-09	0.4209111468539542	324	-3.7245279594253227e-05	1.9440949770288677e-08	0.7893738834507287	322
11	104873284	106520893	2.8767088994209108e-05	1.4654610097527371e-08	0.8121648907885543	527	-3.1757927132749806e-05	3.3323249665418565e-08	0.8618877450024355	526
11	106520894	107844199	0.0001053814615607	1.7260776956139145e-08	0.4224892064527614	512	-0.0001027840864009	4.84001758352452e-08	0.640357119815695	509
11	107844200	108437036	2.7946597227684456e-06	3.8905355982804015e-09	0.9642629240851754	161	-9.26036981204567e-06	7.2493854989804285e-09	0.9133911557111294	160
11	108437037	109866115	4.669704691626679e-05	1.0827056543300872e-08	0.6535898306363759	385	6.907840733045614e-05	2.6394759302804357e-08	0.6706978729049311	384
11	109866116	111114396	0.000155563949397	1.5102055002745518e-08	0.2055577197089197	516	0.0001266479439449	3.7249023874818615e-08	0.5116911043675315	515
11	111114397	112459487	7.39253472921299e-05	1.1952985448582868e-08	0.4989334292065809	443	7.704628461728572e-05	2.5966208508780116e-08	0.6325565553075521	440
11	112459488	114257727	9.779679821655166e-05	3.30967352401569e-08	0.590876481001567	801	0.0002698732718301	6.727305643034495e-08	0.298110767990411	799
11	114257728	114830665	-1.4417497261749976e-05	7.569386529047196e-09	0.8683819271783224	248	0.000250711009278	2.1656998244650964e-08	0.0884509698510265	247
11	114830666	116383347	-8.081301665118528e-06	2.3142859144023052e-08	0.9576348591333156	652	0.000238567466847	6.528361547499896e-08	0.3504567111656848	649
11	116383348	117747109	2.8609467268612532e-05	2.4794445629528733e-08	0.8558255069810992	656	-8.625724328005701e-05	6.762450670076913e-08	0.7401169267061568	655
11	117747110	119215475	-6.135833502977202e-05	1.7274478418428558e-08	0.6406120213657651	589	-0.0002637903035874	4.2724601477221415e-08	0.2018837099833905	587
11	119215476	120766805	0.0002893414321872	2.843582484541255e-08	0.0861906627663064	661	0.0001338229106109	6.00247756074408e-08	0.5849167937318235	657
11	120766806	121175942	1.2814562649891963e-05	7.247319597390622e-09	0.8803486657517406	220	5.8510546637518454e-05	2.0036746498536022e-08	0.6793483808688487	221
11	121175943	122591909	-2.8831593876381153e-05	1.6462892448135458e-08	0.8222076293510283	470	7.062432723814848e-05	4.455701333602012e-08	0.7379440781624971	466
11	122591910	123500116	9.914360211382911e-05	2.1710855225678613e-08	0.5010348666737141	404	-0.000125018062899	4.5951588036861585e-08	0.5597541627784337	402
11	123500117	124495527	3.0731505389377294e-05	1.6856998024175382e-08	0.8128914551616095	520	7.431622036636454e-06	3.9806918077878195e-08	0.9702871724658872	511
11	124495528	126311319	0.0002751157440859	6.63627018655579e-08	0.2855402991555918	833	0.0005366734846098	7.806142367066793e-08	0.0547514837390395	830
11	126311320	127316678	0.0002640560629905	1.9756077939225647e-08	0.0602923573756941	569	-0.0002238226386233	5.1264199564126585e-08	0.3228852755544141	568
11	127316679	128188536	0.0001814089115789	1.0339756415684093e-08	0.0744179156959945	313	-0.0002749152514402	2.7472315110292677e-08	0.0971890729596871	310
11	128188537	130342574	7.466451985696194e-05	3.433642858442492e-08	0.6869948665198035	903	0.0004068035112344	9.49484982809078e-08	0.1867673243397255	898
11	130342575	131074611	0.0001640978657388	1.1750765253048638e-08	0.1300753730038554	338	0.000238645870881	2.9859228387036455e-08	0.1672584724026237	338
11	131074612	133000045	-0.0003001742566799	4.837638741575989e-08	0.1723280580660096	1071	-0.0002396172075343	1.036944223065031e-07	0.4568066511771631	1067
11	133000046	134205992	-0.0004244399796245	3.339896964924573e-08	0.0202077461965305	486	0.0001048379706176	5.0657481758517474e-08	0.6413607204401193	483
11	134205993	134946451	0.0003916081151822	2.8554511351705625e-08	0.0204780861576616	393	0.0002284753264483	4.4911674078585024e-08	0.2809884241924788	393
12	61107	1080330	-4.067709019927038e-05	1.1263471953245526e-08	0.7015137503990597	301	5.638659325271875e-05	2.769186588453701e-08	0.7347272841210472	300
12	1080331	2544785	-0.0006901750190185	3.5725218176939466e-08	0.0002607089497477	482	-0.0002158238319869	5.920099216146693e-08	0.3750664894850302	480
12	2544786	3677036	-0.0001128261219034	1.8581742001433892e-08	0.407847444551548	444	0.0003334758341347	5.222384280106251e-08	0.1444960778893989	442
12	3677037	4417678	-5.7033162634396104e-05	1.3670643836067273e-08	0.6256985333228827	322	-0.0001305223142347	3.7946001084675566e-08	0.5028312804212066	321
12	4417679	5321471	-0.0001200348153616	1.842916686414768e-08	0.3765840090570042	493	2.131576184937456e-05	4.9309368409567694e-08	0.923526733335754	492
12	5321472	6419752	9.938044842336428e-05	2.079341391517628e-08	0.4907046222322524	551	-0.0003039743102622	5.5916314736357257e-08	0.1986222369860508	547
12	6419753	8377535	-2.189148929942048e-06	5.250620293217235e-09	0.9758985039164592	166	-7.781754206401732e-06	1.2024438457159131e-08	0.943425494137315	165
12	9031395	10481533	2.0497437864341418e-05	8.702252437024037e-09	0.8260836519063073	240	-8.196317365000418e-05	2.1984696707466965e-08	0.5804086561684683	240
12	10481534	11754845	7.183431326045141e-05	1.3213275778980554e-08	0.5320214208363145	435	0.000112922166825	2.8345670111877225e-08	0.5024042507070032	422
12	11754846	12733527	6.457587403051274e-05	1.590123088390098e-08	0.6085809045303336	419	-1.957535985404711e-05	4.1548381288078375e-08	0.9234922201541852	418
12	12733528	15241483	0.0002154463943433	4.0989352679736526e-08	0.2872598089216258	1059	0.0004210457327796	1.0795902561336144e-07	0.2000375918418914	1047
12	15241484	16310459	-0.0001145112625359	9.56773992829856e-09	0.2417216573751205	262	5.7193944592036456e-08	1.9367689167803747e-08	0.9996720926161092	262
12	16310460	18087872	-5.680475293067588e-05	2.0423016593629613e-08	0.691007156030171	621	-9.713800567477668e-05	4.989223851198329e-08	0.6636471680168692	619
12	18087873	20863942	-4.912389358916051e-05	4.1629642961663783e-08	0.8097380805215607	1089	0.0001939008806574	1.1092526760923685e-07	0.5604388912059413	1083
12	20863943	23820633	4.517721476629166e-05	3.7780090142194955e-08	0.8162058060902269	1199	-2.875386915304999e-05	8.403785692918292e-08	0.920989061537222	1192
12	23820634	25371082	5.432832161761093e-05	2.816750740509823e-08	0.7461598769816384	738	0.0002765066135087	7.543771056496753e-08	0.3140664769930581	731
12	25371083	27799772	-6.303299989660215e-05	4.175235427994467e-08	0.7577168569720211	1140	0.0001098200625475	1.0724577149538888e-07	0.7373649901650967	1135
12	27799773	29651254	6.788376074839665e-05	2.3406144126093544e-08	0.6572509791304157	767	-6.332115577148645e-05	4.830603149269276e-08	0.7732677070916286	765
12	29651255	30512405	-2.4672154803238266e-05	1.6773600851701833e-08	0.8489177043407263	521	-5.588118392847594e-05	3.764562280451026e-08	0.7733386837740512	518
12	30512406	32165591	1.4589086212218104e-05	2.5739301234762712e-08	0.9275444651413656	692	8.891042807072531e-05	6.379695295523918e-08	0.724832141757286	688
12	32165592	33076988	2.7188655952577043e-05	1.5573885348560762e-08	0.8275335999132555	447	1.49313797889133e-05	3.59859041717693e-08	0.937262740593834	444
12	33076989	37856716	-7.628009425066106e-06	1.2918641066518622e-08	0.9464922180528366	464	3.150343128821018e-05	2.7868079415895272e-08	0.8503169037448843	463
12	37856717	39227168	3.0431785836980273e-05	4.647093824475887e-09	0.6552990291969206	178	-1.1101316503068238e-05	8.953379823694538e-09	0.9066045660120992	177
12	39227169	40816184	7.693568050353287e-05	1.878557832751145e-08	0.574575006677585	569	-9.25323731814538e-05	4.116185795160879e-08	0.6483285339166118	564
12	40816185	41658585	-0.0001227769060863	1.2055795723807557e-08	0.2634824011950496	413	-0.0002204360882673	2.5676994853972417e-08	0.168927422557845	410
12	41658586	43984473	6.840532204322018e-05	3.2230731743899595e-08	0.7031838273934787	1033	-0.0004258600838162	7.11060700105526e-08	0.1102585916246247	1027
12	43984474	46024228	-2.524602148843631e-06	1.4949206787701413e-08	0.983526227094256	498	-0.0001172411686722	3.4826551617774855e-08	0.5298473773230155	496
12	46024229	47714792	-0.0001503454224626	1.6620936130819464e-08	0.2435450631184502	524	7.00287189156434e-05	3.604853035811282e-08	0.7122505416894078	524
12	47714793	49001865	-3.191875072856405e-05	1.922967884357203e-08	0.8179550800471502	593	-2.8072206161085116e-05	4.4962531311264216e-08	0.8946767917215086	591
12	49001866	51776493	0.0001550331610067	2.1239485475731583e-08	0.2874275020872378	768	0.0002764692010525	4.324453191217361e-08	0.1836903171349965	763
12	51776494	53039003	2.9571029489934263e-05	2.0569007050013123e-08	0.8366453980153726	666	0.0001720612342896	4.5185650160659776e-08	0.4182641336430212	663
12	53039004	54778822	3.97117617262224e-05	2.19545612617651e-08	0.788688878599282	647	-0.0001196079633208	5.284927065722321e-08	0.6028655410288145	640
12	54778823	55665836	-1.744434371700112e-05	8.955719596837646e-09	0.8537517942626267	287	3.920157311378457e-05	1.880835134267471e-08	0.7749980852184096	286
12	55665837	57548859	-7.955998558756247e-05	1.5363745487435187e-08	0.5209584909840964	510	-0.0004141000805124	3.450464544847676e-08	0.0257946283918666	507
12	57548860	59308665	0.0002804445242827	2.7091494208666437e-08	0.0884097543269049	579	0.000158639507384	3.6178349412743297e-08	0.4042583371572879	577
12	59308666	61123728	-6.399850968014895e-06	1.4782901823460641e-08	0.9580212437243012	527	1.5639848012153232e-05	3.1372474699748936e-08	0.9296386533085168	526
12	61123729	64032460	2.8476965551774256e-05	3.7200739830836185e-08	0.8826231601608868	1107	7.059349300395341e-05	8.911411817618284e-08	0.8130614932484574	1106
12	64032461	65559694	7.868394675176445e-05	1.3931268040531857e-08	0.5050026588475232	413	-3.660849624818393e-05	3.4719322425948145e-08	0.8442423029906361	408
12	65559695	67181143	0.0001604860338355	1.8702994401543324e-08	0.2405968963782059	588	0.000439099535181	4.3061964165151685e-08	0.0343446433077542	587
12	67181144	67909728	-3.489353315462754e-05	1.1693601913716009e-08	0.7469383062388134	340	-1.2566217052217396e-05	2.861292213511345e-08	0.9407805741210666	340
12	67909729	69826541	0.0001402638759414	3.002582726611232e-08	0.4182474382839353	805	0.0003203540607441	7.842129209435196e-08	0.252637606899976	802
12	69826542	70957986	5.595074387989413e-05	2.2110355050819368e-08	0.7067107613387296	587	0.000118451891217	4.8319353661719517e-08	0.5899787551856908	581
12	70957987	72645074	0.0003022033847484	2.7003054294135653e-08	0.0659082417318855	609	7.984655259111987e-05	4.7692277134459095e-08	0.7146472692123657	606
12	72645075	73818453	0.0001037433894928	1.1049149380513812e-08	0.3236661935920637	366	-9.306074106351382e-05	2.5115011846504386e-08	0.5570568932113682	365
12	73818454	76511313	0.0001465821386662	2.9562572040441334e-08	0.3939196959195569	890	2.4676823253085557e-06	6.772804460761716e-08	0.992434484323863	881
12	76511314	78570569	0.0001045629630945	2.897829109976562e-08	0.5390535658791062	867	-8.305060826521402e-05	6.679037280094209e-08	0.7479409197683149	863
12	78570570	80448149	6.437360902819589e-05	1.307960347525233e-08	0.5735212325620126	420	-8.193168789005789e-05	3.0203539842637864e-08	0.6373292298949291	420
12	80448150	81467766	0.000202480429686	1.0600575084643718e-08	0.0492281388645033	338	0.0001532859188973	2.527790038273908e-08	0.3349850204113157	336
12	81467767	83502665	-9.782345060321522e-05	2.2316353474226473e-08	0.512574500005543	661	7.809552388808179e-05	5.6422569405251664e-08	0.7423252304881351	660
12	83502666	84303843	-3.803811781911479e-05	8.094557249490334e-09	0.672450073248906	262	-2.303366096491822e-05	1.7756673754298404e-08	0.8627653363463835	258
12	84303844	85990425	3.154201729175739e-05	1.4162771345309896e-08	0.7909768045034415	499	-5.80099050650228e-05	2.9631333175437215e-08	0.7361188550285782	497
12	85990426	89682121	-0.0001021944962921	2.6245598763494518e-08	0.5281641035466349	870	-0.0002100544992623	5.8282835846735655e-08	0.3842539880166001	868
12	89682122	92066154	-0.000250808114148	2.297000957479244e-08	0.0979531039275398	714	7.7704053090725e-05	5.35558271189554e-08	0.7370452380027501	713
12	92066155	94514566	4.5460228400979995e-05	3.5983765364335136e-08	0.8106012244583034	943	-0.0003237585178782	1.1104719880204916e-07	0.3312719696030313	939
12	94514567	96020784	0.0001587841598819	2.8614533118611504e-08	0.347899195669936	765	0.0001356164371055	7.032593828428141e-08	0.6090760737372856	755
12	96020785	97108838	6.946230162864439e-05	1.6836577428095657e-08	0.5924211042743884	482	2.1144126455937172e-05	4.131984252027062e-08	0.9171546992756784	479
12	97108839	99305986	-0.000112890001346	3.732853485313159e-08	0.5590192887592644	1018	0.0001127023510358	9.556405009011249e-08	0.715429420320324	1014
12	99305987	101447640	0.0003487659346106	2.984369263553705e-08	0.0435010108519816	727	0.0003482096179407	6.334031302629179e-08	0.1664906248067172	724
12	101447641	101862689	8.886639293887352e-05	5.178063457521795e-09	0.2168443570198097	168	1.8406755916828735e-05	2.0793846449799897e-08	0.8984285150540474	167
12	101862690	102964985	4.008901630589205e-05	1.2510497498961161e-08	0.7200315745258199	389	9.653426825845346e-05	2.6747111456721505e-08	0.5550166146577946	387
12	102964986	104848695	0.0003411701747618	2.9344237874768992e-08	0.0464111751758351	881	-6.820527624007075e-05	7.100133561023845e-08	0.7979759844802559	876
12	104848696	106436212	4.112191863428587e-05	2.974188695274783e-08	0.8115355897690548	934	0.0002066228351005	6.943052126333038e-08	0.4329479083898567	931
12	106436213	106958747	5.042156300682074e-05	7.530779483571672e-09	0.5612222344661972	235	-0.0001352504423648	1.6386379797105775e-08	0.2907090881372648	233
12	106958748	109025900	0.0001922018342413	2.6518470613313585e-08	0.2378907683138946	844	6.102824536391595e-05	6.069314553276077e-08	0.8043510610868365	841
12	109025901	110336718	-5.632901005223676e-05	1.499078448523651e-08	0.6454690001329093	465	-8.785922187003515e-05	3.1730348274440844e-08	0.6218497223626693	463
12	110336719	113263517	-9.359680844745272e-05	1.9342889759573163e-08	0.5009617855506487	566	-0.0001510179465155	2.592596944668382e-08	0.3482907837388487	562
12	113263518	113986708	-8.25095840252857e-05	6.732828209990336e-09	0.3146299014941964	228	2.4711962525130967e-05	2.8206580824365612e-08	0.8830211803595167	227
12	113986709	115036601	-7.496076704673514e-05	2.111452168974892e-08	0.6059426151364948	564	-0.0001239341797015	5.569416651283212e-08	0.5994765057885015	563
12	115036602	115503215	-4.800475924777296e-06	7.129619000567323e-09	0.954662529068662	182	-0.0001193415608721	1.9731215450228533e-08	0.395547195818097	179
12	115503216	117087470	-8.701364257576166e-05	2.9782858388516643e-08	0.6141197637040787	771	-5.48984389920764e-05	7.696792426507656e-08	0.8431378092183188	769
12	117087471	118135374	0.0001131799077511	2.3370975181479618e-08	0.4590940217728703	460	0.0002276727645471	4.4219518623498835e-08	0.2789460992064854	458
12	118135375	119754109	0.0002113830329282	2.499871729277204e-08	0.1812428808356965	686	0.0003564579227757	5.8918334455298896e-08	0.1419601130721735	681
12	119754110	122007650	0.0002013012386876	3.6614342024797706e-08	0.2927938923529519	821	-0.0001432603456376	5.5857437435800594e-08	0.5444101644157984	813
12	122007651	124977979	-3.5611954714386323e-06	2.5863419667983314e-08	0.9823332196720892	892	-3.238204598272927e-05	4.974368078220777e-08	0.8845612250885558	888
12	124977980	126445504	0.0001291472952273	2.4855620621378912e-08	0.4126905365229127	592	0.0002914127624195	6.755314173966426e-08	0.2621997703162522	591
12	126445505	127875097	-1.1722674059294586e-06	2.4595148484072034e-08	0.99403599522129	687	-0.0002832380305476	6.476291074049059e-08	0.2657158901013231	687
12	127875098	129237296	-5.204691324711855e-06	2.7072622783753153e-08	0.9747653403015948	611	-0.0002252681019549	7.850325062877395e-08	0.4213971557259119	608
12	129237297	130377920	-0.0002317792795646	2.9719039320411354e-08	0.1787903391803135	674	-0.0001305617038858	8.684929934099786e-08	0.6577443941648939	671
12	130377921	131786750	0.0001172713315674	3.148709891964185e-08	0.5086864203226045	726	8.596811649947905e-05	8.970746551841589e-08	0.7740914611494227	718
12	131786751	132807033	3.970677103746567e-05	1.2191845351550995e-08	0.7191399878318641	358	-0.0001423604732554	2.9931412686114664e-08	0.4105877580252158	356
12	132807034	133841510	-1.049599887187292e-05	5.312046898741535e-09	0.885492527365582	175	8.29580254206347e-05	1.14527560135343e-08	0.4382324157149132	174
13	19020013	20686719	2.4482675610379213e-05	1.042442217418418e-08	0.8104922827847232	346	-6.353727231970995e-05	2.2941881288289553e-08	0.6748633971322598	343
13	20686720	22242173	8.44936851464684e-05	2.1890832028843123e-08	0.5679488316459463	607	-0.0002644938071942	5.6269168857236994e-08	0.2648444911966602	602
13	22242174	23594701	-0.0001342912199547	2.6295074080981295e-08	0.4075840296997298	584	-0.0001749237812214	7.767104328310098e-08	0.5302315854088357	580
13	23594702	24531936	-3.944297023845088e-06	2.1668804571553117e-08	0.9786233212183896	552	-0.0001640071175218	5.9363972789962513e-08	0.500862350959209	551
13	24531937	25784361	-7.833102197408883e-05	2.7964198092793043e-08	0.6394864445354899	698	-0.0002738396505207	7.647558399277923e-08	0.3220629922007831	694
13	25784362	27284361	2.888815287453876e-05	1.8725022899144615e-08	0.8328015171650157	584	9.933568750712315e-05	4.553448663103401e-08	0.6415616231713929	581
13	27284362	29257550	8.387471839138111e-05	3.4904668665923235e-08	0.6534741845586168	894	0.0001051709543511	9.722504730224781e-08	0.7358963842929984	888
13	29257551	30483266	-8.531127077758414e-05	1.8747820004312178e-08	0.5332440073301589	531	-0.0002611882247763	4.932099204781866e-08	0.2395620139962995	525
13	30483267	32301814	2.3855398107622137e-06	3.1562431947527454e-08	0.9892865721307956	780	0.0003577787523004	8.837500687033812e-08	0.2287789042385538	778
13	32301815	33776902	-0.0001423156755675	2.0946569022761764e-08	0.3254483904982264	645	-1.0528735716250634e-05	4.8225030592792494e-08	0.9617603709184108	639
13	33776903	35026463	-5.2483888266896485e-05	1.6586364096168118e-08	0.6836250899949143	487	-4.576325965504164e-06	4.2279052912222814e-08	0.9822434522188164	483
13	35026464	36046366	-1.545183191688192e-05	9.059323941523229e-09	0.8710361922488665	233	0.0001026832333087	2.5442213191282147e-08	0.5197328991319481	233
13	36046367	37498184	-6.439722519355506e-05	2.4319177100333764e-08	0.6796465587300635	667	-0.0001525698585897	6.407611734037741e-08	0.5466903140427446	664
13	37498185	38878162	-6.548219274115357e-05	2.9053064132015593e-08	0.7008499641266355	664	-0.0003200397703409	4.9061169458192424e-08	0.1484885831322828	662
13	38878163	41069262	-7.229559806442247e-05	3.2771744317352635e-08	0.6896296482871294	935	-0.0001564282712591	8.105941079726664e-08	0.5827093879691625	930
13	41069263	43101026	-0.0001448676864572	2.2390296627735256e-08	0.3329706294147743	700	2.701773735625346e-06	5.3924115036646577e-08	0.990717013356116	694
13	43101027	44901408	0.0006051568215463	3.4832814883222124e-08	0.001185056242748	860	-8.193786665548996e-06	7.606541560075355e-08	0.9762989705983176	857
13	44901409	46495213	-0.000149431670407	1.8458975630753982e-08	0.2713915303096644	539	0.0001012751980247	4.5166470852104286e-08	0.6336931078245496	537
13	46495214	47431078	4.275943997343502e-06	1.2196267179626993e-08	0.9691148221938268	374	-6.328685566301939e-05	3.0225126247444894e-08	0.7158404385441142	374
13	47431079	49383961	2.9774086332724715e-05	2.3231170071322063e-08	0.8451226588518688	687	0.0002368598533105	5.7327438141870126e-08	0.322536239214473	686
13	49383962	51591090	0.0001006675372666	2.7088858041009857e-08	0.540777629936372	836	7.990938660386497e-05	6.014161307932008e-08	0.7445420844550616	831
13	51591091	53339621	-2.8710492203666233e-06	1.6696366146150284e-08	0.9822730513899592	498	5.142359605402267e-06	3.3959280465198975e-08	0.9777378602636596	493
13	53339622	54682863	0.0002375405715907	3.07846401678053e-08	0.175784032091267	570	0.0002060164916776	5.032767075961894e-08	0.3584463476581697	568
13	54682864	55817130	-6.129232243441429e-05	1.2059069510744085e-08	0.5767434966106904	368	-0.000310078816984	3.1610809275376605e-08	0.0811536206985444	367
13	55817131	57554216	-1.4575886673793414e-05	1.2899906939882224e-08	0.8978846679774614	360	-0.0001130599485983	2.0884996978775155e-08	0.4340189767481401	360
13	57554217	58410625	-3.766013338131837e-05	7.536619117136796e-09	0.664430763763897	251	-1.2538894379712708e-05	1.7894603426970576e-08	0.9253202802617764	251
13	58410626	59302270	-6.188846430552103e-05	1.8737473710719657e-08	0.6511821845388754	260	-0.0001143177973731	4.714639009256568e-08	0.5985482203531082	259
13	59302271	60854777	-3.836230689880012e-06	1.9287906893426752e-08	0.9779632775687608	579	-0.0002169576394698	4.396247234010844e-08	0.3007873952119821	575
13	60854778	61591948	-4.7658278962435424e-05	1.03801431800685e-08	0.6399457503540966	321	0.000117392602443	2.512222831854737e-08	0.4589071061716315	320
13	61591949	63971558	0.0001677247397255	2.6401957761690553e-08	0.3019615082553251	785	0.0001383879640851	6.446142425521767e-08	0.5857087479175123	780
13	63971559	65200601	-1.4001451290959831e-05	1.0730738102919757e-08	0.8924828936220017	359	-8.997697413778788e-05	2.3865576791566345e-08	0.5602755620130481	358
13	65200602	67844452	0.0006723277688642	3.5316164168203594e-08	0.0003467362178855	910	0.0004111225967489	6.597757179797779e-08	0.1094734073347946	909
13	67844453	70724515	6.961070237192189e-05	3.660565498741959e-08	0.7159828203870134	1066	0.0001161344300813	9.227796639335809e-08	0.7022338357667575	1060
13	70724516	71526790	7.713520741089973e-05	1.4009842481863136e-08	0.5146060464696393	363	0.0001133363909837	3.7950716522900466e-08	0.5607143341330177	362
13	71526791	73934088	0.0002883378380076	3.2768940959825073e-08	0.1111975035261283	919	-2.5580756839688688e-05	8.376763714917513e-08	0.929571218195832	918
13	73934089	75670142	-2.293245430343424e-05	2.795045030388681e-08	0.8908971738081084	737	-0.0005452947572262	7.548711548959375e-08	0.0471778398805504	734
13	75670143	77410554	-2.8123134257562412e-05	3.1035848960033666e-08	0.8731675094109005	872	0.0002683526668945	8.05705852825896e-08	0.3444524153767982	868
13	77410555	78808812	1.0487663900415988e-05	1.606642464359921e-08	0.9340577295316692	476	-4.7946930893345045e-05	3.764481822950147e-08	0.8048152169757921	472
13	78808813	80585675	-0.0001260747703823	1.8926684422584175e-08	0.359450680037651	612	7.225560964469548e-05	4.3366175534077334e-08	0.7286114068454383	610
13	80585676	82581813	8.511410124834276e-05	2.5247464137427423e-08	0.592190638520474	714	0.0003113246759833	6.2837734603194e-08	0.2142558830027567	711
13	82581814	84133143	5.4949788246828925e-05	1.3337394364651309e-08	0.634212116763299	472	0.0001768344264334	2.7704927118789822e-08	0.2880538562014928	454
13	84133144	85610915	0.0001132977496489	1.7146539383920942e-08	0.3869109511197071	520	5.625154144714156e-07	4.268937997950969e-08	0.9978277288757976	504
13	85610916	88559881	4.264919503638502e-05	3.0688600759489514e-08	0.8076513795676153	920	0.0001537699028644	7.288172082479271e-08	0.5689561018081111	913
13	88559882	90521310	-7.842079405400802e-05	1.7142333601412334e-08	0.5492009898364314	581	-4.1486434630801905e-05	3.7989178930180766e-08	0.8314430052880154	580
13	90521311	93129690	-0.000128688079032	3.5190756412572724e-08	0.49271320661855	958	4.39695281530292e-05	7.935402718079418e-08	0.875964279356191	952
13	93129691	93586454	-9.98345783148808e-05	5.195400161174598e-09	0.1660312948326903	150	3.9170059500396674e-05	1.3749815782759721e-08	0.738345128467145	150
13	93586455	96087557	-0.0001496319916699	4.7817806370988555e-08	0.4938025661676994	1331	-0.0006726612570233	1.2352535763599666e-07	0.0556334344639583	1323
13	96087558	97519209	-2.2448441351295076e-05	1.2718351013926282e-08	0.842220546930322	399	-2.8562353929010986e-05	2.9662659198100952e-08	0.8682829668072626	398
13	97519210	98938918	3.939992890302193e-06	1.5875870518136682e-08	0.9750542851274736	444	-0.000314795178144	4.2163497359575e-08	0.1252605456083803	439
13	98938919	100574094	-0.0002656103700506	3.1314959477680965e-08	0.1333659245071435	855	0.0002627748674684	7.293159528444173e-08	0.3305386832046324	852
13	100574095	102300522	-2.984859446400129e-05	2.7576821524046796e-08	0.8573544005529262	806	5.794228797965725e-05	7.050916817581917e-08	0.8272662003750402	801
13	102300523	104066709	3.724694654130373e-05	3.3917444030007136e-08	0.8397247131899483	966	-0.0002824646654615	8.575635516662867e-08	0.3347633248772802	960
13	104066710	104844113	9.30294470422413e-05	1.2116588992438274e-08	0.3980309453949882	314	-0.0001988567455402	3.3593434360285545e-08	0.2779400381065843	313
13	104844114	106247553	-1.37112510370418e-07	2.4376395112342115e-08	0.9992992996286352	622	-3.014184534217315e-05	6.715553802633154e-08	0.9074043422457464	620
13	106247554	106749999	3.746565312653555e-05	9.891583943224609e-09	0.7063934895348782	249	-0.0001222355635761	2.7816420774281665e-08	0.4636171236535965	247
13	106750000	108189876	9.466071812596012e-05	2.472273567437609e-08	0.5471510320096286	619	0.0001520975897626	6.68821548389091e-08	0.5564506090431129	616
13	108189877	109121209	0.0001150242447723	1.776708412477941e-08	0.388169680123737	405	4.584951744444466e-05	5.3016287577979435e-08	0.8421634149266396	405
13	109121210	109815111	-8.45436787606549e-05	1.4024389650762622e-08	0.4752872133502853	358	-6.706964736730873e-05	3.9069930503240686e-08	0.7343714758859513	355
13	109815112	111232072	0.0001387529525825	3.3150531128955515e-08	0.4460160038890369	766	7.61630818035479e-05	9.489834744184017e-08	0.8047240549115104	761
13	111232073	112247591	5.507926103958438e-05	1.9809579591407402e-08	0.6955484433276844	513	-3.4818668750193824e-05	5.511267518705518e-08	0.8820938168274515	510
13	112247592	113572487	-0.000109461510468	1.6976731025316866e-08	0.4008486131988029	448	-0.0001471538095452	4.254794014047349e-08	0.4755991522173063	431
13	113572488	115109852	4.176025175487004e-05	1.4298021818735476e-08	0.7269084440296127	434	8.685780466426735e-06	3.12302874099306e-08	0.960799997583104	431
14	19002084	21589401	-2.0988677331829973e-05	2.686984242010526e-08	0.8981157208917679	560	-7.795668333405508e-05	7.56840981780557e-08	0.7768946414568206	555
14	21589402	23018664	-7.18411343410601e-05	2.59544755682925e-08	0.6556475429049891	693	3.19111556954232e-05	6.677553295188805e-08	0.9017186285277242	652
14	23018665	24905122	3.35472519235745e-06	3.0702971290857477e-08	0.9847250331245184	703	-3.672704844771883e-05	8.40597924983137e-08	0.8991974123256751	695
14	24905123	26135685	0.0001449010850586	2.084204073344188e-08	0.3155259188865921	613	9.093431476425584e-07	4.9481488673832565e-08	0.9967382905503264	609
14	26135686	28466532	-1.880998182171056e-06	2.732905026293784e-08	0.9909216526227904	752	0.0001850089782384	6.762865395019656e-08	0.4768226262096116	750
14	28466533	29972144	3.3276642844749417e-07	1.5102105674181024e-08	0.9978394700858106	399	0.0002890992699698	3.7041811930234205e-08	0.1330694650302839	395
14	29972145	32383264	0.0001662643654123	3.876770039540003e-08	0.3984286159159937	632	-0.0003443738884336	5.3222782653802236e-08	0.1355077288663858	626
14	32383265	34846250	0.0001343522949608	5.6492663231432996e-08	0.5718962139695394	1100	0.0002091139971665	1.3792921434304845e-07	0.5733937664082539	1095
14	34846251	35859592	0.0001352836100343	1.0979215403210552e-08	0.1966693649325522	324	0.0002292902822446	2.6630595362707064e-08	0.1600031094653521	319
14	35859593	38667724	-0.0001502304424109	3.0253837983142875e-08	0.3877474812098814	931	0.0002633217785049	6.289658884094942e-08	0.2937359709162899	925
14	38667725	40341989	-3.797818428994405e-05	2.0486804275468542e-08	0.7907502055044205	622	-0.0001617836449897	4.9455669290710654e-08	0.4669263046362565	621
14	40341990	41615501	-2.840303674859379e-05	1.3473849157044718e-08	0.806695287368524	429	-6.579261205889546e-05	2.9462367018083545e-08	0.7014944000711528	429
14	41615502	43137388	9.822386712375694e-05	1.6119858742062608e-08	0.4391463488445356	512	-0.0001466572269568	3.65827394785784e-08	0.4432180197762779	509
14	43137389	44543226	0.0001596808516137	1.579020014628188e-08	0.203818742506885	410	-0.0003465892057572	4.2066875783369665e-08	0.0910590773288357	410
14	44543227	46081895	2.0193374808669068e-05	1.3774063839734231e-08	0.8633910000983673	426	2.1873131188800375e-05	3.0408709098290465e-08	0.9001807284630647	425
14	46081896	46749129	-5.212625919657161e-06	6.157516737679714e-09	0.9470367642719276	210	-2.1812822225739145e-05	1.2497966615091156e-08	0.8453023848269023	208
14	46749130	48573585	8.168137170022178e-05	2.4386140732032375e-08	0.6009325211098068	696	0.0001252642801708	5.838107038377859e-08	0.6041573756981298	695
14	49005471	50507759	-4.515977497729381e-05	1.78279217033125e-08	0.7351961581978085	518	5.3797481711034255e-05	4.3201477159673076e-08	0.7957673129422462	516
14	50507760	51493571	1.7272304119004868e-05	1.3582953371798437e-08	0.8821835940413314	395	-0.0002598183429057	3.2024870162535646e-08	0.1465392540642006	394
14	51493572	53474382	-7.486758674528272e-05	3.905262896771219e-08	0.7047983450925955	925	-0.0001139155477312	9.234671073837448e-08	0.7077625433188071	925
14	53474383	53997830	-5.875460752406509e-05	6.205298765532232e-09	0.4557486033740988	198	4.398785818936801e-05	1.3146785966491881e-08	0.7012458533698898	198
14	53997831	55233680	-0.0001244738976157	1.7767200966374262e-08	0.3503905274277622	428	7.071552459339165e-05	4.933216084112e-08	0.7501945278626883	426
14	55233681	56216879	-0.0001216724974561	1.0388104637692874e-08	0.2325640735808973	328	-0.0001404389754296	2.0206587558470452e-08	0.3231702303441932	326
14	56216880	57481261	-0.000190988507975	2.9791993781614052e-08	0.268503514274664	698	-0.0002678717290872	5.841757626961962e-08	0.2677347206465682	696
14	57481262	59448335	1.7592059739471715e-05	2.7542233513528985e-08	0.9155801739947848	769	0.0003517009965479	7.022117285052147e-08	0.1844393120746239	765
14	59448336	61680423	3.057382841576971e-05	2.0760487340891664e-08	0.8319564679965464	693	0.0002191587031974	3.9391319364124864e-08	0.269494573990201	691
14	61680424	63790014	8.108591502007685e-05	3.2946837482298537e-08	0.655074893435741	874	0.0002126561195383	8.428780383701054e-08	0.4638759083137207	868
14	63790015	65220297	0.0002233434733265	1.3003167930108886e-08	0.0501581009319807	431	-3.78320445949069e-05	2.7621700660612888e-08	0.8199318142396327	430
14	65220298	66399554	3.907965513415545e-05	1.5365863483618076e-08	0.7525623978136458	434	0.0001819079614368	3.5212938353482287e-08	0.332348370538476	431
14	66399555	67992316	7.339910725292074e-06	1.612940500467821e-08	0.9539128393450012	483	7.96403288385134e-06	2.2419862712497497e-08	0.9575818327343266	484
14	67992317	71131956	-1.8708408230160275e-05	4.6477509720581344e-08	0.9308470576709168	1303	5.431675016036935e-05	1.0923726048469977e-07	0.8694619766168948	1294
14	71131957	72889614	0.0001919257890499	2.3967537772988855e-08	0.2150810715251682	740	8.688963284865244e-06	5.3353542909436964e-08	0.9699929033959418	738
14	72889615	76444766	-0.0002181983792473	4.7648481312158814e-08	0.3175032970027754	1252	-3.644049586821397e-05	8.987176236658361e-08	0.903251493532444	1245
14	76444767	77229471	-4.33749585597876e-05	1.3177242607602729e-08	0.705537260551514	335	-0.0002341805231835	3.4322992571187225e-08	0.2062184055883285	333
14	77229472	78561944	9.723247459165662e-05	2.517190895777896e-08	0.5399763923386189	669	8.431721458123521e-06	6.376841032900165e-08	0.973363765734482	666
14	78561945	80186578	0.0001214694422355	2.25430198187302e-08	0.4185017855979327	631	-2.0334123405268455e-05	5.592449658174722e-08	0.9314780709921718	629
14	80186579	81579713	3.214410920365066e-05	1.9076755802899233e-08	0.8159724183218834	580	0.0001949206818276	4.4610791163535e-08	0.3560778017950091	580
14	81579714	83138096	0.0001714638047662	1.9757956113428223e-08	0.2225270490843772	518	0.0001944209402901	4.7176096609404136e-08	0.3707220885257971	515
14	83138097	84241632	4.710038579561789e-05	1.6303997660829794e-08	0.7122220445426085	421	2.133463150417067e-05	4.281729317538471e-08	0.9178804252518687	419
14	84241633	85746318	0.0005121333111246	3.21146121564974e-08	0.0042659047980611	564	0.000102097653439	5.433585417733943e-08	0.6613874526306742	559
14	85746319	86647001	6.387888062775067e-05	1.1548335582412538e-08	0.552227403731488	346	-3.077232380822972e-05	2.876800125481256e-08	0.8560312702073223	345
14	86647002	87635340	8.844392712697951e-06	1.2456434138029801e-08	0.936837856737882	340	5.376830569470712e-05	3.232632569256241e-08	0.7648995982635007	340
14	87635341	89497642	-3.606779639605954e-05	2.1404324471512763e-08	0.8052723925533459	670	2.202297408674404e-05	4.695786309368539e-08	0.9190503885481242	668
14	89497643	91296859	0.0001376831208648	2.783961527482542e-08	0.4092689818484816	683	-0.0001240575791699	7.47488526003168e-08	0.6500054665635158	681
14	91296860	93132298	-0.0001308512397063	2.758479779193656e-08	0.4307850874511768	709	7.39127488214148e-05	6.864713357258335e-08	0.7778643110156025	705
14	93132299	94325284	-0.000146821780014	1.7894365779610715e-08	0.2723921863048126	423	0.0001795388343551	3.595208179439726e-08	0.3436983345678238	420
14	94325285	95750866	-2.723097479226119e-05	3.533955144767698e-08	0.8848255720177541	879	0.0001587790009633	9.264183771045196e-08	0.6019054508542199	878
14	95750867	96262414	-5.244819852857475e-05	1.484802303018158e-08	0.6668873984686182	366	-8.755104492728107e-05	3.9063492947777546e-08	0.6577863408240952	364
14	96262415	98341161	0.0003353093137206	3.1312146873386766e-08	0.0581039755512901	793	0.0005982049230884	8.312502916498522e-08	0.0380016027490549	788
14	98341162	99138531	0.000138447826063	1.4653573313400254e-08	0.2527456164342238	403	-0.0001686936571453	3.7332263586063665e-08	0.3826166781465671	401
14	99138532	101534306	-0.0001096844580393	3.963055277356516e-08	0.5816524343040538	877	0.0004297679081632	9.090570626787292e-08	0.1540400384155187	872
14	101534307	103012101	-4.898376295461766e-07	1.522337345029803e-08	0.9968323614859904	416	0.0001279208364471	3.566679926414515e-08	0.4981877857203501	413
14	103012102	105001722	0.0007518111197313	2.20634755680812e-08	4.161604887955475e-07	535	0.0002808587874005	3.7169430191487314e-08	0.145176104774243	533
14	105001723	106340357	-9.431782491402362e-07	5.8065983411144206e-09	0.9901244371694964	162	5.966872669027176e-05	1.502894390477837e-08	0.6264541120723072	161
15	21131604	24195126	5.50268768047051e-05	1.3033089622136268e-08	0.6298026862485531	266	0.0001985092774482	4.612270160774006e-08	0.3553185259171406	266
15	24195127	25108589	1.805918703809667e-05	1.1998423952850907e-08	0.8690479622213945	257	0.0002857542613948	3.0877543002035616e-08	0.1039091934913071	256
15	25108590	27298111	0.0004000191625579	3.9330980880560626e-08	0.0436918738657767	814	4.106256280257032e-05	9.800836554224741e-08	0.8956456154534234	810
15	27298112	29338501	6.090616298419011e-05	1.9742503889884335e-08	0.6646725742829414	482	0.0001121948676818	4.497256459115561e-08	0.5967686991946142	480
15	29338502	30165567	-3.932804696407753e-05	1.1451450496634706e-08	0.7132367602681813	280	-0.0001142473155245	2.596637952706103e-08	0.4783304856447584	277
15	30165568	31591820	-4.26035421292873e-05	1.3101777468680421e-08	0.7097412469036362	302	-0.0001271816730984	2.9233047295330097e-08	0.4569650281998753	302
15	31591821	32441810	0.0001791384442621	1.1455552801838389e-08	0.094187181956936	277	9.97617108421502e-06	2.4576896189596055e-08	0.949260357926069	276
15	32441811	34015424	-9.940438699995876e-05	3.7161480052914564e-08	0.6060955410403869	683	8.64168322604183e-05	8.231330554738608e-08	0.763257572113094	679
15	34015425	35083250	9.984699585653669e-05	1.7577608723060905e-08	0.4513872627136912	417	0.0001982706970179	3.9735819618494847e-08	0.3199096864837962	414
15	35083251	37456501	-8.8299140598121e-05	4.023067626428056e-08	0.6597718730981521	938	5.217846732849607e-05	9.378858966886676e-08	0.8647120089395224	934
15	37456502	38530776	-5.3024459691568325e-05	1.6156749375506097e-08	0.6765637700912264	391	-3.703774362357955e-05	3.7355550290623274e-08	0.8480308480696822	387
15	38530777	40384131	-0.0001045047509688	3.3796286433093795e-08	0.569721208256021	815	-9.47632740284274e-05	7.572174289601006e-08	0.7305653965270444	812
15	40384132	41177513	0.000178670271703	1.606880473642576e-08	0.1586917551814034	244	-4.412707346664712e-05	1.7535667402825214e-08	0.7389607421236567	243
15	41177514	42776398	0.0001308744211203	1.8697505942662147e-08	0.3385105355843643	502	-9.384016299578872e-05	3.512521124599e-08	0.6165809011048724	494
15	42776399	44198048	0.0003075190939678	1.1039019987980452e-08	0.0034236679064838	347	0.0001131377112999	1.292676336006313e-08	0.3196923513794222	343
15	44198049	46618786	6.0200719989952e-05	1.8649050386123043e-08	0.6593344695955223	520	6.477013183427037e-05	3.3487549635320656e-08	0.7233817424339011	517
15	46618787	48136047	0.0001421633507265	2.7660982813454423e-08	0.3926735020348456	648	8.45071739476339e-05	5.271937739459487e-08	0.7128349284870534	646
15	48136048	50008042	6.0520648418670255e-05	1.6412842951898216e-08	0.636639925333212	474	-4.038882558826149e-05	2.8492239269402404e-08	0.8108920894697702	473
15	50008043	51677559	-2.066761833277069e-05	2.5207206858805863e-08	0.8964278586326377	689	-3.0687155735585695e-05	4.674638141758125e-08	0.8871331200623442	682
15	51677560	53069095	-4.074905704965008e-05	1.5999990905011123e-08	0.747339308405249	443	0.0001858522128242	2.3360477445415556e-08	0.2239920639789141	440
15	53069096	54508527	-1.4222928032277634e-05	2.8658588293369497e-08	0.933043769826192	719	4.521796541598979e-05	6.38372036359205e-08	0.857963247248356	715
15	54508528	55136268	5.032017169267181e-06	1.1876068076585488e-08	0.9631708640045412	291	3.439344416165058e-06	2.6134582594013146e-08	0.9830263522638908	291
15	55136269	56901772	7.372767696105737e-05	2.3399923068231273e-08	0.62982463351452	607	2.0983391283811035e-05	4.886075691890725e-08	0.9243717986332276	607
15	56901773	58441365	2.6306988108679885e-05	2.4493469852457744e-08	0.8665112295468685	640	-6.8715970648335625e-06	4.725184827500016e-08	0.974781687647886	636
15	58441366	59694115	5.322564206379383e-05	2.2901719678657788e-08	0.7250544572199378	541	3.5646921946994195e-05	5.27611602156558e-08	0.8766712123089415	535
15	59694116	61265835	0.000239324822935	2.8954663774581364e-08	0.1595865192527448	673	-0.0004298950066083	6.668670502533852e-08	0.0959674269040926	667
15	61265836	63215221	6.105315501311629e-05	4.713176250596209e-08	0.7785391489762098	979	0.0005890682213287	9.209472899542249e-08	0.0522459877575734	977
15	63215222	65104667	0.0001514365256825	2.0838789738539972e-08	0.2941571045128037	547	9.244711292102124e-05	3.945353740987535e-08	0.6416266194056424	545
15	65104668	67094766	6.917205789769797e-05	2.5974361496063854e-08	0.6677787309467633	686	2.615188431935142e-06	4.946320718755227e-08	0.9906180761498956	678
15	67094767	69017998	0.0004662514129072	2.8892136719611225e-08	0.00608753896901	743	4.4608839584659287e-05	5.2687360690673315e-08	0.8459077381300896	740
15	69017999	70133340	6.034457398573002e-06	1.1786617763862696e-08	0.9556738401438708	287	0.0001751062754511	2.650228016427224e-08	0.2820958856424205	286
15	70133341	71922648	-5.568900916074103e-05	2.9222729577912083e-08	0.7445995056691324	701	-6.8323121909611335e-06	6.277407951877455e-08	0.9782447657196708	701
15	71922649	73628713	7.95794860931045e-06	1.4238142476853816e-08	0.946826815002107	422	2.0395013981121376e-05	2.1429974912213776e-08	0.8891973597308672	422
15	73628714	76398623	0.0001765641865271	3.39422647994783e-08	0.3378773310483405	700	-0.0002434751132648	5.0432560537816004e-08	0.2782875696738205	698
15	76398624	78516052	-0.0001233770202487	2.2081006395656306e-08	0.4063802027570807	607	-1.4928980968380648e-05	3.9573287333686395e-08	0.94017789908254	604
15	78516053	80860977	0.0004930643359293	4.9325112576633874e-08	0.0264130171666273	1053	-0.0001670107360777	1.018971120429903e-07	0.6008386716495492	1051
15	80860978	84260467	2.312879428434143e-06	4.0904162631224615e-08	0.9908756941278328	995	0.0002715317299307	8.750274931939119e-08	0.3586553225579191	988
15	84260468	86652904	0.0006068396698461	4.034191502109489e-08	0.002516811100015	899	0.0002716246310223	6.69415009493116e-08	0.2937935590803632	896
15	86652905	88369942	0.0001629785541836	3.499870425807996e-08	0.3836596223699207	838	-8.810164024503192e-05	7.944438325153417e-08	0.7546045829925443	837
15	88369943	90475550	0.000368173015583	3.0917167517635395e-08	0.0362705353651713	757	0.0001658889437503	6.747888567486066e-08	0.5230788022943453	750
15	90475551	92164391	0.0001481501729756	2.9666914133859405e-08	0.3897153333886539	671	0.0001086449883023	6.967442214608695e-08	0.6806342687444911	670
15	92164392	93780901	4.606524218993109e-05	3.635192423794548e-08	0.8090846355812911	798	-5.147798827555448e-05	8.897463797173926e-08	0.86298220243532	793
15	93780902	94924329	-7.852512434593643e-05	2.8420523384324296e-08	0.6413639529430688	570	6.264278900884144e-05	7.35151644437969e-08	0.8172856104226579	567
15	94924330	96141595	1.2102499921035944e-05	2.4623555867123665e-08	0.938523465584558	524	-0.00027142532413	6.312002492324305e-08	0.279983796461792	522
15	96141596	98030909	3.006078708947795e-05	4.906328878806461e-08	0.892048029818872	675	-0.0003230655987832	8.098605773015255e-08	0.256277072512309	672
15	98030910	99244058	7.995017698646947e-05	2.462129770254667e-08	0.6103855437005626	506	2.770220391009919e-05	6.163429810080767e-08	0.9111530208314206	501
15	99244059	100636846	0.0001629139496461	2.3953561276913463e-08	0.2925133981225678	553	0.000207753504378	5.743760797131178e-08	0.3860173856864176	551
15	100636847	101552693	-6.264432433504122e-05	1.8075600748650776e-08	0.6412543291127326	414	0.0002245410946708	4.430562708530649e-08	0.2860805926947546	411
15	101552694	102520965	8.430582726604431e-06	1.640012412885896e-08	0.9475119439450272	373	-0.0001468054919017	4.0037281560812266e-08	0.4631403601746549	370
16	60054	1207205	1.6187175561768742e-05	8.381728939722273e-09	0.8596584504228527	217	7.406157652083022e-05	1.8138906421038265e-08	0.5823847657905488	217
16	1207206	2764828	-0.0001035347252257	1.3957490899019094e-08	0.380834562749122	351	-4.646248115101445e-06	2.5072287356368284e-08	0.9765909837941602	350
16	2764829	4001195	0.0001055022904497	1.4931804600757712e-08	0.387924468897301	349	-0.0002216308167379	3.4161963685194845e-08	0.2304854888702655	349
16	4001196	5118344	-0.0002025343557302	1.6827383110380816e-08	0.1184495483187469	383	2.1252958667317475e-05	3.526341917018684e-08	0.9098904343710454	382
16	5118345	5891579	-0.0003026223392183	1.7243081326041332e-08	0.0211895844484989	383	0.0002249929331005	3.866726577447615e-08	0.2525459440950848	382
16	5891580	6893550	0.0004508813683222	3.4026771046947735e-08	0.0145139384879746	678	-4.304030206789944e-05	8.24736918299398e-08	0.8808663952511866	668
16	6893551	7529120	0.0001263811841167	2.4958561522849028e-08	0.4237293060773602	545	-6.630882279652527e-05	5.83686729723038e-08	0.7837299984536735	544
16	7529121	8338518	-4.726520685727433e-05	2.4821296951086573e-08	0.7641729018376251	547	-0.0001257774271476	6.129208877885302e-08	0.6114231681741229	544
16	8338519	9799418	-8.670808001266212e-05	3.4727185438753174e-08	0.6417229835354611	725	0.000188449441019	8.681493334216467e-08	0.5224430443501011	720
16	9799419	10426031	0.0003379591977387	1.5491918171709686e-08	0.0066223442189495	396	6.85984322614197e-05	3.341702141077072e-08	0.7074683658096717	396
16	10426032	11520160	-2.4581684560851223e-05	2.1495089428414495e-08	0.8668469537992363	485	-5.562931923314213e-05	4.6627880190398614e-08	0.7966995823163119	482
16	11520161	12613097	1.415656125860765e-05	1.745433405309475e-08	0.9146672496694096	406	8.691196376248371e-05	3.8817585200341285e-08	0.6591198335396442	404
16	12613098	13154436	0.0001350678188662	1.2627083137285804e-08	0.2293679255460953	322	0.0002775832141224	2.62099955264532e-08	0.0864208288870986	319
16	13154437	14464001	0.0006012719388996	5.2206741122128114e-08	0.0085002395382514	559	5.6209501740318946e-05	5.1938369262555015e-08	0.8051859356908755	556
16	14464002	16154059	-5.735359819563755e-06	1.2914046144251884e-08	0.9597482075637228	332	5.236729738432087e-05	2.5953010878044042e-08	0.7451341007741157	330
16	16154060	17644748	-5.203452706875892e-07	1.7445569406215926e-08	0.9968566844911396	382	4.473251195558504e-05	4.2198644102805956e-08	0.8276177019491876	380
16	17644749	18643606	-0.0001426707918832	7.3603754882662395e-09	0.0963179257331058	178	-0.0002254809660642	1.7176892975738837e-08	0.0853538938930797	178
16	18643607	20150570	0.0001815239450957	1.9319432268351113e-08	0.1915591386060939	446	0.0001078585208841	3.83557718985115e-08	0.581818461206367	439
16	20150571	22448903	0.0001212246604071	1.9507844274835224e-08	0.3854308644726837	485	-8.538471655063216e-05	4.038434052538613e-08	0.6709189092686342	481
16	22448904	24136874	-7.485985974816411e-05	4.443116308321043e-08	0.7224812946767885	533	-0.0002947902018917	4.110523299781402e-08	0.1459462311218878	528
16	24136875	25986861	0.0002671040871021	4.1090125276051144e-08	0.1876089161059249	765	0.0007011004353936	7.405332103312794e-08	0.0099844198936437	762
16	25986862	27445754	0.0002360254010362	3.2616033630879926e-08	0.1912458449701638	659	0.0002836506205951	8.400405280315176e-08	0.327746019415398	656
16	27445755	29036612	0.0001390013346049	1.570424702044517e-08	0.2673433064885347	406	3.717593422169012e-05	2.0954742337928544e-08	0.7973214338104054	405
16	29036613	31382942	0.0003623730411036	2.195480246394156e-08	0.0144598494268066	369	0.0003289135358348	2.383576758486885e-08	0.0331361671253611	368
16	46399473	49007925	-3.2598596236423456e-05	1.1886813212809437e-08	0.7649426766214684	331	0.0001052634205039	2.0086400117527453e-08	0.4576498674375874	329
16	49007926	52035822	0.0001087098888076	6.32976306449948e-08	0.665675200347563	1115	-0.0002450939446347	1.3581677711050073e-07	0.5060169722352015	1107
16	52035823	53382571	1.5696536133669774e-05	1.901630685482307e-08	0.9093758809913296	487	0.0001068962450942	3.8439249373978083e-08	0.5855994356037558	485
16	53382572	55903773	-2.4026552714096592e-08	4.815570675707582e-08	0.9999126410021086	1143	-0.0002222906448123	1.1888445193589327e-07	0.5191206681653642	1142
16	55903774	57664329	-0.0001845474429611	2.99862779851676e-08	0.2865462009081622	682	-0.0004384544214988	6.375101508207834e-08	0.0824711454831815	678
16	57664330	59045404	-8.545411942908825e-05	2.2740918273486033e-08	0.5709394855172967	526	8.15914735860938e-05	5.048908878173543e-08	0.7165178427167567	525
16	59045405	60745693	0.0003284516271076	2.301822846539757e-08	0.0303962495224139	567	0.0001400757105266	4.9736132790916715e-08	0.5299402958632442	565
16	60745694	62229848	0.0001198143953168	1.5185984128192212e-08	0.3309155273678877	396	-0.0002813406730759	3.1549965903338265e-08	0.1132120645903423	393
16	62229849	63691588	-0.0001186398415223	1.9859473387581443e-08	0.3998589228450715	473	-0.0001965625655692	4.562482633032364e-08	0.3574483596952242	469
16	63691589	65938565	0.0004240589981197	4.4688055993723473e-08	0.0448564337849868	903	-9.838313872596852e-05	7.224485780409806e-08	0.7143423618150249	900
16	65938566	68841362	-0.0001645125025359	2.8735453823499465e-08	0.3318036276235814	793	-0.00028374464735	4.864788927633207e-08	0.1982832009509988	786
16	68841363	71054027	7.114073409393631e-05	1.6435054933972133e-08	0.5789472970494095	460	7.0608767983578e-05	2.8358250918508832e-08	0.6750010936867576	460
16	71054028	72935149	8.859236415681848e-05	2.0971776885368072e-08	0.540698795367782	536	-0.0002900434629136	3.26526518109278e-08	0.1084703694450921	533
16	72935150	74971502	0.0001739426690764	3.5795795715112796e-08	0.3579023064582779	772	-0.0001192234741768	8.101234424844105e-08	0.675306267490557	769
16	74971503	75977953	-5.0113659841034066e-05	1.0253997253278334e-08	0.6206770909184565	272	-5.883369449195387e-05	2.076112689035035e-08	0.6830387531405874	272
16	75977954	77523677	0.0001492383097349	3.1685360375378464e-08	0.4018063859107301	800	0.0001174410562852	6.914063615462875e-08	0.6551382415679745	798
16	77523678	78456291	6.828754519645485e-05	3.100474453434877e-08	0.6981510808789617	670	-0.0001992910992326	7.322025083128189e-08	0.4614269366964874	667
16	78456292	79134814	4.234324903386172e-05	2.430897307066412e-08	0.7859434941262301	517	-0.0002534343605023	5.80470900362564e-08	0.2928445268630659	512
16	79134815	80297373	-8.119027120386106e-05	3.2489700161935546e-08	0.6523975519935741	772	-0.0003331825931397	6.935295821180988e-08	0.2058094299532717	771
16	80297374	81772535	0.0001282954201959	3.568126293058068e-08	0.497017718789457	808	-0.0003560964923286	8.291944485911681e-08	0.2162247681601385	806
16	81772536	82747727	3.194826008779513e-05	2.810907446792298e-08	0.8488730148142557	584	0.0002005280929583	6.780958266227959e-08	0.441258914079508	580
16	82747728	83477207	-9.71418553767046e-05	3.144838569831362e-08	0.5838420689037502	650	1.0193752296051016e-05	7.763942337937323e-08	0.9708165844578428	649
16	83477208	84445882	0.0001351072712737	3.4340556057886225e-08	0.4659528549145145	690	0.0002462807963419	8.804708433614143e-08	0.4065442216326732	689
16	84445883	85148684	-1.1853077444529578e-05	2.3469148488695643e-08	0.9383278085700358	457	-2.164595608351573e-05	6.129029581691244e-08	0.930326454034014	456
16	85148685	86156598	0.0002717786746288	2.6491137451990078e-08	0.094958471139628	399	-4.128583051482423e-06	5.7274695390676616e-08	0.9862362063829136	396
16	86156599	86815410	-9.438785959304006e-05	2.424082460719812e-08	0.5443573824120238	449	0.0003384380427309	6.593099442706925e-08	0.1874843951138372	444
16	86815411	87647348	-0.0002416284217982	1.8282119775939268e-08	0.0739307120736477	375	0.00014104769696	4.6248652314955034e-08	0.5119090433195544	373
16	87647349	89041164	-2.0591011302231547e-05	1.4343601673670985e-08	0.8634935242217774	298	-8.143654430677856e-05	3.0995558761463965e-08	0.6436786195582822	299
16	89041165	90292811	7.227941871686054e-06	1.5320783640430192e-08	0.953434158189884	389	-4.933737577277164e-05	2.7556699102323353e-08	0.7663066939243502	388
17	56	1172398	-1.2953009317788914e-05	1.3160569258745268e-08	0.910101715866414	258	-5.4936627136804595e-05	3.635032132748759e-08	0.7732373843812157	253
17	1172399	1928730	9.788479435677103e-05	1.0014068717746736e-08	0.3279951408245007	231	5.88886442985323e-06	2.7288534707108508e-08	0.971562623186706	227
17	1928731	3702311	0.0001315916570073	2.8678236710476975e-08	0.4371259272148385	695	-0.0001258042924587	6.744195633275275e-08	0.6280812469037036	687
17	3702312	4696260	5.8506776371042825e-05	1.283069436054664e-08	0.6054963001515272	318	8.163312397512706e-05	2.6541441986326656e-08	0.61631718401198	317
17	4696261	5741333	0.0002596681715155	1.7656196298858154e-08	0.0506769647460887	445	0.00014840316523	4.1632312264465046e-08	0.4670275205419452	443
17	5741334	7317397	-0.0003644611639845	2.8399230030503753e-08	0.0305636115325671	636	-0.0003344540328184	7.391906205880509e-08	0.218640788540523	636
17	7317398	8306424	0.0001009896296284	1.6281381504661774e-08	0.4286732891419973	394	0.0001571699332937	3.400682188876227e-08	0.3940541865645692	392
17	8306425	9965920	-0.0001712257766765	2.753971681982705e-08	0.3021726252163731	612	-0.0001382318360452	7.567505446344773e-08	0.6153194006335356	610
17	9965921	11102814	9.05421667496345e-05	1.826668170051623e-08	0.5029106489184013	455	1.3745274214255596e-05	4.139943891665507e-08	0.9461400414734016	451
17	11102815	12534768	0.0002170398396164	2.3359415753232457e-08	0.1555885224877324	549	8.650748298485007e-06	6.045108546476259e-08	0.9719326062493516	548
17	12534769	13180371	-5.848403009969089e-06	1.377500022744386e-08	0.9602578052031102	295	-0.0002072327525429	3.94262844754734e-08	0.296635569595299	294
17	13180372	13894636	0.0002475122641914	1.6980187351977398e-08	0.0575067032388896	341	0.0002089439363929	4.977658896303934e-08	0.3490053539915407	340
17	13894637	15019096	1.923002864333891e-05	2.4815130179861695e-08	0.9028407519114342	583	-0.0004449233427835	6.67057882817153e-08	0.0849472563108093	580
17	15019097	16412341	8.24979344542458e-05	1.4850582785534869e-08	0.4984231065646259	396	0.0001740044479512	2.7997024671393536e-08	0.2983720862907251	394
17	16412342	18856319	-0.0005480175484665	2.246108906651743e-08	0.0002555692594998	658	-1.0253839882983772e-05	4.190724208275968e-08	0.9600514994914902	649
17	18856320	21290356	-1.9095889870414127e-05	1.2899818245861833e-08	0.8664801276969797	400	-0.0001530092407353	2.4600790249695664e-08	0.3292946423276193	397
17	21290357	27334243	0.0001345889891814	2.1397899858262664e-08	0.3575327642539502	634	-1.369198652785668e-05	4.290465746867142e-08	0.94729666173299	631
17	27334244	29786490	6.28308210797239e-05	2.010959819281371e-08	0.6577160678615291	666	-3.3405961606301013e-06	2.8409119720943988e-08	0.9841872749932008	658
17	29786491	31538424	0.0002664842486961	2.128759929061085e-08	0.0677822448581266	540	9.11344946511464e-05	4.9133688341408986e-08	0.6809675383871264	535
17	31538425	32912797	0.0002286066616156	3.0707264913401734e-08	0.1920383609330618	784	0.0004018067489289	8.035973914332179e-08	0.1563607299178613	782
17	32912798	34469035	-5.381293371021504e-05	1.9312121118657977e-08	0.6985841705263748	530	0.000459457096333	4.354906615162351e-08	0.0276874391906607	522
17	34469036	36809343	-6.482542195298667e-05	2.046439010524007e-08	0.6504377546505564	544	-0.0001345736674802	4.1280954640747625e-08	0.5077492052888862	505
17	36809344	38877403	4.090955952093084e-05	2.2138570059481085e-08	0.7833564539301708	547	-7.681788303428554e-05	3.6379360266282515e-08	0.6871326543371201	543
17	38877404	39899809	-5.1788903734008296e-05	1.5320748610044452e-08	0.6756511308342835	456	3.669709963183755e-05	3.3829877565806894e-08	0.8418577637702775	453
17	39899810	41772086	7.794820747487238e-06	1.5291959029688577e-08	0.949739464480256	497	-0.0001630479694522	2.664335491799462e-08	0.3178443325281338	495
17	41772087	43056904	7.419016309725764e-05	1.4524464855978661e-08	0.5381607553398238	429	-7.412291466532216e-06	3.0857335809058575e-08	0.9663422970283394	426
17	43056905	45876021	-0.0006164311674668	5.1311130426739524e-08	0.0065022790729855	478	-7.782722394830525e-05	3.644616866515595e-08	0.6835181390865168	477
17	45876022	47517399	-6.298973865966031e-05	2.1181082844981568e-08	0.665153937012089	615	3.0330812233673874e-06	4.482059675327893e-08	0.988569363131656	613
17	47517400	49898956	0.0003130975504625	2.9216924208759983e-08	0.0669910503356605	741	0.0001440484877975	7.10388005672762e-08	0.5888821245646303	733
17	49898957	50719054	-5.826988407323455e-05	9.81123245482884e-09	0.5563459243128417	311	5.428014740837265e-06	2.1046130912388964e-08	0.9701534852724576	311
17	50719055	51826117	-9.413264317428447e-05	2.030328711144056e-08	0.5088508116913371	380	0.0001134648579679	2.8571356315426046e-08	0.5020498155692393	380
17	51826118	53599431	-2.9370967396323376e-05	2.4508482330742263e-08	0.8511810121508039	630	0.0002538363313249	5.8871497753985506e-08	0.2954836877134184	629
17	53599432	55357540	0.0001332001638281	2.083253517695824e-08	0.3560825221445005	581	-8.764255031658006e-05	5.000813333212259e-08	0.6951191531041503	578
17	55357541	57487511	-4.443840277323388e-05	2.5348038534682075e-08	0.7801550505836446	680	0.0001421009017363	4.81136282758848e-08	0.5170932461166946	678
17	57487512	59312754	-2.0485799308224825e-06	8.359634889608148e-09	0.9821243030104496	287	0.0001750811669208	1.4754901327169072e-08	0.1494841176946352	284
17	59312755	61545588	-4.9919962162250183e-05	1.5828809860196307e-08	0.6915294690951167	470	-6.647136677999556e-05	3.1541260060083006e-08	0.7081969921717008	466
17	61545589	63148127	7.486245825990573e-05	1.1336900770323945e-08	0.4819936204867584	349	0.0002603895931377	1.980062989635505e-08	0.0642445671873768	347
17	63148128	64800429	6.273938132583965e-05	2.5244557881015413e-08	0.6929373498273558	682	-0.0001952106320894	5.7546607275277465e-08	0.4157853884105595	678
17	64800430	67858769	0.0001692480976053	3.839850004121629e-08	0.3877486198077643	966	-9.162085355154269e-05	9.276972402398929e-08	0.7635599469146075	961
17	67858770	69387816	0.0001219492691754	2.5747063420524163e-08	0.4472527456097662	665	0.0004549196754406	6.404044357845541e-08	0.0722309038985865	664
17	69387817	72672202	0.0001219430282587	5.6530097114496115e-08	0.6080341522948027	1286	0.0005919112425536	1.470152172377272e-07	0.1226502235702099	1282
17	72672203	74375559	6.430593157323107e-05	1.7897779923170874e-08	0.6307475669644838	500	0.0002494485455101	4.073904377272061e-08	0.2165039590664933	499
17	74375560	76263412	-0.0001842159984816	3.2341874452432854e-08	0.3056740217550439	671	-0.0004544635229872	8.411445475377679e-08	0.117119146985294	665
17	76263413	77298635	-1.473842677001434e-05	1.713456045196647e-08	0.9103525663031158	366	6.559188507498687e-06	4.3915323482997013e-08	0.975030420773238	364
17	77298636	78837587	0.0004205865384971	2.4800653288628138e-08	0.0075695064224593	541	0.0005757032469817	6.053722416488048e-08	0.0192916503653287	534
17	78837588	80034407	-3.6394799480380665e-05	9.475632193794767e-09	0.7084916755663604	224	-0.000110624522932	2.5324844552932596e-08	0.4869618149712235	221
17	80034408	81194907	6.666201831781954e-05	1.1774241675523032e-08	0.5389876919117507	357	4.501394567792292e-05	2.8152848059884963e-08	0.7884849330188284	351
18	10644	912485	4.956149939777689e-05	1.3323469687556453e-08	0.6676510541191625	352	0.0002083303160207	3.1742611703786335e-08	0.2422771501300824	351
18	912486	1942910	7.215411300085961e-06	1.3590399030171976e-08	0.9506476499677384	358	-0.0002246551360663	3.3173095193879776e-08	0.2174060086460236	356
18	1942911	3891657	0.0001399285602706	3.5213831534830125e-08	0.4558636176963689	761	-7.076307627688902e-05	9.754962229497872e-08	0.8207615690539429	757
18	3891658	5834179	0.0003342227569264	3.8854164442671036e-08	0.0899662285773778	717	-0.0002047086279616	7.815668149742769e-08	0.4640224615727715	714
18	5834180	7090484	0.0001629077291661	2.245788628768621e-08	0.2770061624635652	551	6.636767911599155e-05	5.9091369143829375e-08	0.7848377730503776	551
18	7090485	8498930	-5.0113065766246655e-05	2.095408607507556e-08	0.7291986763988063	536	-0.0001137927512133	5.1603323895700326e-08	0.6164214292587984	533
18	8498931	11075912	0.0004293436587559	5.412777849768397e-08	0.0649766338360034	1243	-0.0001468613586195	1.4470699502893984e-07	0.6994469843610827	1237
18	11075913	11905439	-8.618964902267901e-05	1.0230424535720351e-08	0.3941392981629112	245	-0.0002819187264158	2.6523932360606855e-08	0.0834461478102837	244
18	11905440	14440798	0.0002460568124073	2.9015165588229635e-08	0.1485934053259192	821	-0.0001970073781634	6.406666452479321e-08	0.4363716800896848	814
18	14440799	19485843	8.299957832193184e-05	5.040196631825284e-09	0.2423628173714965	184	-7.299595835889914e-05	8.210876583458719e-09	0.4204900074854316	182
18	19485844	20649471	-6.315808732095099e-05	9.666457405370371e-09	0.5206233257659927	321	-0.0001085774124297	1.9121732557797578e-08	0.4323410035968413	321
18	20649472	22996650	6.840989178162721e-05	3.096199948515758e-08	0.697438573423978	835	3.0159508585844843e-06	7.459759720028696e-08	0.9911896517123742	828
18	22996651	24026190	-0.0001777799381053	1.2122544725344772e-08	0.1063805045575504	359	0.000206814595837	2.7625333938008413e-08	0.2133867295524045	357
18	24026191	25927681	-0.0002310236917067	2.89250512568689e-08	0.1743449502160711	823	-0.0006650787563181	6.326730611573664e-08	0.0081900308624116	822
18	25927682	26875586	0.0002535878820466	8.891542009052091e-09	0.0071601105712237	277	8.103486226546085e-05	3.8188305519119586e-08	0.6783806394432528	276
18	26875587	27866477	-5.037136167175681e-05	9.649512282856173e-09	0.6081052780579899	311	-8.037657830013914e-05	2.1752293872501282e-08	0.5857703641588432	309
18	27866478	30264065	-7.568821967256909e-05	3.622848560781697e-08	0.6908867048055143	993	0.0001822328970367	8.68482525027428e-08	0.5363335091186721	988
18	30264066	31780066	-0.0001692857785479	1.2008807234312605e-08	0.1223961296670146	403	-0.0001581627445545	2.3264830118675274e-08	0.2997631284573698	396
18	31780067	33861963	0.0002214209527346	2.1181946714761136e-08	0.1281661945681151	678	7.599962344967189e-06	4.6671503047378715e-08	0.9719368745897128	675
18	33861964	35075249	-0.0001287174497196	1.55394829937146e-08	0.3018055734547306	477	0.0002266921129948	3.035875065912481e-08	0.1932408527450235	476
18	35075250	36365489	-0.0001713085520448	1.855534733038539e-08	0.2085343876591586	543	3.677646330918771e-05	4.3434825006840524e-08	0.8599310869999643	539
18	36365490	37684366	-7.329633012159226e-05	1.3703151734598938e-08	0.5312225993606741	400	7.483901099187052e-05	2.5844884276155826e-08	0.641557276441932	400
18	37684367	39892647	0.0001650383548308	2.6971334773706348e-08	0.3149329481423105	832	-0.0003081239954938	5.76136848441892e-08	0.1992478204845231	831
18	39892648	42922105	8.367542818170835e-05	3.5283418916977196e-08	0.6559844699898647	1056	0.0001177458791963	7.739977135899328e-08	0.6721278634114567	1053
18	42922106	44299245	-8.273616156019941e-05	2.4815577299872933e-08	0.5994370538261786	690	0.0002184622321855	6.02702057275186e-08	0.3735373842062817	684
18	44299246	45939731	-0.0002025484174549	2.0752854023797662e-08	0.1597196853201875	615	0.0001993041405056	4.277306169164535e-08	0.3352082692667265	611
18	45939732	47730583	-0.0002677602624677	2.8949153946670507e-08	0.1155515900691697	813	-0.0002561107052742	6.098020132569937e-08	0.2996751550043874	810
18	47730584	51062184	0.000243383688206	4.536893089126634e-08	0.2531850611404924	1313	-9.172514703518056e-05	1.0280874933907367e-07	0.7748239722376791	1303
18	51062185	51554174	-1.353420257851208e-05	5.900006805508983e-09	0.8601366575030758	195	-8.273788049770878e-05	1.1431722448791848e-08	0.4390281750584417	194
18	51554175	55213837	1.8069316250077e-05	8.852632071890934e-08	0.9515739908147663	1276	-0.0002377773714977	9.284768767115153e-08	0.4351896044523625	1272
18	55213838	56530219	-7.3868711213199e-05	2.419186773476953e-08	0.6348398151335353	625	0.0002136696038233	6.237266094653818e-08	0.3922465044555964	623
18	56530220	57630482	-6.66735342346497e-05	2.3064905298120255e-08	0.6606519275571533	599	-0.0002752161732445	6.913782814341921e-08	0.2952447894666671	596
18	57630483	59020750	6.800147148622472e-05	1.56938056242144e-08	0.5872551743368111	471	-5.361789238764269e-05	3.1467266376102843e-08	0.7624541058522736	468
18	59020751	60277714	0.0002043043853588	2.1401450560755563e-08	0.1625493272674346	571	4.140724777105425e-05	5.222207008621024e-08	0.8562134992893801	567
18	60277715	61820251	5.060893764423056e-07	1.9119929703046964e-08	0.9970797289225588	570	-2.108471114557156e-05	4.1103789431471904e-08	0.9171706055998208	567
18	61820252	63463401	-2.1944450524246007e-05	1.8313120113897915e-08	0.871179916067977	567	0.0001509779080287	4.0988476173901974e-08	0.4558295968277106	565
18	63463402	64252800	-2.5647765256868853e-05	9.709046014152332e-09	0.7946383442617928	291	0.0001925462274992	2.2687633087548356e-08	0.2011357521750566	287
18	64252801	66125816	-3.2823226183510514e-05	2.9877372912792525e-08	0.8493925989367349	841	9.41554233562237e-05	7.24868730429233e-08	0.726551750847428	836
18	66125817	67175819	0.0001010483735128	1.4423970923849417e-08	0.4001408106320451	356	-1.7110677036829937e-05	3.454577684502649e-08	0.9266505807098104	353
18	67175820	68621178	-0.0001404227917519	1.823615143729169e-08	0.2984092482496808	442	-1.062712203705896e-05	4.92292601886523e-08	0.9617987081875292	439
18	68621179	69621617	0.0002085954012953	1.7184053254287295e-08	0.1115504328687092	437	4.6444962725626186e-05	4.43246428169136e-08	0.825399752448488	436
18	69621618	71038473	-1.343748292641608e-05	2.328540221364569e-08	0.9298294116698398	601	0.0001783775205032	5.973634659247637e-08	0.465495046965778	599
18	71038474	71971461	-0.0001516323709356	1.8009456782171372e-08	0.2585165984011163	432	1.3441238081761368e-05	4.9061923679187874e-08	0.9516116769395048	430
18	71971462	73526986	0.0002230399982156	2.2776066915229588e-08	0.1394360596967845	635	0.0001770886937179	5.4312096873952866e-08	0.4473288956002367	632
18	73526987	74813814	-0.0001572262597566	2.070972524451336e-08	0.2745951908042449	528	6.74867720051159e-05	5.063526421977054e-08	0.7642451907855994	525
18	74813815	75976316	2.539658753106375e-05	2.3077703387263167e-08	0.8672300104050179	566	8.969393149356064e-05	5.884828554542656e-08	0.7115764048511094	563
18	75976317	77149990	0.0001202181207303	1.7666302374030176e-08	0.3657429913707187	435	3.139571910993293e-05	4.2234241271551795e-08	0.8785796543042128	426
18	77149991	78017157	-1.5611524368830875e-05	2.2319169817626042e-08	0.9167744771849878	259	-0.0001614001048922	2.187556177400052e-08	0.2751629490923462	254
19	610729	2098395	2.7101308037827492e-06	7.792577076196053e-09	0.9755081527755778	148	0.0001549461418063	2.1656959552104595e-08	0.292392495427048	145
19	2098396	3019659	0.0003037032626368	1.0017425587190329e-08	0.0024102265122367	246	0.0002869263717259	3.144382814750512e-08	0.1056431345096034	246
19	3019660	4348966	-0.0001190497945586	1.1806829765922863e-08	0.2732428435121539	230	1.7821328870814574e-05	3.3743026909691e-08	0.9227128542690046	229
19	4348967	5811851	0.0001171542786008	2.1083863469891344e-08	0.4197633422943316	450	0.0001098872542077	4.5608279475251995e-08	0.606869255902123	447
19	5811852	6684884	4.1024942450112294e-05	7.483209132929712e-09	0.635324211742316	190	-0.0001042400615817	1.824777305898961e-08	0.4403118958935819	189
19	6684885	8347512	-1.9909050912912377e-05	2.1321562934794815e-08	0.8915480988236709	476	-1.3493133902817316e-05	5.8565716382704314e-08	0.9555362393747264	470
19	8347513	9238392	2.4107648494091632e-05	1.0528790091953401e-08	0.8142516697915712	279	1.5996653663340944e-05	2.4713060588533305e-08	0.9189492634816834	272
19	9238393	11284027	-7.496361832754666e-05	1.969298529305801e-08	0.5932109305176074	606	-0.0001126953238671	3.747638166393848e-08	0.5604727199697193	601
19	11284028	13471126	0.0002890947126155	4.0435950787103536e-08	0.1505304260126753	542	-0.0002847709126522	4.620402051468057e-08	0.1852320059700599	537
19	13471127	14486346	0.0001273420459521	9.653163167176895e-09	0.1949425883409401	198	0.0001034356487021	2.0873157262030616e-08	0.4740288638082269	196
19	14486347	15648609	0.0001090562984055	1.6692532716225883e-08	0.3986181601297366	421	4.908055216551814e-05	4.0194335722376247e-08	0.8066044854457464	418
19	15648610	16374415	-4.3894870682087874e-05	1.2894371085323302e-08	0.6990840982835613	422	-5.206059751695552e-05	2.6295345128691028e-08	0.7481741605049377	412
19	16374416	18409861	3.07229806292647e-05	2.373097963004781e-08	0.8419209986146324	601	0.0003292724704551	5.9393120715086284e-08	0.1766635454461395	593
19	18409862	19877470	0.0005413637132344	1.8553023288691376e-08	7.05291708723548e-05	419	0.0001082441593609	2.424188831411647e-08	0.4869184518340763	417
19	19877471	20905756	-4.798373155220672e-06	6.623829397330947e-09	0.9529859171178712	184	0.0001420934857993	1.5561802188068248e-08	0.2546807308616882	182
19	20905757	22732895	5.188603998269669e-05	1.4724565870575272e-08	0.6689484027471868	487	6.0662739318010576e-05	2.9228534008645454e-08	0.7227180724715175	483
19	22732896	23467745	2.6373003446692763e-05	4.465499032734317e-09	0.6930928339108338	175	-6.108013678260695e-05	7.596177663554691e-09	0.483419427189443	170
19	23467746	28557892	2.7444042175377526e-05	8.550562809167811e-09	0.7666260769040364	281	4.839276283878939e-05	1.7540351968898353e-08	0.7148174110929593	278
19	28557893	29790946	2.08367833235076e-05	1.904190552951891e-08	0.8799761203846121	570	0.0001325861548312	4.5323348081260695e-08	0.5334267217563486	568
19	29790947	30727953	-1.8802607419797556e-05	1.2734920996429729e-08	0.8676712232945267	349	-0.0001360700550862	2.8229358424839386e-08	0.4180183846315639	347
19	30727954	32746519	-0.0001657911468165	2.5335369126874203e-08	0.2976007880886953	629	-0.0001029168839437	4.8905067781260023e-08	0.6416578344540791	626
19	32746520	34262951	-0.0001746209415447	1.955976816069495e-08	0.2118207300378741	534	-0.00021746491015	4.6232032929214615e-08	0.3118308760765336	532
19	34262952	36469294	0.0001143700133659	2.7237570236100376e-08	0.4883148031143266	722	-1.5509673269961591e-06	6.611696526225208e-08	0.9951873572857564	714
19	36469295	37527032	2.147898929263144e-05	7.962762153404182e-09	0.8097851132258077	308	5.805607302413164e-05	1.3786149599383592e-08	0.6209853697378546	302
19	37527033	40170618	-7.533375860616032e-05	2.5465442229666805e-08	0.6368709107633388	819	6.094279410269122e-05	4.602375485361436e-08	0.7763537459791126	810
19	40170619	40984600	5.975612320411866e-05	8.206988570341851e-09	0.5095009487272457	249	-6.75791116728429e-05	2.1889323327268933e-08	0.6478373249321321	240
19	40984601	42131572	-4.4868697510880466e-05	1.3003747549886041e-08	0.6939740014755233	376	0.0001773752553221	2.9080431535015538e-08	0.2982739587562365	369
19	42131573	43862454	-5.919919336861443e-06	7.64357423739759e-09	0.9460146603618608	241	-2.2851110698303787e-05	1.6150568659103694e-08	0.8573018744463061	231
19	43862455	44744107	6.766018759463749e-06	1.1541748118768927e-08	0.9497830372000794	346	-6.88176284290953e-05	2.5291016236798023e-08	0.6652112531736236	343
19	44744108	46102696	3.0923895533280156e-05	1.8546479188806066e-08	0.8203678073461886	441	6.116538798445102e-05	4.9601531801822745e-08	0.7835955529202345	430
19	46102697	47150081	0.0001403110957622	1.7253706207830038e-08	0.2854322534223309	345	-2.0553533721094983e-05	3.872352140603909e-08	0.9168140329510646	344
19	47150082	49282226	0.0002097458210873	2.4678880221256173e-08	0.1818267227757838	670	6.706709064189216e-05	5.958840273400294e-08	0.7835127405639393	663
19	49282227	51532566	-4.456017068234796e-05	3.270507747887111e-08	0.8053732425527502	681	0.000319762655055	6.55737551554541e-08	0.2117699792409905	679
19	51532567	52985289	-0.0001996411060491	2.7422659364069852e-08	0.2279803868512766	676	0.0002690681880455	6.464951614075953e-08	0.2899509910624869	674
19	52985290	54602361	-0.000140876703669	2.9758608177465313e-08	0.4141317971700581	462	-0.0001261332674117	7.071747740562889e-08	0.6352757586128785	459
19	54602362	55728079	-5.088593049422763e-05	1.555831380164316e-08	0.6833038182914418	314	0.0001763878280725	3.8293722367356796e-08	0.3673897281127853	299
19	55728080	57521334	-0.0002462362338332	3.534101352678496e-08	0.1902558759153464	664	-0.0003191443453184	8.453011188678254e-08	0.2723379742631404	664
19	57521335	59118838	0.0001364258783137	2.196158295982241e-08	0.3572659805653935	663	0.0001838381679982	4.84571282314754e-08	0.4036415266516663	660
20	60479	697599	6.690959651509544e-05	9.002887452163909e-09	0.4807007377808976	207	0.0001584412878015	2.6758119587452043e-08	0.3327491406696533	204
20	697600	2469500	-0.0004329387152654	4.0589381685659346e-08	0.0316407584399629	967	-0.0001221521118178	1.198150157904861e-07	0.7241672508641304	965
20	2469501	3828412	0.000146565097007	1.9094163869297464e-08	0.2888399519557995	531	2.0794547346939743e-05	4.9704081542446235e-08	0.9256871081274978	528
20	3828413	5477849	-7.020839281276814e-05	3.337620033897652e-08	0.7007559767305587	787	-0.000195404399484	1.004702259340656e-07	0.5375808994260391	784
20	5477850	7084072	3.871659407700805e-05	3.0379421314138516e-08	0.8242126128460923	754	0.0002066170489797	8.965812470122457e-08	0.4901719682054499	751
20	7084073	8117010	2.6673040071819656e-06	1.3002071667093929e-08	0.9813376342682216	429	5.6036714633691575e-05	3.422724857523133e-08	0.7619727699953869	428
20	8117011	9730920	6.15769867826362e-06	2.8876047780332698e-08	0.971093561828172	815	-0.0004187674147379	7.981362531454955e-08	0.1382620739034281	808
20	9730921	11249535	-8.166876287807198e-06	2.9380143613887636e-08	0.9619981459342284	746	8.768347003367501e-05	8.662005079752146e-08	0.7657595880629524	744
20	11249536	12447498	3.0897611441993465e-05	1.7408281997310578e-08	0.8148464344516911	528	0.0001517142801131	4.6886757680215136e-08	0.4835212313833452	525
20	12447499	13689863	3.965370591230109e-05	2.160883568138535e-08	0.7873494161481698	574	8.142851826168664e-05	6.245643884496395e-08	0.7445547650213263	570
20	13689864	15958358	0.0001614180898418	4.2350544859277695e-08	0.4328212055788187	1016	-0.0001078977413582	1.2657417465029978e-07	0.7616785990987528	1012
20	15958359	17487231	8.82199374342806e-05	4.245848218477521e-08	0.6685501232683637	1014	5.462435924980459e-05	1.0972347276217166e-07	0.869017932112082	1011
20	17487232	18972202	-0.0001999330445929	2.9577537185298337e-08	0.2450208915287698	682	-0.0001616333532052	6.9113912968574e-08	0.5386733609629393	678
20	18972203	20959709	0.000114324506832	3.3349054625800376e-08	0.5312929690183048	904	-0.0002380261838558	9.41607503290312e-08	0.4379303728425888	903
20	20959710	22491455	0.0005705952737719	2.847051816257392e-08	0.0007204814975589	469	0.0004478786804421	3.1903929364316606e-08	0.0121593824304551	465
20	22491456	23293789	-9.239177349350932e-05	1.2416082627654812e-08	0.4070109985900823	387	-0.0002806329684291	3.3442895662032276e-08	0.1248894435346726	387
20	23293790	24717723	-6.675566979631193e-05	1.886828463440925e-08	0.6269785283835533	578	-5.171456799058758e-05	4.9415485432620855e-08	0.816042220624403	575
20	24717724	25344230	1.7799335858458727e-05	7.495477969710422e-09	0.8371103961369155	272	-2.952083043160657e-05	1.6379803483127782e-08	0.8175781508314707	272
20	25344231	31614822	4.248327307879372e-05	2.1023593564457452e-08	0.7695237643497996	699	-0.0001105986983887	4.7501688580236585e-08	0.6118372786794636	695
20	31614823	32813440	0.000116067334145	9.626217922234772e-09	0.2368119322623633	330	3.010859940110304e-05	2.3586588031779848e-08	0.8445741592893358	329
20	32813441	34960445	0.0001519435365727	1.5762261925961012e-08	0.2261852550074962	561	0.0001338476182764	3.0559487430117596e-08	0.4438768961134695	554
20	34960446	36909529	-9.07651938508851e-07	1.7585397537133052e-08	0.9945389026942572	562	4.1417835683483446e-05	4.4279473817880526e-08	0.8439623887376868	559
20	36909530	38436760	6.721446806791532e-05	2.9437767071360038e-08	0.6952420566182743	560	2.0501335731508636e-05	4.354699922095947e-08	0.9217390825480748	553
20	38436761	39610855	3.748210295890376e-05	1.636704284687301e-08	0.7695369929358048	474	-0.0001373494116345	4.557827130866653e-08	0.5199964682551077	473
20	39610856	40585688	-7.293594981238443e-06	9.901335192035033e-09	0.9415686290701396	303	-6.474178120100526e-05	2.5763944948788736e-08	0.6866932223677902	302
20	40585689	41615459	-0.000138689064418	2.09588717959232e-08	0.3380708130868469	583	0.0001571500688449	5.71507350520092e-08	0.5109490842305049	579
20	41615460	42680175	0.0002606208208068	3.094520392582379e-08	0.1384635949340778	395	7.573921412819223e-05	4.263771843486704e-08	0.7137716798472192	394
20	42680176	44839055	7.466856853996726e-05	2.9562400083003924e-08	0.6640864676779261	857	0.0002004189862949	7.599745378005849e-08	0.4672209008444422	854
20	44839056	47199979	0.0001409097342233	3.9645387615630583e-08	0.4791361665540399	1012	-9.922128247862907e-05	1.170245521212516e-07	0.7717813214613373	1006
20	47199980	49239657	0.0004271965230952	2.8045540725044322e-08	0.0107440864358684	835	0.0002697955486041	7.276595752487076e-08	0.3172317751562763	828
20	49239658	52472548	0.0002294764773306	5.13629507586646e-08	0.3112788141469738	1293	0.0001774480980805	1.4727891499709048e-07	0.6438072969818565	1285
20	52472549	54055265	-8.663560506484343e-05	2.2824666634824956e-08	0.5663412649806933	626	0.0004396774942452	6.654046804962737e-08	0.0882918885157419	619
20	54055266	56447958	-0.0001897256805722	4.4410834891858414e-08	0.3679667969001058	1122	-3.560356654006124e-05	1.2737103899752406e-07	0.9205345514934588	1119
20	56447959	58406571	0.0001473543894741	3.4556897618322133e-08	0.4279666219798954	854	-0.0001448876724488	1.0066004037775362e-07	0.6479079522633491	848
20	58406572	59561723	6.795373533508375e-06	1.9472320490520065e-08	0.9611605635980144	521	0.0002056897093318	5.570739934269973e-08	0.3834935478501976	520
20	59561724	61301854	-0.0001974171027518	2.6558141092324448e-08	0.2257438834406439	640	0.0006437588862168	8.410686148215075e-08	0.0264345420617317	638
20	61301855	62190179	0.0001041739704975	9.991605268437224e-09	0.2973295146740199	234	-4.727247285041564e-06	3.5466089590495976e-08	0.9799739118459966	234
20	62190180	62965162	-4.735321677062752e-05	1.4267940748530184e-08	0.6917862725676243	202	-0.0002959607838998	3.7513679340519554e-08	0.1264985756730086	199
21	9411243	15950981	-0.0001229344308835	1.0700557763238044e-08	0.2346675764415116	321	-0.0001772030137336	2.8613864724494392e-08	0.2948369975125264	321
21	15950982	18053164	-5.217766552647219e-05	2.12383879156694e-08	0.7203181165841167	635	0.0001663548189015	6.118720942134977e-08	0.5012528518268101	634
21	18053165	19480374	0.0002017952361285	2.2040216554424493e-08	0.1740637742393632	511	-0.0001439514676935	6.384799177867578e-08	0.5688845210160944	507
21	19480375	20962338	-4.140727707772957e-06	1.9817283384594826e-08	0.9765343789208212	636	0.0001370863303296	4.9766335847742186e-08	0.5388808316232018	632
21	20962339	22072763	0.0001404230538739	1.5203579824378915e-08	0.2547668627460205	421	-7.576983492390066e-05	4.3514498872604854e-08	0.71643455517336	420
21	22072764	23362874	6.842922329554399e-05	1.80262550646961e-08	0.6102828518603667	587	-2.6033280393071472e-05	4.6424630874826184e-08	0.9038301190563478	583
21	23362875	24696230	9.12034434786733e-05	1.4148824381093153e-08	0.4432330323178073	455	4.2499327081359814e-05	3.6799779508254614e-08	0.8246690979417557	452
21	24696231	26469121	3.405924208294649e-05	2.3535172294740692e-08	0.8243046057649098	749	-0.000142663227857	6.017252301013298e-08	0.5608464850611277	745
21	26469122	27271018	6.319288921622709e-05	7.568895157805207e-09	0.4676180574709636	257	3.963021969009191e-05	1.8350726414472073e-08	0.7698662667481935	254
21	27271019	29125225	-5.599358728926454e-05	3.21362878317295e-08	0.7547751311302393	915	-5.732734080072997e-05	8.598784291936964e-08	0.8450027681584786	909
21	29125226	31197024	-2.8774486357231624e-05	1.8763546438491817e-08	0.8336182940521981	733	0.0001135404755241	4.0449553284669134e-08	0.5723874595811589	725
21	31197025	32668641	4.9992253957118015e-05	1.3061873278684786e-08	0.6618057974026026	514	7.529246173203974e-05	2.6024079167973192e-08	0.6406945287369847	512
21	32668642	34376998	-2.766300902076395e-05	2.376283724747251e-08	0.8575821652162996	733	0.0003727452017327	6.04101966399495e-08	0.1293801578451031	727
21	34376999	35225464	0.0004404718348245	1.1663343580219493e-08	4.531595977580277e-05	300	0.0002242920497525	2.351125938879476e-08	0.1435304272762936	297
21	35225465	36524372	3.565557786870796e-05	1.9397223629420872e-08	0.7979427681929944	560	-6.499594805105428e-05	4.7640870472190376e-08	0.7658706021902546	513
21	36524373	37870778	0.0001167876074918	1.7473358685235485e-08	0.3769639723151881	592	0.0002593354581839	4.27456890910162e-08	0.2097179602577551	591
21	37870779	38711703	-9.119478042617732e-07	8.258333267545561e-09	0.9919932447756088	327	3.1460884508103886e-05	1.6220800235846437e-08	0.8048915691680463	327
21	38711704	40482901	-0.0003450390206878	2.8580849698256372e-08	0.0412566011322094	869	1.373311177326432e-05	7.367954460171534e-08	0.959649371530038	863
21	40482902	41389526	-0.0003049919688714	1.4718718461566744e-08	0.0119393690737114	527	-0.0002656996478173	3.3184172307372325e-08	0.1446851539400808	523
21	41389527	43321527	0.0002398040137804	3.3843629647077816e-08	0.1923970040874225	957	0.0003609887998752	9.013033697777968e-08	0.2291986582212198	951
21	43321528	44506267	-6.442302436580185e-05	2.3240235144254052e-08	0.6725932634507634	693	-0.0001735564482295	5.8164329824224904e-08	0.471749642005605	660
21	44506268	46177104	1.744750203055937e-05	1.4414519867407015e-08	0.8844561698810178	501	1.0617497102307084e-05	2.662045342859472e-08	0.9481142555076716	351
21	46177105	47492225	-8.190844577669923e-05	1.5166411577113753e-08	0.5059862225433016	508	4.034843616875823e-05	3.405249165235857e-08	0.8269216112308109	505
21	47492226	48119751	0.000141865006131	6.990551055595615e-09	0.0897426663048937	257	4.274105208094437e-05	1.5632643156987323e-08	0.7324676791773046	256
22	16050408	17674294	2.693707961878017e-05	9.463356113317477e-09	0.7818544629715358	187	-5.1000076810901755e-05	2.363827691270253e-08	0.740105735293674	187
22	17674295	18296087	5.193409589097934e-05	1.0387440685767468e-08	0.6103573129007287	198	5.7437094242432494e-05	2.4083066706664106e-08	0.7112968823663846	190
22	18296088	19912357	0.0005024282922465	2.3038765363784805e-08	0.0009325408252655	540	-0.0001767850115968	4.749524830058457e-08	0.4172589570470353	531
22	19912358	22357324	-5.129521730196341e-05	2.65332484874078e-08	0.7528326259664629	635	-2.4181022712315763e-05	4.7192631098182186e-08	0.9113698375227094	634
22	22357325	23712646	-4.0837962734758615e-05	1.4368373858053109e-08	0.7333364523470421	320	-0.0001675003203965	2.8950091230516063e-08	0.324897634645419	311
22	23712647	24984203	5.714908972624605e-05	1.5095728904943903e-08	0.6418322880658427	367	-0.0001928426282232	2.854189591973266e-08	0.2536775257940249	366
22	24984204	26791627	-0.0004571796071273	4.0630905144061485e-08	0.0233242571491897	786	-0.0005382624601795	9.438947020381913e-08	0.0797750454476431	781
22	26791628	27834751	-7.620257311952248e-05	3.4887824817627416e-08	0.6832926230574061	660	0.0002574743899054	1.0737666399978757e-07	0.43201958901406	649
22	27834752	29651798	0.0001903265586549	2.7815901401418278e-08	0.2537964747648891	577	-5.179055820839365e-06	5.899192588999692e-08	0.9829877617563372	570
22	29651799	31439917	0.0005224652254328	2.6056163852817545e-08	0.001209213954348	632	-0.0001166650276092	5.115161259990949e-08	0.6059694750868228	632
22	31439918	32664985	1.4827097366155974e-05	1.654708295691947e-08	0.9082355079242338	403	-2.2103839498065426e-05	3.1099736844381525e-08	0.9002544616203244	402
22	32664986	34494913	-1.8409040211274187e-05	4.5951018480806935e-08	0.9315631403739392	952	0.0001575060688166	1.097410588817135e-07	0.6344601258500935	947
22	34494914	35530984	-3.290672812817021e-05	2.103185993607359e-08	0.8204968840493703	544	-0.0001841063199454	3.8719837427489266e-08	0.3494661685165886	539
22	35530985	37570268	-0.0001220225141461	3.926585115213902e-08	0.5380332882838765	846	0.0001953581478237	8.687656617625521e-08	0.5074608962842297	843
22	37570269	39307893	-1.802544659154114e-05	2.5945332105090873e-08	0.9108973172740578	591	-0.0002276317364929	4.730344024647147e-08	0.2952777443566564	582
22	39307894	40545796	-0.0002022302992156	2.5906467754282053e-08	0.2089561000188292	382	-0.0002362295695412	3.643209192792551e-08	0.2158518307874768	381
22	40545797	42690817	0.0003141018317713	2.026964566555279e-08	0.0273691067606915	551	-5.9295344501389927e-05	3.1917851766565655e-08	0.7399667800981499	548
22	42690818	43714199	0.0002892353968392	2.6425939211263713e-08	0.0751992872832214	436	4.6440999678026424e-05	4.172155144635497e-08	0.8201408601956519	433
22	43714200	44995307	0.0003820011820008	3.2076409299464584e-08	0.032932390695815	705	0.0001451481930353	6.807375157820429e-08	0.577994640888738	704
22	44995308	46470494	0.0001658460975011	2.9081000193955805e-08	0.3307896423435638	579	0.0001751735320203	6.441806223678384e-08	0.4900787124291781	577
22	46470495	47596317	-0.0001305218316292	1.952027428943493e-08	0.3502003598945573	426	3.15206093235768e-05	4.288167605828629e-08	0.8790170107081101	424
22	47596318	48903702	-6.178347920250305e-05	3.3422235925641964e-08	0.735399600710247	697	-0.000254521066104	7.97999334194141e-08	0.3675908807725244	692
22	48903703	49824533	0.0001443690716179	3.2864046585203453e-08	0.4258183380554418	565	9.470514188389654e-05	8.912318988750658e-08	0.751066900586215	561
22	49824534	51243297	0.0003664279177273	2.2319029995903106e-08	0.0141774142973676	434	-6.0137741325504174e-05	4.0044925650187855e-08	0.7637805502745099	432
