chr	start	end	rho_PGC	var_PGC	p_PGC	m_PGC	rho_FG	var_FG	p_FG	m_FG
1	10583	1892606	-4.0085067105799914e-05	4.255568380205586e-09	0.5389018528396337	191	1.1554725681035746e-05	1.0517876620837956e-08	0.9102947966205688	189
1	1892607	3582735	8.728192082704173e-05	2.511016496612148e-08	0.5817659316738968	613	-5.8850831480203815e-05	4.9282597260542576e-08	0.7909342698423434	610
1	3582736	4380810	4.2649084564871915e-05	8.602305932067309e-09	0.6456344705291726	329	-6.195180530994085e-06	2.366353520623384e-08	0.967875466534414	329
1	4380811	5913892	4.128315665560817e-05	2.5247716008022333e-08	0.7950075742634747	1018	0.0002781873327653	7.110460873656841e-08	0.2968324308598354	1012
1	5913893	7247334	2.928281417944125e-05	1.1208927374734211e-08	0.7820977271234861	541	-1.1205170523658825e-05	2.592962389582614e-08	0.9445233730532946	535
1	7247335	9365198	0.000424126241521	1.9097297401369812e-08	0.0021471411125234	822	0.0003770761013243	4.673202262969761e-08	0.0811064149231847	818
1	9365199	10806983	-3.1460391277633544e-05	9.711904544853957e-09	0.7495475283948234	441	-2.768561282032136e-05	2.0183012801600466e-08	0.8454890443388433	440
1	10806984	11777840	-9.2639456849177e-05	1.2155641558439114e-08	0.4007698167809833	317	9.1505858615688e-05	2.0074834998340722e-08	0.5183849365739612	315
1	11777841	12779465	-5.610262315716347e-05	1.0019263469721196e-08	0.5751475461894489	361	3.3654778370221596e-05	2.1900839519092072e-08	0.8201021785030488	357
1	12779466	14891510	-6.296107223702328e-05	1.635545123093556e-08	0.6224984548481276	683	5.320296071076237e-05	4.4414177279413045e-08	0.8006934297166229	680
1	14891511	16897729	4.52579209210168e-05	1.9281260331264444e-08	0.7444758673792307	879	0.0001235311198581	4.504847977669284e-08	0.5605546536766569	874
1	16897730	18662898	-6.212092963178341e-05	1.7546182993358593e-08	0.6390898777482249	761	-0.0001202598636432	4.4200553163937066e-08	0.5673123146422023	756
1	18662899	20469148	5.310028043653928e-05	2.16797274630607e-08	0.7183710596152839	879	-3.6315937288717526e-05	5.6313785698693495e-08	0.878370916753056	876
1	20469149	21736587	0.0002252773090163	1.3782575887037931e-08	0.0549970405833895	542	0.0001035340424731	2.9019496541211592e-08	0.5433409801679959	538
1	21736588	23086882	7.096892906144017e-05	1.4626121970886391e-08	0.5573257382745771	621	-6.484047328828519e-07	4.0014800489758355e-08	0.9974137223351236	618
1	23086883	23920589	-2.131979214645054e-05	5.578313770487904e-09	0.7752986758882293	278	7.419187216626214e-05	1.2374807615726728e-08	0.5048101287407438	277
1	23920590	25516844	3.0152639598668704e-05	1.4177896570483256e-08	0.8000885568453465	646	1.1411589512012098e-05	3.6123258918858113e-08	0.952122455926967	645
1	25516845	27401866	2.530420400035091e-05	1.1269418735340022e-08	0.8115982514277663	573	-0.0002296348867597	2.4869444650239627e-08	0.1453523537121313	570
1	27401867	30161880	0.0001071219453194	1.5725174128297823e-08	0.3929711354265981	711	-0.0001028795467924	3.058755450900969e-08	0.5563692929880745	706
1	30161881	32438684	0.00053915049478	2.7911032345184708e-08	0.0012502046189443	1096	-0.0002660185612246	5.390730762369573e-08	0.2519005160121855	1091
1	32438685	34799757	-7.846562327219227e-06	1.6165866971173233e-08	0.950791017204394	801	-0.0002080246338536	3.669114050462098e-08	0.277474196048831	797
1	34799758	37549182	0.0002835744114547	2.0237471820363432e-08	0.0462204477047698	716	0.0001022186442906	3.994693202827538e-08	0.6090481775306243	714
1	37549183	38731846	-3.815402109873935e-06	1.1956628589384961e-08	0.972165213882639	492	-6.929318578911879e-05	2.4655423105288082e-08	0.6589955529624116	490
1	38731847	40200566	0.0003286155431088	1.8737025860857113e-08	0.016363775340561	507	-4.7608731023250216e-05	3.035661161473642e-08	0.7846611498877003	506
1	40200567	41975326	0.0001100411723257	1.9461419859049472e-08	0.4302277995026309	669	0.000152950004009	3.3073655425373046e-08	0.4003344842474192	665
1	41975327	43758456	7.436884185332556e-06	1.2665315887097228e-08	0.9473125624458002	653	-5.878606605778061e-06	2.9220368251195933e-08	0.9725661967443694	652
1	43758457	44969182	0.0005648248187476	1.995900555976829e-08	6.387614545638725e-05	455	0.0004710567902551	2.0896662734454973e-08	0.0011195231031813	455
1	44969183	46899500	5.891184533141647e-05	1.1245316168122582e-08	0.5785240838187933	577	-0.0001755861844636	1.8633464523780152e-08	0.1983370738407148	573
1	46899501	48002575	1.7657221986565174e-05	8.305239907005786e-09	0.8463700410875655	383	3.623877898226829e-05	1.6420298331788966e-08	0.7773283425084782	383
1	48002576	48978187	1.1211838272945627e-05	8.379062529634194e-09	0.9025157730001748	388	-2.619646539463592e-05	1.97529100197586e-08	0.8521374038650034	386
1	48978188	49894176	2.9383983374778163e-05	8.894363749309492e-09	0.755368649652714	275	2.6354179895682978e-05	1.1243423606363118e-08	0.8037148873036177	273
1	49894177	51713725	6.85886809644148e-05	1.5941129392865152e-08	0.5869635643105569	323	6.479482019609762e-06	1.0488440135475622e-08	0.9495530121706424	323
1	51713726	54226261	0.0001314301441571	1.3756681709817275e-08	0.2624718765486582	663	9.617294766422493e-05	3.045069667501859e-08	0.581544336379709	657
1	54226262	56413116	0.000300322181431	2.2856323400718297e-08	0.0469800378477798	1014	0.0001110245530687	5.7834797564450043e-08	0.6443235006937451	1011
1	56413117	57021727	-4.990569868231328e-07	6.235549220539346e-09	0.994957453001621	306	2.89939180403899e-06	1.5077435978645757e-08	0.9811616497884168	305
1	57021728	58865398	-3.179722129627743e-05	2.1373316492990053e-08	0.8278210680988638	1022	0.0003498113932025	5.0946921357246446e-08	0.1211901088895379	1021
1	58865399	59890408	-4.28735747917165e-06	9.3879106412165e-09	0.9647057807836484	457	0.0002871014020289	2.2334597591240553e-08	0.0547211784178992	455
1	59890409	61922364	-2.197826460661835e-05	1.8109509152705218e-08	0.8702662842178095	780	3.1710316161985135e-05	4.655861721601639e-08	0.8831632209912055	776
1	61922365	63455088	1.5039179960131467e-05	1.5203620707369053e-08	0.9029233069397012	650	9.266561588554144e-05	3.4323439666932024e-08	0.6169508593564879	649
1	63455089	65041703	-8.447537438821303e-06	1.663846274863642e-08	0.9477840439259118	764	-3.0169636899258775e-05	4.1715145971133e-08	0.882568068835192	759
1	65041704	66939403	0.000398717792781	3.75129748833079e-08	0.0395312571663399	755	1.9338138619926193e-05	4.191544463001616e-08	0.9247472647206436	754
1	66939404	68477894	-2.8997462763699045e-05	1.6129693465794595e-08	0.8193962568150059	803	-4.900936012860441e-05	3.823959586863115e-08	0.8021049457175986	798
1	68477895	69687615	-1.664568191321973e-05	1.0635020468990346e-08	0.8717699089657507	426	4.137404723940994e-05	2.3851720391827215e-08	0.7887784600877765	424
1	69687616	71372469	0.0001479806586192	1.3186719706467885e-08	0.197518151168947	636	0.0001282159744429	3.1443901698658595e-08	0.4696434466149174	633
1	71684405	74326906	0.0008542181925073	8.14620026012783e-08	0.0027634608724182	670	0.0002667723901987	7.503945642624273e-08	0.3301266002095101	671
1	74326907	76728134	8.506770002135691e-05	1.70844702869934e-08	0.5151597455692054	892	-0.0001238346086184	4.0283825682487333e-08	0.5372426740972132	892
1	76728135	79661197	0.0002106980900579	2.427454936545854e-08	0.1762674533945916	1140	-1.2664643265669177e-05	5.7253968630352636e-08	0.9577888204578806	1137
1	79661198	81354190	5.931471806191944e-05	1.4594385997452938e-08	0.6234359917249983	588	-7.087804545337001e-05	2.886766676643285e-08	0.6765591098472746	588
1	81354191	83991747	0.0001379373259343	2.5137148219687183e-08	0.3842954264960785	1154	-0.0001171838972521	5.92334977952567e-08	0.6301706672646494	1150
1	83991748	84844494	-7.73248852226534e-05	8.394279106493016e-09	0.3986855486484241	364	-4.707106904904891e-05	1.6966918590726273e-08	0.7178225740772992	363
1	84844495	86454750	2.397935575267339e-05	1.6225145087913984e-08	0.8506778818426501	770	-6.100054092268182e-06	3.881703496882643e-08	0.9753002142775858	768
1	86454751	88128630	4.639731239703065e-05	1.459842358920086e-08	0.7009727987173469	688	-3.584106803318976e-05	3.4713410877375745e-08	0.8474541409048573	687
1	88128631	90066302	2.1157884914052297e-05	1.2853887541918548e-08	0.8519596568288251	611	1.1665148539833576e-05	3.058114615529852e-08	0.9468159416749222	610
1	90066303	91886316	0.0004227755266856	3.0984000823083145e-08	0.0163135770686411	672	-6.813659073105556e-05	3.5483226324228284e-08	0.7175635663754492	670
1	91886317	93536458	-0.0001171775498292	1.2952191640170426e-08	0.3031930857412221	612	-9.969579773628172e-05	2.6748634944467017e-08	0.5421444054837798	610
1	93536459	94506190	-2.574104031383748e-05	5.8280229626608405e-09	0.7359790703786564	314	-5.91938050250008e-05	1.3815367861880728e-08	0.6145349050239585	312
1	94506191	96150892	0.0001491143374571	1.633786496885442e-08	0.2433721821775398	779	-3.812929323347024e-05	4.7568265192775264e-08	0.8612182312486466	777
1	96150893	97885248	0.0004172659001125	2.1456727848703125e-08	0.0043912342103905	728	0.0003463382922464	3.7157367061514664e-08	0.0723816312581686	723
1	97885249	99800603	-0.0002230708869374	4.5265765307434444e-08	0.2944199471533416	729	-0.0001765650400731	3.6945578945499584e-08	0.3583081101385559	728
1	99800604	100826404	2.9066339402820345e-05	7.5143219064267e-09	0.737391870177543	382	3.643390097492907e-05	1.5784363380379475e-08	0.771819230915334	380
1	100826405	102041015	2.1356103859990656e-05	1.1966801648203284e-08	0.845217671802432	529	-7.995264227473994e-05	2.6495152113172322e-08	0.6232919944785911	528
1	102041016	102898744	-1.8378934717413492e-05	6.664243855674837e-09	0.8218734962640368	336	3.900248257283336e-05	1.6096928010576724e-08	0.7585298309166318	336
1	102898745	103914210	-4.2487180577643674e-05	5.271228707302329e-09	0.5584153600462978	253	-2.2165403131322875e-05	1.282683044827899e-08	0.84483611970213	251
1	103914211	106087841	2.7852403639523932e-05	1.1316277413145272e-08	0.7934564683848302	566	2.5740437279739973e-05	2.6673328766097247e-08	0.8747659699727011	563
1	106087842	108409664	3.669891493321429e-05	1.859870401338275e-08	0.7878535960631727	880	-0.0003293290967363	4.6138056568874e-08	0.1252251548555567	877
1	108409665	110303930	3.177733281723285e-05	1.4242884081412856e-08	0.7900330537881723	677	-0.0001044800813628	3.3975647793245226e-08	0.5708325227296329	675
1	110303931	111741736	-6.463844680332505e-05	1.4821683964594169e-08	0.5954631601316314	672	-0.0001881411881069	3.8050888029269315e-08	0.3347961409745547	672
1	111741737	113273305	0.0002503416582758	1.795709742265066e-08	0.0617391811972782	845	-3.8829371256181014e-05	4.286671475761822e-08	0.8512351161051748	841
1	113273306	114873844	0.000132798475907	1.3479493458929872e-08	0.252699802879098	630	0.0002656752574861	2.8100646886480156e-08	0.1129964489508741	629
1	114873845	115880592	-0.0002583471073917	3.387878056631808e-08	0.1604415014204403	401	-0.0001982078226085	1.715637855125672e-08	0.1302185586296783	401
1	115880593	118839066	0.0002450823828466	2.1612810820247263e-08	0.0954984779402826	1034	0.0001902183763041	5.0902454025109684e-08	0.3991681536743663	1030
1	118839067	144977493	2.9831002146144637e-05	1.3424429342101931e-08	0.7968190401870748	667	9.42344463316253e-05	3.1470586171287775e-08	0.5952808703098317	667
1	144977494	148361252	-0.0001100286683924	9.475625100641101e-09	0.2583408509680116	460	-6.570368215327689e-05	2.1913061147460266e-08	0.6571495882092361	445
1	148361253	151538880	-4.374649147124448e-05	8.353203242984135e-09	0.6321887079364374	442	-7.436591787353722e-05	1.535785712121831e-08	0.548453400811643	441
1	151538881	153180828	1.3012678635282505e-05	1.1065980430481753e-08	0.901552347993518	603	-5.183423854601415e-05	2.133970638751537e-08	0.7227156226151523	603
1	153180829	154770402	0.0003298109727357	2.562693279439778e-08	0.0393760693082429	600	0.0002473008563289	2.4924754405735572e-08	0.1172486726013941	597
1	154770403	156336132	6.40679160050497e-05	1.1662471327646036e-08	0.5530069485048744	433	5.678861551573273e-05	1.7170866468608493e-08	0.6647414023022845	429
1	156336133	158027411	-0.0001026710828143	1.5477288142280435e-08	0.4092133040384637	715	7.220119929357708e-05	3.7850323010667955e-08	0.7105511739410006	713
1	158027412	159913047	-0.0002094542094323	2.0893590769018973e-08	0.147324384222216	838	9.577730277202464e-05	4.3581073404291815e-08	0.6463852057466641	832
1	159913048	162346720	7.349815200996444e-05	2.318512434238975e-08	0.6293131784533319	1061	-0.0002240634943036	5.5904417974145295e-08	0.3433075824481898	1057
1	162346721	165191701	0.0002418344885011	3.5599634634196454e-08	0.1999384991897049	1419	0.0002822801677922	7.596784363817005e-08	0.3057623171795806	1413
1	165191702	166460516	0.0001536870935658	1.5045385410022796e-08	0.2102218053417613	657	0.0002711688751716	3.647018041793399e-08	0.1556243020624255	655
1	166460517	169086323	5.187162004619195e-05	3.031777202382007e-08	0.7657739030349973	1370	-8.865194157238174e-05	7.275179091609373e-08	0.7424015038006291	1366
1	169086324	170557775	5.124379627199877e-05	1.293414969559718e-08	0.6522919520382087	675	6.510075376291277e-05	2.7658740680265404e-08	0.6954689576988136	672
1	170557776	173097906	2.166053688952718e-06	2.123510049836304e-08	0.988140506922827	1108	-2.2229502695258812e-05	4.75927491230697e-08	0.9188388124123203	1102
1	173097907	175089767	-0.0001017050756091	1.6981617015145862e-08	0.4351175657349204	613	-6.344220796233483e-06	2.007027539223434e-08	0.9642812256754468	609
1	175089768	177433380	0.0002843681545344	2.278590903788904e-08	0.0595844109746825	970	0.0002254050417233	4.3700566752690883e-08	0.2809215123344267	965
1	177433381	178944308	1.8538729535058744e-05	1.3383732037327364e-08	0.8726860873098352	617	4.005425782123677e-06	2.745711671212421e-08	0.9807150288493688	614
1	178954470	181144120	-3.684630608551995e-05	1.819633698308825e-08	0.7847375431872546	926	-0.000218494357987	3.896226523373224e-08	0.2683264314043342	918
1	181144121	182755355	-6.015842671599274e-05	1.4776596887564962e-08	0.6206773043657854	717	-0.0002363160947838	3.4933892297564215e-08	0.2061018197554934	718
1	182755356	184595512	0.0001107378507758	1.9714184525678824e-08	0.4302928451786072	745	0.0001684690412356	3.124846698435957e-08	0.3405757887747459	743
1	184595513	186810022	-3.1418812328271296e-05	1.3248388177804994e-08	0.7848795030838339	707	-9.511311073295394e-05	2.5940206518849144e-08	0.5548247113455571	706
1	186810023	188759944	0.0001321877851114	1.6466833599695456e-08	0.3029553943228907	806	7.852990764999045e-07	3.9654619151017446e-08	0.9968535043842596	803
1	188759945	189904129	2.7289186506164664e-05	5.6726380697065526e-09	0.7171093334723097	299	-5.653709337454042e-06	8.622315360625184e-09	0.9514495433352584	299
1	189904130	191868929	0.0003036314105988	1.5320488731836087e-08	0.0141641780090412	709	2.6872994115787783e-05	2.790391589574764e-08	0.8721933350485307	706
1	191868930	194107441	9.570723921735672e-05	1.4716151236520052e-08	0.4301431555970689	759	0.0001470421447247	2.9742041095202773e-08	0.3938690569927749	756
1	194107442	196176200	0.0001413197583948	1.4635864522082438e-08	0.2427515991441676	742	9.958387282111708e-05	3.4613932454499383e-08	0.5924711459423558	741
1	196176201	197311513	7.829668370408377e-05	4.6303226492337125e-09	0.249882253034343	255	-8.318056674213974e-06	9.617088094313344e-09	0.9324042121271292	254
1	197311514	199239883	0.0003829915994116	1.2596723184176624e-08	0.0006439257901796	617	-0.0001056702747421	2.7255178768802783e-08	0.5221262803789872	615
1	199239884	200137648	4.79539783504435e-05	7.794440469124936e-09	0.5870158637405807	385	-8.766677540267653e-05	1.8512921418623647e-08	0.5193718529273041	384
1	200137649	201589974	4.343299018833398e-05	1.7831184546479914e-08	0.7449848827804867	820	-0.0002412961768509	4.4348265196782016e-08	0.2518743064195614	815
1	201589975	203334733	-1.1350461319294024e-05	1.6121153788695937e-08	0.92876763321109	711	1.005214400810936e-06	3.9746288596063984e-08	0.995977012971612	711
1	203334734	204681067	7.805898372118724e-05	1.2952224206488186e-08	0.4927862166529395	595	-0.0001331558820016	3.056520182163351e-08	0.4462780591103852	593
1	204681068	206073264	3.081699970727267e-05	1.4721818340468276e-08	0.7995064423498486	660	-6.688999292363364e-05	3.6625538551855225e-08	0.7267007052776531	658
1	206073265	208410363	4.5556374017166016e-05	1.6528916863531903e-08	0.7230799542435767	766	1.5796112094031112e-05	3.9213073161990944e-08	0.9364208896555092	763
1	208410364	210787749	0.0001807798426768	2.528428751406429e-08	0.2555774899650419	1142	-0.000132271645412	6.24298132805181e-08	0.5965391569137581	1138
1	210787750	212842329	7.584944140028304e-05	1.8451060432516192e-08	0.576574510580522	819	0.0001191988116654	4.782839102585945e-08	0.5857254338534752	812
1	212842330	214578265	8.714388762874031e-05	1.7240892501478952e-08	0.5068967780910335	712	0.0002849455391854	3.7277294450275844e-08	0.1399864907470487	712
1	214578266	216243633	8.679944321535195e-05	1.4814431998883883e-08	0.4757594952019142	732	9.319272653102096e-05	3.499166473878234e-08	0.618346322383585	727
1	216243634	218705512	-4.78447712805096e-05	2.7759309895750732e-08	0.773986670769762	1285	-8.505570580277365e-05	6.998091233797673e-08	0.7478131836991054	1281
1	218705513	219590570	6.121352988938842e-05	7.255000617827757e-09	0.4723451072573311	354	-8.634943453503316e-06	1.6626202576103908e-08	0.9466077141110796	353
1	219590571	221858230	0.0001899393278796	1.7622839231815815e-08	0.1524894077499972	865	-0.000122181186369	4.147917481382451e-08	0.5485632876088798	864
1	221858231	222230219	-1.5810517162492497e-05	4.278997595551026e-09	0.8090133177260795	204	-1.9819668048341927e-05	1.1142740855470293e-08	0.8510657136962365	203
1	222230220	224938519	1.96817588287686e-05	1.853135423081529e-08	0.8850419352531762	885	-7.143533213379891e-05	4.5070718004485896e-08	0.7365050903268371	882
1	224938520	226810859	-7.379487302486317e-05	1.757337401836466e-08	0.5777522197710028	632	7.079610063993995e-05	3.2712766211479955e-08	0.6954816888510955	625
1	226810860	229156247	-0.0001157485868346	1.8316975161146162e-08	0.3924174085474005	914	7.543945539383823e-05	3.938940413369708e-08	0.703864059413559	911
1	229156248	230685254	-4.014058497619891e-05	1.4533832970757616e-08	0.739163579184138	670	-0.0003685589962398	3.512174226083099e-08	0.0492277991772419	667
1	230685255	232090251	0.0001450683720565	1.6459974120096356e-08	0.2581695740772841	730	3.5528067767840083e-06	3.9751335179110094e-08	0.9857828414610896	725
1	232090252	233429283	-0.0002409287522532	1.6406585389066922e-08	0.0599773780732836	713	6.295240396784614e-05	4.0783450167861224e-08	0.7552502337622763	711
1	233429284	234599433	-0.000115260882155	1.5258554676270193e-08	0.3507716106759013	658	-1.565282521056479e-05	4.0793712954285684e-08	0.9382265840465204	658
1	234599434	235819435	0.0001014815219631	1.1628960407786964e-08	0.3466749874680304	483	-3.623186685304223e-05	2.8611557685727473e-08	0.8303909061106312	478
1	235819436	237555627	9.883453370866622e-05	1.9412672913773712e-08	0.4781017584953103	876	0.0001883374094334	4.3522836752649534e-08	0.3666470088127129	873
1	237555628	238567806	0.000107590149044	1.275431819005372e-08	0.3407557458216461	501	-4.045683676590216e-05	2.915133850644265e-08	0.8126930572099753	499
1	238567807	239925313	0.0001097347947701	1.527209321098241e-08	0.3745604311313547	606	-0.000150650776979	3.5920572941609844e-08	0.4266852487395115	601
1	239925314	240564090	-1.3690781819807935e-06	9.29381379403356e-09	0.988669300297034	421	-1.3642761849301889e-05	2.8130676207612138e-08	0.9351703658374962	418
1	240564091	241582219	4.994032511464554e-05	1.6066610682707244e-08	0.6935857221727717	605	-0.0001613052201547	4.571149025498665e-08	0.4505735632291108	604
1	241582220	242071601	3.8401702153905616e-05	6.346725497461949e-09	0.6297834135199465	262	-3.7720682902320126e-05	2.053573647696908e-08	0.7923784376264513	261
1	242071602	244109498	0.0003064314722108	1.709328348584571e-08	0.0190883847694896	764	0.0001810058827362	3.80966143889832e-08	0.3537383888623506	760
1	244109499	245506745	9.760733258043552e-05	1.4749877643167261e-08	0.421576382452429	599	0.0001204276279933	4.0051321288557945e-08	0.5473390774765972	594
1	245506746	247344517	0.0001173901701097	2.0044054261414737e-08	0.4070132232611584	902	-5.526246171840565e-05	5.042178612127006e-08	0.8056006556972578	896
1	247344518	249239465	-0.0001886127142485	1.2234055169972202e-08	0.0881494998031564	556	-6.0715681512687434e-05	2.958892853107416e-08	0.7241118697942746	552
2	10133	1781021	6.397723715446596e-05	1.8059023825315943e-08	0.6340186277946152	799	0.0002090039296595	4.58429518976501e-08	0.3289883484314649	783
2	1781022	3973778	0.0001234669575638	2.8624179757791842e-08	0.4655326185505593	1151	-9.531347020617494e-05	7.664354438711855e-08	0.7306329235888765	1148
2	3973779	5708336	0.000208630731243	1.8221727789923913e-08	0.1222129031334722	752	-0.0001004198508516	4.7848784122325876e-08	0.6461799474979641	750
2	5708337	6836253	9.007839281237569e-05	1.597194275589999e-08	0.4759958688479062	647	0.0001106493659591	4.4997384230296253e-08	0.6019340480619548	643
2	6836254	8422146	0.0001518835671045	1.9909432558995296e-08	0.2817399173366858	731	0.0001784693872407	4.414231226930202e-08	0.3956327117232193	731
2	8422147	10298468	5.704229733661358e-05	1.87703358929592e-08	0.6771522148733621	785	9.64619976925565e-05	4.8932044602254393e-08	0.6627834945231608	783
2	10298469	12419149	4.811520309077163e-05	2.9888609115390195e-08	0.7807740760752148	1122	-0.0002726169322393	8.029159211583589e-08	0.3360020703286555	1120
2	12419150	14335307	0.0001145378916428	1.6239126062324454e-08	0.3687539142315837	695	-8.67425516304371e-05	4.173589216482452e-08	0.6711301801399396	693
2	14335308	16329734	0.0001194269063787	1.9345320282599022e-08	0.3905357756332895	847	-0.0001164376927735	4.4688660377338614e-08	0.5817699219467094	842
2	16329735	18647422	0.0001475873876145	2.219260121029433e-08	0.3218287729835659	994	6.848339055050024e-05	5.4998993826567866e-08	0.7702737563771329	990
2	18647423	19692403	-2.06885862449641e-05	1.0032354507091966e-08	0.8363597596603959	432	-9.073954447067094e-05	2.5896817199621884e-08	0.5728475479151902	430
2	19692404	21050489	-9.255817247194996e-05	1.7160217273760978e-08	0.4798355722863182	734	-8.533820072419619e-05	4.5578914643335764e-08	0.6893589536997995	732
2	21050490	23341382	0.0006267899425928	2.23251073648704e-08	2.729497886205518e-05	714	-0.0002721739028298	4.1783682597755025e-08	0.183022575891589	713
2	23341383	24686917	0.0001751367310115	1.2697654977265368e-08	0.1201294013152254	498	0.0002711790111858	4.0116963391381386e-08	0.175762853888007	496
2	24686918	26894984	0.0001039671253247	1.4257814679844662e-08	0.3839168739691472	658	-8.762893879176909e-06	3.3071734607384226e-08	0.9615681677515578	655
2	26894985	28598776	0.0005558292396738	6.425276684794639e-08	0.0283230840291077	482	0.000197806698475	9.082657610809618e-08	0.511599893253077	480
2	28598777	29217558	0.000120796090934	6.100038967361135e-09	0.1219523661049442	274	0.0001111400933315	1.4086093660504782e-08	0.3490516683538689	272
2	29217559	30463710	0.0001113119883846	1.6748210343935144e-08	0.3897243263146608	707	-0.0003763782652679	4.500712849139612e-08	0.0760427007863786	706
2	30463711	31550449	1.3510776019763268e-06	1.4359305046893811e-08	0.991004103636502	621	-4.813039648246388e-05	3.6860609122015016e-08	0.8020532682260608	619
2	31550450	33363776	2.9031410063128985e-05	1.3235502176201665e-08	0.8007729648322752	590	-0.0003418175542859	2.8080510791200692e-08	0.0413682499874821	588
2	33363777	35345027	1.9312553218064387e-05	2.22046858456516e-08	0.8968799812487959	964	0.0002102324967448	5.66338973743904e-08	0.3770155453245405	959
2	35345028	36122005	4.7943792930266306e-05	7.734916030321616e-09	0.5856602227986494	358	0.0001482273077365	1.869008592614031e-08	0.2782615586618611	357
2	36122006	38132711	0.0001751892180187	2.610001054819536e-08	0.2781902239859843	1062	6.077896330894778e-05	6.510994486328764e-08	0.8117311380875821	1060
2	38132712	39031336	-9.001929495931212e-05	8.807803432186725e-09	0.3374661988925684	385	-8.12687411517036e-06	2.3053345817216255e-08	0.9573136244384204	385
2	39031337	40281482	6.593087120532271e-05	7.516223833703588e-09	0.446966500654275	360	-7.683511119676637e-05	1.6465064491523154e-08	0.5493097433895728	359
2	40281483	43309589	-0.0001125903107239	3.366777187008912e-08	0.5394717653851175	1506	9.24149813271072e-06	7.69240992089797e-08	0.9734190269565044	1500
2	43309590	44313802	-2.7005569619375864e-05	1.0273424631370391e-08	0.7899021117936592	460	-0.0001105605687446	2.397211915587664e-08	0.4751775285314243	460
2	44313803	46482633	7.234394389964557e-05	3.213363240354338e-08	0.6865266293303552	1243	3.517505859350529e-05	8.1407983380644e-08	0.9018834209007616	1236
2	46482634	47318771	-3.3775452791562194e-05	1.1925008037937803e-08	0.7570977080997494	474	7.631557199193543e-05	3.1530001321474086e-08	0.6673521063643497	473
2	47318772	48213000	-2.2420487500178615e-05	9.400833781003788e-09	0.817128809869214	338	6.718425630972468e-05	2.5997873496036058e-08	0.6769153307946834	336
2	48213001	50022256	-2.7508686274281396e-05	1.845246525905832e-08	0.8395194344068684	808	-1.33431445031247e-05	4.8616577883762895e-08	0.9517451411063595	803
2	50022257	50818927	-4.495064583379844e-05	8.457599246449543e-09	0.6249982896678612	400	6.673023000826739e-06	2.0126798194380867e-08	0.9624841129656918	399
2	50818928	52491132	-5.417040161455891e-05	1.597713798352985e-08	0.6682427930281891	728	-0.0001748032928173	3.9780898575003616e-08	0.380801710906268	728
2	52491133	53508451	-1.1869965657772269e-05	1.1933537953925904e-08	0.9134731313350296	554	9.76289688586526e-05	2.8932486989352045e-08	0.5659911202468847	550
2	53508452	54685225	7.524648261175731e-05	1.1573688229212029e-08	0.4842772496117695	511	6.884436216919594e-05	2.860748581534028e-08	0.6839844985430654	509
2	54685226	56203344	-0.0001006181590971	1.5060797526247528e-08	0.4122822699887186	693	-0.0001057103026443	3.6603167371398726e-08	0.580583439762222	690
2	56203345	57429099	0.0001766501854282	1.449500649291808e-08	0.1423073502722043	486	-0.000174131098655	2.5890969428044993e-08	0.2791695858983867	483
2	57429100	58297314	0.0002422572511313	2.9515703306990964e-08	0.1585098655376441	325	9.9016735186144e-05	1.6886331507444786e-08	0.44607469016266	325
2	58297315	60291999	0.0002811236900524	4.1359484257592317e-08	0.1668722017954717	842	0.0001667894871917	4.8618207591694934e-08	0.4493909498134263	836
2	60292000	62429043	-0.000243884244894	4.616835225603043e-08	0.2563581306922505	702	0.0002346366129911	3.5051038135011036e-08	0.2101067334795928	700
2	62429044	64625912	0.0001518566295727	1.674045023247513e-08	0.240522698418893	686	-7.790663344704194e-05	3.718702416745819e-08	0.6862145253598415	684
2	64625913	65933443	3.895199742181423e-05	1.3165450575950098e-08	0.7342495296098078	537	3.657256566261025e-05	3.395891354396436e-08	0.8426831943450532	536
2	65933444	67226165	-3.641248311942179e-05	1.802484641517767e-08	0.786225290431038	611	0.000492476983531	5.72597580231964e-08	0.039582940493277	609
2	67226166	68010175	2.705363925949744e-05	1.0406409818659384e-08	0.7908545893629166	468	3.826098589510662e-05	2.676768265444129e-08	0.8150958314717319	464
2	68010176	69139563	-3.905654573394826e-05	1.2239921108256825e-08	0.7240702715222367	557	4.9684606099602576e-05	3.0409150765874366e-08	0.7757070567453985	556
2	69139564	70755197	4.936508442334101e-05	1.3136525006518666e-08	0.6666830831491346	624	0.0001147564771678	2.8700754910131338e-08	0.4981666871939059	623
2	70755198	73174847	8.497700706584438e-05	2.1751207182558523e-08	0.5644921151765478	926	5.0803823766918734e-05	5.106178022692905e-08	0.8221138771493535	925
2	73174848	75630085	0.0008179211187418	2.8021825554860114e-08	1.0284793165406384e-06	857	0.0003995355553664	4.1167010391116594e-08	0.0489348433445362	855
2	75630086	76913660	9.495284562350222e-05	1.3527820141814845e-08	0.4142809856921129	580	5.167868894749583e-05	3.4846397345452624e-08	0.7819011521333918	575
2	76913661	78079263	3.3884121510716897e-05	1.1289743655665002e-08	0.7498025276566596	468	0.0002133987780507	2.9814847346233585e-08	0.2165038820991351	465
2	78079264	80050402	0.0003017348985028	2.3539003555894744e-08	0.0492212607995201	971	1.763123316774758e-05	5.3237465390274065e-08	0.9390895820797972	970
2	80050403	81620840	6.328437961619881e-05	1.710560379209748e-08	0.6284792188134285	642	0.0001926958654028	3.6618485206854535e-08	0.313942865669328	639
2	81620841	85140679	6.218770757426085e-05	2.0843269930671237e-08	0.6666528021018419	1041	-2.6456707475201654e-05	4.1099728905631835e-08	0.8961694741233572	1040
2	85140680	88038506	-4.7664807128175666e-05	1.6801257406850996e-08	0.7130759039522108	765	-8.407008719230347e-05	3.7814466860910034e-08	0.6655036593579673	763
2	88038507	89154525	-6.038258724431763e-05	6.1460469053698706e-09	0.4411704636158653	279	8.615960550669531e-05	1.646470528199978e-08	0.501921059100169	278
2	95326452	98995200	-6.035796094373227e-05	3.25583476152615e-08	0.7379980721790547	515	3.0369181955630793e-05	3.0077512453777106e-08	0.8609928244489613	512
2	98995201	101822328	3.311563316230676e-05	2.1219816559725048e-08	0.8201649091843392	1005	-0.0003008328056422	4.5438007412383256e-08	0.1581598011660118	1002
2	101822329	102688764	9.95114744586706e-06	6.308399153558749e-09	0.9002946150627	300	-4.538422045850771e-05	1.5779430935941013e-08	0.7178806346512865	297
2	102688765	103588214	8.830616255458205e-05	1.5746901387694398e-08	0.4816136579997208	470	0.0002462096395323	2.2731503479919112e-08	0.1024652110948522	467
2	103588215	105125033	1.6338782245878737e-05	1.4316465476148576e-08	0.8913839962725948	356	-0.0001606331145969	1.860416897647218e-08	0.2389213450379462	354
2	105125034	106210057	6.357501160261901e-05	1.1233658645080472e-08	0.548621697470902	473	7.764110277990802e-05	2.9751921485570837e-08	0.6526195257558223	471
2	106210058	107408266	9.29365731325677e-05	1.174172200677646e-08	0.3910741229163224	511	4.221661343217336e-05	3.07954806707387e-08	0.8098890780202113	507
2	107408267	108429176	-3.712980582393754e-05	8.247107265375909e-09	0.6826443174155058	384	0.0001430512370781	2.055637715418492e-08	0.3184043977988088	383
2	108429177	110572431	-2.173036527046261e-05	1.3612549487802765e-08	0.8522483761064317	644	-0.0001383425638108	3.1763277094554986e-08	0.4376102995994037	644
2	110572432	113921855	0.0001705259299246	1.9874587967412213e-08	0.2264328656587666	948	0.0001718779826494	4.4438200235898e-08	0.4148742076342945	942
2	113921856	116772469	-3.0409988305995527e-05	1.9438872332917868e-08	0.8273413942009981	872	0.0001007388548069	4.8374162473034555e-08	0.6469336494439819	869
2	116772470	118367465	1.59541084709785e-05	9.56277849359748e-09	0.8704022807297546	468	3.721692761550047e-05	2.0053944677986242e-08	0.7926976221093338	465
2	118367466	121303782	5.41211340730589e-05	2.6693147824869215e-08	0.7404492576025674	1138	-2.4105874882589515e-05	6.36487773587993e-08	0.9238784714815788	1133
2	121303783	123302905	0.0003324840243434	2.533343520796088e-08	0.0367140882837552	674	0.000120977127889	3.685664021919156e-08	0.5285950654446725	673
2	123302906	124732249	1.3624338522320698e-05	1.0465372877817378e-08	0.8940512550958154	512	-0.0002336554330768	3.22812259147025e-08	0.1934393818884132	511
2	124732250	125840920	0.0002207585681106	1.6349491973716023e-08	0.0842583178114615	448	-6.536283449695777e-05	2.7025389008410813e-08	0.6909260563158388	448
2	125840921	127373763	-6.338555498950314e-05	1.0094874324163809e-08	0.5281255637962219	494	9.62253971625207e-05	2.2754583743537794e-08	0.5235362318602139	492
2	127373764	128034346	2.6193589025709757e-05	7.202484140358295e-09	0.7575945011499052	298	6.0976676900413685e-05	1.9271397844850132e-08	0.6604837892045923	298
2	128034347	129474440	-5.066482942399197e-05	1.0856467713778369e-08	0.626787783440413	498	-7.842177156349768e-05	2.7294446480464404e-08	0.6350161899529047	497
2	129474441	130067169	-8.14263826583376e-06	5.546124225529065e-09	0.9129345634022648	257	1.8835719807776824e-05	1.3436775569612817e-08	0.8709176305127525	254
2	130067170	130658084	1.666179158096209e-05	5.271006972825187e-09	0.8184835187825054	236	-4.0303629107348786e-05	1.321555368391458e-08	0.7258947801062614	235
2	130658085	133042783	9.714266751433776e-05	6.150571535494244e-09	0.2154712532586338	280	0.0001115042592459	1.461743382884284e-08	0.3563901871532668	278
2	133042784	135158577	2.6357690192817793e-05	2.3786552497424088e-08	0.864302540482591	1024	2.417393207431688e-05	6.221799362020624e-08	0.9227941985238556	1019
2	135158578	137042793	-1.0773083702670453e-05	1.0860379357905574e-08	0.9176649725168448	499	-2.1685159629827867e-06	2.0410943715400436e-08	0.9878897121368893	498
2	137042794	138698116	-9.994594236861364e-05	1.5231718600045525e-08	0.4180412618187294	698	-4.949712500206096e-06	3.6303522180751794e-08	0.9792748916944796	695
2	138698117	140100270	0.0001620249044839	1.491026489735936e-08	0.184540854253127	504	8.820310049095315e-05	2.5386204654350212e-08	0.5798623274652935	501
2	140100271	141805350	0.0003186345220699	1.6882837469949123e-08	0.0141954039968281	682	-8.485919269106147e-05	3.776347115497259e-08	0.6623436977820232	681
2	141805351	142518601	3.476555211667856e-05	8.173714256476837e-09	0.7005796436698084	363	4.90109346757623e-05	2.0337003959335983e-08	0.7310897876128719	360
2	142518602	144519483	4.7122431552861304e-05	3.650310660200354e-08	0.8051871672280968	772	0.0001630969386635	5.54348724268851e-08	0.4884887328935056	767
2	144519484	146445569	4.407981089644969e-07	3.7247623732282574e-08	0.9981776570085716	501	2.789417466140725e-05	2.9690198038636002e-08	0.8713963098507936	497
2	146445570	147277161	0.0001148809679928	6.987065277805488e-09	0.1693297717853743	194	0.0001922785517154	1.9269467205319243e-08	0.1660074028428316	193
2	147277162	150210291	2.2227210020631056e-05	2.1084156319861772e-08	0.8783384159277018	774	-0.0002187756570339	3.7965542340455645e-08	0.2615204808746931	772
2	150210292	151731461	-0.0001019413685973	1.2149130063966997e-08	0.3550366612679109	549	-0.0002265128920762	3.660165198096766e-08	0.2364229060911122	548
2	151731462	152486781	2.692771614644566e-06	6.337454056467272e-09	0.9730164329574924	312	-6.011702426812062e-05	1.6414880860212614e-08	0.6389107752459539	311
2	152486782	154005055	0.0002541429481154	1.3620879639923136e-08	0.0294368092047058	579	0.0001704469202529	3.098291227845415e-08	0.3328744072433544	576
2	154005056	155391134	0.0002073939157146	1.3948892671262556e-08	0.0790872807914026	580	-5.190124177649599e-05	3.704564049400878e-08	0.7874253404806467	575
2	155391135	157560634	-1.1578975156554417e-05	2.5049217834680852e-08	0.9416788848251184	670	-0.0002040440839045	3.8568791937408255e-08	0.2988153712399448	668
2	157560635	158533217	5.0775524055904365e-05	4.741992747109111e-09	0.4609092368472927	197	7.390008851415622e-05	1.3282024997808753e-08	0.5213742401033183	197
2	158533218	159577081	3.725307524041774e-05	9.716577982988534e-09	0.7054864150938761	390	0.0001345130737587	2.1688344845059747e-08	0.361042948168927	388
2	159577082	161769732	-2.6374699735808503e-05	2.4195074221952993e-08	0.8653559867613424	830	-2.876961431939841e-05	5.1990130169171134e-08	0.8995933372756866	822
2	161769733	163503550	0.0001529025955841	1.3033195261420193e-08	0.1804614500781078	467	-0.0001220613766609	2.6860957109163122e-08	0.4564155977415527	465
2	163503551	164466637	-3.516420672081621e-05	5.339923785914837e-09	0.6303683162664887	242	8.88896821567245e-05	1.2758779499070121e-08	0.4313115100510658	242
2	164466638	165178839	6.541234868538485e-05	4.528068889108502e-09	0.3310093898503455	206	-7.617192382827203e-05	1.1880135083815713e-08	0.4846455104377541	205
2	165178840	167160269	-7.2408523022778e-05	1.6421100665393072e-08	0.5720382710070477	757	-0.0002816720332579	4.289050257285219e-08	0.1738058907302411	752
2	167355970	169968235	0.0001846608138205	2.192851033533452e-08	0.2123935739005313	975	-0.0001244527765768	7.419443441103524e-08	0.6477446118963873	971
2	169968236	171226244	6.26186017064462e-05	1.2966256559438572e-08	0.5823772462708183	571	7.934266387255645e-06	3.080551132154453e-08	0.963943403385944	570
2	171226245	173138904	0.0001112285214879	1.6431573667797673e-08	0.385550940894828	701	0.0001992732329447	3.660044166541848e-08	0.2975917930389681	696
2	173138905	175588928	0.0002227735997438	3.3717759330674374e-08	0.2250512630849915	981	-6.113654871808179e-05	6.076455617396841e-08	0.8041237707054801	976
2	175588929	177363635	7.52641459261877e-05	1.3750311787285277e-08	0.5209721943949999	641	-0.0001365093538375	3.1196054691820454e-08	0.4395928698623462	639
2	177363636	178553182	0.0001347638750683	1.1573653662139092e-08	0.2103241766506363	536	7.752640607956204e-05	2.56140949217114e-08	0.6280972620358054	533
2	178553183	181312738	0.0001774410817754	2.5864444200899332e-08	0.2698869994291538	1145	0.0003168560342429	9.267172643713197e-08	0.2979449379736369	1139
2	181312739	182266030	0.0001533123620587	9.624590794645677e-09	0.1181143466652792	345	2.3053282794336452e-05	1.6752590730134737e-08	0.8586354663728017	343
2	182266031	184357607	8.447463396673646e-06	1.5213230848137054e-08	0.9453970333087816	722	7.947686379985399e-05	3.5628951824243925e-08	0.6737146588300185	717
2	184357608	185280172	-2.4317885675832856e-05	6.038277710726787e-09	0.7543217619554824	286	-0.0001635084431395	1.3885768465380164e-08	0.1652677083986342	285
2	185280173	189882064	0.0001410767694131	3.5987914526958874e-08	0.4570793515820188	1167	0.0001942842445332	5.0176136839707246e-08	0.3857561873077104	1163
2	189882065	191973356	6.66606175889413e-05	1.2129446481067444e-08	0.5449998957009334	587	0.0001588108938183	2.6962278160105853e-08	0.3334599686976282	585
2	191973357	195861163	0.0005187849817676	2.2589594411424392e-08	0.0005570644989635	834	0.0005143749458965	5.932523087812551e-08	0.0347005602948788	827
2	195861164	196447455	0.0001065986901627	8.238011689915399e-09	0.2402081871767354	177	-4.6597919801357314e-05	8.946247443449853e-09	0.622253828230407	176
2	196447456	198078109	0.000127136259773	1.1149881979880009e-08	0.2285812114667001	518	0.0001523764544092	2.3378518765753193e-08	0.3189715367040671	515
2	198078110	199311124	-2.8097150489987732e-05	8.604473424380759e-09	0.7619656166428319	377	7.27341207987396e-06	1.433362090270703e-08	0.9515567563613784	376
2	199311125	201576283	0.0006887738753951	5.172440633603572e-08	0.0024576352793118	721	0.0001547887684259	4.4352896024692466e-08	0.4623486523863596	718
2	201576284	202818636	8.070780330713515e-05	8.145132401283919e-09	0.3711798802570896	371	3.652717983777151e-05	1.6990787392504994e-08	0.779303643925965	370
2	202818637	205799240	0.0001546100415564	2.053845501292576e-08	0.2806626362635563	907	0.0002803608913673	4.7661810070672187e-08	0.1990725017052216	904
2	205799241	206735703	0.0001245422352684	1.8619273675837547e-08	0.3613923417946589	456	-0.0001156027068062	2.7208148013002497e-08	0.4834032433633041	456
2	206735704	208645398	0.0005287448580421	2.297424292448149e-08	0.000485931135219	780	0.0001769869368163	4.3091546370334015e-08	0.3938813315688673	779
2	208645399	209941528	4.012071721477065e-05	8.518435600913984e-09	0.663780833753763	399	7.364455599284066e-05	2.05567872631284e-08	0.6075002427407539	398
2	209941529	212379517	0.0001272940810387	1.8180654829030805e-08	0.3451347091014909	874	-0.0001166281899814	4.209814610942811e-08	0.5697474143672225	873
2	212379518	214014281	-4.394057833546063e-05	1.7346145993277022e-08	0.7386592559330196	737	-3.305174783334697e-05	4.5283282233482044e-08	0.8765695849483315	731
2	214014282	215573794	-2.379992988795463e-06	1.2129062863900666e-08	0.9827587672946796	504	3.68957717041128e-05	3.1431693445697273e-08	0.8351431693615815	502
2	215573795	217715660	6.971353427156196e-05	2.1522153570638108e-08	0.634646138196572	924	-0.0002195619469448	5.98230010669219e-08	0.3693546033056271	920
2	217715661	218395479	2.754949177280368e-05	7.164202153512691e-09	0.7448147725595575	315	-2.4834444753141013e-05	1.8421979754870463e-08	0.854819436756468	315
2	218395480	220454550	8.918295375311998e-05	1.6206480917246318e-08	0.4835855491023183	729	-1.205541277864316e-06	3.18451741834205e-08	0.9946098974365508	725
2	220454551	222521175	5.626660773836454e-05	2.1802968436037543e-08	0.7031590162174475	976	5.438212247632935e-05	5.5207635310332265e-08	0.8169654752278382	974
2	222521176	224859418	9.30014200634172e-05	2.087550893699122e-08	0.51978197284798	905	4.645519666231281e-05	5.460246347990004e-08	0.8424149689331552	902
2	224859419	225840003	0.0002371673533383	1.3615711985238831e-08	0.0421010878792466	409	-0.000337339442002	2.434309955935197e-08	0.030609161646448	405
2	225840004	228119841	0.0001607253466335	1.8441437468185653e-08	0.2365908368753544	855	-8.384663397393674e-05	5.019692411651789e-08	0.7082277701330502	851
2	228119842	229370786	0.0002463305127536	1.6706738709999227e-08	0.0566789794120966	552	6.757353369785484e-05	3.202427272148196e-08	0.7057245301091488	548
2	229370787	231843388	-9.472102208944491e-05	2.5972949407102174e-08	0.5567063752634365	1101	0.0001988800016674	6.776977721241077e-08	0.4448884949243893	1095
2	231843389	233550002	1.681812371550336e-05	1.3490105981205814e-08	0.8848684399444542	573	-1.4848859717121724e-05	3.082457966779394e-08	0.9325988853617088	571
2	233550003	235150986	-0.0002165099140695	2.0176572545235858e-08	0.1274481236980241	901	-2.5583687802973093e-05	4.6230995174268996e-08	0.9052863039463314	898
2	235150987	236043549	0.0001215573957111	1.4423186700493469e-08	0.3114597708286767	486	0.000233247386827	4.0527168446303596e-08	0.246608246098418	485
2	236043550	237449031	-5.492979865632673e-05	1.3666461947677812e-08	0.6384461661886944	551	3.297551514917021e-05	3.3850499603159164e-08	0.857757645546728	549
2	237449032	238760980	3.5053462514113154e-05	1.4538801503941162e-08	0.7712697188831927	618	2.03547506313174e-05	3.8535414223420895e-08	0.9174155719316764	615
2	238760981	239952642	-2.1964811559410432e-05	1.1462553138739533e-08	0.8374492937372595	493	0.0001091176000388	2.8956719308339725e-08	0.5213672236140954	492
2	239952643	241560083	4.3250441266435766e-05	2.08717107218162e-08	0.76465604470117	799	0.0001692399502031	5.9592367748011536e-08	0.4881349569804549	796
2	241560084	242149920	1.405357270500184e-06	6.124779623013991e-09	0.9856729019678832	273	1.0422879056776013e-05	1.579708976846371e-08	0.9339090990854092	272
2	242149921	243188919	-3.842492910674286e-05	5.6160386270702395e-09	0.6081325174691192	176	-4.884427909526753e-05	1.1638000912492982e-08	0.6507167200033586	175
3	60157	1441778	0.0001274380499271	1.8677872533628443e-08	0.351093078831296	734	3.0147312988942213e-05	5.04211274500452e-08	0.8931980355877316	729
3	1441779	2992119	-0.0002204694061174	2.7616299695164228e-08	0.1846151594986431	1100	1.2405941542485812e-05	7.481933297286725e-08	0.9638245450361448	1097
3	2992120	4431646	6.049206959761083e-05	2.183928019237315e-08	0.6822935551510503	900	7.166740805354336e-07	5.4357128523375354e-08	0.9975473655609856	894
3	4431647	6083182	7.4619400589072e-05	2.3874092637483877e-08	0.6291421758212116	928	0.0001005952802404	6.283129047773551e-08	0.6881853490534005	925
3	6083183	7083386	-0.0001336204263638	1.2303256466096e-08	0.2283363786249561	508	-0.0001201430049552	3.1611842260794014e-08	0.4992117032419333	508
3	7083387	8648560	0.0002813242441357	2.1661457843128137e-08	0.0559465630575473	982	0.0003244301380399	5.304121478038047e-08	0.1589277851351971	979
3	8648561	9543182	-6.351360543002251e-05	1.4857433619429028e-08	0.6023190136902776	565	0.0003662466482419	3.5724233466472586e-08	0.0526567511600332	559
3	9543183	11019664	-5.773947591207698e-05	1.8063586065530048e-08	0.667481902556315	741	0.0001267500472279	4.0675725749532746e-08	0.5296999570375631	739
3	11019665	13070798	0.0002925257714731	2.0230475415524482e-08	0.039719586283508	878	0.0002118597946824	4.4617268498813356e-08	0.3158651796630514	872
3	13070799	14816899	6.53079460649214e-05	2.2695201080606117e-08	0.6646443840787031	920	-5.40652131709556e-05	5.6580413601232566e-08	0.8201964042201908	918
3	14816900	16282441	-5.854135698674551e-06	1.3740805577959661e-08	0.9601694548509956	607	-8.142968224659611e-06	2.8821453875425822e-08	0.96174410572408	604
3	16282442	17891117	0.0006343363263415	4.5045381324234375e-08	0.0028009057243678	563	0.0001043772473366	2.5979179984662452e-08	0.5172569330065808	552
3	17891118	19125143	0.0001892069048348	1.4601946325518916e-08	0.1173993987574708	400	0.0006006483740583	1.0916984513474367e-07	0.0690800780376036	400
3	19125144	20091347	7.991110492183378e-05	5.04127553907393e-09	0.2603866357297885	229	8.022023786068597e-05	1.8806507932300292e-08	0.5585712665825584	229
3	20091348	21643706	7.234343064341807e-06	1.718561213104456e-08	0.9559915294602968	752	-0.0002646839959739	4.6540178325741895e-08	0.2198554055636804	748
3	21643707	22204243	0.0001106360000829	1.2014707960419236e-08	0.312808960094653	449	-7.488322105316093e-05	3.117330604585161e-08	0.6714752147195923	446
3	22204244	23804864	-5.027734528682684e-05	1.3739146679699052e-08	0.667969828902263	616	-8.078398830655362e-05	3.2188497915935054e-08	0.6525143305638657	616
3	23804865	25461557	0.000312500318018	2.335338670888113e-08	0.0408631145846232	881	3.148354568408222e-05	5.1921765626734244e-08	0.89010728288887	877
3	25461558	26877768	0.0001682668893337	1.1627833151806044e-08	0.1186540750514829	553	-0.0004021761678412	3.2238112035948015e-08	0.0250964438598778	551
3	26877769	27840909	4.2134310245835675e-05	6.626528956293905e-09	0.6047385702552653	309	0.0001863984490915	1.4598122835728816e-08	0.1228929691413607	307
3	27840910	29142259	7.315160878627036e-05	1.1692367120217106e-08	0.4987184417944018	530	-3.654091914957873e-05	2.6944564264235433e-08	0.8238393659092471	528
3	29142260	30717954	-1.6122539272884353e-05	2.314604397035579e-08	0.9156038077881802	782	0.0003195385937261	5.2289279030617586e-08	0.1622969419679329	779
3	30717955	32351714	-0.0001174179283538	1.9783548410862832e-08	0.4038304576236806	733	-9.08836230853678e-05	3.759754733390567e-08	0.6392756610812227	729
3	32351715	33255591	-0.0001026520776592	8.426822317539514e-09	0.2634636227089783	327	-2.7356145660836227e-05	2.4172048969482285e-08	0.8603303897603332	326
3	33255592	35283457	0.0002160172082944	2.111889958751717e-08	0.137157960481665	690	-4.282962086541962e-05	2.9619215906411195e-08	0.8034680337502873	688
3	35283458	36486841	-8.674706948051638e-05	1.0011425887082171e-08	0.3859554129377719	468	8.09065746018746e-05	2.133933896213023e-08	0.5796804819539096	466
3	36486842	38356115	-0.0001392733081575	1.561540883170106e-08	0.2650524879912278	706	-6.614531422792144e-05	3.0082666892737493e-08	0.7029323736132775	704
3	38356116	40221297	6.35259096173889e-05	1.6256780955269567e-08	0.6183189150069985	762	0.000137981971392	3.2888647499364576e-08	0.4467463587006796	759
3	40221298	41064527	-3.1966207581831415e-05	4.917597576747755e-09	0.6485033845199049	178	-1.2520823835412904e-05	6.979861777089604e-09	0.8808686002774354	178
3	41064528	42540001	-7.559885205780605e-06	1.1236822107953728e-08	0.9431454156865444	554	3.67809325776258e-05	2.3443183883236703e-08	0.8101574471694517	554
3	42540002	45165152	0.0001348341956858	2.494784335091623e-08	0.3932949149328517	855	-0.0001227065459345	3.3515797174849403e-08	0.5026924032870714	851
3	45165153	46657499	5.639321887438433e-05	1.3734255011620386e-08	0.6303753748054162	650	-7.31313362471358e-05	3.1658724977898046e-08	0.6810621415786378	646
3	46657500	47727211	7.762208680665356e-05	6.3196544833400485e-09	0.3288541688071662	211	7.081573362217776e-05	6.299889940415613e-09	0.3722845768074574	208
3	47727212	49316971	0.0001111205058612	2.1257897002431138e-08	0.4459771795688588	312	2.83422240472352e-05	2.7047390560372033e-08	0.8631748711176036	309
3	49316972	51832014	9.712705787284904e-05	2.927183512443156e-08	0.5702419193170265	609	1.4491936761883116e-05	2.3965057715566785e-08	0.9254164065351694	606
3	51832015	54081389	-3.5114606371144596e-06	2.9668591645354384e-08	0.9837351778473749	770	-3.535266370872525e-05	2.7620015784341786e-08	0.8315446567173232	768
3	54081390	55348859	7.19244607343727e-05	1.7959374327890202e-08	0.5914753530986095	745	-8.975758113008034e-05	4.410305355082957e-08	0.669086364317713	743
3	55348860	56433906	0.0002140166811629	1.1652486794259225e-08	0.0474104874856311	431	-0.0001828673710746	2.1161749046171072e-08	0.2087272627050213	430
3	56433907	58157518	-2.365461323064531e-05	1.3135076199609352e-08	0.8364822347472521	650	-0.0001437240722574	2.5689245163755412e-08	0.3698716672250455	648
3	58157519	60272905	0.0003272040791479	2.6872929124258465e-08	0.0459335881533495	1138	0.0002833280280176	6.875160457614359e-08	0.2798937331811315	1135
3	60272906	62355665	0.0004959356855507	3.682415522327491e-08	0.0097549882550986	1165	0.0004283237553989	6.789412782905819e-08	0.1002119853343382	1157
3	62355666	63669285	5.422966804190698e-05	1.8313030761958298e-08	0.6886155393558494	752	-6.141191831638665e-05	4.535744904815167e-08	0.7730745698274422	747
3	63669286	65273537	-8.567236382535323e-05	2.5300018392430233e-08	0.5901509197399945	872	0.0001053132777414	5.37270717952245e-08	0.6495799364761247	868
3	65273538	66270446	2.1592586841573365e-05	1.0659227751714828e-08	0.8343371826190423	397	-5.529069535519222e-06	2.8520007680263183e-08	0.9738820122989664	397
3	66270447	68286913	-0.0001269421465502	1.7423454823991572e-08	0.3362013405106636	764	-0.0001584480331611	4.2506055945548244e-08	0.4421717201854911	761
3	68286914	69276761	2.821589292778909e-05	9.182402334004884e-09	0.7684119508230767	428	-3.63426680435336e-05	2.064513308453494e-08	0.8003188770327184	427
3	69276762	70449027	-2.7050919393551847e-05	1.3951600313179156e-08	0.8188547621452936	459	0.0001139271491308	2.6075120332379512e-08	0.4804819001657791	457
3	70449028	72529328	-0.0002291678869835	2.8358969656532368e-08	0.1735628019380796	883	-0.0001341909532648	7.393091579987216e-08	0.6216408465921235	881
3	72529329	74321816	0.0001811311736696	1.9329080165336467e-08	0.1926329525816926	811	-3.971688348063333e-05	4.9531709546902254e-08	0.858364115180211	808
3	74321817	75704948	-1.9154821841682517e-05	7.337837851455973e-09	0.8230596438888629	327	0.0001297957201441	1.3024070780711145e-08	0.2553998069590766	327
3	75704949	77508834	7.080576579291663e-05	1.295030482457734e-08	0.533811664068568	606	0.0001257790787386	3.5364084934332635e-08	0.5035926755610352	603
3	77508835	79024540	-0.0001076247975347	1.0266820881424228e-08	0.2881581569405006	484	-1.0225877342721364e-05	2.4375098940488163e-08	0.9477775771375478	483
3	79024541	81427309	-5.671536274840343e-05	1.218084534676094e-08	0.6073356562790397	606	-5.217546154744395e-05	2.3587189328213348e-08	0.7340632231642472	603
3	81427310	82643885	5.6640423192136336e-05	8.694581855150563e-09	0.5435601073698435	350	0.0002784748934087	2.1122227377716312e-08	0.0553534807239248	348
3	82643886	84367478	-2.9610877839214913e-05	7.959825631420196e-09	0.7399692409936613	405	0.0002078784239818	3.714025732179115e-08	0.2807366791273095	405
3	84367479	85582230	6.706792643801867e-05	1.3715713780351906e-08	0.5668670465996215	316	0.0001480747580014	2.778697053004092e-08	0.374378553623297	315
3	85582231	87409731	5.15219215992455e-06	1.0277761186118238e-08	0.9594681956209216	534	4.718853213653293e-06	2.0168855014788305e-08	0.9734932794667388	533
3	87409732	88298372	5.382164322285653e-05	4.643971806641589e-09	0.4296498515741364	242	9.893202919038612e-05	8.867861908736277e-09	0.2934533898780149	242
3	88298373	94255315	-6.537694889301983e-06	1.1626872654761581e-08	0.9516532558056262	588	7.09461481953956e-05	2.508378985210139e-08	0.654187269221515	586
3	94255316	95311970	-1.7630868931789575e-05	5.033598278356033e-09	0.8037440076650136	258	-1.7903959705262432e-05	8.475532324192764e-09	0.8458033312816345	257
3	95311971	98215949	0.0001693325936462	1.373597417078836e-08	0.1485111784025571	698	7.21607273442532e-05	2.6618113978250064e-08	0.6582755776759726	698
3	98215950	99373761	8.918177854868207e-05	8.173691216065783e-09	0.3239213208881806	394	-0.0001251162374249	1.6059746606147962e-08	0.3235009449720971	394
3	99373762	100592216	-2.9155703713122535e-05	8.262313403316742e-09	0.7483964773129612	410	3.919315699530652e-05	1.392213589981094e-08	0.7397626820464493	408
3	100592217	103084959	2.394574416097182e-05	1.6340092820629695e-08	0.851404017856878	798	-4.409123445554694e-05	3.3417365839899733e-08	0.8094049108766231	797
3	103084960	104581612	4.9110830648113995e-05	1.051124819379972e-08	0.6319271564096858	524	0.0001572644850956	2.3274683502308537e-08	0.3026186367764641	523
3	104581613	106982810	0.0001356208282232	2.7203381742558505e-08	0.4109227096230758	844	0.000159673733314	5.0459833170399834e-08	0.4771948363167546	837
3	106982811	109522394	0.0003180930507377	3.364738914656788e-08	0.0828972548677834	908	0.0002415949258903	4.344303966868928e-08	0.2464080285290986	906
3	109522395	110513769	-1.352033024629017e-05	5.785190287759807e-09	0.858913251595394	300	9.340601205298352e-05	1.5349090311255276e-08	0.4508886651787934	298
3	110513770	112815698	7.019729902410882e-05	1.7680035964627605e-08	0.5975458222213925	833	0.0001995577150996	3.9061502837581055e-08	0.3126371568252656	830
3	112815699	113947862	9.408990628235775e-05	9.480721096487087e-09	0.3338825426797446	443	0.0001954037696792	1.9062296484452875e-08	0.1569835911736906	439
3	113947863	115447079	8.034330556457625e-05	1.2237137450823978e-08	0.4676613033386818	464	3.6357980411842955e-05	3.1383151858555344e-08	0.837388508215705	465
3	115447080	116800152	0.0001803114702566	2.31462412626031e-08	0.2359475774165449	610	0.0001293082394745	3.124442454280133e-08	0.4644474729201837	604
3	116800153	118530250	0.0002440370075083	2.3077814562092735e-08	0.1081822696142569	676	0.0001418060076057	3.5897425886494816e-08	0.4541885824397866	672
3	118530251	120523054	-0.0001087654281111	1.6696429312005162e-08	0.3999323025445186	812	-4.917843782162384e-05	3.7353596347690854e-08	0.7991451831872122	811
3	120523055	121974096	2.3133726570197623e-05	9.196769541737685e-09	0.8093783116715052	470	-2.0709710643152896e-05	1.6704231758795893e-08	0.8726949735159643	470
3	121974097	123517767	-8.984482161578849e-06	1.3017909667155451e-08	0.937235533012289	612	-0.0003384494688801	2.8568272374214268e-08	0.0452412273586944	608
3	123517768	124936641	0.0001251774404286	1.7737056400056983e-08	0.3472648117723751	697	-2.1622858031009467e-05	3.6051717659556045e-08	0.9093323676282395	697
3	124936642	126214942	2.9557155025274337e-05	9.723956480553369e-09	0.7643773681536145	470	3.334482919012753e-05	2.0399080506372825e-08	0.8153997524388326	470
3	126214943	128194860	-5.494079297534946e-05	2.1691325004989735e-08	0.7091209236436398	785	-0.0001150044347896	3.7429335011150767e-08	0.5522173977333834	783
3	128194861	130244734	4.606480120122885e-06	1.1196174019286681e-08	0.9652753980102384	550	-0.0001517474931325	2.2853848400904587e-08	0.3154809716270581	548
3	130244735	131836515	7.123615319435161e-05	1.2558513470918612e-08	0.524991891137846	626	9.09659793828937e-05	2.5218880006360652e-08	0.5667684254742373	623
3	131836516	133252172	-4.9530328082252583e-05	1.2258827271733105e-08	0.6546228914514862	585	0.0002057139486079	2.7583633100229233e-08	0.215486344106405	582
3	133252173	135456905	0.0001396003644176	2.3649640253663658e-08	0.3640014564753454	1013	-6.118684231162136e-05	7.165840150908267e-08	0.8192009941458968	1009
3	135456906	137371082	-0.0001410123321335	1.1429509031847561e-08	0.1871706232053495	577	-0.0001283497450148	1.9048431197706332e-08	0.3523905373518752	576
3	137371083	139954596	0.0001436421746053	2.0685238782013784e-08	0.317921484954117	966	9.710695338481652e-05	4.290831448050885e-08	0.6392187743641914	965
3	139954597	141339096	2.0955607905506192e-05	1.1235803730189825e-08	0.8432828092551337	542	-5.5970607166349093e-05	2.417748576630865e-08	0.718876918415134	542
3	141339097	143164627	5.513256192263442e-05	2.0972766619298425e-08	0.7034275374422998	742	-0.0001844416871118	3.547604202725546e-08	0.3274587795536058	739
3	143164628	144410815	0.0001180768318294	9.977184392521488e-09	0.2371590319431351	455	8.312273602326239e-05	2.092700026084505e-08	0.565561209207897	453
3	144410816	145664618	4.082159909149686e-06	9.516954689217326e-09	0.9666224582153656	460	0.0001330429219914	2.2338442613953207e-08	0.3733830015262865	454
3	145664619	146726628	-8.945396143510804e-05	8.367443156723241e-09	0.3281140436639268	399	-4.257023751737694e-05	1.965939865410649e-08	0.7614224290799096	398
3	146726629	149043236	0.0001818993494844	1.8407338293762662e-08	0.1800138241105201	806	-0.0001983352164548	4.2906623209073735e-08	0.3383161881372042	805
3	149043237	150252003	-0.0001185757341923	1.1877281578995684e-08	0.2765858167096118	508	-0.0002462310614494	2.7868367911249056e-08	0.1402170639615484	507
3	150252004	151348729	1.4770648381662326e-05	9.52556167426426e-09	0.8797073705552383	435	3.759299745545288e-05	2.2376814812639223e-08	0.8015753160942408	435
3	151348730	153256570	-4.437359914599572e-05	1.4794753572513962e-08	0.7152506980634572	663	-4.922552457652919e-05	3.5923878597522543e-08	0.7950828325732094	660
3	153256571	154714217	-2.6197882449722747e-05	9.756736259197822e-09	0.7908363966405765	483	3.602326837750976e-05	2.1287441878191864e-08	0.8049854904412649	479
3	154714218	156008699	6.502416803823536e-05	8.778105717470513e-09	0.4876672464469066	404	-0.0001036727335702	2.273711291146531e-08	0.4917435794484521	404
3	156008700	157312027	-1.2082303200141012e-05	1.1117966583387723e-08	0.9087721291102476	528	0.0001377066913104	2.435754377357707e-08	0.3775904127206653	526
3	157312028	159477889	0.0001419223018447	1.542468776920488e-08	0.2531519923990931	748	0.0001474647755118	3.2102609736990176e-08	0.4104882840286824	744
3	159477890	161524503	0.0001810930848403	1.3177910216391585e-08	0.1146728167150822	659	-5.109837396858616e-05	2.5969748865041946e-08	0.7511804870562826	656
3	161524504	163253204	0.000130925194358	1.2947775500909026e-08	0.249895440213251	615	6.362605441745941e-05	2.6350538370596704e-08	0.6950887712853624	608
3	163253205	165055468	3.807224421718432e-05	1.0057804265120156e-08	0.7042224486694302	545	3.754724878974573e-05	1.9270619633823616e-08	0.7867933378807	544
3	165055469	167117428	0.0001361552879929	1.1529703558698984e-08	0.2047914976637074	557	-5.5821125553093854e-05	2.5636830433293115e-08	0.7273660971626303	557
3	167117429	168580959	3.413028618719458e-05	1.3255316021488175e-08	0.7668898691797157	445	0.0001194397505648	1.8660854173696292e-08	0.3819300739373674	443
3	168580960	170964908	4.404411863856003e-05	1.8927974955095837e-08	0.7488644915296427	857	-5.207195737026016e-05	4.3466214846769886e-08	0.802770683852361	854
3	170964909	172295730	5.165344035454445e-06	1.4086418180493758e-08	0.965286216935368	588	0.0003290046342514	3.4909870376811604e-08	0.0782599948562712	585
3	172295731	173477284	6.758029038405712e-05	1.0325327494860371e-08	0.5060049599568115	450	-2.6792668885550596e-05	2.412794155564073e-08	0.8630548455097297	447
3	173477285	175116538	0.0002060940693107	1.5595806124812267e-08	0.0988826170031821	717	0.0003533859916416	3.6736092564546985e-08	0.0652190772998815	714
3	175116539	176320286	-2.3753681536597893e-05	8.980625779536754e-09	0.802080293737598	419	9.939308645880186e-05	2.089613895352905e-08	0.4917173885948721	419
3	176320287	178107164	0.0002422519931037	1.4952644175794774e-08	0.0475790570517234	644	0.0001406151394985	3.660559666483138e-08	0.4623693863256614	641
3	178107165	179374585	-7.8508676260139e-05	9.876919727196437e-09	0.4295492258124488	456	-7.843995074354823e-05	2.3322193261412606e-08	0.6075088522092159	455
3	179374586	181511165	0.0002416675326479	2.120379247530662e-08	0.0969887101677027	554	-5.175169635669381e-05	2.6153609990459843e-08	0.7489634207039491	553
3	181511166	183769682	0.0001382893837289	1.717527897690463e-08	0.2913314658806785	779	3.5430126416142634e-05	3.7904125741753234e-08	0.8555965144772159	776
3	183769683	185068254	-7.183658824253501e-05	1.272858453821516e-08	0.5243004137387188	512	9.041080303994728e-05	3.108955198503783e-08	0.6081200756501164	511
3	185068255	186890343	0.0003508728657505	1.9853655381655853e-08	0.0127680878153224	782	0.000370523334984	5.444973141630953e-08	0.1123134645684371	780
3	186890344	188856213	7.578511842396896e-05	2.283397363259289e-08	0.6160012008932878	894	-6.903958703899935e-05	6.15221091471451e-08	0.7807479521996262	890
3	188856214	190226606	-0.000150122878948	1.6999731449348606e-08	0.2495681183901518	713	4.625936171911177e-05	4.3510909013879885e-08	0.8244938243988433	708
3	190226607	192343813	0.0001857374439862	2.0187541617895392e-08	0.191128742424229	925	0.0001070358740343	4.788221409282632e-08	0.6247353537000977	922
3	192343814	194059670	-0.0001102210262695	1.8390535199773147e-08	0.4163503667034179	696	-6.82626598942904e-05	3.802468114863968e-08	0.7262888736303447	693
3	194059671	194786673	7.091257728197808e-05	9.931705156742429e-09	0.4767374521320372	382	0.0001156589150061	3.6182654279790913e-08	0.5431639604434837	382
3	194786674	195971407	3.0563391948617055e-05	8.476425868724171e-09	0.7399140314148892	354	-0.0001792859204965	1.9365574616313553e-08	0.1976271182200363	349
3	195971408	197075986	0.0001277968797867	9.635050475822824e-09	0.1929345572128614	432	0.0002701187997847	1.836314126286349e-08	0.0462242582572358	430
3	197075987	197946621	-6.351054173329675e-07	5.4578939374306615e-09	0.9931408865925188	230	-6.286317035558623e-05	1.3341839248752741e-08	0.5862780797259572	230
4	10240	694714	-7.145078837436459e-07	2.521627055606339e-09	0.988647487085118	143	-2.247052775775403e-05	5.990758398198758e-09	0.7715737843085728	143
4	694715	1478710	-7.4919806457881875e-06	8.500308485800339e-09	0.9352348143186212	297	-0.0001273763720406	1.4525466847853036e-08	0.2905684169054585	295
4	1478711	2842978	-3.68442452153373e-05	7.936083680702883e-09	0.67917682887185	365	5.68901602103169e-05	2.0504933510736802e-08	0.6911533911683904	365
4	2842979	3846039	7.162522616467058e-05	9.255141393483684e-09	0.456563907019399	337	0.0001128902409111	1.8960877601372108e-08	0.412309392625261	336
4	3846040	4684115	7.059265129001925e-05	6.209232498987398e-09	0.3703271140737995	270	-8.272379704623113e-05	1.7301140431014673e-08	0.5294036227863588	270
4	4684116	5502387	-7.07864811432957e-05	1.0782183548821651e-08	0.4954250247167988	446	-0.0001675457295829	3.195164537374617e-08	0.3485952373716037	445
4	5502388	6773042	0.0002577839564439	2.7251955629668756e-08	0.11839305831699	783	0.0002394836450431	6.26424574879626e-08	0.3386456348826189	780
4	6773043	7539691	-6.544797781604025e-05	1.2811106526640667e-08	0.5631067879275695	476	-0.0003243548892174	3.831034964871646e-08	0.0974887130439072	473
4	7539692	8152234	-3.006206503527428e-05	1.0461725209993938e-08	0.768825232165665	402	-1.9525921007043353e-05	3.0880259607569145e-08	0.911525485623074	400
4	8152235	9326478	5.075848714764296e-05	6.9818132522103285e-09	0.5435393055393885	289	-4.1335463474180296e-05	1.9807170439179325e-08	0.7689832029435861	288
4	9326479	10699151	-7.935821441308324e-05	1.1181725961031066e-08	0.452967389510061	609	-5.159923910039485e-05	2.5789751537136783e-08	0.7479780150300412	604
4	10699152	12323033	0.0001273976955796	1.5721326925151273e-08	0.3096034686531074	775	-0.0001264552407252	4.0793253436962286e-08	0.5312503383235289	770
4	12323034	14272000	5.881428068350689e-05	1.6891518060282423e-08	0.6508864086709856	826	-2.460389880230355e-05	4.4475079408952895e-08	0.9071244664875664	824
4	14272001	15147445	2.586372737021099e-05	9.484127801837344e-09	0.7905640805515156	422	-0.0001650809842878	2.6488390454121803e-08	0.3104364606880126	418
4	15147446	15927008	3.686076014281314e-05	6.165360960137271e-09	0.6387513459287397	301	-9.645627805870672e-05	1.6616001160563733e-08	0.4542880588444747	299
4	15927009	17383321	3.758583245634957e-05	1.6451133443086226e-08	0.7694919099699107	760	-0.0001558112648733	4.614314360418328e-08	0.4682397475944195	756
4	17383322	18841873	1.5664983926644917e-05	1.1499025138324281e-08	0.8838559294539055	484	-2.1500955626894048e-05	2.369918300034556e-08	0.8889237944518642	482
4	18841874	20544556	0.0001312506342048	1.1031390444507606e-08	0.2114296496054103	567	-2.9830054653642137e-05	2.8231699362902473e-08	0.8590876768049858	564
4	20544557	22319346	-2.0543119780638543e-05	1.966077050421684e-08	0.8835190989810502	774	7.207110902851917e-05	4.2319998008764035e-08	0.7260843604862821	772
4	22319347	24135528	-0.0001551812042962	1.4582696421923328e-08	0.1987746318029929	692	0.0001854438876782	4.0770938276740634e-08	0.3584036304603015	691
4	24135529	25609321	0.0002508372095634	1.5345308742168172e-08	0.0428773630192077	683	3.747311704635769e-05	4.3492402047895695e-08	0.8573994482143643	682
4	25609322	27343721	0.0002056858545691	1.9107209183568323e-08	0.1367483048275074	644	0.000713783382999	4.262280035288279e-08	0.0005454820538178	640
4	27343722	27965867	4.463588858515097e-05	5.224866633129234e-09	0.5368959636432262	246	-8.34322801140044e-05	1.5019494582716044e-08	0.4960110395791729	245
4	27965868	29762207	-7.593400801566946e-05	1.416768557824645e-08	0.5235060113320601	661	-4.118609184209261e-05	3.302359855387775e-08	0.8207029457893178	659
4	29762208	30454534	-3.091296900286887e-05	4.2373816008768605e-09	0.6348662324305135	196	6.345696699281885e-05	1.2120563921370676e-08	0.564350292672334	196
4	30454535	31782980	0.0006219984141862	3.1721152807614594e-08	0.0004788331765112	496	8.334481894924698e-05	2.8758609597429732e-08	0.6230959443926563	494
4	31782981	33172765	4.716285390536076e-05	7.63295222879008e-09	0.5893170287178953	400	0.0001821353064934	1.9798966987974984e-08	0.1955227931961832	400
4	33172766	35151414	5.333480133206844e-05	8.400326385849513e-09	0.5606211840237867	448	9.796491069896456e-05	1.6316259155873238e-08	0.4431183864120497	444
4	35151415	36020435	-2.7917124172802327e-05	6.420046362012028e-09	0.7275256763345928	319	-2.56008562074186e-05	1.62550488439426e-08	0.8408561768432993	319
4	36020436	37255046	0.0001443038392489	1.035899233931942e-08	0.1562452001750883	528	7.90546259335871e-05	2.7477746925226693e-08	0.6334259766387993	526
4	37255047	38907021	0.0001258794194877	2.1658611439224535e-08	0.3923622473131404	910	0.0001559156021197	6.42796959847913e-08	0.5385757119352126	908
4	38907022	40202608	1.6193912913282928e-06	1.2279105475708631e-08	0.9883401480086046	489	-0.0001477619479817	2.9786843135410727e-08	0.3919142614950691	484
4	40202609	42213057	-0.0001501491569502	1.9130066092652177e-08	0.277661721875222	816	-0.0005976749055738	7.268792596459526e-08	0.0266341896755408	815
4	42213058	43965044	0.000132248922076	1.2950828942623993e-08	0.2451950037861248	644	-8.090996988956389e-05	3.33054097651513e-08	0.657514119166241	643
4	43965045	45189156	3.219038742477344e-05	1.575137612336917e-08	0.7975740901334455	410	9.99635668808262e-05	2.5682880612485832e-08	0.5327829894976883	405
4	45189157	47411895	9.72761274512656e-05	1.2743501574598294e-08	0.3888463003555964	564	0.0004177325664491	2.7618174152619755e-08	0.0119496705915777	561
4	47411896	48123599	0.0001823435657218	6.558327048387284e-09	0.0243466861381684	267	4.893982507487936e-05	1.7599292069311338e-08	0.7121983642294276	265
4	48123600	53877432	3.8821455246559295e-05	1.0577683556210372e-08	0.705828174849239	586	5.336279628540731e-05	2.128929665686622e-08	0.7145682319643518	581
4	53877433	55429555	0.0001821548453574	1.4923715696396165e-08	0.135939321238683	595	-8.393050788922256e-05	2.965057305892615e-08	0.6259607548531856	592
4	55429556	56547643	-6.032095394997295e-05	9.146414331542034e-09	0.528217766264777	442	0.0001184017205328	2.2727777056125272e-08	0.4322311262796405	442
4	56547644	58935007	1.8811054091361473e-05	2.3421241174589345e-08	0.902173669234512	1063	-3.568300783684151e-05	6.474436848436667e-08	0.888473289222645	1056
4	58935008	60741086	4.876854778442609e-05	1.067095974030306e-08	0.6368522450590188	564	-0.0003550120529618	3.249983661363829e-08	0.0489235284399019	562
4	60741087	62371762	-0.0001193593628664	1.0504887141630132e-08	0.2441983078668209	514	7.425080166578847e-05	3.7878812522004764e-08	0.7028267794050779	513
4	62371763	64341000	-0.0001950208417988	1.824790850139779e-08	0.1488256987290886	538	-0.0002615419735492	4.1623162966075335e-08	0.1998573179510675	537
4	64341001	66600491	7.999769135460643e-05	1.8789125733234137e-08	0.5594814259907755	644	-0.0001404192042681	3.2623422424916066e-08	0.4369046409928416	641
4	66600492	68059496	-9.130619850238624e-05	9.464788645596135e-09	0.3479758347199736	473	4.349173144745309e-05	2.4522142021768937e-08	0.7812173212028949	471
4	68059497	68854764	-4.883659827192326e-05	6.182271916373591e-09	0.534524584966644	313	5.766163542633816e-05	1.6033523526552195e-08	0.6488370001429453	311
4	68854765	71049151	-3.0419029703258883e-05	1.0085565893200957e-08	0.7619682251056197	570	-5.705822602345531e-05	2.2290832985982323e-08	0.7023362360481775	566
4	71049152	72140557	3.011668125433797e-05	6.052700467973181e-09	0.6986760080092459	298	-4.126345965265493e-05	1.639925477620621e-08	0.7472854225956231	297
4	72140558	74592389	-7.514696901226561e-05	1.1363063378915809e-08	0.4808358581887224	631	-0.0001139576921525	2.7492623568856954e-08	0.4919044585039595	629
4	74592390	77130706	7.142138274445496e-05	1.6110107289373918e-08	0.573637311289862	877	-6.276639173082176e-05	4.0321509170146844e-08	0.7546010946900247	875
4	77130707	79093978	-0.0001521865568078	2.014562789241877e-08	0.2836190302278462	869	-9.153834370900252e-05	4.2302645064396223e-08	0.6562758578351502	868
4	79093979	80990296	0.0002013989416657	1.5492820054807016e-08	0.1056518163071945	658	0.0001422232319159	3.183815477952642e-08	0.4254102344249181	656
4	80990297	82125314	0.0001345034582053	6.0229812422518854e-09	0.0830750079582161	307	0.0001695404808395	1.477913243449814e-08	0.1631371934183508	306
4	82125315	83372592	0.0001134068287337	8.909785754097294e-09	0.2295768259956992	440	-7.759927204035029e-05	2.2057325637352725e-08	0.6013264965331651	438
4	83372593	84799655	2.715633210896629e-05	1.1657372624056316e-08	0.8014128859210858	592	-7.627811344529736e-05	2.8052776363898097e-08	0.6488071701535578	590
4	84799656	86930608	-3.483588068246953e-05	1.332220652005602e-08	0.7627942115630983	715	0.0001390484349135	3.18479930103134e-08	0.4358871376996629	713
4	86930609	87534647	3.907609977472085e-05	4.648117739239806e-09	0.5665392460504753	162	-1.2463571548240878e-05	8.268625353451313e-09	0.8909795960478737	159
4	87534648	89238027	8.787759679494144e-05	1.3924971308700548e-08	0.4564534482498762	696	-0.0002543959382177	3.6655638798821167e-08	0.1839339979200942	690
4	89238028	90231563	1.4323085634301736e-05	8.29765547119025e-09	0.875056887883161	380	6.722925169634899e-05	2.2868724291233587e-08	0.656632636401791	379
4	90231564	91560676	0.0001464826290306	8.186361507257912e-09	0.1054522219616296	412	-2.068119094473433e-05	2.1066388321342975e-08	0.886693984311576	411
4	91560677	94233298	-1.3016638805063168e-05	1.4610200386976145e-08	0.9142425088936648	713	-0.0003471965288269	3.85155154650793e-08	0.0768736979814408	711
4	94233299	96182187	-5.6417869371267425e-05	1.3856929683456476e-08	0.6317442620180292	728	0.0002545181572776	3.773740197228247e-08	0.1901331075309978	727
4	96182188	97540702	-2.681420381169534e-05	1.2444785082097835e-08	0.8100473191079651	592	0.0002155131028321	3.2051246243393315e-08	0.228670232814989	590
4	97540703	99424066	1.9797631717133113e-05	9.415588311440792e-09	0.8383317143965707	495	0.0001093030081965	1.8438443142248693e-08	0.42084737227014	495
4	99424067	100678359	0.0001483539604524	3.511418594091512e-08	0.4285386019039576	521	0.0005893651646733	9.117676092621949e-08	0.0509581810262265	519
4	100678360	103221355	-0.0003842415869097	9.053355254330747e-08	0.2015932275215121	961	0.0001231008918686	6.16324007755271e-08	0.6199951381892062	959
4	103221356	105305293	2.6346843812180885e-06	3.8773240381314105e-08	0.9893244649417036	604	6.755790970945814e-05	3.3612506619922516e-08	0.7125078706641019	604
4	105305294	107501304	8.103341548028553e-05	1.3191884815991882e-08	0.4804852858627586	715	0.0001362195341588	3.0370102111545576e-08	0.4344161330526247	711
4	107501305	108815347	1.4730546655589605e-05	7.846446829918446e-09	0.8679238501910234	404	-8.985165669686575e-05	2.054493237237392e-08	0.5307480071418346	403
4	108815348	111256566	-3.7493096198609274e-05	1.8185585059379165e-08	0.7809912915650847	916	9.71133784426954e-05	4.6481896357809116e-08	0.6523930631315291	913
4	111256567	113870101	6.240770840159399e-05	1.6972741052453312e-08	0.6319176551531254	852	0.0001199469005123	4.2531321993833854e-08	0.5608269478172356	852
4	113870102	115666245	5.722227687101915e-05	1.4589297338169829e-08	0.635679186547544	701	0.0003262993443653	3.7966356683472e-08	0.0940084600828037	698
4	115666246	117276928	5.2003123735584614e-05	8.078448712036391e-09	0.562870779027092	457	-1.271733625644429e-05	1.92505027689549e-08	0.9269689732210512	454
4	117276929	118479917	5.094816637096916e-05	8.785098432011245e-09	0.5867376131754625	422	0.0001064638845403	2.2894364149642204e-08	0.4816696147630255	421
4	118479918	119933511	0.0001796617369815	1.185449170767311e-08	0.0989194846643875	502	9.957160710236502e-05	2.3609801040796178e-08	0.5169711043387744	501
4	119933512	120392683	3.1062904247071055e-05	3.4966443808656752e-09	0.5993671545758689	184	5.815815992230498e-05	7.921330012497051e-09	0.5134669490480972	184
4	120392684	122657986	0.0001132496470223	1.785827820987041e-08	0.396741104355682	884	0.0001366958980999	4.525372620865175e-08	0.520495601895882	879
4	122657987	124286480	-2.2616805646281873e-05	8.453750569229906e-09	0.8056947533245842	452	3.0147290938166074e-05	1.9303689958364783e-08	0.8282206527080186	449
4	124286481	125210861	-1.949036749409923e-05	7.069593925401932e-09	0.816689475838847	327	3.311666729647841e-05	1.990055087277935e-08	0.8143992217648173	326
4	125210862	126480885	-1.8410712116264463e-05	1.0654649009496109e-08	0.8584391161325576	469	-7.076093510506098e-05	3.1821245703519585e-08	0.691607040595462	466
4	126480886	127275476	1.2302961174082168e-05	5.71057293013953e-09	0.8706713592858502	273	3.215310812961637e-05	1.5191887656787595e-08	0.7941960250214242	272
4	127275477	127830292	-7.167653482248767e-06	4.241750854278557e-09	0.912366832244308	200	3.323204263579445e-05	1.1183103724186629e-08	0.7533308550006421	200
4	127830293	128996664	1.0192463769419923e-06	4.209987947470557e-09	0.9874668294169542	240	3.012936703498428e-05	9.006561678593744e-09	0.7508826724388564	239
4	128996665	130591884	-0.0001625619978281	1.2969087629388731e-08	0.1534469983126784	541	1.6337013863396724e-05	2.6400244812255753e-08	0.9199101478370671	541
4	130591885	131283820	-1.7284673079290687e-05	4.1264199268542894e-09	0.7878714391891459	218	-0.0001040821864306	1.0566963832347104e-08	0.3112920672504746	218
4	131283821	132954032	-1.0840301269178268e-06	9.272161785966984e-09	0.9910178202933484	450	-3.111293836604402e-05	2.5569532469158033e-08	0.8457282731733644	450
4	132954033	134628433	-2.645203232001118e-05	8.563736081373843e-09	0.7749984498718385	474	-2.5019651417016383e-05	2.0451321406315993e-08	0.8611168260100616	473
4	134628434	136566406	5.8907422691775296e-05	1.0199017926747543e-08	0.5596923858893096	529	0.0001124854164907	2.8784095709742097e-08	0.507324299285317	528
4	136566407	138541970	0.0002236029529579	1.4315626356255145e-08	0.0616449364118794	659	-1.9674621712423393e-05	4.1231043647731995e-08	0.9228110446380317	658
4	138541971	139556510	-8.491075201287096e-06	8.896757591802217e-09	0.9282700368842348	423	8.106611834262289e-05	2.4393292420767983e-08	0.6037300647759989	423
4	139556511	141084630	0.0002737543364055	1.7739490968878238e-08	0.03984309028695	606	0.000523530800698	5.6891396193955586e-08	0.0281692478252529	603
4	141084631	143443264	0.0002626560881102	1.6930705354459813e-08	0.0435289672069955	843	0.0001175209002561	4.469056916598831e-08	0.578270036153717	842
4	143443265	146178186	0.0002996675089518	3.1661280437277084e-08	0.0921566913485163	653	0.0003761046787516	2.4205786410248268e-08	0.0156316803359769	650
4	146178187	148521872	0.0002422052770769	1.5258404578190013e-08	0.0499046026904097	732	-0.0002941993704768	4.002899772194597e-08	0.1414361430461528	730
4	148521873	150683579	6.209958907139929e-05	1.2592287563801998e-08	0.5799919334515609	634	-8.105664645555843e-05	3.235691272885608e-08	0.6522674661811865	630
4	150683580	152782183	-9.116515014851856e-05	1.4617124402396818e-08	0.4508215595719284	621	-0.0002734889968584	3.2518051721909505e-08	0.1293619288593599	620
4	152782184	154477640	-8.350512069241939e-05	1.3364863480003513e-08	0.4700965278404808	608	8.780141073780844e-05	3.497496606832093e-08	0.6387221374952319	605
4	154477641	155056125	8.492448565363156e-05	5.225011189195603e-09	0.2400472723592803	243	0.0001704722606929	1.3734176672926738e-08	0.1457718458370109	242
4	155056126	157485096	-6.564071835758723e-05	2.0653994887371256e-08	0.647856239131851	979	0.0001700018622212	5.755359511973993e-08	0.4785562253915113	973
4	157485097	158743717	-4.411878710039675e-06	7.684321800688801e-09	0.9598599843335484	398	3.013164089579459e-05	1.9013079282230777e-08	0.8270218753909446	397
4	158743718	161058863	8.877485527135706e-05	1.1524507552439968e-08	0.4082659059101379	625	-8.659903847832478e-05	2.8459167587496617e-08	0.607716098024859	622
4	161058864	161826434	-9.358780152994292e-05	6.822962059286332e-09	0.2572111228841596	315	-0.0001634437495468	1.9286913211593103e-08	0.2392382444980999	312
4	161826435	163243678	6.998001465285429e-05	1.1859520439127662e-08	0.5204839290185844	548	3.576354284202958e-05	3.329672231336727e-08	0.8446159161879012	546
4	163243679	164478233	9.659695611891329e-05	7.666320895986417e-09	0.269923015606333	390	1.842203873813054e-05	2.047430734112496e-08	0.8975587910090586	389
4	164478234	165823447	4.5627953747599095e-05	1.1156343389648473e-08	0.6657513109620687	526	3.0057732846046177e-05	3.114204578538753e-08	0.8647532396436244	524
4	165823448	167018857	0.0001836612081264	1.6437898342970524e-08	0.1520010978982452	456	0.0001100724911031	3.086622352559626e-08	0.5309719292304262	454
4	167018858	167852916	6.8799578480931725e-06	4.459884423433347e-09	0.9179466402608276	230	6.74363679246447e-05	1.2379968512077933e-08	0.5444575089233343	230
4	167852917	169676824	-0.0001878852514157	1.4804290435796904e-08	0.1225438983821372	713	-9.462802538851714e-05	4.1034491226156146e-08	0.6404011067260739	712
4	169676825	170776509	7.035998081409823e-05	7.1960780768451356e-09	0.4068632495476824	373	5.9279031691694414e-05	1.7939310205719705e-08	0.6580648008437502	369
4	170776510	172558634	2.145267948205081e-06	1.0175753435986088e-08	0.983032979572966	520	0.0002086358812581	2.6209288913925028e-08	0.1974925438799704	518
4	172558635	174264131	-2.433490612020413e-05	8.985735787020046e-09	0.7973980576822903	460	-0.0002112966583768	2.319156595317216e-08	0.1652946083081553	460
4	174264132	176570715	5.986761754509133e-06	1.8810589926854295e-08	0.965182873078334	757	3.765946517755437e-05	5.404530703975846e-08	0.8713116877435684	752
4	176570716	178991909	0.0002715640749373	2.3383530792633413e-08	0.0757502331017439	991	0.0003904270641928	6.468574285907985e-08	0.1247601705368396	987
4	178991910	180122042	4.211032022536791e-05	8.731918301948276e-09	0.6522460601251321	405	4.869712159395794e-05	2.4459389209644998e-08	0.7555173298078204	404
4	180122043	182066806	5.886675051603476e-05	2.3810434762628525e-08	0.7028375771994233	960	0.000459072015712	7.127168212948517e-08	0.0855088647252093	950
4	182066807	183371274	0.0001897987989458	2.1576758264769292e-08	0.1963181526391377	822	-8.865485195707461e-05	6.671184315852299e-08	0.7314160445999333	819
4	183371275	184929454	3.922083162263754e-05	1.8665781837194232e-08	0.7740557383173611	679	-8.886217321610115e-05	6.191853408662008e-08	0.721006635892175	675
4	184929455	186909089	-6.468032828587433e-05	2.4689280247234233e-08	0.6806030089287433	1004	0.0003376972456801	7.057712378968153e-08	0.203676603385161	1000
4	186909090	188472980	7.917306859503943e-05	1.7609882888097974e-08	0.5507597977826713	728	-2.905262280929514e-05	5.162353043188922e-08	0.8982535233996918	726
4	188472981	189693510	3.247865241773043e-05	1.3691934272442126e-08	0.7813458628083367	510	-7.079389152464512e-06	4.162883948956973e-08	0.972320925794732	507
4	189693511	191043593	-6.17657616727672e-05	8.843383141271849e-09	0.5113042368326419	383	-0.0001489343212154	2.5186928480100094e-08	0.3480175884203204	380
5	11940	982251	1.1978171179399897e-05	5.503478712363264e-09	0.8717290867084271	291	3.431119334300515e-05	1.3720730619317722e-08	0.7695842402266302	288
5	982252	2132441	-5.523758728944906e-05	1.5541461211048223e-08	0.6577029788573328	577	0.0001584802154373	4.8555320632770335e-08	0.4720105977227398	577
5	2132442	3361940	0.0001956528354058	2.0859333239074793e-08	0.1755203122759917	915	-9.012850007106304e-05	6.111321936543832e-08	0.7154238673270803	915
5	3361941	4632109	0.000125552653454	1.331459798538812e-08	0.2765586430863793	605	9.978394590912448e-05	3.6185727673262715e-08	0.5998917466962228	605
5	4632110	5973232	0.0001602282946856	1.7296013945324234e-08	0.2230972527310573	784	-9.36703695934018e-06	4.9308542186014425e-08	0.9663525288550768	781
5	5973233	7143217	5.316857155520557e-05	1.411919650691556e-08	0.6545460991270615	658	0.0003253806795508	4.078928810879994e-08	0.1071609993435045	655
5	7143218	8446335	-0.0001052761796841	2.0901125991395813e-08	0.4664967071916668	671	-2.8591479821394376e-05	4.175989137124333e-08	0.8887290136316871	667
5	8446336	9718831	0.0001004068008183	1.4214212168105451e-08	0.3996906697849433	698	8.094928489813853e-06	3.9191463214305115e-08	0.9673835770956744	694
5	9718832	11173270	-8.331150537576065e-05	1.7772462305634836e-08	0.5320171835585701	833	-2.941967904237804e-05	4.764429942270858e-08	0.8927841001535228	832
5	11173271	13464831	-1.4527775900683475e-05	1.2930296098690546e-08	0.8983389074044639	691	-2.5759297466249626e-05	3.2581009981091864e-08	0.8865199098987233	688
5	13464832	14757803	-4.1329948720228615e-05	1.4249636286329022e-08	0.7291709004428478	673	-0.0001731081857047	3.286277234028924e-08	0.3396198048231186	671
5	14757804	16963612	-0.000155780522208	1.6505649987574844e-08	0.2253049231013394	836	-0.0001031456745368	5.544142090948194e-08	0.6613426102318878	834
5	16963613	18051591	-9.557275591061912e-06	7.379718441769121e-09	0.9114152202803032	320	5.268127981605718e-05	2.1460491635092303e-08	0.7191358790128206	317
5	18051592	19917715	1.4208336015144842e-06	1.2351111320709193e-08	0.989799571122736	666	-0.0001424892082008	3.0967899510686296e-08	0.4181105179991655	666
5	19917716	22152072	-5.088381974478891e-05	1.007973812428643e-08	0.6122800275917537	554	-0.0002694069437434	2.639118494643985e-08	0.0972444199427402	552
5	22152073	23494323	0.0001646076629664	1.2394273654076585e-08	0.1392574439920172	486	-4.507405095261445e-05	1.9629195750311495e-08	0.7476663525216913	486
5	23494324	26184850	4.6613223544053686e-05	1.6366381057222904e-08	0.7155878760701883	838	3.445929879114016e-05	4.22492939432257e-08	0.8668607138389827	833
5	26184851	26857603	-2.8096329429282013e-05	3.907506477480528e-09	0.6530933738882829	202	-7.221099329649204e-06	1.015899414353082e-08	0.9428854674399172	201
5	26857604	27984512	3.0254409000344076e-05	7.874525549128353e-09	0.7331496267497652	290	-2.4400871582794283e-05	1.4580007628430765e-08	0.8398530442533813	288
5	27984513	29714819	-1.18359922066937e-05	9.37310262623283e-09	0.9026978820952224	505	-0.0001967491637284	2.3354260631257377e-08	0.1979380417578549	500
5	29714820	31390248	-0.0001168766865036	1.3693999456425932e-08	0.3179091878998042	684	-0.0001008494457748	3.691312286736695e-08	0.5996472066802885	681
5	31390249	33500179	0.0001064093667383	2.0536784961257138e-08	0.4577666697132581	931	-5.644349745560209e-05	5.8695994054403487e-08	0.8157806667117736	929
5	33500180	35048969	2.0690607103678243e-05	1.3699191718001193e-08	0.8596835549851636	638	5.0585813396552125e-06	3.8426061224525425e-08	0.979412307919037	637
5	35048970	36433953	6.325482271790985e-05	1.0543600878209682e-08	0.537877246066933	544	5.062642322618674e-06	2.7781629674704376e-08	0.9757689811977251	543
5	36433954	38802409	0.0001052450310861	1.7884510097013298e-08	0.4312942305723973	858	5.66999809106856e-05	4.763487647566824e-08	0.7950267058892773	854
5	38802410	40287728	4.640052703064573e-05	1.1275266645910113e-08	0.6621273539548418	616	4.959356287482805e-05	2.8636122098420684e-08	0.769470275522439	614
5	40287729	41888709	4.694897744238977e-05	1.0629157300250769e-08	0.6488337936431909	623	0.0001704455984914	2.5650253508423178e-08	0.2872195671569458	619
5	41888710	43983498	2.9764648571026808e-05	7.690740459627386e-09	0.7343055674392773	491	-4.1981497580789726e-05	1.6318683895835413e-08	0.7424307047765181	491
5	43983499	50163397	6.619599038493625e-05	9.35789324077434e-09	0.4937896254676782	559	-3.1194167381976775e-05	1.81158553428628e-08	0.816722149302349	558
5	50163398	52134621	1.3169454904617853e-05	1.1764624138177897e-08	0.903360913390714	643	-0.0005357102397388	3.9132249099249497e-08	0.0067672368320814	641
5	52134622	53703043	6.551777051268136e-05	1.348891677217338e-08	0.5726732846930171	700	1.3566877155058787e-05	3.562474526714963e-08	0.9426979412846752	697
5	53703044	55417348	3.560834345626899e-05	1.2959208303010505e-08	0.7544349189629804	705	0.0001203239558139	3.2418724792555115e-08	0.5039591260450185	700
5	55417349	56621101	-9.477225926737674e-05	1.2197144302567357e-08	0.3908217004089792	561	-0.0001372195253444	3.1495347180813185e-08	0.4394031124192696	561
5	56621102	57340072	-3.115179274283652e-05	6.127079929133603e-09	0.6906482895181043	313	-2.677910787295886e-05	1.5722757578551025e-08	0.8308856568603937	312
5	57340073	58524621	0.0001672022587214	1.2081575684986044e-08	0.1282148981501554	631	5.862469676110389e-05	3.2409561302758175e-08	0.7446931776143119	627
5	58524622	60935906	0.0004379161735296	3.1483901643109994e-08	0.0135866962476042	773	7.295418627614621e-05	3.2376917462643714e-08	0.6851500824137806	769
5	60935907	61672994	8.960037374886032e-05	8.947906793537715e-09	0.3435286460774986	294	-1.7904117895928165e-05	1.3515004716100022e-08	0.8776029951569637	294
5	61672995	63218986	9.75426693356054e-05	9.92012445507752e-09	0.3274091357634285	567	-0.0001017871999272	2.288814010335205e-08	0.5010726323004266	563
5	63218987	63968303	-2.5469273220794943e-05	3.648382665165122e-09	0.6732704008041208	205	-2.5152466891605305e-05	7.659459849979226e-09	0.7738087209761415	205
5	63968304	65911285	3.0261471493244316e-05	1.3446805871569694e-08	0.7941203276905595	720	-0.0001647406378294	3.314290233881616e-08	0.3655129727829288	718
5	65911286	67850859	6.520622307993907e-05	2.0871934976773922e-08	0.6517416258648793	862	-0.0001752765883831	4.7066570195371315e-08	0.4191374121438806	858
5	67850860	71240455	-5.224962085369994e-05	1.0016217042254492e-08	0.6016194656575387	542	-0.0001515712852794	3.2283651759518474e-08	0.3989048699621875	538
5	71240456	73759325	0.000168439751796	2.227816564275528e-08	0.259105181023113	1136	3.963747424821997e-05	5.5420484458362666e-08	0.8662903467020141	1133
5	73759326	75798865	9.054315744000324e-05	1.512918614467135e-08	0.4616584617588904	793	7.331484142138769e-06	3.80801821685916e-08	0.9700304450774816	789
5	75798866	77623331	-1.6091841444443144e-05	1.7360325924546993e-08	0.902795071988967	834	-0.0001611158640218	5.3048635686037766e-08	0.4842260528133084	833
5	77623332	79393143	0.0001618040780413	1.4821305998351144e-08	0.1838265210968676	735	-3.982186931273397e-05	3.7814673570740603e-08	0.83774256708112	733
5	79393144	80481470	-3.472781953196094e-05	1.1375199295492473e-08	0.7447192895495253	520	0.0001956232419886	3.0649466870425795e-08	0.2638229803209501	519
5	80481471	82025647	-9.503551084821048e-05	1.2029017570635944e-08	0.3862135471749166	591	2.8742753225968323e-05	3.0936623728910434e-08	0.8701916962013789	589
5	82025648	83972688	0.0001610620483599	1.557724815197272e-08	0.196887587392084	617	0.0002309282057866	3.929456511367415e-08	0.2440354839554805	616
5	83972689	85767289	-4.261395748899935e-05	1.14358231177152e-08	0.6902685370075263	625	-3.3459078664938752e-06	2.855434734569569e-08	0.9842024571264978	621
5	85767290	87389990	9.326769257169876e-05	1.2440900017971892e-08	0.4030476300033103	313	4.244624483469897e-05	1.5310525849637853e-08	0.7315686905467944	312
5	87389991	88891529	5.5558916333599025e-05	1.3585483146438e-08	0.6335983773999213	353	5.752498506830888e-05	1.4453221100090965e-08	0.6323004508396506	353
5	88891530	90422653	0.0001336822415866	1.2530897144137388e-08	0.2323937536115529	485	8.302742730163815e-05	2.3955546806348883e-08	0.5916567263320698	484
5	90422654	91840541	3.771942903706913e-05	8.914776137729151e-09	0.6895294958409528	325	-9.484916476451662e-06	1.6607831047128842e-08	0.94132877396556	325
5	91840542	93809983	0.0001186618296147	1.914332027465389e-08	0.3910941388616086	485	0.0002235641333282	3.4620395747137784e-08	0.2295440703270657	485
5	93809984	95963518	-2.564538789089393e-06	1.572000286312302e-08	0.9836810301083588	799	0.0001890647599443	3.9985021957342816e-08	0.3444032430943901	793
5	95963519	97315600	-4.477553779365791e-05	8.769457819237871e-09	0.6325510638686364	484	-6.197273163664978e-05	2.1266279976950357e-08	0.670860967649475	481
5	97315601	99260991	-1.6585436951170204e-05	1.0559514702233436e-08	0.8717779546539908	596	6.998641168593289e-05	2.5896697416512897e-08	0.6636334675753576	595
5	99260992	101578768	0.0001268885552469	1.0924286346606105e-08	0.2247400085778707	633	2.1119353140735952e-05	2.575285458367312e-08	0.8952978007835495	630
5	101578769	103320004	0.0001847029376886	1.037082883406483e-08	0.069722885085616	559	0.0001013576487223	2.2073019981556448e-08	0.4950986562257555	554
5	103320005	104851482	0.0001866856095811	9.24925015540851e-09	0.0522409079139918	503	8.343522377614229e-05	2.2913296267955637e-08	0.5814996762804967	499
5	104851483	105893054	9.426314647816448e-05	6.5752521994127765e-09	0.2450402887460665	228	0.0001888347987931	1.5028278183664943e-08	0.1234681459769086	228
5	105893055	107264195	0.0002306529596808	2.3871445220340913e-08	0.1354733031993664	628	0.0002194553248717	3.795189994896686e-08	0.2599559532960673	626
5	107264196	108633933	8.809725855990407e-05	9.258383383070778e-09	0.359888866256157	465	-2.5751381153147467e-05	2.4212361527911122e-08	0.8685552622951407	465
5	108633934	110821143	0.0001223864743769	1.3526278843195748e-08	0.2926567244143488	742	0.0003547889266811	3.319946458760862e-08	0.0515140094389307	742
5	110821144	111981561	-3.3335988700119725e-05	9.632736233032291e-09	0.7341160628953458	472	-0.0002032358701598	2.9487973941962696e-08	0.236600650076778	470
5	111981562	113396284	0.0001120650583855	1.125949464541736e-08	0.2909161653641057	603	8.979150802780953e-05	2.757297764878379e-08	0.5886825684558781	601
5	113396285	114830369	5.714131300655692e-05	1.1737068460072933e-08	0.597890320263552	608	-0.000112328522953	3.059951357644322e-08	0.5207793458223139	608
5	114830370	115831046	8.730409909887174e-05	9.676855844931281e-09	0.3748107144888235	506	-4.461634113854847e-05	2.3849993689564172e-08	0.772656745047851	504
5	115831047	117346212	0.0001084175176082	1.3449372451751721e-08	0.3498583777344509	643	-0.0001120135210573	3.582848056382937e-08	0.5540015949837199	641
5	117346213	118608819	8.099552059598934e-05	8.675162794805961e-09	0.384516133267382	438	-0.0002564103420323	2.235415523188086e-08	0.0863508145996719	437
5	118608820	119669041	1.9610829301487437e-05	7.248460190050424e-09	0.8178260484297062	386	-0.0001045277015401	2.3583621231251115e-08	0.4960906933640018	386
5	119669042	120452165	0.0001449502393355	6.194874098446267e-09	0.0655290950642404	276	0.0003596986514306	5.881169007146503e-08	0.1380146931480723	273
5	120452166	122556904	-2.5242511168456843e-05	1.7170895915830153e-08	0.847244525834297	784	-0.000181534627511	3.8170500331347627e-08	0.3528005788022474	783
5	122556905	123798099	2.719492866235487e-05	1.0053766228077438e-08	0.7862209569360419	507	0.0001331799136043	2.6083030211584664e-08	0.40958106261247	505
5	123798100	125785648	0.0001804359880461	5.683267157520707e-08	0.4491247900878847	950	0.0003168991190083	5.8261065211241016e-08	0.1892164705080843	948
5	125785649	127344603	-8.24669336515873e-06	9.669916566722908e-09	0.933165651025782	507	-1.8651484414347395e-05	2.3334234765025634e-08	0.9028196089647804	505
5	127344604	129519024	-5.430308590967574e-06	1.3555724458946296e-08	0.9627997573968352	763	3.237400538547413e-05	3.18934976679212e-08	0.8561492886327162	760
5	129519025	132139648	-5.0033135745848786e-05	1.1821520268533546e-08	0.6453921076663793	698	-0.0001160323214375	2.332221556146501e-08	0.4473795927502804	697
5	132139649	134777400	0.0001425376487018	2.2804190689169258e-08	0.3452248925026694	1049	-7.315311657435264e-05	6.392653857388857e-08	0.7723294830942149	1043
5	134777401	136376049	5.26186400969181e-05	1.1685833156027903e-08	0.6264324738144511	679	4.645486824165242e-05	2.8249229256649875e-08	0.7822457969773711	675
5	136376050	139265071	0.0001360610379816	2.2686949913833595e-08	0.3663515625585799	832	-2.3263932596638207e-05	3.2675296396283975e-08	0.8975962510101665	831
5	139265072	140645970	3.272654029553595e-05	7.218363034820816e-09	0.7000928852719208	450	7.115415411707856e-05	1.5049228268986004e-08	0.5619009719054113	448
5	140645971	142981247	7.893382310895837e-06	2.2806532933794793e-08	0.9583153788471998	1081	3.05088717955226e-05	6.19988316758567e-08	0.9024810844131244	1078
5	142981248	144943353	-3.0757501725008365e-05	1.3081992361746627e-08	0.7879955303103647	733	-0.0002492902767587	3.1483960717786334e-08	0.1600363487771432	730
5	144943354	147181997	9.820934395177412e-05	1.6100257138221117e-08	0.4389355938456458	838	4.040099288472433e-05	4.0864521740132656e-08	0.8415926138246779	835
5	147181998	148662623	2.061158659450469e-05	1.1536683570857288e-08	0.8478219364582658	626	0.000114985135742	2.6935267147890657e-08	0.4835416759631011	626
5	148662624	150561297	9.29816040969432e-05	2.0469250396641696e-08	0.5157572745046699	973	-0.0002807312328222	5.5456857085531503e-08	0.233221586822377	969
5	150561298	152867773	0.0001958529021809	2.9155422609651187e-08	0.2513740642175386	965	0.0001285830496739	4.2734441701190665e-08	0.5339377996582003	964
5	152867774	153773087	0.0003297181416521	2.881837942401633e-08	0.0521052541122424	472	0.000398836303608	3.3588896508242364e-08	0.02954105479789	471
5	153773088	155373504	0.0002867882792736	1.2990884943504054e-08	0.0118633944751968	644	0.0003873224446247	3.9220218407538415e-08	0.0504923179494077	643
5	155373505	156628699	9.52524058771626e-05	8.264826711271702e-09	0.2947522386894812	444	0.0003139204990493	2.706805019306853e-08	0.0563839374637313	441
5	156628700	158825697	0.0001576763193944	1.8151278058661062e-08	0.2418632817118876	980	-6.975487452996451e-05	4.6688400174860684e-08	0.7468261426631522	979
5	158825698	159973943	-7.910683098174775e-05	1.0547412255344596e-08	0.4411418067753856	462	-4.9811771465099405e-05	3.0616595436846915e-08	0.7758910312653209	460
5	159973944	161482132	-3.792618527849658e-05	1.1077607633442507e-08	0.7185905951012537	601	9.678047153379736e-05	2.837159662462247e-08	0.5655795516634037	599
5	161482133	162743907	0.0002125343403936	1.3687864550365586e-08	0.0692771322172022	419	-6.560753819448663e-05	2.1174998928187993e-08	0.6520902022862526	418
5	162743908	163771581	1.38170288190491e-05	8.506145605919546e-09	0.8809124910874299	428	-6.580902534768042e-05	2.3074875515245956e-08	0.6648496770962513	426
5	163771582	165642394	4.036260040985619e-05	1.3597201855910771e-08	0.7292359603505836	648	4.131957773837276e-05	3.6602169502373246e-08	0.8290076309520561	644
5	165642395	166847739	0.0001242321013893	1.141850090505413e-08	0.2449929528053465	469	-0.0002108899177437	3.8387824978193196e-08	0.2817646063919241	466
5	166847740	168525317	0.0003134058009317	2.3422935028633988e-08	0.0405801387600606	855	-0.0001041512922743	6.003140816663527e-08	0.6707749853411235	852
5	168525318	169505663	-4.1706440353913217e-07	1.1550628711876748e-08	0.9969037267276	542	4.5371512415756144e-05	3.2345709549091325e-08	0.8008281960611912	541
5	169505664	171074291	0.0002296138568869	2.1052576003671236e-08	0.1135340152928071	760	-0.0001122504050922	4.326293956095928e-08	0.5894232371654817	759
5	171074292	172678326	4.4793345718500915e-05	1.7110462186730495e-08	0.7320208919574052	766	2.7599208454258176e-05	4.616652664306693e-08	0.8977931179598263	767
5	172678327	173642870	-5.66801956514741e-06	1.2196536670046324e-08	0.9590680426541272	534	-0.0001357967101995	3.557914271346701e-08	0.4715668323416343	531
5	173642871	175450594	0.0002433992351041	2.5574532136678473e-08	0.1280084590269165	914	-0.0002701818858434	6.981087301668093e-08	0.3065093658491888	909
5	175450595	177251506	-8.391525975440014e-06	1.0678247720789124e-08	0.9352777073494962	491	-9.205195891093484e-05	3.3418957567543156e-08	0.6145825378366173	491
5	177251507	178413463	7.546835015726269e-05	1.2545498084373348e-08	0.5004484435141536	524	6.491142107805962e-05	3.7937255769186526e-08	0.738935151519112	519
5	178413464	179401243	0.0002120133733507	1.2219805341717981e-08	0.0551208061976282	441	-5.417917373020841e-05	2.8045040015856963e-08	0.7462996518973851	441
5	179401244	180559932	-5.994953391082797e-06	1.0220134587750934e-08	0.9527128555076894	429	-8.862986594554442e-05	2.986777247083702e-08	0.6080659036888048	428
6	73924	1452361	-0.0001068648304999	1.6667011130113975e-08	0.4078048098247063	744	-0.0003158715950842	5.1662001177379975e-08	0.1646162002812975	736
6	1452362	2458935	2.8971246979411174e-06	9.690171324158284e-09	0.9765210413811778	483	8.681810228927309e-05	2.981380128127463e-08	0.6150997297601104	481
6	2458936	3573592	0.0001165542751784	1.3287075961753817e-08	0.3119469679737017	664	-0.0002267122743758	3.910120417240926e-08	0.2515818769015465	662
6	3573593	4617816	0.0001503610125554	1.1668797051313084e-08	0.163938934085483	599	-0.0001144691320323	3.3963540675804964e-08	0.5345146521414733	595
6	4617817	5791471	6.389186366638864e-05	1.2928013409325612e-08	0.5741659691357635	667	-0.0001085921900793	3.763298811363307e-08	0.5756322657543215	666
6	5791472	6785206	-2.388524694997111e-05	1.4172083350893006e-08	0.8409817520356921	665	9.241186565874656e-05	4.3434552535046414e-08	0.6574658231995674	662
6	6785207	7808935	-2.44265858910746e-05	1.1776425223103177e-08	0.8219093290838215	574	-9.715056268060578e-05	3.453381664584131e-08	0.6011239522403381	572
6	7808936	9020025	5.092938709923443e-07	9.94387307877641e-09	0.9959249885160284	566	-0.0001331468684965	3.0811121918113086e-08	0.4481291213989208	562
6	9020026	10540316	2.834904745832415e-05	1.4359940243040912e-08	0.8129893459861423	705	0.0001037289551835	4.280049041328973e-08	0.6160967062986014	701
6	10540317	11790815	0.000228260410894	1.1362248775196004e-08	0.0322415369363441	610	0.0001091080430774	3.1503377279180735e-08	0.5387388395878934	608
6	11790816	13209387	1.7663701854832868e-05	1.2724230359417994e-08	0.875567432826742	674	0.000141242430296	3.6600612086455296e-08	0.4603444166133764	671
6	13209388	14802923	6.618794712417936e-05	1.378124483507922e-08	0.5728817554332882	778	-0.0001320368284908	8.044506146975084e-08	0.641553710574831	775
6	14802924	17386404	-7.052169274898414e-06	2.2723568641395788e-08	0.9626864879897344	1144	-7.346055494474722e-05	6.683408677873657e-08	0.776291652818093	1138
6	17386405	19207486	7.515513501114741e-05	2.5065380571397053e-08	0.6349990444079836	775	5.1355590458258234e-05	3.5060014049283344e-08	0.7838754983326963	771
6	19207487	21684064	0.0002985906150647	3.109131228907869e-08	0.0903815269634375	1150	-8.056584706477105e-05	6.923425199751901e-08	0.7594602689478545	1147
6	21684065	22748306	-8.095049406296323e-05	1.2095120573668732e-08	0.4616929617189701	573	-0.0002025003158167	3.7281447525331444e-08	0.2942850265645037	572
6	22748307	23936618	7.640455036714579e-05	1.1968435561788033e-08	0.4849307957363203	565	0.0001334069034193	3.6062224721081386e-08	0.4823616362102365	560
6	23936619	24852274	4.847320312874352e-05	1.7034772675074486e-08	0.7103449443194048	459	6.545237791337598e-05	2.8453877987413982e-08	0.6980008459206213	456
6	33236497	35455755	6.932507028017472e-05	6.634751448425686e-09	0.3947166366556576	432	0.0001189132549072	1.512246021567219e-08	0.3335523067743848	430
6	35455756	37572595	-3.0611716467022384e-05	2.6316744982117677e-08	0.8503280551335984	952	-3.086607691216819e-05	5.7525203704332065e-08	0.8976011779966483	949
6	37572596	39295676	4.541193899255523e-05	1.6001638122667686e-08	0.7195991861824992	840	-0.0001189889013868	4.5324987206483276e-08	0.5762268952120133	839
6	39295677	40345114	2.2506129438634867e-05	7.879326290080639e-09	0.7998465419866021	465	7.8627934203041e-05	2.061187904786529e-08	0.5839192762714138	463
6	40345115	42038720	0.0004222915508468	1.5771890325942284e-08	0.0007722231234452	821	0.0002729761312605	5.84462218336752e-08	0.2588402483331687	819
6	42038721	43756168	0.0002553505281036	1.7179391387949332e-08	0.0513913939940222	554	0.0002400307605922	2.894511472815425e-08	0.1582903605114257	552
6	43756169	45406562	-4.960733379876406e-05	1.3738330809048896e-08	0.6721257140773165	671	3.2834073477145596e-05	3.7099554430464346e-08	0.8646428536082722	669
6	45406563	47311897	0.0001678560539528	1.7608971016028593e-08	0.2058927389838001	861	0.0002369732808222	4.139207386550008e-08	0.2441114411648489	860
6	47311898	48391124	7.225937096845502e-05	9.17421418078456e-09	0.4506006676847666	423	9.810169612341756e-06	1.5783227464045206e-08	0.9377588666686316	420
6	48391125	50386144	2.698174869932829e-05	9.50578382701672e-09	0.7819777052397009	623	5.2985278126889366e-05	2.3757938460514926e-08	0.7310294625460543	613
6	50386145	52210475	2.736252181322722e-05	1.2844893622040804e-08	0.8092220228779557	724	-0.0002216959070753	3.1829003358671374e-08	0.2139996516368413	722
6	52210476	53279101	0.0001364671247447	9.224009221348188e-09	0.1553413972950012	513	7.490862311245711e-05	2.559347645144294e-08	0.6396140013955243	508
6	53279102	55468269	9.496559179416818e-05	1.673958436132508e-08	0.462950917839926	1012	0.0002722931029085	4.496650931446669e-08	0.1991139945547593	1007
6	55468270	56105312	7.727338793932514e-07	3.609634836854343e-09	0.9897381324041244	240	3.6050833001010464e-05	9.058774877806246e-09	0.7048554304982773	240
6	56105313	57599464	-2.726602836954995e-05	6.487236488675958e-09	0.7349668446238675	403	8.397966841042395e-05	1.564778520679006e-08	0.5019988452952704	400
6	57599465	61880511	-6.1082514945544e-07	2.5400337050815727e-09	0.9903299972088876	195	1.1141370347158118e-05	5.7117667746584e-09	0.8828013317877433	193
6	61880512	63552887	-1.4619152470981907e-05	6.07245760070958e-09	0.8511878164175863	410	4.4646121767027634e-06	1.359373804876276e-08	0.9694544304666044	408
6	63552888	65765741	0.0001360904070592	8.213204302544167e-09	0.133185307707062	549	3.257668724561015e-05	1.6891791438526013e-08	0.8020841166612898	548
6	65765742	67329214	-7.951457356951689e-06	1.0082277273006886e-08	0.9368819229902356	607	4.7839342088504666e-05	2.7126245898435813e-08	0.7714622919998136	605
6	67329215	68849482	3.159921934689349e-05	1.032877294300661e-08	0.7558596276683076	595	-0.0001149111736325	3.576866652290544e-08	0.5434591860780723	592
6	68849483	69523447	0.0001289225523762	7.121419739927231e-09	0.1265804656188097	256	0.0002609442876511	1.2295408563662058e-08	0.0186078813802767	255
6	69523448	71609509	-0.000100781192334	2.1462877964558132e-08	0.49150557714489	866	0.0001293107091057	3.5859735743860314e-08	0.4946960300173554	863
6	71609510	73450096	-0.0001849312040117	2.5299429484065057e-08	0.2449651926521902	726	-7.782461537391297e-05	3.787139592379136e-08	0.6892234426309272	724
6	73450097	75462002	8.048138328838344e-05	1.1652365219416397e-08	0.4559272488023084	689	-1.4236846372001036e-05	3.0559980508917985e-08	0.9350921143225044	683
6	75462003	77414880	2.7626343129226095e-05	9.533116888141048e-09	0.7772170412463394	561	6.451786739863922e-05	2.3672200860015434e-08	0.6749716224972886	560
6	77414881	78957727	2.683871636350761e-05	8.937759368962823e-09	0.7764960243572674	578	-6.496644906671837e-05	2.3173771032553113e-08	0.6695490847989376	575
6	78957728	80691169	-5.9445784773856974e-05	1.2308233948350796e-08	0.5920793140486245	706	-9.741762745541406e-05	3.1504732101365926e-08	0.583111876734747	705
6	80691170	81929221	-1.5435338184024608e-05	6.445472755737345e-09	0.8475386106968188	447	-8.006579957189663e-05	1.5622130188549833e-08	0.5217922003797495	442
6	81929222	83127148	-1.8385330005795545e-05	6.635394231910143e-09	0.8214321285403767	407	-3.429378410098336e-05	1.7568223442884812e-08	0.7958414113550485	406
6	83127149	85209988	-0.000304062403569	1.5758093628806262e-08	0.0154266477259908	646	-0.0001271870503697	3.0678420358451995e-08	0.4677467615815179	646
6	85209989	87069499	4.181009591691869e-05	1.1574887741834704e-08	0.6975588436252746	704	0.00011504739816	2.7001500981651882e-08	0.4838419335067248	702
6	87069500	88822139	-9.861928071625244e-06	1.760358865085294e-08	0.9407482025176666	653	-2.7788124403381875e-05	2.6136627947098228e-08	0.8635290351909926	653
6	88822140	89973051	2.8591694242237823e-05	9.512523946299345e-09	0.7694064111254298	493	-0.0002379130209987	2.729915119468088e-08	0.1498850845768264	489
6	89973052	91843195	0.0001087291586238	1.5985473507504243e-08	0.3898056085842719	842	0.000254087097804	4.5217281656841963e-08	0.2321273645019025	841
6	91843196	93428643	7.597035308170076e-05	9.69211756919038e-09	0.4403065439158705	553	9.06509324205892e-05	2.6761817488071322e-08	0.5794874264287967	551
6	93428644	94118141	0.000109106922035	1.2621767929990312e-08	0.3314670255569505	349	-7.756031070103345e-05	1.9873431165763504e-08	0.582197384971491	348
6	94441175	97093510	0.0001040612606568	1.5889276361885952e-08	0.4090662670454679	778	7.11197337440956e-05	3.5259092381329986e-08	0.7048722789494143	775
6	97093511	97842283	4.031705166594548e-05	5.471655053397464e-09	0.5857251147346977	279	-6.480355710456828e-05	1.1605775321855152e-08	0.5474829102954306	277
6	97842284	100630145	0.000177761863481	1.6026811084782626e-08	0.1602727133640503	922	0.0002056745444136	4.4116519674135126e-08	0.3274716818729154	916
6	100630146	102636771	0.0002362305722851	1.0148426525451148e-08	0.0190287607486634	605	-0.0001718840246968	2.571975831924185e-08	0.2838228231278964	604
6	102636772	103983394	-5.81865452138538e-05	6.761716312384787e-09	0.4791873421997623	418	3.9817689549232744e-05	1.805236663919152e-08	0.7669606940457324	415
6	103983395	106056732	-1.7039445930979995e-05	1.2832059752220466e-08	0.8804327991521879	772	9.867196144260196e-05	3.4429768257598896e-08	0.5948828614598287	768
6	106056733	107450305	-9.60809158533135e-06	1.4929672457730934e-08	0.9373235089836848	703	0.0002076824383391	4.4487254928777564e-08	0.3247959264158009	698
6	107450306	108464379	0.000161170303595	8.287494893131515e-09	0.0766591819351655	389	9.620194325828989e-05	3.23065743689072e-08	0.5924925776847391	388
6	108464380	110304246	-4.432382453457315e-05	1.6013000043992528e-08	0.726137328935432	611	-0.0002151255819768	2.9824473479103446e-08	0.2128827693286945	609
6	110304247	112345013	0.0002836129240764	1.786474507690788e-08	0.0338450313120031	696	-0.0001436690165238	3.0177466353771446e-08	0.4082195526347231	691
6	112345014	114220832	6.461998251501164e-05	1.2787871809638084e-08	0.5677040409270773	734	9.244414565421162e-05	3.3655612210527434e-08	0.6143265076444842	733
6	114220833	116131395	-0.0001146053491516	1.2494589244735872e-08	0.3052295184283425	587	-0.0003162386461976	3.628898767704976e-08	0.0968995145290612	585
6	116131396	117672971	-8.182344065018203e-05	8.796602244701479e-09	0.382985157902928	549	0.000148109845387	2.2398961423881523e-08	0.3223581926231664	546
6	117672972	118963114	-3.059126854254964e-05	7.369999864225161e-09	0.7215864664406109	436	-0.0001104080792318	1.9222167213497032e-08	0.4258332185915353	434
6	118963115	119963277	9.27773251504894e-05	6.539240932195025e-09	0.2512563614456065	371	-9.313667093526996e-05	1.8101500012371735e-08	0.4887798798537439	370
6	119963278	120512127	1.681156366514313e-06	3.284282980393311e-09	0.9765973196280878	199	1.00761748486053e-05	9.008759761876295e-09	0.9154549642795649	198
6	120512128	121905675	-0.0001105752773278	7.540056540125309e-09	0.202870011682736	454	-4.6131481746747646e-05	2.0526051123737112e-08	0.747458968758718	452
6	121905676	123856180	5.424553813505005e-05	1.2383018644144695e-08	0.6259230192040179	727	-5.5245100739880736e-05	3.3463016308944334e-08	0.7626497918039004	724
6	123856181	125424382	0.0003217925573278	1.8654636465741404e-08	0.0184709446248054	699	0.0001060125133829	3.975806989396396e-08	0.5949525982308117	696
6	125424383	127540460	1.726509476017549e-05	8.60672217792369e-09	0.8523650982356078	537	-0.0002157871187693	2.11925065366465e-08	0.1382620816493296	534
6	127540461	129861030	-1.7241696629746372e-06	1.2189730969983125e-08	0.987540364181986	728	-0.0002256725542083	3.269779458721404e-08	0.2120258707577318	728
6	129861031	130935453	0.0002337637675591	1.1089610013756252e-08	0.0264305370272282	542	2.8981712765596564e-05	3.0071421145183125e-08	0.8672699844008349	539
6	130935454	132765668	-7.206540927535925e-06	1.3005714464776784e-08	0.9496138875091996	689	-7.692881527694394e-05	3.717033096179195e-08	0.6898810632117423	684
6	132765669	134244242	2.5784719170682183e-05	1.1991840199992922e-08	0.8138507328365057	699	6.299995480008788e-05	3.341756867184552e-08	0.7303727083868109	697
6	134244243	136224176	0.0001661046209326	1.2891862288482734e-08	0.143486221033768	674	4.98009453987144e-05	4.8438008023104156e-08	0.8209843497317532	669
6	136224177	137614217	2.418610189722886e-05	7.0213192354975565e-09	0.7728568807447195	394	0.0001620481538703	1.7796374623026213e-08	0.2244706224498452	393
6	137614218	138822628	-5.041084558438773e-05	1.1013949955025733e-08	0.6309827576192735	555	2.1925130927712226e-05	3.2514980238040144e-08	0.9032231593016524	555
6	138822629	139845435	2.663658234157046e-05	9.272976034408571e-09	0.7820790689482752	439	-5.783957483336236e-05	2.7829387874389453e-08	0.7288050598390465	438
6	139845436	142288478	5.801004600183851e-05	1.105732172362483e-08	0.5811754517028742	621	4.8473233973422195e-05	2.6057341002962533e-08	0.7639580290692707	618
6	142288479	145319809	0.0003841143059898	2.2750600216148052e-08	0.010877197583397	1191	0.0002214333651182	5.870339824940855e-08	0.3607552816116525	1187
6	145319810	146665423	2.0063284419777133e-05	5.761801506800146e-09	0.7915366996009692	371	-5.2212143354187544e-05	1.1691928081185342e-08	0.6291894416152518	368
6	146665424	148920351	-7.982258187166895e-06	2.112778184648213e-08	0.9562053927481682	1067	-4.696749292930973e-05	5.912155980313406e-08	0.8468311422479532	1060
6	148920352	150253403	2.2515938993994813e-05	1.0427949294116514e-08	0.8254888833656298	623	-6.461322233844426e-06	2.439894329136247e-08	0.9670046974749356	622
6	150253404	151912702	0.0002317278213828	2.177340635739683e-08	0.1163181286015262	1008	0.000133575531965	6.550946014285308e-08	0.601750329453697	1002
6	151912703	153094495	-0.0001028654449642	1.1132407069298034e-08	0.329593273959322	640	0.0001218958748282	2.935142105688573e-08	0.4767749198178193	638
6	153094496	154974119	0.0002570468081041	1.7634495030125233e-08	0.0529084684793213	902	-0.0001609750786105	5.106111669495049e-08	0.4762276960340179	897
6	154974120	156763325	0.0001577835144605	1.7288414433365702e-08	0.2301363391292957	837	0.000144780230744	4.9198241000688316e-08	0.5139294833092888	833
6	156763326	158218718	9.87502243715858e-05	1.051127358460467e-08	0.3354539006315608	532	0.0002596644119574	3.0183098908945415e-08	0.1350138869459675	530
6	158218719	160580496	-9.58842757675794e-06	1.8928565401521153e-08	0.9444380922650308	1166	7.869981851437794e-05	4.6946285014206315e-08	0.7164384487516662	1157
6	160580497	162169563	8.07492189407446e-05	1.6243585805457523e-08	0.5263588446666831	880	2.2358733878600327e-05	4.333083177414129e-08	0.9144629411917812	879
6	162169564	162931202	-6.42856063099537e-05	7.975852640063857e-09	0.4716345285634241	424	5.17202406516223e-05	2.254605142707491e-08	0.7305084281257153	420
6	162931203	164383520	0.0006305299677729	3.04431066940521e-08	0.0003017696207481	762	0.0006106226212194	4.0690629257363385e-08	0.0024691842001316	760
6	164383521	165586863	0.0002362540189811	1.9104708323756263e-08	0.0874021652413395	632	0.0002832572542716	3.5222733263706226e-08	0.1312275125191025	628
6	165586864	167024732	0.0001242853273059	1.8989304911721962e-08	0.3671023352991018	924	-0.0002201719541124	5.8069970361484837e-08	0.3608937781074095	921
6	167024733	168042834	-1.668961886983555e-05	8.842849383089813e-09	0.8591310894499569	474	-0.0001117754213538	2.4529719974608092e-08	0.4754286396216429	471
6	168042835	169382049	4.927693372389792e-05	1.4244709154892486e-08	0.6796993853345896	728	-4.750442940298138e-05	4.090994724661061e-08	0.8143129515907273	722
6	169382050	170330172	8.974755454889276e-05	8.574959660183958e-09	0.332453008534624	491	3.176843535908489e-05	2.2629788026218552e-08	0.8327457551808455	490
6	170330173	171051269	0.0001659163380409	4.94875985991107e-09	0.0183475951131343	269	0.000149255861214	1.3423116789411896e-08	0.197654245888877	269
7	16161	972751	1.119392325742009e-05	1.1048804655529562e-08	0.9151905055729316	184	-5.571473045947767e-05	2.8420921892584812e-08	0.7410339843285279	182
7	972752	1353066	-1.319959885978966e-05	5.6597684915742495e-09	0.8607235076246637	167	0.0001775618158066	8.049994529829924e-09	0.0478129327721908	165
7	1353067	2062397	0.0001333061549541	1.0126694311764157e-08	0.1852718720733546	203	3.7866090504769815e-06	1.278741134242012e-08	0.9732872834071348	202
7	2062398	2772226	-4.7719169083520624e-05	1.1045727375397716e-08	0.649798834675664	275	-0.0002118928396802	1.8027614959472442e-08	0.1145321013207932	275
7	2772227	4573427	-0.0003131142201028	3.7728169104240066e-08	0.106957990793231	1000	7.648763009767007e-05	5.553137434938102e-08	0.7454988314059944	998
7	4573428	5416231	3.9169921165723904e-05	6.9716995776946965e-09	0.6389843144560347	269	8.1109044841837e-06	1.9773821022648584e-08	0.9540036585895442	269
7	5854526	6573856	3.037235877943228e-05	4.3630735463941015e-09	0.6456496844494231	195	6.691245767923525e-05	1.1613825831708609e-08	0.5346676154458713	196
7	6573857	7808751	1.898053158416974e-05	1.17517279478494e-08	0.8610101308310223	521	0.0001275929689776	3.030948247788586e-08	0.4636268745285576	520
7	7808752	9123422	0.0002223946561943	2.1259202455994685e-08	0.1271881462419685	867	5.265040682365037e-05	5.6528194297633075e-08	0.8247446486083351	864
7	9123423	9987498	8.436728566197124e-05	1.1033261130824714e-08	0.421860825087714	463	0.0001076218150679	3.0946649842041015e-08	0.540684986178722	461
7	9987499	11299197	-1.2545938395688346e-05	1.2134708181301452e-08	0.9093243921715716	576	-3.486599652585435e-05	3.0199370244786464e-08	0.8409852734825176	575
7	11299198	12635460	-1.6404436402636607e-05	1.8278902736931442e-08	0.9034256636853066	834	-9.9722799442025e-05	4.89445699645912e-08	0.6521649027814957	832
7	12635461	13884201	8.171654546958911e-05	1.5445959443884762e-08	0.5108528569839694	674	-5.854226355852898e-05	4.0121073042491235e-08	0.7700807083464709	671
7	13884202	15143656	0.0003159315373021	1.5297175590579218e-08	0.0106373766234308	664	0.0002345811983751	3.93606339835896e-08	0.2370494667209227	661
7	15143657	16902068	2.1008590555784968e-05	2.031233570172661e-08	0.8828110816069319	915	0.0001473730993624	5.322600467455797e-08	0.5229613015775232	913
7	16902069	19481546	-7.951266710678661e-05	2.8015139444787097e-08	0.6347508640721324	1192	5.4382721262210095e-05	7.19445488430971e-08	0.8393300295174594	1184
7	19481547	20124907	3.129827785647746e-08	5.6414826851023406e-09	0.9996675212746352	279	5.1401457657842136e-05	1.2790279376091036e-08	0.6494678381888435	279
7	20124908	22507628	0.0003384654237855	4.2315503119938545e-08	0.0998927666487007	1363	-1.5793277623636414e-05	8.638980167862142e-08	0.9571478962300496	1357
7	22507629	23471441	-3.587978606007736e-05	7.684385842924932e-09	0.6823170822770106	367	-0.0001104413851783	1.7636257554479992e-08	0.4056194653057824	366
7	23471442	25077258	-7.849110687986851e-05	1.801769784321421e-08	0.5587153096198263	832	-0.0001116179945676	4.479156338883041e-08	0.5979192335179618	825
7	25077259	25909554	-3.7536133854676544e-05	1.1345683526466628e-08	0.7245393322400464	501	-0.0001125648787334	2.8609277490455172e-08	0.5057293689507333	500
7	25909555	28360308	-6.758425889850927e-06	2.2754036127096822e-08	0.9642635741189468	1017	-0.0001173491261821	6.938967106199807e-08	0.6559697715764812	1012
7	28360309	31137288	0.0005545692049772	3.746561828016176e-08	0.0041688180219928	1447	0.0004644921063553	1.0131799632303857e-07	0.1444913753133636	1441
7	31137289	33555767	0.0003105439721305	2.5128708979282973e-08	0.050110895970311	1142	0.0001582482399976	5.650207461532586e-08	0.5055753026347762	1138
7	33555768	36213537	-9.81931473726399e-06	2.3825114501901524e-08	0.9492763035148684	1176	-5.539341769830597e-06	5.8677027003591614e-08	0.9817557370842926	1173
7	36213538	37555183	-2.8015473523982793e-05	1.6396546104193545e-08	0.8268158693239006	713	-3.565293045676455e-05	4.334072417799833e-08	0.8640220563279426	707
7	37555184	38966702	-8.536077298520026e-06	1.5908839008864983e-08	0.9460430071722058	741	-6.014624414944737e-05	4.027032398023097e-08	0.7643906221784005	737
7	38966703	39862669	6.480622039065886e-06	7.318139306350906e-09	0.9396133165088588	356	0.0001227880176998	1.8349584472077424e-08	0.364698802874201	356
7	39862670	42001810	6.283659046936701e-05	1.3947096118014482e-08	0.5946758661720059	695	3.847211811148348e-05	3.238423384766405e-08	0.8307139343659052	693
7	42001811	43159073	-9.016141432902658e-05	1.3586127627219891e-08	0.4392133025512073	466	-2.556500256073019e-05	2.6017785168765577e-08	0.8740681656374092	463
7	43159074	44763827	0.0002508075931744	1.4917892743722093e-08	0.0400276678888814	594	0.0001578424723426	2.6265392092492944e-08	0.3300866344517986	593
7	44763828	45952921	0.0001234581617655	1.2434645835077072e-08	0.2682327927929592	449	9.501136380346062e-06	2.1557666874096424e-08	0.9484045122547746	447
7	45952922	46986719	5.519726296215663e-05	9.339654748481451e-09	0.5678962289556085	470	4.3989758332635146e-05	2.309958853023956e-08	0.7722493267858999	467
7	46986720	49212277	0.0002560547982512	2.2617880824578053e-08	0.0886471100449126	1053	0.0001880468789355	5.6490521018617945e-08	0.4288357301741543	1051
7	49212278	51675321	-0.0001401124702137	2.056689825937133e-08	0.3285715732876592	1037	-0.0003664058258934	4.6927223668261914e-08	0.0907577462300204	1032
7	51675322	53176311	5.303500852289704e-06	1.6521656188769326e-08	0.9670881191885292	767	-1.9945415638958014e-05	4.2398272961211414e-08	0.922833227644357	765
7	53176312	54222975	3.436877279514703e-05	9.207502190630961e-09	0.7202136879392237	446	4.341390600613695e-05	2.2761190921135273e-08	0.7735299783248573	444
7	54222976	55691583	-1.497531724818788e-05	1.3066606659803945e-08	0.8957697410521311	636	-2.6405029307719997e-05	3.1133212965538613e-08	0.8810413122593981	630
7	55691584	57382637	-9.141283430504912e-06	6.643386420431536e-09	0.9107017828236512	356	-1.5870062346992287e-05	1.4632132975215673e-08	0.8956192519100761	355
7	57382638	63307358	-2.351616261893719e-05	3.764541956562768e-09	0.7015159446424755	204	-1.960733905023589e-05	8.013654155958383e-09	0.8266267736776738	198
7	63641125	65689808	2.1709408184252744e-05	7.757528366880172e-09	0.8053086582529303	437	-3.4024700729252656e-05	1.4642930490475904e-08	0.7785743861446501	433
7	65689809	68234073	8.461087122700404e-05	1.7821490280499026e-08	0.5262095214294095	864	-6.952926431076938e-06	3.802758937453994e-08	0.9715575968287704	855
7	68234074	69085363	9.169362755090908e-05	6.294993096230637e-09	0.2478077948574686	295	0.0001715915640996	2.0343735961745456e-08	0.228960295050988	294
7	69085364	71874884	0.0001265524977596	2.8285163281315293e-08	0.4517661871851003	978	0.000252501257559	5.0532598477519394e-08	0.2613299021192956	972
7	71874885	73334601	-3.2485366980241956e-05	1.9160035977358772e-08	0.8144514336227382	224	0.0001265996786223	9.11558197580162e-09	0.1848428541244502	222
7	73334602	76458563	9.95933487736364e-05	1.1227656535473996e-08	0.3472642759421163	506	0.0004057710756198	2.676952170276636e-08	0.0131363237405749	502
7	76458564	78093858	0.0002066692278494	1.5938153752201957e-08	0.1016240654329103	735	4.030259132524456e-05	3.9245860831308794e-08	0.8387912500492352	734
7	78093859	79888068	5.4054862444288655e-05	1.7435545438298256e-08	0.6822674711303542	757	4.787915736031059e-05	3.6529468679916853e-08	0.8021930821099441	754
7	79888069	82022685	0.0001300775044804	1.8826342806020313e-08	0.3431173660881151	853	8.257551410439831e-05	4.9260007332241134e-08	0.7098538740408351	844
7	82022686	83801202	0.0001658042367563	1.6030035970480707e-08	0.190341692091253	771	0.0001511923902084	4.063082867449551e-08	0.4532122374412275	769
7	83801203	85572181	9.346639882652673e-08	9.128068439450417e-09	0.999219440419734	486	8.320271809693976e-05	1.9395298859807106e-08	0.5502182640097206	485
7	85572182	87825003	0.0003849970667077	2.171238515323237e-08	0.0089807811531456	682	0.0001179252290026	2.7686692430680066e-08	0.4785017946433305	682
7	87825004	90661783	-7.898286899313003e-05	2.260427863917667e-08	0.5993492857785317	1155	8.589370720767885e-05	5.2773224536807796e-08	0.7084793142437626	1150
7	90661784	92493751	7.516918617547347e-05	1.1875694195546527e-08	0.4903328000121978	558	2.6579476413801612e-05	2.0807651279083448e-08	0.8538082191353704	557
7	92493752	93966600	-9.98294141059798e-06	9.689447386312758e-09	0.9192197648676684	416	6.949862519390335e-05	2.5511521007327976e-08	0.6634760602766917	416
7	93966601	96073507	0.0001091367390414	1.6897157448121655e-08	0.4011416797578055	820	0.0001192989731607	3.882142748810953e-08	0.5448590418381177	815
7	96073508	97099569	-2.917197342473941e-05	7.532909441945199e-09	0.736786165745875	354	1.3222915414507336e-05	1.912657378767386e-08	0.923829393999286	354
7	97099570	98715473	9.69950312468416e-05	1.4329131228820368e-08	0.417774509742424	497	0.0001817322718692	2.4202690658573072e-08	0.2427445101999188	497
7	98715474	100196650	5.646225328362021e-05	6.270545027841799e-09	0.4758294713364165	347	0.0001020549228752	1.2497462096644822e-08	0.3612953170544793	345
7	100196651	101199252	7.961516762938463e-05	7.659015313795349e-09	0.3629684234750693	342	0.0001660222642518	1.8698052581300963e-08	0.2246949326704639	334
7	101199253	103197509	1.3020840487628143e-05	1.1138107037220548e-08	0.9018087673953916	492	-0.0001514685913031	2.7239612251220307e-08	0.3587522734412456	485
7	103197510	104159524	0.0002394664701444	1.1523455839698756e-08	0.0256968629925356	544	0.0001765048436904	2.8654995005757954e-08	0.2970904993843017	543
7	104159525	105682904	0.0006900173817172	1.8386053138439753e-08	3.603276461378773e-07	627	0.0001130050714817	3.8913760761847376e-08	0.5667414251065515	623
7	105682905	107780177	2.1124913050471207e-05	1.7967437352821736e-08	0.8747732483051295	858	0.0003429003315787	4.058882284720708e-08	0.0887516059646723	853
7	107780178	109647593	0.000191553680491	1.2700825811428117e-08	0.0891857146917709	667	9.37217947109784e-06	2.8555381268559842e-08	0.9557702922088954	663
7	109647594	112618683	7.937445055694916e-05	4.0005426257802316e-08	0.6914815163591277	966	0.0001614526129694	4.645521965073717e-08	0.4538093865431482	962
7	112618684	113712386	0.0002229944951651	7.23059940100761e-09	0.0087300424413686	278	0.0003108025799236	1.5007243206286184e-08	0.0111781419762152	278
7	113712387	116780177	0.0001605785197952	2.98118190311039e-08	0.3523597048288421	830	-2.002083127688715e-05	4.1085943457546935e-08	0.9213190069170604	830
7	116780178	118351580	-3.6273624962164576e-05	8.915807664259248e-09	0.7008608661446682	460	-3.2153014210142877e-06	1.7493617658784118e-08	0.9806054742309456	454
7	118351581	121045272	-3.384058885709206e-05	9.915306248483438e-09	0.7339709234410479	554	-0.000220833931193	4.4069501716782666e-08	0.2928206723696382	554
7	121045273	121933629	5.916671443265294e-05	5.581134610700181e-09	0.4283702217768667	279	5.22519913631788e-05	1.315097296851928e-08	0.6486473193896425	279
7	121933630	124156804	6.642923850941626e-06	1.4841433569612893e-08	0.9565143230347708	778	0.0003343450343771	3.379516908620492e-08	0.0689530574365763	776
7	124167552	126519169	-4.245328866315288e-05	1.462735331988298e-08	0.7255754051614653	806	0.0001227350042922	2.9770526973317583e-08	0.4768756498159499	803
7	126519170	126869220	-8.31619939790885e-06	3.229042055675616e-09	0.8836463423115937	161	2.9904158573688313e-05	8.0650292865568e-09	0.7391433242312344	161
7	126869221	128778385	0.0001323525134118	1.905601471362802e-08	0.3376727156140851	694	0.0001899343017973	3.64418055332607e-08	0.319758125832139	692
7	128778386	130422413	-7.437510507084528e-06	1.1254027089150715e-08	0.9441069237223184	563	-9.323939219696512e-06	2.6312433901323653e-08	0.9541626093858816	560
7	130422414	132805847	0.0001183064387786	3.5162337357548336e-08	0.5280973758973663	1044	-9.13551429892931e-05	6.220790123492057e-08	0.7141580261732194	1041
7	132805848	134307595	0.0001508685490411	2.4260395138646006e-08	0.3327388879888775	501	0.00013217812902	2.70952885239626e-08	0.42197776442348	501
7	134307596	135591082	0.0001479754720775	1.67468543992675e-08	0.2528453205937166	575	-7.751375169180377e-05	2.882064231218589e-08	0.6479653645534846	571
7	135591083	136876561	6.460504724837021e-05	1.552485483414505e-08	0.6041062008327871	486	0.000102322095396	2.8479524136461327e-08	0.5443011986147572	485
7	136876562	138744678	0.0001753813037511	2.354268594780329e-08	0.2530286919272271	711	4.5851146252298e-05	4.588621061259e-08	0.8305104230674054	709
7	138744679	139933176	0.0001143247614027	8.166874459361522e-09	0.2058485257908999	392	4.341467945179541e-06	1.8895159277337204e-08	0.9748041401808052	391
7	139933177	140235209	3.718864725681162e-05	5.490847572057691e-09	0.6157594152633288	148	-0.0002089506839454	1.1864447289833618e-08	0.055071015135828	147
7	140235210	141226556	5.6928555994958835e-05	1.4044269778528118e-08	0.6309606191294543	345	0.0001055233178324	2.1578610239288272e-08	0.4725408897932073	344
7	141226557	142656309	-1.2091256650500489e-05	9.187000248420584e-09	0.8996138053225163	500	-2.345111682601788e-05	1.8614614446124452e-08	0.8635283970375318	485
7	142656310	144968288	0.0001340726001484	1.3804057173252702e-08	0.253814151317852	670	0.0001021783311669	3.5331184661465286e-08	0.5867165380501851	671
7	144968289	146427959	1.286721081740037e-05	8.847431123701676e-09	0.8911914422242562	454	4.7350026053186856e-05	2.0272486396127075e-08	0.7394683482157987	453
7	146427960	147815317	-9.559896801749316e-05	1.3149285825605726e-08	0.4044583682912105	643	-0.0001621332257002	3.1563990698856935e-08	0.3614578128443437	638
7	147815318	149840657	5.486403935954186e-05	1.6215722573840332e-08	0.6665821090693057	745	0.0001223265160277	3.968484567666054e-08	0.5391780612210894	744
7	149840658	150711504	4.49281842345149e-05	8.265784467830442e-09	0.621185761762443	390	-0.0001452766076069	2.0758390722970855e-08	0.3133003438198254	388
7	150711505	152249805	4.133871276351171e-05	1.4492122416500467e-08	0.7313031138398636	551	-7.8182222878482e-05	4.1566768594782303e-08	0.7013690261944201	549
7	152249806	153674018	1.5988012120543898e-05	1.4540353982302013e-08	0.8945185569384317	578	0.0001612133291296	3.9037745224541496e-08	0.4145340665825396	574
7	153674019	154964729	9.81738821464562e-05	1.4860693554679768e-08	0.4206265485371558	644	4.1778706660015015e-05	4.5732832302957986e-08	0.8451092639020947	638
7	154964730	156065249	-8.222717067539584e-05	1.6799114879377165e-08	0.5258112578947569	560	4.393263783399138e-06	4.113425778231981e-08	0.982718097633622	559
7	156065250	157634596	0.0001636490092188	1.4458061046958124e-08	0.1735134636369054	625	2.3121450327749325e-05	3.79797764572551e-08	0.9055589001636096	619
7	157634597	159128574	-2.426971697311311e-05	1.2344940264638724e-08	0.8270909860510882	583	0.0001523098431576	2.9756596744675623e-08	0.3772630340538275	578
8	10422	1044216	1.9025325436847845e-05	1.0071555479677904e-08	0.8496412366159388	463	7.99445621689864e-06	3.8550965434835836e-08	0.9675218431127456	460
8	1163245	2042941	4.979929541147658e-06	1.42852280827316e-08	0.9667651268019888	570	3.202410904063936e-05	4.01276450448459e-08	0.8729868899703692	563
8	2042942	2573278	-8.083137938634402e-05	6.8466044694155235e-09	0.3286272810097649	283	-0.0001641743758389	1.979178490309689e-08	0.2432190111737495	268
8	2573279	3392925	8.61265839314704e-07	1.6704369229485376e-08	0.9946830934311124	690	-4.7846240049957026e-05	4.7957278386591766e-08	0.8270516657985876	688
8	3392926	3783016	7.60567204058969e-05	1.0083952903257576e-08	0.448813505155091	497	-9.209381793860748e-05	2.6847743302256098e-08	0.5740805139413296	494
8	3783017	4480475	0.0001271646462748	2.7821343780430368e-08	0.4458271209291591	851	-0.0001661338014696	5.4684452645373435e-08	0.4774326822601696	845
8	4480476	5146926	-2.673643863275125e-06	1.2545423076163057e-08	0.9809559320999264	597	1.2521991810318951e-05	3.363169532658306e-08	0.9455620534449352	597
8	5146927	6142796	7.916958442629127e-05	1.9229828341629175e-08	0.5680579683736366	933	-1.737155857943222e-06	5.0733599501497104e-08	0.993846436264426	927
8	6142797	7153078	1.3900475144737229e-06	1.3245771169382745e-08	0.9903634734055212	618	2.7846832944316416e-05	3.281065566462634e-08	0.8778199141920857	617
8	7153079	9154693	-5.275868108491778e-05	1.3217456194423982e-08	0.6463045123191228	656	-7.826211682932724e-06	3.4669134490251725e-08	0.9664731856229404	655
8	9154694	9640786	2.2550881107849475e-05	8.623631354304609e-09	0.8081301272209969	263	4.3761004533989026e-05	1.2358068393235248e-08	0.6938383032566633	262
8	9640787	10463196	9.914528286605193e-05	1.0946859568629771e-08	0.3433306473884068	531	8.877232921704938e-05	2.9095411849475223e-08	0.6027613688775086	530
8	10463197	11278997	-1.860661262391481e-05	8.941953453462016e-09	0.8440102843813375	456	-1.9590914103177355e-05	2.1325362225076116e-08	0.8932800997010616	454
8	11278998	13491774	5.908256382908819e-05	2.220526220101689e-08	0.6917441615296285	965	6.428428382714778e-05	6.059003603397555e-08	0.7939702619084011	962
8	13491775	13944991	-2.6292427664992695e-05	6.556811724749099e-09	0.7454069787995314	328	-9.078246250189624e-05	1.7319302003387442e-08	0.490306406197787	327
8	13944992	15991659	2.9430693765328735e-05	2.9705877658671777e-08	0.8644145973095684	1304	-9.986242992061608e-05	7.239492231039071e-08	0.7105266956115817	1296
8	15991660	17387875	0.0001264920281201	1.38563691130149e-08	0.2825631638408339	655	3.19367684916232e-05	3.78984979655649e-08	0.8696906715578512	652
8	17387876	17836398	1.9854973364417384e-05	6.12422655651714e-09	0.7997168549628166	323	9.750283994214103e-08	1.4837162571067594e-08	0.9993613221525064	319
8	17836399	19492839	0.0002980001269754	2.49364442363082e-08	0.059144380840212	1121	0.0001158520775326	6.003451030951884e-08	0.6363357769561819	1118
8	19492840	20060855	5.211663540642027e-05	8.033730923847339e-09	0.5609323769034825	373	-4.868948545390035e-06	2.0740686759187133e-08	0.9730299995793946	370
8	20060856	21661736	6.140659364863009e-05	2.1518436233091497e-08	0.6755011418255317	849	-0.0001157168186689	4.497550316958409e-08	0.5853114623676186	846
8	21661737	22897056	9.589729640444228e-05	1.2102469167524168e-08	0.3833695137527063	586	-0.0001276350394918	2.871406209703538e-08	0.4513169348105916	585
8	22897057	24674717	2.1043973399567494e-05	1.52560053929724e-08	0.8647147818334264	786	-6.81572522375699e-06	3.8488187155900514e-08	0.972285882704656	782
8	24674718	25483453	-2.7880180790675576e-05	5.903252000536771e-09	0.7167027099230522	332	3.566573321784496e-05	1.2418602059581264e-08	0.7489321206101607	331
8	25483454	26682524	0.0001067662433126	1.4440751369806761e-08	0.3742920578185413	702	0.0001305027339952	4.27914844718733e-08	0.5281245239071255	700
8	26682525	28162391	0.0001206878210063	4.353437261985031e-08	0.56297699836296	849	-3.598621766994312e-06	3.716530381595235e-08	0.985106999653694	848
8	28162392	29327895	0.0001801787622736	7.811511534781506e-09	0.0414880709807663	424	2.2082723485857537e-05	1.8164377276048624e-08	0.869850437519384	418
8	29327896	31133728	-6.482935218146085e-05	1.1785197636361908e-08	0.550389053493783	619	0.0002151054641992	2.9763870395023373e-08	0.2124603675338906	618
8	31133729	31548359	0.0001610894972434	4.2431359651197654e-09	0.0133984920988196	151	0.0001191981403673	8.579042909173834e-09	0.1981237129605251	151
8	31548360	32977217	2.223198014966131e-05	1.004089509412176e-08	0.8244177306452736	548	0.0001181337895626	2.3718419254541767e-08	0.443043817383778	547
8	32977218	35317231	0.0001476806394684	1.3463105401784748e-08	0.2030986178347559	621	1.868873520142466e-05	1.7547474060649452e-08	0.887804907118123	618
8	35317232	37379388	3.5999844833935806e-05	7.326913627020882e-09	0.6740678292813077	428	-9.064251861207916e-05	1.6569840996437506e-08	0.4813316815532169	426
8	37379389	38938805	0.0003984986961521	8.243457499943194e-09	1.1383803509900986e-05	384	1.5206066349280036e-05	1.9290969605771577e-08	0.9128207716204466	384
8	38938806	40703336	8.53667150363476e-06	1.2786716199202725e-08	0.939822138687005	689	8.092015007719643e-05	3.248653481314803e-08	0.6534624991634779	687
8	40703337	41721453	1.898431060893729e-05	1.1885948631851102e-08	0.8617619398192211	442	-0.0001593286754235	2.241924143967102e-08	0.2872822406083748	439
8	41721454	42773822	-3.4610791004796144e-05	3.808410083015607e-09	0.5749060071109688	233	2.099848089230228e-06	8.887483484198075e-09	0.9822293781448552	232
8	46841315	50082469	3.3056799977199965e-05	8.034923545124052e-09	0.7122900829481593	506	1.498244978093613e-05	1.2828646069327488e-08	0.8947632518012165	506
8	50082470	53302929	0.0001164756786621	1.4856630561738842e-08	0.3392755330378055	947	5.905533042398975e-06	2.8705541159690624e-08	0.972194650182955	946
8	53302930	54418043	0.0001004436830355	7.55116377823774e-09	0.2477270490605643	440	6.613587604969643e-05	1.7805169590257405e-08	0.6201502742868507	439
8	54418044	55945580	0.0001940655404434	9.3082766373569e-09	0.044275725821478	550	-1.6167684092691707e-05	1.975248526398671e-08	0.9084159221604344	547
8	55945581	56956382	0.00013678323981	7.778389016242527e-09	0.1209220038799821	405	0.0001339055095643	1.8896555728904777e-08	0.3300029064994095	403
8	56956383	59068650	0.0001150211418257	1.4358978973496891e-08	0.3371167790034842	784	9.841791105477076e-05	3.4743137447551314e-08	0.5974945235659836	783
8	59068651	59728099	3.0159668782297425e-05	5.748764738163736e-09	0.6907948213095809	311	-0.0001191982572369	1.819650184448229e-08	0.3768899352977184	310
8	59728100	62329098	0.0004095548776289	2.3844681757320565e-08	0.0079954597345362	901	0.0001818183878584	4.4430872235123245e-08	0.388372801447442	898
8	62329099	63349305	2.96006053128309e-05	9.951166585117468e-09	0.7666715363302421	387	8.050245424801312e-05	1.907805316112627e-08	0.5600075707780692	386
8	63349306	65232871	0.0003607509196044	2.3067207951250823e-08	0.0175369106311991	625	1.6193259253927505e-05	2.5046854748396975e-08	0.9185032159418912	622
8	65232872	66489089	0.0003296608561536	9.439669671121594e-09	0.0006912153573221	426	0.0001372995280949	1.7220286038036263e-08	0.2954307309330939	424
8	66489090	69863056	0.0002112158340658	1.88723238559564e-08	0.1241720777819075	1032	0.0002352936173666	4.6415441827746564e-08	0.2747709196404764	1028
8	69863057	70867978	6.598088761126939e-06	9.87413288149459e-09	0.947059298325514	469	0.0001478947816425	2.7224075724151542e-08	0.3700673440483646	467
8	70867979	72289453	9.618193066390132e-05	1.0304877120845106e-08	0.3433919867507536	492	-5.374342641374907e-05	1.9552643971138476e-08	0.7007218610373491	492
8	72289454	73817198	5.7930789097861214e-05	1.496862313534556e-08	0.6358576412357513	781	-0.0001439603183879	3.953139454772934e-08	0.4690317917230389	778
8	73817199	75445063	7.955584752073601e-05	1.3276176735046977e-08	0.4899078844113786	708	1.8721904219174924e-05	3.366125645304471e-08	0.9187222383375966	706
8	75445064	76456541	1.6474843941141802e-05	6.441290619125283e-09	0.8373577178120609	362	5.993521654242211e-05	1.6834878233975662e-08	0.6441308173682745	362
8	76456542	79132860	0.0001071649391397	1.4138844763240618e-08	0.3674548813666788	831	-0.0001229179938559	3.062175420547786e-08	0.4824136847750268	829
8	79132861	81956394	0.0001948461287392	1.6461362378872263e-08	0.1288495622602029	907	7.992505773011082e-05	3.8596932103654945e-08	0.6841372582300589	906
8	81956395	82693738	7.674942400640414e-05	4.798793354942255e-09	0.2678955979946277	256	9.935464013295612e-05	1.39118634873647e-08	0.3995889014108643	256
8	82693739	84225588	0.0001083296378493	8.103492250077357e-09	0.2288203101026014	470	1.0300104488123852e-05	1.9179811882918742e-08	0.9407130255030468	470
8	84225589	85955618	7.987725606356486e-05	8.082190700629e-09	0.3742705812478453	437	-0.0002232415661885	1.5973062216967337e-08	0.0773342795722485	435
8	85955619	87411708	1.8639104081315217e-05	5.049150225831258e-09	0.7930819688254692	324	-5.855113835196948e-05	9.499413169766908e-09	0.5480128002007295	323
8	87411709	89085480	-5.4661561625650985e-05	9.905732210390557e-09	0.5828610761075094	576	0.0001585781478336	2.2643642725093865e-08	0.2919611598671003	574
8	89085481	90638161	0.0003352334146051	1.7384523158973728e-08	0.0110053479089441	471	7.048687899764931e-05	1.9116316960793335e-08	0.610186372134547	470
8	90638162	93554385	-6.624612612786077e-06	1.3630056462840954e-08	0.9547499860660084	824	-7.611127607282145e-05	3.0180660172920785e-08	0.6613054711566604	821
8	93554386	95005526	-0.0001289296644055	1.3062252907277061e-08	0.2592818475362047	459	-8.643765551348052e-05	2.020932579508079e-08	0.5431656656164178	456
8	95005527	96534805	9.333430040066772e-05	1.3889780324947264e-08	0.428394270590765	720	-3.000761067204875e-05	3.3390435496648246e-08	0.869559645751462	718
8	96534806	99401580	1.2959011355590658e-07	2.5174345761304592e-08	0.9993483224091486	1288	9.097007874330184e-05	6.390011357252097e-08	0.718943043961636	1285
8	99401581	101620957	-1.5785928405896488e-05	1.5474926392843992e-08	0.8990208855189828	615	3.6595163251334466e-05	1.4652893313524791e-08	0.7624107248189201	613
8	101620958	104123305	0.0001884581905449	2.3463200154426323e-08	0.2185737873806432	1140	0.0001768249680074	5.9381893277872815e-08	0.4680642534959938	1135
8	104123306	104988751	-7.93631677608996e-05	4.673172647645838e-09	0.2456627061143096	305	-4.0659581688579105e-05	8.932068308640028e-09	0.6670382861832057	305
8	104988752	107410753	3.5098618324490935e-05	1.6692256274925812e-08	0.7858801882796287	935	-1.9633194933037018e-05	4.1372761426139956e-08	0.923104693758864	930
8	107410754	108648176	4.432288215708053e-06	9.69172016237352e-09	0.964089543830004	561	9.190779551621325e-05	2.3620302676719238e-08	0.5498321822498695	561
8	108648177	109248172	3.605107683376171e-05	3.852958665628871e-09	0.5613802500580836	226	-6.553711987721726e-05	8.60251056709659e-09	0.4798139650196537	226
8	109248173	110484313	4.6202398510153515e-05	6.082477079758304e-09	0.5535743362406572	400	1.1124566111634193e-05	1.20364224572895e-08	0.9192336008733956	399
8	110484314	111850846	5.045374540752789e-05	1.0662886632691574e-08	0.6251228792928292	347	0.0001091363176857	1.7850088597750846e-08	0.4140068498299991	346
8	111850847	113064319	9.93225903184182e-05	9.2734121867312e-09	0.3023520247197276	281	-5.463002192298822e-05	9.138059254595114e-09	0.5676713230408125	279
8	113064320	116096494	0.0001765735154501	1.6859294160879952e-08	0.1738626654349147	974	-8.751163919924956e-05	3.093538940331493e-08	0.6188002072440854	970
8	116096495	119685456	0.0003016258158117	3.2513365514735134e-08	0.094371585171782	1309	-0.0001501601642128	5.875196014724073e-08	0.5355849142796376	1305
8	119685457	121201699	6.286009099041345e-05	1.0783192558854177e-08	0.5449513007879585	613	2.5420570791941003e-05	2.5414787048248308e-08	0.873309275991205	612
8	121201700	124861458	-5.838404298574933e-05	3.0299671740903614e-08	0.7373162930416515	1523	-0.0001861916760539	7.852705843841325e-08	0.5064138026039404	1518
8	124861459	125683718	2.809506276425832e-05	7.083028917362811e-09	0.738510665080065	385	0.0001153635225272	2.568393777686472e-08	0.4716217499496068	383
8	125683719	126410916	3.0017485940375288e-05	6.385539224055501e-09	0.7071821726239576	298	1.137835793034522e-05	1.9214559100569382e-08	0.9345790344104572	297
8	126410917	128659110	-0.0001214468311093	2.1937961253158512e-08	0.4122438745626393	1042	-0.0003545847236106	5.7788907006619995e-08	0.1402072834568206	1040
8	128659111	130381138	-8.206135295927964e-05	1.4591833582411494e-08	0.4969258738129229	765	0.0001789815384597	3.6567381426776894e-08	0.3492893252955334	765
8	130381139	131639624	0.0003102519947033	1.1898360124197873e-08	0.0044513120578082	555	0.0001908966013103	2.3605330419767272e-08	0.2140555616044938	553
8	131639625	133351143	-2.998592488896382e-05	1.6209727907304983e-08	0.8138044027384935	881	0.0001515814869427	4.0253964968115585e-08	0.4499413506987106	878
8	133351144	134570000	-0.0001348623950902	1.546434180366412e-08	0.2781480450728637	787	-6.534290980537608e-05	3.7836434593429226e-08	0.7369268164602572	785
8	134570001	136035604	5.114269421838271e-05	1.7603744897336098e-08	0.6998954841448681	851	9.817897916242593e-05	4.7113705656856795e-08	0.6510391534743355	850
8	136035605	137524150	2.676324631640799e-05	1.1048670362071836e-08	0.7990205643506281	635	-0.0001350479486956	2.6316764612698322e-08	0.4051402955930845	635
8	137524151	139254829	9.70250017804217e-05	1.5569682668109874e-08	0.436818030962529	873	-5.4535971366843256e-05	3.802888704391868e-08	0.7797403993257794	874
8	139254830	140725642	1.638871145731602e-05	1.8556502428737342e-08	0.9042386754160464	851	-0.0001886265931321	4.2083887164077444e-08	0.357841562327809	849
8	140725643	143044913	-0.0001107716447542	2.4756226931991973e-08	0.4814189256145972	967	-0.0002491564793972	5.994200839095908e-08	0.3088352895116683	956
8	143044914	144236880	0.0001561650190628	4.59694431425417e-08	0.4663901120795208	463	0.0002215603906028	2.4741721999634116e-08	0.1589635771777575	460
8	144236881	146303866	6.386677715407155e-05	9.246585105073947e-09	0.5065765591146687	514	-7.253475044372296e-05	2.2246048782101233e-08	0.6267422475028288	511
9	10023	1079706	9.679683615940402e-06	1.4494616987046115e-08	0.9359188704534334	693	-4.600170975714022e-05	3.9844925409118055e-08	0.8177376791356228	688
9	1079707	1916876	-3.737856830995175e-05	1.3541636381626497e-08	0.7480523577508633	687	-5.252363472593834e-05	3.6675578665044565e-08	0.7838829712133972	687
9	1916877	3190063	0.0001060986124057	1.940208624351759e-08	0.4462374701293006	886	-4.642150520365301e-05	5.6524889691657914e-08	0.8451943118452614	883
9	3190064	4495327	0.0003319488352804	1.8907245510853906e-08	0.0157737085145337	827	0.000112152054238	5.6263665484516513e-08	0.6363436368892161	826
9	4495328	4884925	-5.954309531151405e-05	6.1414514144994944e-09	0.4473776906820786	262	-0.0001199031318607	1.8805710878174282e-08	0.3819273104239578	262
9	4884926	6557588	7.603748616118736e-05	1.2415584450014218e-08	0.4949809421780047	657	-6.696150018896526e-05	3.0148469230163184e-08	0.6997564197723716	656
9	6557589	7154922	4.213244849036653e-05	7.274437188269854e-09	0.621314172139591	364	-4.177592246001262e-06	2.0429945092891265e-08	0.9766831069324003	362
9	7154923	8456298	0.0002517147496328	2.174225531035265e-08	0.0878053615974426	1042	-0.0002216568852578	6.118846180839323e-08	0.3702103970520094	1038
9	8456299	9166402	8.091868396439055e-05	1.0208540802613532e-08	0.4232016233836962	467	0.0002321703458137	3.001637316714833e-08	0.1802224323207912	462
9	9166403	10879252	0.0001909979095641	2.0856131541120666e-08	0.1859854406071222	987	0.0001139487709303	6.024849736141824e-08	0.6424804175827544	983
9	10879253	12276488	0.000129644589764	1.0675851649677815e-08	0.2095738004070876	578	9.21607057375212e-05	2.883128445734223e-08	0.5872899259191369	574
9	12276489	14836362	0.0001474899023561	3.206954337770817e-08	0.4101673480681493	1453	3.0470167392605133e-05	9.123266107608693e-08	0.919646716398731	1452
9	14836363	16659654	-8.239803382449792e-05	1.887806935540069e-08	0.548702496146982	914	3.37670830127456e-05	4.971083909407149e-08	0.8796211018451436	912
9	16659655	18661050	5.971103195868979e-05	2.0913529637368377e-08	0.679682649327851	1082	0.0002546656245517	5.4196845392190435e-08	0.273992541205237	1079
9	18661051	20463533	9.55960549157554e-05	2.0702975724625965e-08	0.506440245452247	967	0.0002475162585973	5.67472684481176e-08	0.2987872639639275	966
9	20463534	22206558	-2.1740839818006016e-05	1.5412331829602474e-08	0.8609833180682868	786	0.0001517726435617	3.6323309900584875e-08	0.425832034203551	784
9	22206559	24158517	0.0001803242106743	1.802366636059237e-08	0.1792154446485223	711	-4.771927271173424e-05	4.4688971612229966e-08	0.8214096633509936	707
9	24158518	25330809	0.0002260807060047	1.1448261579955965e-08	0.0346031700493658	371	0.000291195650075	2.4254851136889584e-08	0.0615173257393026	370
9	25330810	26111756	-2.406871270556303e-05	7.610898772823251e-09	0.7826330764123105	333	-5.657603237776628e-05	2.4230425834078405e-08	0.7162641997063954	331
9	26111757	28224282	-4.099761547497386e-05	2.3245288333998237e-08	0.7880064812559466	1111	-2.593596690398668e-05	6.591131148125334e-08	0.9195317949666074	1102
9	28224283	28811583	-3.355589569864831e-05	9.016850682166629e-09	0.7238039249249635	292	4.232442942085505e-05	1.6005581288043132e-08	0.7379678500065685	290
9	28811584	30387391	0.0002624162678189	1.1750181517700756e-08	0.0154841260419019	667	0.0002049269207111	2.924945784820856e-08	0.2308275803780061	663
9	30387392	31310382	-1.1141581014842546e-05	5.05608548676485e-09	0.8754896412113277	311	8.41553128704697e-05	1.2387812417264156e-08	0.4495840329791549	308
9	31310383	32019367	-8.500419445569164e-06	4.848805601663639e-09	0.902840458614144	248	4.908340520977998e-06	1.1163099797912554e-08	0.9629467632087196	248
9	32019368	33578333	0.0001355279570904	1.2943127012274505e-08	0.2335485969762861	698	-0.0002140991285879	3.323804269470916e-08	0.2402552676747358	695
9	33578334	34642242	-4.5856452415615255e-05	5.354243129270222e-09	0.5308637424043365	339	-6.771710011647724e-06	1.29882711076031e-08	0.952618669770372	334
9	34642243	36743282	0.0002696605430191	2.2254878082305226e-08	0.070667182019961	703	0.0003005635419377	3.2814191014849695e-08	0.0970703337381677	697
9	36743283	38641598	0.0001508390871891	1.705385562497671e-08	0.2480679695249058	848	-4.420167540220108e-05	4.528999340908698e-08	0.8354628047593967	844
9	65472190	72512710	-3.364487024432887e-05	1.2564741422000864e-08	0.7640607743531154	673	-7.045376138170941e-05	3.3023577224707775e-08	0.6982404837003839	673
9	72753755	74253039	-1.918356775206674e-05	1.2154506332570634e-08	0.8618618506757376	693	-0.0001171637708565	2.9970179996864033e-08	0.4985444131859516	692
9	74253040	76203945	-2.308704124002365e-05	1.2122033377914953e-08	0.8339085676300606	681	-0.0002538000592454	2.9068758607270044e-08	0.1365923145978171	676
9	76203946	76973080	1.1476058509566991e-05	4.353036751745029e-09	0.8619135224661334	221	-2.3419379019953417e-05	9.44811228743451e-09	0.8096042227072295	220
9	76973081	78900182	1.734356618637069e-05	2.1370270229415144e-08	0.9055600852111744	948	-1.0929652014061814e-05	6.243156475034647e-08	0.96510961139542	943
9	78900183	79471207	5.494591156209043e-06	7.307770685875704e-09	0.948751160169479	335	0.0001361459982018	2.1164037849146353e-08	0.3493511217088889	335
9	79471208	81079054	1.390767730059037e-05	1.2417660316192441e-08	0.900677307171277	625	4.669734186665582e-05	3.1805738493479e-08	0.7934432065520528	622
9	81079055	82590927	0.000249189101088	1.6481907174805956e-08	0.0522583987440529	747	-0.0002308744646334	5.3734824601646796e-08	0.3192627978730246	744
9	82590928	84211232	0.0002237273993975	1.5265758517097522e-08	0.0701785994395343	776	-0.0001329750244372	4.235260696311765e-08	0.5181854385431881	775
9	84211233	85440800	0.0002967649603801	1.5185497200647182e-08	0.0160300417017592	366	0.0002364738844833	1.9158807655821405e-08	0.0875553025988021	364
9	85440801	86938195	2.9095554800781364e-05	1.4259549095122844e-08	0.8074987150691908	748	-2.943997766758716e-05	3.7094652969317966e-08	0.8785120211053071	745
9	86938196	88109332	5.195384713273936e-05	1.0218628887387173e-08	0.6072865115572058	559	9.63370906406809e-05	3.1884414427909923e-08	0.5895308811613038	557
9	88590417	90136245	-3.4184712979610037e-06	1.4060454965793272e-08	0.9770008303258486	709	-7.239949799457422e-06	3.927777077528555e-08	0.9708589219743748	709
9	90136246	92528697	3.597287418184469e-05	2.1790476412575453e-08	0.8074691507695189	1040	-0.0001735477321245	6.327329400032691e-08	0.4902345212764686	1034
9	92528698	94167202	4.126878356023873e-05	1.5177425937711286e-08	0.7376380038235022	761	6.563508960724743e-05	4.1648733717055975e-08	0.7477450039671414	758
9	94167203	96671697	0.0001667394417	2.2974382462398145e-08	0.271305929314963	980	-8.013544529928905e-05	3.7168978479608014e-08	0.6776615408085436	973
9	96671698	98922039	0.0001063488849789	1.475712734948179e-08	0.381328357491957	831	-0.0001865385198695	3.6132266956950634e-08	0.3264235217721588	825
9	98922040	101592858	0.0003768207279113	2.8669213024611825e-08	0.026047931760266	1015	-7.536289564187391e-05	4.5780189310362296e-08	0.7246703767434483	1011
9	101592859	104624436	-5.9610989183280466e-05	2.3845923182647017e-08	0.6994756347819122	1135	-3.354439994533451e-05	5.532479025403334e-08	0.8865955644327308	1131
9	104624437	105967975	4.690493938230573e-05	1.2770335001640692e-08	0.678093396515781	693	-9.058728345607444e-05	3.4827772243101235e-08	0.6273889731382936	691
9	105967976	107581748	0.0001263875902675	1.2471148434010542e-08	0.2577387800663537	739	-0.0001341115477878	2.9651310999834973e-08	0.436078222465547	738
9	107581749	109298753	-1.0259706484655291e-06	1.4261596776591809e-08	0.993145345353767	725	2.512439432348758e-06	3.56827850045516e-08	0.9893880917512208	719
9	109298754	110695061	0.0002049228150725	1.3782666537784124e-08	0.0808951913282343	661	-0.0001578351929609	3.792947478600149e-08	0.4176931652245068	659
9	110695062	112778023	0.0001586799013317	2.3807216621893197e-08	0.3037555379511711	1263	-0.0001953750806349	6.501029086990222e-08	0.443519556113208	1261
9	112778024	114831081	2.606507248559745e-05	2.15225846430414e-08	0.8589829108070759	1094	2.847922573361586e-05	5.8899240171403285e-08	0.9065847946330045	1087
9	114831082	115693144	7.47328735301071e-05	6.098479752886471e-09	0.3385795444646309	373	5.188555606808562e-05	1.3784013542190042e-08	0.6585360716872548	372
9	115693145	117019800	1.272401078869882e-05	1.7197631540407286e-08	0.9227054663077858	734	0.0003347198879107	4.1044925329765266e-08	0.0985021870666208	731
9	117019801	117921959	3.217649793621403e-05	1.0499911661085432e-08	0.7535120859270479	540	-1.0478229039353784e-05	2.8557340614974505e-08	0.9505585893453644	540
9	117921960	121321536	0.0001360828781797	3.264813941317249e-08	0.451367296608365	1722	0.000321730219281	8.908373374630919e-08	0.281062680582734	1715
9	121321537	122260296	0.0001882658191045	1.1181952042139672e-08	0.0750138204101383	430	8.237946749555929e-05	2.0490214803246312e-08	0.5649528351867878	429
9	122260297	124871321	0.0001719453716148	1.6409059218425717e-08	0.179499686355289	926	1.0128718823613333e-05	3.956203578155102e-08	0.9593867640985076	924
9	124871322	126971886	-8.9593390840889e-05	1.6146802766346798e-08	0.4807662030081419	803	5.790302149360977e-06	3.966026359748479e-08	0.9768045766470624	800
9	126971887	129059664	7.718454403787043e-05	1.4737675082271236e-08	0.5249112435820151	668	-8.42102053431435e-05	2.590000126626141e-08	0.6007955988912014	665
9	129059665	130055509	3.716887437815511e-05	1.9019948061069836e-08	0.7875373139448177	378	-3.523035266554723e-05	1.7232166580002123e-08	0.7884083071480973	378
9	130055510	132165469	0.0005224392499496	2.8632532668116946e-08	0.002018528481706	623	0.0002691638984332	3.4694705209410085e-08	0.1484416600657661	621
9	132165470	133223216	-1.1442580488477672e-06	1.0749176662466062e-08	0.9911942242671904	373	-0.0001527905312055	2.3382903695654416e-08	0.3177036159558564	366
9	133223217	134127887	-9.933799230375416e-06	9.222148476048644e-09	0.9176117233256236	400	0.0001253751779921	3.2030141947826445e-08	0.4835909466852549	398
9	134127888	135298841	5.71821321026504e-05	1.0231601250098173e-08	0.5718612697571803	491	-1.0990075107515822e-05	2.4920484191909545e-08	0.9444975975249944	490
9	135298842	137041121	0.0001518458642374	2.5643526405480746e-08	0.3430119304064312	877	4.453645442306744e-05	6.17327533446428e-08	0.8577418420976562	867
9	137041122	137589363	-2.7233579780021595e-05	5.477629950229302e-09	0.7128981470017904	226	-4.8652822546385375e-05	1.669195288918925e-08	0.7064875484804792	225
9	137589364	138938977	2.2838275493829224e-05	1.8536753623905963e-08	0.8667848395321298	731	-0.0001332514735038	6.937865764055325e-08	0.6129314365253624	730
9	138938978	139500341	7.933105297455044e-05	3.168863397060009e-09	0.1587579810467291	151	5.297000879095069e-05	7.880522131281697e-09	0.5507108940029986	149
10	60523	751338	-1.4851133230211605e-06	2.924360462898936e-09	0.978090643829363	153	-4.662330238630052e-05	7.9530961450373e-09	0.6011139953734803	149
10	751339	1523543	1.9217818213548234e-06	7.269482534453969e-09	0.9820172701005376	390	-0.0002574192151061	2.0958897185492092e-08	0.075387051796081	385
10	1523544	2254499	3.737998904506276e-05	1.0940746734894768e-08	0.7208163136384407	535	-0.0001085299478846	3.2085688090865056e-08	0.5445876788376873	534
10	2254500	3352698	1.8295050986401343e-05	1.5003749157976607e-08	0.8812697298929031	765	6.356876474853267e-05	4.340603503074869e-08	0.7602758088308659	761
10	3352699	4572273	0.0001607784375279	1.6317515613466522e-08	0.208161171750089	692	0.0001872624537469	4.2217435325722136e-08	0.362089337847129	690
10	4572274	5983761	-2.75812823586334e-05	1.5920627916656383e-08	0.826967848162517	853	0.0002200055824139	4.3764961748901916e-08	0.2929610501892881	850
10	5983762	7171483	-3.736152496988844e-05	1.9885507590104136e-08	0.7910515845406447	855	-0.0001104070842908	6.2910577250013e-08	0.6598032207963103	852
10	7171484	8774664	-7.765604964801617e-05	1.911200357976901e-08	0.5743047801476828	981	0.0001008876931477	5.6068282013749065e-08	0.6700578325218398	970
10	8774665	10249395	0.0002369015473723	1.1572467350329987e-08	0.0276518439085118	664	8.02251315027289e-05	3.1769348395183834e-08	0.6526403760419925	661
10	10249396	12586796	0.0005290441039861	2.7033905380230187e-08	0.001292498258396	1176	-0.0004421578002941	8.293302903448408e-08	0.1246925548698081	1170
10	12586797	13321599	-6.0251493302915934e-05	1.169027346046302e-08	0.5773518963887032	512	-0.0001985287841059	3.898846150237701e-08	0.3146858353614097	508
10	13321600	15026067	2.5619506696919895e-05	2.1947314555912473e-08	0.8627034056096036	1060	-0.0004539888596071	6.568677259130206e-08	0.0765012622065627	1054
10	15026068	16551766	0.0001315425273874	1.1899302295878801e-08	0.227862327583907	657	-2.2989124606215547e-05	3.296303093457611e-08	0.8992396536975958	656
10	16551767	18537266	1.1483803563179624e-06	1.7167429996720287e-08	0.9930069342163192	913	-4.256707728985486e-06	4.936080789386135e-08	0.9847139176791369	911
10	18537267	19716877	0.0001583226335626	1.0673421217575877e-08	0.1254071916668703	635	-0.0001017123852562	2.7975507113527684e-08	0.5431120037272811	632
10	19716878	22772282	0.0001427593682174	2.0938252793116153e-08	0.3238462495598968	1163	0.0004577388267773	6.343923997087584e-08	0.0691634161000877	1158
10	22772283	23175131	7.096593863203885e-07	2.4333341835261373e-09	0.9885217903260578	140	-1.1425062924290127e-05	6.658724363319941e-09	0.8886510638154476	138
10	23175132	25578595	-3.9084655409853574e-05	1.643761869474743e-08	0.7604800577519528	885	-5.635577617325317e-05	4.256465509932249e-08	0.784731786964681	883
10	25578596	26888683	5.590917438189968e-05	1.0761705682943673e-08	0.5899264525873604	634	-6.6578732187516175e-06	2.81186863219796e-08	0.9683288396752756	630
10	26888684	29323235	-4.811106050295571e-05	1.9131995121890444e-08	0.7279692039211452	1108	-0.0001705147363839	5.0666153511170855e-08	0.4487291468263418	1099
10	29323236	29783691	-2.6475507775850324e-05	6.447021703253197e-09	0.7416003865467959	315	-0.0001361766569585	1.9372567371236732e-08	0.327884731988353	312
10	29783692	30458837	2.8645371545033873e-05	8.44479532087416e-09	0.7552559301848507	412	2.4597777347421863e-05	2.4536877158775863e-08	0.8752201815061492	408
10	30458838	31907518	-3.742393940393917e-05	9.785353578153836e-09	0.7051916352225254	570	3.456777069044654e-06	2.6094873804963778e-08	0.9829273597458984	568
10	31907519	33707967	0.0001972610359583	1.1751119979409052e-08	0.0688035003561126	735	1.667643060549901e-05	2.9392688029120904e-08	0.9225111734349388	727
10	33707968	35109354	0.0001157081798233	2.058639231268164e-08	0.4199871802506214	566	6.260131584141166e-05	2.6138404256109132e-08	0.6986024886980569	564
10	35109355	36572507	-5.708841884482515e-06	8.014205556433604e-09	0.9491532072621706	495	6.320890413693098e-05	1.8735690995876055e-08	0.6442327773725446	492
10	36572508	37790028	-2.5824641783185212e-05	6.774102102151759e-09	0.7536973667862092	394	4.8946085929861536e-05	1.860419417480341e-08	0.719707561783431	392
10	37790029	42372578	-6.18122569252633e-06	3.619089664851102e-09	0.918162685202654	255	-1.8286821991798176e-05	7.154309720623967e-09	0.8288323661149504	254
10	42372579	43894770	5.956277623325832e-06	6.454731512330906e-09	0.9409012613774668	375	-0.0001061467578508	1.7910008701864165e-08	0.4276867038739695	372
10	43894771	44730074	-1.637428957695016e-05	5.7788583088136064e-09	0.829457115416165	348	5.343280706705741e-05	1.5705256013559528e-08	0.6698390873158798	348
10	44730075	48760449	-1.625123580002891e-05	1.1761917858923911e-08	0.8808855265466035	712	1.8192093523457863e-05	3.0303693023961036e-08	0.9167690146683904	697
10	48760450	50840914	-2.4704911420224376e-05	1.3308347260029621e-08	0.8304288706352352	766	-2.6159219782385865e-05	3.6969729194312676e-08	0.8917809849370983	765
10	50840915	53616628	1.343427810768664e-05	1.4801246806757509e-08	0.9120727755984664	858	-4.510319998159504e-05	4.146946048449794e-08	0.8247152740276101	858
10	53616629	55103571	-1.7660712216373558e-05	1.4220220939823157e-08	0.882263853983357	818	-0.0001568760080975	4.0728021654897555e-08	0.4369594090428192	814
10	55103572	57031139	5.112578204075281e-07	1.6027386864513916e-08	0.9967778371563908	906	-8.00035407663081e-05	4.424259384221896e-08	0.7036820513562865	899
10	57031140	57662145	-4.958188216018875e-05	3.233307973367799e-09	0.3832270125060171	223	-6.766193602221649e-06	8.230927065237471e-09	0.9405492066097156	222
10	57662146	58959527	2.5467127772178063e-05	6.444425178095385e-09	0.7510615376633178	459	-0.0001321227293037	1.5276744416195554e-08	0.2850869444552779	456
10	58959528	60289986	-3.815356482175726e-05	7.89302596239962e-09	0.6675952344743802	515	4.185267341324088e-05	2.0461010122067682e-08	0.7698354601685702	515
10	60289987	61891408	4.363367207741764e-05	1.1650930909239716e-08	0.6860347605125358	679	1.1768174023268475e-05	4.574149606077651e-08	0.9561191677857308	679
10	61891409	62659678	0.0001517803706914	1.1614582281172917e-08	0.1590243726869128	362	0.0001496768546416	1.7682534719540017e-08	0.2603367295193436	361
10	62659679	63341694	-3.530615445572082e-05	3.059768187318596e-09	0.5232962898251885	191	5.87222739373007e-06	8.265280660835221e-09	0.9484994075137546	191
10	63341695	65794113	0.0001039404585193	2.9187975984007993e-08	0.5429283116901501	978	7.925212739301145e-06	6.261009261286213e-08	0.97473285283505	971
10	65794114	67549614	3.263084847981874e-05	9.983841943829898e-09	0.7439912986415506	591	0.0001277505222679	2.7049317174065924e-08	0.4373028309017994	591
10	67549615	69900147	-8.312238770155492e-05	1.7888020660759504e-08	0.5342747109387094	1055	0.0002173931698079	4.7264219047491495e-08	0.3173331821503761	1053
10	70195991	72220849	7.163509069682207e-05	2.2135299222390425e-08	0.6301715586271434	1056	-4.986651017150244e-06	6.668023212629303e-08	0.9845928080463472	1053
10	72220850	73508511	-2.94273751128228e-05	1.8844572969718083e-08	0.8302607024673425	862	7.424589237153011e-05	5.9234251407998384e-08	0.7603200737231198	856
10	73508512	75422549	2.384145708149296e-05	9.091588441368964e-09	0.8025548927017004	546	-7.559846192342738e-05	1.4106949192882742e-08	0.5244524902705433	542
10	75422550	78706813	-6.404942190751006e-05	1.494873441006392e-08	0.6003777949864675	983	0.0001825261431769	3.4410570089750345e-08	0.3251332874195393	979
10	78706814	80876748	8.462678241573673e-05	2.4436130636599903e-08	0.5882547935390383	1152	-2.8909430298327325e-05	6.389747848053134e-08	0.908947510417301	1152
10	80876749	82414678	2.014124645033705e-05	1.1302328244862904e-08	0.8497374812400063	593	8.85952231585057e-05	3.633600430542804e-08	0.6420933876698536	590
10	82414679	84383744	6.27175961652666e-05	1.9368474480392186e-08	0.6522400879102691	826	3.3207463951664876e-05	4.0296563249390934e-08	0.8686093089884745	824
10	84383745	85458702	-1.5152099921763326e-05	8.174383958075625e-09	0.8669066863766727	512	6.503045279865109e-05	2.1235081907427148e-08	0.6554080760507914	509
10	85458703	87937576	-8.62350928316312e-05	2.006042952469252e-08	0.5426205126086578	1115	-0.0001313643714545	5.5731291678869876e-08	0.5779016102509591	1109
10	87937577	89127063	0.0001065507014597	8.574209727508897e-09	0.2498587853689718	341	5.122838210986214e-05	1.6427719068562807e-08	0.6893857234954655	341
10	89127064	91013380	9.39056967317021e-05	1.5494778183874252e-08	0.4506115972880038	825	0.0001026923606559	4.4030951401513416e-08	0.6245624145603106	815
10	91013381	92006580	2.535793994309843e-05	1.0834749232218917e-08	0.8075287877126459	425	-4.158774639195859e-05	1.904730369492162e-08	0.7631595537983373	424
10	92006581	93335046	0.0001799094813076	1.0357121794305848e-08	0.0770934053712734	507	5.0042204321527463e-05	2.2650432339150146e-08	0.7395079628306459	503
10	93335047	95396367	-0.0001190689177864	1.2999951964259773e-08	0.2963441054337233	804	0.0001875536549303	3.081979460023332e-08	0.2853658706534845	796
10	95396368	96221242	7.102188472650609e-06	5.677791332579114e-09	0.9249069262383688	310	6.063471523627845e-05	1.4161939616547012e-08	0.6103888212894631	309
10	96221243	97822356	6.341460466294116e-05	1.0351845189370697e-08	0.533103165538319	685	0.0002284776797941	2.5082852295769343e-08	0.1491243904852239	682
10	97822357	100241301	0.0002625704366667	1.8561937901798843e-08	0.0539506293894422	1052	-2.1667078155161055e-05	4.921887036635519e-08	0.9221990988829948	1046
10	100241302	100668399	-2.649455617941408e-05	2.514683023471633e-09	0.5972620801384444	172	8.522820179434474e-06	6.021129913524887e-09	0.9125395164666712	171
10	100668400	102949238	4.086976273881745e-05	2.367861081725873e-08	0.7905491998986272	894	-6.946474972429625e-05	4.5070688533675716e-08	0.7435142938431977	889
10	102949239	104380409	4.010925107057477e-05	2.0151050489402858e-08	0.7775216158672018	384	-6.69507640839477e-05	2.3044674279617773e-08	0.6591897211665065	380
10	104380410	106695047	-5.965337926237755e-05	3.7009764209090734e-08	0.7564984180806744	877	3.3066296106093466e-05	3.5044978417393696e-08	0.8597964135923164	874
10	106695048	108726685	0.0001135296782716	2.0401131000591352e-08	0.4267038431713252	780	-9.67576668022974e-06	3.4345194988876075e-08	0.9583614893920276	778
10	108726686	110317704	3.431924750276738e-05	1.2680796467075964e-08	0.760545460390478	745	-0.0001516306045528	3.432346172235675e-08	0.4131011717506555	741
10	110317705	112561492	5.88626032951696e-05	1.2657283328713694e-08	0.6008338413136947	762	-0.0003739128046641	4.4291994523273213e-08	0.0756219112291341	760
10	112561493	115328431	4.610316789337213e-05	2.1129062247615276e-08	0.7511154130404983	1174	-0.0001947491867635	5.7427382830307585e-08	0.4164052332297824	1172
10	115328432	116421405	9.56834504044149e-05	1.0286246871393384e-08	0.3454624770411783	559	2.505195704703435e-06	2.9350739396230325e-08	0.9883330665777026	556
10	116421406	119523933	0.0003267149381161	1.948272144406171e-08	0.019248063559022	1166	6.373773732832126e-06	5.109163911312069e-08	0.9775040553620982	1165
10	119523934	120591352	7.030990610067014e-06	9.483067520197302e-09	0.9424420970359954	488	0.000292902360338	2.803766478338225e-08	0.0802477664113317	482
10	120591353	122407322	1.4652293917963382e-05	1.5555816995922785e-08	0.9064807055628212	814	-4.98213277345246e-05	4.4849711284456956e-08	0.8140122454279073	810
10	122407323	123231464	0.0001408393883312	8.655167213798945e-09	0.1300607453952039	456	3.3746809934993095e-05	2.5030433686785142e-08	0.8310900305312222	452
10	123231465	123900544	0.0001226124403132	6.912789302609128e-09	0.1402893839830759	328	-0.0001464508201195	3.076764291127915e-08	0.4037629367502876	328
10	123900545	125869345	3.0935999027465843e-05	2.0910959436110217e-08	0.830599542169332	1051	0.0003258474659015	6.033016298026046e-08	0.1846338522195514	1051
10	125869346	128001097	0.0001243463582444	2.3619331417756813e-08	0.4184607685805247	1108	0.0001088352144931	6.259139486267969e-08	0.6635458030268506	1105
10	128001098	129154361	0.00026644441643	1.3834874797514791e-08	0.0234964249818938	598	2.0969888462296896e-05	3.4312429643770693e-08	0.9098670447964168	595
10	129154362	130844283	0.0001409237432123	2.5264380308758e-08	0.3752919648048642	1095	0.0002640674200589	7.925547709044758e-08	0.3482473606627242	1092
10	130844284	131741326	0.0001054107777609	9.278283580465546e-09	0.2738070780358728	479	4.086215031931134e-05	2.68431276958618e-08	0.8030477388369152	477
10	131741327	132580244	0.0001372973402254	9.270139449820772e-09	0.1538688492488979	473	-4.6721836026125975e-05	2.774921004149895e-08	0.779112889098597	472
10	132580245	134336328	-9.619906426955924e-06	2.2070422301602963e-08	0.9483699948201852	1011	0.0001245890346549	6.760623662726449e-08	0.6318201900153424	1006
10	134494673	135523864	2.9469943450806352e-05	6.5499802341033044e-09	0.7157591533899347	369	-8.321978645441733e-05	1.7123570722831044e-08	0.5248028465022865	365
11	70855	1213589	-3.674470782620303e-06	9.323842209700584e-09	0.9696448351027496	427	-0.0001294110049311	2.5342762463417563e-08	0.4162677640720144	426
11	1213590	3665480	4.375604467545439e-05	2.5072514446749548e-08	0.7822892040376134	966	0.0001529808170658	7.108292907406282e-08	0.5661087152911047	941
11	3665481	4746708	-9.21182457225629e-06	1.0920325981208922e-08	0.9297565629057748	513	-4.29098119610208e-05	2.9384690104503142e-08	0.8023396664111198	512
11	4746709	6322868	3.405657668638578e-05	2.3434282029876275e-08	0.8239465452543082	1162	-0.0001533913782449	6.15655832099228e-08	0.5364407423663748	1153
11	6322869	7436700	5.6877388823121376e-05	1.3290254844742544e-08	0.621750968979372	632	-3.82795761186673e-05	3.5791451556575914e-08	0.8396524905285446	629
11	7436701	8333273	8.808993614950906e-05	1.3630411150022233e-08	0.4505359342093484	579	-9.024221230192349e-05	3.9642373529115305e-08	0.6503746713326806	578
11	8333274	9087316	-5.507273603421398e-06	6.5987558313087605e-09	0.9459478350462484	316	7.030710107846061e-05	2.9707061101627343e-08	0.6833363067914043	311
11	9087317	10952026	-4.707828742647308e-05	1.5037974913331156e-08	0.7010474125821067	751	0.000173564798661	3.9394186676136634e-08	0.3818616223773777	749
11	10952027	12564228	0.0002167745343134	3.358182885036559e-08	0.2368400821479549	1245	0.0001514146034409	8.837966886533672e-08	0.610527244335731	1243
11	12564229	13373123	-1.0837966689820668e-05	9.359445957182982e-09	0.910801991181461	443	0.0003255760698214	2.5436534666157947e-08	0.0412132350640759	442
11	13373124	15742551	-7.800380147111458e-05	1.693649304914261e-08	0.5489178759694684	901	-3.305018307425793e-05	4.042447531318187e-08	0.8694312033718787	899
11	15742552	17578401	0.0003320663279121	1.51933520139804e-08	0.0070599575806649	701	0.0002137727066834	3.27098872416239e-08	0.237210823964759	699
11	17578402	19569534	0.0001453973673334	1.9573828674841742e-08	0.2986900192481185	934	0.0002289832526765	5.435602976890501e-08	0.326023688714381	933
11	19569535	21017137	0.0001163250119781	2.1028535505456466e-08	0.4224523029468652	895	-0.0002834226441696	6.197545900413632e-08	0.2549209109306164	893
11	21017138	22374141	-1.7942283427879645e-05	1.4231249565821738e-08	0.8804467574634972	675	0.0004261977037696	4.0253440005186076e-08	0.0336476179911676	673
11	22374142	24088516	5.096787517731701e-06	1.4005954033640858e-08	0.9656484760598316	714	2.2113003101082535e-05	3.856214591189083e-08	0.9103417771304664	713
11	24088517	26045752	5.600151374755523e-05	1.6969577231797104e-08	0.6672706826779735	838	3.671843941695852e-05	4.50533078439075e-08	0.8626593271616784	829
11	26045753	27020460	7.784303087250308e-06	8.110658439157229e-09	0.9311203015914132	415	-6.28219815917148e-05	2.0425084848465584e-08	0.6602473617030976	415
11	27020461	28481592	0.0003650042304236	1.0046449826315885e-08	0.0002709545953769	470	5.233693901101073e-05	2.0923935457671954e-08	0.7174902415357818	467
11	28481593	30141356	0.0001463994925056	2.8638514840860353e-08	0.3869860768358121	481	0.0001540129192797	3.8609390118557286e-08	0.4331517300538946	481
11	30141357	32276900	0.000126162035535	2.6412581409719182e-08	0.437578545006402	748	3.7900348566864845e-05	3.281992838550108e-08	0.8342873333219717	746
11	32276901	33958738	5.254578054229109e-05	1.2613061672400052e-08	0.6398757176045813	642	0.0001490955400433	3.1908441648441204e-08	0.4039067294066527	638
11	33958739	35502604	-8.855855748030206e-06	1.854676205145746e-08	0.9481521731928712	907	0.000246626440338	4.773021595828602e-08	0.2589537709913034	906
11	35502605	37116814	0.0001248590889683	1.8404705562669313e-08	0.3573868901795909	814	0.0001902693405027	5.2840909570132984e-08	0.4078288508057043	811
11	37116815	39382002	0.0002644000904363	1.4525148411320513e-08	0.0282482366428587	517	0.000175114242145	2.5164528829484392e-08	0.2696394588006519	516
11	39382003	42310002	8.931314523046064e-06	2.1940709451872732e-08	0.9519197164971136	1086	0.0003388159389207	5.7825491497597754e-08	0.1588417174032065	1082
11	42310003	44693798	-2.934261242647678e-05	2.3922596799665583e-08	0.8495348804587532	1107	-6.983619446821876e-05	6.383557823365598e-08	0.7822354173174055	1101
11	44693799	47006136	0.0005609775374837	2.693003893171295e-08	0.0006298298828803	826	0.0001006299014632	4.7342509792745734e-08	0.6437306882211808	822
11	47006137	49866049	6.685789156403205e-05	1.5198425536567812e-08	0.5876000105188977	618	-0.0001405027124181	2.22796025611116e-08	0.3465478892018744	612
11	49866050	54695472	-1.3865335825705855e-05	3.465096560496875e-09	0.8137862476355243	196	1.4728263205684854e-05	6.241364591035836e-09	0.8521089278251852	195
11	55082657	58457494	0.0002249903780615	4.0450645508879235e-08	0.2632817993385549	1339	8.566889251679084e-05	5.29756402703154e-08	0.7097384099805254	1330
11	58780549	62223770	-4.7937744031239714e-05	2.4039344156160313e-08	0.7571819578042241	1195	-9.070165715911884e-05	5.980832682097691e-08	0.7107262880714238	1189
11	62223771	63804568	-0.0002042886823093	7.537896381076959e-09	0.0186233671557899	381	-0.0001505391112344	1.7257089563648994e-08	0.2518159478471795	380
11	63804569	65898630	0.0002381438852405	2.3927123928698675e-08	0.1236697464372338	668	5.921401458540601e-05	5.271373460562411e-08	0.7964789189794921	662
11	65898631	68005824	9.835243745693723e-05	8.685435803197038e-09	0.2912732740867368	458	0.000227034183566	2.0096204874959262e-08	0.109260275474398	458
11	68005825	69516129	0.0001104848018349	1.2054586226377603e-08	0.3142724900609712	574	-4.543676089642345e-05	3.093409880878806e-08	0.7961459070850709	572
11	69516130	70926291	4.013801329882185e-05	1.320507763876494e-08	0.7268720634328618	542	-0.0001349199223479	3.959150200284924e-08	0.4977267534312792	540
11	70926292	72286016	5.843650137112556e-05	7.282400649864456e-09	0.4934868828973835	364	-1.990998564390894e-05	1.7867880566216498e-08	0.8815947326708954	362
11	72286017	74412350	-2.752222269328655e-05	1.3840648739065954e-08	0.8150312264676195	712	-0.0001507502255961	3.3891420875300154e-08	0.4128626085561216	707
11	74412351	76797208	8.282181893819289e-05	1.8993162677322573e-08	0.5478661179584737	882	-0.0001546117683179	4.6966644328501875e-08	0.4755833590302214	877
11	76797209	78355057	-6.808098256322551e-05	9.51384545800094e-09	0.4851848870845036	519	3.29623708709656e-05	1.9175555062572547e-08	0.8118523964462236	517
11	78355058	80722372	0.0001268873718224	2.7507844468487184e-08	0.4442414543618136	1214	-0.0005153837393673	7.781843660272176e-08	0.0646716194223064	1212
11	80722373	81266711	-0.0001058648945158	1.1347218321723344e-08	0.3203110296489257	300	-3.40208551542449e-06	2.17439855733227e-08	0.9815932470049268	300
11	81266712	84381271	-0.0001336934479879	2.6930675316794253e-08	0.4152560980492054	1356	0.000114166894043	6.730103400482003e-08	0.6598808651637793	1346
11	84381272	86619300	-2.2503419548902396e-05	1.8674279584726873e-08	0.8692001187386315	918	0.0001600994928455	4.627247200232968e-08	0.4567151249147237	914
11	86619301	87430234	-3.563187444597102e-06	7.139665145554008e-09	0.9663634760849004	371	1.4195209785702314e-05	1.8265940605484225e-08	0.9163505781502768	367
11	87430235	89208935	0.0002359173021065	1.790145155175627e-08	0.0778571180222127	691	0.0004381498625941	3.9923371422434537e-08	0.0283181335252077	687
11	89208936	90966489	-2.3025342500466835e-05	9.030774067199077e-09	0.8085519516339528	485	-4.452062612071792e-05	2.0256952541692815e-08	0.7544285309061604	483
11	90966490	92077143	3.4066320994541733e-05	8.022794580961526e-09	0.7036992894578359	417	-1.562735021399734e-05	2.0629145168091424e-08	0.91335797751456	415
11	92077144	93276156	2.4326223757832172e-05	8.946752637075464e-09	0.7970376328565119	474	1.2358713908449266e-05	2.987055166391343e-08	0.942993847528938	475
11	93276157	94242259	0.0001354604605895	6.0965275344831595e-09	0.0827607617684991	336	0.0001081148438561	1.5251594033466165e-08	0.3813330952343532	336
11	94242260	95726040	-6.565139570395448e-05	1.4649359701110237e-08	0.5875301102562481	661	-0.000336971328191	4.1178011372744253e-08	0.0967974733745326	660
11	95726041	97057057	1.243427004178343e-05	1.2919613198585212e-08	0.9128895856295204	588	-0.0001745946205834	3.5622164050677325e-08	0.3549338045922761	587
11	97057058	98705064	3.945353091424344e-05	1.4240763237004076e-08	0.7409372180069906	680	-5.323508436219221e-05	3.935909260555129e-08	0.7884423784388757	679
11	98705065	100417168	0.0001553136290265	2.0877256515906193e-08	0.2824141925925046	928	0.000188865416603	5.9556042039877796e-08	0.4389849970648841	922
11	100417169	101331120	5.4977600121399405e-05	9.052742031367043e-09	0.563382833926162	457	0.0001635335500082	2.366411740673961e-08	0.2877503784842486	451
11	101331121	103959635	-7.69558826790572e-05	2.5323931635885157e-08	0.6286777062001603	1245	5.279192297129939e-05	6.75168178817354e-08	0.8390014589157716	1239
11	103959636	104873283	8.127686905369714e-05	6.312759896937051e-09	0.3063282316385788	328	3.178006313525579e-05	1.3790074057645362e-08	0.7866777677996967	326
11	104873284	106520893	-2.4294660027804603e-06	1.0282871053687017e-08	0.98088597511219	545	2.700131961859148e-05	2.4781495053154432e-08	0.8638128967267369	544
11	106520894	107844199	5.834316049617694e-05	1.1554546847878613e-08	0.5872901872485368	540	0.0001686014173328	4.1267552407419736e-08	0.4065617200724244	537
11	107844200	108437036	-4.073437598826641e-05	2.980940821698533e-09	0.4556201356871862	162	3.2297905441453796e-06	5.9270837597881805e-09	0.966536873800923	161
11	108437037	109866115	9.972157933508852e-05	7.520174518761073e-09	0.2501685763572376	403	7.979040747956443e-05	1.867071291531072e-08	0.5592588647645476	402
11	109866116	111114396	-9.464671198305468e-05	1.0612009712083008e-08	0.3582159914282496	550	0.0001378682047359	2.734466661358478e-08	0.4044305788997784	549
11	111114397	112459487	0.0001158043223223	8.682934498982333e-09	0.2139518135771827	460	-0.0001460338927816	1.9771556709458763e-08	0.2990075943731107	457
11	112459488	114257727	0.0016163448697154	1.5145846616309365e-07	3.2779755262265366e-05	892	8.62742437967106e-05	1.7313050029420766e-07	0.8357401336409365	890
11	114257728	114830665	-6.241614045345257e-05	5.307157048008104e-09	0.3915701662120607	259	1.5309566359075247e-05	1.3099260408998968e-08	0.8935891331685584	258
11	114830666	116383347	0.0001058860966342	1.8425437629552465e-08	0.4353534193313838	729	-0.000353611023515	4.6658757813538975e-08	0.1016221766908426	725
11	116383348	117747109	5.416306145990556e-06	1.680491160280289e-08	0.9666728016773048	717	0.0001360512131946	4.7913355694145735e-08	0.5342396392750692	716
11	117747110	119215475	0.0003047760197101	1.2349658198820728e-08	0.0060965609547461	630	-7.288446553648802e-05	3.1863406208012375e-08	0.6830468874746485	628
11	119215476	120766805	0.000196324009532	2.225227435349996e-08	0.1881432034426946	739	0.0002518447334938	4.525777092281165e-08	0.2364836536243272	737
11	120766806	121175942	-4.6178144919799127e-05	4.666054656260326e-09	0.4990259439711458	228	-9.927986496010098e-05	1.2919212065921669e-08	0.3824122429999289	229
11	121175943	122591909	0.00026907671927	1.8678641398041845e-08	0.0489750827190618	541	-0.0001096890887643	4.4234294642408566e-08	0.6019937821732106	537
11	122591910	123500116	3.075979259958679e-05	1.70444273971766e-08	0.8137359547707961	470	0.0002788561423891	3.511227321541646e-08	0.1367076963368895	469
11	123500117	124495527	3.172073563922184e-05	1.0995911359323103e-08	0.7622697355171512	545	-0.0001237465735766	2.87602127427104e-08	0.465580988414956	536
11	124495528	126311319	0.0001178730768496	2.0579528318556126e-08	0.4112652966278393	921	-0.0002067313198384	5.7594790098252705e-08	0.389007063234619	917
11	126311320	127316678	-7.813314524404237e-05	1.5483254457005872e-08	0.5300564758810317	625	0.0002722275373992	3.799073067421677e-08	0.1625133844192846	624
11	127316679	128188536	-5.887295261358471e-07	7.158567453594621e-09	0.9944481296803888	346	-0.0001056672396194	1.9796908404243065e-08	0.4526508465377121	343
11	128188537	130342574	-4.398213762401597e-06	2.385431989403523e-08	0.9772817862733638	1007	5.461803790084255e-05	6.81958766601081e-08	0.8343314564192799	1001
11	130342575	131074611	-0.0002063021548108	9.713123516003874e-09	0.0363254636937219	416	-0.0002072407115515	2.5979043947281577e-08	0.1985231322198435	416
11	131074612	133000045	5.5046395247332816e-05	3.1264603337756265e-08	0.755559870482091	1252	1.1526926436450415e-05	8.172131345529625e-08	0.9678361342506052	1248
11	133000046	134205992	0.0007278080693424	3.798696095284574e-08	0.0001882998367244	605	9.419019871625517e-05	5.188146758070258e-08	0.6792235327313046	603
11	134205993	134946451	0.0002116301156562	2.4376053632997512e-08	0.1752620361445465	465	0.0002646132642915	3.381861654626156e-08	0.1501759668400454	464
12	61107	1080330	2.960953206417637e-05	1.2400267863848556e-08	0.7903173221897788	383	1.7686091742262228e-05	2.3247320140885828e-08	0.907655201363514	383
12	1080331	2544785	0.0006055979925958	4.8901324877410003e-08	0.0061706705585645	575	0.0001680803666037	3.659554568586099e-08	0.3796053859543613	573
12	2544786	3677036	-7.946909708138267e-05	1.4276241744316057e-08	0.5059822405987348	577	-0.0002879137179185	4.8587653022220874e-08	0.1914950670168992	575
12	3677037	4417678	-0.0001013740215545	1.0816146942641431e-08	0.3296874668041852	436	-0.0002396940923433	3.1324164876120815e-08	0.1756379999095763	435
12	4417679	5321471	-4.599563059413582e-07	1.2077356634325688e-08	0.9966605924440574	560	0.0001122227569772	3.3419774151768e-08	0.5392986496002832	559
12	5321472	6419752	-6.295231178380716e-05	1.387618629509968e-08	0.5930561602512814	629	1.4882851488434038e-05	3.850743091682138e-08	0.939544231726046	624
12	6419753	8377535	-1.614704931034505e-05	4.304853299156104e-09	0.8056037791979009	209	-2.2562107338002783e-05	1.919289633640127e-08	0.8706301503015196	207
12	9031395	10481533	2.548521221513938e-05	5.4813412046290905e-09	0.7306756358811113	259	-6.212797121779446e-05	1.4510161770229938e-08	0.6060192327412078	259
12	10481534	11754845	1.4789697797119115e-05	8.542565664302367e-09	0.8728679691466179	457	-7.882025015583267e-05	1.9381260662214124e-08	0.5712782709778683	445
12	11754846	12733527	0.0002214716718174	1.3602180294379046e-08	0.0575708257084804	496	0.0001151074773788	3.035822159242524e-08	0.50884271528587	495
12	12733528	15241483	4.713958847712627e-05	2.8439746541129173e-08	0.7798408340423116	1186	-0.0003278302791625	9.050936162633693e-08	0.2758504443555599	1176
12	15241484	16310459	-0.0001034801836997	5.82514567952759e-09	0.1751546980574996	294	-1.916684111380702e-06	1.420442442640228e-08	0.9871690130258906	294
12	16310460	18087872	0.0002498081183035	1.2872952014668348e-08	0.0276831633991165	664	0.0003648161997002	3.3437465254094925e-08	0.046035595070954	662
12	18087873	20863942	2.2859994324373346e-05	2.515404850605896e-08	0.8853931547672028	1159	-0.000166745314639	6.92483660202582e-08	0.5263098002701954	1154
12	20863943	23820633	0.0002840236170106	2.7572577357821183e-08	0.0871787704916499	1297	0.0001628464483361	5.841941591023502e-08	0.5004693724669467	1289
12	23820634	25371082	0.0003669938528001	2.479433847908307e-08	0.0197702742304276	839	0.0001963557482341	5.02036311206852e-08	0.3808414759312094	831
12	25371083	27799772	4.0777481377517626e-05	2.5350889271655832e-08	0.7978671469468017	1207	-9.436019742471422e-07	6.726020098095368e-08	0.9970969877810372	1204
12	27799773	29651254	8.459302051720592e-06	1.552466318064306e-08	0.94587100525905	817	0.0001115860413118	3.7050575588294265e-08	0.562108759054751	815
12	29651255	30512405	-7.663854020143767e-06	1.2910903100950011e-08	0.9462250778803908	549	-1.91062430133587e-05	2.500484902310088e-08	0.9038282431696598	547
12	30512406	32165591	0.0001684185385949	1.588963708772862e-08	0.1815226814809656	735	0.000139019402832	4.161455920156549e-08	0.4955681605556499	732
12	32165592	33076988	9.80869170641421e-05	9.314232852607242e-09	0.3094691547940357	457	-4.1741484034222445e-05	2.2871321475114587e-08	0.7825416355740167	454
12	33076989	37856716	-1.815510424958417e-07	7.775307465180759e-09	0.998357218831381	464	5.905075208611915e-05	1.743100616341305e-08	0.6546842621361454	463
12	37856717	39227168	7.72399502987641e-06	2.9413140614769206e-09	0.8867481867885287	181	1.45812448618116e-05	5.917375047574987e-09	0.8496596276202879	180
12	39227169	40816184	0.0001202303432498	1.1263410959118196e-08	0.2572698954798736	576	-1.2347980105988389e-05	2.5859738812141444e-08	0.9387935337179414	571
12	40816185	41658585	-3.3062238046620657e-06	7.427699311251856e-09	0.9693987871062127	417	5.632510185975088e-06	1.628055564840594e-08	0.9647899691357052	414
12	41658586	43984473	2.0525285783196567e-05	1.9590686590656865e-08	0.8834129992016739	1053	0.0001820429527353	4.5487636616338495e-08	0.3933563138010972	1048
12	43984474	46024228	0.0001217328149105	1.4700509050353024e-08	0.315369961155125	559	0.0001021589679964	3.0258053281596724e-08	0.5570058692326673	557
12	46024229	47714792	4.227018640911059e-05	1.0942947245600798e-08	0.6861541277777694	561	0.0001282530352241	2.5202475998301185e-08	0.4191605330136546	561
12	47714793	49001865	-1.5270382136892626e-05	1.2483870528234968e-08	0.8912911253705462	639	-2.7283838190475035e-05	3.0847351247010975e-08	0.8765495537825279	637
12	49001866	51776493	0.0004031513998262	1.4752238032038669e-08	0.000902614301786	795	0.0001249691579956	3.3374933669979326e-08	0.4939388284650852	791
12	51776494	53039003	4.690232576381056e-06	1.5808122988148832e-08	0.9702426967653532	745	0.0002294398975692	3.3488620461680073e-08	0.2099230579547154	742
12	53039004	54778822	0.0003165497997351	1.9204630979711004e-08	0.0223582556031747	707	-7.250766634774212e-05	3.594211336584817e-08	0.7021227388548148	700
12	54778823	55665836	2.768862624423216e-05	6.38862416331975e-09	0.7290302243923197	326	-3.2671499523915032e-06	1.4555559860726684e-08	0.9783956306650016	326
12	55665837	57548859	4.483249693113538e-05	1.4439343244669093e-08	0.7090778816022602	533	-7.091228738395545e-05	2.288903259174404e-08	0.6392741942846806	530
12	57548860	59308665	9.928760105245748e-05	3.720124535231698e-08	0.6067112254267039	594	1.1317631640473292e-05	2.3162996042769465e-08	0.9407213737532576	592
12	59308666	61123728	1.737415032911811e-05	9.270254783181777e-09	0.8567990258644443	542	0.000235699366339	2.059128309648189e-08	0.1004775518137763	541
12	61123729	64032460	-3.557951475673098e-05	2.3397849857040185e-08	0.816071055924333	1172	0.0001727142298583	5.8698733917148686e-08	0.4759227357268121	1171
12	64032461	65559694	3.765280240721085e-05	8.978767232541637e-09	0.6910987685635639	447	-1.7559033419424897e-05	2.311497927140014e-08	0.9080547503140378	442
12	65559695	67181143	-5.799454839248489e-05	1.1953183314821752e-08	0.5957991820527178	628	0.0002507118152028	2.915701848973188e-08	0.1420333568404254	627
12	67181144	67909728	0.00019533580907	7.148631968962977e-09	0.0208709570000263	356	-0.000223824337853	1.8107497389959464e-08	0.0962466478910474	356
12	67909729	69826541	-7.589631060638552e-05	2.0483530103404497e-08	0.5959067945698693	933	3.6251643995772417e-06	5.652079671564422e-08	0.9878340283305392	930
12	69826542	70957986	-1.0029791046185942e-05	1.1392297723846271e-08	0.9251335042268648	596	-7.004786634645908e-05	2.834480383924473e-08	0.677364543633552	590
12	70957987	72645074	0.0002372348467234	1.3275556441684731e-08	0.0394961604614201	661	0.0001607373990158	3.191242078553548e-08	0.3682365391781841	658
12	72645075	73818453	0.000116874970201	6.696726774487442e-09	0.1532331704588952	377	3.107012816201803e-05	1.590638491510153e-08	0.8054092291887684	376
12	73818454	76511313	9.150850432964516e-05	2.0593354285437297e-08	0.5236866769516655	931	1.217099661181127e-05	4.4455283993486966e-08	0.9539676262616976	922
12	76511314	78570569	5.99072507746486e-05	1.8299296363581857e-08	0.6578701446968465	924	9.397287010576894e-05	4.4792541526571265e-08	0.6570302631609046	920
12	78570570	80448149	0.0001243977859004	9.044250016665484e-09	0.1908542814576145	473	-0.0002829856835692	2.1950895113951983e-08	0.0561303932354382	473
12	80448150	81467766	0.0001888642484233	1.2938483854450352e-08	0.0968375950682869	353	-1.52340965293279e-05	1.6057067765413128e-08	0.904307370846756	351
12	81467767	83502665	4.055016621534373e-05	1.3818614859557758e-08	0.7301294326066126	689	-0.0001778479581529	3.494068796398991e-08	0.3413791157385003	689
12	83502666	84303843	6.035973249782173e-05	5.179801623482238e-09	0.4016549137201074	276	5.2777873242401505e-05	1.1972384682160677e-08	0.6295579084008556	272
12	84303844	85990425	1.56877463132826e-05	8.688526415765519e-09	0.8663462438127167	504	3.595426498211283e-06	1.890181074099729e-08	0.979136398907582	502
12	85990426	89682121	1.494365316001945e-05	1.632837808484916e-08	0.9069028704027718	899	0.0001004671634143	3.8033079248142454e-08	0.6064401721864512	896
12	89682122	92066154	7.98564388542926e-05	1.416408356533628e-08	0.5022272432608106	749	3.946349700399442e-05	3.4325498396966965e-08	0.8313240791422039	748
12	92066155	94514566	1.65517415233515e-05	2.33449912689855e-08	0.9137343030868252	1046	0.0001933054211442	6.251955242728669e-08	0.4394627477777014	1042
12	94514567	96020784	9.19427212883306e-05	1.8222605451080584e-08	0.4958069892647582	831	2.1021111219094963e-05	4.699998061070283e-08	0.9227556381932528	821
12	96020785	97108838	3.2999588312562965e-06	1.1102159494203626e-08	0.975015316085322	533	3.306841244538114e-05	2.828157706813511e-08	0.8441129271409077	529
12	97108839	99305986	3.653368483263722e-07	2.2615688006571333e-08	0.9980616678014668	1071	8.953660811898856e-05	6.015471427926646e-08	0.7150656433292581	1067
12	99305987	101447640	0.0002776648859483	3.543512838923578e-08	0.1402016450165275	785	0.0003077833850252	4.0358172289507965e-08	0.1255044497130332	782
12	101447641	101862689	-7.134852446487778e-06	3.176133345776952e-09	0.899256552398884	174	8.44684728966688e-05	8.099391218212389e-09	0.3479495793429042	174
12	101862690	102964985	5.02948101474224e-05	8.28778835435374e-09	0.5806306114370778	419	-1.172570867052443e-05	2.8944894693576155e-08	0.9450523078071432	417
12	102964986	104848695	-1.3301282008000658e-05	2.0630655052885283e-08	0.9262169383297028	930	-1.6429722053896655e-05	4.6035899411767287e-08	0.9389623637758898	926
12	104848696	106436212	4.401402312525238e-06	1.9066539802769755e-08	0.9745714469603776	1004	1.1394610681790988e-05	4.747593534554133e-08	0.9582933917574316	1001
12	106436213	106958747	-4.822320627172002e-05	6.460272118056554e-09	0.5485251781661198	266	-7.70878726614088e-06	1.2541657778722644e-08	0.9451210501367274	264
12	106958748	109025900	-1.0876943724025246e-05	1.6615224631312302e-08	0.932752106699582	879	-0.0002297888700012	3.9646880508218914e-08	0.2484798304825147	877
12	109025901	110336718	1.7441180429343037e-05	3.319173835473187e-08	0.92373276987771	488	5.369326623330032e-05	3.002028047971132e-08	0.756641954762417	487
12	110336719	113263517	0.0002248689649832	4.8699369780566834e-08	0.3082100216083684	587	0.0001759292002223	2.382370946604745e-08	0.2543646208057525	583
12	113263518	113986708	9.448000410094217e-06	5.485386718728535e-09	0.8984921277534359	265	-4.672592533856391e-05	1.3992579294284245e-08	0.6928348822769487	264
12	113986709	115036601	-6.0509705303897215e-05	1.3310167816265008e-08	0.5999410820168005	618	-0.0001755705360633	3.5617645738021466e-08	0.3522202027648488	617
12	115036602	115503215	2.262814737435233e-06	5.259381058490031e-09	0.9751084880613912	220	4.037993110428746e-05	1.4843566296693042e-08	0.740317039742948	217
12	115503216	117087470	-2.123504763709774e-05	1.9377990449943382e-08	0.8787568533090383	859	-8.416711369573163e-05	5.2425427023182155e-08	0.7131740755022002	857
12	117087471	118135374	0.0001163149881868	1.1378589248496829e-08	0.2755307601550447	519	-0.0001115386521562	3.2441657756707584e-08	0.5357442977826654	517
12	118135375	119754109	0.0001446165034516	2.9015220983540187e-08	0.3958843104473889	781	0.0004237218359974	4.395051168732524e-08	0.0432640800536193	776
12	119754110	122007650	0.0001381596456565	3.673703432625631e-08	0.471017883258169	843	7.134369925315215e-05	3.573839960727611e-08	0.7058852915007425	836
12	122007651	124977979	0.0004277438850731	2.7283749766410145e-08	0.0096089017237638	922	0.0004030026555238	3.501296659527205e-08	0.0312604976624577	920
12	124977980	126445504	3.252740651525261e-05	1.8167694827193337e-08	0.8093044379088137	731	3.239323706124317e-05	5.096605258570297e-08	0.8859052396868182	729
12	126445505	127875097	6.5831823193019e-05	1.6101934235399363e-08	0.6039028079082318	771	0.0003939596146096	6.735313910729636e-08	0.1290135073045648	770
12	127875098	129237296	0.0001448530144184	2.04862919310086e-08	0.3115209552456801	795	-9.2664662069051e-05	6.403393251295874e-08	0.7142216810569704	793
12	129237297	130377920	0.000102088840228	2.0893660559942058e-08	0.4800199999545377	775	1.277394968715406e-05	5.741706485739758e-08	0.9574853014581284	772
12	130377921	131786750	0.000134238705908	2.2079861129783247e-08	0.3663141898359524	884	0.0004723556729321	6.432104064612426e-08	0.0625348661203494	878
12	131786751	132807033	-5.179842136062112e-05	8.62101107685503e-09	0.5769292854172261	418	-5.3754779821602773e-05	2.190603029249791e-08	0.7164621056879077	416
12	132807034	133841510	-6.549306456338551e-05	4.237719790260629e-09	0.3143807896311177	214	1.0907277671595929e-06	9.929557119023054e-09	0.9912666107078322	212
13	19020013	20686719	-6.610532217291192e-06	6.631048498599549e-09	0.9352993581284036	372	4.2610121767202306e-05	1.4780123241336393e-08	0.7259721344070444	369
13	20686720	22242173	-5.568667539350253e-05	1.4102193444068853e-08	0.6391197191537268	683	-5.905226344537132e-05	3.747037583028021e-08	0.7603165724494034	678
13	22242174	23594701	2.8195457438625756e-05	2.0239415214024272e-08	0.8428969726931881	783	0.0001060115335306	6.16722905049118e-08	0.6694651083608106	780
13	23594702	24531936	0.000121848177333	1.6809740816820804e-08	0.3473167307007794	611	-5.71749836014961e-05	3.81244558020655e-08	0.769657943617192	611
13	24531937	25784361	8.062174275478556e-05	1.7095921452792474e-08	0.5374963422089899	767	-4.640814840851542e-06	4.745527449143467e-08	0.9830035113437704	763
13	25784362	27284361	-1.0512627826826675e-05	1.1998674229006542e-08	0.923542790789584	637	5.84570269928004e-05	2.9933574230002074e-08	0.7354565805547824	635
13	27284362	29257550	0.0002910229590971	2.2298156784212883e-08	0.051305645212331	1024	0.0001431423806323	6.291562521692717e-08	0.5682198526069651	1018
13	29257551	30483266	-3.873262811900351e-05	1.1563072215922205e-08	0.7186996593978929	577	0.0001244642526326	3.120783600457248e-08	0.4810893250877727	572
13	30483267	32301814	-3.246005223984669e-05	2.0359712053674184e-08	0.8200423011656457	898	0.0003616837040928	5.7811257913978944e-08	0.1325145902375004	896
13	32301815	33776902	-5.058529356688734e-06	1.3099554011733681e-08	0.9647471114826222	691	2.3754493831576065e-05	3.115910004802342e-08	0.8929506188158776	685
13	33776903	35026463	9.575831295291808e-05	9.93248216949283e-09	0.3366365007448563	520	-0.0001560946630892	2.6170597435917172e-08	0.3345960925366513	516
13	35026464	36046366	4.616282087772657e-05	5.680963249546457e-09	0.5402300788084042	260	-6.620394746337522e-05	1.6180673162228564e-08	0.6027444740568713	258
13	36046367	37498184	9.133216141223836e-05	1.5414192701261495e-08	0.4619518670909429	749	2.3655686709459045e-05	4.172817158626089e-08	0.9078084463761082	746
13	37498185	38878162	0.0002242324504269	3.7735542690490486e-08	0.2483723304046221	696	0.0004478998713515	3.0507492227626745e-08	0.0103368575828076	694
13	38878163	41069262	7.360444452460794e-05	2.06882220924649e-08	0.6088386867347094	1022	0.0001304286563914	5.3112321837430657e-08	0.5714301513759065	1018
13	41069263	43101026	1.832924670163707e-05	1.3137161255648328e-08	0.8729466838396059	725	-0.0001204641558419	3.2766551478286025e-08	0.5057362169774293	719
13	43101027	44901408	-6.116516775231909e-05	1.8082438059811842e-08	0.6492115204626685	922	-6.810362634585331e-05	4.7715775564762546e-08	0.7552126399760627	919
13	44901409	46495213	-4.527333607273462e-05	1.2115620143133256e-08	0.6808449567045703	601	0.0001570292535611	3.0453036548075216e-08	0.3682054374634391	599
13	46495214	47431078	0.0001294970741683	8.489520185334443e-09	0.159884638101365	410	0.0002173261671795	2.0032907082761996e-08	0.1246695516566153	410
13	47431079	49383961	4.3701957679642715e-05	1.3589122071175066e-08	0.7077414186262185	716	1.7292494827764656e-05	3.439772111079179e-08	0.9257145084286074	715
13	49383962	51591090	-6.466395070849125e-05	1.6149866739098486e-08	0.6108672380199598	867	-0.0002827502530061	3.7934028633522666e-08	0.1465742146894964	864
13	51591091	53339621	7.283899786164595e-06	1.0836995833283324e-08	0.9442178409119368	540	1.2959711173418672e-05	2.3789562163805673e-08	0.9330375429403918	535
13	53339622	54682863	0.00021826478252	1.5735073626260184e-08	0.0818589975063874	609	-4.42783955446715e-05	3.1706284388930554e-08	0.8036179143097991	607
13	54682864	55817130	4.8784687230851706e-05	1.8561767087764293e-08	0.7202872707511775	380	-0.0001652841902173	3.92030138397538e-08	0.4038420747653516	379
13	55817131	57554216	0.0001813183787434	2.0356641688948303e-08	0.2037877774084399	362	0.0002948992949094	2.4615561954038215e-08	0.0601605942755199	362
13	57554217	58410625	4.3227899471329075e-06	4.275510574572845e-09	0.947289887879538	253	-4.1756916224444605e-05	1.0346536182552682e-08	0.6814268871006479	253
13	58410626	59302270	5.319217381877358e-05	1.3100488229239437e-08	0.6421223004955026	263	-1.6429170089008007e-05	2.5291615938727548e-08	0.9177197757410758	262
13	59302271	60854777	5.325350639777915e-05	1.2475868868476933e-08	0.633522871145304	642	-0.0002242025234517	3.2538854802177164e-08	0.2139013354931835	639
13	60854778	61591948	0.0001223091278548	6.442984217256122e-09	0.127569756286756	345	0.0002647275519988	1.6085391345449583e-08	0.0368616956838221	344
13	61591949	63971558	-5.8768914313376675e-05	1.618883348615097e-08	0.6441591912167033	800	0.0001022390532277	3.7849487986820346e-08	0.5992238007671576	795
13	63971559	65200601	-9.913584693878786e-06	6.692411503598661e-09	0.903546596559964	385	5.594605366567284e-05	1.5541855879714507e-08	0.6536019045660539	384
13	65200602	67844452	0.0001690384948611	1.9105152318462703e-08	0.221346812571178	961	8.886425559796792e-05	4.1397035062312705e-08	0.6622856796596843	960
13	67844453	70724515	-2.0252848335711952e-05	2.0616025271542612e-08	0.8878277357275548	1080	4.478907872044547e-05	5.269119487646988e-08	0.8452985420083043	1075
13	70724516	71526790	-2.9823811982610715e-05	8.291190502820986e-09	0.7432649914900546	392	-0.0001043201341661	2.2825543184167034e-08	0.4898859135460468	391
13	71526791	73934088	0.0001173462680137	2.0263879633775707e-08	0.4097446609214953	998	2.763235481662016e-05	5.361457359083803e-08	0.9050080766914292	997
13	73934089	75670142	0.0001452992084576	2.1546630867302947e-08	0.3222427894954454	823	0.0001323942920329	4.889026593885768e-08	0.5493280828384648	819
13	75670143	77410554	5.0160325260626925e-05	1.758852512283911e-08	0.7052664304905264	898	0.0001710115701158	4.696188417712234e-08	0.4300315867350055	894
13	77410555	78808812	4.8659197953497455e-05	9.703679243345636e-09	0.6213304544504162	503	-9.025135032085392e-05	2.3719518451106023e-08	0.5578726508627647	499
13	78808813	80585675	0.000425898646959	1.643371296629292e-08	0.0008927971197726	661	0.0001709843036634	2.8384995756022917e-08	0.3101662267755822	659
13	80585676	82581813	0.0001409822111966	1.466859676588216e-08	0.2444054900640203	741	0.0002024036190523	3.7689277228037455e-08	0.2971428788574826	738
13	82581814	84133143	4.871158985555941e-05	8.338073549776853e-09	0.5937172479281991	488	8.679996328224253e-05	1.950133114695326e-08	0.5342271304208712	473
13	84133144	85610915	-8.579921921060542e-05	9.693830709059376e-09	0.3835160017377655	525	-0.0001703228025069	4.8006141814771615e-08	0.4369440793349283	511
13	85610916	88559881	7.513763712742708e-05	1.755724792950129e-08	0.5706731526456224	933	7.214911978569597e-05	4.3298061522033166e-08	0.7287909362721678	932
13	88559882	90521310	0.0002210689612833	2.3355548234300552e-08	0.1480236632718208	597	5.606147670122773e-05	4.1635869599041716e-08	0.7835117108827399	596
13	90521311	93129690	-0.000101157439113	1.9724614312336347e-08	0.4713605689035022	1040	-0.0001072547357147	5.03603849146959e-08	0.6326940247554984	1034
13	93129691	93586454	3.6426072673782126e-05	2.88905390429395e-09	0.4979648541222805	151	-5.965632840475298e-05	7.794725349079236e-09	0.4992289689196457	151
13	93586455	96087557	-8.351550315554951e-05	2.8589580431203296e-08	0.6213573788655866	1425	-0.0001345942622067	7.641946379731996e-08	0.6263412927978347	1417
13	96087558	97519209	0.0004383951596775	1.9015285117557072e-08	0.0014769528418469	411	7.985624032185863e-05	3.5034948022453314e-08	0.6696440273731148	410
13	97519210	98938918	9.094690648249678e-05	1.0196567398659558e-08	0.3677690575601275	495	-6.76236537144257e-05	2.810686644148439e-08	0.6866836893591025	491
13	98938919	100574094	5.6543108618965294e-05	1.784560128971106e-08	0.6721006968462122	906	0.0002219088930822	4.5495389175759435e-08	0.2981644800420805	903
13	100574095	102300522	4.3529990084167785e-05	1.6999621813434907e-08	0.7384825658175698	869	-0.0002502635062939	4.4036662524804876e-08	0.2330308847351113	866
13	102300523	104066709	0.0001509634442427	2.1161031863865265e-08	0.2993746283279251	1052	0.0001766268360951	5.5179571194297646e-08	0.4521034470337143	1046
13	104066710	104844113	4.219562685477541e-06	7.875539714770097e-09	0.962076909102694	364	1.728782146933337e-05	2.1868536229786304e-08	0.9069359064148662	363
13	104844114	106247553	0.0001636446006531	1.5974557667239223e-08	0.1954051066602915	727	-3.463249351525783e-05	4.520855061756675e-08	0.8706112323351707	725
13	106247554	106749999	6.088465077682116e-05	7.037437527201783e-09	0.4679782126242856	315	5.252296231236805e-05	2.0189348434898186e-08	0.7116449717457565	312
13	106750000	108189876	0.0003058552915891	1.6241368211654572e-08	0.0163966929544932	713	-9.410997013314e-05	4.53410587423809e-08	0.6585131126850952	710
13	108189877	109121209	0.0002566430116946	1.351002969861332e-08	0.0272434856242064	489	0.000156681859558	3.6007467933802135e-08	0.40897413976991	489
13	109121210	109815111	1.8020681047128937e-05	8.455081783880665e-09	0.8446256292839882	390	0.0001616153047383	2.403092590656544e-08	0.2971563778665844	388
13	109815112	111232072	-0.0001508458225598	2.1027705828190924e-08	0.2982241936508323	877	0.000139140808381	6.207788985863092e-08	0.576535598532355	875
13	111232073	112247591	5.3163218195158534e-05	1.2854488678276871e-08	0.6391383170883054	560	0.0002327226120141	3.3805151545006974e-08	0.2056034330242866	556
13	112247592	113572487	0.0002239300382275	2.496095175203282e-08	0.1563761641659245	527	0.0002801956582604	4.3733721669319526e-08	0.1802971234488064	523
13	113572488	115109852	0.0001259657146895	1.3768688316089148e-08	0.2830423806312856	517	5.913279003624407e-06	2.3427509444425765e-08	0.9691825040752016	514
14	19002084	21589401	0.0001546105516246	1.8516398226042428e-08	0.2558662056447508	692	8.6559555554403e-05	5.387250799423872e-08	0.7091979231929325	688
14	21589402	23018664	-2.609083747726609e-05	1.7343595711698992e-08	0.8429547000791855	790	-0.0003410213864106	5.030993347261342e-08	0.128413215176332	773
14	23018665	24905122	-5.242127016089824e-05	2.1191718103944076e-08	0.7187715255677358	818	0.0001157598918301	5.802752657267963e-08	0.6308343915100935	810
14	24905123	26135685	-2.161383354777198e-06	1.2375779828381638e-08	0.984499052163561	644	-0.0001315136113724	3.193036592198366e-08	0.4617400401635317	641
14	26135686	28466532	4.13190119555809e-05	1.696616659708771e-08	0.7510780587761625	823	3.613195149538923e-05	5.597203888399547e-08	0.8786163315496327	821
14	28466533	29972144	5.747124682239644e-05	1.865018256518454e-08	0.6738775368964823	444	0.0001549455040756	3.5778417258424956e-08	0.4126954779557632	440
14	29972145	32383264	5.412642833948218e-05	2.1300830658819505e-08	0.7107411056709763	708	0.0001648451448225	3.5944769215070775e-08	0.3845860504132523	702
14	32383265	34846250	0.0001561332607432	4.6967442759824495e-08	0.4712549923211405	1434	-8.244950052366094e-05	1.0796710975930855e-07	0.801872828738603	1428
14	34846251	35859592	0.0002066496666374	1.1370740728938022e-08	0.05263054113422	332	0.0002218728238513	1.7930483015348757e-08	0.0975305771247866	327
14	35859593	38667724	7.419538820776885e-05	1.9349883501501176e-08	0.5937697031801084	1016	-9.602721031023304e-05	4.2683341544718794e-08	0.6420754641287347	1011
14	38667725	40341989	-4.036120771255615e-05	1.1904658725278385e-08	0.7114434536209917	643	-6.074089069598614e-05	2.9180808626684473e-08	0.7221580861287249	642
14	40341990	41615501	1.2012193655083228e-06	7.785959630172663e-09	0.9891384226659068	433	3.6138164500338215e-05	1.7675297971767515e-08	0.7857597956063181	433
14	41615502	43137388	0.0001026064751413	9.211011066183516e-09	0.2850215206577711	520	-0.0001804481081552	2.1199207073431645e-08	0.215217437467086	518
14	43137389	44543226	5.73383856565539e-05	9.1531147769492e-09	0.5489574557808817	435	-5.358587241759053e-05	2.4885387548823833e-08	0.7340927387521012	435
14	44543227	46081895	1.177668097311309e-05	8.246608499973203e-09	0.8968167196205477	445	2.7305385425450223e-05	1.8822847083800993e-08	0.8422438978453528	444
14	46081896	46749129	-2.7505527853929455e-06	3.808291785311858e-09	0.9644490539959606	222	-1.884289499103179e-05	8.089222008497529e-09	0.8340540859260516	220
14	46749130	48573585	4.8284378197800545e-05	1.4136862287125526e-08	0.6846710908109159	707	7.21089716647582e-05	3.347889201739452e-08	0.693509000393299	706
14	49005471	50507759	5.413452237995945e-05	1.0541615218640281e-08	0.5980165002562454	543	2.6784956550834245e-05	2.6225820236498317e-08	0.8686318810237974	541
14	50507760	51493571	6.867134120261287e-07	8.663790965117661e-09	0.9941134929487202	416	0.0001711046509101	2.0869003292229822e-08	0.2362412052923723	415
14	51493572	53474382	0.0002522510043373	2.0268138910457743e-08	0.0764201273493095	972	0.000556631918875	5.456614582877328e-08	0.0171766933685319	972
14	53474383	53997830	3.6352682103962634e-05	3.653225380688597e-09	0.547541506923398	201	3.023936622251459e-05	8.105163332516504e-09	0.7369568949930856	201
14	53997831	55233680	-3.740054128022598e-05	1.12376957384234e-08	0.7242318811615798	499	0.0001255335933892	3.2434056176192265e-08	0.4857761269375921	497
14	55233681	56216879	-3.450780212170868e-05	8.697035038699294e-09	0.7113634683244734	338	-0.0001570075067598	1.25403728927214e-08	0.1608986871459028	336
14	56216880	57481261	0.0002849106876916	3.4300747924111674e-08	0.1239615109287347	759	4.138464505665112e-05	3.8092184098319654e-08	0.8320744944033878	757
14	57481262	59448335	0.0001608048841107	1.6319867488209525e-08	0.208119139661715	821	0.000299084568718	4.261461128520763e-08	0.1473875699192216	816
14	59448336	61680423	0.0002054936375788	1.8822211373726235e-08	0.1341769474407202	710	0.0004438482468427	2.5136290374161062e-08	0.0051178296579104	708
14	61680424	63790014	0.0003219406205017	1.9280864628633832e-08	0.0204205911754762	925	-7.888956047740769e-05	5.0126127071017227e-08	0.7245677730500191	920
14	63790015	65220297	6.200569011773291e-05	7.821666957768987e-09	0.4832386777456281	448	3.21267489717978e-05	1.7429498535186707e-08	0.8077373194046038	447
14	65220298	66399554	8.667999460376698e-05	9.140263187921764e-09	0.3645920675396863	455	-0.0002465025355103	2.1845553276888353e-08	0.095358564814271	453
14	66399555	67992316	5.1524146396316344e-05	1.1196294012436104e-08	0.6263022760966805	499	5.6061704016128114e-05	1.660572353907749e-08	0.6635274296212985	500
14	67992317	71131956	1.0621447962082818e-05	2.854604605957413e-08	0.9498737953179808	1403	0.0001946554678064	6.977712584271078e-08	0.4611816031931303	1397
14	71131957	72889614	0.0001002021234401	2.2509506778899687e-08	0.5042146155960698	770	-0.0001521112774265	3.2848637284771423e-08	0.4013166914942349	769
14	72889615	76444766	-0.0001159928554932	2.6888639200865996e-08	0.4793363818374282	1361	4.006292888116814e-05	6.041350854357302e-08	0.8705219622811469	1354
14	76444767	77229471	0.0001578316817913	8.764318751098593e-09	0.0918126005148209	388	-6.709695471821393e-05	2.3719293419614576e-08	0.6630803386362808	385
14	77229472	78561944	-1.9175910652230743e-05	1.5122175301232796e-08	0.8760827683885124	711	-3.703251025670494e-05	3.9298564919322266e-08	0.8518113984339019	708
14	78561945	80186578	-5.372994333330392e-05	1.4085069439428842e-08	0.650744966816778	688	0.0001191416970903	3.6605233330558394e-08	0.5334691236738092	687
14	80186579	81579713	-4.057173384699052e-05	1.0944694458451489e-08	0.6981548316620447	593	-3.0666092136208216e-05	2.6337197681147622e-08	0.8501228802760662	593
14	81579714	83138096	-4.5553166302351815e-05	1.1287713446471628e-08	0.66809694337486	554	-4.775250969056541e-05	2.9205302594765905e-08	0.7799186448431975	551
14	83138097	84241632	1.771626821209079e-05	9.32400876701347e-09	0.8544273171094743	442	-4.2211165018092574e-05	2.4944451337680348e-08	0.7892659515977447	440
14	84241633	85746318	1.7595716348615158e-05	1.4950451076859217e-08	0.8855744615412513	576	-7.828567170597104e-05	3.144518209736922e-08	0.6588698112230511	571
14	85746319	86647001	7.093148940564447e-05	6.6116529383072885e-09	0.3830248194810705	359	3.237468013687514e-05	1.6905043162674658e-08	0.8033616696557959	358
14	86647002	87635340	-5.192597938692461e-05	8.536367171436149e-09	0.5741055821610516	357	5.9032497663122985e-05	1.9067158587779808e-08	0.6690065473018569	357
14	87635341	89497642	-3.8061878923042576e-05	1.3118735556714633e-08	0.7396547135559701	709	5.825552004359229e-05	3.022059818535997e-08	0.7375431762635987	707
14	89497643	91296859	-1.7067077750928935e-06	1.766626508076682e-08	0.9897549301750672	778	0.0002521819219935	4.9144041961499745e-08	0.2552996598975309	777
14	91296860	93132298	6.025992893015142e-05	1.7190746973174057e-08	0.6458024314336193	781	0.0001339506282413	4.4253278330046846e-08	0.5242847606442707	777
14	93132299	94325284	0.0001369661877078	1.0180374741364112e-08	0.1746306837496825	477	0.0002204273390143	2.9731697246176637e-08	0.2011199960690867	476
14	94325285	95750866	-2.472132375818122e-05	2.2719855132699663e-08	0.8697236833777974	995	-0.0002171653072042	6.119827375551183e-08	0.3800245259621886	994
14	95750867	96262414	2.7164450081432034e-05	9.684166714902777e-09	0.782518432303218	423	-0.0001496887204689	3.624853799716181e-08	0.4317388853251707	420
14	96262415	98341161	5.4946713046231515e-05	2.1634438866829332e-08	0.7087262363780982	953	1.711126177755431e-05	5.8210546605385166e-08	0.943459805072648	947
14	98341162	99138531	0.000178938315305	8.571802733010995e-09	0.0532716218725908	421	7.025376392585506e-05	2.2302867156652737e-08	0.6380522925682879	420
14	99138532	101534306	0.0001347633435425	3.7493679634875174e-08	0.4864453837592749	1024	5.825245070258528e-05	6.17904968420745e-08	0.81471813126554	1021
14	101534307	103012101	3.5293133369722156e-05	1.2644767599242965e-08	0.753628018862411	512	-2.0369318404077475e-05	3.5738246186178945e-08	0.9141954624929371	509
14	103012102	105001722	0.0010049366756835	2.7948455961218828e-08	1.8417692440833455e-09	597	0.0006382266055248	2.5958045753365957e-08	7.453946240473334e-05	596
14	105001723	106340357	-4.102118211709388e-05	5.436126955863774e-09	0.5779582304992434	275	-5.110105668955439e-06	1.4214688833094013e-08	0.9658124239806224	274
15	21131604	24195126	-4.9910491374884346e-05	8.094798607270507e-09	0.5790730895018168	309	5.062382282198774e-05	5.1675408246267294e-08	0.8237718900689504	309
15	24195127	25108589	-3.53153042476335e-05	6.497269357203263e-09	0.6612960522055562	266	-8.050603355977711e-07	1.70561260894416e-08	0.9950815807904776	266
15	25108590	27298111	3.690225815659e-05	2.6908396093415613e-08	0.8220088876041037	1021	0.0003012869878486	6.957608447164487e-08	0.2533619036794694	1015
15	27298112	29338501	-6.26109186117351e-05	1.2246411857342617e-08	0.5715450676620852	550	2.4154729127299115e-05	2.844717705549329e-08	0.8861219263221988	549
15	29338502	30165567	1.1982870142568144e-05	9.516903518495094e-09	0.9022397986384196	343	-1.5823383434620766e-05	1.8203616164612683e-08	0.9066389094500112	340
15	30165568	31591820	-3.415650801197015e-06	8.269457509569808e-09	0.9700378546060447	345	3.2977316150878175e-05	1.9136687602606864e-08	0.8115812235104968	345
15	31591821	32441810	3.491107247448708e-05	6.693016939462765e-09	0.6695766749731817	303	-4.595933171665104e-05	1.5106420338830498e-08	0.7084547221077335	302
15	32441811	34015424	6.70572929232693e-05	2.0820729576548743e-08	0.6421268629736772	805	2.6690603981292003e-05	5.4097908431487315e-08	0.908640041341922	802
15	34015425	35083250	0.0001635686360924	1.2245494726518948e-08	0.1393736841727217	462	0.0001370583652548	2.42178277677742e-08	0.3784692839613861	460
15	35083251	37456501	6.904573728251098e-05	2.5481939810752465e-08	0.6653530735871007	1083	-0.0001070632864535	6.124980975722661e-08	0.6653041710726608	1080
15	37456502	38530776	-4.819168537592198e-05	9.160319526549502e-09	0.6145986590301328	415	-7.642276834562204e-05	2.1481725242612912e-08	0.602073802654837	414
15	38530777	40384131	1.072474572940196e-05	1.98140889419919e-08	0.9392676625127144	892	0.0001130818837064	4.587286697246989e-08	0.5975152249498976	889
15	40384132	41177513	1.3417206559886495e-05	6.796945454489529e-09	0.8707199346963665	264	-6.825239540635486e-05	1.1119188764254137e-08	0.5174611990044649	264
15	41177514	42776398	-1.9348175259065963e-05	1.0518573552806394e-08	0.850365514870374	518	-3.260183444063556e-05	2.022659827755655e-08	0.8186863995229903	514
15	42776399	44198048	-8.869847785091556e-05	6.3741882288961685e-09	0.2665797283915639	350	-3.599931385305703e-05	7.650473894080252e-09	0.6806502170618347	346
15	44198049	46618786	2.5481639360181208e-05	1.1722295389179864e-08	0.8139342170849004	582	8.715116756424669e-05	2.1195456857828884e-08	0.549425767914193	579
15	46618787	48136047	0.0003486596748256	3.0293040036407135e-08	0.0451528663733806	667	9.52338478659106e-05	4.063772239589997e-08	0.6366282913339915	666
15	48136048	50008042	8.557813085604995e-05	9.815253098553706e-09	0.3876990295155033	508	1.2902756080922565e-06	1.754321733478327e-08	0.9922274941421104	507
15	50008043	51677559	5.034484355747264e-05	1.6817999849206965e-08	0.6978599023895219	703	2.5627842167483944e-05	2.6214349277807654e-08	0.8742314407319295	696
15	51677560	53069095	0.0001113952116453	2.0220712066790858e-08	0.4334084227125817	464	3.8689945450004454e-05	1.4214688360569396e-08	0.7455511825152272	463
15	53069096	54508527	-7.274371286788432e-05	1.5590921291516158e-08	0.5601724564679758	739	-0.0001873686644684	5.153653728875289e-08	0.4091716313758716	735
15	54508528	55136268	8.060637304423809e-05	6.44013099695201e-09	0.3151687729854545	300	0.0001553914386846	1.4501151924950511e-08	0.196910284103586	300
15	55136269	56901772	-1.0425053804750582e-06	1.3256701023463625e-08	0.9927757178123612	637	-0.000177318487392	2.8195284197818844e-08	0.2909661469652326	637
15	56901773	58441365	-0.0001089878360961	1.4841994096386478e-08	0.3709976374662495	705	0.0001817282587907	2.9576489596711428e-08	0.290651363487968	701
15	58441366	59694115	0.0001485653939702	2.0636789579835643e-08	0.3010515143370041	592	8.018765257958395e-05	3.1355715374463656e-08	0.6506606831179894	587
15	59694116	61265835	9.43775175270131e-05	1.8131602552834905e-08	0.4833710707616891	769	0.000213601675038	4.282730371974091e-08	0.3020002169629767	763
15	61265836	63215221	0.0002233916900823	2.762192435143956e-08	0.1789075796021901	1033	-0.0002443374681394	5.54643678392739e-08	0.2995085371921012	1031
15	63215222	65104667	-0.0001592733732686	1.1229196971259872e-08	0.1328302557516171	557	1.4958548879505972e-05	2.1898318431014595e-08	0.9194834719660336	555
15	65104668	67094766	7.351320411536254e-05	1.5257402056600033e-08	0.5517444740400579	737	0.0001061430466875	2.9974525599834593e-08	0.5398250852363998	730
15	67094767	69017998	-1.298019834773888e-05	1.7485071874994008e-08	0.9218028989752004	832	-0.0001333240564799	3.421783576877998e-08	0.4710657953317215	829
15	69017999	70133340	-9.7257681650233e-05	9.629132287207235e-09	0.3216224237357159	333	-8.863818332663451e-05	1.75616231399648e-08	0.503581550578903	332
15	70133341	71922648	0.0001489244411361	1.8472597556929675e-08	0.2731986704197892	804	-4.6011495109323e-05	4.119724300572192e-08	0.8206648415131498	804
15	71922649	73628713	-3.718658283820835e-05	8.059579436370743e-09	0.6787136822174515	431	-7.589771954751544e-05	1.2486111227926692e-08	0.4969938576870975	430
15	73628714	76398623	0.0002057793738725	2.241680666247853e-08	0.1693157472018793	738	-0.0001614821472952	3.030242183666502e-08	0.3535872715988731	736
15	76398624	78516052	0.0001870485484172	1.8150312254956557e-08	0.1650175270504661	625	-1.811882564348142e-05	2.2672691109349348e-08	0.9042207320393584	623
15	78516053	80860977	-0.0002837076180205	3.866065699771081e-08	0.1490485037016051	1107	2.2617792916527647e-06	5.810531586072344e-08	0.9925135491245828	1105
15	80860978	84260467	0.0004748967074756	3.43729623332199e-08	0.0104227758526925	1065	0.0001715006842039	7.277340590593208e-08	0.5249459300108161	1058
15	84260468	86652904	0.0001353319989302	1.8928930949388843e-08	0.325291133389098	932	-4.5461791792489536e-05	3.782131840911655e-08	0.8151679539070943	929
15	86652905	88369942	5.43397280445278e-05	1.9608116247945615e-08	0.6979712059546161	879	4.1710654441961715e-05	4.5498988579266846e-08	0.8449665181445749	879
15	88369943	90475550	-0.0001537545165802	3.2050619960567544e-08	0.3904316310784548	845	0.0001439895087124	4.195363302508152e-08	0.48206509334723	838
15	90475551	92164391	4.76552822511626e-05	1.7108760492331555e-08	0.7156073165158872	733	9.668842782153238e-05	4.1361307812670995e-08	0.6344877046238706	732
15	92164392	93780901	9.07084069932594e-05	2.615608453695089e-08	0.5748870757701456	928	0.0001804681018412	5.7600537151277784e-08	0.4520829812823598	925
15	93780902	94924329	6.75580109464142e-05	1.8494219274016105e-08	0.6193484356061838	693	-1.151036905472518e-05	4.9071514015576964e-08	0.9585600530729944	690
15	94924330	96141595	6.603813502776392e-05	1.66210954533382e-08	0.6084900760168965	656	-9.362094062102295e-05	4.351236447806402e-08	0.6535656426053686	653
15	96141596	98030909	0.0003475215721239	2.9799173751374648e-08	0.0440971346891154	861	0.0003372375091653	5.849958121749478e-08	0.1632238649163839	859
15	98030910	99244058	0.0001180406316621	1.6639713321363748e-08	0.3601501408049319	638	0.0001556792200574	4.377718223771047e-08	0.4568414342018799	634
15	99244059	100636846	5.057094834618102e-05	1.565918336017847e-08	0.6861202369943493	659	0.0002056107668178	3.825163456060334e-08	0.2931272852920331	658
15	100636847	101552693	3.400704110832549e-05	1.1648914987234907e-08	0.7526980095709854	484	-7.147571651549955e-05	2.8735836299960655e-08	0.6732844084492298	482
15	101552694	102520965	-6.982949448878308e-05	1.1951982115098812e-08	0.5229970464183031	486	-5.5705178237292475e-05	2.9960558814506575e-08	0.7475848047143397	483
16	60054	1207205	4.605200019294911e-05	1.3136898616399345e-08	0.6878365734403413	437	-5.3113134363779805e-05	2.741376699571591e-08	0.7483713568151724	434
16	1207206	2764828	0.0001513168218359	1.4164836659091317e-08	0.2035871960859328	545	-1.6284665655823172e-05	3.0245805043921404e-08	0.9253977257441944	544
16	2764829	4001195	5.554146896655419e-05	1.3919880318217106e-08	0.6378120879451623	399	-9.929693113382284e-05	2.5045376640411596e-08	0.5303710053026587	399
16	4001196	5118344	1.9555554586264517e-05	1.2436234201594124e-08	0.860798306317129	456	-4.569246733647368e-05	2.8168755288343095e-08	0.7854332240984699	456
16	5118345	5891579	-6.596655612826171e-05	1.1718082353106262e-08	0.5422657641715004	431	-0.0001226293760821	2.8001241797052545e-08	0.4636594113195695	430
16	5891580	6893550	0.000136074084294	2.2275152015416335e-08	0.3619121530938831	800	-6.610875261114449e-06	5.913882756988416e-08	0.9783125155429138	790
16	6893551	7529120	0.0003537744225928	1.6520759771077758e-08	0.005916035615593	560	-2.594883034022911e-05	3.5868247735189476e-08	0.891020287454424	559
16	7529121	8338518	7.718339917400767e-05	1.7073878732371178e-08	0.5547298026967566	627	-1.953334124387803e-05	4.3924905448192447e-08	0.9257437866430228	624
16	8338519	9799418	-7.063069356985296e-07	2.2066475392318205e-08	0.9962062788053148	791	-0.0002619097616655	6.577246437156003e-08	0.3071387280202994	786
16	9799419	10426031	0.000194293801319	1.00549322139347e-08	0.0526691849093812	418	6.623180270945016e-05	2.2926094870554767e-08	0.6618046665214048	418
16	10426032	11520160	-9.496356196596063e-06	1.4600363224368157e-08	0.9373576079207224	536	0.000126701888227	3.385411472704371e-08	0.4910647030354009	533
16	11520161	12613097	-2.853016728188305e-05	1.743925267095131e-08	0.8289541585388908	461	0.0001311930031949	2.846593186553232e-08	0.436813604552148	457
16	12613098	13154436	-7.357342497646283e-05	9.149888733530954e-09	0.4418021421978345	373	0.0001422609652137	2.0618605155299045e-08	0.3218165510759362	370
16	13154437	14464001	0.0006456688498165	3.5628495443969985e-08	0.0006246723575018	628	-9.15287064990986e-05	3.8013215497760774e-08	0.638747492726368	625
16	14464002	16154059	-5.0986786028697286e-05	9.326416238377988e-09	0.597527757450609	382	-8.006535821898361e-05	2.0244793771102936e-08	0.5736294268921376	380
16	16154060	17644748	3.1673592583415246e-05	1.2161885622316949e-08	0.7739528910165375	448	-0.0001062945951164	3.1951714070934624e-08	0.5520749986893965	447
16	17644749	18643606	-8.102825574300666e-05	5.084182927510801e-09	0.255795017939928	202	-0.0001808770348146	1.6542182942205326e-08	0.1596263683119163	202
16	18643607	20150570	0.0001100839237265	1.2378733190328413e-08	0.3224519944585	494	1.512693750041749e-05	2.78005961659192e-08	0.927711606545579	488
16	20150571	22448903	2.1193759052808633e-05	1.3063513776759362e-08	0.8528924527266839	527	5.05025015819962e-05	2.9032174947096216e-08	0.7669272802828279	523
16	22448904	24136874	0.000125665682759	1.6477419267047466e-08	0.3275917780590134	594	0.0001202308441128	3.33123754304172e-08	0.5100636583785161	589
16	24136875	25986861	0.0001958950957624	3.0709932001637334e-08	0.2636303975033375	860	-0.0004974193904781	5.666794888377704e-08	0.0366577243569702	858
16	25986862	27445754	0.0001704109326054	2.1439611620431385e-08	0.2444935109462567	752	0.0002426584785425	5.737729490617864e-08	0.3110423457153378	750
16	27445755	29036612	-0.0001582174353358	1.1933394912520128e-08	0.1475202998291457	441	-0.0001513156635083	1.852938317840759e-08	0.2663048137560373	440
16	29036613	31382942	0.0005040687974729	3.2907115790423146e-08	0.0054573417015506	422	0.0004015084245309	2.802704386645072e-08	0.0164707458836107	421
16	31382943	46399472	7.616067531655736e-06	3.545229376436721e-09	0.8982192374371853	156	-1.6057081962175534e-05	7.233838103719184e-09	0.8502563040093166	155
16	46399473	49007925	1.7074764929782306e-05	8.243529109853084e-09	0.8508290352398996	351	-3.2052981700974544e-05	1.5216178411329247e-08	0.7949827492587703	350
16	49007926	52035822	0.0003677475562611	3.5210235727469986e-08	0.0500172845045269	1250	-0.0001517202979939	8.915829812855564e-08	0.6113720513500049	1243
16	52035823	53382571	0.0001307663996451	1.2896715089899117e-08	0.2495345845945312	528	5.740896322896814e-05	2.7681444180105632e-08	0.7300548106860472	526
16	53382572	55903773	6.567966777672756e-05	3.4299638732099986e-08	0.7228602503117973	1323	-2.2707914886291583e-06	1.2935537552081445e-07	0.9949624172481888	1322
16	55903774	57664329	0.000224851435345	2.022095813988549e-08	0.1138256632033633	751	0.0001796750337686	4.6844472082722936e-08	0.4064518319083171	747
16	57664330	59045404	0.0001327319225256	1.5931228504476477e-08	0.2929829143761228	607	-0.0001048455910525	3.7739137992882034e-08	0.5894024260988369	607
16	59045405	60745693	4.952734539313725e-05	1.4676802274699448e-08	0.6826736991561804	601	0.000170822968101	3.3199130682051165e-08	0.3484885144681576	600
16	60745694	62229848	3.882250397172496e-05	9.646441911529728e-09	0.6926395317190251	412	0.0001079174385821	2.1252398721350164e-08	0.4591387640169391	410
16	62229849	63691588	-1.5638404452941517e-05	1.3020483227870041e-08	0.8909913110935193	520	-6.825079818106143e-05	3.1768881027493594e-08	0.7017799149902219	516
16	63691589	65938565	0.0004699157780928	2.6988302392357e-08	0.0042305886099651	952	-0.0003796903877623	6.518227741557893e-08	0.1369661002991727	949
16	65938566	68841362	-5.738850585369971e-05	1.9400398306891663e-08	0.6803238623652796	822	0.000107808595751	3.550147771705282e-08	0.5672022662077103	816
16	68841363	71054027	-3.315966471534531e-05	1.2475492965660786e-08	0.7665579528439744	480	-3.9878358391235424e-05	2.0793084500306138e-08	0.7821236324603924	481
16	71054028	72935149	0.0001256586045559	1.5753825270656375e-08	0.3167542186471883	544	4.2708490038209465e-05	2.3208268626359736e-08	0.779212813939008	542
16	72935150	74971502	0.0001593936841118	2.577471781744006e-08	0.3207936347890563	921	0.0002788073945584	7.613499261771276e-08	0.3122827460610285	917
16	74971503	75977953	5.2924772804926826e-05	7.1210006297607465e-09	0.5305447637643071	299	-7.598448128762554e-05	1.5871432870472664e-08	0.5464167565145903	299
16	75977954	77523677	0.0001634073786005	2.0228273659854073e-08	0.2505862825239864	838	3.357542692552793e-05	4.8348035191199204e-08	0.8786367763181547	837
16	77523678	78456291	-4.412897679983966e-06	1.9941362269292708e-08	0.9750703703116168	729	8.16382037963822e-05	5.002127467212766e-08	0.7150968516416298	726
16	78456292	79134814	-8.542716058884258e-05	1.8926225123414202e-08	0.534625616940362	658	5.5135857692151256e-05	4.8966328767559745e-08	0.8032338948305482	656
16	79134815	80297373	-5.917824757772304e-06	2.2359211941351032e-08	0.9684310195075624	868	-0.000109648724271	5.1218465861662935e-08	0.6280338198803255	867
16	80297374	81772535	2.26308067801553e-05	2.4465168311891185e-08	0.8849589451433457	922	-0.0001878937773083	5.959946621788067e-08	0.4415097046729608	921
16	81772536	82747727	0.0001531578615115	1.9060802613214843e-08	0.267279097437764	659	-1.359092369665408e-05	4.8101704089707414e-08	0.9505881717460072	655
16	82747728	83477207	0.0001341177098007	2.408505035467154e-08	0.3874801224678659	684	-9.475574349104626e-05	4.9371463377975646e-08	0.6697803857440097	683
16	83477208	84445882	8.555059818486426e-06	2.4114184551236663e-08	0.9560653492725204	819	-0.0003718732425009	6.490659049840706e-08	0.144384625927059	817
16	84445883	85148684	0.0001144131233842	1.6324150041164927e-08	0.3705254158716965	542	-7.87990155531906e-06	4.4569780558361674e-08	0.9702258224071878	542
16	85148685	86156598	8.885272555967943e-05	1.960791465260268e-08	0.5257322396571962	539	0.0003468218289144	4.929957807481353e-08	0.1182847748267698	537
16	86156599	86815410	-4.912211800242727e-05	1.8844860053770442e-08	0.7204681474507475	600	-5.225995774906486e-05	5.362156684372099e-08	0.8214477959189378	595
16	86815411	87647348	-8.087074192789076e-05	1.1799369600746996e-08	0.4565768166848295	413	0.0002261769943214	3.043219809900323e-08	0.1947937766165114	412
16	87647349	89041164	-2.7622392849920933e-05	1.5618414089903376e-08	0.8250723997578787	535	-9.190656319845498e-05	3.9604024329959464e-08	0.6442072576315963	533
16	89041165	90292811	0.000395353186535	1.5446866072344422e-08	0.0014676249452738	426	0.0003393929340716	2.2495669992672876e-08	0.0236457202434766	427
17	56	1172398	8.905076184962571e-05	1.2824964901374529e-08	0.4316691954863384	397	-0.0002870446337015	3.8469573144495495e-08	0.1433324365062334	392
17	1172399	1928730	1.1117295369902807e-05	1.0219686936818272e-08	0.9124319374396674	309	0.0001222200165353	2.2813557519092025e-08	0.4184108766337504	307
17	1928731	3702311	-0.0003634815802401	1.922717559640636e-08	0.0087582837624195	781	-0.0002825749193735	4.8735809677573043e-08	0.2005456024827896	774
17	3702312	4696260	0.0002122604769265	1.2955945421923816e-08	0.0622080462988188	432	0.0003301928060177	4.03501952077487e-08	0.1002207977303124	431
17	4696261	5741333	0.0002084867315385	1.1102704632674784e-08	0.0478579678196385	463	1.831504211801189e-05	3.2122438209322324e-08	0.9186067481840134	461
17	5741334	7317397	-0.0001760154223481	2.0602383738645736e-08	0.2200908385441955	775	-0.000396397754413	5.649367404549391e-08	0.0953651163981862	774
17	7317398	8306424	0.0001844459894697	1.3357461088693101e-08	0.1105098226639522	436	-6.818358567984426e-05	3.9354084529766496e-08	0.7310686985692748	434
17	8306425	9965920	1.7278246852749162e-05	2.004944911562861e-08	0.902879300091394	754	-0.0003942830315611	5.677758778474198e-08	0.0979850953005244	752
17	9965921	11102814	-4.361872046291241e-05	1.3599027407139413e-08	0.7083739489449431	553	-4.400604302865043e-05	3.3665859901412016e-08	0.8104560740756115	547
17	11102815	12534768	0.0001329146814224	1.6266318305345852e-08	0.2973442664348502	652	0.0001504016487884	4.4170158096396024e-08	0.4742202697056493	652
17	12534769	13180371	0.0003097856868465	1.1168349515448822e-08	0.0033749836646496	346	0.0002309805428575	2.8840997214083745e-08	0.1737988550253838	346
17	13180372	13894636	5.933922238515138e-05	1.163903906545742e-08	0.5823014810766693	412	4.246731214806946e-05	3.490254756910285e-08	0.8201795768956934	411
17	13894637	15019096	0.0001431731711304	1.6982507720364397e-08	0.2719192430524464	685	0.0001960316562355	4.7201062936849304e-08	0.3668982290242688	681
17	15019097	16412341	3.1524697827508314e-05	9.957103414551364e-09	0.7520591986492414	423	0.0001792834601137	2.3817285723739797e-08	0.2453572341529166	421
17	16412342	18856319	-0.0003542925588773	1.5464148434585447e-08	0.0043850933308083	713	0.0001014027066952	3.1953058947358885e-08	0.5705276408919702	707
17	18856320	21290356	0.0002474577502129	1.547678919391011e-08	0.04668813999163	469	0.0001166764831397	2.060372121676997e-08	0.4163039704205127	466
17	21290357	27334243	2.467662792339519e-05	1.3610184985968168e-08	0.8324806303150959	656	0.0001298783855267	2.9298502673676114e-08	0.4479859556196176	656
17	27334244	29786490	-3.4687337196574585e-05	2.1309919929699248e-08	0.8121770840412837	687	0.0001743545199364	2.2554913163573336e-08	0.2456631958589674	679
17	29786491	31538424	0.0002777325305178	1.6862444102820008e-08	0.0324533401895087	623	0.0001719624258547	3.671951003580413e-08	0.369506549699905	619
17	31538425	32912797	0.0001930338141668	2.1068746867788368e-08	0.183556212973587	922	0.0001494585177106	5.64824030156807e-08	0.5294311238417934	920
17	32912798	34469035	-0.0001129312050753	1.3403900216335557e-08	0.3293444907111497	596	1.698821221918555e-05	3.18233356149227e-08	0.924131959915526	590
17	34469036	36809343	2.0342270726147252e-05	1.5169216380752283e-08	0.8688141622256871	630	-0.0001211744856459	3.468086657511538e-08	0.5152542791234398	607
17	36809344	38877403	-4.965868084538383e-05	1.3456781826723141e-08	0.6685931392064817	587	5.0966421797564886e-05	2.756579942079328e-08	0.7588646392397709	585
17	38877404	39899809	2.5266203171203885e-05	9.185735902861754e-09	0.7920705701444458	465	-1.1093364002780971e-05	2.1558384717418857e-08	0.939774253819528	462
17	39899810	41772086	3.445601551749512e-05	1.2292490153852685e-08	0.7559721960925327	513	-8.749006814892818e-06	1.926202479089671e-08	0.9497356253021504	512
17	41772087	43056904	1.6411528104554045e-06	1.4824107472125481e-08	0.9892454645885674	442	-5.8458743337381965e-05	2.3465341802795482e-08	0.7027400492313007	439
17	43056905	45876021	0.0005184448093857	4.401703436350988e-08	0.0134694244550735	481	0.0002220251486929	3.2448823894144034e-08	0.2177456682286095	481
17	45876022	47517399	7.263437616696316e-05	1.3384615473337191e-08	0.5301179655344216	639	9.26854947189679e-05	3.0019379633045224e-08	0.5926863710049323	638
17	47517400	49898956	0.0001231424785931	2.2908202559687486e-08	0.4158725881602892	936	-0.0002345403638014	5.932380932320425e-08	0.3355733482562488	928
17	49898957	50719054	-2.2040371335669152e-05	6.2048735048316275e-09	0.7796286131055543	328	-6.765789206653939e-05	1.37594543147843e-08	0.5640812042560674	328
17	50719055	51826117	5.41320886094863e-05	7.857526286977295e-09	0.5414131568143289	388	1.1161606153297844e-05	1.8086690633516017e-08	0.9338562432314372	388
17	51826118	53599431	-7.469325834360482e-05	1.614481556730346e-08	0.5566344894618913	701	0.0001001664889169	4.0890092971074034e-08	0.6203520885443766	700
17	53599432	55357540	0.000148866863717	1.917916327901369e-08	0.2824027148477032	707	0.000146329929738	3.8902038165534675e-08	0.45814625396329	705
17	55357541	57487511	0.0001371214794834	2.1730292724343468e-08	0.3522715700997965	823	-6.56693599906168e-05	4.298230682416633e-08	0.7514325866207059	821
17	57487512	59312754	3.5749072328684437e-05	5.5675159582958806e-09	0.631861313286495	295	3.93572968400641e-05	1.0469712899618666e-08	0.7005019031735628	294
17	59312755	61545588	5.622154484336531e-05	1.2197782957699284e-08	0.6107156310003722	557	-7.133502206912751e-05	2.6110990962801746e-08	0.6588801872295564	554
17	61545589	63148127	2.9371006371487224e-05	7.51198415777591e-09	0.7347027431744675	371	-8.021467941301856e-05	1.4610595188024968e-08	0.5069331308617822	369
17	63148128	64800429	-5.521221419556136e-05	1.6091226243617926e-08	0.66337965401514	724	-0.000110757895235	3.8681194751188406e-08	0.573332158870183	721
17	64800430	67858769	6.55786003153913e-05	2.7541092975405817e-08	0.6927257638899947	1113	-0.0003807667970381	6.795992194127964e-08	0.1441240099379086	1110
17	67858770	69387816	-1.0653814692237593e-05	1.6691411949617073e-08	0.9342786197886708	736	9.465724696430676e-05	4.308947711037342e-08	0.6483874001096774	732
17	69387817	72672202	8.081343786563932e-05	4.344268212753712e-08	0.6982185866251365	1648	-0.0002572318646844	1.1875161204387625e-07	0.4553911756334652	1645
17	72672203	74375559	0.0001187401060232	2.0083525831311914e-08	0.4021028393319574	550	3.640337370406815e-05	2.795549622514892e-08	0.827643488440748	550
17	74375560	76263412	9.344738383954164e-05	2.3591419486040436e-08	0.5429213703989537	868	0.0001125697496946	6.705471059036163e-08	0.6637675446783224	863
17	76263413	77298635	-6.505159030203212e-05	1.576845023609344e-08	0.604430263475295	545	-0.0001446265456563	4.411122023529107e-08	0.4910685743911587	544
17	77298636	78837587	0.0004254769338972	1.9563334881321445e-08	0.0023503723411411	665	0.0003068964816545	4.7117892136787295e-08	0.1574101114144791	660
17	78837588	80034407	0.0001485881928864	9.773660859752578e-09	0.1328420000158743	358	-2.390051516301511e-06	2.3941875518957443e-08	0.9876760204301434	355
17	80034408	81194907	5.808558764728409e-05	8.383991942038669e-09	0.525839073733338	399	-1.9481192358707516e-06	1.7523837433616762e-08	0.9882584532254725	394
18	10644	912485	4.182674517917359e-05	1.1337880132560198e-08	0.69445607387144	483	-0.0002222869883929	2.8693253225714778e-08	0.1894280865838115	482
18	912486	1942910	9.328538405869736e-05	9.470587565213475e-09	0.3377739556375378	428	-5.460257997477113e-05	2.3513346244806926e-08	0.7217755197719911	426
18	1942911	3891657	0.0002125953487761	2.3747698042355957e-08	0.1677198058586084	903	-0.0001751303111722	6.821656447892278e-08	0.5025217753372677	901
18	3891658	5834179	0.0002400574673429	2.2364954881364613e-08	0.1084481259522319	927	0.0002099929537418	6.163537793896511e-08	0.3976404087656879	924
18	5834180	7090484	3.57515132095263e-05	1.6430537137966743e-08	0.7803116948951319	664	8.163601713268107e-05	4.327525034558569e-08	0.6947406479570777	664
18	7090485	8498930	2.1730669843685297e-05	1.52502854445425e-08	0.8603189457787457	654	0.0002604741317666	4.1832632604760074e-08	0.2028322999000292	651
18	8498931	11075912	9.117145597064782e-07	3.640278207435285e-08	0.9961873230295624	1485	-0.0003567780512454	1.0004639082987409e-07	0.2593327351140367	1479
18	11075913	11905439	5.9919717845531424e-05	7.490423215887885e-09	0.4887266807076432	311	7.516676316126285e-05	2.0432694622102422e-08	0.5989914648986878	310
18	11905440	14440798	-7.731265977350132e-05	1.8947097823378972e-08	0.5743426069993727	912	-1.5027918165830857e-05	4.46731780143629e-08	0.9433174129438772	907
18	14440799	19485843	1.6322182354184586e-05	3.6401951283374773e-09	0.786752319490465	208	-8.375573438796612e-05	6.428866151886169e-09	0.296210840649334	206
18	19485844	20649471	3.880991324245281e-06	6.4584672822977285e-09	0.9614832866660112	348	0.0001482474604603	1.363736485027253e-08	0.2042739104172716	348
18	20649472	22996650	-0.0001024031160415	1.9797829656487745e-08	0.4667438947209402	916	-0.0003838092509466	4.933117695616249e-08	0.0839804051228724	908
18	22996651	24026190	1.7688393926253756e-05	7.034460530377893e-09	0.8329666595173911	366	1.8068087474780176e-06	1.6602729446387494e-08	0.9888121079224804	364
18	24026191	25927681	4.610619208672928e-05	1.9684234449623473e-08	0.74243949738715	934	9.729584578087736e-05	4.5813228634688664e-08	0.6494200694364061	933
18	25927682	26875586	6.947417503134438e-05	5.12483925900033e-09	0.3318109804166738	280	2.9962546898124652e-05	1.3002549200717357e-08	0.7927331330367425	279
18	26875587	27866477	0.0001764245328662	1.2904970609334908e-08	0.1204154370103545	323	4.60454663168752e-05	1.3386762273144658e-08	0.6906531339892132	321
18	27866478	30264065	0.0001785029410843	2.163221120544999e-08	0.2248798479234919	1039	0.0003324394160146	5.375309565353051e-08	0.1516084294244117	1036
18	30264066	31780066	0.0001218040990187	1.3356963544849834e-08	0.2919191150987567	412	0.0001185549257769	1.4831487180329588e-08	0.3303145515086333	406
18	31780067	33861963	0.0001264882993164	1.3568492141974752e-08	0.2775290712390541	726	2.1203133381560757e-05	3.10361833564048e-08	0.9042015520380984	723
18	33861964	35075249	2.4722840556227904e-05	1.0612303165845804e-08	0.8103378383643337	530	-0.0002018110830943	2.2364503713314012e-08	0.177183909207933	530
18	35075250	36365489	0.000173128358537	1.991164075456893e-08	0.219854315784244	559	-0.0001255496173898	2.6417401744255296e-08	0.4398479860051357	555
18	36365490	37684366	0.0001060007365324	7.342073191555695e-09	0.2160555415210004	406	-3.1761567270878874e-05	1.5973800397663748e-08	0.8015798001361537	406
18	37684367	39892647	4.295364084724369e-05	1.6836306271149233e-08	0.7406165174419002	884	-0.0003630384667389	6.290134290986295e-08	0.1477530996168056	883
18	39892648	42922105	0.0001043803406753	2.114838971325958e-08	0.4729044596676286	1098	-4.740905063461376e-05	4.841594923459439e-08	0.8294085489701503	1096
18	42922106	44299245	9.424815775023855e-05	1.5716212229968613e-08	0.4521748756775047	751	-3.4000810473108486e-05	3.889666398038337e-08	0.8631243733607863	747
18	44299246	45939731	7.750140198094881e-05	1.4598309809281232e-08	0.5212347105314787	706	-0.0001173471559654	3.493139197972278e-08	0.5300939453591158	702
18	45939732	47730583	0.0001038969584669	1.9178039467068182e-08	0.4531096365227846	899	0.0002361538090236	4.3383768002249725e-08	0.2568840726057203	896
18	47730584	51062184	0.0004861952072799	4.3213108786820776e-08	0.0193430450839425	1378	-0.0001354254039093	6.493448294086095e-08	0.5951069514313243	1369
18	51062185	51554174	3.81728087762696e-05	3.3126450689651486e-09	0.5071808146544621	196	6.449866157669265e-06	7.0620706105933605e-09	0.9388215431519288	195
18	51554175	55213837	0.0007094534539185	7.285790419238519e-08	0.0085796562927362	1313	0.0001869612040716	5.723470466125849e-08	0.4345161035146406	1311
18	55213838	56530219	5.5830917028454494e-05	1.5291063889145018e-08	0.651630607045308	686	0.0002005338297106	4.0665341895725927e-08	0.3200122135991757	684
18	56530220	57630482	-1.2637654574270882e-06	1.4443595727519626e-08	0.9916100209502446	653	-4.555205626504725e-05	3.793362155902978e-08	0.8150769916401526	651
18	57630483	59020750	0.0001167818980694	1.0832230536511687e-08	0.2618363784570535	518	4.4319448114656574e-05	2.2356173429392292e-08	0.7669155523695568	515
18	59020751	60277714	6.448388379449549e-05	1.3904884545757169e-08	0.5844824147680354	640	8.952461754247745e-06	3.5919039268416795e-08	0.9623245285000122	637
18	60277715	61820251	-3.2164453473788365e-05	1.3052012733376469e-08	0.7782975821587428	645	0.0001111895494474	2.972351515631526e-08	0.5189712918457194	642
18	61820252	63463401	-0.0001438342439033	1.235495111695989e-08	0.1956576992576292	603	-0.0003217884002687	2.6680553788251543e-08	0.0488348673683586	601
18	63463402	64252800	1.5362857384193732e-05	5.603547739987515e-09	0.8373925735563232	295	-8.592685190407599e-05	1.3673714253908822e-08	0.4624442991138088	292
18	64252801	66125816	8.372968431982929e-05	1.8534500603659404e-08	0.5385417270961024	907	-1.672232874625524e-06	4.664308051190096e-08	0.9938221285622874	903
18	66125817	67175819	7.273039722084482e-05	8.406444972183659e-09	0.4276325098407092	389	1.0269970480052564e-06	2.2316644518605868e-08	0.9945148136316986	387
18	67175820	68621178	0.0001239931705704	1.3421194469516823e-08	0.2844880035744024	568	0.0001243224909838	3.708527813665469e-08	0.518552485689092	566
18	68621179	69621617	-3.100635224682829e-07	1.0691291529097858e-08	0.9976073729899888	478	-1.2517057695181154e-05	2.8709205574609478e-08	0.9411106373409808	477
18	69621618	71038473	4.1872407652388986e-05	1.4859090055933685e-08	0.7312193158534576	668	-8.104515203735282e-05	3.9065668768449076e-08	0.6817743995379782	666
18	71038474	71971461	7.939249317959898e-05	1.3654318309909306e-08	0.4968657342770649	555	3.184246595328751e-05	4.1538796236945576e-08	0.8758473902273659	553
18	71971462	73526986	-2.7967045420281165e-05	2.000307175556861e-08	0.8432471698762851	765	5.272540280049485e-07	4.0999835509787984e-08	0.9979223689852844	762
18	73526987	74813814	4.710818761734785e-05	1.6495891055558548e-08	0.7137813253553873	693	0.0001671595244742	4.3304097178063474e-08	0.4218132586066225	691
18	74813815	75976316	7.135436097656142e-05	1.6109582572037016e-08	0.573990752962747	677	3.714278137672065e-05	4.3235300715894565e-08	0.8582279842287377	676
18	75976317	77149990	3.9047265919244965e-05	1.1526893273121191e-08	0.7160875514330799	491	0.0001168008880973	2.9367500357834685e-08	0.4955087188050712	486
18	77149991	78017157	0.0001847538784918	3.200098902701105e-08	0.3017023631352368	326	5.633776771727177e-05	3.072778736913198e-08	0.7479139459126256	324
19	610729	2098395	0.0004005680888894	2.1455798145265266e-08	0.0062443935456519	444	0.0003197457707754	5.9399443674263194e-08	0.1895407400892879	441
19	2098396	3019659	0.0003610694914477	1.344849179832068e-08	0.0018485945555139	342	0.0001294527640538	2.370090175280479e-08	0.4004207290581707	341
19	3019660	4348966	0.0001395104372514	1.3020475030880789e-08	0.22147135186895	431	3.3933841667762424e-05	3.759363294040207e-08	0.8610676545357501	430
19	4348967	5811851	9.2435003719584e-05	3.406361016237085e-08	0.6164901286020869	546	-1.116766699387423e-06	4.6397878786092127e-08	0.9958633239851012	543
19	5811852	6684884	-6.987206922727787e-05	7.148178138348259e-09	0.4085603760040061	267	-4.676547760116031e-06	1.8982210375131667e-08	0.9729224942738148	267
19	6684885	8347512	-1.715842214393656e-05	1.80455788857944e-08	0.8983628744342611	649	1.7352456067024396e-05	5.1246673760496826e-08	0.9388997416630668	641
19	8347513	9238392	5.882561155352333e-06	7.583593878118186e-09	0.9461434173757832	320	-6.94669852228801e-05	2.2936348873863195e-08	0.646459044167176	315
19	9238393	11284027	6.81349102364645e-05	1.4431056623710585e-08	0.5705921480536855	667	0.000278413615262	3.0614151049264644e-08	0.1115607899825933	662
19	11284028	13471126	0.0001170417758607	2.2451107796706516e-08	0.4347274166822121	589	0.0001499476184661	3.132950554917227e-08	0.39690881514963	586
19	13471127	14486346	5.4240544158532906e-05	6.991586401265651e-09	0.5165397636098141	270	-2.904227670037153e-05	2.2262279257040553e-08	0.8456699617776633	268
19	14486347	15648609	-0.0001043503086379	1.199606919167914e-08	0.3407219792531167	476	-0.000102861381076	2.985495576821313e-08	0.5516353958231255	473
19	15648610	16374415	3.1839928944037156e-05	9.026074610267182e-09	0.7375215961320187	448	-8.501538412257604e-05	1.9434144615988687e-08	0.5419688251240986	438
19	16374416	18409861	-1.1880746542172458e-05	1.9041108423342567e-08	0.931387795683657	757	-4.3131850078853525e-05	5.052115715443661e-08	0.8478252212757013	750
19	18409862	19877470	9.707463857498658e-05	1.5937049427393735e-08	0.4419190819073857	464	-0.0001220586644881	2.0035582351885297e-08	0.3885123567648784	462
19	19877471	20905756	-1.433761901626435e-05	4.0503632389159e-09	0.8217584665552099	185	-4.732924382874225e-05	1.006840449732721e-08	0.6371538373533716	185
19	20905757	22732895	-1.4818855666940555e-06	9.593416039524985e-09	0.9879287700904088	494	8.81329975221751e-05	2.0545333857051362e-08	0.5386418518662786	490
19	22732896	23467745	-2.4065137739204368e-05	3.407029956076483e-09	0.6801285648840039	186	-5.479640825483877e-06	6.251857675623271e-09	0.9447490073082694	182
19	23467746	28557892	-1.8562281232755795e-05	7.663623671940431e-09	0.8320771737574664	392	2.6698562509699204e-05	1.651609359851522e-08	0.8354267228514962	389
19	28557893	29790946	4.4755279452384885e-05	1.1661468434514291e-08	0.678547715933975	574	0.0001020065110676	2.8778304516801733e-08	0.5476364204822914	573
19	29790947	30727953	0.0001193437788409	1.266886223060817e-08	0.2890056777009046	411	0.0002079314790446	2.3421297740359253e-08	0.1742504098315886	408
19	30727954	32746519	-6.562104325689885e-05	2.6208715325477067e-08	0.6852270587279301	724	-0.0002692967360351	4.0282168334057185e-08	0.1796739970498674	721
19	32746520	34262951	0.0001242285156327	1.4325560361240648e-08	0.2993055144579531	611	5.731641823188652e-06	3.714683122781367e-08	0.9762756562096704	609
19	34262952	36469294	1.1001928794195454e-05	1.9556724707101373e-08	0.9372934339585584	831	-9.216029373620625e-06	5.023633063484157e-08	0.967201604943812	824
19	36469295	37527032	1.509541073532602e-05	6.5023722403007205e-09	0.8515027514969727	315	6.333908265118718e-05	1.853018423338009e-08	0.6417175185546204	309
19	37527033	40170618	5.0975731362774086e-05	1.7672330019079652e-08	0.7013810199983411	849	5.878433350241681e-05	3.559115717255113e-08	0.7553482996283196	840
19	40170619	40984600	6.325680261977203e-05	5.480359454189957e-09	0.3928382015802251	263	-3.164820542807357e-05	1.2730135117587224e-08	0.7790940658280338	258
19	40984601	42131572	2.9282237788392907e-05	9.28181771453504e-09	0.7611736634487546	418	-0.0001588391982241	2.225798145979677e-08	0.2870255332755864	412
19	42131573	43862454	1.0644475196089868e-05	5.2669091787771454e-09	0.8833911534301678	251	2.3556469954236177e-05	1.1739033918440749e-08	0.8278831762968061	244
19	43862455	44744107	2.5300031368374988e-05	7.665730518376076e-09	0.7726086491025574	362	-1.124530515909519e-05	1.7550982842937295e-08	0.9323544374905578	359
19	44744108	46102696	0.0001418855214373	1.2580230295552208e-08	0.2058679246340338	496	-3.4139918270568375e-05	3.520196842524507e-08	0.8556131062739394	489
19	46102697	47150081	7.788434712258277e-05	9.883901876092802e-09	0.4333897105784569	384	0.0001673361642004	2.6809119425604533e-08	0.3067835299556199	382
19	47150082	49282226	0.00044402655389	3.9050614379550507e-08	0.0246426940192357	777	-0.0005052613792228	6.223922185241314e-08	0.0428391224910517	771
19	49282227	51532566	9.544612653435176e-06	3.0574118700522185e-08	0.9564682861330024	839	0.0002342099650789	6.395546262421459e-08	0.3543844148859415	836
19	51532567	52985289	0.0001884298326887	1.969187677082048e-08	0.1793419757240133	773	-0.0005198347113936	5.07438463120016e-08	0.0210175333913226	771
19	52985290	54602361	6.255335668998437e-05	2.6423765187161714e-08	0.7003736470025261	623	0.0001174520746196	6.839871229397748e-08	0.6533642388375285	619
19	54602362	55728079	-2.503730208707702e-05	1.7468498978693553e-08	0.8497520616252446	473	-0.0001466225490623	3.8115905852691665e-08	0.4526446364033923	459
19	55728080	57521334	-4.804155739055557e-05	2.5784878769202613e-08	0.7648016715281956	840	1.032052767106562e-05	6.759803473065346e-08	0.9683363563583136	839
19	57521335	59118838	0.0001380098306268	1.624176047043665e-08	0.2788471463180367	692	-2.913496097278044e-06	3.365737263488105e-08	0.9873294303091076	690
20	60479	697599	-5.0928341251648193e-05	8.459616564314005e-09	0.5797757377929992	323	-3.7500703235673595e-05	2.6068410088717583e-08	0.8163328726085259	321
20	697600	2469500	7.350307542306278e-05	2.6420416591386133e-08	0.6511210664325944	1142	-0.0003177997332507	7.992749605423234e-08	0.2609700819817692	1138
20	2469501	3828412	-1.7533795656242e-05	1.3735197048173791e-08	0.8810728968599764	604	3.5864464664028894e-05	3.3560608213539414e-08	0.844789027691511	601
20	3828413	5477849	0.0002710675069178	2.2080143914941338e-08	0.0681192642795194	936	0.0002354544526231	6.79942940821243e-08	0.3665447399430672	933
20	5477850	7084072	-3.520975467393608e-05	1.9290813949992208e-08	0.7998774596967393	880	-6.764447413157648e-05	5.870141060098851e-08	0.7800949734799173	877
20	7084073	8117010	2.478177955927302e-05	7.930445300136439e-09	0.7807965877167216	481	-3.243490600060941e-05	2.1626164901789317e-08	0.82543657771131	480
20	8117011	9730920	9.069731783134516e-05	1.771165111864946e-08	0.4955561004675956	911	0.0001983834006005	5.0589873574993415e-08	0.3777713728131361	903
20	9730921	11249535	0.0001264985305434	1.8008434797092e-08	0.3458632601450507	849	-0.0001312553000688	6.366830175190955e-08	0.6029368165468563	846
20	11249536	12447498	1.0471664951476794e-05	1.0372607009657668e-08	0.9181069259076295	568	-3.824129655067235e-05	2.89417330945057e-08	0.8221453220350395	566
20	12447499	13689863	-3.814305080506043e-05	1.3257015263973524e-08	0.740434534730654	645	4.8244982019284705e-05	3.990003142062218e-08	0.8091467604750789	643
20	13689864	15958358	0.0002236888428871	2.2509975665187163e-08	0.1359802736645975	1135	0.0005917359260507	6.524707576417197e-08	0.0205265902822616	1132
20	15958359	17487231	-3.816062855492556e-05	2.179219058947724e-08	0.7960189692456126	1083	-9.855307128779671e-05	6.46261938654969e-08	0.6982578286207592	1080
20	17487232	18972202	3.181656950177647e-05	1.7912150340530323e-08	0.8120924252499693	732	5.639570964590539e-06	4.1882975504612355e-08	0.9780157121878996	728
20	18972203	20959709	0.0003207088494013	2.1696453629555263e-08	0.0294588286039904	1006	-3.088848709777381e-05	5.906664844609043e-08	0.8988659019358956	1005
20	20959710	22491455	-1.1228439667275138e-05	7.956200591662398e-09	0.8998246627620244	480	3.0186690296625943e-05	1.903993875249204e-08	0.8268311955931977	477
20	22491456	23293789	-1.5893465229717992e-05	7.255437849366881e-09	0.8519826407403885	409	-9.226379658898348e-05	2.0201661223760074e-08	0.5162484607518547	409
20	23293790	24717723	4.639468144808068e-05	1.1236313599293602e-08	0.661618584085653	622	-0.000102130502256	3.003242259036308e-08	0.555638344919867	619
20	24717724	25344230	4.512558212599658e-06	4.387429374925298e-09	0.9456847268144082	281	-2.0532945002766085e-05	1.0033594967604769e-08	0.8375835203600281	281
20	25344231	31614822	-5.156702648810945e-06	1.5120379230135524e-08	0.9665494295828008	728	-0.000258611227418	3.85638363593997e-08	0.1878676104932201	726
20	31614823	32813440	0.0001781240593543	6.226342267372218e-09	0.0239838809367697	347	-1.0668159613399512e-05	3.9894789502512814e-08	0.9574043717504582	346
20	32813441	34960445	1.6145798256824064e-05	9.185603089260381e-09	0.8662186973864381	572	5.628412022489431e-06	1.872341648318737e-08	0.9671896441040836	565
20	34960446	36909529	0.000108725521582	1.116274167993353e-08	0.3034455076835435	588	-1.4414436422226695e-05	2.653778470088477e-08	0.9294919056066536	586
20	36909530	38436760	0.0001030935603748	2.1668966166569528e-08	0.4837114622010813	582	0.0001287665614923	2.7805229328810233e-08	0.4399853881730603	580
20	38436761	39610855	0.0001490278167761	1.0114925514833745e-08	0.138396784562217	526	-0.0002961323333152	2.9083207193459916e-08	0.0824826044137666	526
20	39610856	40585688	7.179742381455278e-05	5.973170488686017e-09	0.3528994048000052	327	8.918082545151203e-05	1.6071695589868588e-08	0.4817678837797051	326
20	40585689	41615459	2.216747812107627e-05	1.3368373749065051e-08	0.8479582263829449	639	-4.731200281256482e-05	3.546107959804757e-08	0.8016256214964558	637
20	41615460	42680175	5.6535704200304114e-05	1.9417936579751653e-08	0.684951880704129	452	0.0001481260556242	3.427031479259537e-08	0.4236228254927333	451
20	42680176	44839055	0.0002013910393151	2.753274541689878e-08	0.224858000286893	928	0.0002184406975055	4.758797297014064e-08	0.3166586872285523	925
20	44839056	47199979	-6.03279274400497e-05	2.509410706294293e-08	0.7033284993251234	1166	0.0002967729377462	7.589663750132987e-08	0.2813724426562796	1160
20	47199980	49239657	0.0001073751278948	1.7349207361955683e-08	0.4149581556439058	867	7.303679156894124e-05	4.23790927336846e-08	0.7227502936046202	861
20	49239658	52472548	0.0001710478373346	3.307649833671195e-08	0.3469622328860523	1502	0.0004570065908101	9.84550827305005e-08	0.1452610239031321	1496
20	52472549	54055265	2.495210955150809e-05	1.4736254640325777e-08	0.837143832026203	728	0.0002128541302112	4.3630219538311045e-08	0.3081871506121919	722
20	54055266	56447958	-7.729193263080904e-05	2.8973145762577936e-08	0.6497682623251546	1314	-0.0001901419519513	8.552032410551015e-08	0.5155666054551791	1310
20	56447959	58406571	-4.161935004183133e-05	2.4125882319500794e-08	0.788737839326748	1043	0.0002727163522949	7.168486379213854e-08	0.3083998381464345	1036
20	58406572	59561723	-4.093212885853797e-05	1.2439882120021672e-08	0.7136252356725995	604	-4.059413226494787e-05	4.87665295621096e-08	0.8541514861405286	603
20	59561724	61301854	-3.240049939617941e-05	2.07803791055274e-08	0.8221635906059482	900	-9.842557383031576e-05	6.378936348337388e-08	0.6967561300641754	897
20	61301855	62190179	0.0001690568047016	1.040669324697246e-08	0.0974780015843386	415	8.869282973269441e-06	3.259376562848387e-08	0.9608179965410114	415
20	62190180	62965162	8.415789211216493e-05	9.852258154585444e-09	0.3965128867915797	299	0.0002719904339438	4.2633649779809104e-08	0.1877455232449792	298
21	9411243	15950981	-3.707767988470076e-05	6.453982362515754e-09	0.6444193729501516	341	-0.0001715742216808	1.7485820179861144e-08	0.1944574926276921	341
21	15950982	18053164	0.0002814971892003	2.0601526435551018e-08	0.0498543919296915	781	0.0001480905521254	4.1363501371744015e-08	0.4665239742830549	781
21	18053165	19480374	5.972377995898672e-05	1.170688764935235e-08	0.5809592525754135	557	-0.0002098083586934	4.0021741086527995e-08	0.294290056366017	552
21	19480375	20962338	0.0001447546739163	1.3841447973724808e-08	0.2185521139316176	752	2.0955194970363312e-05	3.5787328527778044e-08	0.9117977423091416	749
21	20962339	22072763	0.0001422874019146	9.51689209232096e-09	0.144691265100286	465	4.002739623415608e-05	2.6600085017614226e-08	0.8061286737762184	464
21	22072764	23362874	0.0001868030967216	1.1778971708474697e-08	0.0852152246191706	653	-9.105064657371862e-06	3.1305386670942936e-08	0.9589586241064174	649
21	23362875	24696230	2.2211796732660584e-05	8.724050302878941e-09	0.8120307995019039	488	6.645848222176331e-05	2.2443584712362344e-08	0.6573223741916031	485
21	24696231	26469121	0.0001586694328097	1.4367951884509552e-08	0.1855963512000991	807	-0.0001088713141188	4.4888517289018224e-08	0.6073490295327384	803
21	26469122	27271018	4.3813301089666554e-05	4.406302514608193e-09	0.5092295597820335	265	7.910258573028577e-05	1.1051388384083785e-08	0.4517756832431604	262
21	27271019	29125225	0.0001565221003941	2.0347506498190957e-08	0.2725161338466099	1024	0.0002743272519265	5.612739115683391e-08	0.2468934536758629	1018
21	29125226	31197024	0.000136166401676	1.2504222069262376e-08	0.2233365943999994	806	-2.1796483339560584e-05	2.7464518555549676e-08	0.8953618978930111	798
21	31197025	32668641	4.773520496250196e-05	8.837836875322862e-09	0.6116156657040306	562	0.0001204556725549	1.8555710888038098e-08	0.3765465592251034	559
21	32668642	34376998	7.687799625841831e-05	1.767881032645043e-08	0.5631313906983422	802	-0.0002451389198739	3.8670674764036415e-08	0.2125502349282454	796
21	34376999	35225464	-0.0001214772685047	6.4269958358383815e-09	0.1297031735040971	337	1.2487137847712377e-05	1.584014929378765e-08	0.920966489007364	335
21	35225465	36524372	8.472698261799901e-05	1.2470277403323096e-08	0.4480178223160488	626	2.6777655368993095e-05	3.275856399641805e-08	0.8823835318928311	610
21	36524373	37870778	5.8685539551096914e-05	1.0669176995724591e-08	0.5699307823363826	631	8.7245779791695e-05	2.6551098942893312e-08	0.5923521432741747	630
21	37870779	38711703	7.0343496252036e-05	5.847457705039393e-09	0.3576252551250936	368	1.0067882693508462e-05	1.2107346182399712e-08	0.9270965496001234	368
21	38711704	40482901	-0.0002158609932414	1.9188113293831407e-08	0.1191562289612965	998	-0.0001964380489956	5.049097360680354e-08	0.3820006465439267	991
21	40482902	41389526	-0.0003100535309187	9.754343518578273e-09	0.0016933175999095	577	-0.0001600675033771	2.2251106097850304e-08	0.2832404688200386	573
21	41389527	43321527	-7.763518697743428e-05	2.5017812336864016e-08	0.6235444204731028	1187	0.0001708241827545	8.004760013598678e-08	0.5459931807936131	1182
21	43321528	44506267	2.2129258679365472e-05	1.5655604397945516e-08	0.8596176147275576	786	-4.4449528003758575e-05	4.040316821439096e-08	0.8249865427815978	762
21	44506268	46177104	-2.9183457365548407e-05	1.127498389871778e-08	0.7834397312064654	579	-0.0001298763802743	2.3919589459079016e-08	0.4010449915993704	477
21	46177105	47492225	0.0002858959404726	1.235383973384865e-08	0.0101050564577681	620	-3.619727910163149e-05	2.6713124873223728e-08	0.8247270197613555	618
21	47492226	48119751	-8.076961028389234e-05	9.446375542430004e-09	0.4059581068134479	288	5.313453562385657e-05	1.0747582468917524e-08	0.6082783089730475	287
22	16050408	17674294	8.449967439137473e-05	6.978038361961825e-09	0.3117521435024584	239	3.223464684545579e-05	1.8248558441193368e-08	0.8113994909784694	239
22	17674295	18296087	-8.910254464405905e-05	8.904221439564137e-09	0.345036203202725	282	6.036623284090082e-06	2.365307505131989e-08	0.968690305687124	279
22	18296088	19912357	9.540819529507093e-06	1.7979607284701865e-08	0.9432756788240144	654	-0.000115016480039	5.0256660397534124e-08	0.6079133977638984	645
22	19912358	22357324	-4.5761083721605066e-05	2.084665683553282e-08	0.751288554661472	770	-1.8509435816042504e-06	4.2529091128791316e-08	0.992838823776118	769
22	22357325	23712646	-1.971638816217745e-05	1.0943696574718342e-08	0.8505071735775774	396	2.4533690190320583e-05	2.6430748761960825e-08	0.8800494189766587	393
22	23712647	24984203	-0.0001227274403179	1.1732488227910137e-08	0.2571959543168263	445	7.686420340876629e-05	2.470370122261189e-08	0.6248143868770597	441
22	24984204	26791627	4.837134843387804e-05	2.5627112022528543e-08	0.7625293586960158	894	5.116877440906422e-06	6.453824706710837e-08	0.9839303236560796	888
22	26791628	27834751	0.0001471640535806	2.5965094173886776e-08	0.3610921540303031	845	4.905016477034656e-05	7.89415909816061e-08	0.8614118622012765	835
22	27834752	29651798	0.0001699759056687	2.1094011822713606e-08	0.2418688076087287	649	0.0001243723112708	4.3360751737861257e-08	0.5503229053069874	643
22	29651799	31439917	1.391024086498445e-05	1.5758921610583522e-08	0.9117685434175976	640	2.1840009618554557e-05	3.2802755387394724e-08	0.9040187882142608	640
22	31439918	32664985	0.0001492438952175	1.0267952678289008e-08	0.140795029088215	410	-0.0001264867517232	2.0641037564900538e-08	0.3786434867714576	409
22	32664986	34494913	7.698423791681562e-05	3.0153320897029585e-08	0.6575218036156596	1078	9.557463906150836e-05	7.577117020735236e-08	0.7284344929117976	1072
22	34494914	35530984	-0.0001151837871182	1.3658345577146316e-08	0.3243387848457836	569	3.948192429004594e-05	2.7018076911634263e-08	0.8101760319451137	564
22	35530985	37570268	0.000147920970761	2.7482699492469954e-08	0.3722440878856621	999	-0.000198018684045	6.573876923073283e-08	0.4399269191252787	997
22	37570269	39307893	0.0001042426320267	2.3072889559866565e-08	0.4925435003780861	679	6.277343927644153e-05	5.380717572956277e-08	0.7866852599881492	670
22	39307894	40545796	-0.0001223695351378	1.1830279609177902e-08	0.2605634767159205	416	-0.0001580810529899	2.5075789299854072e-08	0.3181434427935099	415
22	40545797	42690817	-7.384742685705367e-06	4.761941396368324e-08	0.9730039316775372	557	0.0004031044651635	2.9504915313911652e-08	0.0189369692131214	554
22	42690818	43714199	0.0002217753161183	1.7551036358498063e-08	0.0941257736283977	479	1.305596030919701e-05	3.0817018249736835e-08	0.9407138356263498	477
22	43714200	44995307	0.00011578761798	2.3692294109331644e-08	0.4519045152711753	843	0.0001143414717056	5.4875596558069574e-08	0.6254747579754781	842
22	44995308	46470494	0.0001700067685505	2.3683442544617975e-08	0.2692902171487918	772	-7.420310224314363e-05	5.9144301878897794e-08	0.7602774711008304	769
22	46470495	47596317	-1.561369364197111e-05	1.5153928981123237e-08	0.8990700880678579	550	-4.661849878376166e-05	3.597259681520695e-08	0.8058412147606997	549
22	47596318	48903702	0.0001065994595314	3.3669705052991663e-08	0.561277226182108	854	-1.2463136464959202e-05	6.156446496200013e-08	0.959939186520398	851
22	48903703	49824533	0.0001004471321728	2.4080974896760648e-08	0.5174427178806749	740	-1.8043346110049644e-05	6.831589614403028e-08	0.9449634217938024	737
22	49824534	51243297	-1.0806883280617128e-05	1.7017079359180792e-08	0.9339760543102748	514	-0.0001083737881767	3.227173992747992e-08	0.5463278535474061	513
