chr	start	end	rho_PGC	var_PGC	p_PGC	m_PGC	rho_FG	var_FG	p_FG	m_FG
1	10583	1892606	-2.375493428458996e-05	3.0787421222224982e-09	0.6685625652750758	250	-4.756375238144566e-05	7.675362031752632e-09	0.5871927743757077	244
1	1892607	3582735	0.0001772192739412	8.743542418082498e-09	0.0580588629788968	649	3.897380795131671e-05	2.1518771546530085e-08	0.7904831983156495	644
1	3582736	4380810	5.13102426165976e-06	4.945709334984493e-09	0.9418372864722848	350	3.813360225634349e-05	1.365147569599696e-08	0.7441399976000274	350
1	4380811	5913892	6.093008640752941e-05	1.3489176976903161e-08	0.5998522313903146	1019	-9.478240431611114e-05	3.7947122982231914e-08	0.6265686742437507	1013
1	5913893	7247334	0.0001575602165788	7.611654071527164e-09	0.0709252888428456	546	6.84269255042563e-05	1.3500635445773132e-08	0.5559207457990182	538
1	7247335	9365198	-1.670013199642635e-06	1.0264746811646456e-08	0.9868487758962682	835	-8.460182845570792e-05	2.5168875462894845e-08	0.5938461041859884	831
1	9365199	10806983	-5.352758515447037e-06	5.223570701330597e-09	0.9409612584989234	452	-1.6869740954986322e-05	1.0826743347307028e-08	0.8712046256426969	451
1	10806984	11777840	9.730468627161468e-05	1.0617565414084365e-08	0.3450038201442961	325	0.0001498942922564	1.4041537815931642e-08	0.2058846581711065	322
1	11777841	12779465	3.557645755814832e-05	4.826333196221225e-09	0.6085816222530636	376	7.735641277405732e-05	1.204237368447126e-08	0.4808595787579844	367
1	12779466	14891510	-0.0001116865635116	8.865733044008891e-09	0.2355587649358919	697	-0.0001333715665568	2.3933760871627516e-08	0.3886323456174082	689
1	14891511	16897729	-1.6396405127548117e-05	1.1258677512765312e-08	0.8771940619932335	890	1.812124671169686e-05	2.43006748428953e-08	0.9074573927250124	885
1	16897730	18662898	4.844276538022571e-05	9.549631671685448e-09	0.6200926384750964	780	-0.0001375895677079	2.381028885878401e-08	0.372570918030536	771
1	18662899	20469148	-5.2886799048836634e-05	1.1679725189155758e-08	0.6245848535735192	891	0.000127117171299	3.016954812998852e-08	0.464262451678671	888
1	20469149	21736587	-1.4012842104834372e-05	6.515270989013351e-09	0.8621766068600835	544	-0.0001001614058238	1.5029727949795013e-08	0.4139254230619789	540
1	21736588	23086882	-6.50212817371427e-05	7.886813418148232e-09	0.4640722072961432	623	-5.394935532788188e-05	2.116170894529616e-08	0.7107412387578069	619
1	23086883	23920589	2.6543589233735705e-06	2.8865530313592478e-09	0.9605966366215786	278	-5.951575292482645e-05	6.366246739948874e-09	0.455717873101334	277
1	23920590	25516844	7.750133429729457e-05	7.575343588879665e-09	0.3732259846623307	651	5.696253937975848e-05	1.9115949330682937e-08	0.6803434627863411	647
1	25516845	27401866	-5.241853035046782e-05	5.855236487557143e-09	0.4933219754444716	573	-6.667745095226205e-05	1.2846613190615762e-08	0.5563438395178384	570
1	27401867	30161880	0.000182728563338	2.8332569793378083e-08	0.2776630570680304	714	-0.0001018053513378	1.5541654832688742e-08	0.414143509558766	708
1	30161881	32438684	0.0003084839473226	1.2224943831282094e-08	0.0052702885812484	1100	-0.000268754420961	2.7970199891083953e-08	0.1080608982063865	1095
1	32438685	34799757	-3.930684320759973e-05	8.424474919224699e-09	0.6684695666719175	804	-0.0001138810209902	1.914862343407117e-08	0.4105265960494282	800
1	34799758	37549182	0.0003057215772739	8.550089417193628e-09	0.000945406494554	730	8.845536718403809e-05	2.1444091022091667e-08	0.5458127306005116	728
1	37549183	38731846	0.0002199710536005	5.4243752343501655e-09	0.0028201220366055	495	4.291737880095125e-06	1.3052075112013006e-08	0.9700338235388606	493
1	38731847	40200566	0.0002224192097741	6.3423059129729686e-09	0.0052244781223897	511	-0.0001027226108089	1.4995819068909187e-08	0.401557126496214	508
1	40200567	41975326	-4.374340554963065e-05	7.477863614913231e-09	0.6129602649171313	671	0.0002195498099171	1.733364962956713e-08	0.0953980780476036	666
1	41975327	43758456	4.3658866802680686e-05	6.6393243524048414e-09	0.5920901248578867	656	-7.305944825688413e-05	1.5222801169685752e-08	0.5537525514638111	655
1	43758457	44969182	0.0003878266365549	1.4569844599653952e-08	0.001313581558678	456	2.706314682913324e-05	9.683196319799716e-09	0.7832986116710687	455
1	44969183	46899500	4.3663640379350315e-05	5.654549668193346e-09	0.5614705086699433	578	-0.0001145457795892	9.193682073318501e-09	0.2322306174545464	574
1	46899501	48002575	1.512382312272092e-05	3.79387603301981e-09	0.8060393164446455	385	-1.1080043976855529e-05	8.123354546478364e-09	0.902158965633452	384
1	48002576	48978187	-7.024066581262107e-05	4.3831469213924134e-09	0.2887118604046252	389	-6.220872910055123e-05	1.043927679526838e-08	0.5426184670292018	387
1	48978188	49894176	9.26962923530018e-05	3.107600706584914e-09	0.0963450079074102	275	7.717040414004047e-05	5.679470728407832e-09	0.3058387437682618	273
1	49894177	51713725	0.0001016685844926	4.897594904833426e-09	0.1462890327308888	324	4.232014390736471e-05	5.243053845967004e-09	0.5589107036179837	324
1	51713726	54226261	8.307094318101258e-05	7.083341242479359e-09	0.3236282591397926	665	-3.81996270790262e-05	1.5608373533239374e-08	0.759787585271138	659
1	54226262	56413116	2.3953944056044272e-05	1.2090180843026972e-08	0.8275447864571607	1016	-8.020231972320108e-05	3.0573903120992044e-08	0.6464627014085476	1012
1	56413117	57021727	-4.985036972871607e-06	3.288160084621533e-09	0.9307236166146604	307	9.234398692520631e-06	7.943975343829457e-09	0.9174811227942364	306
1	57021728	58865398	7.518082158213756e-05	1.1159167808054572e-08	0.4766564572926159	1025	-1.45874812644212e-05	2.641353891838785e-08	0.9284805349516476	1023
1	58865399	59890408	3.41997821039029e-05	4.964418933640409e-09	0.6274010699399425	459	5.18550040458241e-05	1.1809136755781916e-08	0.6332344494025375	456
1	59890409	61922364	6.021657432105813e-05	9.928118851954109e-09	0.5456164881089799	783	0.0002136849303604	2.4414342181493173e-08	0.1714449204440022	778
1	61922365	63455088	-1.0022948135764e-05	7.721446274874867e-09	0.9091875680329194	653	8.480597633010469e-05	1.7778015553067033e-08	0.5247499800660904	651
1	63455089	65041703	-3.999349638385244e-05	8.75883966817355e-09	0.6691370484062796	765	-4.2607739564385665e-05	2.185626394849809e-08	0.7731903193925537	759
1	65041704	66939403	0.0002381187779172	1.4872794288544792e-08	0.0508755025794444	756	7.056523717883095e-05	2.8649426759355492e-08	0.6767508920104559	755
1	66939404	68477894	-7.12168806802033e-06	8.481129518508603e-09	0.9383598799360908	806	4.85599075912847e-05	2.0193315624912505e-08	0.7325594654302366	801
1	68477895	69687615	5.2593736495650493e-05	5.4273935455798075e-09	0.4752880137659719	426	-8.78187470583582e-05	1.2498189298758109e-08	0.4321419216171687	424
1	69687616	71372469	4.9433597245134736e-05	6.970518050918517e-09	0.5537885330972511	640	4.2200634210999014e-05	1.6390865925704912e-08	0.7416845426286875	635
1	71684405	74326906	0.0007824401162084	4.375178395805501e-08	0.0001835062760857	670	0.0001867923938779	2.739661652752652e-08	0.2590987714672975	671
1	74326907	76728134	4.906629509103277e-06	8.941332062453523e-09	0.95861648674086	894	-6.699095272270905e-05	2.0856382290558616e-08	0.6427405978208206	893
1	76728135	79661197	3.5166531221939845e-05	1.2731610072333238e-08	0.7552952204621699	1144	0.0002418194527579	2.995175634687233e-08	0.1623326332466822	1140
1	79661198	81354190	-8.226387467464677e-06	7.218923069395466e-09	0.9228679464177498	589	-0.0001093788614894	1.4982023568623285e-08	0.3715304393853379	588
1	81354191	83991747	5.824336276646619e-05	1.2720344308160571e-08	0.6055661194647096	1157	-7.667765938292976e-06	3.0714566429769464e-08	0.9651021898522288	1153
1	83991748	84844494	-3.5259979047818134e-05	6.681288634329363e-09	0.6661979194565486	367	-3.766688730138334e-05	8.894615921684543e-09	0.6896065751287741	366
1	84844495	86454750	-2.7534445434011332e-05	8.478707294957979e-09	0.7649188620385232	772	-4.940848728192564e-05	2.0077020902566464e-08	0.7273145596123252	770
1	86454751	88128630	-1.836652583289599e-05	7.706850025639647e-09	0.8342820046642164	693	5.238074910722576e-05	1.7944335794175957e-08	0.6957764364254184	691
1	88128631	90066302	0.0001072926617303	6.690716282815645e-09	0.1896221986539644	613	-8.676482457844835e-05	1.5837280942597456e-08	0.4905395218868736	611
1	90066303	91886316	0.0004133918126965	1.959013089712144e-08	0.0031414950287352	674	5.520573265776219e-05	1.8706578048235457e-08	0.6864823847975685	671
1	91886317	93536458	7.491970097919261e-05	6.248955475604846e-09	0.3432583768620245	612	0.0001079570519493	1.3750502566017312e-08	0.3572363181419949	610
1	93536459	94506190	8.408505898619262e-06	2.994104688926488e-09	0.8778709862401943	314	-4.1128007669804e-05	7.634244785994808e-09	0.637846908320286	312
1	94506191	96150892	3.812433413212643e-05	1.2149785577056806e-08	0.7294373827906011	782	4.908182572596034e-05	2.6488468869593957e-08	0.7629776856770233	779
1	96150893	97885248	0.0001308550767404	2.2098624016964903e-08	0.3787217778854139	731	0.0001024883379974	1.7981373045227563e-08	0.4446893605588177	726
1	97885249	99800603	0.0001728647745266	9.457297976113691e-09	0.0754770236785987	732	-0.0001163262890903	1.7472531392821286e-08	0.3788403336269343	731
1	99800604	100826404	1.9581014243051028e-05	3.954581675287743e-09	0.755514920494958	385	-0.0001083529281121	8.176120287328166e-09	0.2307986824291783	382
1	100826405	102041015	-1.8682423850171406e-05	5.553550652142927e-09	0.8020489537474892	530	-8.853319280723163e-05	1.2214287828105313e-08	0.4230894313207827	529
1	102041016	102898744	2.40003746620133e-06	3.509106992462698e-09	0.9676822605317144	337	-8.49668483149895e-05	8.468554347579003e-09	0.3558486348465731	337
1	102898745	103914210	-4.235028401282836e-05	2.7625619240150353e-09	0.4203870109185317	253	-2.077773994858052e-05	6.7036262582267645e-09	0.7996718383717367	251
1	103914211	106087841	-5.140252274620962e-05	5.948850521101951e-09	0.5051231855970684	568	7.729469450725498e-05	1.38592145816282e-08	0.5114580853201207	564
1	106087842	108409664	-1.5351347259049433e-05	9.851065871829153e-09	0.8770818191432119	887	-0.0001577877068708	2.4550073339606344e-08	0.3139155006547012	883
1	108409665	110303930	0.0001090051235634	8.105429144499511e-09	0.2259865017217589	679	1.4049070316424149e-05	1.77921413012588e-08	0.9161175395948956	676
1	110303931	111741736	3.380507903315715e-05	7.882595806383835e-09	0.7033839396958155	677	-9.67738538094025e-05	2.0199788627679678e-08	0.4959334886880359	677
1	111741737	113273305	0.000193630193611	9.378515780193635e-09	0.0455619388402989	845	3.137665917769429e-05	2.2340170858405524e-08	0.833726476390324	841
1	113273306	114873844	-2.1543692108355612e-05	6.938806057553811e-09	0.795921258046999	630	-0.0001041041568898	1.4263802413078082e-08	0.3833902765084187	629
1	114873845	115880592	2.4015437239668e-05	8.023003103968493e-09	0.7886103694566806	402	9.440467830429076e-05	8.784316676021757e-09	0.3138121451814161	401
1	115880593	118839066	7.755792163669611e-05	1.6970196212243357e-08	0.5516000373045002	1038	-0.0001044193187549	2.6887263361621353e-08	0.5242508274204907	1033
1	118839067	144977493	1.1128298188389558e-05	7.098350328835718e-09	0.8949178927930191	674	0.0001142319315133	1.659432566612905e-08	0.3752063449655279	675
1	144977494	148361252	-7.443084944074938e-05	5.690482255585327e-09	0.3237971829895897	543	-5.8793521315899945e-05	1.2303205090813857e-08	0.5960743015796475	502
1	148361253	151538880	1.9890860183118515e-05	4.7232225637958185e-09	0.7722570239856179	447	6.334427396508031e-05	7.729558634364268e-09	0.4712212538379802	445
1	151538881	153180828	-2.0789000379112608e-05	5.697050116565531e-09	0.7829871918125415	604	-8.25818400142574e-05	1.0937813552856302e-08	0.4297484953112008	604
1	153180829	154770402	0.0001689016009329	7.681749121881027e-09	0.0539674701276537	606	0.0001687131755094	1.293880447377419e-08	0.1380192783870923	603
1	154770403	156336132	7.1584483202345975e-06	7.985825998938749e-09	0.936153841812302	436	-7.941535376279905e-06	1.1134256456583496e-08	0.9400065159368636	430
1	156336133	158027411	-2.2255429629906832e-05	8.246542702970213e-09	0.8063979163192768	722	-4.548640861276825e-05	2.0137584381970084e-08	0.7485614020855342	719
1	158027412	159913047	-1.9616518576898047e-05	9.67342588533712e-09	0.8419115639206579	841	0.0001048727927828	2.2808737028304577e-08	0.4874288853160367	835
1	159913048	162346720	3.361337021426249e-05	1.2383572767225536e-08	0.7626085191011946	1069	8.937834831151576e-05	2.9616639444012163e-08	0.6035131069487474	1064
1	162346721	165191701	-0.0001352139451347	1.7794993327837514e-08	0.3107670089487576	1428	-4.970016023906807e-05	4.0161787785263064e-08	0.804134588118162	1422
1	165191702	166460516	0.0001545425989142	7.556400419226121e-09	0.0754314439428873	657	0.0001853463894643	1.9119673400140426e-08	0.1801058320136132	655
1	166460517	169086323	0.0001295518319893	1.6078345512469674e-08	0.3069234827372308	1383	-0.0002378218350919	3.8589905090860625e-08	0.2260335655669605	1378
1	169086324	170557775	-3.834683062587935e-06	6.731231951211965e-09	0.9627210082578532	679	3.833901959909092e-05	1.4594646156759361e-08	0.7509748734164706	676
1	170557776	173097906	-4.5197109111411706e-05	1.1048277011685524e-08	0.667199296714201	1111	0.0002544448412803	2.5026200788047647e-08	0.1077458804110972	1105
1	173097907	175089767	-5.493939292089842e-05	6.939205458312097e-09	0.5095609200065823	615	-2.9843632085592304e-05	9.63250929148218e-09	0.7610700893446034	610
1	175089768	177433380	0.000214245209778	1.383486127370366e-08	0.0685343642385313	973	0.0001529512339693	2.2776769352993932e-08	0.310840146580478	968
1	177433381	178944308	7.696788220445711e-06	8.241692729695915e-09	0.93243506552124	618	8.638229637475108e-05	1.4291868739566462e-08	0.4699437886651942	615
1	178954470	181144120	-4.3216412324920525e-05	1.0493820318169949e-08	0.6731175999283104	930	-0.0001657348127952	1.9996774331400133e-08	0.2411903846073552	921
1	181144121	182755355	-1.217696043988743e-05	7.795492115709413e-09	0.8903061841378734	723	9.322561065589552e-05	1.8506572529642337e-08	0.4931630856583523	722
1	182755356	184595512	0.0001173193064759	7.4917536248518e-09	0.1752799509630723	747	7.8024425662239e-06	1.5967345094079586e-08	0.9507644961551884	745
1	184595513	186810022	-6.1415104717192665e-06	6.819132082551281e-09	0.9407142264111878	709	6.567360909396624e-05	1.3132224777149862e-08	0.5665847410965908	707
1	186810023	188759944	4.8680639672498755e-05	8.641418925916749e-09	0.600503008761955	809	0.0001089498125998	2.06847130657596e-08	0.4487304144142068	804
1	188759945	189904129	-6.400300617875123e-05	2.8200411070026282e-09	0.2281116107421756	301	6.973080458884208e-05	4.215209707931839e-09	0.2828107088314503	301
1	189904130	191868929	0.0001981303534497	8.61556685131116e-09	0.0327966787359689	711	0.0001869069947136	1.4408627976551361e-08	0.1194486722471623	708
1	191868930	194107441	4.655631560434639e-05	7.572127852299901e-09	0.5926363533954047	760	7.1057721258202e-05	1.5275586879301413e-08	0.5653410097154503	757
1	194107442	196176200	3.9810948436581184e-05	7.691882677351741e-09	0.6498812320961334	743	0.0001083264797278	1.819355795778144e-08	0.4219103275996405	742
1	196176201	197311513	2.0521511355455977e-05	2.4083437367461483e-09	0.6758247759649538	256	-1.0598374061007022e-06	5.0033228153044805e-09	0.9880454345800244	255
1	197311514	199239883	0.000135182255011	6.526765764133189e-09	0.0942706312048067	617	-4.579751590069175e-06	1.3969718041242176e-08	0.9690913882524934	615
1	199239884	200137648	1.3161138300492972e-05	4.10432486807425e-09	0.8372329602761865	387	-5.224192755012016e-05	9.74834843811152e-09	0.5967226366499292	386
1	200137649	201589974	0.0002441036007738	9.369880719848816e-09	0.0116762787927938	821	1.2497874462461546e-05	2.3405561758124674e-08	0.9348920747490572	816
1	201589975	203334733	2.1164319469551095e-06	8.608582379964224e-09	0.9818012780870732	719	2.430775428452111e-05	2.1046475645833927e-08	0.8669340568528758	718
1	203334734	204681067	5.12025272042834e-05	7.032343283200317e-09	0.5414787919740256	607	-0.0001379395338538	1.7249922258138122e-08	0.2936004159560295	604
1	204681068	206073264	-6.991278513330116e-05	1.213172263836213e-08	0.5255984779844146	662	-2.528099802234078e-05	1.8923406521175528e-08	0.8541872723013335	659
1	206073265	208410363	0.0002922022956662	1.1524822393815622e-08	0.006491475101475	794	2.81871431137762e-05	2.47619253550554e-08	0.8578386934267018	790
1	208410364	210787749	7.750586350447493e-05	1.3380341699872293e-08	0.5028320682727241	1146	0.0003227240241874	3.2712797749535545e-08	0.0743718766122351	1142
1	210787750	212842329	-6.204253627988455e-06	9.770290884467081e-09	0.9499515349837856	823	5.431453733817845e-05	2.5342269720854723e-08	0.732962303723999	814
1	212842330	214578265	3.393831122161791e-05	9.571438896284106e-09	0.7286680594321098	714	6.5616674779577e-05	1.9424599858145002e-08	0.6377822303194236	713
1	214578266	216243633	-2.249972298098085e-05	7.780734148149977e-09	0.7986656320697048	734	-8.707294173503598e-05	1.8245598981526686e-08	0.5191731064375202	728
1	216243634	218705512	4.683376931451959e-05	1.4598832504962204e-08	0.6983013139774632	1294	4.891425580623356e-05	3.674417302420669e-08	0.7985865377267768	1289
1	218705513	219590570	1.255293114968445e-05	3.7710802961755655e-09	0.8380293948249825	354	5.232411949579314e-05	8.595159177134276e-09	0.5724925834962802	353
1	219590571	221858230	-4.062165139232858e-05	9.297393764546374e-09	0.6735462977748242	866	-0.0001060652798097	2.1766373065202463e-08	0.472190577794658	865
1	221858231	222230219	4.817038390568282e-05	2.258183437913545e-09	0.3107358929852875	204	5.110877515810894e-05	5.875365775762764e-09	0.5049171287326772	203
1	222230220	224938519	5.208478396423563e-05	9.74143880702944e-09	0.5976972661701426	895	0.0001415005774974	2.3778816381130103e-08	0.3588175944852005	892
1	224938520	226810859	4.0300443891335544e-05	6.9518040145712674e-09	0.6288477597866621	633	-5.302633040637415e-05	1.6533543020229947e-08	0.6800532553802201	626
1	226810860	229156247	-5.811153121163383e-05	9.49462672660904e-09	0.5509211225394972	917	-1.1448010360744516e-05	2.0198785377543653e-08	0.9357995594716048	911
1	229156248	230685254	4.329385669876739e-05	7.591111525435039e-09	0.6192558658390621	676	-2.3590386346164942e-05	1.9007155099147585e-08	0.8641369312973757	672
1	230685255	232090251	-0.000103467238387	8.6456537890882e-09	0.265808842413459	732	-2.7342588685630296e-05	2.0839156329584972e-08	0.8497726293934367	727
1	232090252	233429283	-3.174438502750829e-05	8.658373290097692e-09	0.7329886575632705	715	6.090432855300097e-06	2.1463821061455283e-08	0.9668403738120264	713
1	233429284	234599433	-6.74661980547124e-05	8.079540647028688e-09	0.4529097127417788	658	7.763852866034997e-05	2.1457968850852062e-08	0.5961059050241061	659
1	234599434	235819435	8.390111708666546e-05	8.121802306274749e-09	0.3518625959027128	491	-0.0001177248504935	1.5056793327636934e-08	0.3373548401349903	484
1	235819436	237555627	-2.8963561279414213e-06	1.0407465560117978e-08	0.9773503659019276	894	-1.6461505512515803e-05	2.325901406892047e-08	0.9140449653526612	890
1	237555628	238567806	8.22140110449162e-05	6.776530349571748e-09	0.3179321365277313	504	1.7928549517162668e-05	1.5608750083295626e-08	0.885892913096773	502
1	238567807	239925313	0.0001492766192166	1.1628281472228612e-08	0.1662629029218665	613	-2.840019000009675e-05	1.922143264311295e-08	0.8376921216891595	606
1	239925314	240564090	-4.659466687861187e-05	4.978126948330169e-09	0.5090009155975259	423	2.2475809339290293e-05	1.2676501139881221e-08	0.8417736187713741	419
1	240564091	241582219	1.936129924089782e-05	8.728878493880264e-09	0.8358292531131992	615	-5.398766542424971e-05	2.486162076512833e-08	0.7320522181330408	613
1	241582220	242071601	3.142488342175363e-05	3.4199162879347295e-09	0.5910184531890954	264	5.9912062144960854e-05	9.074016410247162e-09	0.5293833394825118	262
1	242071602	244109498	0.0006031014973616	1.3614316904300172e-08	2.355605947097445e-07	771	8.026641381661187e-05	1.9955923373714247e-08	0.569902088084606	766
1	244109499	245506745	0.0001173813133739	8.405663025802813e-09	0.2004383716848118	623	0.0001384143999426	2.1301490334475253e-08	0.3429428242028758	612
1	245506746	247344517	5.7244500455027824e-05	1.0702999686909372e-08	0.5800402564403073	909	8.790558186817214e-05	2.7596839469100816e-08	0.5966946552352114	900
1	247344518	249239465	2.8214947943530403e-06	6.646817905696768e-09	0.9723925852717864	571	6.244551123689567e-05	1.5798231039174292e-08	0.6193176646064971	561
2	10133	1781021	3.2909474129512215e-05	8.857195044016974e-09	0.7265776290809178	806	0.0001148838164164	2.2374591067133825e-08	0.4424660875771682	788
2	1781022	3973778	0.0002856881270085	1.4632796761435044e-08	0.0181903448336966	1159	0.0002748483846945	3.76815705792857e-08	0.1568084994806959	1153
2	3973779	5708336	4.587399381632848e-05	9.11966908839138e-09	0.6309634301097125	761	-0.0002217820148912	2.3275391543275673e-08	0.1460266790201425	759
2	5708337	6836253	5.1851183156322074e-05	7.985650479378361e-09	0.5617565146110015	651	3.091944172354941e-05	2.2432522969233963e-08	0.8364476986750907	646
2	6836254	8422146	7.352901822145023e-05	8.503021209976597e-09	0.4252231249085729	745	-0.0001162954169239	2.2069902398793028e-08	0.433732312050874	744
2	8422147	10298468	-7.512880047309695e-06	9.533945456833438e-09	0.9386687478065228	806	-6.874542560140525e-05	2.4609062363256987e-08	0.6612238298697646	803
2	10298469	12419149	5.024408802002768e-05	1.503958731034257e-08	0.6820253074005997	1136	4.8168512981299986e-05	4.0153224875136396e-08	0.8100336678887319	1132
2	12419150	14335307	8.242636992054397e-05	8.877020566485345e-09	0.3816566625418689	702	-8.42890646959139e-05	2.0447128751621123e-08	0.5555520736994011	699
2	14335308	16329734	0.0001458363012759	9.38528949840393e-09	0.1322302711596869	857	3.551032376287763e-05	2.0996742495925647e-08	0.8064072469951953	850
2	16329735	18647422	9.7944725446459e-05	1.0884803755352382e-08	0.3478360247806918	1000	-1.156283186126337e-05	2.6286379136582643e-08	0.9431447127601488	996
2	18647423	19692403	-3.122608162880567e-05	4.9255687525002895e-09	0.6563721125167069	434	6.6112414515327e-05	1.2680423710103011e-08	0.5571328658792828	431
2	19692404	21050489	4.7544711056979075e-05	8.500377851028442e-09	0.6060755957670603	739	-9.653159996120288e-05	2.2528760818126498e-08	0.5201377475751698	737
2	21050490	23341382	0.0007896039611913	2.6662681832969073e-08	1.326923566599129e-06	717	-0.0003253830105486	2.0067645687422645e-08	0.0216230949999922	716
2	23341383	24686917	-6.24213324134027e-05	5.364454848224971e-09	0.3940718360737513	499	-7.453795109473636e-05	1.5491581133174126e-08	0.5492623189533552	497
2	24686918	26894984	9.26657124406404e-05	6.7556026333911324e-09	0.2595635360045778	660	0.0002242666016853	1.5550941318331604e-08	0.0721136643730171	656
2	26894985	28598776	0.000247808736394	6.667018913339933e-09	0.0024057986414308	482	0.000111731758531	8.177466716926141e-09	0.2166185617716431	480
2	28598777	29217558	7.171660032629618e-06	3.919585529994599e-09	0.9088008663332076	277	-5.913275185371666e-05	6.703502475636553e-09	0.4701513654256901	275
2	29217559	30463710	1.4442386121346966e-05	8.14774458487069e-09	0.8728809970213418	707	-5.961321912549926e-06	2.011212427267232e-08	0.9664705999853132	706
2	30463711	31550449	8.398302730766409e-06	7.058373932300236e-09	0.9203737158884276	624	3.3807809365796934e-05	1.8144449751575356e-08	0.8018268846694885	622
2	31550450	33363776	2.0766520659964864e-05	6.169547124175273e-09	0.791483135518941	594	-1.9835416195639115e-05	1.2594380759095254e-08	0.8597068474003617	590
2	33363777	35345027	3.226479517705941e-05	1.1015902508379716e-08	0.7585308436755558	973	0.0002268124797476	2.7716437454059018e-08	0.1730780083584221	965
2	35345028	36122005	-7.678552524776142e-06	3.708068204142384e-09	0.8996549702057239	358	-3.639164730873539e-05	8.849679461073168e-09	0.6988703297961802	357
2	36122006	38132711	-4.8928882655890296e-06	1.3693821763539336e-08	0.9666484136412864	1072	0.000184585007636	3.1637377584476575e-08	0.2993826291778106	1065
2	38132712	39031336	1.2929728307673343e-05	4.327260352981393e-09	0.8441762167981987	388	3.044675436809066e-05	1.1207222405413631e-08	0.7736513597955187	385
2	39031337	40281482	5.2676831982849275e-05	3.528969723072618e-09	0.3752195762866732	361	-2.54795686798167e-05	7.543218178572889e-09	0.7692403674161898	359
2	40281483	43309589	1.9845132394166716e-05	1.5954233039303655e-08	0.8751546765223049	1517	0.000125646066019	3.554151265439316e-08	0.5051104029759883	1500
2	43309590	44313802	-9.006059141081107e-08	4.890987952578776e-09	0.998972512754684	461	-5.5594585391229086e-05	1.1240769876529906e-08	0.6000240476366737	461
2	44313803	46482633	-0.0001000881964194	1.5419571814173694e-08	0.4202303667774218	1243	-0.0003203099382435	3.9029690654036814e-08	0.1049457316943656	1236
2	46482634	47318771	9.411354499300618e-06	5.84895641181311e-09	0.9020604768057968	474	0.0001768868491315	1.6272569878525306e-08	0.1655479125726655	473
2	47318772	48213000	3.1466625461992454e-05	5.307176202916945e-09	0.6657886408188414	340	-2.912953450564204e-05	1.2821990396469331e-08	0.796985587930485	337
2	48213001	50022256	0.0001456615364394	8.976873166934018e-09	0.124199315071153	813	-7.875140735263935e-05	2.1705845998684415e-08	0.592976703719809	805
2	50022257	50818927	4.4877566192291515e-05	4.045331438374431e-09	0.4804433224784596	401	1.699548167303047e-05	9.49882162392436e-09	0.8615662196559072	399
2	50818928	52491132	2.440879238349088e-06	7.745247354097232e-09	0.9778734841669886	729	-0.0002166040649591	1.9419613444187972e-08	0.1201030905560115	729
2	52491133	53508451	-1.1184109539930229e-05	5.732912750811171e-09	0.8825706065140264	554	5.5050422097437416e-05	1.3756982410724282e-08	0.638817751274452	550
2	53508452	54685225	-7.441110722782909e-06	5.647566637614284e-09	0.9211252573836632	514	3.1732153495709524e-05	1.3511942284451533e-08	0.7848638417530704	510
2	54685226	56203344	4.613948200232015e-05	8.582195688869391e-09	0.6184483454168144	695	3.64561780681971e-06	1.7305563976975517e-08	0.9778913240871284	692
2	56203345	57429099	9.920743859711587e-05	5.375399679350906e-09	0.1760147663622998	486	-9.6720998809204e-05	1.1953363493602236e-08	0.3763407844502253	483
2	57429100	58297314	0.0002251930681494	6.103972123393495e-09	0.0039470412696002	326	8.12908316469838e-05	7.930534048158181e-09	0.361331465629175	326
2	58297315	60291999	0.0003673102257706	2.0784117594710445e-08	0.0108401154297588	845	0.0002886541819233	2.36367732462758e-08	0.0604473398439804	838
2	60292000	62429043	-0.000166261883014	9.786369669216696e-09	0.0928274531365745	703	4.342845697711763e-05	1.6238440784254582e-08	0.7332525848599349	701
2	62429044	64625912	4.98182173863157e-05	7.135738715137304e-09	0.5553575726761426	686	8.764582377295113e-05	1.5072054103259237e-08	0.4752812681569155	684
2	64625913	65933443	-6.30868250714514e-05	6.424110844622154e-09	0.4312209465134372	537	1.268348095097499e-05	1.6325187243240535e-08	0.9209254664327498	536
2	65933444	67226165	7.99469617382214e-05	6.664331263229298e-09	0.3274229477520903	616	6.55227283246972e-05	1.6728547243154444e-08	0.6124374126323134	613
2	67226166	68010175	4.042269197893312e-05	5.087732937204835e-09	0.5709092723156135	469	-6.18318899057279e-05	1.2953644119454344e-08	0.5869432131090402	464
2	68010176	69139563	4.1781527816043387e-05	5.863856470995136e-09	0.5853251267229036	558	9.47638273183692e-05	1.4544227476078081e-08	0.4320003159616946	557
2	69139564	70755197	-3.369359417119876e-05	6.1196351121127505e-09	0.666679519637863	625	-3.591357668710848e-05	1.3092790320043605e-08	0.753623758454044	623
2	70755198	73174847	5.116905070668729e-05	1.0488432876167011e-08	0.6173327528670507	932	9.68180621296658e-05	2.3863598047179757e-08	0.530828723810918	928
2	73174848	75630085	0.0001273030193306	8.937572109624223e-09	0.1781187713975081	868	5.414910452547763e-05	1.9147440007381707e-08	0.6955581365160919	865
2	75630086	76913660	4.6645106359787275e-05	6.638803231639883e-09	0.5669960544204443	582	0.0001399465259904	1.6854462833572857e-08	0.2810493713434091	576
2	76913661	78079263	7.971618837554546e-05	5.604867256230286e-09	0.2869710876449856	471	0.0001339468667074	1.4672921841665048e-08	0.2688156619617444	468
2	78079264	80050402	0.0001774236208286	1.6160496422185748e-08	0.16281258925761	974	0.0001868359118004	2.5558921964834626e-08	0.242539656687163	971
2	80050403	81620840	-1.3576843400076655e-06	7.1551390148982126e-09	0.9871940681759298	644	9.137688276235229e-05	1.747941916856462e-08	0.489470754072168	641
2	81620841	85140679	3.8054317037366126e-05	9.42723524856868e-09	0.6951077672855157	1042	-1.9451036257681557e-06	1.8203149450109383e-08	0.9884974403678236	1041
2	85140680	88038506	-3.400315779422619e-05	8.035057188874128e-09	0.7044379128369835	775	-9.257007237347898e-05	1.7772234336920296e-08	0.487441542795437	772
2	88038507	89154525	-1.8828112121908054e-05	2.981962652276291e-09	0.730251645887485	281	-4.8830423736617184e-05	9.728643660466833e-09	0.6205525321136107	280
2	95326452	98995200	3.311350945013086e-05	4.986790630062349e-09	0.6391299943498336	522	5.769118771118201e-05	1.0524530922113244e-08	0.5738763377617939	518
2	98995201	101822328	2.7361124417059037e-05	9.842819195167423e-09	0.782711475720639	1006	-3.189064851205526e-05	2.05647645364866e-08	0.8240157861500048	1003
2	101822329	102688764	4.180964760822553e-05	3.0905739832705873e-09	0.4520103490295889	301	3.773009090262653e-05	7.499975357344842e-09	0.6630759728167206	298
2	102688765	103588214	8.083498730204015e-05	4.6081755433221895e-09	0.2337363712947163	471	0.0001100868848815	9.860364411572161e-09	0.267587105962211	468
2	103588215	105125033	-1.6717968757522585e-05	3.816655807122669e-09	0.7866918809866481	358	-9.674824182940436e-05	8.624720479457454e-09	0.2975197497102633	356
2	105125034	106210057	-3.949643474846109e-05	5.7006242845951725e-09	0.6008946366836805	482	-0.0001772318881817	1.6754760746375992e-08	0.1709309940360235	478
2	106210058	107408266	-4.156113720030794e-06	5.884279695223606e-09	0.9567915792650156	516	-4.628420197972115e-05	1.5086806578693772e-08	0.7063072646677131	511
2	107408267	108429176	3.0607168172252844e-05	4.024074321433942e-09	0.6294564514563583	386	8.678981910662378e-05	1.0023501363772556e-08	0.3860076830989445	385
2	108429177	110572431	-2.5718274539025645e-05	8.304926289935654e-09	0.777781724573632	646	6.417307115202601e-07	1.6368525075053462e-08	0.9959979151658208	646
2	110572432	113921855	6.780413185810336e-05	9.504603174264582e-09	0.4867500063991189	960	0.0001479040758469	2.086776263274232e-08	0.3058995995780993	953
2	113921856	116772469	7.27847763617988e-05	9.364244138053334e-09	0.451961141296054	877	9.46027103933104e-05	2.4327610969162713e-08	0.5441614196954825	872
2	116772470	118367465	3.265045919091919e-05	4.4123234033686084e-09	0.6230471611797128	468	2.6330919329567683e-05	9.063679755625673e-09	0.7821060596181796	465
2	118367466	121303782	0.0001670528010409	1.8465759232827084e-08	0.2189463027686361	1143	-4.580019775579668e-05	3.0027238742726456e-08	0.7915429028493798	1136
2	121303783	123302905	0.0002146163275104	7.775464483867411e-09	0.0149378479473982	680	-6.817157038923652e-05	1.7256448640896815e-08	0.6037938836692278	678
2	123302906	124732249	2.768733135810859e-05	4.941353664431063e-09	0.6936735208650484	514	-1.6246000285523236e-05	1.1150566840941027e-08	0.8777278738314571	513
2	124732250	125840920	0.0002126098175137	8.631553837450231e-09	0.0221121273282788	449	-5.9986009381656535e-05	1.212322429345946e-08	0.5858877979775658	449
2	125840921	127373763	6.599219476197755e-06	4.757113840298002e-09	0.9237747898379096	494	6.774164157027592e-05	1.0555412539094314e-08	0.5096689945946677	492
2	127373764	128034346	-3.044344455348718e-05	3.587981780130091e-09	0.6112851793906782	301	5.314400927935078e-05	9.635929609044082e-09	0.5882411382465484	301
2	128034347	129474440	9.734266251058027e-06	5.255117949395077e-09	0.8931810077363226	499	1.54089751349876e-05	1.3053440519813698e-08	0.8927156661390401	498
2	129474441	130067169	1.1865940142587407e-06	2.673051852833212e-09	0.9816894918237188	257	5.7598128936759896e-05	6.399618185906012e-09	0.4715261721572165	254
2	130067170	130658084	-1.0629648200949783e-05	2.604849328535586e-09	0.8350178286182895	239	1.2585075907330838e-05	6.353339397315841e-09	0.8745434246188739	238
2	130658085	133042783	4.880293837045545e-05	3.2832863731434446e-09	0.3943752402344472	305	0.0001206210034168	7.685865994450967e-09	0.1688627365175562	301
2	133042784	135158577	-1.630798059521152e-05	1.1832418843893696e-08	0.8808266850510609	1029	-5.6975032942305265e-05	3.0611689325213026e-08	0.7446949345961881	1023
2	135158578	137042793	-2.64156027394815e-07	4.945393857549727e-09	0.997002914570616	501	-2.1337398248820138e-05	8.786416674709175e-09	0.8199314230233342	500
2	137042794	138698116	-4.530750605060373e-05	7.3228992600748834e-09	0.5964902139461583	701	-9.745445908830218e-06	1.7343247733877145e-08	0.9410097369449932	698
2	138698117	140100270	-3.089483163278802e-05	5.562538498379651e-09	0.6787002467305476	508	3.378474863129302e-05	1.3480869340763393e-08	0.7710673316925098	505
2	140100271	141805350	3.97534235682884e-05	7.807071689022519e-09	0.6527717464253557	683	4.9220497404755134e-05	1.8102876680229492e-08	0.7144964051821585	681
2	141805351	142518601	6.89867381534391e-05	3.95846224973602e-09	0.2728669569964849	363	4.737368188603038e-05	9.767442910437016e-09	0.6316943937666802	360
2	142518602	144519483	8.322139244205508e-05	8.21413081742994e-09	0.3584954857567443	774	8.792027815807756e-05	2.0304525370615563e-08	0.5372277272660027	769
2	144519484	146445569	-7.766786488495922e-05	1.3342424775571005e-08	0.5013327482489713	502	3.368007501207894e-05	1.4252859437172402e-08	0.7778573884659883	497
2	146445570	147277161	-4.0034771863818646e-05	1.8580045747041082e-09	0.3530018768070078	194	4.349095353461167e-05	4.616366439877814e-09	0.5221066645232736	193
2	147277162	150210291	6.423215576198579e-05	1.575295419425086e-08	0.6088147361268601	776	-2.2293578521369222e-06	1.765266939488629e-08	0.9866126605588532	773
2	150210292	151731461	-7.14090193356582e-05	5.80007693345071e-09	0.3484293749420649	549	0.0001704611245321	1.3528723917369532e-08	0.1427743322209024	548
2	151731462	152486781	3.935187970274904e-05	3.072887567534848e-09	0.4777712488651142	314	4.8604856337933605e-05	7.358060405367659e-09	0.5709669846939399	313
2	152486782	154005055	0.0001157793309094	6.492069913249324e-09	0.1507342841203925	581	5.796937397192178e-05	1.4790253184176409e-08	0.6336026111567621	578
2	154005056	155391134	7.470626546423988e-05	1.2559405816267002e-08	0.5050206368768642	582	-0.0001577104156417	1.8276670975603423e-08	0.2433829511247021	576
2	155391135	157560634	0.0002985803270323	1.5616807464887735e-08	0.0168819332157609	672	-6.164878597948857e-05	2.2574554575016904e-08	0.6815765948379326	669
2	157560635	158533217	-4.129041513520329e-05	2.37155392419453e-09	0.3965065913912325	199	3.771192891767371e-05	6.595727736575395e-09	0.6423955233530199	199
2	158533218	159577081	-2.4949938264089776e-05	4.294671224215883e-09	0.7034117928145434	390	0.0001024792146441	1.0292598974259522e-08	0.3124374753601862	388
2	159577082	161769732	2.5832646179576853e-05	8.163572750738828e-09	0.7749473486984385	832	3.2438538398522986e-05	1.7867777732185418e-08	0.8082567563440131	824
2	161769733	163503550	7.774117011503657e-05	6.012505613211693e-09	0.316058770472544	468	-7.039269362487913e-05	1.1187566134996594e-08	0.5057192638322995	465
2	163503551	164466637	1.6812624795106895e-05	2.551181918045985e-09	0.7392381143171864	243	-9.028896686819018e-05	5.987692052330324e-09	0.2432818846218762	243
2	164466638	165178839	9.833945704040892e-05	2.754342887487542e-09	0.0609606323331122	209	-6.856512826370942e-05	6.4251171537401465e-09	0.3923368054238056	205
2	165178840	167160269	3.810872562865459e-05	7.966164105230208e-09	0.6693994313239903	758	3.14706287158756e-05	1.9929947459902422e-08	0.8235964487332776	753
2	167355970	169968235	0.0001472652119061	1.4202953006274563e-08	0.2165724305690103	980	-0.0001975681802011	4.957200748227655e-08	0.3748863231863585	975
2	169968236	171226244	-5.009136666226865e-05	6.17453494347469e-09	0.5238177861194887	572	-1.9294378181842075e-06	1.4335034549809521e-08	0.9871426140928056	571
2	171226245	173138904	4.958220011029877e-05	1.1783425981796429e-08	0.6478420923634649	703	-1.868620538683748e-05	1.676356922522853e-08	0.8852448072161078	698
2	173138905	175588928	0.0002891794889303	1.3613826093791048e-08	0.0131960462673043	988	-1.6692887552525482e-06	2.971501074073967e-08	0.9922736069757464	982
2	175588929	177363635	8.572969559985376e-05	6.498045695546659e-09	0.2875525937029308	644	-0.0002442843550532	1.4374033792200965e-08	0.0415958733016399	642
2	177363636	178553182	6.992316635458939e-05	5.4496100588490655e-09	0.343540561035917	538	-8.487682295905068e-05	1.1795983879217893e-08	0.4345158320662409	534
2	178553183	181312738	0.0001798438909671	1.3486382129320666e-08	0.121470440003149	1147	0.0001594723096447	3.085758509697696e-08	0.3639682817692473	1141
2	181312739	182266030	0.0001235020889904	3.982579322484251e-09	0.050346800479638	346	1.9955097744139694e-05	7.869267994675374e-09	0.8220178919231422	344
2	182266031	184357607	2.0852638861546347e-05	7.255136212100096e-09	0.8065995860719382	726	0.0001493052098821	1.6780732789673044e-08	0.2490845357887623	719
2	184357608	185280172	7.180589527948455e-05	2.901781299190511e-09	0.1825342079214872	290	-0.000135928503029	1.062223582173924e-08	0.1872119932064313	286
2	185280173	189882064	0.0001252278986786	1.2183818885379902e-08	0.2565795341287391	1168	0.0001755928514225	2.2561574194772113e-08	0.2423953666060694	1164
2	189882065	191973356	8.764517324905142e-05	5.75890757946079e-09	0.2481166024595125	591	0.0001376451168282	1.2488284953624497e-08	0.2180564351959241	589
2	191973357	195861163	-2.8636608228734063e-05	8.815284621168584e-09	0.760364243221519	842	2.4594661890068896e-05	1.9737743953743573e-08	0.8610308485083732	833
2	195861164	196447455	5.1504308310671325e-05	1.887672944785534e-09	0.2358428706840316	180	2.3792481330100463e-05	4.307310382102543e-09	0.716960560698573	179
2	196447456	198078109	1.343914278863234e-05	5.063064874538407e-09	0.8501940790849598	522	-2.4316885637245705e-05	1.0965993854001978e-08	0.8163736509028753	519
2	198078110	199311124	0.0002413484349643	5.637913656329411e-09	0.0013076678863625	378	6.274314199375462e-05	5.925837563879634e-09	0.4150360203952536	376
2	199311125	201576283	0.0001828932062011	1.3548484628619398e-08	0.116118776158477	724	-0.0001181792608694	1.9454946471477673e-08	0.3968398388690477	720
2	201576284	202818636	2.689116244189705e-05	3.759036891433828e-09	0.6609494539364664	372	-3.5958162092246306e-05	7.640607702568208e-09	0.6808006107072901	370
2	202818637	205799240	0.0002153221937188	9.849607065232753e-09	0.0300372860326719	911	0.0003843973850764	3.264246022873501e-08	0.0333706682858721	908
2	205799241	206735703	7.647556297518147e-06	5.3433665967110535e-09	0.9166772520606984	460	7.691449361861217e-05	1.3057159962580867e-08	0.5008795011495801	459
2	206735704	208645398	0.0001308340047579	8.387939532950565e-09	0.1531359372840678	780	9.848709855901232e-05	2.0499795943058802e-08	0.4915364402994595	779
2	208645399	209941528	2.9998607853400816e-05	4.096586808795398e-09	0.6392878934369564	400	-4.915309424815151e-05	9.726384003227269e-09	0.6182044635441017	398
2	209941529	212379517	7.18535586397901e-05	8.594015187594885e-09	0.4382884945361875	875	0.0001676386498132	1.9612727254305255e-08	0.2312947274967481	873
2	212379518	214014281	1.9136944937507154e-06	1.6100144982226223e-08	0.9879667951222324	739	-1.1153451441449235e-05	2.193549633352229e-08	0.93997042436862	732
2	214014282	215573794	0.0001609381180189	5.262354345955629e-09	0.0265174749947166	504	0.0003134730032344	1.299020846184022e-08	0.0059526899479029	502
2	215573795	217715660	3.4028629895341615e-05	1.0687093168670857e-08	0.7420303946970034	933	9.513764604653455e-05	2.6869886292409113e-08	0.5616520379446632	926
2	217715661	218395479	1.4572438038215525e-05	3.4999588628379503e-09	0.8054340586181306	315	1.224248102125906e-05	8.898672711930005e-09	0.8967407107525561	315
2	218395480	220454550	5.615015172895492e-05	9.715355202157921e-09	0.568903104426273	736	3.7109139184984766e-05	1.4046075607414602e-08	0.7541935639325383	732
2	220454551	222521175	4.610679221903685e-05	1.0682074549283e-08	0.6555213901183634	978	-4.540085820025211e-05	2.6585870395824838e-08	0.7806711749309606	976
2	222521176	224859418	7.434567997084319e-05	1.0352114975533994e-08	0.4649602701774845	913	6.060158875039045e-05	2.6926010327908065e-08	0.7118922752629772	909
2	224859419	225840003	0.0001862187280883	5.001628978334642e-09	0.0084609029159588	410	-0.0002025819444682	9.267567343508062e-09	0.0353479757458791	406
2	225840004	228119841	6.771946571235084e-05	9.028357313683782e-09	0.476028984071893	860	1.5878717074609333e-05	2.0300839203028996e-08	0.9112639197332484	856
2	228119842	229370786	0.0002375983089535	8.31096975074609e-09	0.0091537339891025	560	0.0001109849941248	1.6601698047710277e-08	0.3890361869159709	554
2	229370787	231843388	-6.528715025854347e-05	1.2755900459193481e-08	0.5632243006764326	1106	-3.078744371182709e-05	3.3048441126358434e-08	0.8655173807042551	1100
2	231843389	233550002	1.6315534126428246e-05	6.419593875440565e-09	0.8386405378728563	575	-8.435497868282329e-05	1.4247936857057977e-08	0.4797532959108159	573
2	233550003	235150986	-0.0001572439578569	9.542999091586181e-09	0.1074742283713781	903	-0.0001188675563424	2.1539847614269743e-08	0.4179862656811156	899
2	235150987	236043549	6.995685644946432e-05	7.2447014344707805e-09	0.4111326717994521	495	-3.302491716608497e-05	2.0939828226358897e-08	0.8194746099136252	494
2	236043550	237449031	3.0167044163861605e-05	6.438542846071266e-09	0.7069483562787731	561	6.337741022227879e-06	1.6890540051082712e-08	0.9611061729333876	555
2	237449032	238760980	3.145761409605768e-05	7.292143879475113e-09	0.7125885660733261	624	0.0001220706453978	1.893428037786535e-08	0.3750093838279439	621
2	238760981	239952642	-2.226248623922042e-05	5.7221718035510525e-09	0.7685271424107488	503	6.069333444476277e-05	1.4514796579178914e-08	0.6144203866227511	502
2	239952643	241560083	9.540496562767887e-06	1.0764349322096861e-08	0.9267335002622742	813	-2.5170630803215323e-06	3.0300539659958875e-08	0.9884629747019088	808
2	241560084	242149920	3.952282472916152e-05	3.011053706450314e-09	0.4713655110353288	276	7.975601517428915e-05	1.1284577226694684e-08	0.4527766330765796	275
2	242149921	243188919	-1.2305671988007863e-05	2.896037914036346e-09	0.8191278604393202	226	-1.242880512639423e-05	7.492323814525934e-09	0.8858250435062285	224
3	60157	1441778	3.243588418098361e-05	9.779337654849438e-09	0.7429132749091221	735	0.0001139552008683	2.6287701779324516e-08	0.4821540831214252	729
3	1441779	2992119	3.988921844184794e-05	1.6218645248122305e-08	0.754114206895359	1108	5.369428705883971e-05	3.936732445441977e-08	0.7866831964427001	1105
3	2992120	4431646	7.472104658679512e-05	1.1567704969790768e-08	0.4872212234082231	918	6.057251093350606e-05	2.8776363661985132e-08	0.7210367825174152	911
3	4431647	6083182	4.42863732082965e-05	1.2730776343142564e-08	0.6946868015492874	942	0.0001258926544319	3.322702593801737e-08	0.4897888772914863	936
3	6083183	7083386	-0.0001076067741988	6.649445494276726e-09	0.1869639436447875	522	-7.062660643418503e-05	1.694605796854027e-08	0.5874446391048611	519
3	7083387	8648560	3.170555850918008e-05	1.1281377049075538e-08	0.7653163230352586	994	-7.272004891320572e-05	2.7358907195450987e-08	0.6601922992832701	988
3	8648561	9543182	-2.3417171601806112e-05	7.795099032660497e-09	0.7908318270490268	573	0.0001033673206284	1.834412469742807e-08	0.4453479006681323	566
3	9543183	11019664	0.0001008681259686	9.353260096427038e-09	0.2969614867182909	747	-2.3327965305900252e-05	2.06451184143923e-08	0.8710255684066933	744
3	11019665	13070798	9.494406577712446e-05	1.2044932759309903e-08	0.3869846442328258	880	-5.239977879486723e-05	2.248857930676796e-08	0.72677360743053	874
3	13070799	14816899	-7.207570916595067e-05	1.2060284854799824e-08	0.5116235960066762	930	-8.697327616299526e-05	2.9259603580408943e-08	0.6111350381902143	925
3	14816900	16282441	-6.751501243468235e-05	6.931054215187099e-09	0.4173872795305304	609	-0.0001454930274722	2.1150401567614992e-08	0.3171067303715568	606
3	16282442	17891117	0.0002968944348741	1.883265610458772e-08	0.0305068126317211	571	-1.9532780286278873e-05	1.3039160706688546e-08	0.864179443604666	556
3	17891118	19125143	5.554035774561192e-05	4.650856970533476e-09	0.4154110962668687	404	9.777484180682628e-05	1.1454686309820776e-08	0.3609498111496485	404
3	19125144	20091347	2.5667675840063296e-05	2.6958782347185494e-09	0.6210575151523448	233	4.367577959345188e-05	6.406514427197646e-09	0.5852930704460122	233
3	20091348	21643706	9.069136956343272e-05	8.84416042743494e-09	0.3348671760673471	753	-8.529295871103635e-05	2.1601976778384013e-08	0.5616998389613244	748
3	21643707	22204243	0.0001762731227206	6.045129098956883e-09	0.023380090731221	450	3.243810452256387e-05	1.6329327078527268e-08	0.7996140824375367	447
3	22204244	23804864	7.131517853835449e-05	7.152182316184981e-09	0.399081761450705	621	-2.38452850282562e-05	1.6433438458501058e-08	0.8524362462623056	620
3	23804865	25461557	4.568639109836144e-06	1.2884449182216948e-08	0.9678946993425248	882	1.770398258032912e-05	2.6676487162762893e-08	0.9136828811420828	877
3	25461558	26877768	0.0001110811250054	5.919418733290838e-09	0.148801134483661	560	-0.0001249799215082	1.2728372803751128e-08	0.2679565266143128	555
3	26877769	27840909	2.4125827236962233e-05	3.417746475654572e-09	0.6798418669541092	314	-1.1637848132453253e-05	7.529514056538628e-09	0.8933087430092574	312
3	27840910	29142259	2.4367102871438536e-05	6.001674429752441e-09	0.7531154521897409	531	-7.514751291065299e-05	1.3698239561811561e-08	0.5208278730912532	529
3	29142260	30717954	0.000137950977566	1.405495521444986e-08	0.2445792678115413	784	0.0002473266449825	3.115612941398547e-08	0.1611552117745497	781
3	30717955	32351714	0.0001612033440046	1.1638728488156572e-08	0.1351120740864672	745	0.0001004957048217	1.979346771531676e-08	0.4750356860945032	741
3	32351715	33255591	-0.0001306994116623	5.737466984791244e-09	0.0844384273437647	332	-0.0001603601043951	1.2687690585937144e-08	0.154546097422596	331
3	33255592	35283457	1.4080677284300792e-06	1.1706731218963093e-08	0.9896167448950768	692	-2.6340602483347607e-05	1.4691871979264728e-08	0.8279638692974407	689
3	35283458	36486841	-3.358623663030385e-05	5.062609261300993e-09	0.6369018551768102	469	5.359505739568885e-05	1.06328249643337e-08	0.6032329022876526	467
3	36486842	38356115	-1.8041733334908797e-06	8.49007744867465e-09	0.9843780679409184	706	-3.19488296602391e-07	1.7552955244826003e-08	0.9980759361868858	704
3	38356116	40221297	-5.762769237479628e-05	8.114106981268666e-09	0.5223345976322413	763	-2.515310031383738e-05	1.6407307929371026e-08	0.8443213831031906	760
3	40221298	41064527	4.03873195808137e-06	1.9612876186400478e-09	0.9273370872241437	182	-2.865731159824866e-05	3.521149988269823e-09	0.6291383346482742	182
3	41064528	42540001	3.891937130802004e-05	5.675831563656232e-09	0.6054381855855024	555	6.498023695756719e-05	1.1705079238759073e-08	0.5480983451773833	555
3	42540002	45165152	5.717155437571047e-05	8.965930042403492e-09	0.5459865865163673	855	-3.6300719767353305e-05	1.6341052394399227e-08	0.7764319863533196	851
3	45165153	46657499	6.21837237517372e-05	7.018172054133506e-09	0.4579208533850696	651	-1.3190203520913691e-05	1.6053224851041852e-08	0.917086258159235	646
3	46657500	47727211	4.9698590007245586e-05	4.049091354306187e-09	0.4347874267911163	213	2.3168253167796344e-05	2.9055653268135233e-09	0.667332812248785	208
3	47727212	49316971	0.0001492886372336	8.781075910962015e-09	0.1111296548802725	314	3.797844118416719e-05	7.600498383754732e-09	0.6631064240731752	311
3	49316972	51832014	5.3601774249723e-05	2.2372676674592405e-08	0.7200735117899268	610	-8.008574984315163e-05	9.861074415263549e-09	0.4199666423163595	607
3	51832015	54081389	0.0003034318040565	1.3759857546526881e-08	0.0096886406884204	772	0.0001316650992216	1.2924201619275348e-08	0.2467984795405179	770
3	54081390	55348859	-5.751087631542479e-06	9.088331288267968e-09	0.95189562065105	746	-0.0002713699144995	2.2942780184926425e-08	0.073198635718457	744
3	55348860	56433906	-3.4828755863760945e-05	4.7405527265056095e-09	0.6129605516881043	431	3.530481914729586e-05	1.070497794778721e-08	0.7329340503142672	430
3	56433907	58157518	8.854554178506604e-05	6.565916317273705e-09	0.2745055550749276	652	2.6742761002790063e-05	1.2750355762258842e-08	0.8127851328892977	649
3	58157519	60272905	-6.30638920220247e-05	1.3903705682259491e-08	0.5927676487361	1139	-0.0001172801563891	3.4573122529574965e-08	0.5282059244450814	1135
3	60272906	62355665	0.0002834343110792	1.4146665085585212e-08	0.0171718502783632	1170	0.0001089454601387	3.508641816049452e-08	0.5608224085464697	1160
3	62355666	63669285	-7.970385076409314e-06	9.599926291437176e-09	0.935165429141207	760	-0.0002250080253924	2.3920940304094592e-08	0.1457194504925611	753
3	63669286	65273537	-0.0001622010626412	1.3606009270514678e-08	0.1643602713800591	876	-9.342631016115952e-05	2.761898161080988e-08	0.5740022269109004	870
3	65273538	66270446	1.083279400376328e-05	5.5549266922304e-09	0.8844381640544385	399	1.7469342138102053e-06	1.514116140597785e-08	0.988672803653223	399
3	66270447	68286913	-6.267256723744095e-05	8.97206604463103e-09	0.5081926871090596	764	-6.975595693362541e-06	2.1740682041280072e-08	0.9622668726375708	761
3	68286914	69276761	2.5730000647144945e-05	4.663531132019502e-09	0.7063406414529292	428	8.750140795002084e-05	1.3815542789639281e-08	0.45660891274859	427
3	69276762	70449027	-1.946452173641229e-05	5.38340083534177e-09	0.7907886560552408	460	7.124194577393217e-05	1.3431492275578488e-08	0.5387431123787083	457
3	70449028	72529328	0.0003812599969669	1.65613688137053e-08	0.003050519781847	889	-0.0002823484976549	5.434786944149777e-08	0.2258418903579837	884
3	72529329	74321816	-5.1085689837354506e-05	1.0061374845404098e-08	0.6105444881200102	815	-2.4219449213298564e-05	2.6130366088277093e-08	0.8809007172139934	811
3	74321817	75704948	-1.8792760449385895e-05	3.743771938690355e-09	0.7587370787000672	334	0.000139809987493	6.152069846154294e-09	0.0746690488763559	329
3	75704949	77508834	0.0001123858755502	6.751578035336937e-09	0.1713880120220127	612	-6.11298050657721e-05	1.6343325778023582e-08	0.63252884736567	606
3	77508835	79024540	7.226691724296904e-05	5.256198452104728e-09	0.3188664759325716	486	8.750980019194743e-05	1.2474042729162453e-08	0.4333186453283768	484
3	79024541	81427309	-8.252553744634534e-05	6.078613339692349e-09	0.2898328375969164	606	-7.468170535074329e-05	1.1600444623355114e-08	0.4880655024345141	603
3	81427310	82643885	4.598961942424427e-05	3.6386657565333253e-09	0.445815182766623	350	0.0001507248557602	6.728094155690024e-09	0.0661289410275026	348
3	82643886	84367478	-4.757816264078863e-08	3.982748220473074e-09	0.9993984714278956	405	7.84844993107261e-05	7.981022520430356e-09	0.3796583289441969	405
3	84367479	85582230	3.232669622765471e-05	8.400108326425313e-09	0.7243051882556325	317	0.0001563605678307	1.0062828135826285e-08	0.1190634280096082	316
3	85582231	87409731	-5.555821618295785e-05	6.7828711697876505e-09	0.499934698651733	535	0.0001116984533368	1.0020506207432324e-08	0.2644901849468062	534
3	87409732	88298372	4.055041544787067e-05	2.3049105854242192e-09	0.3983155377018718	242	5.025660649747979e-05	4.360477136818887e-09	0.4466136355875854	242
3	88298373	94255315	-4.3586959605161967e-05	5.916578153488868e-09	0.5709463405685946	592	-1.3479669034143772e-05	1.2617944564613044e-08	0.9044823434464232	590
3	94255316	95311970	-2.056689660770495e-05	2.4752608637479823e-09	0.6793220781079394	259	-9.125593232694374e-06	4.08131261809863e-09	0.8864136013635231	257
3	95311971	98215949	7.339386279396195e-05	6.880487833511961e-09	0.3762589967323934	702	-7.53016638000426e-06	1.3120787524095696e-08	0.9475854379784784	701
3	98215950	99373761	5.433239510310063e-05	4.090580104378514e-09	0.3955998487412708	394	-1.2136417125208567e-05	7.897495112342394e-09	0.8913730516860857	394
3	99373762	100592216	-1.324405530727708e-05	4.509043882681515e-09	0.8436455010126971	412	-2.20571079856656e-05	6.684597846008903e-09	0.7873289478168842	410
3	100592217	103084959	1.2756508745809275e-05	8.279805834708778e-09	0.8885086691568609	801	6.21922258646843e-05	1.6641128767574283e-08	0.6297289338846126	800
3	103084960	104581612	-8.455899996504937e-06	5.333420345927183e-09	0.9078219601818576	524	-4.03815834930862e-05	1.1736591247882657e-08	0.7093379032326728	523
3	104581613	106982810	3.461531375637865e-05	1.1618619071321298e-08	0.7481061967181244	846	8.113779062811947e-05	2.5329211769765463e-08	0.6101812972220375	838
3	106982811	109522394	0.0003201514924988	1.4377918092890384e-08	0.0075856431827586	910	9.43482874290745e-05	2.1894374977003652e-08	0.5237155148695558	907
3	109522395	110513769	-9.340838986044558e-06	2.8903060515989187e-09	0.862065350254177	301	7.258315864824339e-05	6.085155521514051e-09	0.3521303985719066	299
3	110513770	112815698	1.8617421690586348e-05	8.978501416443582e-09	0.844234747784776	833	3.788041228428516e-05	1.967755995217512e-08	0.7871290140234894	830
3	112815699	113947862	1.416420269559846e-05	4.767306654037067e-09	0.8374608125706648	443	2.050498351633174e-05	9.444969285038668e-09	0.832896106686559	439
3	113947863	115447079	3.663620382133874e-05	6.9246534249144024e-09	0.659747180956914	465	-4.853774823950869e-05	1.6230090390837637e-08	0.7032070373167054	466
3	115447080	116800152	7.369383328738485e-05	6.721529937584499e-09	0.368721696438707	612	-6.79924264830105e-05	1.614248924724053e-08	0.5925463441048138	605
3	116800153	118530250	0.0001664641415536	7.724242131438296e-09	0.0582176115308551	680	-7.88579149983391e-05	1.8375131956154623e-08	0.5607408040969317	676
3	118530251	120523054	6.229398508790996e-05	8.483336472548773e-09	0.4988270805356199	812	-0.0001173385714073	1.8833927719038968e-08	0.3925465353475073	811
3	120523055	121974096	7.826803400163915e-05	4.5508753440110664e-09	0.2459629350662059	470	6.525780901005597e-05	8.104972092365477e-09	0.4685352680743092	470
3	121974097	123517767	3.634281654043702e-05	6.6760294394275035e-09	0.6564682311002661	616	-3.108828719055828e-05	1.4352593350817138e-08	0.7952521358233444	611
3	123517768	124936641	0.0001839935804326	1.2301789481215485e-08	0.0971372394098678	701	0.0001175368074884	1.8247753139370652e-08	0.3842457323702812	700
3	124936642	126214942	-2.515183004301472e-05	4.8962227385520655e-09	0.7192581549122095	470	7.52365921606748e-05	1.0171865076548786e-08	0.4556777986465828	470
3	126214943	128194860	6.470839966743201e-05	9.345178701543235e-09	0.5032588843009929	786	-8.05779276356401e-06	1.8093141772627327e-08	0.952231733978932	784
3	128194861	130244734	3.398680911738009e-05	5.569565613199359e-09	0.6488164389180474	553	-2.2345503214211396e-05	1.1459945633804722e-08	0.8346537709254453	549
3	130244735	131836515	3.702939610384549e-05	6.281596622580481e-09	0.6403500419065113	629	-1.928332658953965e-05	1.7134136615884393e-08	0.882882356209708	626
3	131836516	133252172	1.4973016707621168e-06	6.276599720436102e-09	0.9849213902711818	587	9.550832043469424e-05	1.3592323621774746e-08	0.4126675684594579	584
3	133252173	135456905	-6.426115021433496e-05	1.1671313550919718e-08	0.5519609919275452	1015	4.973701460750288e-05	2.7131586538040402e-08	0.7626864239571518	1010
3	135456906	137371082	-7.862669411243885e-05	5.601773689954981e-09	0.2934758646795841	577	-9.607899678840693e-05	9.113102257154972e-09	0.3141956601514103	576
3	137371083	139954596	-4.554192775859331e-05	1.0497077215834332e-08	0.6566770977127314	968	-7.285650092207573e-05	2.1386256348977322e-08	0.6183453443613698	967
3	139954597	141339096	-7.359023990516503e-05	5.7696495730681926e-09	0.3326323289073639	548	-0.0001726232343164	1.2350302787391265e-08	0.1203471206568475	547
3	141339097	143164627	2.528221723418903e-05	8.642588743790619e-09	0.7856584564232957	748	5.080150202987374e-05	1.7697470395550573e-08	0.7025542618797189	743
3	143164628	144410815	1.5271015247701756e-05	5.038652526309752e-09	0.8296622076187095	455	8.189229981146288e-06	1.0396719043265748e-08	0.9359869858557476	453
3	144410816	145664618	-7.794366987389661e-05	4.864214725838392e-09	0.2637509668769403	460	-2.64935841235341e-07	1.1383100695297955e-08	0.9980187009051408	454
3	145664619	146726628	1.292360231406512e-05	4.240021000858224e-09	0.8426756698046568	399	1.8272719500691164e-05	9.180484568048413e-09	0.8487538636843148	398
3	146726629	149043236	9.126266724843456e-05	9.492437476249618e-09	0.3489087185723788	809	0.0001406260069986	2.1910457901786913e-08	0.3420941207512129	808
3	149043237	150252003	-6.226093766267671e-05	6.141941435765732e-09	0.4269374959022897	509	-4.038808757432984e-05	1.4153383362229017e-08	0.7342428853812221	507
3	150252004	151348729	6.351697792306744e-05	4.968138555808296e-09	0.3675131051940915	440	1.4356238059053293e-05	1.160574156393493e-08	0.8939866943627482	439
3	151348730	153256570	4.436277122414187e-07	7.628208682937209e-09	0.9959472895253976	667	-2.868865792237238e-05	1.8286650447741194e-08	0.8319899694538825	663
3	153256571	154714217	2.1197256020807057e-05	5.00732495356737e-09	0.7645165164923838	487	0.0001291846292859	1.076242812410141e-08	0.2130407527572366	482
3	154714218	156008699	3.315679199658967e-05	4.546471393062447e-09	0.6229033680629522	406	-2.9366692379554836e-05	1.067822442658466e-08	0.776266423371322	406
3	156008700	157312027	-9.11646946298412e-07	5.633424498073046e-09	0.9903089725093392	529	3.1014901296439055e-06	1.2308525105206345e-08	0.9776976363810664	527
3	157312028	159477889	0.0001354536790816	7.783834148191548e-09	0.1247094869684394	748	2.8561906026106797e-05	1.5984808585939977e-08	0.8212722249927262	744
3	159477890	161524503	5.292933684083232e-05	6.613906287371785e-09	0.5151563573269138	660	2.422353150664143e-06	1.29072568239618e-08	0.9829890863813864	657
3	161524504	163253204	-2.7508714898355505e-05	6.590306985926253e-09	0.7347168604913785	621	4.708913988763683e-07	1.3094000331377113e-08	0.9967166028279064	609
3	163253205	165055468	-1.8562689054735405e-05	4.995368901242558e-09	0.7928298205771263	545	-5.597197652945093e-05	9.483735780355768e-09	0.5654586495948738	544
3	165055469	167117428	9.407297797430462e-05	5.856582294475523e-09	0.2189753820286326	557	5.101659100977286e-05	1.2916049039470872e-08	0.6535060426830586	557
3	167117429	168580959	2.3828751344930255e-05	8.507124631116814e-09	0.7961361484722581	447	7.348559608036818e-05	9.273693586542288e-09	0.4454096313444298	444
3	168580960	170964908	4.100090105965792e-05	9.672337489337484e-09	0.6767545130716324	857	-4.7708252077707176e-05	2.203226520557868e-08	0.7478971571237965	854
3	170964909	172295730	3.05970873172647e-05	7.328138242615556e-09	0.7207746906128212	592	8.608361504806701e-05	1.8160389563757082e-08	0.5229597385821361	588
3	172295731	173477284	-3.4911898566893525e-05	5.432258672916413e-09	0.6357295192189572	461	-0.0001047745246602	1.2902733398659009e-08	0.3563249056224941	457
3	173477285	175116538	4.813216068528448e-05	8.06663310783066e-09	0.5920230175712693	721	0.0002555564370566	1.887793232645602e-08	0.0628875449909472	717
3	175116539	176320286	4.120112008123698e-06	4.612695349993249e-09	0.9516267366388428	421	0.0001104468246764	1.0649030868779906e-08	0.2844924273125921	420
3	176320287	178107164	2.9635497972158443e-05	7.780764465666105e-09	0.7368931420376348	649	-7.190376043613983e-05	1.8963212877550612e-08	0.6015655934138492	644
3	178107165	179374585	4.593651635775429e-05	5.580928428320207e-09	0.5386204473383192	456	-1.6761775592858517e-05	1.2094440699499909e-08	0.8788597884078992	455
3	179374586	181511165	0.0001067501861427	9.067112365201582e-09	0.2622565168850281	554	7.98595408233916e-06	1.3140333764103304e-08	0.9444591548568644	553
3	181511166	183769682	-1.1546799331036696e-05	8.840043272302804e-09	0.9022574004904066	785	8.076329981978171e-05	1.9296789681897683e-08	0.5609740583715555	781
3	183769683	185068254	-4.031255189568882e-05	6.588741784837947e-09	0.619445076248179	516	-4.832710232658718e-05	1.601836475527252e-08	0.7025798872167653	515
3	185068255	186890343	0.0001401847927943	1.5681504129378636e-08	0.2629456329486785	787	0.0001511829620763	3.1263224796116075e-08	0.3925295148158599	785
3	186890344	188856213	0.0001932967333028	1.6198285664058255e-08	0.1288221804963962	906	0.0003119983894636	3.3020904321803974e-08	0.0859881471751005	900
3	188856214	190226606	3.2553642272824116e-05	8.955361307408437e-09	0.7308465314863027	718	-3.971945889566806e-05	2.2698495081368448e-08	0.7920603793318963	712
3	190226607	192343813	9.033453753998805e-05	1.05249094414127e-08	0.3785717287459256	934	4.634076939942465e-05	2.476888946923785e-08	0.7684148864863756	931
3	192343814	194059670	-4.15927434479928e-05	9.031878836025973e-09	0.6616388633431858	715	3.10495452812123e-06	2.0118901191427118e-08	0.9825354060307824	712
3	194059671	194786673	3.193884325223303e-05	5.364729034584886e-09	0.662793899318294	390	-6.641480366662039e-05	1.3549483238949584e-08	0.5682959747901251	389
3	194786674	195971407	1.1687074621964842e-05	4.401371095566633e-09	0.8601668037413515	360	-0.0001443055359683	1.0762406110903962e-08	0.1642242862248898	352
3	195971408	197075986	-9.767848890639586e-05	6.491007948163444e-09	0.2253625754552214	441	-2.7130568018144855e-05	9.186836983213e-09	0.7771321529430051	438
3	197075987	197946621	-1.5506870094084225e-05	4.848720881947549e-09	0.823772857096176	236	-1.6981224866873425e-05	6.9302352993045285e-09	0.8383663989379578	234
4	10240	694714	-2.1731331263447065e-06	1.2015366173363012e-09	0.9500111125031292	150	6.845921787267244e-06	2.8084539543747595e-09	0.8972145154491846	150
4	694715	1478710	-0.0001132695025167	3.171814355317283e-09	0.0443024520956264	297	-0.0002358005800772	6.75925604707722e-09	0.00412935246789	295
4	1478711	2842978	-2.1008414052556983e-05	3.7387238145833e-09	0.7311599655856615	367	1.6558247743869564e-05	9.508834373196582e-09	0.8651634144555813	367
4	2842979	3846039	0.0001253358663485	3.946049334774446e-09	0.0460172266167255	350	3.702781671421586e-05	9.22802589024666e-09	0.699900327481628	348
4	3846040	4684115	-4.535264866260141e-06	3.142247157577295e-09	0.9355164483760228	283	-6.85739868109455e-05	8.65403471833536e-09	0.4610371083015452	283
4	4684116	5502387	-5.986961200831571e-05	5.397780156690672e-09	0.4151354290994911	452	-0.0001581201002975	1.5868123929075225e-08	0.2093942510763886	450
4	5502388	6773042	4.393083692690795e-05	1.233100566995438e-08	0.6923907643544598	804	0.000181712262148	3.187232653293891e-08	0.3087564079759743	799
4	6773043	7539691	3.993804400560848e-05	6.468882799322346e-09	0.6194990298123179	486	-4.325268310784691e-05	1.902505667966812e-08	0.7538391093409313	482
4	7539692	8152234	-0.0001279634464864	5.212821971786476e-09	0.0763364812990986	407	-7.232282845965506e-05	1.528648894047942e-08	0.5585788157667473	404
4	8152235	9326478	1.5070910877512908e-05	3.567611678588554e-09	0.8007941627221853	300	0.0001207864422192	1.1556108674127916e-08	0.2611820423124404	299
4	9326479	10699151	9.344192860624076e-06	4.984093639669344e-09	0.8947014948461944	613	4.323592093371002e-06	1.1087998103068816e-08	0.9672481235586888	605
4	10699152	12323033	0.0001069106518784	7.374314798379654e-09	0.2131414557585265	779	-7.849557371850367e-06	1.8720183477664928e-08	0.9542499058586678	772
4	12323034	14272000	-0.0001346747539188	7.921814999643168e-09	0.1302487635063928	827	0.0001006651004386	2.051689161431643e-08	0.4821890751766285	825
4	14272001	15147445	6.130500867253091e-05	4.576072914170739e-09	0.3648019196412557	423	-3.083756477803798e-05	1.2721757855741677e-08	0.7845418808518136	419
4	15147446	15927008	6.01981871591274e-05	3.0483780417943447e-09	0.2755777113948331	302	-0.0002319572765244	9.178420011126937e-09	0.0154709363157352	299
4	15927009	17383321	-2.4520663756095845e-06	8.050886043710578e-09	0.9781979972923638	770	-0.0001453230541519	2.2130728864045204e-08	0.3286336432552676	765
4	17383322	18841873	7.240350806209502e-05	4.3272160595726865e-09	0.2710423054369941	487	4.061880324921805e-05	1.0368820284061837e-08	0.6899679627899149	483
4	18841874	20544556	0.0001392607719469	5.9749252101982245e-09	0.0716056257597387	569	9.272383299384046e-06	1.2744343275263961e-08	0.934538701826812	565
4	20544557	22319346	-3.1733287995551346e-05	8.02213423505786e-09	0.7231147044669086	775	6.717886886633626e-05	1.9498971365532405e-08	0.6304521361458144	773
4	22319347	24135528	-0.000110353799385	6.948382703982266e-09	0.185546138041563	693	8.238399944667081e-05	1.9461042065022803e-08	0.5548191022342513	692
4	24135529	25609321	0.0001305517344995	1.0293841041335722e-08	0.1981817075272606	688	0.0002219320603243	2.1131665917416223e-08	0.1268360897420404	686
4	25609322	27343721	0.0001144017358861	7.520024753488107e-09	0.187089733853928	655	0.0001617151726054	2.0573604789821323e-08	0.2595541548017593	648
4	27343722	27965867	2.868702776661402e-05	2.5257190360476253e-09	0.5681271407529012	246	-0.0001086739107765	7.222182718142784e-09	0.2009794914587673	245
4	27965868	29762207	-5.7638638813977376e-05	8.839450792078394e-09	0.5398384465937517	662	8.325831925079865e-06	1.5064697486779418e-08	0.945917777395197	660
4	29762208	30454534	-1.8388331941780863e-05	2.038222743758864e-09	0.683786214300973	196	-9.89655944299632e-06	5.754214348114364e-09	0.896199208548518	196
4	30454535	31782980	0.0002244675312788	6.843453529339503e-09	0.0066594092879122	499	2.9377645279952325e-05	1.2589279963255176e-08	0.7934538425411326	496
4	31782981	33172765	1.8903294954688025e-05	3.5631143670422692e-09	0.751485322949621	402	2.088980312202868e-05	9.111104282402914e-09	0.8267659985702942	402
4	33172766	35151414	0.0002280848575051	4.979515306983859e-09	0.0012282603553446	452	0.000177373289531	6.492439277591245e-09	0.0277129861127588	446
4	35151415	36020435	-1.1436563452776277e-05	2.9679281250918563e-09	0.8337244394884302	320	-3.127432467918348e-05	8.156533142648087e-09	0.7291276666005395	320
4	36020436	37255046	1.8191334309016633e-05	4.8562069496809395e-09	0.7940575348474903	528	-5.997979305932936e-05	1.2752210432981845e-08	0.5953190398681988	526
4	37255047	38907021	9.660013360091752e-05	1.0635912048816062e-08	0.3489241734807714	911	1.251039933869217e-05	3.123938476752282e-08	0.9435716330834806	908
4	38907022	40202608	6.481805252514396e-05	4.5056222220894234e-09	0.3342206311774566	489	3.675795079218973e-05	1.0674416654021709e-08	0.7220067478394712	484
4	40202609	42213057	9.638698869457454e-05	9.294178044967556e-09	0.317407544297964	827	0.0001317473981127	2.5373036821595823e-08	0.4081827573203354	826
4	42213058	43965044	-5.18488704589876e-05	6.012462094199055e-09	0.5037047462529343	645	1.2781028255611848e-05	1.5062216133450298e-08	0.9170575279337864	643
4	43965045	45189156	8.536301677766261e-05	4.408210989654804e-09	0.1985488928318151	411	9.356217072373845e-05	8.329085753590766e-09	0.3052765957002844	405
4	45189157	47411895	7.822710594582024e-06	6.613116309199933e-09	0.923365405563892	565	4.767124534422364e-05	1.1374946472448024e-08	0.6548941632142269	562
4	47411896	48123599	3.704434643140188e-05	2.8198412179898334e-09	0.4854242285999003	267	0.0001460883066153	5.537112635239471e-09	0.0496180929788552	265
4	48123600	53877432	-2.639107397975368e-05	4.463938390086801e-09	0.6928423023229526	588	-2.4688510204043813e-05	8.692710269947166e-09	0.791163865395839	583
4	53877433	55429555	0.0001311415266747	8.777672031705878e-09	0.1615881141344239	597	0.0001332760195953	1.3347972734310258e-08	0.2486760622899475	592
4	55429556	56547643	7.966799900458168e-06	4.22615053829961e-09	0.9024638719397036	445	3.3549188322936333e-05	1.0106036453212168e-08	0.7385854326589829	445
4	56547644	58935007	-8.058421295846332e-05	1.1124425448677517e-08	0.4448485661838242	1064	-0.0003327114717126	3.0605955568101807e-08	0.0571973288680721	1057
4	58935008	60741086	0.0001002091568901	6.617601826352073e-09	0.2180059017090363	565	-0.0002343528096498	1.8315347886560422e-08	0.0833341496545492	562
4	60741087	62371762	-2.344838560407949e-05	6.908147608824244e-09	0.7778523608394025	515	4.5447103197158664e-05	1.3617502397528016e-08	0.6969394653185372	514
4	62371763	64341000	-9.21741452357541e-05	8.245394712009055e-09	0.3100642155230342	538	-8.249241995627482e-05	1.3655437922861758e-08	0.4802320852183829	537
4	64341001	66600491	0.0001116164894064	9.074265427405034e-09	0.2413108161344811	645	-0.0001556665197043	1.355066457898546e-08	0.1811387233172727	641
4	66600492	68059496	-6.0097271582916635e-05	4.392715280396736e-09	0.3645382829866062	473	9.500833193267092e-05	1.1231130767839631e-08	0.3699861578837637	471
4	68059497	68854764	-8.5756728470957e-06	2.8673857118476192e-09	0.8727634370062449	313	7.722939059096508e-05	9.53158862346426e-09	0.4289190365687939	311
4	68854765	71049151	3.3859100758955855e-05	4.395284111985168e-09	0.609547893577173	570	-3.2870910075990874e-05	9.488500555641073e-09	0.7357756470523527	566
4	71049152	72140557	2.6447681507058085e-05	2.9617899519030518e-09	0.6269876282728455	305	2.665513783357374e-05	7.924960664328412e-09	0.7646187787224772	304
4	72140558	74592389	2.9671311967627063e-05	5.145891303162158e-09	0.6791489947970941	632	0.0001087442982502	1.2353596439636073e-08	0.3278839393591153	630
4	74592390	77130706	8.282988262773265e-05	7.411544432779718e-09	0.3359854954347944	882	-3.078523282696674e-05	1.8270454919685865e-08	0.819836776499218	878
4	77130707	79093978	-3.1389072071245178e-06	7.985195895921432e-09	0.9719788182069924	875	-4.470359313804173e-05	1.8991174537543583e-08	0.7456433202703046	874
4	79093979	80990296	1.5778149838869594e-05	6.741185216208672e-09	0.84760822783725	658	4.38611374169675e-05	1.4421435615100317e-08	0.7149339518875276	656
4	80990297	82125314	-4.16403915859364e-05	4.355341357776129e-09	0.5280648953478568	310	-1.9031113007377552e-05	6.740953803240114e-09	0.816697469140958	309
4	82125315	83372592	5.92108315264214e-05	4.137981203952989e-09	0.3573302313344142	446	1.181572599673995e-05	1.0150096156823345e-08	0.9066378789521816	444
4	83372593	84799655	6.248992508616626e-05	5.334916564979419e-09	0.3922458726575925	599	-0.0001090332870639	1.2558470092215721e-08	0.3305779136762479	597
4	84799656	86930608	4.387077979721646e-05	6.15716821442868e-09	0.5760975579109041	726	2.693067520482971e-05	1.4381846196253165e-08	0.822318559225214	722
4	86930609	87534647	3.442534642350013e-05	1.468067810602306e-09	0.368933179289569	162	3.8720974700879465e-05	3.866639593026331e-09	0.5334811469948839	159
4	87534648	89238027	6.873442346739209e-05	6.493180902848235e-09	0.3936631036168825	696	-6.38839185917325e-05	1.6882988867947636e-08	0.6229581160512647	690
4	89238028	90231563	-1.2333376965262408e-05	3.98332900311749e-09	0.8450677155608282	384	5.932846109286678e-05	1.0867514500586072e-08	0.5692799340670178	382
4	90231564	91560676	-1.8764305276971747e-05	3.781628804993914e-09	0.7602627918758976	413	8.254292123480443e-05	9.636969185029365e-09	0.4004416581962762	411
4	91560677	94233298	4.219232415198043e-05	6.796274176802454e-09	0.6087928693712079	713	-6.166532639340029e-05	1.7659135852848394e-08	0.64261840437079	711
4	94233299	96182187	3.99413110395378e-06	6.27645698151925e-09	0.9597911961530852	728	-8.357371899101321e-06	1.8487038345371786e-08	0.9509879666128712	727
4	96182188	97540702	8.688739809013606e-06	5.8265228124391205e-09	0.9093735267629292	593	6.244441426158921e-05	1.59055226187632e-08	0.6205080500331934	591
4	97540703	99424066	9.395246659107336e-06	5.005094362079763e-09	0.8943505926915263	495	1.5004139529754925e-05	7.279888471883101e-09	0.8604097645609161	495
4	99424067	100678359	4.547793579609067e-05	4.827348532183697e-09	0.512754041288707	521	-2.9481432774874657e-05	1.1371665722811337e-08	0.7821927054281423	519
4	100678360	103221355	-0.0002944592706977	1.956853957089566e-08	0.035293871444764	962	8.918853402889108e-05	1.9661132449805146e-08	0.5247309427367286	959
4	103221356	105305293	4.748056548370327e-05	1.1184812484412738e-08	0.6534650763030252	604	-1.084913081336054e-05	9.938717305338402e-09	0.9133410756174308	604
4	105305294	107501304	1.2788192186258209e-05	8.63430842372308e-09	0.8905372864275962	721	-5.915831496399211e-06	1.3059951987460889e-08	0.9587151095647918	716
4	107501305	108815347	-1.010688153445055e-05	3.6845793029346287e-09	0.8677607730455413	409	8.146449921428903e-05	9.47626600638351e-09	0.4026745592460912	404
4	108815348	111256566	-6.828971053971529e-05	8.433113869732738e-09	0.457095802319136	922	-7.751147372320573e-05	2.1231416865697497e-08	0.5947557968713246	918
4	111256567	113870101	-2.064984763213067e-05	7.849495620744974e-09	0.8157030495753943	854	0.0001128013196747	1.9307237815884464e-08	0.4169009733391725	853
4	113870102	115666245	-1.1581645516130085e-05	6.815939824186874e-09	0.8884357959126271	703	0.0001495936694174	1.739587778114816e-08	0.2567102277082461	699
4	115666246	117276928	7.350817414234252e-06	3.6391448748463212e-09	0.9030154971663064	457	-6.485651897084726e-05	8.560659250089285e-09	0.4833211348150223	454
4	117276929	118479917	6.6859711420303e-05	4.100607890548532e-09	0.296441038312089	424	3.0286538570714103e-05	1.081497484657854e-08	0.7708750229369111	423
4	118479918	119933511	0.0001535761060371	7.590090065458077e-09	0.0779361824694531	503	8.181887662040415e-05	1.0711295634960012e-08	0.4292032694755815	502
4	119933512	120392683	1.178792545665576e-05	1.5516076854938606e-09	0.7647428560253221	185	2.3690816471515036e-05	3.38316681745362e-09	0.6837849684914538	185
4	120392684	122657986	4.039775303027699e-05	8.257535486679414e-09	0.6566365745738576	886	-1.112494438208816e-05	2.056885807975608e-08	0.9381702538743631	880
4	122657987	124286480	-4.122758174932448e-05	4.025391150279445e-09	0.5158174454720037	453	2.8137479284748003e-05	8.40349691474555e-09	0.7588881398811408	450
4	124286481	125210861	-4.795466128356805e-05	3.3871707880409158e-09	0.4099556550085645	327	1.8967337914536884e-05	9.452141384678656e-09	0.8453202867143425	326
4	125210862	126480885	-2.102802412344137e-05	5.215697757197909e-09	0.7709235452716023	471	-0.0002032552577227	1.5451752820950906e-08	0.1020213046148304	467
4	126480886	127275476	1.1431966776959267e-07	2.682841802099328e-09	0.9982389846957588	273	-1.0584738708887912e-06	7.029446275418585e-09	0.9899272487560014	272
4	127275477	127830292	-1.710175700977223e-05	1.980758063919492e-09	0.7007858588492626	200	3.0108039845433853e-06	5.143871784334244e-09	0.9665150285413764	200
4	127830293	128996664	7.772053334232648e-07	1.801289567382619e-09	0.9853896777657604	240	2.2726271158257556e-05	3.757136672243558e-09	0.7108119635359288	239
4	128996665	130591884	-7.997799233595235e-05	4.958737143265575e-09	0.2560587901146259	542	-6.439236313019012e-05	1.16835771490002e-08	0.5513583839066964	542
4	130591885	131283820	3.525807933951235e-05	1.942060212698082e-09	0.4236709681379796	222	7.49402085045441e-05	4.877696101459445e-09	0.2832624631889917	222
4	131283821	132954032	2.858611216892186e-05	4.405107005545506e-09	0.6666850832699133	450	2.3557501025043605e-05	1.2044018107360413e-08	0.8300353422618456	450
4	132954033	134628433	3.434407784336803e-06	3.880777589915039e-09	0.9560344418081924	477	2.5293407661513413e-05	9.125362315403132e-09	0.7911803034401048	476
4	134628434	136566406	7.940832469938813e-05	5.301324377576597e-09	0.2754396978582853	531	7.179490296933495e-05	1.1415236228462669e-08	0.5016015374077908	529
4	136566407	138541970	0.0001097828468137	6.921312927407227e-09	0.1869706948066997	659	0.0001156924459995	1.9819920584140482e-08	0.4112037549477068	658
4	138541971	139556510	-6.831882633620845e-05	4.246214410027057e-09	0.2944405403968527	425	4.54405565895513e-05	1.147944141862978e-08	0.671482209056475	425
4	139556511	141084630	-9.416075165958513e-05	6.640477968532602e-09	0.2478854094102663	607	-0.0001411335212197	1.7799572311963905e-08	0.2901223860704961	604
4	141084631	143443264	4.60632171311187e-05	7.923505667539393e-09	0.6048194548296766	846	9.516365131721375e-05	2.0680913136677515e-08	0.5081389833815935	845
4	143443265	146178186	0.0002274896808216	1.0965991600642836e-08	0.0298262767617731	654	0.0001500299343831	1.0171196932822794e-08	0.1368512451037038	651
4	146178187	148521872	0.0001623210052973	7.115623142933042e-09	0.054319502650641	735	-6.077384486632309e-05	1.8482755326437186e-08	0.6548558619960696	732
4	148521873	150683579	9.1241790382603e-05	5.922156180330002e-09	0.2357633902246255	638	-5.217274058473697e-05	1.4767479679235684e-08	0.6676836465021974	634
4	150683580	152782183	-2.0913545835835296e-05	5.0475957703207895e-09	0.7684794138841476	623	-0.0001484729430979	1.4217411531651353e-08	0.2130604151478107	620
4	152782184	154477640	8.53880343237745e-05	6.2390933028056846e-09	0.2796853972724602	609	-8.617352509432944e-05	1.6008231919995562e-08	0.4958168548839573	606
4	154477641	155056125	0.0001523214688554	2.460067997622618e-09	0.0021330401235633	245	1.205418353537856e-05	1.1885994937764077e-08	0.911960826965785	243
4	155056126	157485096	-0.0001487721709414	9.848530006189917e-09	0.1338428656718511	984	0.0001025496846128	2.7485670231214692e-08	0.5362068877233823	976
4	157485097	158743717	-7.890847882079748e-06	3.522629539761403e-09	0.8942324773087262	401	-1.0336201135221851e-05	8.424409261377951e-09	0.9103368240217312	399
4	158743718	161058863	1.083165372786465e-05	6.6952806329116974e-09	0.8946866265037152	626	-3.768880348175072e-06	1.2747986084717628e-08	0.9733712380729008	623
4	161058864	161826434	1.7819101512639874e-05	3.290824617696721e-09	0.7560873361266811	317	4.475818024425132e-05	9.262882346421247e-09	0.641895882263338	313
4	161826435	163243678	-3.948510454525323e-06	5.712976343732394e-09	0.9583375654032354	549	-0.000161897498387	1.5847955084488525e-08	0.1984300884438323	546
4	163243679	164478233	9.501096587200632e-05	3.9711733671895645e-09	0.1316318814005588	393	-5.481833040182855e-06	9.567580935651104e-09	0.9553072068627142	392
4	164478234	165823447	7.254769309873683e-05	5.34850468859797e-09	0.3212022670403875	528	-3.6245883266638645e-05	1.6172214022973932e-08	0.7756295174506835	525
4	165823448	167018857	-6.0761370003834615e-05	5.224211171891177e-09	0.4005418931123071	457	-6.008652427107741e-05	1.4670477499600849e-08	0.6198353585285533	455
4	167018858	167852916	1.2357130265259624e-05	2.427823177629461e-09	0.8019769721802184	234	-3.848327649226754e-05	6.077362264775268e-09	0.6215571262535893	234
4	167852917	169676824	-5.174099627760452e-05	7.0705420598904155e-09	0.5383364889153812	714	7.330320497490337e-05	1.9281886117746447e-08	0.5975716600668834	713
4	169676825	170776509	-1.2661275560552522e-05	8.456485739416255e-09	0.8904904091995287	377	-8.995701520849072e-05	1.123614672984831e-08	0.3960785553097107	373
4	170776510	172558634	-2.406299814831254e-05	4.709388123052888e-09	0.7258547861301619	520	8.310907641437284e-05	1.1955437004131912e-08	0.4472000474788642	518
4	172558635	174264131	1.8542756512735212e-06	4.261273520300865e-09	0.9773386253640736	463	-5.2191976566735026e-05	1.094941845877272e-08	0.6179350368554339	463
4	174264132	176570715	-2.7566209847011668e-05	8.958889407108193e-09	0.7708683118905973	762	9.371825477562724e-05	2.6535189032033274e-08	0.5650716480328	757
4	176570716	178991909	0.0001211246807504	1.4680045564969178e-08	0.3174565461525117	1009	-7.15268434530999e-05	3.1909157126759875e-08	0.6888501615651005	1004
4	178991910	180122042	-1.727108230204737e-05	4.174715373893251e-09	0.7892347942936728	408	8.872889819897594e-06	1.1860011255995328e-08	0.9350644790561572	406
4	180122043	182066806	-3.7107564349317755e-05	1.1782658435716586e-08	0.7324606864102365	965	0.0004024589468604	3.5099616852580186e-08	0.0316995650734889	955
4	182066807	183371274	0.0001149705852971	1.0845581505446937e-08	0.2696027890154201	827	0.0001379340580429	3.3127668476991256e-08	0.4485482843197873	823
4	183371275	184929454	-3.049004564079818e-05	9.703570743759404e-09	0.7569240659173625	695	0.0002302938402508	2.9475217021441783e-08	0.1797951136600299	691
4	184929455	186909089	7.973562576173866e-05	1.2459769173509028e-08	0.4750246518604148	1029	-4.207662330247829e-05	3.458263275903668e-08	0.820997557693438	1023
4	186909090	188472980	0.0001268538036704	8.577232674426493e-09	0.1707761932648994	730	0.0001585408922179	2.5687350001474313e-08	0.3225680408391558	728
4	188472981	189693510	-2.1026472913822098e-05	6.888499280551834e-09	0.8000053293129005	520	4.0353554674109694e-05	2.0742635386987025e-08	0.779333124698614	515
4	189693511	191043593	5.886318489172524e-05	4.464444073808161e-09	0.3783352175134702	391	-1.26167925024085e-05	1.2623332709826117e-08	0.9105891931610766	387
5	11940	982251	-1.7264899361134112e-05	2.901126022170418e-09	0.7485598401762603	296	2.2755089726836172e-05	7.148372105128138e-09	0.7878235101850773	292
5	982252	2132441	-1.897430956819181e-05	8.443936520083569e-09	0.8364102260139659	585	2.1963512126309675e-05	2.5934037680256485e-08	0.8915169034844148	582
5	2132442	3361940	-9.02675160248448e-06	1.1355846242598177e-08	0.9324939525700716	933	7.787122678852538e-05	3.3289928221684284e-08	0.6695277435372544	932
5	3361941	4632109	4.368049098952759e-05	7.038023972976302e-09	0.602597022893328	614	-0.0001126769820918	1.9187879298040507e-08	0.4159699203514962	613
5	4632110	5973232	7.757343423274503e-05	9.278976437159498e-09	0.4206409297767657	792	-2.1681587965502723e-05	2.6415246835040272e-08	0.893875121374137	789
5	5973233	7143217	3.623877429288491e-05	7.496767388468422e-09	0.6755526909812439	659	-8.55512964976675e-05	2.1111593686863573e-08	0.555997006033004	655
5	7143218	8446335	1.1762239235451638e-05	7.014969733511151e-09	0.8883158590213518	676	5.82280074989724e-05	1.9438549902438032e-08	0.6762118161447608	671
5	8446336	9718831	-0.0001034690728885	7.59242175116338e-09	0.2350447096613245	705	1.0847853679907016e-05	2.0922556288865663e-08	0.9402181217540176	701
5	9718832	11173270	1.678820423906959e-05	9.414528349179812e-09	0.8626329974000204	843	-0.0001068970246934	2.498308359130264e-08	0.4988470201556412	842
5	11173271	13464831	-5.137325733445515e-05	6.690149121885116e-09	0.5299475176601426	692	-4.404152240466032e-06	1.6765523055404425e-08	0.9728662327167832	689
5	13464832	14757803	3.6664449373641285e-05	6.682233721428071e-09	0.6537760755051054	676	8.146827317513148e-05	1.6966414809403695e-08	0.531674929150658	674
5	14757804	16963612	8.414507109819373e-06	8.532307074394672e-09	0.9274169550531084	838	3.643647499780624e-05	2.426619406543347e-08	0.8150603971390166	834
5	16963613	18051591	-3.685414929426394e-05	3.948440384711223e-09	0.5575344974407062	324	5.2757354526423934e-05	1.2846701468351784e-08	0.641598369992364	320
5	18051592	19917715	1.800110030933159e-05	6.357186588694837e-09	0.821380173825982	666	-4.743826908501455e-05	1.584375284147875e-08	0.7062649046084679	666
5	19917716	22152072	-5.888150031029731e-05	5.221567377550659e-09	0.4151573662830693	557	-0.0001047400661966	1.2978574934814106e-08	0.3578921007320316	553
5	22152073	23494323	8.422128307350839e-05	4.384985535544071e-09	0.2034244669143133	490	5.760080254618422e-07	1.0104104506126013e-08	0.9954278833263924	490
5	23494324	26184850	-1.6978714915843612e-05	8.520201972734408e-09	0.8540592988862249	840	1.4735092889817885e-05	2.2044131425920096e-08	0.9209441553010234	835
5	26184851	26857603	-1.8530686021056525e-05	2.0256567197093073e-09	0.6805400711793186	202	-1.060008048427028e-05	5.240086627612304e-09	0.8835793198005326	201
5	26857604	27984512	5.456018135436321e-05	6.432310826686872e-09	0.4963226332371131	293	-5.0455192298997144e-05	8.872298957087333e-09	0.5921947765547326	290
5	27984513	29714819	-3.7153886004213086e-05	4.834134837248569e-09	0.5930831909795109	505	8.231121257232665e-05	1.1964674312739048e-08	0.4517482897250934	500
5	29714820	31390248	-2.4990422536205194e-06	7.165704683703395e-09	0.9764483614725488	687	-9.381232040793292e-05	1.9016644767782708e-08	0.4963220012870368	682
5	31390249	33500179	0.0001533715387148	1.1079541382830882e-08	0.1450938487246262	941	0.0001276120858272	3.0741395466757645e-08	0.466717590137978	938
5	33500180	35048969	8.41228815670618e-06	7.257371971791395e-09	0.9213390533216734	642	0.0001574948422295	2.0432704963210755e-08	0.2705479291503158	641
5	35048970	36433953	7.634519803756119e-05	5.472804285565759e-09	0.3020753792054764	544	4.60913532139159e-06	1.4360069005547971e-08	0.9693186697207218	543
5	36433954	38802409	2.025301552532189e-05	9.419370631064044e-09	0.8346988325991564	864	3.5275917667297664e-05	2.4647199455421385e-08	0.8222161029260819	860
5	38802410	40287728	-6.678180229021693e-07	5.826288201306647e-09	0.9930193369639048	617	-8.294577195474436e-05	1.4717615043453638e-08	0.4941547263329733	615
5	40287729	41888709	-2.5345506021800195e-05	5.419542795910515e-09	0.7306310459532832	623	-1.5922040276673745e-05	1.3022101604301311e-08	0.889033741516673	619
5	41888710	43983498	1.8783457016159172e-05	3.835484811201836e-09	0.7616649812562888	491	-3.909067218460098e-06	8.074915336201367e-09	0.9653017754374228	491
5	43983499	50163397	5.570809303137362e-06	4.663721672571224e-09	0.934985444272938	563	-2.6773222967855794e-05	8.703142934872864e-09	0.7741220858510005	561
5	50163398	52134621	-7.926626629496549e-06	6.068082948913867e-09	0.918949863772876	643	-0.0001160833648658	1.5683928533344718e-08	0.3539677308694692	641
5	52134622	53703043	3.6174398868314574e-05	7.029909992274314e-09	0.6661441133130432	701	0.0001054698687481	1.9145158832652106e-08	0.4459092534520662	697
5	53703044	55417348	4.4315477437304425e-05	6.596738170880245e-09	0.5853267176293724	706	-6.71360062197762e-05	1.5124861646306117e-08	0.5851375274492974	701
5	55417349	56621101	4.66737363166437e-05	6.360761747820123e-09	0.5584008456960305	564	6.408697185024711e-05	1.629829450786541e-08	0.6156716240897445	564
5	56621102	57340072	4.442715269743987e-05	3.1718039011952253e-09	0.4301987411303941	313	-9.362272178476015e-05	8.088164075632571e-09	0.2978693664205828	312
5	57340073	58524621	8.81124051154536e-06	8.602768969898855e-09	0.9243158136916187	631	2.6126949924830883e-05	1.686101235391322e-08	0.8405353402747868	627
5	58524622	60935906	0.0005072013629801	1.884564728651059e-08	0.0002201782354747	774	0.0001640972528453	1.6332635114967922e-08	0.1991335172465936	770
5	60935907	61672994	4.2031778100464e-05	2.7579299546806302e-09	0.4235014260948667	297	-3.851522304321909e-05	7.061502087936844e-09	0.6467111390856339	297
5	61672995	63218986	5.57012370676268e-05	5.0400118568821895e-09	0.4326873272785543	568	1.4822295268350612e-05	1.1512670588284042e-08	0.8901277699692591	564
5	63218987	63968303	8.172926123457234e-06	1.8199539703336158e-09	0.8480721767954167	205	1.9014431158086816e-06	3.748296715182288e-09	0.9752236912400168	205
5	63968304	65911285	4.739569544950926e-05	6.899431188132707e-09	0.5682703828460948	721	2.1319343386343977e-05	1.690629742372272e-08	0.8697591667479488	719
5	65911286	67850859	6.77862317006379e-05	9.188343191795524e-09	0.4794617911843812	871	-2.2406838288986023e-05	2.486080849613388e-08	0.8869935546555665	863
5	67850860	71240455	2.4734530354344985e-05	5.339033721495738e-09	0.7349784027990217	555	0.0001097160644578	1.2778754829397173e-08	0.331763465727485	547
5	71240456	73759325	0.0001396320212387	1.1537982443210125e-08	0.1936248375150386	1142	5.9739243407193894e-05	2.8900024764295264e-08	0.7252829088953019	1139
5	73759326	75798865	2.332377243420497e-05	7.928804467721214e-09	0.7933709003950072	800	4.9821517843641e-07	1.9775929092116592e-08	0.9971732483176096	795
5	75798866	77623331	5.444719194239337e-05	9.125972395930602e-09	0.5687123649563438	836	-1.2915634562897033e-05	2.3375287780434682e-08	0.9326773770373188	833
5	77623332	79393143	7.838855072444873e-05	7.755074046342376e-09	0.3733892387397348	739	4.0323755707665106e-05	1.9312574773489876e-08	0.7716921269902546	735
5	79393144	80481470	-6.192456860608446e-05	5.958577973949527e-09	0.4224276415669118	521	-4.7607712882453176e-05	1.581632572748034e-08	0.705021237153715	520
5	80481471	82025647	-2.3109877630338627e-05	6.2175316209584524e-09	0.7694597338336588	591	8.277329805772385e-05	1.589706875759423e-08	0.5115053815153111	589
5	82025648	83972688	8.139905782465743e-05	7.4193350181362685e-09	0.3446532343172837	621	0.0001000816429492	2.0663222945948815e-08	0.4862821301062237	620
5	83972689	85767289	3.336014346408956e-05	5.879924699851378e-09	0.6635240595605156	625	-7.876053611648539e-05	1.459707018772106e-08	0.5144706871696305	621
5	85767290	87389990	-5.3419734548432304e-05	3.0319929917131654e-09	0.3319731308905337	314	-6.222751734930948e-05	8.215242068018617e-09	0.4923662255807465	312
5	87389991	88891529	0.0001607910699769	7.890257922018144e-09	0.0702713912888859	355	2.4686443957480764e-05	7.3003985469088555e-09	0.7726387067717996	354
5	88891530	90422653	4.328896514431146e-05	6.4424087651327295e-09	0.5896604684296681	485	2.7144171258339124e-05	1.4283232718367998e-08	0.8203271993936225	484
5	90422654	91840541	-2.1884385524633877e-05	4.049530051635123e-09	0.7309215705038428	327	-8.854871330006184e-06	8.788597233254627e-09	0.9247481555469214	327
5	91840542	93809983	2.114583084696035e-05	7.606154954197774e-09	0.8084228528623207	486	0.0002840902450724	1.9274633743280792e-08	0.040729666689313	485
5	93809984	95963518	0.0002036062852698	8.129081378351073e-09	0.0239305876114323	800	0.0002695691977606	2.0547929743005043e-08	0.060032365713168	794
5	95963519	97315600	-1.1781668964047435e-05	4.543196791831203e-09	0.8612416546956732	488	6.779585105614331e-05	1.0865927700280793e-08	0.5154443425871866	484
5	97315601	99260991	-7.89105185223223e-05	5.456022797000235e-09	0.2853812367275414	599	-4.80620304968888e-05	1.8370720039636675e-08	0.7228890962855211	598
5	99260992	101578768	1.476186795132704e-05	5.571733597145947e-09	0.8432301031213565	634	-1.4606497384374227e-05	1.3010500096838325e-08	0.8981048526280464	630
5	101578769	103320004	4.466887982662147e-05	5.2248598315343315e-09	0.5365947884874683	560	0.0001398106494665	1.0904147504787004e-08	0.1806069910878679	555
5	103320005	104851482	0.0001725593265932	5.559140964656262e-09	0.0206469085040862	505	0.0001424195019982	1.1719588777914248e-08	0.1883191052384648	501
5	104851483	105893054	1.9787451910494945e-05	2.248739972761139e-09	0.6764787574185616	228	2.435940032899464e-05	5.812627115182724e-09	0.7493420932732568	228
5	105893055	107264195	0.0002407711013506	1.2198919070486066e-08	0.0292622279712071	631	0.0001027138959564	1.9871661067766823e-08	0.466222819526524	629
5	107264196	108633933	4.8630171657943414e-05	6.560365709245968e-09	0.5482386800553019	467	-5.608267882493554e-05	1.2725486331975496e-08	0.6190799587289868	467
5	108633934	110821143	-1.1167701881096836e-05	7.121661709488341e-09	0.8947197055344759	752	-8.97628030655264e-05	1.7391067745918715e-08	0.4960836234690419	751
5	110821144	111981561	-8.461285441101298e-06	5.029204852673151e-09	0.905027620159034	472	8.004928057200388e-05	1.3725480061273408e-08	0.4944349464404897	470
5	111981562	113396284	5.309165928092162e-05	5.791857596716178e-09	0.4854164400483158	605	-3.119317589071775e-05	1.41026811096972e-08	0.7928057447657602	602
5	113396285	114830369	-1.6933710408658603e-06	6.134840789319094e-09	0.982751286436442	611	-2.9565933832448444e-05	1.5924265600197894e-08	0.8147564389891266	610
5	114830370	115831046	-6.208755124614139e-05	4.9804001782953655e-09	0.3789803381065081	506	1.45239740425424e-06	1.2154723151382484e-08	0.9894890873238824	504
5	115831047	117346212	8.886561856828066e-07	7.066034576365808e-09	0.9915651403410476	648	6.385845057624347e-05	1.9004640097642522e-08	0.6432057264202505	644
5	117346213	118608819	5.838637343646539e-06	4.547529235300926e-09	0.9310043862247116	440	-0.0001778540042308	1.15258824908641e-08	0.0975935069297382	439
5	118608820	119669041	7.621206895625026e-05	4.2627256772664415e-09	0.2430918713703564	386	0.0001743809285021	9.8872644976619e-09	0.0794780435366878	386
5	119669042	120452165	9.912553131684565e-05	2.8142268928422167e-09	0.0616846986206016	276	0.0002339949792173	1.4548981923484413e-08	0.0523859294753484	273
5	120452166	122556904	5.0875155877302056e-05	7.97661293986209e-09	0.5689254378227977	785	6.67042457293508e-05	1.9686245097885666e-08	0.6344918653944707	784
5	122556905	123798099	-1.242887477459338e-05	5.229539356058856e-09	0.8635397266700359	508	1.4040276856922114e-05	1.355653276914892e-08	0.9040179755631628	506
5	123798100	125785648	9.186218843154982e-05	2.0834312178574315e-08	0.5244994767631204	953	0.0002059835971427	3.0798118713879196e-08	0.2405006574756973	949
5	125785649	127344603	-7.662968856690398e-05	5.007235082638385e-09	0.2788420573146504	511	-0.0001128410777989	1.2040416623555286e-08	0.3037790776152229	508
5	127344604	129519024	2.4864617978721985e-05	6.9442795594184065e-09	0.7654139470952961	766	3.558362747276271e-05	1.6138231118632602e-08	0.7793962598270674	762
5	129519025	132139648	-1.0715904011327996e-05	5.825995220970479e-09	0.8883499228821672	698	-8.079142404144103e-05	1.1280364360854597e-08	0.4468464430275422	697
5	132139649	134777400	0.000152572109992	1.2083960616830993e-08	0.1651555015888077	1051	-3.892150908163412e-06	3.347664384058065e-08	0.983028273571021	1044
5	134777401	136376049	-6.374143200255527e-05	6.0465777610493055e-09	0.4123741708458731	682	-0.0001066177437741	1.465201085295802e-08	0.3784221645736656	678
5	136376050	139265071	0.0001472483679263	1.1877875902460148e-08	0.1766697746032888	834	6.825218987037464e-05	1.6313964026776093e-08	0.5930900205319684	832
5	139265072	140645970	0.0001348683313787	3.878048638578793e-09	0.0303321889133255	452	0.0001632641034571	1.0025408289740734e-08	0.1029809045879231	449
5	140645971	142981247	-2.4481513709818873e-05	1.2104474521614836e-08	0.8239106031302017	1095	-0.0001312494209964	3.2668625366802075e-08	0.467741055672101	1089
5	142981248	144943353	-1.701149240996864e-05	6.652732347701751e-09	0.8347874755617096	736	-7.781190558489671e-06	1.5913188135410868e-08	0.9508150559967018	733
5	144943354	147181997	9.513153956950096e-05	8.408182271723539e-09	0.2995191855615603	844	-1.050922651387178e-05	2.1219241994130592e-08	0.9424865699124754	841
5	147181998	148662623	7.369306628653476e-06	6.005492277501092e-09	0.9242403020173646	632	0.0001028205084237	1.3660777561517385e-08	0.3790136775217134	630
5	148662624	150561297	3.9355307471717336e-05	1.0775728240529242e-08	0.7045966166406374	979	-3.177683619122783e-05	2.9028139369379334e-08	0.8520451967729636	974
5	150561298	152867773	8.564277153863374e-05	1.1352819129764645e-08	0.4215222695470654	975	8.220444469468814e-05	2.2253770117471328e-08	0.5815972298603809	972
5	152867774	153773087	0.0001530296858178	1.0061128919515581e-08	0.1270993144975832	473	0.0001223413879675	1.1392743103394565e-08	0.2517136668361071	471
5	153773088	155373504	5.897823894238574e-05	6.731792197024446e-09	0.4722454096567321	645	5.71199820777778e-05	1.7562911512126646e-08	0.6664593246137394	644
5	155373505	156628699	0.0001618383494266	5.956149718150745e-09	0.0359934868581619	445	0.0003444866325912	1.8176854226750992e-08	0.0106148125857227	442
5	156628700	158825697	0.0002443228287763	9.537330922789088e-09	0.0123567658426149	982	-0.0001419326459455	2.3940594443361617e-08	0.3589816502369897	980
5	158825698	159973943	6.23882101998641e-05	5.708948118052412e-09	0.4089719254378425	470	-6.041437364193678e-05	1.6409547432671514e-08	0.6371982334580402	468
5	159973944	161482132	-3.164480011615835e-05	5.715212093001686e-09	0.6755176788516528	602	-6.613743258315161e-05	1.4613066949074857e-08	0.5843014385380623	599
5	161482133	162743907	0.0001073998835918	6.657048461908635e-09	0.1880651645927069	427	5.1353772228956725e-05	1.1223719402739903e-08	0.6278646751837084	424
5	162743908	163771581	-5.471723792087445e-05	4.457186621525944e-09	0.4124529902555159	431	1.962757360154597e-05	1.1851256067315808e-08	0.8569207393687206	429
5	163771582	165642394	2.9962684188368415e-05	7.119124104542811e-09	0.7225044089752022	650	-0.0001078697666864	1.9097739415904483e-08	0.4350587180626395	646
5	165642395	166847739	4.7639806937998174e-05	7.053326013580081e-09	0.5705456647303995	470	-0.0001225897902344	1.6459903284290322e-08	0.3393138168059121	467
5	166847740	168525317	0.0001235131259976	1.0301880551775572e-08	0.2236423004820296	858	-0.00017116326522	2.9596813446476768e-08	0.319775259431625	854
5	168525318	169505663	0.0001865689437729	6.093999778789226e-09	0.0168508382068505	546	9.702778235318192e-05	1.7080166175001164e-08	0.457832494885902	545
5	169505664	171074291	0.0003128901960068	1.0032719536100934e-08	0.001785343866149	765	-0.0002130769115658	2.2663588794633343e-08	0.1569580674432932	761
5	171074292	172678326	-0.0001263127910936	8.980785938819641e-09	0.1825720855160083	770	5.919864493949936e-05	2.4115037693224893e-08	0.7030451443599481	770
5	172678327	173642870	-6.783590973369788e-05	6.772291692798449e-09	0.4097620823290705	549	2.3249585803894776e-05	1.941920727999501e-08	0.8674961588210827	546
5	173642871	175450594	5.498244066040187e-05	1.2404102238421657e-08	0.6215355545709926	928	-7.99206212879026e-06	3.7625005704544436e-08	0.9671346878497143	922
5	175450595	177251506	5.5183486882098816e-05	6.406873671952598e-09	0.4905568236143892	495	-0.000131170877093	1.3855526909132866e-08	0.265124352835306	494
5	177251507	178413463	4.947439485504446e-05	6.775563867030972e-09	0.5478092950560591	527	-1.766920397612185e-05	2.0372140099803752e-08	0.9014785944460164	521
5	178413464	179401243	-3.771436428755333e-05	6.396267580371312e-09	0.6372358286304236	448	-2.2909231037938063e-05	1.4827496052015665e-08	0.8507684458826006	448
5	179401244	180559932	6.648674919349889e-05	5.6627069409762404e-09	0.3769480523607041	440	4.8529893065870336e-05	1.622244597609494e-08	0.703186198986393	438
6	73924	1452361	3.4768468872008205e-05	9.190562262663412e-09	0.7168496079235526	765	7.04530654665635e-05	2.7862925494251532e-08	0.6729724680669338	748
6	1452362	2458935	-2.4294159691383995e-05	5.199107297048605e-09	0.7361709504463598	491	-5.23329214431045e-05	1.5221573701335153e-08	0.6714380965293176	488
6	2458936	3573592	0.0001425050350686	7.1655021408315164e-09	0.0922830079058606	672	4.605767506537751e-05	2.0762811225419076e-08	0.7492424692267736	669
6	3573593	4617816	7.58926981741527e-05	6.2126977415971035e-09	0.3356214179148067	606	1.0851526591137832e-05	1.791038629869663e-08	0.9353746751760976	602
6	4617817	5791471	0.0002250740565449	6.884220232902041e-09	0.0066742157670527	673	-4.644330251993966e-05	1.985550613044797e-08	0.7417048549418417	672
6	5791472	6785206	-4.69249705699716e-05	7.610642874123535e-09	0.5906531064172629	668	9.116055179597858e-05	2.3059591618028545e-08	0.548294533071289	664
6	6785207	7808935	1.5701784788505785e-05	6.284394260129035e-09	0.8429907932810778	577	0.0002272293142021	1.7982520024701382e-08	0.0901721575592939	575
6	7808936	9020025	6.305773538127042e-05	5.152233066940015e-09	0.3796736956484362	569	-6.725246656705379e-05	1.3670012401919128e-08	0.5651516670752321	564
6	9020026	10540316	-1.9942324713076912e-05	7.610754696180261e-09	0.8191856773081048	706	-4.192808534690961e-05	2.2665002084920888e-08	0.7806276054785352	702
6	10540317	11790815	1.0753071688220036e-05	5.911458832041299e-09	0.8887727223193042	610	-5.9572733809709155e-05	1.6312733570277412e-08	0.6409095226888807	608
6	11790816	13209387	-5.059292371111732e-05	6.660844107241163e-09	0.5353203303729009	676	9.484897858885564e-05	1.915842220622849e-08	0.4931824498732939	673
6	13209388	14802923	-4.985280449626019e-05	7.282814658198026e-09	0.5591052952807708	788	-0.0001756898843387	3.5328904147400304e-08	0.3499324634917637	784
6	14802924	17386404	-4.397870972318002e-05	1.2500934618852324e-08	0.6940662861229947	1147	7.64685496968444e-05	3.4578608101723776e-08	0.6809078427029048	1141
6	17386405	19207486	-3.7301924498986555e-05	1.0258000213428268e-08	0.7126507108525048	775	2.810277111212903e-05	1.8056532698669552e-08	0.8343408806130742	771
6	19207487	21684064	0.000180839964181	1.6632121207308202e-08	0.1608452868779261	1154	2.153059701025436e-05	3.6490380930168344e-08	0.910259562638135	1151
6	21684065	22748306	-1.6457403021553093e-05	6.632511396160532e-09	0.839854558049784	581	-3.733336206964368e-05	2.0182679113594877e-08	0.7927129754438784	578
6	22748307	23936618	8.972289243910327e-05	6.470767381597025e-09	0.2646848451392999	573	0.0001175010895711	1.9431509456615316e-08	0.3992707271603715	568
6	23936619	24852274	-7.761981411697197e-06	5.038041265954837e-09	0.912920306675567	462	8.952760735318275e-05	1.4995058450684726e-08	0.4647117894674949	457
6	33236497	35455755	5.8062374489520795e-05	3.660801953260033e-09	0.3372382844094207	436	8.564455430937486e-05	7.614394763489687e-09	0.3263554184143447	432
6	35455756	37572595	5.409343512394953e-05	1.2727479244172629e-08	0.6315949423582892	954	-8.816239632352563e-05	2.4858384619722623e-08	0.5760430065978905	951
6	37572596	39295676	6.207378017171314e-05	8.357336628768011e-09	0.4971334320674326	843	-8.441555106488065e-05	2.36722512115488e-08	0.5832393390012287	840
6	39295677	40345114	-1.4309797270141714e-05	4.058021787736076e-09	0.8222636893418909	465	-8.500660544117836e-05	1.0564699601796965e-08	0.4082169990984651	463
6	40345115	42038720	0.0002167405686192	9.404767829025284e-09	0.0254211864903368	830	0.0001456532884262	2.2367172468383984e-08	0.3301057649349582	824
6	42038721	43756168	0.0001262543815555	7.730170581693181e-09	0.151004712104349	566	0.0001385877704123	1.5586227884844525e-08	0.2669644237539891	563
6	43756169	45406562	-3.888310724307994e-05	7.189174513826636e-09	0.6465309930431558	673	-3.1776743341564702e-06	1.8964009413295496e-08	0.9815903374862758	671
6	45406563	47311897	0.0001524559835629	9.575544011591773e-09	0.1192372515098097	866	0.0001447892735783	2.4040685890989347e-08	0.3503969828448295	865
6	47311898	48391124	2.9302942665526857e-05	4.624605010798866e-09	0.6665429458758394	424	3.449031682108363e-05	1.2550852305663451e-08	0.7581849210577797	420
6	48391125	50386144	6.903386723575832e-05	4.868198938462962e-09	0.3224606353086494	626	7.478374553309738e-05	1.2113490583026604e-08	0.4968378568813738	614
6	50386145	52210475	1.8824211436690887e-05	6.208510226799086e-09	0.8111801643272893	724	-0.0001401309945249	1.6286599156511277e-08	0.2721860965847844	722
6	52210476	53279101	2.055629440096722e-05	4.8258134802983484e-09	0.7672988552145437	516	-2.6692222390626003e-05	1.3225246768150388e-08	0.816457147887008	511
6	53279102	55468269	-3.670114015980434e-05	8.635994463092565e-09	0.6928923655844021	1012	-4.2813185056393486e-05	2.3103397543881615e-08	0.7781970480272268	1007
6	55468270	56105312	2.110979551730938e-05	1.876779433792996e-09	0.6260608553843512	242	2.083188549666402e-05	4.689348490976305e-09	0.7609685261280558	242
6	56105313	57599464	7.66455830212698e-06	3.3717171691864542e-09	0.8949872650044397	407	5.584237659814788e-05	8.026123511272347e-09	0.5330743406427554	403
6	57599465	61880511	1.893934827426547e-05	1.2847604261209912e-09	0.5972292127682585	198	-4.000864501157724e-05	2.843430193521557e-09	0.4530765274354709	194
6	61880512	63552887	-6.24012741360592e-06	3.0844278747575323e-09	0.910539114995017	421	-7.105167141979043e-05	6.8576174919239525e-09	0.3908920463577536	418
6	63552888	65765741	5.632674690097118e-05	4.049429540535937e-09	0.3760747761865152	550	2.013999023022238e-05	8.167418295952842e-09	0.8236505674743864	549
6	65765742	67329214	8.889939140256652e-05	5.335000122791175e-09	0.2235605110806504	616	0.0001709662980022	1.3984757358883262e-08	0.1482568256445344	605
6	67329215	68849482	-4.223361556262692e-05	5.3634197600614134e-09	0.5641534216128445	595	-5.859420314618329e-05	1.4971308714849483e-08	0.6320255138624189	592
6	68849483	69523447	0.0001178987106656	3.898563945545514e-09	0.0589940115843587	256	0.0001267022873066	6.538838864148385e-09	0.1171440926159885	255
6	69523448	71609509	3.183498771338661e-05	7.222852176443221e-09	0.7079691683051479	867	-4.198718906569305e-05	1.8155720119135717e-08	0.7553376562322394	863
6	71609510	73450096	-2.2753121141119008e-05	9.243429349094313e-09	0.8129207566173887	728	6.603111635654673e-06	1.9738663376780803e-08	0.9625139251818704	724
6	73450097	75462002	4.337428475350397e-05	5.9951266528348e-09	0.5753517886075139	692	0.0001142175366848	1.5716633741902493e-08	0.3622570807080428	684
6	75462003	77414880	6.832985803352107e-06	4.903686128603104e-09	0.9222678809804528	564	4.5786688664392824e-05	1.2030321838461563e-08	0.6763519970985739	563
6	77414881	78957727	3.789572043473667e-05	4.5832412341072486e-09	0.575641437256049	578	-2.5874351615702513e-05	1.1844868778378e-08	0.8120818698719772	575
6	78957728	80691169	4.817991155930664e-06	6.3015625925034006e-09	0.9516033430388716	707	-0.0001108474210342	1.6088968758505377e-08	0.3821729889346842	706
6	80691170	81929221	5.018929383995685e-05	3.270272143007087e-09	0.3801361210405893	447	3.4354935574927585e-05	7.895436942916267e-09	0.6990265168666947	442
6	81929222	83127148	8.648950791731158e-05	3.4169707704820142e-09	0.138981416900295	407	2.6809980249949493e-06	9.010674289364223e-09	0.977467977618752	406
6	83127149	85209988	6.822421313517092e-05	5.214374991716973e-09	0.3447637460326958	646	1.708145597417442e-05	1.3147783775434933e-08	0.8815773617280556	646
6	85209989	87069499	0.000101428841535	5.8366633841103806e-09	0.1842982629169239	704	0.0002328761472124	1.3346740265739837e-08	0.0438257677135431	702
6	87069500	88822139	1.4400398964957804e-05	1.7540724377361373e-08	0.9134163734619736	655	-7.359028046053476e-06	1.3124319883374924e-08	0.9487818928500544	653
6	88822140	89973051	2.5302796471476303e-05	5.083039276477543e-09	0.7226640247750808	496	-4.3304328909213495e-05	2.5802206142519257e-08	0.7874761177679942	491
6	89973052	91843195	4.997547835290168e-05	8.475346141029079e-09	0.5872344651070676	848	4.906697606083059e-05	2.3985628282638345e-08	0.7513795483929879	847
6	91843196	93428643	0.0001030419654867	9.954868710067087e-09	0.3017196144749431	553	-0.0001468931101909	1.6246209144020293e-08	0.2491325927564801	551
6	93428644	94118141	4.306584659376683e-05	5.786746066607146e-09	0.5713057589969209	349	9.891063431356877e-05	1.0368205591340494e-08	0.3313568246256568	348
6	94441175	97093510	1.9127924808714003e-05	6.877455290595898e-09	0.8175865102849202	781	5.275511216794965e-05	1.8105557602995593e-08	0.6950098376260552	778
6	97093511	97842283	2.9438109454135057e-06	2.294720180894336e-09	0.950998223411128	280	-2.2318184907999376e-05	5.958718758557686e-09	0.7724873624765156	277
6	97842284	100630145	7.103032856738844e-05	8.40628378854401e-09	0.4385082593049056	929	0.0001875148900778	3.2349300953788557e-08	0.297149619090714	921
6	100630146	102636771	4.429138930819126e-05	5.479347161975341e-09	0.5496067891465701	609	-5.221721992666638e-05	1.340473087062968e-08	0.6519834455668354	606
6	102636772	103983394	2.8557966332736727e-05	3.4847117829721072e-09	0.6285452242706654	419	3.9704074688815846e-05	9.290435357755347e-09	0.6803951637649492	416
6	103983395	106056732	-3.0197299292364383e-05	6.6394662475586e-09	0.7109379582233293	776	-1.935138000866905e-06	1.7727812137684893e-08	0.9884039750031434	771
6	106056733	107450305	5.744489226365417e-05	7.953514826783697e-09	0.5194927295809333	710	-7.169378968596661e-06	2.3921308692233555e-08	0.9630279420895056	703
6	107450306	108464379	-7.141147661517514e-05	3.8994749449264926e-09	0.2527996136821626	395	-9.990552987144108e-05	1.1169670828411971e-08	0.3445060913250467	394
6	108464380	110304246	1.713506372461908e-06	5.683896853954935e-09	0.9818671820081876	619	-2.525185524458989e-05	1.0799284150639895e-08	0.8080099342206214	615
6	110304247	112345013	3.099836134642389e-05	9.145926261031496e-09	0.7458364174756991	700	-0.0001807699266914	1.590910173562025e-08	0.1518039397127519	694
6	112345014	114220832	5.8749399043647446e-05	1.2139118368540793e-08	0.5938783879972367	734	1.5217864336585655e-05	1.7315411681764992e-08	0.9079316945960464	733
6	114220833	116131395	9.575410733605788e-06	5.0047833055397175e-09	0.8923335497616813	587	-0.000183856179683	1.4727887977506822e-08	0.1297765007312292	585
6	116131396	117672971	-3.461650535445798e-05	4.492817129854969e-09	0.6055438307149168	550	0.0001794123240241	1.1398377849418311e-08	0.0928659190084404	546
6	117672972	118963114	-3.297550103706179e-05	3.8047987407290535e-09	0.5929293749064796	436	-8.877385785496661e-05	9.867747757280742e-09	0.371499698539577	434
6	118963115	119963277	-7.072031485352349e-05	4.640853754192405e-09	0.299216766097238	372	-0.0001422265971108	1.2257688387616449e-08	0.1989231911884941	370
6	119963278	120512127	-2.51812537434774e-06	1.7017645842775561e-09	0.951325888503428	199	-3.502947947755087e-05	4.659653868494034e-09	0.6078360492674442	198
6	120512128	121905675	-8.129987631642819e-05	8.722983933889553e-09	0.3840397305019669	454	-1.0139952955865829e-05	1.659240494403924e-08	0.9372558871007836	452
6	121905676	123856180	2.556660059160024e-05	6.418256565271472e-09	0.7496297085303201	729	-5.1456838857644734e-05	1.7221440928927336e-08	0.6949766446737112	726
6	123856181	125424382	2.1238111559004868e-05	8.417887834318923e-09	0.8169415665275617	708	-5.807050012500506e-05	2.5116526859144023e-08	0.7140538359603479	702
6	125424383	127540460	-2.2859595952662726e-05	4.384895520808523e-09	0.7299331808374844	538	-1.205019691570677e-06	1.0724884782032289e-08	0.9907161505795286	535
6	127540461	129861030	3.617122844567219e-05	6.291112803710684e-09	0.6483637930132606	728	7.61991149958451e-05	1.780402273818128e-08	0.5679508465204943	728
6	129861031	130935453	3.2162779082675334e-05	5.795086030815199e-09	0.6726622940041483	543	2.387659246495206e-05	1.543707672071935e-08	0.8476075799535939	540
6	130935454	132765668	-1.5676133569335338e-05	6.774683287811762e-09	0.8489518884556053	690	-0.0001133101607422	1.941205531056557e-08	0.4160650515891327	684
6	132765669	134244242	4.1982045649971425e-05	6.286746782313489e-09	0.5964716251767188	700	-7.127968736379435e-05	1.72925830427362e-08	0.587787068975411	698
6	134244243	136224176	-2.8277656244982655e-05	6.7836103116387625e-09	0.7313494938027859	679	-0.0001829233755905	2.1613314989174797e-08	0.2134066537441787	673
6	136224177	137614217	-6.283181065335817e-05	3.604068124001977e-09	0.2952814899259527	395	-0.0001602686092938	9.01046553288188e-09	0.0913348358599149	393
6	137614218	138822628	-7.28217321124506e-05	5.7859560578828035e-09	0.3383876259045244	555	8.698076862871942e-06	1.7048268293564243e-08	0.9468868517942132	555
6	138822629	139845435	7.339709521204969e-05	4.851167579108496e-09	0.2919772273468655	443	0.0001531355673951	1.4648403633285989e-08	0.2057769456233226	440
6	139845436	142288478	-9.72443405292076e-05	6.3370605182791805e-09	0.2218680979585887	623	-3.1964688302699715e-05	1.3281579711679793e-08	0.7815028204040824	618
6	142288479	145319809	0.0002955943865256	1.115135841622145e-08	0.0051231067301992	1194	-6.891750940145527e-05	3.0233553991048405e-08	0.6918427328070871	1190
6	145319810	146665423	1.3990343262853536e-05	2.904884300367975e-09	0.7951911209174327	374	-1.3609453285134924e-05	5.6282967663669185e-09	0.8560487334359007	369
6	146665424	148920351	3.992595199922199e-05	1.2514623953151937e-08	0.7211667741017314	1073	0.0002898757893299	3.065570028284205e-08	0.0978021504379014	1063
6	148920352	150253403	6.290629920587367e-05	5.322087580949357e-09	0.3885281965856912	627	3.39713060589537e-05	1.2084566706893734e-08	0.757300838642237	624
6	150253404	151912702	7.777200786567056e-05	1.1516668182760049e-08	0.4686344332656302	1011	-5.942741422238036e-05	3.488958940802209e-08	0.7503672810366967	1006
6	151912703	153094495	-2.444799851589322e-05	5.707250669392902e-09	0.7462288570664682	642	0.0001658887807085	1.4945686575475355e-08	0.1748018296174313	640
6	153094496	154974119	0.0001172870631078	9.417147598966056e-09	0.2268081777480267	912	1.209470804255838e-05	2.702365537098829e-08	0.9413494983025428	904
6	154974120	156763325	-4.347626211314368e-06	9.116103082306044e-09	0.9636806903412238	843	3.28455253552905e-05	2.5978826354097145e-08	0.8385236289980348	836
6	156763326	158218718	0.0002360913801623	7.26332506916776e-09	0.0056020493043927	542	0.0002833891917849	2.3969950096525482e-08	0.0671878109489448	540
6	158218719	160580496	2.50799550761872e-05	9.611167878692578e-09	0.7980879294438328	1168	1.6658152615289945e-05	2.3755817083530553e-08	0.9139329210037088	1159
6	160580497	162169563	9.457209327058828e-05	8.473123038644664e-09	0.3042302763266388	886	8.463729505708713e-05	2.243140787060665e-08	0.5719984899779754	885
6	162169564	162931202	-5.428407263503693e-06	4.252614940715589e-09	0.9336588299345912	432	-1.3570329655088995e-05	1.1795886075685933e-08	0.9005656732726227	427
6	162931203	164383520	0.0002356844173091	7.510043842885152e-09	0.0065355234824581	763	0.0001657123422272	2.0848431733691463e-08	0.2511035865475943	761
6	164383521	165586863	0.0003603925451571	9.62133661032326e-09	0.0002386329363208	636	7.034019031768633e-05	1.8459625536333752e-08	0.6046560101817144	629
6	165586864	167024732	5.733087945940403e-05	1.0186241900480697e-08	0.5700054162194755	936	2.9699008344677425e-05	3.108017585672636e-08	0.866220366239651	932
6	167024733	168042834	2.983545034831637e-05	4.606751645987362e-09	0.6602433281198943	477	-3.1614096729196836e-05	1.2711539900236261e-08	0.779168811413498	472
6	168042835	169382049	-9.964649021245582e-06	7.74122056325611e-09	0.9098284128446292	747	-3.3971269340706363e-06	2.215005807697808e-08	0.9817892978750892	739
6	169382050	170330172	4.300651255411313e-05	4.4176999767421674e-09	0.517601246130901	491	-3.5450053407415306e-07	1.157745936788514e-08	0.9973712484797024	490
6	170330173	171051269	6.739307256652035e-05	2.635430374653336e-09	0.1892596059562049	274	2.751167736275865e-05	7.138961011622946e-09	0.7447184068616902	273
7	16161	972751	-4.3393530138820995e-05	3.1465848957238352e-09	0.4391791795498986	208	-8.275012163387839e-05	7.525721041396184e-09	0.3401434545919271	202
7	972752	1353066	3.481906356710703e-05	1.90177811066738e-09	0.42462066054203	175	-2.8938841289638143e-05	4.210437002262662e-09	0.6556100847647424	173
7	1353067	2062397	0.0001710650453268	5.690809970713872e-09	0.0233511175249313	205	9.786823720497838e-05	7.378442802161962e-09	0.2545547386627176	204
7	2062398	2772226	0.0001316872041184	6.508358402337257e-09	0.1026100781462651	277	2.9393231564067175e-05	9.379187276599126e-09	0.7615056328628447	276
7	2772227	4573427	1.6494976770896582e-06	1.3597751837496184e-08	0.9887139042322284	1008	3.847453439400152e-05	2.8340021207756934e-08	0.8192219373610736	1002
7	4573428	5416231	-1.8356286989499587e-05	3.748565504109819e-09	0.7643188366720255	276	-1.5533229091659354e-07	1.4917727220805866e-08	0.9989852703251448	275
7	5416232	5854525	4.418255443817946e-05	1.738856125430463e-09	0.2893521018234718	134	6.213206372930176e-05	4.789127452317574e-09	0.3692833876957593	132
7	5854526	6573856	3.27523407681989e-05	2.340042308901631e-09	0.4983645907204103	199	-1.882715335416831e-05	6.0652258906572805e-09	0.8089761756458248	197
7	6573857	7808751	3.2861934551509336e-05	6.336143997074923e-09	0.6797246525014258	535	8.301705227218167e-05	1.6449004784678404e-08	0.5174456249455981	532
7	7808752	9123422	0.000136315969611	1.1305372892467436e-08	0.1998258026280571	876	0.0001576417469273	2.970625671142896e-08	0.360383877941607	872
7	9123423	9987498	8.879071741991642e-05	5.786232511782285e-09	0.2431031938288753	464	-6.981637813233826e-05	1.64056490708876e-08	0.5856981873400291	462
7	9987499	11299197	5.659111920974007e-05	6.2460434653507615e-09	0.4739579989305859	577	8.447874554359591e-05	1.538540813140299e-08	0.4958260130760143	576
7	11299198	12635460	7.12885463513234e-05	9.594378335645312e-09	0.4667367552383135	837	0.000183190878387	2.641887658017291e-08	0.2597175138945534	835
7	12635461	13884201	2.389451991671899e-05	8.042247566869464e-09	0.7898955602182695	679	5.475895342511939e-05	2.0870007157535866e-08	0.704652459252779	675
7	13884202	15143656	1.106138477850404e-05	7.905595896132578e-09	0.9009936261361726	666	0.0001273069262674	2.0594309757312956e-08	0.375018649969121	662
7	15143657	16902068	3.83159015456633e-05	1.0529274823406704e-08	0.7088472376976063	915	0.0001886901000685	2.747353812151602e-08	0.2549568513125735	913
7	16902069	19481546	4.413266579107755e-05	1.450562070157122e-08	0.7140436202801566	1198	-6.739077161448943e-05	3.732338541569449e-08	0.7272192997879017	1190
7	19481547	20124907	1.0834204257529429e-05	2.885660226413512e-09	0.8401626911289415	282	1.1284367396272002e-05	6.4816041882096034e-09	0.8885305471599194	282
7	20124908	22507628	0.000210526915519	1.6891594293436452e-08	0.1052665010646964	1371	-0.000130575113899	4.5553562674070445e-08	0.5406796287389115	1363
7	22507629	23471441	9.312836589151973e-06	3.885219992358459e-09	0.881231611860479	367	8.145609742177521e-05	8.797501664756652e-09	0.3851490170011138	366
7	23471442	25077258	-0.0002191323398287	2.1497199128944578e-08	0.1350273513402784	833	-0.0002221245224107	2.29311894621342e-08	0.1424191524277714	826
7	25077259	25909554	5.016835139966015e-05	5.861377556904351e-09	0.5122845150284927	502	-7.98165830700785e-05	1.4608245025192429e-08	0.5090098107427361	501
7	25909555	28360308	0.0001131244825237	1.1807613997993566e-08	0.2978479563146171	1018	4.5139996499251025e-05	3.288542836318596e-08	0.8034226745248724	1013
7	28360309	31137288	0.000293440259359	1.764311370901091e-08	0.0271617773775564	1454	0.0001720817484225	4.5969319717820856e-08	0.4222042414405457	1447
7	31137289	33555767	8.232566964128105e-05	1.2220127651283513e-08	0.4564364610138347	1149	-7.559275513979786e-06	2.8975860501457205e-08	0.9645791205534844	1144
7	33555768	36213537	6.6024690984221335e-06	1.2297200003459048e-08	0.9525226149237442	1182	-4.556842901766911e-05	3.013687123248405e-08	0.792942663242368	1177
7	36213538	37555183	4.256779332354479e-05	8.745637851065889e-09	0.648978073190677	724	-8.204662286710374e-05	2.325329859798806e-08	0.5905461310607356	717
7	37555184	38966702	6.628588080384698e-05	8.192159666318566e-09	0.4639517358708702	743	-0.0001344273225297	2.08237728896218e-08	0.3515672822030721	739
7	38966703	39862669	3.2965644034333324e-05	3.757926617302529e-09	0.5907436720547534	356	7.989211091323557e-05	9.221477700441156e-09	0.4054302362898714	356
7	39862670	42001810	-5.7255934142943134e-05	7.281305949112731e-09	0.5022270801437814	706	-4.232793019239128e-05	1.6924797640133526e-08	0.7449079844421864	701
7	42001811	43159073	-8.530742374520256e-05	5.184759455913876e-09	0.2361208350965487	467	-1.736989501562118e-05	1.3412206770122864e-08	0.8807766550795133	463
7	43159074	44763827	1.3181595385669238e-05	5.954113543780687e-09	0.8643588992224709	595	5.374850374863972e-05	1.3206359838245036e-08	0.6399934061043333	595
7	44763828	45952921	-9.679380378942857e-06	4.706027346187312e-09	0.8877926581223298	451	2.6370686609690463e-06	1.0962669652205608e-08	0.9799064153026904	449
7	45952922	46986719	1.163574646187216e-05	4.78719707847392e-09	0.8664479962715474	470	-0.0001160723884011	1.1793818578731434e-08	0.285153971362888	467
7	46986720	49212277	-0.0001177516530937	1.1683224103509332e-08	0.2759794240748165	1055	0.0001379118269831	2.9151204796802226e-08	0.419238485941401	1052
7	49212278	51675321	8.847990035258905e-05	1.0418438345602222e-08	0.3860249040709523	1038	-3.986540902151315e-05	2.3560040982970688e-08	0.7950784680948326	1032
7	51675322	53176311	-8.545535961020689e-05	8.544376436737478e-09	0.3552346882475535	767	-2.5072257580585533e-05	2.1814041211074244e-08	0.865201956819627	765
7	53176312	54222975	1.8933840448085583e-05	4.735202060597875e-09	0.7832010292090221	446	1.457281052438391e-06	1.1616851146646652e-08	0.9892123726558067	444
7	54222976	55691583	9.291344268010172e-06	6.713410367720735e-09	0.9097147024059218	637	-4.772412134421867e-05	1.5766502155722585e-08	0.7038891193332684	630
7	55691584	57382637	-1.0678361584233036e-05	3.402753660511774e-09	0.8547522935346998	361	-5.8610179783872424e-05	7.369514882022515e-09	0.4947728822999482	359
7	57382638	63307358	-1.4545470792399937e-05	2.0626350858644308e-09	0.7487634827255222	219	9.940146751804158e-06	4.33529836982185e-09	0.880001398040212	212
7	63641125	65689808	2.3022760512356907e-05	4.844601471413282e-09	0.7408169260769826	440	0.000102393314279	1.2446611436011585e-08	0.3587258161643537	433
7	65689809	68234073	-4.418598380809203e-06	8.988169617766951e-09	0.9628266453369267	868	1.1900227399899518e-05	1.8647347048792403e-08	0.9305555772448144	855
7	68234074	69085363	1.5483637576865934e-05	3.322757102150644e-09	0.7882290912053154	299	-8.44291015997244e-06	8.56194582142864e-09	0.9272984442811552	297
7	69085364	71874884	-1.6482033018869674e-05	1.2599825882183085e-08	0.8832625461828568	978	0.0001965849199039	2.7099435320679695e-08	0.2324072574319816	972
7	71874885	73334601	7.09963786823236e-05	7.298294439055097e-09	0.4059471641183254	232	-4.14136262515488e-05	4.7041318543402706e-09	0.545966997791078	227
7	73334602	76458563	-4.337920406375606e-05	6.330007089050853e-09	0.5855955678639613	521	0.0002193715711995	1.7463535463439215e-08	0.0969097062862078	514
7	76458564	78093858	0.0002003712874177	1.0060899634777854e-08	0.0457557758825681	740	6.891716475829437e-06	1.9742358408345052e-08	0.9608804509641856	738
7	78093859	79888068	4.48866107097171e-05	8.007584212447397e-09	0.6159419887825472	763	0.0002484011732559	1.899962009137265e-08	0.0715281740243315	760
7	79888069	82022685	3.3509772087678446e-05	9.793007477072757e-09	0.734895528997492	855	0.0001639449586934	2.569687858411291e-08	0.3064389922094364	846
7	82022686	83801202	-0.0001046976945318	8.323235924825682e-09	0.2511332098368716	777	4.512263510665013e-06	2.1009891944336882e-08	0.9751656689926792	775
7	83801203	85572181	3.33180991309234e-05	4.5702089275347045e-09	0.6221206411229714	486	-8.429848123782854e-06	9.558337300196337e-09	0.9312882881291288	485
7	85572182	87825003	0.0002049557684944	1.4429711900133618e-08	0.0879698408748085	684	0.0001443621776509	1.6733441831733613e-08	0.2644258845283214	684
7	87825004	90661783	4.508999949183464e-05	1.1530992577238281e-08	0.6745577947208947	1158	8.842758912081581e-05	2.6759628016050692e-08	0.5888075971779541	1152
7	90661784	92493751	5.7858327770040134e-05	5.750968483525856e-09	0.4454939422836033	559	-7.491561396647668e-05	9.619667881292996e-09	0.4449731768165627	558
7	92493752	93966600	5.011855887397651e-05	5.094892802070898e-09	0.482584464973627	421	1.7158880867012863e-05	1.3246163963696857e-08	0.8814838677453041	419
7	93966601	96073507	0.0001228680150696	8.586112857209553e-09	0.1848427092064644	823	5.180510578644166e-05	1.9730818706963898e-08	0.712271044588682	817
7	96073508	97099569	3.7241437539240514e-05	3.929901727046785e-09	0.5524671522666834	358	-3.393138685229931e-05	9.938042010665046e-09	0.733577954105757	358
7	97099570	98715473	4.9398024083235945e-05	1.1615723240576618e-08	0.6467091844807831	502	3.879619068389069e-05	1.5773399879269992e-08	0.7573929867441698	502
7	98715474	100196650	4.362263421696498e-05	3.1385394311896672e-09	0.4361797844491217	349	8.009520978579953e-05	6.205094091812949e-09	0.3092521246701926	347
7	100196651	101199252	0.0001189697539322	5.366344303922828e-09	0.10436681312195	347	8.007596484036744e-05	1.080643923409634e-08	0.4411209313352839	335
7	101199253	103197509	-2.5176276939436956e-05	5.743259397349632e-09	0.7397309300383403	495	3.000763452772276e-05	1.3848990448393852e-08	0.7987310246652268	485
7	103197510	104159524	0.0001903733736488	8.535188769840691e-09	0.0393385234007155	545	6.204083417495498e-05	1.4654095047585441e-08	0.6082976055538049	544
7	104159525	105682904	0.0006428246940397	1.513498081741813e-08	1.7398171643269037e-07	629	0.0001484489243329	2.1035914643402484e-08	0.3060620244228709	624
7	105682905	107780177	-3.94374113052494e-05	9.189671078938284e-09	0.6807833313246601	862	-0.0003508173023449	2.05133027421778e-08	0.0143086602989712	857
7	107780178	109647593	0.0001252571407846	6.442939963569978e-09	0.1186445879973045	667	-1.2165006794878063e-05	1.4316731298206592e-08	0.9190190621106216	663
7	109647594	112618683	0.000141094074527	1.896450015712208e-08	0.3055700909337699	970	6.837518371196974e-05	3.0062958963379754e-08	0.6933221175775013	965
7	112618684	113712386	0.0001231880169475	2.781320473485661e-09	0.0194996222487673	278	0.0001255196326593	6.3380034462651436e-09	0.1148759733559489	278
7	113712387	116780177	0.0001315215106368	1.6983256037712457e-08	0.3128686227598154	834	-0.0001245697995735	2.6481667965390262e-08	0.443979214499965	834
7	116780178	118351580	3.8011601220905816e-05	4.4046043012873925e-09	0.5668161057175849	460	-3.1895289046284014e-06	8.450746283216615e-09	0.9723221759292324	454
7	118351581	121045272	2.465535114455644e-05	4.952755109777641e-09	0.7260847363338312	557	-1.979602910335802e-05	1.0015016104091848e-08	0.8431922911620029	556
7	121045273	121933629	2.5153227591242945e-05	2.837455630101791e-09	0.6367815579780158	280	-6.038293076022442e-07	6.635597185606002e-09	0.9940856058265762	279
7	121933630	124156804	-3.100782733954033e-05	7.570182964403665e-09	0.7215530400596221	781	4.7646882210085134e-05	1.7156056645149566e-08	0.7160304722493486	778
7	124167552	126519169	-1.9416992903233748e-05	7.348929574694239e-09	0.820811860495795	807	-6.215465061046873e-05	1.4517453346201982e-08	0.6059550502537614	804
7	126519170	126869220	-4.422848187275412e-05	2.168835103732289e-09	0.3422621226925997	161	2.6062563459174608e-05	5.154638065613409e-09	0.7165977560435808	161
7	126869221	128778385	2.715232314739692e-07	6.729792248530729e-09	0.9973591396663994	697	-4.6853972583641194e-05	1.3795252305894456e-08	0.6899550049738565	693
7	128778386	130422413	-5.244249259122216e-05	5.830540502036599e-09	0.4922101344971062	566	-3.196875317482791e-05	1.339619223636024e-08	0.7823889188351242	561
7	130422414	132805847	0.0003379622186183	1.8505473869907593e-08	0.0129777191958211	1057	0.0001648798689615	3.1999348473788745e-08	0.3566767998603896	1052
7	132805848	134307595	-4.3434618832277e-06	5.497262633161773e-09	0.9532852008495902	501	-2.4450814900739408e-05	9.43357811040483e-09	0.8012407441196567	501
7	134307596	135591082	1.0690142610811451e-05	6.13431148136273e-09	0.8914339907836637	576	-8.64743487997463e-05	1.4640695798506111e-08	0.474812074423696	571
7	135591083	136876561	7.534085265336719e-05	6.016507374524299e-09	0.3313934359178462	487	0.0001570323993421	1.2727905764461085e-08	0.1639500067291563	486
7	136876562	138744678	0.0001558954484544	9.091839260885323e-09	0.1020570944029773	723	-1.5826822570147417e-05	2.4400962190783453e-08	0.9192973519688884	720
7	138744679	139933176	-5.4749375594330925e-06	4.9571303032372254e-09	0.9380178614442908	395	3.8854993212255995e-05	9.55963695850292e-09	0.6910736793994054	394
7	139933177	140235209	-7.646908969230853e-05	3.052577311407883e-09	0.1663423601950899	149	-0.000124862172276	6.200978323203092e-09	0.1128241570974059	147
7	140235210	141226556	-4.0173232485633904e-05	4.594944314921282e-09	0.5534169050910623	347	8.339809006999568e-06	7.292874576392701e-09	0.9222040624499964	346
7	141226557	142656309	-1.639402605674536e-05	4.931072123004524e-09	0.8154031989806146	542	1.770558827088405e-05	9.475910979391327e-09	0.8556719935443601	505
7	142656310	144968288	6.525731279747694e-05	7.2296709530847685e-09	0.4427931827774309	677	2.436662811790823e-05	1.7856638975077256e-08	0.8553114200354649	677
7	144968289	146427959	1.5793999911949585e-05	4.505556400066187e-09	0.8139775817715026	455	-5.279942010314232e-05	1.0209035343620793e-08	0.6012799498290661	454
7	146427960	147815317	1.6807838080025716e-06	6.690038546231868e-09	0.9836051652860236	646	2.7357772798597365e-05	1.59306528650739e-08	0.8284012951357599	640
7	147815318	149840657	0.0001044949545616	8.545341021157532e-09	0.258309387944882	760	-0.0001076319915625	2.0609645648419156e-08	0.4534160618720575	760
7	149840658	150711504	-4.143269406641484e-06	4.328814306149851e-09	0.9497875066555224	397	-9.090542620916038e-05	1.0891775903568306e-08	0.3837297290727504	395
7	150711505	152249805	0.0001772977012593	7.889590691057557e-09	0.0459262534266048	564	0.0001407977480336	2.2277258251395876e-08	0.3455108108907241	560
7	152249806	153674018	0.0001098397529554	7.9923311945308e-09	0.219208762691951	600	-7.894608021142687e-05	2.137828957555867e-08	0.5892396188477271	595
7	153674019	154964729	0.0001035076285761	8.204082234681377e-09	0.253135708912806	670	9.524366356033992e-05	2.164742206490901e-08	0.5174113821672407	663
7	154964730	156065249	-0.0001340326666381	8.610640624115776e-09	0.1486213982941497	583	-9.020958447684796e-05	2.2402850046187053e-08	0.546708415506496	580
7	156065250	157634596	0.0001500504628368	1.0684276816180332e-08	0.146596293592564	629	0.0002210305012824	1.9576287058005936e-08	0.1141652283330048	622
7	157634597	159128574	-1.6258052766381297e-05	6.432288354648358e-09	0.839357838282742	592	-5.716671971173896e-05	1.5387094662952453e-08	0.6449021392695393	584
8	10422	1044216	-9.54663093817888e-05	5.408392835549445e-09	0.1942448929178187	468	-0.0001407766589634	1.4560685558148312e-08	0.2433526574910461	463
8	1163245	2042941	4.11893362743476e-05	7.61827719752907e-09	0.6369931799884421	574	8.116296146698156e-05	2.1639690135392255e-08	0.5811283322617232	564
8	2042942	2573278	1.3201240444125628e-05	3.970438090226872e-09	0.8340536052673581	318	-7.559981940261444e-05	1.1242852587399756e-08	0.4758528989461237	283
8	2573279	3392925	0.0001471189182404	1.1222734392119557e-08	0.1649135421154935	694	5.339522570880063e-05	2.6066330855590795e-08	0.7408548342616194	690
8	3392926	3783016	-2.0228386648419225e-05	5.348199637398123e-09	0.7820846894299233	499	-1.555410704583553e-05	1.4335638132395406e-08	0.8966390558093873	496
8	3783017	4480475	-2.1153960430784e-05	1.1550557213663449e-08	0.8439609541680576	858	-8.589079265594222e-05	2.96495232853272e-08	0.6179111367370349	850
8	4480476	5146926	0.0001166919940675	8.590482296500896e-09	0.2080234655135747	604	-1.364387445574537e-05	1.841341541243402e-08	0.9199098099266956	604
8	5146927	6142796	8.824463909388342e-05	1.02490289559951e-08	0.3833940474605419	936	3.6728089726611034e-05	2.6850797601834956e-08	0.8226482170022884	929
8	6142797	7153078	-2.1945308406065514e-06	7.209309685811795e-09	0.9793800998259454	631	6.42434249168442e-05	1.7705893241464343e-08	0.6292357743189397	630
8	7153079	9154693	0.0001558525284232	1.0011690733955755e-08	0.1193245248413762	660	0.0001140572755143	1.8417434427477244e-08	0.400659871420525	659
8	9154694	9640786	3.850625257385527e-05	2.6733063343659152e-09	0.4564266204040337	264	1.1130687889256126e-05	6.459635688610807e-09	0.8898532788672455	263
8	9640787	10463196	7.803938807047996e-05	8.544976369787692e-09	0.3985434551072793	531	7.117347779339497e-05	2.1939288473072617e-08	0.6308612642828044	530
8	10463197	11278997	8.25232586716825e-06	4.687481758181561e-09	0.9040608063873476	459	1.674489007878808e-05	1.1209180953471098e-08	0.8743310940799882	456
8	11278998	13491774	5.523358460953244e-05	2.0790429254428177e-08	0.7016722053227197	979	9.885219016518154e-05	4.350716313754221e-08	0.635556274853708	976
8	13491775	13944991	8.74178031346342e-05	3.493948207713238e-09	0.1391644511817109	329	4.85555366078621e-05	9.215367509906449e-09	0.6129941122354811	328
8	13944992	15991659	-3.2860963089531486e-05	1.325926222596538e-08	0.7753545012320691	1307	-2.9281593258441267e-05	3.3426058023460916e-08	0.8727556008792667	1298
8	15991660	17387875	8.388476112731406e-05	7.629546608138407e-09	0.3368744583786336	665	-2.397174567085738e-05	2.0581857278739633e-08	0.8672971390334567	662
8	17387876	17836398	-3.350311198512385e-05	3.302528867802758e-09	0.5598993702968524	327	2.6666031832782177e-05	7.906736210638533e-09	0.7642622295123151	322
8	17836399	19492839	-2.608389855300064e-05	1.23374535804266e-08	0.8143380973729004	1124	9.274880654726589e-06	3.173007105467994e-08	0.958474328059908	1121
8	19492840	20060855	2.99013248613716e-05	4.163159114252406e-09	0.6430601693088434	374	-9.71776121401948e-05	1.1057139482693189e-08	0.3554056080161809	371
8	20060856	21661736	-4.109692631307962e-05	9.389891461631312e-09	0.671485206303341	860	-6.5944751982126e-05	2.4207025848520037e-08	0.6716771078694254	855
8	21661737	22897056	0.0001145815797604	6.47471662293937e-09	0.1544517555122403	592	-0.0001135337626866	1.5005979075257222e-08	0.3540228071352508	591
8	22897057	24674717	0.0001083081271432	8.040023590646133e-09	0.2270842281103674	787	0.0001190385636657	2.0259092251997906e-08	0.4029692682494453	782
8	24674718	25483453	3.780531641372582e-05	3.1507139073245414e-09	0.5006186046532479	336	1.732811635110967e-05	6.404240768027947e-09	0.8285748553045276	333
8	25483454	26682524	1.235966102300592e-05	7.651834886565286e-09	0.8876376778620287	702	-3.197761891637528e-05	2.018008870766966e-08	0.8218978149230581	700
8	26682525	28162391	0.0003669661368244	7.791533562570095e-08	0.1886231086259241	850	7.052352061661028e-05	3.0151015046115363e-08	0.6846347542920029	849
8	28162392	29327895	6.393271572907424e-05	4.106151306300778e-09	0.3184184946527647	425	-3.7786903874627814e-05	9.498029925562465e-09	0.6982190657314005	419
8	29327896	31133728	-4.879397547002663e-05	6.449025713700604e-09	0.5434515162501521	632	9.525057950138707e-06	1.5944449498831342e-08	0.9398699990178672	626
8	31133729	31548359	3.124433146656799e-05	3.000535197229278e-09	0.5684132365086704	151	4.99659133335582e-05	4.560347250482295e-09	0.459358765711827	151
8	31548360	32977217	3.9391054416456736e-06	5.278265671202458e-09	0.9567606354038364	549	7.755201437645427e-05	1.2368932002945929e-08	0.4856077177283067	547
8	32977218	35317231	0.0001141410419809	4.811316563302952e-09	0.0998573899778754	624	1.772358422917997e-05	8.928113851913679e-09	0.851210929810121	620
8	35317232	37379388	-7.892588336164895e-06	3.836166440334363e-09	0.8986002944348015	432	-5.436905488524864e-05	8.743371919237584e-09	0.5609372682633182	429
8	37379389	38938805	0.0001247746465989	5.076910642948987e-09	0.0799178255918688	390	-7.624933681929072e-06	1.03344531190198e-08	0.940210444339087	388
8	38938806	40703336	6.74692356681111e-05	6.698778604042617e-09	0.4097446670330434	691	1.845136821034882e-05	1.7192096011494773e-08	0.8880890109043634	688
8	40703337	41721453	-2.3310419873394203e-05	4.6285733940720525e-09	0.7318761576559683	443	-0.0001305560876909	1.18880921895941e-08	0.2311487595105461	440
8	41721454	42773822	2.4477798107710393e-05	1.992540711670629e-09	0.5834421542956181	233	3.7584799364383406e-05	4.632991598028521e-09	0.580824332222815	232
8	46841315	50082469	1.4697114745176568e-05	4.1743243681523535e-09	0.8200522424880622	514	-4.3419138007737195e-05	6.9923558979011044e-09	0.6035923100286884	514
8	50082470	53302929	0.0001901282610983	1.0923925157171025e-08	0.0688956995174285	951	2.199824719578071e-05	1.4851697248736604e-08	0.8567526064677633	949
8	53302930	54418043	-1.2472179273257262e-05	3.9503379071687765e-09	0.8427022528831798	440	1.861970031260313e-05	9.2908584413899e-09	0.8468240613708452	439
8	54418044	55945580	0.0002225704718546	7.2163821788764e-09	0.0087919668241649	551	4.090269380036184e-05	1.0243176714340886e-08	0.6861078963458871	548
8	55945581	56956382	-2.799422318117252e-05	3.9132699716070644e-09	0.6545100148696362	405	2.920813342090525e-05	9.959469320430497e-09	0.7697705406306561	403
8	56956383	59068650	1.567551561229979e-05	7.548936103245809e-09	0.8568247190262337	785	-2.634893514901241e-07	1.8184081235837853e-08	0.9984409603076164	784
8	59068651	59728099	6.13005189125932e-05	3.0060449785565214e-09	0.2635399357531569	311	2.122425171525307e-05	6.961173646569525e-09	0.7991982943936958	310
8	59728100	62329098	0.0001935830268366	8.525096597768342e-09	0.0360281266206636	905	0.0001320085373827	2.444278582549405e-08	0.3984693351398832	902
8	62329099	63349305	-1.1806120902362976e-05	3.4438473293245973e-09	0.8405576565524525	387	1.6171347793266234e-05	8.040112785044084e-09	0.8568781307048345	386
8	63349306	65232871	3.976900980997094e-05	5.550856554472653e-09	0.5934916449084604	625	-7.649857910826007e-06	1.3078275151534072e-08	0.9466671972048888	622
8	65232872	66489089	0.000112250516879	4.028933156892687e-09	0.0769853414578153	426	6.427906822435184e-05	8.910938404254069e-09	0.4959104432407883	424
8	66489090	69863056	0.0001155978367872	9.94211490170492e-09	0.2463181694754062	1034	0.0001243311887776	2.4341538672666413e-08	0.4255067175742083	1030
8	69863057	70867978	6.863966607408534e-05	5.377231179913691e-09	0.3492510397440761	471	0.0002020854754308	1.5105513409857733e-08	0.1001249600709657	468
8	70867979	72289453	3.2711997210894724e-05	4.961345592439729e-09	0.6423496163258944	493	1.3757245556388122e-05	1.0009574949551922e-08	0.8906303443576042	493
8	72289454	73817198	5.3526332582426614e-05	8.04470814875508e-09	0.5506560328496358	786	4.203577481952937e-06	2.0817223077922963e-08	0.9767573156534994	783
8	73817199	75445063	7.349867594672491e-05	9.415887682851266e-09	0.4487856262419523	709	-3.270501646214137e-05	1.7620361763762496e-08	0.8053874233870391	707
8	75445064	76456541	-2.9605794688732055e-05	6.519868206308755e-09	0.7138765641292044	363	-6.476295555286543e-05	9.264165647540926e-09	0.5010375516823414	363
8	76456542	79132860	0.000107476973136	7.428956847391232e-09	0.2124132315352956	834	-0.0002164416473592	1.5859844467163192e-08	0.0856752905645373	832
8	79132861	81956394	0.0001375729146956	8.674281720493854e-09	0.1396431099014464	909	-3.906343367241884e-06	2.0324716426741813e-08	0.9781403155720364	908
8	81956395	82693738	2.6288191969499016e-05	2.5274521988324675e-09	0.6010433415280749	256	5.624382951340381e-05	6.232359323287752e-09	0.4761920020462156	256
8	82693739	84225588	3.222637852216303e-05	4.248854693502722e-09	0.6210260431674567	471	-1.5483540235740106e-05	1.0007201357174186e-08	0.8769950102072351	471
8	84225589	85955618	9.758238110564514e-05	3.867537663339703e-09	0.1166216829237477	441	-6.591763461906795e-05	8.239125351916086e-09	0.4677112368701346	435
8	85955619	87411708	2.098515962283438e-05	2.5812823805238116e-09	0.6795756308345693	324	5.173293377821765e-05	4.800384722510978e-09	0.4552623852098471	323
8	87411709	89085480	2.8353087460205735e-05	5.147542150954022e-09	0.692706395486431	577	-2.360722405435618e-05	1.1753727143703136e-08	0.8276243118025509	575
8	89085481	90638161	0.0003188781262111	1.3378261440986668e-08	0.0058347802686223	472	8.250864709703979e-05	8.897002576975051e-09	0.3817169014966227	470
8	90638162	93554385	-8.889866540279618e-05	9.748523225169194e-09	0.3679180756239365	825	-0.000178676476925	1.4528724511028091e-08	0.1382445777948701	822
8	93554386	95005526	-6.482898768881681e-05	5.3732085953976315e-09	0.3764763056057453	459	-9.455144659203154e-05	1.0572565488242344e-08	0.3578050465717145	456
8	95005527	96534805	7.397448860662821e-05	7.307289791994329e-09	0.3868335868250089	721	0.0001115470035368	1.7401142857454318e-08	0.3977715272853633	719
8	96534806	99401580	6.915922015158044e-05	1.3364879592752226e-08	0.5496870518375423	1293	-5.918783525680319e-05	3.3754279530164194e-08	0.7473334983389754	1290
8	99401581	101620957	2.375559098592072e-05	5.5524237813478855e-09	0.7498747137035322	618	3.5528682777333386e-05	6.952329338912916e-09	0.6700332617976145	616
8	101620958	104123305	0.0001280354794096	1.3946803161174131e-08	0.2782942882727023	1145	7.994445131551765e-05	3.1554202499803924e-08	0.6526751683773382	1140
8	104123306	104988751	6.069036593449742e-05	2.391198629926427e-09	0.2145633693399342	305	2.677451023369621e-05	4.534284102752194e-09	0.6909110241636437	305
8	104988752	107410753	-0.0001265674892912	1.4723239266918381e-08	0.296908059535236	936	2.8556270869442184e-05	2.1830388466360815e-08	0.8467453193574819	931
8	107410754	108648176	1.609613626700689e-05	5.120554029085265e-09	0.8220273723057192	563	7.217734786928153e-05	1.2412037225429672e-08	0.5170772229974935	562
8	108648177	109248172	3.534844601068162e-05	2.039458682801466e-09	0.4337847382941974	228	1.1099763613530111e-05	4.483072163060337e-09	0.868331969651416	227
8	109248173	110484313	-2.157597616461831e-05	3.136010237592999e-09	0.7000265256716879	401	7.34388967439218e-05	6.162604419232709e-09	0.3495304541171812	400
8	110484314	111850846	0.0001715720346609	6.3582171433849534e-09	0.0314221210175901	348	0.000133434934305	7.3357534028345414e-09	0.1192504856938293	346
8	111850847	113064319	2.841937067810247e-05	2.2452470001450984e-09	0.5486616876927741	282	-2.0425555611476835e-05	4.682789033483439e-09	0.7653335098602587	279
8	113064320	116096494	0.0001635508421015	1.663543682225673e-08	0.2047808237005837	975	-6.761459781553925e-05	1.5815590378338498e-08	0.5908203157956352	970
8	116096495	119685456	5.010817091420039e-05	1.2787497841420193e-08	0.6576830639946578	1313	-0.0001910199306107	3.11531266135701e-08	0.2791411595349357	1307
8	119685457	121201699	1.0506001896161146e-05	5.6466470972931235e-09	0.8888091159510156	613	-0.0001290894145387	1.3268520657317342e-08	0.2624265627270653	612
8	121201700	124861458	-6.804157141959058e-05	1.5992849202744332e-08	0.5905521278900343	1528	0.0001153083954125	4.3181683877450884e-08	0.5789661933781213	1523
8	124861459	125683718	3.101611773460584e-05	3.693698440855337e-09	0.6098156634111538	387	-1.3616320283504052e-05	9.187267622978941e-09	0.8870339658000488	385
8	125683719	126410916	2.0132943909250867e-05	3.488889950526864e-09	0.7332163005970975	301	-3.845661411979919e-05	9.637779909424766e-09	0.6952605808306609	299
8	126410917	128659110	-3.813802449805042e-05	1.1819738099659294e-08	0.7257416201160549	1053	0.0001726023449789	3.0903004685585255e-08	0.3261724219602681	1049
8	128659111	130381138	-6.186132267049964e-06	7.780022883845085e-09	0.9440869852731136	769	0.0001764662656557	1.994096924139809e-08	0.2114272508875102	768
8	130381139	131639624	0.0002826752041149	5.398384528440186e-09	0.0001194277606047	558	5.204290559393476e-05	1.2366194353683628e-08	0.639786401769519	556
8	131639625	133351143	0.0001169335873819	8.542793915343513e-09	0.2058203927547442	882	0.0002862278660986	3.8344447454851626e-08	0.1438212007426369	879
8	133351144	134570000	3.166274835523702e-05	8.151908975347147e-09	0.7258236146571175	788	3.2826055453413414e-05	1.9819605069594812e-08	0.8156300140685917	786
8	134570001	136035604	6.51730622684885e-05	9.38236626318857e-09	0.5010489548667358	852	8.588708576529497e-05	2.49685157577386e-08	0.5867580635356104	850
8	136035605	137524150	0.0001198128213816	5.918674271689052e-09	0.1193832850199135	635	5.22267786677121e-05	1.3784818752169604e-08	0.6564436189912274	635
8	137524151	139254829	1.1955821358106612e-05	8.333131979190333e-09	0.8957982141318055	883	5.43820702443659e-05	2.0164404934497372e-08	0.7017431347824672	880
8	139254830	140725642	0.0002565559625221	1.1941379564635145e-08	0.0188863680153208	862	0.0002679006640516	2.266631920318829e-08	0.0751676930906958	860
8	140725643	143044913	0.0001747187183347	1.0823048687490056e-08	0.0930662204091456	979	0.0002169577378268	2.6661339468848504e-08	0.1839396678062689	964
8	143044914	144236880	0.0001519192704852	7.381180022475663e-09	0.0770148319819642	476	-8.760508520141095e-06	1.0140719914001295e-08	0.9306753861456686	466
8	144236881	146303866	0.0001560701450143	7.985742949336718e-09	0.0807285890635373	527	0.0001618833877529	1.7261197458584407e-08	0.2178896208562279	521
9	10023	1079706	-2.4995096317822093e-05	7.68813653287106e-09	0.7755941565710829	699	1.4268719348878615e-06	2.161095796137362e-08	0.9922557167504849	694
9	1079707	1916876	-7.25442374706416e-05	7.234864140371233e-09	0.3937260719547615	695	7.061685093664643e-05	1.9656271099327687e-08	0.6144837593372949	693
9	1916877	3190063	5.108147461166159e-06	1.0486629004521656e-08	0.9602162734553628	903	-0.0001416475392099	3.273791188968128e-08	0.4337099188261157	897
9	3190064	4495327	7.428511568150539e-05	1.0157651122352718e-08	0.4610834735517463	835	-1.2684932369954922e-05	3.0322116189495844e-08	0.9419283060250953	832
9	4495328	4884925	-4.629352040417103e-05	3.324083081993954e-09	0.4220081544876432	265	-0.0001721287149094	1.1290813716792284e-08	0.1052517565513209	265
9	4884926	6557588	-3.1398201083148064e-05	7.870082230900955e-09	0.7233927145796988	659	-0.0001176612957086	1.5613857424450176e-08	0.3463840643210528	657
9	6557589	7154922	1.74075694054854e-05	3.8270268438983175e-09	0.7784119224307009	364	6.750256421146794e-05	1.0814473929757845e-08	0.5162679820786396	362
9	7154923	8456298	5.837208429470518e-05	1.1588183906091748e-08	0.5876480573184533	1050	5.4311640798981894e-08	3.2968990592083944e-08	0.9997613397159992	1046
9	8456299	9166402	-5.510085225890737e-05	5.428627167141782e-09	0.4545518750371271	468	-0.0001153815415922	1.5977352877339886e-08	0.3613385703496914	463
9	9166403	10879252	0.0001482884093338	1.1614976091292626e-08	0.1688416320460301	995	9.437382682981876e-06	3.2303880233906564e-08	0.9581240420854013	991
9	10879253	12276488	1.6428949192731402e-05	5.6538565261170684e-09	0.8270450638873031	581	3.0827971478502035e-05	1.5417091327016757e-08	0.8039168924763276	577
9	12276489	14836362	0.0002379772082726	1.9483557937524143e-08	0.088211376732541	1472	-0.0001855445381042	4.928750088813783e-08	0.40329188920928	1470
9	14836363	16659654	3.602873436962409e-05	9.925654942157513e-09	0.7176254511143411	920	3.278457168608163e-05	2.6159954652193647e-08	0.839370518385532	918
9	16659655	18661050	8.303464313259947e-05	1.0924682826428593e-08	0.4269459233935924	1083	0.0001745715779865	2.8254077088097307e-08	0.2990078782413581	1080
9	18661051	20463533	0.0001088095039944	1.0991681576364204e-08	0.2993397036151655	973	7.025171379887208e-05	3.039020985037893e-08	0.6869584450631088	970
9	20463534	22206558	4.85748063963755e-05	7.642253324630986e-09	0.5784509791092476	789	7.70514082893353e-05	1.916424751438555e-08	0.5778082043598856	786
9	22206559	24158517	0.0001305548737072	1.2683369547610242e-08	0.2463557522516767	717	2.199928537623024e-05	2.439428126718747e-08	0.8879864673767468	713
9	24158518	25330809	7.891898111257656e-05	3.951628455869428e-09	0.2093217446811853	371	6.406162243588389e-05	1.111341564212296e-08	0.5434004619014798	370
9	25330810	26111756	2.2230783643877832e-05	8.807441279284073e-09	0.8127492516467479	334	1.6444673402382776e-05	1.716911942794545e-08	0.9001260056579625	332
9	26111757	28224282	-0.0001230990160171	1.2389943328297992e-08	0.2687653257219926	1117	5.451660713840148e-05	3.533293583558423e-08	0.771795312745188	1107
9	28224283	28811583	-1.1862009811983272e-05	3.097763391684521e-09	0.8312295568577247	293	-3.2952961346619924e-05	8.419378945264214e-09	0.7194961480389126	290
9	28811584	30387391	-6.815680483751668e-06	6.099372517210536e-09	0.930456633220686	668	-6.483860898151057e-05	1.5211522924050782e-08	0.5990887870794819	663
9	30387392	31310382	6.546313954936279e-06	2.5898296330476574e-09	0.8976459826144214	311	0.0001255803325747	5.937419285223537e-09	0.1031529330204995	308
9	31310383	32019367	-4.288008967511369e-05	2.2651495411957092e-09	0.367607673268527	250	-9.646819002426994e-06	5.894581420477631e-09	0.9000100926542444	250
9	32019368	33578333	0.0001665799721729	7.0152765631214245e-09	0.0467185927103794	701	-5.154294306208543e-05	1.740066638662166e-08	0.695990492905332	698
9	33578334	34642242	6.349190874189471e-06	3.2749193254330054e-09	0.9116578651434746	339	5.5303900870057394e-05	6.742268092643622e-09	0.5006143000746843	334
9	34642243	36743282	0.0002221509593905	7.119857469800619e-09	0.0084692248093279	704	0.0001444518535881	1.7244845901616872e-08	0.2713312667159914	698
9	36743283	38641598	5.661283133739775e-05	9.086523311489404e-09	0.5525765497785553	862	5.641122608382201e-05	2.4295349450345993e-08	0.7174171815125596	856
9	65472190	72512710	-4.1646673115555326e-05	6.734861976600675e-09	0.6118204979474076	683	3.347664992773535e-05	1.7753796671491453e-08	0.8016251681516007	680
9	72753755	74253039	7.191002128083352e-07	6.261307794595046e-09	0.9927491157181768	694	-6.261168228377193e-05	1.5580986391401624e-08	0.615948618058751	692
9	74253040	76203945	-6.104202315555153e-05	6.235497151825837e-09	0.4395077567601232	683	-0.0001143915090567	1.5079817164014094e-08	0.3515806876050992	677
9	76203946	76973080	5.9868193105744235e-05	2.0039064718865944e-09	0.181096014607452	222	-8.914757132594687e-05	4.911740237669286e-09	0.2033682184512723	220
9	76973081	78900182	7.452503316441267e-05	1.4341060884244291e-08	0.5337335643425338	949	-4.2454838675088176e-05	3.346303977207439e-08	0.8164730626728923	944
9	78900183	79471207	-7.041770478508187e-05	3.9350093597778694e-09	0.2616250513687697	338	3.929204439433495e-05	1.1501436639529577e-08	0.7140835417045779	338
9	79471208	81079054	3.802113329204942e-05	6.445396091582694e-09	0.6357940746288526	626	-1.9275199031674382e-05	1.660585370010135e-08	0.8810974181101031	622
9	81079055	82590927	0.0001547012006801	8.902326772203951e-09	0.1010852141579329	747	-0.0001934351070307	2.9958337243049024e-08	0.2637488068745067	744
9	82590928	84211232	0.0001128451472094	7.997113139711184e-09	0.2069938412874216	778	-1.620199020515274e-05	2.243420811962984e-08	0.9138596241226976	777
9	84211233	85440800	0.0002040414819433	3.999839843912604e-09	0.0012542651615719	369	0.000154837148062	1.2330898526205274e-08	0.1632061242088265	366
9	85440801	86938195	9.982059090318532e-06	7.396094100161114e-09	0.9075972895663444	749	-7.0224083331048e-07	1.944519000547677e-08	0.9959819234250394	745
9	86938196	88109332	-1.4376032361838582e-05	5.3868003946043734e-09	0.8447099149473198	562	8.771375194744697e-05	1.4625917737694032e-08	0.468279839142811	560
9	88590417	90136245	8.956035259683114e-05	7.3622529304172364e-09	0.2965855664870708	710	-4.061368414325255e-06	2.0762034824767093e-08	0.9775135970628002	709
9	90136246	92528697	0.0001135903902233	1.0638243171784034e-08	0.2707650127226571	1050	-0.0001688593728901	2.9107354234077195e-08	0.3222982279017873	1043
9	92528698	94167202	7.54393597758723e-05	7.979280652813821e-09	0.3983721745407446	764	0.0001069236204249	2.1670668761933872e-08	0.4676328883696842	761
9	94167203	96671697	9.40944132168249e-05	1.0284434543445606e-08	0.3534899756549273	980	3.8411073545098704e-05	1.8861114587384784e-08	0.7797174118196867	973
9	96671698	98922039	-3.93834293465684e-05	7.726906053355203e-09	0.6541288514361061	834	-0.0001902126684901	2.0479028809733977e-08	0.1837876206978189	828
9	98922040	101592858	9.80474781654136e-05	1.9278073108633377e-08	0.4800871229583728	1018	-6.413051655623722e-05	2.3599238264670775e-08	0.676341359840335	1012
9	101592859	104624436	9.366206607532675e-05	1.0427197545825094e-08	0.3590202683503781	1144	0.0001774502416141	2.4358475824021257e-08	0.2555480531847224	1139
9	104624437	105967975	3.599962052365456e-05	6.695587694019981e-09	0.6599731381026898	693	-6.69032435997841e-05	1.834178111692538e-08	0.6213066039844977	691
9	105967976	107581748	6.271644535134528e-05	6.431194573757023e-09	0.4341840356779836	739	2.547952124066033e-06	1.5336334896453812e-08	0.9835850375516486	738
9	107581749	109298753	8.203564303795358e-05	7.2587977212025944e-09	0.3356098911667242	727	-0.0001709797278678	1.8676213907366617e-08	0.2108894017325757	720
9	109298754	110695061	0.0001244838374321	7.300952138521994e-09	0.145150030368993	665	-0.0001960177643773	2.0264295656236093e-08	0.1685164289336329	664
9	110695062	112778023	0.0001355546515664	1.2480575640574142e-08	0.2249842656179138	1263	-7.413312123046717e-05	3.423576419123605e-08	0.6886729875430758	1261
9	112778024	114831081	0.0001009833872639	1.1327395793812303e-08	0.342710983643759	1095	-1.432111966139054e-06	3.1045956213949754e-08	0.9935150036940532	1087
9	114831082	115693144	1.3986562034112828e-05	3.1426863803990952e-09	0.8029785267471754	376	-7.584240162559336e-05	7.117552970951679e-09	0.3686669599792109	374
9	115693145	117019800	-4.162322338730624e-05	8.155037588220033e-09	0.6448581547839114	738	0.0001906035336488	2.1604135425517125e-08	0.1947108007944958	735
9	117019801	117921959	6.057216894661826e-06	5.534332969424436e-09	0.9351065450458158	541	-4.812371556325197e-05	1.510725591897437e-08	0.6954046428942363	541
9	117921960	121321536	5.603367513224068e-05	1.7182554952109458e-08	0.6690373211161627	1725	0.0001366308713346	4.6928686208205214e-08	0.5282302323850373	1717
9	121321537	122260296	0.0001603483555669	5.1446293658041865e-09	0.0253802245269079	432	0.0001667971385061	1.1832248127320648e-08	0.1251777611323506	431
9	122260297	124871321	5.867549178366911e-05	9.324806281414473e-09	0.543435106812811	932	0.0001647058941442	2.0718780440715813e-08	0.2525132810027836	929
9	124871322	126971886	1.3142107911829756e-05	8.542344027078768e-09	0.8869280048552555	810	-9.902822490079924e-05	2.1099819817015812e-08	0.4954025310635213	804
9	126971887	129059664	4.132356125933278e-06	6.0738606000804604e-09	0.9577134813955184	668	-4.0160612840670126e-05	1.5556414585352617e-08	0.7474584768699835	665
9	129059665	130055509	7.147057418052078e-05	4.127058073519711e-09	0.2659155670942975	379	-4.406501103806534e-05	8.897494017366327e-09	0.6403897333757982	379
9	130055510	132165469	0.0003501187136013	1.2777188035296767e-08	0.0019522443287327	632	-6.640904336952153e-06	1.7589125644501182e-08	0.9600640790168508	630
9	132165470	133223216	-2.2498092684135835e-05	6.378383863905529e-09	0.778171799436632	382	-0.0001061711144499	1.2499836676128172e-08	0.3423005330705032	370
9	133223217	134127887	4.169641588110998e-05	5.012384046389026e-09	0.5558965163087434	407	6.708765445566466e-05	1.4554374026053805e-08	0.5781486682333656	405
9	134127888	135298841	8.569350713144453e-05	6.401455814580361e-09	0.2841482836957153	496	5.061412537112877e-06	1.316937730249827e-08	0.9648206028231152	494
9	135298842	137041121	0.0001813183988928	1.0693870659025386e-08	0.0795379350674414	912	0.0002256609908818	3.089135013855305e-08	0.1991698639567202	895
9	137041122	137589363	2.220337278838543e-05	3.5626209201765934e-09	0.7098984590036244	262	-8.610472543255101e-05	1.1020007150070191e-08	0.4120845738862208	261
9	137589364	138938977	3.540678552355859e-05	1.0383357495781821e-08	0.728238082882402	765	8.221693564443481e-06	3.226709619381728e-08	0.9634935340205792	760
9	138938978	139500341	5.4229294411095504e-05	2.0256321764664812e-09	0.228239063736078	178	0.0001380244633477	5.176687267278621e-09	0.0550653836412786	175
9	139500342	141144795	-2.326994977949037e-06	6.648951730451341e-09	0.9772333058930904	502	-2.1218328783549595e-06	1.9301919799415293e-08	0.9878147596538296	497
10	60523	751338	1.265199859388285e-05	1.5048295692434803e-09	0.7443119518455112	155	-6.727101865495505e-05	6.512898443391349e-09	0.4045246623399191	149
10	751339	1523543	2.007714327988637e-05	3.745112857545014e-09	0.7428570543093801	392	-0.0001607630984017	1.1624179508781849e-08	0.1359366451232955	387
10	1523544	2254499	-2.347923572926862e-05	5.643001471310593e-09	0.7546174457091483	539	-3.367945861613423e-05	1.690289802552407e-08	0.7955962392430271	537
10	2254500	3352698	8.148933492954527e-05	7.976993582402967e-09	0.3615627493944935	782	0.0001601460575503	2.2850783839793887e-08	0.2894112843844183	775
10	3352699	4572273	4.6810255841041265e-05	8.137165850130848e-09	0.6038131792356212	712	-1.4976288709247964e-05	2.5831510521905245e-08	0.9257594386135412	708
10	4572274	5983761	7.606548543306039e-06	8.153578518473278e-09	0.93286636311059	854	1.8736701660165772e-05	2.2133164114091076e-08	0.8997776516397374	851
10	5983762	7171483	-9.716884177484386e-05	1.046741377228192e-08	0.3422414891594064	861	-9.631501142496192e-05	3.2869148923584723e-08	0.5952448640058159	857
10	7171484	8774664	-9.788650324602568e-05	1.0219323952742036e-08	0.3328925615200166	998	0.0001234092926789	2.9791378446283373e-08	0.4746125813319486	986
10	8774665	10249395	0.0002252980423105	6.438635404151641e-09	0.0049886871277938	665	-8.925497126421494e-05	1.6287975717490486e-08	0.484329022051037	662
10	10249396	12586796	0.0003295707749534	1.6378412452396934e-08	0.0100178999687907	1181	-0.0001311079855337	3.9700640119420545e-08	0.5105337537023422	1175
10	12586797	13321599	-6.966548017796857e-05	6.158826783388127e-09	0.374699484294408	515	-0.0001379909367059	1.936787736270832e-08	0.3214227387214787	509
10	13321600	15026067	8.653581742007015e-05	1.1427747209573974e-08	0.4182289586974821	1068	0.0001261110189188	3.414158989855914e-08	0.4949143909637218	1061
10	15026068	16551766	-4.337322821515196e-05	6.742771059983253e-09	0.5973570321267281	659	9.144594708211488e-05	1.6726532875276713e-08	0.4795239019562344	657
10	16551767	18537266	-1.705038351733275e-05	8.856027845450503e-09	0.8562248484223721	918	-5.67935747700147e-05	2.5429458998898953e-08	0.7217296489504563	916
10	18537267	19716877	8.16240443877703e-05	6.741536112492415e-09	0.3201645987967574	637	-1.995997347887545e-05	1.4158546000969398e-08	0.866783574446575	634
10	19716878	22772282	8.873224911236399e-06	1.0734743666702682e-08	0.9317511902388728	1168	-1.9239427331845308e-05	2.9252078700065033e-08	0.9104349275054116	1162
10	22772283	23175131	1.5312446465002736e-05	1.241606549021328e-09	0.6638797731105378	140	-2.70536932629767e-05	4.748949577552979e-09	0.6946299729396215	138
10	23175132	25578595	9.10785148289153e-05	9.774309225879978e-09	0.3569250100998625	891	-6.587312462439076e-05	2.1546512880735856e-08	0.6536006009253985	887
10	25578596	26888683	1.867414182852762e-05	5.463901952236765e-09	0.8005522201299053	640	2.4503880480205773e-05	1.4143170154462954e-08	0.8367559820209638	633
10	26888684	29323235	5.859555505786442e-05	9.620132456862978e-09	0.5502321558763443	1110	2.949538227108562e-05	2.5383211344996322e-08	0.85312575267432	1099
10	29323236	29783691	-2.6868246671315573e-05	3.354063124291837e-09	0.6426969386840915	316	-2.1529733164136844e-05	1.0017764932890465e-08	0.8296844040392074	312
10	29783692	30458837	1.0868087978355998e-05	4.4765476609593464e-09	0.8709627434728824	420	-2.2449487297672555e-05	1.2890606018713702e-08	0.8432573163987596	415
10	30458838	31907518	1.1946257300415083e-05	5.018051408573309e-09	0.8660786800912081	578	7.192586488971682e-05	1.3231136683306681e-08	0.5317759880977733	573
10	31907519	33707967	5.9608872664147605e-05	5.855781365286261e-09	0.4359997648998325	735	3.3724978381701316e-05	1.4540487850537484e-08	0.7797226384627584	727
10	33707968	35109354	-3.5533855610242724e-05	8.616432130560237e-09	0.7018637030320252	568	1.0738598011503633e-05	1.3292455068468162e-08	0.9257908491166124	566
10	35109355	36572507	2.752397251692844e-05	4.0080345038631755e-09	0.6637396870835401	497	-2.865525927559635e-05	9.163441336312588e-09	0.764675228330228	494
10	36572508	37790028	-3.022452833384935e-05	3.444503401553491e-09	0.6065621398394911	396	1.9028035682434785e-05	9.409117276991481e-09	0.844481731025899	392
10	37790029	42372578	-6.37071201414916e-06	1.7319443033466014e-09	0.878334476354428	257	-2.6698611216822056e-05	3.369224900519612e-09	0.6455421913570298	256
10	42372579	43894770	1.7130376171438412e-06	3.332588709117937e-09	0.976327050602692	385	-5.010775959712279e-05	9.037756733210904e-09	0.5981396156660321	382
10	43894771	44730074	-3.437188982883006e-05	2.9333770232278072e-09	0.5256708345020356	349	5.5852817104400715e-05	7.928310356615806e-09	0.5304820335927901	348
10	44730075	48760449	-6.608052473765333e-06	7.206580176294161e-09	0.9379544657767208	838	3.265544106556345e-05	1.8578754472212227e-08	0.8106572841949838	814
10	48760450	50840914	5.91120125870956e-05	6.707176609637439e-09	0.4704286939140784	767	1.4960327981236512e-05	1.8758545560043603e-08	0.9130201459019464	765
10	50840915	53616628	-0.0001079171993007	7.77267447652224e-09	0.2209267024605913	880	1.6351201214298756e-05	2.1827820524488205e-08	0.9118750928064152	878
10	53616629	55103571	-5.201367105846187e-05	7.381493225498435e-09	0.5449104939305696	823	-6.763345983050069e-06	2.0770480053033164e-08	0.9625700700336544	818
10	55103572	57031139	-9.165627223842608e-06	8.187959117317362e-09	0.9193188126950996	908	-7.868431539435582e-05	2.2387132798728832e-08	0.5989696686615256	900
10	57031140	57662145	-2.094782547543086e-05	1.6327032417298703e-09	0.6041622893874514	224	4.252506196456978e-05	4.061837737406996e-09	0.504617278396625	223
10	57662146	58959527	-6.901840883907585e-06	3.163267010026978e-09	0.9023329274461824	459	6.400608605883664e-05	7.466768727723432e-09	0.4588623508884968	456
10	58959528	60289986	3.182252522552991e-05	4.015100079127164e-09	0.6155189180978061	518	6.50269539353682e-05	1.0383629735670324e-08	0.5233798283262281	518
10	60289987	61891408	1.5985768826186986e-05	6.4360856852339e-09	0.8420584721702191	681	-0.000180689513915	3.049942040966717e-08	0.3008394126534207	681
10	61891409	62659678	2.5007194401462507e-05	3.213065729226808e-09	0.6590905234329908	362	4.08572678287923e-05	8.894755934530121e-09	0.6648594390754183	361
10	62659679	63341694	-6.60360366665536e-06	1.5473640817685592e-09	0.8666820077935327	191	5.1856503429767714e-05	4.1838341686509166e-09	0.4227221205846403	191
10	63341695	65794113	9.476419364959682e-05	1.6053651265745937e-08	0.4545061148114361	978	4.706034232640945e-05	3.874556241365067e-08	0.8110431869092958	971
10	65794114	67549614	6.4385639438837e-05	5.075905169748713e-09	0.3661456906644471	592	0.0002021066646302	1.3683659586224898e-08	0.084034052249252	592
10	67549615	69900147	-3.049202423895288e-05	9.057909563478585e-09	0.7486764439234588	1057	-5.30257759929016e-06	2.376937277875413e-08	0.9725632530765382	1054
10	70195991	72220849	0.0001331155489938	1.1556502578382782e-08	0.2156157246916658	1059	0.000215095217078	3.4510687756017854e-08	0.2469234634896467	1056
10	72220850	73508511	2.3140945042252145e-05	9.971103362882082e-09	0.8167364470300432	866	4.396138940042146e-05	3.093896016510706e-08	0.8026414096503729	859
10	73508512	75422549	2.6199650665413792e-05	4.180847871805723e-09	0.685334700886002	549	-7.137265958727907e-06	6.278329838006235e-09	0.9282267015605742	544
10	75422550	78706813	-2.4071259284799188e-05	7.403641459259928e-09	0.7796663363009558	989	4.29939149607102e-05	1.678804209651482e-08	0.740022637249321	985
10	78706814	80876748	2.859219526041826e-05	1.2001876508096369e-08	0.7941006560652659	1155	-6.235864608379126e-05	3.28881116839777e-08	0.7309542252290406	1153
10	80876749	82414678	2.8323632731619045e-05	5.945169200288034e-09	0.7133662893956378	600	0.0001310981490117	1.6733533548804564e-08	0.3108448176362862	596
10	82414679	84383744	-6.556248500024229e-05	1.0428677993535016e-08	0.5208676648346624	834	0.0001232276745424	2.0534803857069925e-08	0.3898277686699717	831
10	84383745	85458702	-3.486634871557492e-05	4.127586971063932e-09	0.5873376379895423	514	0.0001017978094386	1.0674126055392905e-08	0.3244725146165602	511
10	85458703	87937576	-2.6144795721458612e-05	1.0278145959812037e-08	0.7964948456693552	1118	-0.0001153656885066	2.826870028139704e-08	0.4926138676260266	1111
10	87937577	89127063	-3.882132389438536e-05	2.9951392904293593e-09	0.4781060342762947	341	4.09212911599122e-05	8.338210561522006e-09	0.6540527651460657	341
10	89127064	91013380	-7.0335009224925e-06	7.96139397509405e-09	0.9371699403287116	827	-7.867194033253104e-05	2.2651082387095716e-08	0.6011638703251854	816
10	91013381	92006580	7.066272230320692e-05	3.7368651332239e-09	0.2477042185844233	428	0.0001088572444787	9.618664085141651e-09	0.2670243812395615	427
10	92006581	93335046	2.937513514987952e-05	8.731566764165144e-09	0.7532440575720158	508	1.3914725372061849e-05	1.1421040790805332e-08	0.8964056296991729	504
10	93335047	95396367	3.56811594924438e-05	6.4040990941266834e-09	0.6556899042137101	805	9.130472477913764e-05	1.5928641028732037e-08	0.4694082008198661	797
10	95396368	96221242	1.5029254183878306e-05	2.682731060646721e-09	0.7716880509011455	311	2.2899778652642215e-06	7.096836246477013e-09	0.9783136994885708	310
10	96221243	97822356	5.455382752219328e-05	5.1350744867381324e-09	0.4464820639685516	687	3.0312497070994375e-05	1.2299078032402428e-08	0.7846004589445519	683
10	97822357	100241301	0.0001141453949452	9.426838416822776e-09	0.2397376717409112	1058	0.000132322718386	2.5189273672184167e-08	0.4044318905145034	1052
10	100241302	100668399	-7.638367781076078e-06	1.258753922915715e-09	0.829538795090411	174	3.1496078886480666e-05	2.943639409877798e-09	0.5615667082288183	173
10	100668400	102949238	2.108158735919135e-05	7.223963546897705e-09	0.8041061921493645	895	-3.229106292791374e-05	1.709100960067133e-08	0.8049075512370708	890
10	102949239	104380409	-1.679676469641154e-05	3.786011321745412e-09	0.7848667270993197	385	-4.0107745003554e-05	6.0137556848006e-09	0.6050191798448383	382
10	104380410	106695047	4.7266584228155306e-05	8.164043575163512e-09	0.6008905495369304	877	-2.47280240465212e-05	1.7260382619490466e-08	0.850704726292224	874
10	106695048	108726685	8.617478431415943e-05	6.49801215595708e-09	0.285056093398176	780	1.2115264657907792e-05	1.7240924289824652e-08	0.92648485453613	778
10	108726686	110317704	6.707940744257451e-05	6.475302601472675e-09	0.4045048271964306	748	-0.0001176955589716	1.7431932586851612e-08	0.3726984618780078	744
10	110317705	112561492	9.858963249930333e-06	6.284729789008944e-09	0.9010286037975552	762	-0.000104041858742	1.5185141016701685e-08	0.3984997242308546	760
10	112561493	115328431	0.0001131403212636	1.092235723737952e-08	0.2789957523592072	1189	0.0002598500699817	2.9509240831701032e-08	0.130363834728686	1184
10	115328432	116421405	6.445940968084745e-05	5.264642349232667e-09	0.374332953822406	560	5.4293809268011026e-05	2.0066858648927503e-08	0.7015157919807458	557
10	116421406	119523933	2.671438449040659e-05	1.0157325963810429e-08	0.7909579356626273	1190	0.0001155260270275	2.6287615324512182e-08	0.4761355358945741	1188
10	119523934	120591352	-4.7908363195968766e-05	5.101824729044102e-09	0.5023917267016675	499	0.0001699111045087	1.501915769422857e-08	0.1656146404221472	492
10	120591353	122407322	1.4569831677043644e-06	8.116636838585374e-09	0.987097091777096	820	-0.0001516267731465	2.3168859016141452e-08	0.3191785729016437	816
10	122407323	123231464	5.626097988035776e-06	4.507958126077562e-09	0.9332195385284366	457	-9.572974048226772e-05	1.2815284821069141e-08	0.3977566110130791	452
10	123231465	123900544	-8.03548782234344e-06	3.6682029267122357e-09	0.8944512669774731	330	-1.4126383498648571e-05	1.0517009557871077e-08	0.8904396937644596	330
10	123900545	125869345	5.583857092255493e-05	1.0934680011416747e-08	0.5933500422162035	1066	-0.0001048634757842	3.1336678549222815e-08	0.5535985485223889	1065
10	125869346	128001097	0.0002562993565502	1.0881920587730932e-08	0.0140125671097547	1115	-0.0002830670789477	3.0899746697901664e-08	0.1073282443512639	1111
10	128001098	129154361	9.137207296188253e-05	6.171518034392833e-09	0.2447884747885788	602	-1.4881511147352946e-05	1.7557773928921447e-08	0.9105788678703975	597
10	129154362	130844283	8.925624965840246e-05	1.345406452944464e-08	0.4415931194615886	1111	1.3569178724605174e-05	4.2376844825318364e-08	0.9474448944264756	1106
10	130844284	131741326	1.466867079205268e-05	4.870514649379031e-09	0.8335226760305513	486	8.784361916179087e-07	1.4131685789391754e-08	0.99410411039376	484
10	131741327	132580244	0.0001218270968242	4.902129491795794e-09	0.0818574300635683	479	-2.814681843360063e-06	1.4603018048919413e-08	0.9814173009015802	477
10	132580245	134336328	7.541625737287522e-05	1.1608788491605909e-08	0.4839539917959248	1019	-0.0002004451660625	3.5536159736436453e-08	0.2876409007823832	1013
10	134494673	135523864	-2.202120773371304e-05	3.43644396302431e-09	0.7071751155122284	382	0.0001244051485961	8.685326784261562e-09	0.1819125594673651	374
11	70855	1213589	-1.463564004148802e-05	4.830086198874746e-09	0.8332085276018835	445	3.308706572341441e-05	1.2876985447488466e-08	0.7706111470362722	442
11	1213590	3665480	0.0001250717043045	1.3462792714142556e-08	0.2810639666818916	1036	-0.0001444697314545	3.7434988903211395e-08	0.4552531198575449	980
11	3665481	4746708	5.1431193249417585e-06	5.3462881537938246e-09	0.9439232966445156	513	0.0001138319184081	1.4275277303241222e-08	0.3407247348249502	512
11	4746709	6322868	-4.166753331690262e-06	1.1477821098092301e-08	0.9689759387188106	1167	0.0001515843010934	2.9978604445642694e-08	0.3813102764385326	1158
11	6322869	7436700	8.667640108238323e-05	6.6436335902156714e-09	0.2875990627766747	642	-1.9578688339394748e-05	1.7877914344765927e-08	0.883583248854703	637
11	7436701	8333273	4.6197677203549e-05	6.98697536299625e-09	0.580480994917548	584	-7.982948707156549e-05	2.0261625254749185e-08	0.5749178683385583	583
11	8333274	9087316	-4.563463367799622e-06	3.110615466484736e-09	0.9347880643553064	318	-3.593346379481039e-05	7.413972702038662e-09	0.6764412743944778	313
11	9087317	10952026	1.0562368332614466e-05	7.3502137317948995e-09	0.9019485870915188	753	1.3292786332850312e-05	1.9025714482142283e-08	0.9232260696439828	751
11	10952027	12564228	-4.2825521924747586e-05	1.5469046536592082e-08	0.7306004928788522	1258	-0.000192894439492	4.453995220724282e-08	0.3607183502423883	1254
11	12564229	13373123	2.898713699931768e-05	4.6528433493286686e-09	0.6708672223266539	445	-3.240828592829323e-05	1.2497814692685685e-08	0.7718974368457681	443
11	13373124	15742551	-0.0001370560671801	7.994804791859652e-09	0.125317449449204	903	1.486341755120546e-05	1.8810805485421347e-08	0.913701027958223	901
11	15742552	17578401	0.0002048403809034	7.39740794510541e-09	0.0172358214202102	703	0.0001225196413804	1.562834041038177e-08	0.327060265642769	701
11	17578402	19569534	8.522578059798776e-05	9.736046136258306e-09	0.3877344024389637	937	0.0001477565967221	2.653733534263134e-08	0.3643947193179826	935
11	19569535	21017137	5.7911445209666986e-05	1.0625888786099471e-08	0.5742522611007796	901	-2.4823192304498595e-05	3.170195130522937e-08	0.8891209182091571	899
11	21017138	22374141	-4.479144197537616e-05	7.1545436143784805e-09	0.5964264179569965	682	-5.955757371259831e-05	1.9984951931035985e-08	0.6735402913638966	679
11	22374142	24088516	-4.355034799077229e-05	6.914300175518911e-09	0.6004579048283063	718	0.0002072418451007	1.89314229521394e-08	0.1320130110960655	717
11	24088517	26045752	-6.332297031508098e-05	8.291619551071003e-09	0.4867977300148165	845	1.020236582658035e-05	2.19345129565947e-08	0.945079614112716	834
11	26045753	27020460	1.7469154509285457e-05	3.9402044461208305e-09	0.7807824197632267	418	-6.026291560518714e-05	9.777486247958668e-09	0.5422276449162526	417
11	27020461	28481592	0.0003302660453706	5.693648247325224e-09	1.2036812338691346e-05	470	0.0001454538414199	1.2515985044047344e-08	0.1935503665133255	467
11	28481593	30141356	0.000227786826093	1.3371196687219485e-08	0.0488502044627071	483	-2.210590073590548e-05	2.5344512363574582e-08	0.8895635379080474	481
11	30141357	32276900	0.0001441087595019	6.697497785005723e-09	0.0782557438454649	750	0.0001813405311961	1.5092537304499655e-08	0.1399188969190586	748
11	32276901	33958738	3.9852215024311565e-05	6.039756407352197e-09	0.6080955773865475	643	-5.114299655544896e-05	1.5026189667513224e-08	0.6765198734903382	639
11	33958739	35502604	-7.68260104858289e-06	9.013207355679e-09	0.9355036886748072	910	8.553197963244039e-05	2.3121479819728952e-08	0.573777005796234	909
11	35502605	37116814	0.0001286571728339	9.221507859545051e-09	0.1803173381815475	818	0.0001342564289177	2.6171971161881878e-08	0.4066049304221008	814
11	37116815	39382002	0.000267877967513	6.257212407710707e-09	0.0007079939782982	517	0.0001915602538584	1.2145939224562766e-08	0.0821825540665378	516
11	39382003	42310002	-1.963556529930981e-05	1.0660912403941073e-08	0.8491744724114751	1088	0.0002718100853844	2.806049450035228e-08	0.104669797530177	1084
11	42310003	44693798	8.701192345907415e-05	1.176586903260242e-08	0.4224542554650247	1110	0.0001288415600027	3.1150604233008134e-08	0.4653903110977215	1103
11	44693799	47006136	0.0002816378492286	9.492854027192364e-09	0.0038446956663932	833	-8.742118433628501e-05	2.195212339147041e-08	0.5551665981711482	826
11	47006137	49866049	4.010677489152715e-05	5.036572322477486e-09	0.5719837155332195	622	-3.882039761703896e-05	9.787188355158161e-09	0.6947613461062971	614
11	49866050	54695472	1.172809281342258e-05	1.921238448867769e-09	0.7890306383249066	234	-1.0632998319248606e-05	3.4951095246984573e-09	0.8572654821871132	231
11	55082657	58457494	0.0001320239848389	1.3772389718003188e-08	0.2605937954049556	1341	7.6116633877935e-05	2.4032633258618187e-08	0.6234285246054407	1331
11	58780549	62223770	0.0001481712566023	1.1515468626089882e-08	0.1673479172740795	1201	9.772980573306288e-05	2.8384405332493577e-08	0.5618613517389139	1195
11	62223771	63804568	-8.723243130545682e-05	7.1898771682228955e-09	0.3035889358827949	385	4.319246248163802e-05	8.922387114250568e-09	0.647480982277735	383
11	63804569	65898630	9.851795148322013e-05	1.1095821247155585e-08	0.3496506774514357	670	-7.880243667147647e-05	1.748928330352926e-08	0.5512601331252456	663
11	65898631	68005824	-6.830408558495177e-05	4.091311899283177e-09	0.2855824832586061	462	-0.0001147111369458	9.371527533328685e-09	0.2360368214914884	461
11	68005825	69516129	4.119319966294614e-05	5.943862888977592e-09	0.5931289188366069	580	-1.9919879014749664e-05	1.498580789183867e-08	0.8707372233399334	579
11	69516130	70926291	0.0001169953136656	1.2336920343335982e-08	0.2921890714295451	551	-6.316593384318309e-05	2.0837517903015442e-08	0.6616889717729655	548
11	70926292	72286016	2.205306174092206e-05	3.6638556599409103e-09	0.7156086052596758	378	-2.6911703147485892e-05	8.933660233123854e-09	0.7758544006516864	374
11	72286017	74412350	1.9889209605523668e-05	6.548558618887089e-09	0.8058533613659549	713	4.124086960336659e-05	1.5968062855665885e-08	0.7441492840691134	708
11	74412351	76797208	9.991037100505096e-05	9.216524386752613e-09	0.2980132136610862	885	-0.0002419281773473	2.2222426841425906e-08	0.104611621910544	880
11	76797209	78355057	1.1002203812140468e-05	4.3289211558836074e-09	0.867196454815168	524	2.2420555663653147e-05	8.691299559143e-09	0.8099474142856952	521
11	78355058	80722372	0.0001457997884928	1.3606584834946282e-08	0.2113286571885887	1215	-0.0001075752954558	3.8245973088005835e-08	0.5822698593559832	1213
11	80722373	81266711	-9.003355270224118e-05	4.7345283740045705e-09	0.1907116394877298	300	0.0001230331098113	1.0992582742752389e-08	0.2406072304228146	300
11	81266712	84381271	0.0002126013514614	1.2931175622622493e-08	0.0615403924517881	1363	-0.0001330089146958	3.1947808102055136e-08	0.4567860128385878	1347
11	84381272	86619300	1.1568407577950751e-05	8.932794210082506e-09	0.9025825735348392	920	0.0001890851953944	2.1934994598264293e-08	0.2017082827987044	916
11	86619301	87430234	-2.1518551892510943e-05	3.4519592300128133e-09	0.7141769124283729	372	-7.723914855594415e-06	8.72166607823741e-09	0.9340852028996908	367
11	87430235	89208935	0.0001394624652382	7.782733410463125e-09	0.1139118419389267	692	0.0001471465469316	1.9397590999085143e-08	0.2907324264339507	688
11	89208936	90966489	2.013186115919531e-05	4.214025164513911e-09	0.7564666689062061	487	4.960318711454081e-05	9.414042813777204e-09	0.6091857564597184	484
11	90966490	92077143	-2.2586637934593948e-05	3.8699972797724744e-09	0.7165489128524427	417	2.5791782882509103e-05	9.90005705899205e-09	0.7954682594187215	415
11	92077144	93276156	-5.915871917820879e-05	4.119448678622154e-09	0.3566744205559161	474	-2.3627457683805317e-05	9.958370233899393e-09	0.8128368397427815	475
11	93276157	94242259	1.950770455126076e-05	3.224813467887279e-09	0.7312062009353146	337	8.504180548617083e-06	7.426741990948421e-09	0.9213915979965802	337
11	94242260	95726040	-3.447791732946873e-05	7.336968231100271e-09	0.6873046180559961	663	3.5082213712209964e-05	2.0525602294489424e-08	0.8065555832938576	662
11	95726041	97057057	8.421365811271743e-05	6.415187623113959e-09	0.2930639362148552	592	4.875679551532898e-06	1.740476217673016e-08	0.9705189929349156	590
11	97057058	98705064	3.324919944340489e-06	7.032659421144398e-09	0.9683737506329824	681	-4.8158028761157066e-05	1.9342967439401583e-08	0.7291444349021433	680
11	98705065	100417168	8.835955978096672e-05	1.0454538496935734e-08	0.3874924060135086	931	9.38825240745674e-05	2.9686014387439994e-08	0.5858291977965103	924
11	100417169	101331120	2.830156562234036e-05	4.3892377667742345e-09	0.6692446484145732	458	-4.860782173661415e-06	1.1433946800398585e-08	0.9637424389985628	452
11	101331121	103959635	3.328589147978678e-05	1.2321637402767078e-08	0.7642800257408688	1245	-8.0489398808717e-05	3.2719032966245185e-08	0.6563357164513244	1239
11	103959636	104873283	-2.8529619173896685e-06	3.534448086115313e-09	0.9617255842160968	329	-6.436698353190766e-05	6.4754254378836065e-09	0.4237758809475119	327
11	104873284	106520893	-4.922871473018195e-05	4.860237809404751e-09	0.4801021662844098	545	0.0001733422022412	1.1588606831199781e-08	0.1073470218569328	544
11	106520894	107844199	8.125571005996967e-06	5.722220510918115e-09	0.9144584479054686	542	6.341100657789878e-05	1.5780837194305704e-08	0.613715415345045	538
11	107844200	108437036	-4.739579022179463e-05	1.6560327306392992e-09	0.2441499672118354	163	-1.7914093762561373e-05	2.6246334305593813e-09	0.7265850765324571	162
11	108437037	109866115	-4.798353726408345e-05	3.6546662890071343e-09	0.4273573125757083	408	-5.489415869030576e-05	9.066772487850971e-09	0.5642768547741523	407
11	109866116	111114396	7.547104923422092e-05	5.142826558055791e-09	0.2926176140863488	553	4.930777499313444e-05	1.32047388879872e-08	0.667856217187532	551
11	111114397	112459487	-2.2848016422063828e-05	4.099481900577119e-09	0.7212051394879337	463	-0.0001658832640723	9.293556271807805e-09	0.0853006387816128	460
11	112459488	114257727	0.0010345169812059	5.489452119159519e-08	1.0080883411545308e-05	896	0.0002276766382099	6.329345001377158e-08	0.3654758676876583	893
11	114257728	114830665	-9.906173186633625e-06	2.4296715241693068e-09	0.8407217056318114	259	8.116391822789732e-06	6.325691306770631e-09	0.9187177343090432	258
11	114830666	116383347	0.0001887708206093	1.0665239714653396e-08	0.0675663804409809	731	0.000250751313072	3.7478507700198574e-08	0.1952355751619969	727
11	116383348	117747109	5.224523236994892e-05	8.36787883819778e-09	0.5679079582629318	721	6.402040346842585e-05	2.3701841773687572e-08	0.6775263178289892	720
11	117747110	119215475	0.0002632667646386	7.318979939405962e-09	0.002088803850119	634	-2.174366037989199e-06	1.5384036440940092e-08	0.9860132979569726	632
11	119215476	120766805	0.0001200617771567	8.219290814765226e-09	0.1854022005797031	746	8.411342955142175e-05	2.2402959561776033e-08	0.5741368899000154	741
11	120766806	121175942	-1.5335036717998567e-05	2.331175312335174e-09	0.7507790207702038	230	3.7441222248960226e-05	6.260434744241357e-09	0.6360681386139877	231
11	121175943	122591909	0.0001535120465527	5.997974765747009e-09	0.0474606023744638	545	3.075559451697297e-05	1.6442392086595886e-08	0.8104457286376633	541
11	122591910	123500116	4.995306873052002e-05	1.0354762101041013e-08	0.623497914019542	476	0.0002497001939311	1.8065621149777292e-08	0.0632013883592297	474
11	123500117	124495527	-4.095451864500347e-05	6.284618456440301e-09	0.6054287997913825	546	6.011344351984676e-05	1.3881546721434749e-08	0.6099012933460771	537
11	124495528	126311319	8.991950782075497e-05	1.0216233926035186e-08	0.3736655965418266	922	-5.220641615839285e-05	2.8525636601687425e-08	0.7572415593883739	918
11	126311320	127316678	-5.040003151219104e-06	6.809221362417988e-09	0.951297395225638	625	-1.879750904752836e-05	1.8569999797345035e-08	0.8902868000561946	624
11	127316679	128188536	-2.3311431147798582e-05	3.5262578598057504e-09	0.6946405762174945	346	-2.2642133542111544e-05	9.722184658348682e-09	0.818376503527888	343
11	128188537	130342574	-3.7327091663380354e-05	1.2004008539061221e-08	0.7333360113336911	1010	0.0001613930889132	3.413003161753863e-08	0.3823317834019685	1004
11	130342575	131074611	0.0001235017888415	5.4649560396078046e-09	0.0947950599585749	423	0.0002011265157172	1.306286171113574e-08	0.0784507597710506	423
11	131074612	133000045	7.83197181941792e-05	1.850991536689645e-08	0.5648424665787739	1260	-2.04149886427662e-05	4.0881623638693286e-08	0.919575618820702	1256
11	133000046	134205992	0.0001452802918573	1.61765215901619e-08	0.2533468763006801	612	0.0001281767996277	2.3096635829900033e-08	0.3990031827640526	609
11	134205993	134946451	9.808680442921482e-06	6.7464241061305705e-09	0.9049433359502228	476	-1.1286720388642926e-05	1.7767854614043956e-08	0.932520536654852	475
12	61107	1080330	7.216325163757935e-05	4.713656303840769e-09	0.2932203314075943	387	6.568367015944777e-05	1.2220534585561181e-08	0.5523969618357464	386
12	1080331	2544785	0.0004826623031335	2.142240911231535e-08	0.0009748527950943	587	0.0001889604889887	1.730697557681138e-08	0.1509026461160287	585
12	2544786	3677036	-9.19882865717225e-05	7.57524178746293e-09	0.2905568041744285	588	0.0001774949196585	2.2007810637610824e-08	0.2315178267502928	585
12	3677037	4417678	9.542522674450398e-05	5.998265256228193e-09	0.2179070591193072	449	-9.070975890872467e-06	1.6991547815984004e-08	0.9445211819503057	448
12	4417679	5321471	1.077982878898056e-05	6.3264270389696635e-09	0.8921935439806877	565	-0.0001329962346168	1.7427272349110957e-08	0.3137173091711268	562
12	5321472	6419752	-5.8757539120861174e-05	7.2370638737809275e-09	0.4897611473585127	632	9.739270287532608e-06	2.0099873625267903e-08	0.945231815594114	627
12	6419753	8377535	-4.071403160227119e-06	2.2603952291876042e-09	0.931756478054744	213	-0.0001549644615262	6.838444858816858e-09	0.0609400305433657	211
12	9031395	10481533	7.009840792755022e-06	2.808570877604711e-09	0.8947697461215423	259	-2.273915203973015e-05	7.3755470827544685e-09	0.79118271751817	259
12	10481534	11754845	9.556503800400716e-06	4.313212272520229e-09	0.8843066920112043	463	-9.358209778854689e-05	9.747268669182704e-09	0.3431928279281488	449
12	11754846	12733527	3.459491701130232e-05	9.609866235688698e-09	0.7241622146614881	504	0.000189578744419	1.8816393255222248e-08	0.166958599625928	503
12	12733528	15241483	2.9908038581828164e-05	1.3895167113607717e-08	0.7997112758819549	1192	-0.0003247909924038	3.7611130625813664e-08	0.0939864754371189	1180
12	15241484	16310459	-2.5384722495381513e-06	2.9998267365206198e-09	0.9630334487498298	299	9.462337293584742e-05	7.133361669945753e-09	0.2625672973671924	299
12	16310460	18087872	5.5968655812224225e-05	6.562223608681629e-09	0.4896242154132231	666	0.0001904247000645	1.633662812718249e-08	0.1362641109569438	664
12	18087873	20863942	1.6461493025870197e-07	1.3060602380239237e-08	0.9988507155525792	1166	-0.0001662981293016	4.0022848242229134e-08	0.4058305661258273	1160
12	20863943	23820633	0.0001081049164956	1.2493629262134122e-08	0.3334609250956299	1297	1.3254796616046944e-05	2.8834953438228306e-08	0.9377824851813376	1289
12	23820634	25371082	9.178529536744562e-05	9.595434796004217e-09	0.3487572376611919	843	6.0113607707271134e-05	2.604367430217164e-08	0.7095235566631917	835
12	25371083	27799772	-6.055587768440662e-05	1.3133972561618633e-08	0.5972255859152791	1213	-0.0002100915080328	3.4278977958269756e-08	0.2564862414182925	1208
12	27799773	29651254	-2.3444132554075573e-05	7.697216746247602e-09	0.7893005594786605	821	7.734189326076664e-05	1.815205466349041e-08	0.5659320148436808	819
12	29651255	30512405	-2.243838863212698e-05	5.2967879070099094e-09	0.7578476659200583	550	4.6290943113911754e-05	1.2364964166973152e-08	0.6771952707341466	547
12	30512406	32165591	5.256921690654441e-05	8.246739706680775e-09	0.5626685100507502	744	0.0002033651674473	2.1808416945088485e-08	0.1684822937926252	739
12	32165592	33076988	5.07831870025351e-05	4.701048393967877e-09	0.458895790671412	457	7.791334721962073e-05	1.1380712677546846e-08	0.4651802814733721	454
12	33076989	37856716	3.990221533110038e-06	3.847362054192342e-09	0.948707238992622	465	4.1980917787526765e-05	8.542179989958521e-09	0.6496694981529245	464
12	37856717	39227168	8.69578779622361e-06	1.4195599773586735e-09	0.8174717273116816	181	1.647894396405038e-05	2.83054709550284e-09	0.7567603687100217	180
12	39227169	40816184	1.4159103978172289e-05	5.624801695420273e-09	0.8502563274034114	576	2.3384164788209745e-05	1.2694075934207924e-08	0.8355808785432501	571
12	40816185	41658585	3.101800079631585e-06	3.665635895361008e-09	0.9591408569628934	417	2.126291984368551e-05	7.936689671099708e-09	0.8113591928826346	414
12	41658586	43984473	0.0001069159229999	9.798331195043998e-09	0.2800950318960257	1055	-2.9912709425025334e-05	2.241456480838142e-08	0.8416387598466143	1049
12	43984474	46024228	8.012057790417689e-05	5.161442880132617e-09	0.2647584006535483	559	-8.112055976348214e-05	1.2339166695215972e-08	0.465220472741241	557
12	46024229	47714792	1.9124201487541693e-05	5.452811601595467e-09	0.7956475257633966	562	2.8230030441034095e-05	1.2363175727756932e-08	0.799580210984042	561
12	47714793	49001865	-3.942115488437174e-05	6.2898480382212284e-09	0.6191463767225105	639	-4.62428670429323e-05	1.5411408994532425e-08	0.7095223344732245	637
12	49001866	51776493	-9.573627222825962e-06	6.8901343940536085e-09	0.908179271953452	805	1.4278632954029612e-05	1.4230642134506964e-08	0.9047251167450564	799
12	51776494	53039003	6.272063058376898e-05	7.150736136471401e-09	0.4582621227583584	745	-8.960269975472844e-06	1.6562208903382863e-08	0.9444925517964428	742
12	53039004	54778822	9.992504843924817e-05	7.550020225949411e-09	0.2501411778979666	709	1.0990472789289144e-05	1.8195266406061683e-08	0.935062296689664	701
12	54778823	55665836	1.1724267375407273e-05	3.2316726594530253e-09	0.8366037658727167	328	-3.820966896418692e-05	7.229476541209001e-09	0.6531529972747754	327
12	55665837	57548859	3.529599054477312e-05	6.054778541337798e-09	0.650114349732497	538	-4.1139363572443995e-05	1.1474631722972305e-08	0.7009411128708855	535
12	57548860	59308665	5.522301690500408e-05	6.803915995521749e-09	0.503186336219172	596	0.0001566243488505	1.3787546487452837e-08	0.1822441709619869	594
12	59308666	61123728	4.277829900709137e-05	4.574347504534689e-09	0.5270617260117645	542	6.307379855556183e-05	1.0052591240675397e-08	0.5292927984403512	541
12	61123729	64032460	3.731749603507114e-05	1.1856634058259608e-08	0.7318136641960526	1172	-5.022237163993983e-05	2.946823903674307e-08	0.7698558253476347	1171
12	64032461	65559694	1.0421903753619456e-05	4.574808387009838e-09	0.87754264784683	449	-1.4052883952301884e-05	1.1713936605829232e-08	0.8966917100130393	444
12	65559695	67181143	8.881380180341394e-05	7.088892373953404e-09	0.2914933079399254	629	0.0001711373178861	1.490305910728767e-08	0.1609547767294977	628
12	67181144	67909728	-2.5430768151367505e-05	3.6669069585130632e-09	0.6745135403394324	358	4.640617275272736e-05	9.196884533407032e-09	0.6284570275485973	358
12	67909729	69826541	-5.359878021581852e-05	1.0586058817386567e-08	0.6024085282149999	937	5.508158881315487e-05	2.8807948865424182e-08	0.7455393926002428	932
12	69826542	70957986	8.011039816854476e-06	6.266757235482489e-09	0.9193941120415784	596	-8.286869999255214e-06	1.4315877855106008e-08	0.9447827856545924	590
12	70957987	72645074	7.330808125892156e-05	6.466498831832561e-09	0.3619650251333257	662	6.068884799843383e-05	1.6107890552372273e-08	0.6325235450143096	659
12	72645075	73818453	3.080112913556822e-05	3.3618097597816282e-09	0.5952615439072686	377	-2.8749556228978708e-05	7.894346079631067e-09	0.7462608867866416	376
12	73818454	76511313	0.0002153775906107	1.0499393844931908e-08	0.0355593436567298	938	-0.0001796925857363	2.2572811360592807e-08	0.2316899473132422	929
12	76511314	78570569	7.120139686424714e-05	9.373714005182748e-09	0.4620866030100177	927	2.512345120996753e-05	2.260717137496879e-08	0.8672975008677901	922
12	78570570	80448149	-2.598133248923515e-06	4.605909319522731e-09	0.9694622019200924	479	-8.770175625303627e-05	1.1049827672199546e-08	0.4041029753224008	479
12	80448150	81467766	0.0001241705088237	3.6461087565441873e-09	0.0397457748184166	355	7.403112111087709e-05	8.000522887869499e-09	0.407859652025785	353
12	81467767	83502665	1.478813981419117e-05	7.067397077393756e-09	0.8603667896266427	690	-0.0001268007482701	1.7687666762278862e-08	0.3403747717044256	689
12	83502666	84303843	-1.6389618742775933e-05	3.7389657894681705e-09	0.7886716191033767	276	1.4852149770825527e-05	6.9491940662609974e-09	0.8585934900115575	272
12	84303844	85990425	4.1121060774592595e-05	4.274020959862478e-09	0.5293534746533863	506	5.734092141935377e-05	9.301021729005193e-09	0.5521342834845968	504
12	85990426	89682121	-4.0889439002677175e-05	8.14404124225462e-09	0.6504789080422895	900	-3.8258920639995424e-05	1.8639732401548632e-08	0.7793019178692497	897
12	89682122	92066154	0.0001282340742456	9.34457483134363e-09	0.184657540654029	751	0.0001422504735445	1.7787547428127742e-08	0.2861590399209636	750
12	92066155	94514566	-9.87076994767594e-05	1.2048619910056086e-08	0.3685173833875554	1050	-0.0003219363700692	3.2196440337224735e-08	0.0727843757354254	1046
12	94514567	96020784	5.3985055417405534e-05	9.309151747215848e-09	0.5758043526255158	831	0.0001398561002898	2.3774509674342436e-08	0.3643865392713054	821
12	96020785	97108838	2.799137245464364e-05	5.673874656441344e-09	0.7101851973904216	535	8.60438123719419e-05	1.4208818870172436e-08	0.4703931488136059	530
12	97108839	99305986	7.956075659333925e-05	1.1637429125640326e-08	0.4608097179377641	1076	-8.647484749711895e-05	3.0788318308711064e-08	0.6221329646532987	1072
12	99305987	101447640	-5.087540064894981e-05	8.052820379280019e-09	0.57075784085503	787	-7.039175380193298e-05	2.0425052045946613e-08	0.6223386989489366	784
12	101447641	101862689	1.8562521276526087e-05	1.6323193199288307e-09	0.6459139754118899	176	3.047295340515983e-06	4.896880956732894e-09	0.9652657765639474	175
12	101862690	102964985	6.688983871522566e-05	4.1337726888879885e-09	0.2981691102796578	419	-0.0002812109969	1.0300183213444021e-08	0.0055913671789278	417
12	102964986	104848695	5.617904498627882e-06	9.42633938673819e-09	0.9538575570320136	935	7.114493389020022e-05	2.3316843881449857e-08	0.641274496928583	929
12	104848696	106436212	1.6337659642816576e-06	9.767935597397936e-09	0.9868110952097928	1006	0.0001275223119731	2.3402303369605858e-08	0.4045073242730114	1003
12	106436213	106958747	3.6459326733986896e-05	3.961042147812847e-09	0.562386419668903	266	-2.3147505103589583e-06	6.153950584415881e-09	0.9764601207877855	264
12	106958748	109025900	0.0001357096290361	8.340904346050626e-09	0.1372924403261079	881	-0.0001050906509167	1.9682876218838544e-08	0.4538177212755921	878
12	109025901	110336718	-8.57328181906209e-05	8.959236094993494e-09	0.3650645843942961	489	-3.696888183365921e-05	1.0601160264128792e-08	0.719554788223069	487
12	110336719	113263517	5.38416301151031e-05	8.461986101000695e-09	0.5583428236038444	588	0.000153255114738	9.181796146063892e-09	0.1097366076960239	584
12	113263518	113986708	4.182255562193991e-05	2.574245265229224e-09	0.409768788395113	275	-1.0489641051053248e-05	5.8875317336354285e-09	0.8912615891672289	272
12	113986709	115036601	-4.595766274913491e-05	6.9039972012136254e-09	0.58019147294136	622	-5.068117536726192e-05	1.840560011341847e-08	0.7087244524490409	621
12	115036602	115503215	3.126607151051182e-05	2.7299243681870507e-09	0.5495671606991768	221	-7.127264133823705e-06	8.226160187390801e-09	0.9373649332041836	217
12	115503216	117087470	7.671106153534098e-05	1.0149208069276428e-08	0.4463877845109677	866	-4.831331256340777e-05	2.7080404465896964e-08	0.7690722599226685	864
12	117087471	118135374	-2.7249990130153776e-05	5.905294192359175e-09	0.7228850861731402	521	0.0001914283907705	1.5788584702985965e-08	0.1276404229306532	519
12	118135375	119754109	-1.0080858647860851e-05	1.1109498090390228e-08	0.9238046171353822	793	0.0001592898783293	2.234847556391387e-08	0.286637769946479	788
12	119754110	122007650	0.0002410815328506	1.1381762272373791e-08	0.0238371609041588	846	-8.103933332849211e-05	1.765892269981485e-08	0.5419698014103679	836
12	122007651	124977979	-0.0001279270385025	8.334299177428676e-09	0.1611275823234116	931	-0.0002037430759973	1.685342939416432e-08	0.1165504999419257	927
12	124977980	126445504	6.903076866090125e-05	9.61873594288176e-09	0.4815225651756155	743	0.0002117263991273	3.4623852668580144e-08	0.2551806036110342	740
12	126445505	127875097	-0.0001080132895309	8.366806970246506e-09	0.2376595255873108	777	-6.15052711035603e-05	2.3963147341506573e-08	0.6911315133980954	776
12	127875098	129237296	0.0001036918392378	1.1370374221674022e-08	0.3308379537459281	828	0.0001077435856008	3.3195355299739084e-08	0.5542784890417762	824
12	129237297	130377920	-3.5574442347489945e-05	1.033499811623714e-08	0.7263901898472013	784	5.395014300952913e-06	3.0208000690865034e-08	0.9752370755517484	781
12	130377921	131786750	-1.1959759808616096e-05	1.1909050536609707e-08	0.9127319476409012	906	-4.384970006347277e-05	3.4314948654254485e-08	0.8128782476812033	896
12	131786751	132807033	-3.634760782038477e-07	4.436397145002885e-09	0.9956458986797032	423	-6.439123133410857e-05	1.1242229310819604e-08	0.5436544092030973	420
12	132807034	133841510	-2.12456424623149e-05	2.4010430512753292e-09	0.6645929865867322	232	7.58270257211791e-05	5.485315827550044e-09	0.3059207549786704	228
13	19020013	20686719	7.932617844421429e-06	3.657434109114832e-09	0.8956423185962858	394	-0.000101556334975	8.198811124884522e-09	0.2620396067343334	390
13	20686720	22242173	-6.081824550459027e-05	7.503578204933067e-09	0.4826160888794299	690	-3.932567623345224e-05	1.9880591244712735e-08	0.7803151431558731	683
13	22242174	23594701	4.8030602090837425e-05	1.1042236084113482e-08	0.6476155889876534	797	-5.890130949522253e-05	3.3615532720300636e-08	0.748014321524237	792
13	23594702	24531936	-2.090506591445711e-05	7.178479313204137e-09	0.8051113148346821	614	-0.0002247846965521	2.0069441048728456e-08	0.1125770626351543	613
13	24531937	25784361	1.0613133812243615e-05	8.945032169123802e-09	0.9106525728313468	771	-7.889414121451047e-05	2.5153522032936785e-08	0.6188750519942319	765
13	25784362	27284361	-5.0969016700258675e-05	6.273310296549598e-09	0.5198907576845735	645	0.0001332253795765	1.5636028091471734e-08	0.2866826919401419	642
13	27284362	29257550	8.28359104026106e-05	1.20032206429401e-08	0.4495991398267325	1039	-0.0002297482336017	3.3770396458530206e-08	0.2112216535633578	1032
13	29257551	30483266	0.0001011996666497	6.075357521582099e-09	0.1941656756903776	580	0.0001175818579825	1.64366600863401e-08	0.3590716103874682	574
13	30483267	32301814	4.832507755670726e-06	1.0991105193004048e-08	0.9632346954651944	913	8.459074552225844e-05	3.0973029585851385e-08	0.6307636505005865	910
13	32301815	33776902	-2.232911692370797e-05	6.806426499211506e-09	0.7866583488776413	695	4.011450489614092e-05	1.5825158460526985e-08	0.7498174433544444	687
13	33776903	35026463	7.023754729867262e-05	5.2380507083061225e-09	0.3318096288040303	522	-0.0001302130703964	1.354742552852712e-08	0.2632543433003488	518
13	35026464	36046366	-1.027833396249143e-05	3.0143606811503953e-09	0.8514973117061524	262	4.795393028300864e-05	8.525840536043527e-09	0.6035204698328646	260
13	36046367	37498184	6.853844976874226e-05	8.129777257958422e-09	0.4471694747970469	752	-5.886307662888389e-05	2.1816009011399043e-08	0.6902434128931034	749
13	37498185	38878162	0.0001561130325364	1.122705299336199e-08	0.1406563683208264	697	0.0002437830135598	1.5363368532102777e-08	0.0492062634431822	695
13	38878163	41069262	0.0002482391420246	1.2958655634031161e-08	0.0292077078396598	1027	0.0001758627010756	2.7398426588646663e-08	0.288028751493301	1022
13	41069263	43101026	2.10152408916983e-05	6.767453358136255e-09	0.7983683661433197	725	3.790900941106377e-06	1.6803777692756766e-08	0.976669871299246	719
13	43101027	44901408	0.0003889018630153	1.1062215282767958e-08	0.0002176544780238	930	0.0001286540949913	2.4971973987375042e-08	0.4155668101971282	926
13	44901409	46495213	1.3133165341097345e-05	6.27128953164702e-09	0.8682823565411364	603	5.3185697249945606e-05	1.5604474884394155e-08	0.6702788639605252	599
13	46495214	47431078	-3.535933512514623e-05	4.145340717788421e-09	0.5828738919980834	417	4.470226929843695e-06	1.056905413449102e-08	0.9653171534414692	417
13	47431079	49383961	-3.35403189324932e-05	7.026719058481786e-09	0.6890677046488103	716	-4.203977751200008e-05	1.7694970021402724e-08	0.7519757705162825	715
13	49383962	51591090	-1.786008248136255e-05	8.931554855787091e-09	0.8501071003383085	869	-0.0002205322545796	1.9113386641056717e-08	0.1106772459995931	864
13	51591091	53339621	-6.67073753763473e-06	5.495170600935481e-09	0.9282969707448748	540	-4.436152083684953e-05	1.1799822633143184e-08	0.6829918000515283	535
13	53339622	54682863	3.193775130981406e-05	6.396533832375188e-09	0.6896500336727566	610	5.196871810036307e-05	1.6351108031887697e-08	0.6844386063262135	608
13	54682864	55817130	4.991675158496028e-05	1.0608463209126992e-08	0.627931083695101	380	2.8250737842928383e-05	2.364984044190376e-08	0.8542466415269673	379
13	55817131	57554216	0.0002142416412771	9.27847697522356e-09	0.0261378487666141	362	0.0002499856273439	1.5207762500344466e-08	0.0426487480792991	362
13	57554217	58410625	2.3570329656849927e-05	2.202246656183798e-09	0.6154813197620055	254	-3.240920550355784e-05	5.28514118699606e-09	0.6557417042114845	253
13	58410626	59302270	9.07908634432266e-05	6.683700529859812e-09	0.2667670079316664	263	4.2437933211375526e-05	1.6624880660893238e-08	0.7420531410482183	262
13	59302271	60854777	8.33112223666598e-05	6.393790874027469e-09	0.2974599853901127	644	-8.691596067882965e-05	1.51289783002768e-08	0.4797937470081487	639
13	60854778	61591948	1.4571596010505164e-05	3.337646121432401e-09	0.8008676727844175	346	2.9707964191367303e-05	8.234526553490859e-09	0.7433796761118037	345
13	61591949	63971558	-0.0001165296162711	9.118146969647984e-09	0.2223336957588298	800	-0.000160521500138	2.045594253517573e-08	0.2617189803886262	795
13	63971559	65200601	1.7494730513624597e-05	3.4247234665516326e-09	0.7649803260974686	386	9.811619217162888e-05	7.891185491666435e-09	0.2693720707729072	385
13	65200602	67844452	3.498700859204491e-05	1.24375382372997e-08	0.7537351409070032	961	1.910301546080337e-05	2.1078772138708815e-08	0.8953190482302937	960
13	67844453	70724515	1.4718356058772803e-05	1.0682408245029033e-08	0.8867602475691958	1081	-5.054861428729284e-05	2.7165306526127614e-08	0.7590780873156416	1075
13	70724516	71526790	-5.588012098306792e-06	4.3428266436969406e-09	0.932424237264877	392	-0.0001397301542325	1.189772168003612e-08	0.2001842320304531	391
13	71526791	73934088	6.525911483683941e-05	1.0637644421294431e-08	0.5269099586291899	1003	0.0001250203980732	2.7943310773030127e-08	0.4545221253725887	1001
13	73934089	75670142	-4.960148647505762e-05	9.314176067739253e-09	0.6072856249799319	825	-2.0018789194271552e-05	2.5537429520031696e-08	0.9003093133101142	821
13	75670143	77410554	-4.065181368817324e-06	9.229555869802051e-09	0.9662479621204644	900	4.863851005938154e-06	2.4457635743596248e-08	0.9751890679471368	896
13	77410555	78808812	5.353827812877695e-05	4.997401433339045e-09	0.4488447451396566	504	-1.8157263578348308e-05	1.2098928707173846e-08	0.8688862565515609	500
13	78808813	80585675	6.059367573153462e-05	6.176632865969308e-09	0.4407100606264152	662	6.771332272051753e-05	1.4437024228136884e-08	0.5730579244149243	660
13	80585676	82581813	0.0001081060240317	7.602575712217786e-09	0.2150304879471206	741	-2.790382536401279e-05	1.9411306312238052e-08	0.8412620429486798	738
13	82581814	84133143	7.698315354211686e-05	4.114397390056358e-09	0.2300735246494073	493	0.0001327264710978	8.661153172645021e-09	0.1538208014212465	473
13	84133144	85610915	9.162476383061484e-05	4.983872512237823e-09	0.1943338468755443	527	7.064292095225091e-05	1.591235211011767e-08	0.5754676246950949	511
13	85610916	88559881	2.603194071138797e-05	9.095129497147881e-09	0.7848824690896483	940	5.42364264039645e-05	2.2092874867166842e-08	0.7151916447855142	933
13	88559882	90521310	4.3098118879356886e-05	5.215380892368118e-09	0.5506533193467976	597	1.4777787775327977e-05	1.1873298869277914e-08	0.892121697426289	596
13	90521311	93129690	-0.0001071960379793	1.0243795966280742e-08	0.289541684615909	1042	-6.073434789223314e-05	2.6010233347824313e-08	0.7064825322242549	1036
13	93129691	93586454	-4.553073435520475e-05	1.767468734100636e-09	0.2788080595801536	153	-4.193024735344605e-06	4.121451919061506e-09	0.9479244718832364	153
13	93586455	96087557	4.6320593407028583e-05	1.4986087090152635e-08	0.7051471485298164	1426	-0.0002093243175927	3.9925867815327495e-08	0.2948262596062091	1418
13	96087558	97519209	0.0001920830113752	7.173598795755307e-09	0.0233364125383587	411	-1.2809958170868212e-06	9.151406892947641e-09	0.9893160742409812	410
13	97519210	98938918	-6.388610931825166e-06	5.342195448685578e-09	0.9303479512139085	499	0.0001263247778759	1.4592305333592082e-08	0.2956778994286192	493
13	98938919	100574094	5.410605977082112e-05	9.354143270550562e-09	0.5758699204496396	910	3.414664118457798e-06	2.3160820826943523e-08	0.982099109312602	906
13	100574095	102300522	4.642349938226893e-05	8.844721763939954e-09	0.6215721336385078	873	-0.0001425720168015	2.281150603678593e-08	0.3451859548206285	868
13	102300523	104066709	7.899622904479852e-06	1.1025561382669234e-08	0.9400296559516572	1059	-3.085969722642046e-05	2.8806489677390807e-08	0.8557223988496987	1053
13	104066710	104844113	-4.3787090178973975e-05	4.182198946235542e-09	0.4983514825886369	366	-5.509850418836029e-05	1.1696645144191884e-08	0.6104306015511141	365
13	104844114	106247553	4.786816186430345e-05	8.679914010189876e-09	0.6073960140196588	742	3.0315849847001644e-05	2.427565653539426e-08	0.845726652579302	740
13	106247554	106749999	5.1758831213218645e-05	3.798522482677995e-09	0.4010191889628465	317	0.000110076245547	1.0787895183748263e-08	0.2892341154421703	313
13	106750000	108189876	9.052646862859628e-05	8.610027693006025e-09	0.3292610391568445	719	4.0641639135132425e-05	2.3870682966065647e-08	0.7925118140180971	716
13	108189877	109121209	8.570083048577266e-05	6.455913393901007e-09	0.286147393209213	497	0.0001757208891991	1.9451384717195836e-08	0.2076928219164185	496
13	109121210	109815111	6.91055340699883e-05	4.532110904925727e-09	0.3046519442651779	393	3.586975266045778e-05	1.2784140717541385e-08	0.7510589125506619	390
13	109815112	111232072	-4.840962566441484e-05	1.1474449879300216e-08	0.6513234476585608	898	8.062147035563401e-05	3.389329571399968e-08	0.6614449830568178	892
13	111232073	112247591	4.336359021933505e-05	6.405995005343111e-09	0.5879623653704651	565	0.0002026575218065	1.8015783665430027e-08	0.1310796225200026	561
13	112247592	113572487	5.61031932963976e-05	6.494477937342384e-09	0.4863222182743928	549	-5.128703150643479e-05	2.1043102093256056e-08	0.7236750283991168	530
13	113572488	115109852	-6.5385687711489e-05	6.690382057058947e-09	0.4240658806015972	525	-6.681250537266305e-05	1.1927245786522616e-08	0.540690410004804	520
14	19002084	21589401	3.06056525000275e-05	1.0176191908078912e-08	0.7615885472254862	713	0.000105594128122	2.9129106705944952e-08	0.5361176995615584	700
14	21589402	23018664	5.542836570133305e-06	9.355897696458047e-09	0.9543025712299328	832	-6.722803101584284e-05	2.434327132385118e-08	0.6665523180142185	780
14	23018665	24905122	6.9319757053296e-05	1.157064738817102e-08	0.519294276620753	846	0.0001677836721102	3.1341215298873837e-08	0.3432589785742721	829
14	24905123	26135685	1.6014813706312457e-05	6.336658703660646e-09	0.840555319724198	647	6.837803609327441e-05	1.8200906044084652e-08	0.612267712491803	643
14	26135686	28466532	8.842611148853894e-05	8.771902264112759e-09	0.3451011793225642	833	-3.983783198013531e-05	2.272505935581503e-08	0.7915740705731559	830
14	28466533	29972144	5.796172930229638e-05	9.936820610155242e-09	0.5609324851785515	447	0.0001490828536792	1.591479731403202e-08	0.237303259769126	443
14	29972145	32383264	0.0001470629347587	1.5658117429218032e-08	0.2398912530305367	713	-2.0649004165702422e-06	1.8410800389515712e-08	0.987858116105286	706
14	32383265	34846250	0.0004344315914698	3.1820728668412694e-08	0.0148762492815374	1456	3.662411540503577e-05	5.662943343521954e-08	0.8776865120283424	1450
14	34846251	35859592	0.0001048924771793	3.1942193357967687e-09	0.0634633029708528	333	3.025100910291247e-05	7.868096824549424e-09	0.733073647287454	328
14	35859593	38667724	-3.391313593958964e-05	9.784673603318056e-09	0.7317168763317203	1025	0.000146362694415	2.1086540535292018e-08	0.3134910136954875	1019
14	38667725	40341989	4.9598488054223034e-05	6.039574176038848e-09	0.523335388090098	643	-0.0001139766989238	1.4749564248417602e-08	0.3479961723138695	642
14	40341990	41615501	-3.573354366885921e-05	3.888872109416202e-09	0.5666360870661864	433	-3.573242069997203e-05	8.75556789950326e-09	0.7025547037431839	433
14	41615502	43137388	4.0192325378340974e-05	4.644596118170696e-09	0.5553571698184963	521	-0.0001078088604232	1.0576830191091012e-08	0.2945103002333352	518
14	43137389	44543226	7.692966694243475e-05	4.74150684960117e-09	0.2639036147948679	437	-0.0001481960295503	1.2811979425222986e-08	0.1904436887055304	437
14	44543227	46081895	4.16760921537309e-05	4.124381393934731e-09	0.5163742267286617	446	-0.0001247976625247	9.24049058134162e-09	0.1942008200205054	445
14	46081896	46749129	1.5097330479632504e-05	1.882810321698731e-09	0.7278897463702474	222	-2.8679499458784807e-05	3.959774776279208e-09	0.648562481468012	220
14	46749130	48573585	2.4016838741034117e-05	6.926891348320449e-09	0.7729127569982596	708	-5.139198321352042e-05	1.6928012794366283e-08	0.6928460477946177	707
14	49005471	50507759	5.56916915296376e-06	5.363532729246398e-09	0.939384094218864	543	-0.0001225677683886	1.8160058379053263e-08	0.3630697330942841	541
14	50507760	51493571	5.573795662832156e-06	4.17448999025989e-09	0.9312534388221492	417	8.990472570166499e-05	1.0169847335448892e-08	0.3726566368716949	416
14	51493572	53474382	1.0009181554587608e-05	1.0469841827684185e-08	0.922075074156544	972	-6.775634300095164e-05	2.8129336841507117e-08	0.6862203491623607	972
14	53474383	53997830	-5.448862953370542e-06	1.817107370905719e-09	0.8982875144812413	201	2.002350572557049e-05	3.9886410630363606e-09	0.7512057293099709	201
14	53997831	55233680	-2.1223621060156177e-05	5.9907814483395635e-09	0.7839259335439602	503	9.877122621927456e-05	1.6764839219956096e-08	0.4455616601354065	501
14	55233681	56216879	-1.1315184031849172e-05	4.049962000969849e-09	0.8588786355231824	342	-8.587300036861234e-05	6.867485908151611e-09	0.3000930875856255	340
14	56216880	57481261	5.174584475956767e-05	1.046204278866922e-08	0.6129247621084237	765	-1.2328807544759517e-05	1.94957555986758e-08	0.9296398009474618	762
14	57481262	59448335	7.441547413308704e-05	8.4434182503843e-09	0.4180269112777302	824	0.0002723987851127	2.1784829010041272e-08	0.0649561685818493	818
14	59448336	61680423	7.296882807059588e-05	7.746532116038304e-09	0.4070728909285259	711	9.97601038575684e-05	1.192459165860178e-08	0.3609502393412425	709
14	61680424	63790014	0.0001089553782033	9.95380421030856e-09	0.2747983020077129	926	6.732424364105512e-05	2.6602638074926662e-08	0.6797744335057655	920
14	63790015	65220297	4.061637984041817e-05	3.8846915917870336e-09	0.5146187167579972	448	-4.6985221281470806e-05	8.57481113323207e-09	0.6118753888064405	447
14	65220298	66399554	5.459849931163677e-05	4.647508035921306e-09	0.4231977212484499	456	-7.551227609172987e-05	1.0922449316953465e-08	0.469966992647774	453
14	66399555	67992316	3.0888882264908625e-05	4.914946899281324e-09	0.6595038623169789	499	3.529302375336344e-05	7.282998874208445e-09	0.6791997064222961	500
14	67992317	71131956	5.6418542968121915e-05	1.4485302377543326e-08	0.6392353781374593	1410	0.0002411706618176	3.5383992607825296e-08	0.1998084417022994	1401
14	71131957	72889614	9.723545823705166e-05	1.1460564770264852e-08	0.3637282031967672	777	-2.167508618400549e-05	1.6370773303931762e-08	0.8654780874594267	775
14	72889615	76444766	-2.698694917723349e-05	1.3462446017726873e-08	0.8160794750254611	1366	-5.134708422230288e-05	3.2434197961325145e-08	0.7755589861729028	1359
14	76444767	77229471	3.7930983873792856e-06	4.60398427323184e-09	0.9554198933239542	393	2.8248035727057727e-05	1.2377374312119492e-08	0.7995677151623612	391
14	77229472	78561944	2.1285780914416577e-05	7.706134339933598e-09	0.8084102521790053	712	0.000185235800455	2.000076120008713e-08	0.1902668933863942	709
14	78561945	80186578	-2.0897620330689075e-05	7.2394792077928024e-09	0.8059854053400698	692	0.0001067353267866	1.8582831858792224e-08	0.4336371981812061	689
14	80186579	81579713	7.790216175906785e-06	5.5523856963589755e-09	0.916735630966636	594	0.0001395600601495	1.3277583534642029e-08	0.2258339748496621	594
14	81579714	83138096	-2.379059932201292e-05	6.251408342752187e-09	0.7634937824743787	554	-8.030561471056283e-06	1.4953626992762775e-08	0.9476398804332616	551
14	83138097	84241632	2.5049713845317872e-05	4.8634217231229554e-09	0.719448275613667	444	-2.790062610057619e-05	1.2970052020930333e-08	0.8064664751065997	441
14	84241633	85746318	-1.7160943374459342e-05	8.260942120358721e-09	0.8502412649412665	576	0.0001231863275875	1.6177896885987338e-08	0.3327926576539947	571
14	85746319	86647001	-3.46172272450646e-05	3.392046818236001e-09	0.5522605699240611	360	-3.894597609227455e-05	8.66177635914672e-09	0.675607192447039	359
14	86647002	87635340	2.541691309094443e-05	3.750494805551405e-09	0.6781206206915835	361	-7.076232674054552e-05	9.883482961737082e-09	0.4765996847721482	361
14	87635341	89497642	2.6647037822904853e-06	6.630079278487293e-09	0.9738932912030798	713	-3.3387961436303906e-05	1.4974968372192702e-08	0.7849767387038898	711
14	89497643	91296859	-3.1561819834831e-05	9.254038675319269e-09	0.7428416797064501	783	-9.603463115467436e-05	2.5840764979170743e-08	0.5502311982732246	781
14	91296860	93132298	1.3388375038021288e-05	8.830630711955315e-09	0.8867065501531052	784	0.0001392451004645	2.2693517107720703e-08	0.3553123460918886	780
14	93132299	94325284	2.3718906341450606e-05	5.196549762981705e-09	0.7421320863954017	480	-1.72740498661984e-06	1.2558996616501202e-08	0.9877018563529228	477
14	94325285	95750866	-3.4449148971477984e-05	1.1920638443594877e-08	0.7523658498584296	1005	0.0001241794211686	3.191469319242358e-08	0.4869856082073563	1004
14	95750867	96262414	2.7159276744685577e-05	5.067362544502146e-09	0.7028109797891574	426	0.000101233604639	2.5762522899930188e-08	0.5282294101210668	423
14	96262415	98341161	-2.0209315659384837e-05	1.1497722859287978e-08	0.850507054079747	967	-6.74301090531024e-05	3.0926297181583595e-08	0.7013984693753512	961
14	98341162	99138531	0.0003159497128926	9.593663624786384e-09	0.0012565930417514	422	1.0912993625329312e-07	1.2582223213035622e-08	0.9992237435858142	420
14	99138532	101534306	0.0002382191686478	2.7064110389981475e-08	0.1476065468234683	1041	0.0002962058723067	4.1026384995485864e-08	0.1436354471928883	1034
14	101534307	103012101	-2.4130624456462736e-05	6.053026061296976e-09	0.756441187164364	528	4.553658257919905e-05	1.4771233827060981e-08	0.7079038991219737	525
14	103012102	105001722	0.0002947354376542	7.739455961340709e-09	0.0008073882518986	601	0.0001179200933251	1.2980289681106822e-08	0.3006630435521689	599
14	105001723	106340357	2.1620917995923225e-05	3.022992326716267e-09	0.6941436198428919	292	4.734815538281194e-05	7.859464949483386e-09	0.5932859664553578	291
15	21131604	24195126	-5.335100368637915e-05	5.943354663903601e-09	0.4889166393541441	403	4.477378814608095e-05	1.6084884171111846e-08	0.7240639642922918	403
15	24195127	25108589	1.9976265030831425e-06	3.658536987602595e-09	0.9736535756154272	270	-1.3992384630916045e-05	9.579605032838463e-09	0.8863208897696655	269
15	25108590	27298111	-0.0001179473354758	1.5252141683807043e-08	0.3395561823002018	1042	5.440317441328331e-06	3.9673561385854964e-08	0.9782098754093926	1035
15	27298112	29338501	-7.898745209813486e-05	7.085745188955242e-09	0.3480640379305931	571	-3.428351912624441e-05	1.654290076301324e-08	0.7898152433611065	567
15	29338502	30165567	3.2781438771871446e-05	4.4704108478686136e-09	0.6239276988590094	353	2.8370288429412577e-06	1.0361351079716342e-08	0.9777648842860476	348
15	30165568	31591820	-1.3031387212256483e-05	4.55166547724486e-09	0.8468377446865817	347	8.234931103709438e-05	1.0506833846806396e-08	0.4217519011269796	347
15	31591821	32441810	4.547887588034765e-05	3.735455902390507e-09	0.4568091281976243	304	0.0001149209383058	8.352123266420058e-09	0.2085802652540803	302
15	32441811	34015424	-0.0001265244033138	1.1798488557424651e-08	0.2440893735046985	813	-0.0001264218148539	3.2298972617206195e-08	0.4817809743070901	809
15	34015425	35083250	0.0001321909163477	6.067369325760437e-09	0.0896822149677014	474	3.357836053613282e-05	1.502794879487962e-08	0.7841529398898959	471
15	35083251	37456501	4.773691326644122e-05	1.4117220924627634e-08	0.6878517889931253	1093	-5.400657682396438e-05	3.4000268380918174e-08	0.7696057511921581	1087
15	37456502	38530776	4.284793055390126e-05	5.112594491860488e-09	0.5490051407855479	419	6.646606480546355e-05	1.2440290345822528e-08	0.551231653532547	415
15	38530777	40384131	6.17254331320903e-05	1.3443723897125654e-08	0.594477585475431	906	3.0254298174881655e-05	2.5767298429701327e-08	0.8505046899783459	902
15	40384132	41177513	1.0969280202399668e-05	4.793254160104424e-09	0.8741106518301196	266	1.002036278681512e-05	6.138866031167038e-09	0.8982353770023495	265
15	41177514	42776398	1.155431691062436e-05	5.840144230213794e-09	0.8798232511339128	523	-3.6154290906848266e-05	1.1074511157509331e-08	0.7311802028246501	515
15	42776399	44198048	3.094298873506095e-05	3.506292652348296e-09	0.6012787945632017	352	2.747164982559891e-05	4.201178617620095e-09	0.6716844773469034	348
15	44198049	46618786	7.971808150830392e-05	6.490540422139883e-09	0.322417889746687	586	0.0001760864258874	1.1982084923218602e-08	0.1076944193518194	583
15	46618787	48136047	0.0002494424104684	1.8627112845582828e-08	0.0675992583515503	673	1.1030648147959072e-07	2.2480709678230512e-08	0.9994130027784386	671
15	48136048	50008042	0.0001002213377342	5.440244932076841e-09	0.1742145048752287	509	1.6256825323510958e-05	9.607104470619332e-09	0.8682677815134442	508
15	50008043	51677559	6.980845766436428e-05	7.6179025378739e-09	0.4238171456932491	704	3.447772007590885e-05	1.4562139184425456e-08	0.7750999883120384	697
15	51677560	53069095	3.3436641106983104e-05	6.499279956929548e-09	0.6783223898723006	466	0.0001142774597788	7.826795729665164e-09	0.1964539283043039	463
15	53069096	54508527	-3.568168229059816e-05	8.553648777904496e-09	0.6996399317826392	740	2.818465493841162e-05	1.9357456023290503e-08	0.8394662351245756	736
15	54508528	55136268	1.4515423090097962e-05	3.550772418351595e-09	0.8075445400314794	300	1.7718793623353865e-05	8.016887431469792e-09	0.8431284870429883	300
15	55136269	56901772	5.4745579254057384e-05	7.295151510836647e-09	0.5215477417858995	639	-8.764255801545004e-05	1.559146493252516e-08	0.4827452168591528	639
15	56901773	58441365	-2.8817008776020643e-05	8.224395440491436e-09	0.7506682822481257	708	-8.235378442723411e-05	1.6697712928650497e-08	0.5239187975202209	704
15	58441366	59694115	0.0002334141179546	7.629143310223088e-09	0.007532770921249	601	6.88909047243894e-05	1.771210186964261e-08	0.6047102921774061	595
15	59694116	61265835	8.323609648750424e-05	1.0813000603624716e-08	0.4234454435842061	771	-0.0001136788211612	2.3572953531677122e-08	0.4590509575180462	765
15	61265836	63215221	6.485736959483002e-05	1.3089947229278637e-08	0.5707963798628881	1033	-0.000201949672469	2.9552468110820337e-08	0.2400938606934651	1031
15	63215222	65104667	-8.265753207746013e-05	7.550665133909108e-09	0.3414828629305706	557	2.0721731881708097e-06	1.2087526696928485e-08	0.9849626372543936	555
15	65104668	67094766	-3.999221572234601e-06	8.410733474723391e-09	0.965217486040198	739	-0.0001257075379011	1.6486114238253116e-08	0.3275582865208524	731
15	67094767	69017998	0.000122293419467	9.625999565021284e-09	0.2125936451735972	836	-0.0001183666931138	1.8799958386694313e-08	0.3879842030258005	833
15	69017999	70133340	-7.566540234239845e-05	4.355429946003586e-09	0.2515798445659053	343	-4.6506759736551805e-05	1.023703517206847e-08	0.6457661571865119	342
15	70133341	71922648	-1.8439336838448207e-05	1.025604487984702e-08	0.855522215312198	806	0.0001517860638469	2.2903745993104073e-08	0.3158857029887358	806
15	71922649	73628713	0.0001207603805735	4.719578666316295e-09	0.078779204266439	434	8.337928854802068e-05	8.319597343082091e-09	0.3606495696178379	434
15	73628714	76398623	0.0002280390769069	8.354478838270568e-09	0.0125999873559799	740	-0.0001382631357776	1.6299595039985286e-08	0.2788200025921218	738
15	76398624	78516052	7.284695939976752e-05	7.701024480673921e-09	0.406474938708578	627	-1.8660294275484847e-05	1.2453011146347854e-08	0.8671990444055585	624
15	78516053	80860977	-0.0001107010469599	3.6523819074695e-08	0.5624226623188602	1115	1.830044849368219e-05	3.335691643431424e-08	0.9201853512715326	1113
15	80860978	84260467	0.0002901517008811	1.7808083389342972e-08	0.029683715412495	1069	-4.787748134707229e-06	2.8622756542188657e-08	0.977423445427796	1062
15	84260468	86652904	0.0002177038718311	1.0390428955975941e-08	0.0327001978912367	933	8.851616878893703e-05	2.087958080419597e-08	0.5401551053641632	929
15	86652905	88369942	0.0001164185089118	1.0927108604376948e-08	0.2654066073075261	883	1.1029788689310824e-05	2.5426009450673665e-08	0.9448529947874322	882
15	88369943	90475550	7.656779117003164e-05	1.0555022485841366e-08	0.4561055076330086	854	9.718502632513996e-05	2.3757225069661202e-08	0.5283519207783776	845
15	90475551	92164391	7.99450198734679e-05	1.1497310468092176e-08	0.4559221686024628	746	5.279727887128171e-05	2.34157226568247e-08	0.7300712803449747	745
15	92164392	93780901	0.0001231717313193	1.2883682828049625e-08	0.2778538322989017	949	-5.543801991513416e-05	3.228955287873917e-08	0.757690266474453	943
15	93780902	94924329	-2.3002132382967572e-05	1.0613114288427064e-08	0.8233188505596989	710	-7.522987726304914e-05	2.8451715879483816e-08	0.6555963090248234	707
15	94924330	96141595	3.4703620768024234e-05	9.40875508841176e-09	0.7205124923049588	667	-0.0002306075142043	2.497096312172856e-08	0.1444721785799061	663
15	96141596	98030909	0.0001639525101982	1.2565282076704348e-08	0.1435709805473531	875	7.275242392966409e-05	3.277882629131741e-08	0.6878034143932836	870
15	98030910	99244058	-7.387609908020792e-06	1.0244903371339084e-08	0.9418158594431684	659	4.815184727044121e-05	2.5609123356400687e-08	0.7634942325973288	654
15	99244059	100636846	4.119728789907266e-05	8.717941037898294e-09	0.6590489754944465	664	7.205571651887154e-06	2.110019047972109e-08	0.9604371803891888	662
15	100636847	101552693	-3.727184596447188e-05	6.581093786020405e-09	0.6459159056629593	493	-6.167123963543868e-05	1.6361218210470985e-08	0.6297051586722289	490
15	101552694	102520965	-7.019607844907229e-05	6.922771002915015e-09	0.3988535522700249	503	0.0002005136508406	1.7258721162489715e-08	0.1269354012628006	498
16	60054	1207205	-0.0001025460071554	6.107177152312185e-09	0.189454228869054	464	-8.193740942253536e-05	1.3965604135777456e-08	0.4880900870730635	458
16	1207206	2764828	4.729770364566267e-05	7.18056817366181e-09	0.5767334291070814	565	2.9823881246953458e-05	1.4767444439805592e-08	0.8061305723079297	564
16	2764829	4001195	3.532898928626451e-05	9.130047895743969e-09	0.7115773361597182	406	-0.0001026763237508	1.3955392881254676e-08	0.3847601198357232	406
16	4001196	5118344	0.0001851863062023	6.173082152273683e-09	0.0184237158224888	462	5.855032470323279e-05	1.3641295439517592e-08	0.6161569221471138	460
16	5118345	5891579	6.793009288094948e-05	5.937456452210524e-09	0.378003688188663	438	-3.957906634796336e-05	1.3943818405195454e-08	0.7374912934457095	435
16	5891580	6893550	-8.527703857045613e-05	1.15146088549115e-08	0.4267834518653385	814	0.0001789631172304	3.037142870612282e-08	0.3044644688600755	804
16	6893551	7529120	0.0002170915693702	7.756583500601454e-09	0.013703322334379	562	1.666895264198747e-05	1.7853761607697725e-08	0.900720814444208	561
16	7529121	8338518	-3.588180902252586e-06	8.664442583733683e-09	0.9692506081525216	629	-4.099058051452387e-05	2.1806042437080022e-08	0.7813311206842457	625
16	8338519	9799418	7.80504336651326e-06	1.1281082577816636e-08	0.9414200140817404	799	-0.0001120179018746	2.9179553766779756e-08	0.5119754583713831	794
16	9799419	10426031	4.235516385018984e-05	4.902937057463328e-09	0.5452504199547146	423	2.896739701547209e-05	1.101267313752888e-08	0.7825216991468951	422
16	10426032	11520160	1.4752182659229636e-05	7.36715499312118e-09	0.8635377717658708	546	1.8912660905907717e-05	1.6734390021428595e-08	0.8837634205256264	543
16	11520161	12613097	4.5523293936140765e-05	8.078946804550587e-09	0.612524633994979	463	0.0001569671656675	1.3873567088435097e-08	0.1826480553917536	459
16	12613098	13154436	1.114812208447596e-05	4.496562708685977e-09	0.8679602924449155	377	7.474886340668147e-05	1.0008312188671252e-08	0.4549560229044176	374
16	13154437	14464001	0.000351591790084	1.2785605135687225e-08	0.0018746097452826	631	-3.657194787299804e-05	1.8374931337774444e-08	0.787317332636114	627
16	14464002	16154059	2.747516779040975e-06	4.554209276135483e-09	0.9675246411616216	389	2.3659103768413263e-05	9.690215790113657e-09	0.8100643252046721	386
16	16154060	17644748	4.1500931567265885e-05	6.265309192718427e-09	0.6000642437565116	456	4.130965233374199e-05	1.5809256988024677e-08	0.7424990834685417	453
16	17644749	18643606	-2.0077440104712945e-05	2.573984603114333e-09	0.6922999246604054	203	2.7921107840667978e-05	6.308364335883401e-09	0.7251835644892979	203
16	18643607	20150570	5.565763795858494e-05	6.198850911592511e-09	0.4796173000272055	506	0.0001305526881493	1.3665506095790151e-08	0.2640825397273907	496
16	20150571	22448903	1.186094923204681e-05	7.196943394269369e-09	0.8888082888084768	535	5.7946679319390206e-05	1.4027084090671066e-08	0.6246535352830893	530
16	22448904	24136874	6.75329074694506e-05	8.1559606336444e-09	0.4545886691964625	611	2.4807296341034676e-05	1.5799037681693982e-08	0.8435440581973942	606
16	24136875	25986861	9.321362547580306e-05	1.1348327594302212e-08	0.3815679697491737	863	-7.503510696642449e-05	2.6482176995318e-08	0.6447325425754387	860
16	25986862	27445754	0.0001927815206548	1.1272227553273785e-08	0.0694058589537036	769	-0.0001132944348556	2.9653413966505244e-08	0.5105913505789238	764
16	27445755	29036612	-0.0001630974494988	5.404680724449133e-09	0.0265198150822727	443	-0.000235672436877	7.91226014569753e-09	0.008061884664542	442
16	29036613	31382942	0.0002344885517224	8.074013697141071e-09	0.0090643435703021	438	0.0001788351475993	8.701868981104146e-09	0.0552241968374436	435
16	31382943	46399472	-6.083738485542726e-06	1.777725297790126e-09	0.8852709557239298	164	-6.835493892269372e-06	3.5537811512835863e-09	0.9087119785806244	160
16	46399473	49007925	1.685847791240229e-05	3.8409174535936204e-09	0.7856066228495047	354	-2.147285834206734e-05	7.040712999833861e-09	0.7980229347921852	352
16	49007926	52035822	0.0001871720615442	1.6205651800695114e-08	0.1414788577035244	1255	8.002250037791059e-05	4.00405770970128e-08	0.68922301753983	1246
16	52035823	53382571	9.319158326996145e-05	6.202166727064076e-09	0.2366793625811889	531	-2.9490703167244945e-05	1.3070162817559246e-08	0.7964413257996947	529
16	53382572	55903773	0.0001564776187902	1.701608327386317e-08	0.2303097842520575	1330	7.249137353446679e-05	4.1683831508937464e-08	0.7225441742176884	1329
16	55903774	57664329	2.903425855207053e-05	9.86821857658144e-09	0.7700765310133041	751	7.342753367846064e-06	2.238968733019213e-08	0.9608618120917212	747
16	57664330	59045404	0.0002221771296786	7.905219602759821e-09	0.0124592597039012	614	-8.140045373949949e-05	1.8496051925376472e-08	0.5494850749868937	613
16	59045405	60745693	0.0001945237760292	7.199346868072366e-09	0.0218716972050688	602	0.0002161057916904	1.6756119261662513e-08	0.0950234598834496	600
16	60745694	62229848	0.0001152261467262	4.768160839708515e-09	0.0951788874070372	419	2.236593801087175e-05	1.0559249387849252e-08	0.8276971682709967	416
16	62229849	63691588	-2.7115750447346355e-05	6.447496535081168e-09	0.7355921996450243	522	-5.8525440944181334e-05	1.5499540799564664e-08	0.6382874195243278	517
16	63691589	65938565	0.0001899600764016	1.3000302661451105e-08	0.0957053103441615	953	-0.0002562283508121	2.8754301419242548e-08	0.1307784285762332	950
16	65938566	68841362	-1.9204749734765723e-05	8.972311804430303e-09	0.839332042203423	826	6.499456030286145e-05	1.598988870503875e-08	0.6072592966434511	818
16	68841363	71054027	7.744186907271746e-05	5.1765333111784716e-09	0.2817676475277849	482	5.987886060933365e-05	9.36216356219264e-09	0.5360151606220096	482
16	71054028	72935149	0.0001937255514963	9.540746015419369e-09	0.0473301943445982	545	8.304860231101821e-05	1.045196010537854e-08	0.4166012667238291	542
16	72935150	74971502	7.12377830107117e-05	1.2788244558771317e-08	0.5287283908173506	923	-9.858565858432356e-05	3.0775867369594466e-08	0.5741404624221613	918
16	74971503	75977953	2.6626032470320143e-05	3.4085550046879524e-09	0.6483473457070782	299	-1.521543869159646e-05	7.236829010129974e-09	0.8580485706111298	299
16	75977954	77523677	0.0001363768626819	9.866495598638125e-09	0.1697634577509392	842	2.5941660501403e-06	2.228228730171952e-08	0.9861344823627372	840
16	77523678	78456291	1.1593829960160648e-05	1.0010970445329276e-08	0.907751801793551	732	-3.959601255351698e-06	2.469869873461804e-08	0.9798994226068884	729
16	78456292	79134814	-4.371558350061357e-05	9.684916345658757e-09	0.6568907544584339	671	4.8659755157268616e-05	2.4657832410977965e-08	0.7566527963559007	664
16	79134815	80297373	3.132254988632071e-05	1.090444739455526e-08	0.7642119164048727	871	-0.0001233090958691	2.473406005889198e-08	0.4330069072179959	870
16	80297374	81772535	2.0794405668469062e-06	1.2277330565020457e-08	0.9850269902794904	933	-4.005995482210901e-05	2.94003809998876e-08	0.8152699939338426	931
16	81772536	82747727	0.0001011586219877	9.448349746647431e-09	0.2980155046151101	664	-2.655308051426008e-05	2.352613027146618e-08	0.8625594795150953	658
16	82747728	83477207	2.406321532969457e-05	1.4107171132761938e-08	0.8394497871337451	686	7.20241949193086e-05	2.4307308436213977e-08	0.6441057307183049	684
16	83477208	84445882	0.0002366915203317	1.2322403419086234e-08	0.0329875648404473	827	0.0005567174548606	6.239724265260649e-08	0.0258336926491233	825
16	84445883	85148684	1.3653362859656164e-05	8.284573511051602e-09	0.8807609922433555	543	1.8637970450133364e-05	2.2543706806333794e-08	0.9012102633635048	542
16	85148685	86156598	-8.995116849525243e-05	9.653130081045564e-09	0.3599132944085512	574	3.554851593086338e-05	2.7121282258357912e-08	0.8290991274004788	569
16	86156599	86815410	3.083678316103347e-06	9.765672096505413e-09	0.9751064070683152	605	-0.0001024057481038	2.7607760195813925e-08	0.5376810130074638	600
16	86815411	87647348	8.996304802756545e-05	6.100288007568241e-09	0.2493902771419319	421	0.0001502426612909	1.5461972776205423e-08	0.2269468226751551	419
16	87647349	89041164	5.5148312950235185e-05	9.100334883626538e-09	0.5631960904074143	571	-8.847321955745264e-06	2.206091744329686e-08	0.9525011224831316	566
16	89041165	90292811	7.959919932919142e-06	5.181276725983092e-09	0.9119466375933944	430	1.8364305742950216e-05	9.924826440606682e-09	0.8537489099932521	428
17	56	1172398	0.0001728917101712	7.4496832713171885e-09	0.0451652518667169	450	-0.0002315372131028	2.2485756070093385e-08	0.1225713161688472	441
17	1172399	1928730	-0.0001468486609637	5.1750848425775344e-09	0.041218954268312	322	-4.229372694731136e-05	1.1659182871278189e-08	0.6952876688760172	316
17	1928731	3702311	0.0002317923811356	9.510555154495921e-09	0.0174626255536737	796	2.1690939781193122e-07	2.3118196630614122e-08	0.9988617404409286	784
17	3702312	4696260	0.0002073660241473	5.439608157502766e-09	0.0049295508564109	441	0.0002548776610233	1.2264081018185644e-08	0.0213624015323489	440
17	4696261	5741333	3.495991657823422e-05	5.1838718585282735e-09	0.6272788801782183	466	-7.026655730852098e-05	1.3756002849575644e-08	0.5491032326163292	463
17	5741334	7317397	-7.37456374490075e-05	1.052681889004662e-08	0.4722848722197383	793	-2.717821750110365e-05	2.8267183749616336e-08	0.871580311205622	791
17	7317398	8306424	7.152393471042204e-05	5.358738463991325e-09	0.3285406927617749	440	2.310351190442346e-05	1.1407156399628241e-08	0.8287411821630855	438
17	8306425	9965920	0.0001252780541688	1.0268814599532682e-08	0.2163566188801109	770	-6.69928278270619e-05	2.8549556590811832e-08	0.6917460156971611	768
17	9965921	11102814	1.4722739402408725e-05	6.658484032248067e-09	0.856817549785927	566	-0.000155377441692	1.5960553737279682e-08	0.2187407189845136	557
17	11102815	12534768	-2.6674130553972783e-05	8.338190598283457e-09	0.7701984386165578	666	-4.465140212005332e-05	2.203939996604379e-08	0.7635895155838135	664
17	12534769	13180371	1.7351228144292382e-05	4.5874960391725095e-09	0.7978131502336081	347	9.504520089560572e-05	1.358977714609803e-08	0.4148935363368068	346
17	13180372	13894636	4.6049425583044946e-05	6.070259764359106e-09	0.5544902413727797	417	2.9882131007773765e-05	1.8245943474610237e-08	0.8249195449508337	416
17	13894637	15019096	6.0664844878524707e-05	8.629490112913416e-09	0.5137258964871708	698	-6.892932664563037e-05	2.3941252690205075e-08	0.6559711389022409	694
17	15019097	16412341	-2.3576978605626492e-05	4.53338427053948e-09	0.7262123622306531	425	-1.4207551413919789e-05	8.856144738887585e-09	0.8799976731903862	422
17	16412342	18856319	-0.0002226175152343	7.091810133520577e-09	0.0082051602305008	725	-5.568721942260926e-05	1.3935392708653512e-08	0.637117636011644	713
17	18856320	21290356	1.2278318650488411e-05	7.1461177551441695e-09	0.8845167446153971	489	4.365656899089732e-06	9.540225155405092e-09	0.9643494882922417	485
17	21290357	27334243	-3.7028026830638714e-06	6.331136019926601e-09	0.9628829817878888	668	2.8867983817896022e-05	1.3130070906121716e-08	0.8010938116656876	666
17	27334244	29786490	0.000135724405205	8.247092513661109e-09	0.1350345613253362	689	-2.711612862510685e-05	8.626965164103504e-09	0.770329898966792	680
17	29786491	31538424	7.570542730839786e-05	7.027707243729414e-09	0.3664901031726276	627	6.803035380125905e-05	1.7237111338851418e-08	0.6043411450975157	620
17	31538425	32912797	0.0001611394519426	1.0385813361513198e-08	0.1138366265676323	928	7.521048861977087e-05	2.7728640256889182e-08	0.6515120702778167	925
17	32912798	34469035	-7.216047491681525e-05	6.4677511581910225e-09	0.3695753189640515	608	-0.000222711243553	2.0168837432494425e-08	0.1168342448271384	597
17	34469036	36809343	0.0001989354128974	9.758239880648398e-09	0.0440256567582757	660	0.0003343329762211	1.6110300979948116e-08	0.0084367978917813	612
17	36809344	38877403	0.0001601964400647	6.611527874563536e-09	0.0488198040101969	591	0.0001613533948595	1.5095750352701443e-08	0.1890953131327892	586
17	38877404	39899809	4.4252047575906e-06	4.3226348430298414e-09	0.9463374447284808	468	3.44236510980587e-05	9.896398839272184e-09	0.7293174244178473	465
17	39899810	41772086	-4.9465685881579795e-06	4.450872331451767e-09	0.9408950636750192	516	-3.5983857760667244e-06	7.982767089867163e-09	0.9678742216105628	514
17	41772087	43056904	-5.212516261442706e-05	4.195490002632333e-09	0.4209692089960584	444	-1.341876721675807e-05	9.137236547887451e-09	0.8883597726422184	441
17	43056905	45876021	-6.93002033495089e-05	5.2902763619122025e-09	0.340698551479075	485	-0.0001051914170637	1.0403089500910596e-08	0.3023844389418801	484
17	45876022	47517399	8.775324552817703e-05	6.155149658590337e-09	0.2633448319251867	641	9.863934941268793e-05	1.3357034732124965e-08	0.3933911881542983	639
17	47517400	49898956	0.000215615154489	1.1377640916791349e-08	0.0432379370948821	954	0.000126931475752	2.9148809784929177e-08	0.4572018739883435	944
17	49898957	50719054	-1.4135710546770586e-06	2.827282068388354e-09	0.9787909125957116	328	-6.617177050048011e-05	6.199643666116859e-09	0.4006805190813086	328
17	50719055	51826117	3.838675190389047e-05	3.625084720978705e-09	0.523758971383377	388	-3.134838176708229e-05	8.26496038896212e-09	0.7302283286116318	388
17	51826118	53599431	4.704303780730048e-05	7.704521081334411e-09	0.5919945915836635	701	0.0001392957448241	1.9181633440428795e-08	0.3145302565869224	700
17	53599432	55357540	-2.067348654954072e-05	1.01555890025022e-08	0.8374587537771369	723	9.202541615610488e-05	1.9102624013949764e-08	0.5055218084771813	716
17	55357541	57487511	1.611578002168272e-05	9.078388797702547e-09	0.8656863342202705	828	-6.891852913284634e-05	1.8623183064785632e-08	0.6135444078769762	826
17	57487512	59312754	3.180722583873226e-05	2.4396739232700487e-09	0.5196004027410672	300	-5.680399491280124e-05	4.498888055255974e-09	0.3970572177241329	297
17	59312755	61545588	-1.9787208800544443e-05	5.6019341266282814e-09	0.7914932468585343	564	-7.78269618430124e-05	1.1716598792395257e-08	0.4721405041987563	560
17	61545589	63148127	-1.2595899825181094e-05	3.752264355364439e-09	0.8370814179865904	375	-7.511722228662307e-05	6.227986213857029e-09	0.3411761901372007	373
17	63148128	64800429	2.217644193561363e-05	7.659539551702305e-09	0.7999663744485742	731	7.188801726361347e-05	1.7836265619393018e-08	0.5903869256158635	726
17	64800430	67858769	8.792711819399203e-05	1.2869612649654929e-08	0.4382991682834996	1122	-0.0001105910479619	3.229898361421554e-08	0.5383204789112946	1117
17	67858770	69387816	-0.000169013662424	8.144710925577262e-09	0.0611004313823537	741	-0.0001411764182093	2.077451896424456e-08	0.3273416424634051	737
17	69387817	72672202	9.45071953773591e-05	2.1787326448480063e-08	0.5219973191213008	1675	-4.912142054726075e-05	5.9091620625910234e-08	0.8398597723878116	1668
17	72672203	74375559	4.693404707681898e-05	7.049598947094282e-09	0.576166998343558	556	-6.052972746818212e-05	1.294759427665988e-08	0.5947577717809335	556
17	74375560	76263412	5.811938961958523e-05	1.2099070360597997e-08	0.5972367364521968	889	8.925246395258453e-05	3.415402381290088e-08	0.6291335241100638	880
17	76263413	77298635	0.0001498519125778	8.407445259287625e-09	0.1021970698802089	570	7.009766107773603e-05	2.264331655118328e-08	0.6413325410459654	567
17	77298636	78837587	0.0001619719881775	9.144143455714484e-09	0.0902986464198381	693	4.840095840508595e-05	2.3824271255254493e-08	0.7538423589792342	681
17	78837588	80034407	-3.632481140233135e-05	6.4097793629873394e-09	0.6500349540739916	375	-1.96047576362776e-05	1.2140921296247473e-08	0.8587823012269513	372
17	80034408	81194907	-6.323843480821783e-05	3.864735924940264e-09	0.3090417547371341	405	-0.0001326761881155	7.651817587826561e-09	0.1293327458446731	396
18	10644	912485	4.669349640355123e-05	6.070082020772744e-09	0.548959196419619	500	-0.0001394342644623	1.5419478507090727e-08	0.261487012454428	497
18	912486	1942910	-1.3030652496532205e-06	4.7185184364205244e-09	0.9848651768726316	431	4.5818393525378016e-05	1.2014326988837208e-08	0.675937369140888	428
18	1942911	3891657	0.0002583187223006	1.2829897444441174e-08	0.0225736291215548	931	6.969843483638121e-05	3.6644650032480626e-08	0.715785178915685	925
18	3891658	5834179	0.000241029451361	1.2464637559255209e-08	0.0308587905397994	953	-2.1837616438205085e-05	3.3003835622792005e-08	0.904320648945133	949
18	5834180	7090484	9.62561174804044e-05	8.283274888183459e-09	0.2902313326273119	679	4.049316298686067e-05	2.2365147922342388e-08	0.7865702034310273	679
18	7090485	8498930	2.232609173363983e-05	7.962572388222057e-09	0.8024332632016835	670	8.17042165976633e-05	2.0320615766468673e-08	0.566536218358354	667
18	8498931	11075912	-8.611694843519006e-05	1.9102446810155493e-08	0.5332316488535257	1508	-0.0003251463107394	5.2747283871972195e-08	0.1568561515655972	1501
18	11075913	11905439	4.415328925564673e-05	4.19131481601045e-09	0.4952354292609946	329	4.898258084427999e-05	1.5039096021417106e-08	0.6895830885616587	327
18	11905440	14440798	5.803588809499894e-05	9.76095948236781e-09	0.5569201657217007	930	3.824477184999005e-05	2.2458845267169633e-08	0.7985696780958814	923
18	14440799	19485843	-5.531792945408449e-06	1.8571363294937622e-09	0.8978607365000563	223	-8.21183810499804e-06	3.562398459741988e-09	0.8905689009542115	219
18	19485844	20649471	7.595040249467465e-05	3.1230115213622222e-09	0.1741229599963417	350	7.524765374444837e-05	6.4298123938459285e-09	0.3480324333266691	349
18	20649472	22996650	-3.3624557326360025e-05	9.951511912445156e-09	0.736068847064456	917	-9.935324885409617e-05	2.4729085117490603e-08	0.5275190692801602	909
18	22996651	24026190	3.855648734535599e-05	3.527078876998253e-09	0.5161981331809798	367	7.156330671146436e-05	8.168503427605445e-09	0.4284734167375338	364
18	24026191	25927681	5.235845210570235e-05	9.826858132070608e-09	0.5973765165543703	936	1.6790506841288231e-06	2.2548491308072317e-08	0.9910785371131756	935
18	25927682	26875586	0.0001221933460319	3.061948296896211e-09	0.0272267119355012	281	4.552476423665232e-05	9.224121451800197e-09	0.6354945700950716	280
18	26875587	27866477	-0.0001037499762657	3.990103219251054e-09	0.1004938171531862	323	-0.0001185332053155	6.578757247744053e-09	0.1439066284503704	321
18	27866478	30264065	9.091040137688573e-06	1.0856307628431176e-08	0.9304716677698172	1041	9.294929957852438e-05	2.6756965064334073e-08	0.5698756614563687	1036
18	30264066	31780066	-3.9243704849019195e-05	3.5662971119253792e-09	0.5110876553095479	413	-1.9694686341827984e-05	7.013335707050244e-09	0.8140747573589784	406
18	31780067	33861963	4.312722211346442e-05	6.705691393323081e-09	0.5984302488694748	728	8.137561818676017e-06	1.5223739607024812e-08	0.9474153566720368	725
18	33861964	35075249	6.739961660817298e-05	5.2066171391331516e-09	0.350267585568533	533	-3.572658802285487e-05	1.0582615105658596e-08	0.7283718027704982	531
18	35075250	36365489	4.309207657018901e-05	6.472532462934568e-09	0.5922182032848797	559	-8.229792016197464e-05	1.3123479977939264e-08	0.4725126958665242	555
18	36365490	37684366	8.808727784068527e-05	3.591890361500162e-09	0.1416219711849512	407	-9.607661471833348e-05	7.714704647457344e-09	0.2740204736043055	407
18	37684367	39892647	-1.3830333078788347e-06	8.311057838049553e-09	0.987896028564298	888	-5.519213996506393e-05	1.8217218284555736e-08	0.6825998568334193	887
18	39892648	42922105	0.0001039030609405	1.0463112118647045e-08	0.3097361175004908	1100	-3.574924021927416e-05	2.361576483174477e-08	0.8160486931883263	1096
18	42922106	44299245	1.5239751806529143e-05	7.852685471258e-09	0.8634561015435656	753	1.188817518346019e-05	1.9376167923625304e-08	0.9319397380662232	747
18	44299246	45939731	-3.148612442270216e-05	7.1958109778550355e-09	0.7105067997256858	707	-2.5834352621570663e-05	1.573602207349045e-08	0.8368342989154203	703
18	45939732	47730583	5.607646684739215e-06	9.475329867904712e-09	0.9540608057852918	899	7.959246323764967e-06	2.0951218044429522e-08	0.956148086161766	896
18	47730584	51062184	0.0003384189018816	1.7950207171043992e-08	0.0115395205873786	1380	-3.767626449502074e-05	3.177803741446694e-08	0.832613391629057	1369
18	51062185	51554174	1.2693706947078451e-05	1.8551206547413835e-09	0.7682115274108419	198	1.1886713280150431e-05	3.4028058658337743e-09	0.8385321538260526	197
18	51554175	55213837	0.0003361320474827	4.088964519951681e-08	0.0964573592234246	1320	-4.378356850069828e-05	2.8267267832281835e-08	0.7945421743078442	1316
18	55213838	56530219	9.548133408461586e-05	7.785575600971831e-09	0.279201765565518	687	7.446704045683708e-05	2.0697159321627633e-08	0.6047253592297365	685
18	56530220	57630482	1.107056253239089e-05	7.366974280023927e-09	0.8973728304205421	658	-0.0001625131745448	1.9427532290077097e-08	0.2436348489661624	655
18	57630483	59020750	0.0001329399495157	5.08537011358532e-09	0.0622925853479692	518	4.9693841144137985e-06	1.0643789149966811e-08	0.961582722190314	515
18	59020751	60277714	0.0001769828764039	7.174805052731415e-09	0.0366697381271921	643	3.110366807466133e-05	1.7995249323127436e-08	0.8166439156570946	639
18	60277715	61820251	9.464797742641911e-06	6.475659592095491e-09	0.9063712986861132	647	-2.414479670408069e-05	1.4484973682756456e-08	0.8409991601845429	644
18	61820252	63463401	-4.449814547420199e-05	5.7133587012909905e-09	0.5560606006281084	604	-8.020806462337267e-05	1.2947862712758294e-08	0.4808810729128879	602
18	63463402	64252800	-1.7157820210075174e-05	2.832952207818094e-09	0.7471792291640034	296	-3.8558096049030185e-05	6.761155128620248e-09	0.6391219002863667	292
18	64252801	66125816	-1.2506062163978577e-05	9.41066144804066e-09	0.8974232502606235	913	-1.9754885180460148e-05	2.3423864517669137e-08	0.8972975740344504	908
18	66125817	67175819	-4.9554752265508634e-05	4.301271319263586e-09	0.449894334739914	393	-3.513814107142964e-05	1.1237602699927572e-08	0.7402908139106985	390
18	67175820	68621178	1.529138893191871e-05	6.865472996191145e-09	0.8535827885500753	571	0.0001585898483539	1.8979612286243883e-08	0.249670751509044	567
18	68621179	69621617	1.7967868182577935e-05	5.449331505536287e-09	0.8076936490296234	479	-7.964436043269629e-05	1.4521723788751464e-08	0.5086664994844236	478
18	69621618	71038473	0.0001090801617821	7.524666816333506e-09	0.2085787768280796	670	0.0001116263241042	1.9766396415323518e-08	0.4272141947895933	668
18	71038474	71971461	0.0001187757429134	7.19147704036211e-09	0.1613292973842155	562	0.0002184271298041	2.0077696129036346e-08	0.1231898675725182	560
18	71971462	73526986	0.0001899417732237	8.557638295201016e-09	0.0400475613093907	775	9.78692484244473e-05	2.083564203181012e-08	0.4977587106741126	772
18	73526987	74813814	-1.0641068972369986e-05	8.647246127459718e-09	0.9088955864799269	703	0.0001503511818496	2.2666772076048524e-08	0.3179657171877088	700
18	74813815	75976316	5.7420698605463784e-05	8.288170272541494e-09	0.5282212100091725	681	-0.0001909196196576	2.2076245739391442e-08	0.1988079765001396	678
18	75976317	77149990	3.8216864147911e-05	5.975273210476322e-09	0.6210255606289705	501	0.0001243056448147	1.4708415533638916e-08	0.3053809612175738	492
18	77149991	78017157	4.772580120710629e-05	1.2856904241835844e-08	0.6738237898016863	335	-4.2786988979553464e-05	9.418776277672817e-09	0.6593042195422285	328
19	80840	610728	-1.0717840458855027e-05	2.495515148325896e-09	0.8301186948956778	153	-1.1936608423649025e-05	7.538324073732481e-09	0.8906503940506069	149
19	610729	2098395	-5.4648850815946094e-05	1.0272954805792032e-08	0.589763026854782	563	-0.0002042388977381	3.9599377985521094e-08	0.3047279853612447	552
19	2098396	3019659	3.4198005400161475e-06	7.3279868386240525e-09	0.96813360083248	364	-3.953175335538681e-05	1.2387959507880029e-08	0.7224561647981087	363
19	3019660	4348966	6.538209481438938e-05	7.198382373850124e-09	0.4409310470272045	466	-0.0001127956732473	2.0993123114446762e-08	0.436279274114199	462
19	4348967	5811851	0.0001880772069295	7.753874185127403e-09	0.0326892191997444	560	6.712426941369075e-06	1.8504237870700442e-08	0.960644284364954	553
19	5811852	6684884	-4.439077056993148e-05	3.6969481527954366e-09	0.4653407179245979	280	9.160049782802204e-06	9.804759420258122e-09	0.9262944233259898	278
19	6684885	8347512	-4.380067449647416e-06	9.650297890557011e-09	0.9644363259324096	678	-0.0002430251802709	2.7548152546209575e-08	0.1431350447499506	669
19	8347513	9238392	4.484492349331263e-05	3.900602406468316e-09	0.4727338397734101	333	3.586486566898579e-05	9.708599399027417e-09	0.7158645595752795	323
19	9238393	11284027	6.44817447099139e-05	6.808754749064504e-09	0.4345360339026192	674	0.0001769964741659	1.3711305295828964e-08	0.1306459900338591	668
19	11284028	13471126	-3.927654483225554e-05	8.963321733285583e-09	0.6782463374689485	597	0.0001649724089076	1.4781013043252496e-08	0.1748016945763048	590
19	13471127	14486346	-6.689858157387024e-06	3.60132477416483e-09	0.9112380029793636	280	-0.0001315735834289	9.541113323024752e-09	0.1779786542534933	276
19	14486347	15648609	-4.4178315129725486e-05	5.904053169926905e-09	0.5653215847756599	481	-5.36469513809984e-05	1.4496996027662989e-08	0.6559152270418345	478
19	15648610	16374415	3.4983952502911946e-05	4.191063414937144e-09	0.5889285703985111	449	7.907486343286781e-07	8.883746813122903e-09	0.993306159943238	439
19	16374416	18409861	-2.793115563708981e-05	9.723513588638264e-09	0.7769815163232225	776	-3.95868881916439e-05	2.547156282578315e-08	0.8041026424935886	766
19	18409862	19877470	-4.0720995520152536e-05	6.435557699073558e-09	0.6117308742945753	473	-0.0001692889920398	1.0614658853992737e-08	0.1003530856081893	469
19	19877471	20905756	-1.697215190397918e-05	2.0776109416815853e-09	0.7096300802636106	192	4.662463205712454e-05	4.9819296145090104e-09	0.5088902818004266	188
19	20905757	22732895	8.119171256839987e-06	4.41497547493112e-09	0.9027458967273336	494	2.483154447864881e-05	9.294331804487286e-09	0.7967390742638107	490
19	22732896	23467745	1.2383056476271825e-06	1.5216668590258824e-09	0.9746758318559756	188	1.3335133972099616e-05	2.725726883064032e-09	0.798398128429901	183
19	23467746	28557892	1.099054809046165e-05	3.566125817814004e-09	0.8539791513665517	394	3.631508609601787e-05	7.432727699637469e-09	0.6735916206130568	391
19	28557893	29790946	-3.443757409333647e-05	5.590725971299848e-09	0.6451050071817037	575	1.031047603739349e-05	1.4936559845122555e-08	0.9327676062657866	573
19	29790947	30727953	4.551046225523017e-05	4.724308360796281e-09	0.5078890218989967	413	5.467352643632586e-05	1.088127365275424e-08	0.6001896329770813	410
19	30727954	32746519	7.750567452129998e-05	7.691817158448243e-09	0.3768426124088824	731	7.041466475853113e-05	1.930846460668472e-08	0.6123339371791449	728
19	32746520	34262951	-1.5319062227632098e-05	6.928238148277043e-09	0.8539792323294859	611	-3.204154196432782e-05	1.7180896174675412e-08	0.8068821213144358	609
19	34262952	36469294	0.0001441684290971	9.748961266273758e-09	0.144254838920403	842	2.408536878755545e-05	2.4548216358596036e-08	0.8778268991558938	832
19	36469295	37527032	-1.3784646623553708e-05	2.520524334397187e-09	0.7836480230570402	317	-1.4722647594739214e-05	4.5821760029423864e-09	0.8278223080895954	311
19	37527033	40170618	5.9837101125033447e-05	8.067470730814951e-09	0.5052860003806801	852	-4.9981221630819086e-05	1.5690596818825643e-08	0.6898835645557426	843
19	40170619	40984600	3.718905048238769e-05	2.6713006187608e-09	0.4718095250312203	267	-6.173865909116222e-05	5.962762878538971e-09	0.4239845890858035	258
19	40984601	42131572	-1.8723517376223908e-05	4.567159876569315e-09	0.7817386883758173	427	-0.0001535933407658	1.4553480465804086e-08	0.2029550648671388	418
19	42131573	43862454	2.18532212793654e-05	2.658261495082642e-09	0.6716720606518969	269	-1.6619419086118413e-05	5.829250137657702e-09	0.827681976422988	258
19	43862455	44744107	7.282669065090105e-06	3.6461082181318373e-09	0.904001601887368	365	-7.538663770958005e-05	8.32205999325085e-09	0.4085894769483422	361
19	44744108	46102696	-2.3548138844323905e-05	7.154806054090814e-09	0.7807110152224839	506	5.321920792774332e-05	1.7846806676801783e-08	0.6903564398684855	495
19	46102697	47150081	1.777013416494184e-05	4.962328932670609e-09	0.8008403098940816	386	-8.359416801782101e-05	1.3170658757860302e-08	0.466366408913073	384
19	47150082	49282226	0.0003858709580026	1.2689757001085706e-08	0.0006138209651779	795	-0.0002197606433022	2.4002142878083072e-08	0.1560490608250269	785
19	49282227	51532566	-0.0001118371873693	1.2069735428833096e-08	0.3086895600276931	875	1.1102474226062377e-05	2.82083460835845e-08	0.9472946358012428	869
19	51532567	52985289	0.0001512409659161	9.709982744447564e-09	0.1248256490189826	781	-0.0003708947061076	2.3803752940362352e-08	0.0162183807016529	777
19	52985290	54602361	1.0533117118779956e-06	1.093374866941864e-08	0.9919627942438874	676	9.732744196470206e-05	3.2560299312070365e-08	0.5896278691146155	669
19	54602362	55728079	-0.0001132154701764	7.435868627371664e-09	0.189208219417842	504	0.0001003629491443	1.9935945961894228e-08	0.4772005004213547	476
19	55728080	57521334	0.0001785404658418	1.22903542094464e-08	0.1072938135808148	858	0.000179087188416	3.4955578645165114e-08	0.3381286507592088	856
19	57521335	59118838	8.194667597932826e-05	6.853316172789356e-09	0.3222345498200104	695	9.34766901835406e-05	1.5701322686782704e-08	0.4556711718348571	692
20	60479	697599	3.2224681921960104e-05	4.241743486926506e-09	0.6207519633307271	328	6.601571401252266e-05	1.2928829988422633e-08	0.5615184706618924	325
20	697600	2469500	-0.0001335052444842	1.3273460178788887e-08	0.2465401497045881	1162	-4.580328022086354e-05	4.0102816227947484e-08	0.8190845010750588	1157
20	2469501	3828412	-3.6183996782959736e-05	6.020974988061318e-09	0.6409871702800203	610	3.8648700103447105e-06	1.5571915248886432e-08	0.975292175399208	607
20	3828413	5477849	4.308391013181047e-05	1.1823220089426122e-08	0.691935449367159	957	4.087727754528269e-05	3.4063539024126935e-08	0.8247176890127141	951
20	5477850	7084072	-3.440367460630119e-05	9.660251747267574e-09	0.7263129526128217	894	4.6901535315384275e-05	2.9250902589868573e-08	0.7839066811313024	889
20	7084073	8117010	1.751139340555131e-05	3.749797662195218e-09	0.7749029587048447	487	8.168310958750865e-05	1.0011304223689138e-08	0.4142886610483597	486
20	8117011	9730920	7.793026091719736e-05	8.457889278336753e-09	0.3967866938362629	912	3.0034289009436748e-05	2.3939453046727733e-08	0.8460854351585859	904
20	9730921	11249535	8.784358699613573e-05	8.932363291293502e-09	0.3526549939909429	858	-7.177517598576888e-05	2.6880731177542312e-08	0.6615473706779049	854
20	11249536	12447498	1.3057569822511686e-05	4.9097850422393765e-09	0.852169720874388	571	8.273887583060196e-05	1.3186874980579592e-08	0.4712124145779991	568
20	12447499	13689863	-5.321495835233351e-05	6.5469448046650245e-09	0.5107440182033993	653	-9.166316276347268e-05	1.9216694807260493e-08	0.5084619523065489	648
20	13689864	15958358	3.0632036588740935e-05	1.0813941626551892e-08	0.7683247935706972	1141	0.0001081342375442	3.143834305762819e-08	0.5419515294600312	1136
20	15958359	17487231	-2.1230306078163308e-05	1.0471684342781485e-08	0.8356455511742318	1083	-0.0001105147543492	3.0845248163394305e-08	0.5291826452829238	1080
20	17487232	18972202	-7.259433538317199e-05	7.055228576157483e-09	0.3874420444543313	737	-7.286812739811224e-05	1.9638317711535213e-08	0.6030784926115198	733
20	18972203	20959709	-3.258624414342018e-06	1.0341120284370642e-08	0.9744367390180078	1008	-0.000145147135956	2.8192312658440617e-08	0.3873371940565655	1007
20	20959710	22491455	9.741191564738558e-05	4.133031210605323e-09	0.1297148914165892	481	8.261328831969137e-05	7.998586712733241e-09	0.3556288669814861	477
20	22491456	23293789	3.112902291739049e-05	3.392535376833012e-09	0.5930334553956111	409	5.8320961002303136e-05	9.369717405032724e-09	0.546837325118229	409
20	23293790	24717723	5.142269723361362e-05	5.197119467519594e-09	0.4756588383873656	622	-6.113530397813971e-05	1.3698823879636161e-08	0.6014360095519999	619
20	24717724	25344230	2.8931092133428065e-05	1.8579513605847723e-09	0.5020973515055551	282	-5.310906104845442e-05	4.1478846101816005e-09	0.4095858250007905	282
20	25344231	31614822	6.844685537187943e-05	5.476146408263731e-09	0.3549944444303621	731	-0.0001778297083916	1.3028877587816555e-08	0.1192473983509197	727
20	31614823	32813440	1.3525206947998162e-05	2.5428158341747743e-09	0.788532211848245	348	4.2273131108031434e-05	7.785351370930676e-09	0.6318681672507094	347
20	32813441	34960445	-8.519576562887067e-05	3.703103003753722e-09	0.1615064856408613	576	-6.637024763705061e-05	7.267168775557607e-09	0.4362402937592013	569
20	34960446	36909529	6.939031880116948e-05	4.6848372057465565e-09	0.3106789263437025	595	-1.582358270148212e-06	1.2163803437449691e-08	0.9885529050121044	592
20	36909530	38436760	0.0001022673893364	8.789134256866298e-09	0.275339903462099	588	2.4069149535412877e-05	1.2472075361569028e-08	0.829360449228308	581
20	38436761	39610855	3.736403403549604e-05	4.903659371643985e-09	0.5936371911743349	534	-0.0001277372982347	1.3854774009510932e-08	0.2778239912877659	533
20	39610856	40585688	1.5297564491956497e-05	2.751303740840115e-09	0.770558841655868	327	-3.474140752734846e-05	7.305828039664002e-09	0.6844081660836681	326
20	40585689	41615459	-1.3463030362148235e-05	6.014911144451248e-09	0.862186587610285	642	4.123732069496463e-05	1.673681248495744e-08	0.749913941257234	638
20	41615460	42680175	9.906059698063092e-05	7.676599853468609e-09	0.2582152570881831	455	0.0001520086042296	1.6631775371626012e-08	0.2385224316369566	454
20	42680176	44839055	7.897202301736506e-05	1.3941966004319311e-08	0.5036083399374724	931	-3.954242858768844e-05	2.2050609815351656e-08	0.7900167338196357	927
20	44839056	47199979	4.561577532683063e-05	1.2326566670580874e-08	0.6811751009942908	1173	8.813448080672178e-05	3.7040817039321134e-08	0.6469978271797159	1166
20	47199980	49239657	6.262318708775943e-05	7.969485667607003e-09	0.4829987493202835	874	-7.596322840483186e-05	1.9658052690834496e-08	0.5879613060287538	867
20	49239658	52472548	0.0001611452407774	1.6114443322420193e-08	0.2042866246300518	1513	0.0002341366528835	4.74136160687044e-08	0.2822534899568307	1505
20	52472549	54055265	-0.0001633350393179	7.369084821938636e-09	0.0570784061136998	743	0.0002060342079182	2.1730663258188033e-08	0.1622139293890261	736
20	54055266	56447958	9.773093997257908e-05	1.4229897868796621e-08	0.4126279384236657	1333	-0.0002283749409135	4.1912443106850616e-08	0.2646280945347662	1327
20	56447959	58406571	-4.9093020194359174e-06	1.1816689790184315e-08	0.9639782934310908	1059	1.604723389039444e-05	3.676734531267717e-08	0.9333036009833936	1051
20	58406572	59561723	4.000891295509655e-05	6.142646980247713e-09	0.6097150238468632	616	-2.3701398862558313e-05	2.0148507930760727e-08	0.8673893926834438	614
20	59561724	61301854	3.158884594884178e-05	1.0822938233807544e-08	0.7614010087320167	931	-1.1230811919388478e-05	3.3066789867921e-08	0.9507530691062892	927
20	61301855	62190179	2.6244580652133337e-05	1.0643748860264388e-08	0.7991977629859268	430	9.464417288132853e-05	1.9183823819128947e-08	0.4944025126350158	430
20	62190180	62965162	-1.9055228543186468e-05	5.023166427616661e-09	0.7880378080593301	307	-5.385858084125356e-05	1.2164758783232267e-08	0.6253242779417415	302
21	9411243	15950981	2.3147843415499164e-05	3.8063606382767806e-09	0.7075163948700065	376	9.9390322629018e-05	1.0350226503338974e-08	0.3285974301182205	376
21	15950982	18053164	7.34367244783496e-05	8.395277652762482e-09	0.4228505326385763	794	6.7802553545730506e-06	2.2650112544387596e-08	0.9640661261845958	792
21	18053165	19480374	-5.204062868661657e-05	5.768839656679776e-09	0.4932366909042713	561	7.08595568255195e-05	1.7358277716858844e-08	0.5906943396725751	555
21	19480375	20962338	7.302049170925212e-05	7.445418995638921e-09	0.3974116642113844	761	-3.662982286779712e-05	1.9657724543195116e-08	0.7938942034969649	757
21	20962339	22072763	6.175071269063204e-05	5.109142768115845e-09	0.3876379297900706	466	-7.279901309792406e-05	1.4452172616329553e-08	0.5448053579342143	465
21	22072764	23362874	0.0001212217971944	7.249242920992594e-09	0.1545182326106232	655	0.0001685507097062	1.6955842841790957e-08	0.1955248314760532	651
21	23362875	24696230	4.543156779190949e-05	4.637332875251591e-09	0.5046762289269093	488	7.38382117947021e-05	1.203547543572106e-08	0.5009132966700756	485
21	24696231	26469121	-1.1437029265882602e-05	7.723655868373781e-09	0.896457804002969	811	-0.0001711954528415	2.2398506465346553e-08	0.2526709722550273	806
21	26469122	27271018	7.659656188433477e-06	2.3393620452829367e-09	0.8741688033578947	266	-3.4843997271357446e-05	5.858033926365792e-09	0.6489278280664335	263
21	27271019	29125225	0.0001813638247217	1.1009951827518254e-08	0.0839067682366412	1031	0.0002688455005441	3.0860277018406667e-08	0.1259195749729009	1025
21	29125226	31197024	-1.0121140386165964e-05	6.552114938939278e-09	0.9004942242287468	809	2.717985121066743e-05	1.4575800358001789e-08	0.8218791522842234	799
21	31197025	32668641	-2.1810978794419e-06	4.6235426568224645e-09	0.974411000073047	563	5.885171616379287e-05	9.723737455050483e-09	0.5506283422519087	560
21	32668642	34376998	-3.542532263054254e-05	8.098292887228235e-09	0.6938348972505242	806	-0.0001982649749188	2.0760499786188316e-08	0.1688131353708214	799
21	34376999	35225464	-3.375243953543077e-05	3.396893548504731e-09	0.5625121324265527	338	-1.6199161023397875e-05	8.557048093044995e-09	0.8609869948825002	335
21	35225465	36524372	0.0001581053860837	7.159980906399452e-09	0.0616938296271277	668	1.1902058788201064e-05	1.8419004585831752e-08	0.9301168177848702	618
21	36524373	37870778	4.72368892083964e-05	5.630204609975407e-09	0.5289995076175151	633	5.798594579762424e-05	1.4218609100814056e-08	0.626762481935342	632
21	37870779	38711703	-3.79374075136814e-05	3.110163517438613e-09	0.4963387528404701	372	-0.000148784356956	6.476310951854989e-09	0.0644845491498357	371
21	38711704	40482901	-7.638927727087915e-06	1.1470141040280397e-08	0.9431382829411142	1002	2.2544245655812085e-05	2.7100469218718573e-08	0.8910739892187839	995
21	40482902	41389526	-3.392757873841951e-05	5.231590941970905e-09	0.6390208991168653	583	3.1952965962803033e-05	1.2112114371984926e-08	0.7715590438407218	579
21	41389527	43321527	0.0001006432289506	1.3271729491680149e-08	0.3823271667292695	1193	0.0002278467335681	3.6808105147576775e-08	0.2349900812322605	1185
21	43321528	44506267	-3.188355693189563e-05	8.41018706878699e-09	0.7280900015929362	803	-6.904360485172759e-05	2.1661076927795642e-08	0.6389842598805549	765
21	44506268	46177104	-2.381692207325017e-05	7.100013731395361e-09	0.7774416296092127	700	-0.0001416811058391	1.3252762819478687e-08	0.2184281704508885	490
21	46177105	47492225	0.0002677755436489	6.030168906992938e-09	0.0005641083561508	626	-3.954172191362636e-05	1.4384510638365744e-08	0.7416329156965633	623
21	47492226	48119751	1.7531518788513012e-05	2.487433946379763e-09	0.7252020814075976	292	3.940097322716136e-06	5.844111482204298e-09	0.9588949177690496	291
22	16050408	17674294	6.159152210314572e-05	3.892210382391055e-09	0.3235249520547092	266	6.330944095824999e-05	9.96941654856422e-09	0.5260385685199441	260
22	17674295	18296087	4.8077330422889815e-05	4.844005434298592e-09	0.4897055266810073	305	-9.241155136402096e-05	1.2087573611622804e-08	0.4006075175873199	292
22	18296088	19912357	7.799734832851725e-05	8.523954532490436e-09	0.3982166804859256	677	-2.2683003073700127e-06	1.6468743989119297e-08	0.9858977710691184	651
22	19912358	22357324	-4.11907525003109e-05	9.639563417616612e-09	0.6748231726186635	791	8.999485692207202e-07	1.848829305117841e-08	0.9947191215271272	790
22	22357325	23712646	1.865889818113585e-05	5.769891368699444e-09	0.8059595701144121	443	8.435264756723032e-05	1.2812014467083863e-08	0.4561330232764634	426
22	23712647	24984203	1.59841297774222e-05	5.591533806170107e-09	0.8307353406366133	460	8.576553429352635e-05	1.1472286294133176e-08	0.4232861461676409	455
22	24984204	26791627	2.389692308598807e-05	1.287371857994742e-08	0.8331874485339519	915	3.0219394971114107e-05	3.2018225957875055e-08	0.8658883049218388	908
22	26791628	27834751	0.000134972134011	1.2914735276970916e-08	0.234957440042166	854	0.0001826789526142	3.3704877837359064e-08	0.3197150332672467	841
22	27834752	29651798	0.0001892144534188	8.777113478087006e-09	0.043418576779471	651	-0.0001730709012881	2.3571285611814586e-08	0.2596234372815592	644
22	29651799	31439917	1.3850419502637244e-05	7.605357593318251e-09	0.8738112914083367	641	1.214747325802382e-05	1.4316780814564397e-08	0.919135519305604	641
22	31439918	32664985	7.372217171112112e-05	4.542406902717796e-09	0.2740237190998856	411	-9.95458208624773e-05	8.807546375197267e-09	0.2888229357279454	410
22	32664986	34494913	0.0004351564900079	2.6157620389358007e-08	0.007132734948128	1081	0.0003243909478713	5.627642560839971e-08	0.17149019908605	1074
22	34494914	35530984	7.601006957968002e-06	5.99337691332598e-09	0.9217871541662854	571	-8.735227626989323e-05	1.162825830819788e-08	0.4179060100362355	566
22	35530985	37570268	0.0001546421808689	1.3237926633628295e-08	0.1789296615469003	1013	-0.0001482048585031	3.06768264482133e-08	0.3974583470328277	1008
22	37570269	39307893	1.1355399046221956e-05	8.172661533733062e-09	0.9000414645469937	682	6.86050290591127e-05	1.6145119826654815e-08	0.589247144808254	672
22	39307894	40545796	6.95023778122188e-05	5.114734887909007e-09	0.3311375808004969	420	7.18511787363511e-06	1.1479134448754149e-08	0.9465319981376434	419
22	40545797	42690817	0.0001176638682579	8.472266726196948e-09	0.2011327509869329	557	6.430640073097402e-05	8.930567921311715e-09	0.4962012773210884	554
22	42690818	43714199	0.0001346512497652	6.55283248493609e-09	0.0962330378068611	482	3.08914318063753e-05	1.3282351639597362e-08	0.7886680817811251	478
22	43714200	44995307	3.43640886430812e-05	1.1298098512255044e-08	0.7464700566494383	861	6.629463962869894e-05	2.5873089437765303e-08	0.6802302023574789	858
22	44995308	46470494	6.69827054246742e-05	1.1764445760587896e-08	0.5368674906496806	798	0.0001225031843556	2.8075021431012704e-08	0.4647072313705399	794
22	46470495	47596317	1.579464857455079e-05	7.2999379534909595e-09	0.8533363634360059	559	-0.0001180548324926	1.7142330174673773e-08	0.3672308466345514	557
22	47596318	48903702	0.0001654174972174	1.2100749497377677e-08	0.1326460440413512	870	-1.5405338602741846e-05	3.0138575296649834e-08	0.9292900909587732	863
22	48903703	49824533	0.0001331464212443	1.2608537411800572e-08	0.2357167187967388	765	0.0001074369142295	3.548805892038498e-08	0.5684661980169361	756
22	49824534	51243297	4.53285882996091e-05	1.3046095254422357e-08	0.6914743461257069	536	9.741157054810796e-05	2.0662258872472433e-08	0.4979776010523231	533
