chr	start	end	rho_PGC	var_PGC	p_PGC	m_PGC	rho_FG	var_FG	p_FG	m_FG
1	10583	1892606	6.0311099600179415e-05	1.0865683375898749e-08	0.5628678314608498	164	-0.0001412726362954	2.0878306582453936e-08	0.3282173766884149	162
1	1892607	3582735	-5.938164521867038e-05	2.6056915780887214e-08	0.7129724766868646	444	-7.945918485336732e-06	5.888770438663849e-08	0.973878732062912	440
1	3582736	4380810	6.596358703590183e-05	1.8581870635426563e-08	0.6284537357917199	302	-4.459823761480392e-05	5.0667052778882426e-08	0.8429416986901608	302
1	4380811	5913892	0.0004061965947247	7.789943342307098e-08	0.1455708346116371	1011	9.953130775898698e-05	1.6535227493460302e-07	0.8066360796339558	1005
1	5913893	7247334	8.202924144543466e-05	2.3334917662338125e-08	0.5912750674499683	514	0.0001257136822415	5.2588130016385425e-08	0.5835548835612052	508
1	7247335	9365198	-0.0007139544968491	4.4822517017353315e-08	0.0007455116921362	810	-0.0007155774787059	1.0240010540919681e-07	0.0253400829358984	806
1	9365199	10806983	0.0001353100680648	2.0351154548615823e-08	0.3428769163907497	428	0.0001347461087632	4.0496009138251666e-08	0.5031180497312056	427
1	10806984	11777840	0.0001446697893778	1.8573248079713473e-08	0.2884472780786334	292	8.083930073685614e-05	4.133071967923088e-08	0.6908982714546108	290
1	11777841	12779465	3.122814707142203e-05	1.78983662880973e-08	0.8154346769015155	331	-3.460953163043813e-05	4.4275269059326996e-08	0.8693526877428753	327
1	12779466	14891510	1.9549028907653105e-05	4.4717312416325736e-08	0.9263438255379433	681	-0.0005712602784496	1.021092025310964e-07	0.0738198071487397	674
1	14891511	16897729	-9.071401863510046e-05	4.1767683262279916e-08	0.6571377429343973	856	-0.0002158471781998	9.421903730618296e-08	0.4819329533238046	851
1	16897730	18662898	-4.6899552129837726e-05	3.7753057148961566e-08	0.809264338129794	730	3.4210904854441496e-05	9.831401340038849e-08	0.9131167791950312	724
1	18662899	20469148	9.28141698305799e-06	4.97511520056215e-08	0.9668084557392078	873	0.0002189058486977	1.2601149296453753e-07	0.5374529135849004	870
1	20469149	21736587	8.145269384997271e-05	2.7410995427043213e-08	0.6227370055890604	537	-8.068771504373116e-05	6.26401574651848e-08	0.7471575770288141	531
1	21736588	23086882	-0.0001875256097226	3.423623191514988e-08	0.3108282441770768	619	-7.75970111256071e-05	9.162883485823653e-08	0.7976826022989586	615
1	23086883	23920589	0.0001292744143516	1.180981290673406e-08	0.2342142934812778	271	-0.0001491274816111	2.5575671084173255e-08	0.3510833726764821	270
1	23920590	25516844	-0.0001305178866302	3.25044878255781e-08	0.4691068740089192	646	5.937894954588996e-05	8.23037964842092e-08	0.8360276391955831	643
1	25516845	27401866	-2.3682089987333873e-05	2.3894875184892218e-08	0.878238087854725	555	-2.8046313284969617e-05	5.2775899516419835e-08	0.9028326694224474	552
1	27401867	30161880	8.184864155211473e-05	3.790869665673163e-08	0.6742078738469985	703	0.0001672989573733	6.336359471282884e-08	0.5062936476856679	697
1	30161881	32438684	0.0001048638864958	6.505071180933077e-08	0.6809628066549384	1086	5.81353751368963e-05	1.1633297854686457e-07	0.864658706768456	1081
1	32438685	34799757	-6.892627072369857e-05	3.507626083466792e-08	0.7128540783525179	788	5.309805190702272e-05	7.814603690469019e-08	0.8493531744022648	784
1	34799758	37549182	-2.2874006579830832e-05	3.4212100635745536e-08	0.9015792691084232	681	-0.0003913603759029	8.712603777539847e-08	0.1848808132204075	679
1	37549183	38731846	2.2748728763168135e-05	2.310462329039552e-08	0.8810323390141731	491	0.0001637594714607	5.43771010126554e-08	0.4825165592509192	488
1	38731847	40200566	0.0002263819683545	3.9723679492603385e-08	0.2560236005387296	493	-0.0001192693918988	5.88629509607673e-08	0.623005252510187	491
1	40200567	41975326	0.0003753513501772	3.881049066764775e-08	0.0567410579870489	662	-0.0002938108316602	7.34452421516051e-08	0.2783020650430249	658
1	41975327	43758456	6.814043329205158e-05	2.8307721320489724e-08	0.6854792850371079	650	0.000193316780359	6.3909760829989e-08	0.4444555892112904	649
1	43758457	44969182	-0.0003260959802469	4.222041697251323e-08	0.112506636560373	452	0.0001857334923302	3.357528870549024e-08	0.3107583441652325	452
1	44969183	46899500	-4.26000927752206e-05	2.2608613371124657e-08	0.7769333733307824	575	-3.319768771180446e-05	3.5637956359444675e-08	0.8604089030299915	571
1	46899501	48002575	-8.663530742339783e-06	1.5913418774378292e-08	0.945246492277636	382	1.248443270712618e-05	3.335194420490097e-08	0.9454982882221904	381
1	48002576	48978187	-2.600267814293866e-05	1.8502719967725805e-08	0.8483991132241646	384	0.0001171878552269	4.3426165184844874e-08	0.5738774314569444	382
1	48978188	49894176	4.907501561438454e-05	1.3442887197076431e-08	0.6721006394622633	273	3.307881409794509e-05	2.279779998574755e-08	0.8265874433585687	271
1	49894177	51713725	3.548930309680689e-05	1.2956070801147217e-08	0.7552008702945349	314	-6.869501942380521e-05	2.005340131470134e-08	0.6276054489277194	314
1	51713726	54226261	-2.7248159208438405e-05	2.992797277684223e-08	0.8748456749792106	658	-0.0003685544908772	6.495568534682223e-08	0.1481540146331928	652
1	54226262	56413116	0.0002622976701955	5.7169538154624786e-08	0.2726353592142244	1003	0.0001439993362046	1.2945797994517672e-07	0.6889963246496682	1000
1	56413117	57021727	-1.704312494388459e-05	1.4194687650241331e-08	0.8862510973136263	306	-4.732860882531161e-05	3.3747942021848196e-08	0.7966907993770925	305
1	57021728	58865398	-9.779963717206728e-05	4.7410288518994555e-08	0.6533163362991956	1013	-3.444109753525801e-05	1.1132371786532423e-07	0.917784730737992	1011
1	58865399	59890408	-0.0001085444168158	2.104597601754651e-08	0.454334076097265	454	-0.0001584402184008	5.054261565779753e-08	0.4809643233756417	451
1	59890409	61922364	0.0002382793065303	4.050099685630984e-08	0.2364111539918451	766	0.000274348662244	1.0178171367192044e-07	0.3898223173604606	763
1	61922365	63455088	-9.733116209175904e-05	3.269668842610409e-08	0.590390788932734	642	0.00010080016472	7.262433106231932e-08	0.7083731978703829	640
1	63455089	65041703	-6.754037335855696e-05	3.744599059393727e-08	0.7270679712371722	753	0.0001515817807322	9.027177703247548e-08	0.6139020330252449	747
1	65041704	66939403	0.0002021423760724	3.6129866681464486e-08	0.2875700354753469	750	0.0002274830684022	8.25554969486223e-08	0.4285192122551307	749
1	66939404	68477894	0.0001161201275589	3.652377735754635e-08	0.5434510413940772	803	-0.0002646035350349	8.54680018312875e-08	0.3654153909876141	798
1	68477895	69687615	0.0003086080043878	2.1655028020465305e-08	0.0359810184680784	425	-0.0001536568178678	5.522527837808436e-08	0.5132038418415872	423
1	69687616	71372469	0.0001242378058949	2.9522302721570167e-08	0.4696386025733331	632	1.7376034130763636e-05	6.845688940155738e-08	0.9470503619595608	627
1	71684405	74326906	0.0005684789746795	3.548321339503945e-08	0.0025454402752089	667	6.957395837680089e-05	5.4781849529155725e-08	0.7662722528645846	667
1	74326907	76728134	-0.0002459313452254	3.81392871015978e-08	0.2079236720186685	884	5.785381806947215e-06	8.818970339686256e-08	0.9844569703510048	882
1	76728135	79661197	0.0002190120954648	5.3914375853852515e-08	0.3455652661768533	1132	-0.000588256965914	1.2523444943717878e-07	0.0964558838287947	1128
1	79661198	81354190	-0.0001228596622693	2.7791659529723035e-08	0.461138253290701	587	-0.0002226919203404	6.34392578372597e-08	0.3766158360685834	586
1	81354191	83991747	0.0005765270408424	5.4230151139386863e-08	0.0132972590556961	1137	0.0005052728241452	1.2890839549301818e-07	0.1593397445736271	1133
1	83991748	84844494	-2.0458901225123483e-05	1.6179701406779758e-08	0.8722185477651885	357	-0.0002436931447295	3.597587519034337e-08	0.1988600103966898	356
1	84844495	86454750	-2.286067020155117e-06	3.66596257904023e-08	0.9904736904921602	770	-0.0001164625394189	8.622242285454602e-08	0.6916466685490714	768
1	86454751	88128630	-7.686596910238636e-05	3.2191874846914575e-08	0.6683516602093249	677	0.0002808882266446	7.39271878631927e-08	0.3015692567801599	674
1	88128631	90066302	8.870165413082562e-06	2.8949006380793917e-08	0.9584225108989848	611	-6.568811283527201e-05	6.815452838757848e-08	0.8013373650321604	609
1	90066303	91886316	-0.0001583086352443	3.2596190101612253e-08	0.3805726384363646	665	-0.0001908353880724	7.79283161802364e-08	0.4942186257219836	662
1	91886317	93536458	0.0001011496724703	2.692243780383977e-08	0.5375887277333505	611	-2.403158708608012e-05	5.808432325708797e-08	0.920571960072733	609
1	93536459	94506190	-4.9186953729845654e-05	1.2388222195575132e-08	0.6585457893570434	312	6.546005349617484e-06	2.5434080201900865e-08	0.9672594126443834	310
1	94506191	96150892	0.0002502297092473	3.8475566170078704e-08	0.2020638674829947	782	-0.0003039009291079	9.031501204406477e-08	0.3119040089396535	779
1	96150893	97885248	0.0005011780698986	5.984919821360319e-08	0.0404986029762851	729	0.0003195390557994	6.269458287113802e-08	0.2018950074723572	724
1	97885249	99800603	0.0003523466114479	7.161499085397085e-08	0.1879582223004675	728	-8.254281323828591e-05	1.0181510950735033e-07	0.7958774190994955	727
1	99800604	100826404	-5.720885120703287e-05	1.628899395559429e-08	0.6539759112449379	380	8.737563165557864e-06	3.2917497061157075e-08	0.9615895727713504	377
1	100826405	102041015	0.0002239254279899	2.3278031754122884e-08	0.1421921681884201	519	0.0002008054862312	5.030139647579383e-08	0.3706080459102692	518
1	102041016	102898744	1.715133128254795e-05	1.4954786255284294e-08	0.8884612278311422	332	2.305095806442815e-05	3.5804648718128094e-08	0.9030414238398046	332
1	102898745	103914210	4.9594294650044055e-05	1.1801732092464932e-08	0.648016822629246	251	4.4778546816015086e-05	2.8320361293339276e-08	0.7901736488643909	249
1	103914211	106087841	3.841610388104851e-05	2.520319928336157e-08	0.8087930665693747	562	9.13140041504776e-05	5.833930771284611e-08	0.7053885949622838	558
1	106087842	108409664	4.5144888365830395e-05	4.1958579651451154e-08	0.8255649394326136	872	-0.0002283882711085	1.0317169970349485e-07	0.4770599853225001	868
1	108409665	110303930	7.67236889597816e-05	3.1975297213745395e-08	0.667876575341344	674	0.000320812448487	7.540535829350138e-08	0.2426904058163571	671
1	110303931	111741736	0.000367035958584	3.3653295243599133e-08	0.0454183492747133	665	0.0001431408892313	8.522042251953789e-08	0.6238976826919616	665
1	111741737	113273305	-0.0002229310284684	4.1748854532078945e-08	0.2752469205999136	842	0.0001651161299956	9.570839586300053e-08	0.5935344150988534	838
1	113273306	114873844	1.1154264341070992e-05	2.937452755360476e-08	0.9481093566502016	627	-0.0001046561119407	5.8230902307452375e-08	0.6645074566717023	626
1	114873845	115880592	0.0002063740345585	1.8437526586654153e-08	0.1285460427416768	399	0.0001460996362858	3.598381471965118e-08	0.4411896580041765	397
1	115880593	118839066	7.109878716165379e-05	4.8108574039468924e-08	0.7458216917483442	1024	-4.72016688836297e-05	1.1251965438468197e-07	0.888094387143164	1019
1	118839067	144977493	2.884899376345724e-05	2.9764722420401397e-08	0.8671995135200095	656	0.0001777106852995	6.874099486162777e-08	0.4978944825222281	655
1	144977494	148361252	-6.888364854286593e-05	2.2971770193067427e-08	0.6494802703367629	512	-9.232888569439798e-05	4.87067554294074e-08	0.6756889697352058	476
1	148361253	151538880	0.0001924199487099	5.2387346363671315e-08	0.400520525426677	435	-0.0001567153542254	2.9428893032335232e-08	0.3609619041305301	433
1	151538881	153180828	8.179175923707582e-06	2.3251603312157655e-08	0.9572225451568892	597	0.0001337338221733	4.3377846041755307e-08	0.5208038444572298	597
1	153180829	154770402	0.0003045551267744	3.950485943077628e-08	0.125451160128397	592	8.073148312873806e-05	5.173332442192996e-08	0.7226328315242658	589
1	154770403	156336132	0.0002819883448731	2.5381872509394875e-08	0.0767298137797952	434	0.0002958182357272	3.55429246285346e-08	0.1166265422168904	429
1	156336133	158027411	0.0002406920947353	3.5054124401089235e-08	0.1985967532598606	708	-6.327702397219712e-05	8.410759321728238e-08	0.8272835812616748	705
1	158027412	159913047	0.0002364149437856	5.766749187705637e-08	0.3248767802634732	826	0.0001723014454838	9.47519623314654e-08	0.5756493464129289	821
1	159913048	162346720	0.0004554821131575	5.186317355386034e-08	0.0454944026918415	1043	0.0006163509253521	1.2338451208823833e-07	0.079314195568428	1038
1	162346721	165191701	0.0002924311946637	6.729299701307752e-08	0.2596164785648212	1385	0.0001833374008747	1.647629921689017e-07	0.6515067413668376	1379
1	165191702	166460516	9.09157098458709e-05	3.2729547166332145e-08	0.6152891059159873	652	0.0003411104308646	8.219593776393831e-08	0.2341294706407105	650
1	166460517	169086323	-0.0003249239950461	6.708526300689742e-08	0.2096628908297493	1351	9.93238753821856e-05	1.5791748611474553e-07	0.8026325118902646	1346
1	169086324	170557775	0.0002360235356091	2.8255891735771176e-08	0.1602864134931391	670	0.0001162665235366	5.921317355584766e-08	0.6327930525396461	668
1	170557776	173097906	0.0001240108132555	4.7063542354342565e-08	0.5675706722031251	1107	-0.0002390175292022	1.0551301749704069e-07	0.4618349444640492	1102
1	173097907	175089767	-6.810652345827216e-05	2.7395581554268445e-08	0.6807207988703048	614	-1.3370655202024182e-05	3.5189015711375505e-08	0.9431773368801388	609
1	175089768	177433380	0.0003222453315069	4.21185715570005e-08	0.1163729248078241	963	0.0002848891141639	9.429566242468749e-08	0.3535383364299413	958
1	177433381	178944308	9.990211470599112e-05	3.195539651833776e-08	0.576257665829734	613	0.0002274533530139	6.060370249845223e-08	0.3555186686032382	611
1	178954470	181144120	0.0001620241359288	3.9602331593353034e-08	0.4155430157036861	922	0.0002927363098758	8.248696661413255e-08	0.3080807220947851	913
1	181144121	182755355	1.5268918770239727e-06	3.3726641059787294e-08	0.9933662851820624	722	0.0002128869618924	9.030009873438909e-08	0.4786701587607423	721
1	182755356	184595512	0.0001679748064995	3.918704390818293e-08	0.3961366770313488	743	0.0002899196506581	6.562376137841554e-08	0.2577432912496573	740
1	184595513	186810022	-0.000117173305623	2.8303278150000292e-08	0.4861266088124308	705	-0.000378665818384	5.24987135792078e-08	0.0984014300529502	702
1	186810023	188759944	6.850818570862026e-05	3.6852859634839915e-08	0.7211910801630005	798	-0.0002307491328491	8.673301888525974e-08	0.4333241864839869	794
1	188759945	189904129	-1.1484705506126869e-06	1.0448027752394837e-08	0.9910353440128776	287	-9.99314051275858e-06	1.5141175733668542e-08	0.9352730607732356	287
1	189904130	191868929	2.3636788662318153e-05	2.8750337946126224e-08	0.8891330016807065	711	1.4939687653006496e-05	6.038305848467902e-08	0.951520677255096	708
1	191868930	194107441	0.0005383866059758	3.6234133858810264e-08	0.0046786571803178	754	0.0005265451758151	6.158828666558167e-08	0.0338618711142204	751
1	194107442	196176200	0.000114285207963	3.253911877000691e-08	0.5263686035307542	731	0.0002168883367462	7.551964267330227e-08	0.4299747768424949	730
1	196176201	197311513	1.579736063259899e-05	1.3607048921641662e-08	0.8922749431328365	254	-0.000172844167939	2.0217527247572432e-08	0.2241373124790027	253
1	197311514	199239883	0.0002231491050797	2.7767847366780663e-08	0.1805270476176866	616	0.0002901644542446	5.8048709848931395e-08	0.228459464510047	614
1	199239884	200137648	2.5461036137099927e-05	1.7777288038183484e-08	0.8485566173616206	387	-3.470059063026857e-05	4.1800879267318055e-08	0.8652269220768772	386
1	200137649	201589974	0.0004395713425859	4.0893275066300597e-08	0.0297262362384232	801	0.0002497667565497	9.599851306515318e-08	0.4201707874603542	796
1	201589975	203334733	-0.0002664816656398	3.6614111326398665e-08	0.163724586270367	706	4.739371204633877e-05	8.798044121036997e-08	0.8730528603883094	706
1	203334734	204681067	3.6584104009036193e-05	2.8683126114857893e-08	0.8289778882014267	583	0.0002737710342824	6.611830169462905e-08	0.2870123784684235	581
1	204681068	206073264	9.73697064121677e-05	3.3332680519909586e-08	0.5938113457467717	655	-9.527640507759984e-05	8.098983268840085e-08	0.7377848804811455	652
1	206073265	208410363	0.0003834482172142	3.7950856215483336e-08	0.0490311111835772	780	0.0001404779816463	9.025865203670883e-08	0.6400788783143782	776
1	208410364	210787749	0.0003304529182931	5.6816883181917244e-08	0.1656420028371389	1129	-0.0002947279144374	1.3981852582855414e-07	0.4305770957571334	1125
1	210787750	212842329	0.0001448003273022	4.289116225150938e-08	0.4844429286458187	820	0.0001529986640968	1.0934312978026149e-07	0.6435852313974542	811
1	212842330	214578265	0.0001044733654186	3.6355772324865814e-08	0.5837453242703203	706	7.757413127811731e-05	8.07710066237532e-08	0.7848887160343951	705
1	214578266	216243633	0.0001029139589055	3.3127201269581435e-08	0.5717786107481659	728	0.0002894543000932	7.669201968521385e-08	0.2959244079447738	722
1	216243634	218705512	7.919194967666343e-05	6.354197231058312e-08	0.7533996301816852	1280	0.0002384454537795	1.5668200317786317e-07	0.5469129632458389	1275
1	218705513	219590570	-4.012858014717243e-05	1.6207314855866715e-08	0.7526031655915395	354	-2.7647126372961068e-05	3.6406920578765275e-08	0.8847925558012475	353
1	219590571	221858230	-6.738872447773332e-06	3.98193077048086e-08	0.9730599807320436	861	0.0002208855061683	9.179300912556297e-08	0.4659658391791083	860
1	221858231	222230219	6.389197456174465e-05	9.924784880235044e-09	0.52130427001406	204	0.0002404173057937	2.5663964226708212e-08	0.1334242559738338	203
1	222230220	224938519	0.0002803046644888	4.1597577198222466e-08	0.1693340721129569	881	0.0003018165090091	1.0023707675191073e-07	0.3404389786266785	878
1	224938520	226810859	0.0003618792495418	3.45403825899645e-08	0.0515163778347364	630	1.3296450795814885e-05	6.98627372461128e-08	0.959879175210358	623
1	226810860	229156247	0.0001744438879844	4.0443767701808086e-08	0.3857113557840296	917	0.0002528513940086	8.436071403502128e-08	0.3839982550521859	911
1	229156248	230685254	-4.022350450991476e-05	3.2077239222820576e-08	0.8223018662059376	662	-2.109059879428766e-05	7.762092766656083e-08	0.9396572744920644	659
1	230685255	232090251	-5.533674469719981e-05	3.683294142855141e-08	0.7730913126020461	726	-0.0001206780110112	8.809885660822162e-08	0.6843185547551468	721
1	232090252	233429283	-9.226291584025664e-05	3.7395530257416345e-08	0.6332847261347181	708	0.0002260336333215	9.168618566611269e-08	0.4553744604882741	707
1	233429284	234599433	-7.082217458960016e-05	3.486939295972156e-08	0.7044883005559797	649	-0.0001332970038	9.170064395329108e-08	0.6598038894230184	649
1	234599434	235819435	3.514792612297491e-05	2.8603173923798766e-08	0.8353675537613013	471	-0.0001376986481544	6.126897961173763e-08	0.5780055307178543	464
1	235819436	237555627	-8.876654193009185e-05	3.88722589475004e-08	0.6525483573050835	791	-0.0001706266312217	8.417739410164841e-08	0.5564670832211015	788
1	237555628	238567806	0.0002696860691621	2.6899783627449363e-08	0.1001118550021044	398	-0.0001366789206172	5.510409975627753e-08	0.5603982200361032	397
1	238567807	239925313	0.0001960435085041	3.1792073282624975e-08	0.2715524541571901	600	0.0001824091925126	8.125938943815296e-08	0.5222396896129387	595
1	239925314	240564090	-1.9653198093141425e-05	2.1485163055921104e-08	0.893339338116093	418	-9.838239706983356e-05	5.350397913015984e-08	0.6705973099757302	415
1	240564091	241582219	-0.0001001492232877	3.5517482058474285e-08	0.5951374248071377	574	-0.0001470847788609	1.13380515770348e-07	0.6622448089721287	572
1	241582220	242071601	0.0003685047516586	1.7828456366601123e-08	0.0057827071201455	250	0.0002857903056349	4.931203759845461e-08	0.1981020639566251	249
1	242071602	244109498	-0.0001132201754084	5.327377221898104e-08	0.6237576875753339	754	0.0002259587721022	7.994409780503321e-08	0.4241952260795728	748
1	244109499	245506745	0.0002840473848499	3.7077549314031584e-08	0.1401730412584365	567	0.0002066642104525	8.071857526545748e-08	0.4669755872229415	557
1	245506746	247344517	0.0001328338767575	4.4853081489377336e-08	0.5305218435568427	887	-0.0002395713431167	1.0917471673583803e-07	0.4684153409938246	878
1	247344518	249239465	0.0002036178768246	2.7158265568979638e-08	0.2166210506871647	550	-2.74035997334248e-05	6.465506424071133e-08	0.9141764756718812	546
2	10133	1781021	0.0001227145383582	3.984013592385528e-08	0.5386851698798558	797	0.0001187263105067	9.974476469417652e-08	0.7069721981345751	779
2	1781022	3973778	0.0003417791148847	7.155884414134799e-08	0.2013708252672676	1133	0.0003067671023566	1.6615425826438313e-07	0.4517019507149237	1128
2	3973779	5708336	0.000192773613846	3.8744090476610764e-08	0.3273993585063743	717	0.0001681660194829	9.764972155924089e-08	0.5904740131136552	715
2	5708337	6836253	-1.3455798431802193e-05	3.7327314244322665e-08	0.9444754329553424	642	8.188425204807808e-05	1.0091034608872845e-07	0.7965843422384444	639
2	6836254	8422146	0.00016647027821	3.52291201001294e-08	0.3751204787953459	691	0.0003864303808103	9.066010686953352e-08	0.1993508204729238	690
2	8422147	10298468	0.0003428121461498	3.9764479969155585e-08	0.0855908270595033	752	0.0001132745643564	1.0024199949363681e-07	0.7205132116250506	749
2	10298469	12419149	-0.0001248942729913	6.519083808623765e-08	0.6247297767294004	1091	-0.0003439470128034	1.707161821979601e-07	0.405159273058831	1087
2	12419150	14335307	-1.6477501041261725e-05	3.497254713359439e-08	0.9297888429936694	678	0.0001228794442976	8.720296032950883e-08	0.6773256768242485	675
2	14335308	16329734	0.0002539034381163	4.115849015406039e-08	0.2107436972300561	842	0.0001303471849398	9.093796641512473e-08	0.665564037127597	835
2	16329735	18647422	-0.0001579848868161	4.78211750780004e-08	0.4700202825907086	983	-6.650021176233848e-05	1.1490209377031635e-07	0.8444677518239772	979
2	18647423	19692403	-8.408071344975417e-05	2.2387983770019877e-08	0.5741578256884596	430	-0.0001661946892148	5.6604715908812455e-08	0.484839999838083	427
2	19692404	21050489	6.568675259475605e-05	3.8266016896984874e-08	0.7370272468174914	728	0.0001675331087293	9.909469571589093e-08	0.5945869968139794	726
2	21050490	23341382	0.0011306275424643	6.0297136050104e-08	4.136952195224142e-06	704	-0.0004973774356552	8.858897254936957e-08	0.0947066333069213	703
2	23341383	24686917	-8.263112541559149e-05	2.5420920253230777e-08	0.604276591731016	498	-0.0002820177141846	7.608423143340095e-08	0.306582467158027	496
2	24686918	26894984	-5.743735998897803e-05	3.063210876086347e-08	0.742779047207087	656	-0.0002473281070595	6.906201437195604e-08	0.3466335404995327	652
2	26894985	28598776	-0.0001240312292301	2.0176784333919112e-08	0.3825635584323027	482	-4.8217401523726624e-05	3.9356413595427e-08	0.8079664825283259	480
2	28598777	29217558	0.000207685170539	1.3223597079259138e-08	0.070909936156258	275	0.0001254571502047	2.9616568803084826e-08	0.4660011298951659	273
2	29217559	30463710	7.247163047075836e-05	3.7004455600426916e-08	0.7063672920228288	706	-8.99919489322572e-05	9.035449310639175e-08	0.7646469668711733	705
2	30463711	31550449	5.888434245795594e-05	3.0997318083053174e-08	0.7380361977089986	607	-0.0001321441337058	7.792855279496329e-08	0.6359501219371544	605
2	31550450	33363776	-9.348050199885738e-06	2.7466762484418957e-08	0.9550192052901484	591	-4.73749162672361e-05	5.5194430991872315e-08	0.8401894103133937	587
2	33363777	35345027	9.632982744243542e-05	4.894357435709688e-08	0.6632542725137796	956	-0.0010269222433786	1.228411878405187e-07	0.0033897718725531	948
2	35345028	36122005	5.038084796431768e-06	1.6385653489048892e-08	0.9686049240334992	353	-0.0001561480113185	3.8629255061071115e-08	0.4269210276751307	352
2	36122006	38132711	0.000192615289446	6.276835298357674e-08	0.4420046742289819	1057	0.0004378006117639	1.427339396312543e-07	0.2465330929509196	1051
2	38132712	39031336	8.020625948952374e-05	1.971107388158522e-08	0.5678062013930036	387	0.0002125865532388	5.0761934904557126e-08	0.3453976675833985	384
2	39031337	40281482	0.0001379137016766	1.5751380109517547e-08	0.2718227953911351	359	-1.564818998185953e-05	3.395061835872065e-08	0.9323202841817216	357
2	40281483	43309589	0.0001004180440367	7.198565530535023e-08	0.7082010392118135	1511	0.0005266188997227	1.575263020598597e-07	0.1845602542065657	1495
2	43309590	44313802	3.058361459168968e-05	2.1724942359189068e-08	0.8356226032773573	459	6.622954417566994e-05	4.8850537936881874e-08	0.764442662719912	459
2	44313803	46482633	-0.0001029691472883	7.011982806801954e-08	0.697384069696398	1239	-0.0003004423323807	1.750483809474762e-07	0.4726985366545082	1232
2	46482634	47318771	-3.410446428122069e-05	3.095189369740369e-08	0.8462927011404937	472	0.0002471088692596	1.00256310264968e-07	0.435139380911506	471
2	47318772	48213000	0.0001596259227149	2.1613922506088954e-08	0.2775821032896178	335	0.0001035893059498	5.758421486241214e-08	0.6659730874687757	332
2	48213001	50022256	-7.835762916809048e-05	4.0637518894987335e-08	0.6974959936334257	811	5.917799483505316e-05	9.766153079189648e-08	0.8498071745021705	804
2	50022257	50818927	2.4180945799484835e-05	2.2824636045720152e-08	0.8728371371167518	401	0.0004524397834575	4.2734796107280025e-08	0.0286246160395444	399
2	50818928	52491132	0.0002277463932604	4.401920959388017e-08	0.2776996440127119	729	0.000277852979303	1.3847124827082377e-07	0.4552559816534524	729
2	52491133	53508451	5.48769563675253e-05	2.597224749670189e-08	0.733469317767551	551	-2.076365255816852e-05	6.143027676126657e-08	0.9332356196124564	548
2	53508452	54685225	0.0004200541471119	2.8629210104083586e-08	0.0130440339539554	512	0.0003058439618517	7.113325289882625e-08	0.2514906057640258	508
2	54685226	56203344	-0.0001125971905973	3.2877875672519485e-08	0.5346146008546375	695	7.82751261138206e-05	7.786642716648782e-08	0.7790861038703254	692
2	56203345	57429099	0.0001651749729278	2.3925716248357496e-08	0.2855864953402118	485	-9.642029357857646e-05	5.3349982700473985e-08	0.6763515086575167	482
2	57429100	58297314	-4.1177465135359085e-05	1.8947813603371584e-08	0.7648303015888454	326	1.2700074583636188e-05	3.5573000152184276e-08	0.9463143772599112	326
2	58297315	60291999	0.0003689128359259	8.380653191805713e-08	0.2025434489099343	843	0.000125051614622	1.0576359834038184e-07	0.7005915919855568	836
2	60292000	62429043	0.0001399326643167	4.273984549205326e-08	0.4984910473436508	703	-6.452041259956148e-05	7.228103996105793e-08	0.8103415242960614	700
2	62429044	64625912	-4.067057635041688e-05	3.21215891281081e-08	0.8204822766660276	686	-0.0001818882176943	6.960703144399867e-08	0.4905648603708615	684
2	64625913	65933443	0.0003118282669551	2.8834793583416544e-08	0.0663049104612546	529	2.0928118054241008e-05	7.187293874581097e-08	0.9377776191171748	528
2	65933444	67226165	-6.417675498612808e-05	2.966278631404564e-08	0.7094276955936154	610	-0.0003810055333722	7.464255374932237e-08	0.1631477562646417	607
2	67226166	68010175	-0.0001208887664161	2.295716363862789e-08	0.4249515905021233	465	0.0001282464842302	5.887849348407377e-08	0.5971336585567113	460
2	68010176	69139563	-7.716909934404562e-05	2.657515628689407e-08	0.6359455072895714	556	0.0002868191285493	6.50601238247153e-08	0.2608106210484212	555
2	69139564	70755197	5.366403208808599e-05	2.7616743349784627e-08	0.7467546327134258	624	0.0001445997057126	5.8291433484807365e-08	0.5492297051091237	622
2	70755198	73174847	-4.036839799227506e-05	4.657221357631039e-08	0.851614554151382	924	0.0001369511002084	1.0554878143580598e-07	0.67336072206022	920
2	73174848	75630085	0.0001035508061279	3.838305529974988e-08	0.5971196494048027	847	3.694787688855283e-05	8.083631951084193e-08	0.8966036326173054	844
2	75630086	76913660	-4.16027617014476e-05	2.998754996348088e-08	0.8101414831236946	579	0.0001268612198385	7.662219556494743e-08	0.646735612962571	573
2	76913661	78079263	9.41510259222251e-05	2.4924370719745452e-08	0.5509306753846854	462	0.0003184468611528	6.49136906655168e-08	0.2113428575502179	461
2	78079264	80050402	0.0002223752609748	5.0694818716652124e-08	0.3233222898772974	967	0.0001530811977548	1.1379107320749827e-07	0.6499703290921892	964
2	80050403	81620840	0.0001490331869379	3.230491086902672e-08	0.4070026719445633	642	4.094560881424371e-05	7.833961595742424e-08	0.8836919348944742	639
2	81620841	85140679	0.0001442535948731	4.143977908420451e-08	0.4785557402870836	1032	-1.824844464541512e-05	7.878203545522215e-08	0.9481622135142396	1031
2	85140680	88038506	0.000116015374488	3.5600935525085794e-08	0.538639139175169	764	-0.0001720293374095	7.682839940085422e-08	0.5348347642427904	762
2	88038507	89154525	2.8190745072645727e-05	1.3303992579395352e-08	0.806914785461804	273	0.0001276361253517	4.65574842445681e-08	0.55416345888351	272
2	95326452	98995200	0.000264626972131	4.042599449764902e-08	0.1881253663429134	509	-0.0002097716107459	6.409168155879957e-08	0.4073297610612082	506
2	98995201	101822328	0.0001943426790825	4.401094783727029e-08	0.3542500255143068	1001	0.0004090433314451	9.034104732529072e-08	0.173544756499826	998
2	101822329	102688764	-6.859064718795875e-05	1.4056448967528429e-08	0.5629052647927941	301	-0.0001144128714257	3.386618434415286e-08	0.5341289047207592	298
2	102688765	103588214	0.0001629799958581	2.0304554120694313e-08	0.252720265992304	471	5.2867505791287014e-05	4.4092493840390505e-08	0.8012177221521046	468
2	103588215	105125033	0.000254488735894	2.8984512021358066e-08	0.1349644190633209	355	0.0002155110339889	3.8480641325263074e-08	0.271932902177846	353
2	105125034	106210057	0.0001171914075609	2.454831245589288e-08	0.4544774531566292	466	0.0002153953930014	6.466826428516715e-08	0.3969870798206838	462
2	106210058	107408266	0.0003315684795488	2.6838802359481963e-08	0.0429791848155903	515	0.0001520035765014	6.809795824008507e-08	0.5602382222167575	510
2	107408267	108429176	6.681331515026321e-05	1.793127907039564e-08	0.617814317752642	383	0.0001110900667675	4.4373563920670895e-08	0.5979386524504535	382
2	108429177	110572431	-0.0001247894139821	2.9108523996888957e-08	0.4645218078792724	644	4.508153622236952e-05	6.627095926745143e-08	0.8609849220436792	644
2	110572432	113921855	-0.0002496151525699	4.136342084621041e-08	0.2196971289135446	938	-0.0002395069520671	8.97281938566901e-08	0.4239629943948159	932
2	113921856	116772469	2.484950421279676e-06	4.1429559012101675e-08	0.990259262358118	864	-0.0001160729237253	9.702659727456817e-08	0.7094189193524569	861
2	116772470	118367465	-2.942695907961117e-05	1.9711090099689077e-08	0.8339803371674229	467	-2.5565010724941287e-05	4.0169802782919414e-08	0.8985014604972341	464
2	118367466	121303782	5.914621002338409e-05	6.10597610180861e-08	0.8108273862889636	1119	-3.058106860429275e-05	1.3034991484104252e-07	0.9324977452172866	1113
2	121303783	123302905	-0.0001953734363784	3.641488266817407e-08	0.3059175748929562	658	7.09299536045817e-05	7.211085619389546e-08	0.7916743031227638	656
2	123302906	124732249	-0.0001925565106321	2.1968547715199933e-08	0.1938942675003659	509	-0.0001056574532125	4.9207608793866814e-08	0.6338579889362184	508
2	124732250	125840920	0.0001857606638852	2.1680400786081788e-08	0.2070944075227957	449	-0.0003478672029308	5.476034779453317e-08	0.1371329192681596	449
2	125840921	127373763	3.02684006942482e-05	2.14879099684351e-08	0.8364106401956181	494	0.0002072692107746	4.725750698092611e-08	0.3403604870210258	492
2	127373764	128034346	4.0643565740088474e-05	1.6118954929299023e-08	0.7488714680154094	296	-0.0002133982797693	4.32326194022654e-08	0.3047381592514526	296
2	128034347	129474440	-3.339155129501527e-05	2.3697074072495185e-08	0.82827472475103	496	-0.0001812160424832	5.818668489185427e-08	0.4525018504067881	495
2	129474441	130067169	-9.873499547753442e-05	1.214566734043618e-08	0.370305201203589	257	-8.171211572227177e-06	2.8859151358047632e-08	0.9616365814056856	254
2	130067170	130658084	-3.8442498180721145e-05	1.1486744091533977e-08	0.7198308037964289	236	-2.0745366546638726e-05	2.7998656488679904e-08	0.9013309106241668	235
2	130658085	133042783	5.39118862026812e-05	1.206509334970918e-08	0.6235562154827959	260	9.65040460552835e-05	2.7550895530894393e-08	0.560968520882663	258
2	133042784	135158577	-3.619778677457177e-05	5.2280634144248876e-08	0.8742115965484333	1014	-0.0002840327800885	1.3486270833367392e-07	0.4392663474623725	1009
2	135158578	137042793	3.612191450045737e-05	1.4144760139309624e-08	0.7613414457648047	290	-6.019740647522557e-06	3.462411941023814e-08	0.974192096613086	290
2	137042794	138698116	0.0003476667122344	3.261294060237627e-08	0.0542086231076091	696	0.0001308716743735	7.69284159399907e-08	0.6370351740098841	693
2	138698117	140100270	0.0001939461601349	2.2617351259355552e-08	0.1971841193128465	505	-6.0091224582793746e-05	5.4437059513191496e-08	0.7967532284428295	502
2	140100271	141805350	0.0003262058864077	6.782907457895195e-08	0.2103813081172578	680	6.676588364558013e-05	8.120789391349163e-08	0.8147591262739124	678
2	141805351	142518601	-0.0001047505499927	1.8013070963733867e-08	0.4351077044363239	363	-0.000171007191375	4.41573923824892e-08	0.415764925810107	360
2	142518602	144519483	-0.0001055094474681	3.6769153106465565e-08	0.5821570506957756	765	0.0003173862204709	9.018433756926349e-08	0.2905698803279696	760
2	144519484	146445569	0.0002455337927648	4.957154262030135e-08	0.2701159053607568	500	-0.0001173564812104	6.386354429301909e-08	0.642370106348653	495
2	146445570	147277161	0.0002307688389178	1.0383199681904996e-08	0.0235308131142644	193	2.9946303210813683e-05	2.4323249223276623e-08	0.8477314025815655	192
2	147277162	150210291	0.0003819119534085	6.826834773405363e-08	0.1438277661099614	764	0.0004939962436563	1.4232610162972526e-07	0.1903896710687559	761
2	150210292	151731461	-3.0695620663674116e-06	2.5923125906459545e-08	0.984789395011033	542	-0.0001967257722765	8.1771024728631e-08	0.4914796159959206	541
2	151731462	152486781	0.0001172375027913	1.3956153451207809e-08	0.321005853459582	314	3.171665433152891e-05	3.31691907887704e-08	0.8617486972818847	313
2	152486782	154005055	0.0003213908068023	2.7732013990234237e-08	0.0536148577724716	579	5.933219681938231e-05	6.580307528674096e-08	0.8170851803447806	576
2	154005056	155391134	4.492609255862585e-06	3.0741839988529255e-08	0.9795578646446924	577	-0.0001495801555253	8.210726996090634e-08	0.6016597262388939	571
2	155391135	157560634	-0.0002568533477243	5.8097353832025526e-08	0.2865902485803735	668	-0.0005165032191673	7.33474973721547e-08	0.0565037071305068	666
2	157560635	158533217	-0.0001272942101427	1.0136178306887358e-08	0.2061000262710681	186	0.0001356043231564	2.7923362995926745e-08	0.4170773592145161	186
2	158533218	159577081	0.0001941583831291	1.9691595776260564e-08	0.1664759540974656	389	4.650804320207541e-05	4.6485439883608287e-08	0.8292140707249966	387
2	159577082	161769732	-6.429782972201033e-07	3.65620505605803e-08	0.9973170023962696	829	0.0002352859767413	8.264410812455147e-08	0.4131024951368517	821
2	161769733	163503550	5.482950474214106e-05	1.8859624110824402e-08	0.6897070528366762	464	0.0001256750107136	4.8281004264993525e-08	0.5673534227989596	462
2	163503551	164466637	5.5598240749063546e-05	1.1167327027214426e-08	0.5988034689919101	237	9.797083084865534e-05	2.6119709236373505e-08	0.5443850203605991	237
2	164466638	165178839	0.0001863630560849	9.94091046263632e-09	0.0616003994337381	206	2.8932824866841427e-05	2.4998947715763272e-08	0.854804999794847	202
2	165178840	167160269	-0.0001557827781728	3.6294226960330016e-08	0.4135213360989481	758	-0.0004405805213129	9.012227747905305e-08	0.1422115208998913	753
2	167355970	169968235	5.145397818034965e-05	4.8065994448655154e-08	0.814447081777699	973	0.0002927216693259	1.3380489753214225e-07	0.4235732395798618	969
2	169968236	171226244	0.0001139558766538	2.7621300356021764e-08	0.4929217087566875	567	0.0001935572489756	6.239304616947589e-08	0.4384033016424745	566
2	171226245	173138904	0.0003665116665131	4.3545275960515055e-08	0.0790243759443519	702	0.0001006716036247	7.3135960818192e-08	0.7097023862346008	697
2	173138905	175588928	0.0003722683522088	7.4502280569461e-08	0.1726101086500321	978	-0.0003641388495122	1.3265093948887002e-07	0.3174087341336483	972
2	175588929	177363635	0.0001304558751382	3.071154951814722e-08	0.4566278702438697	639	-0.0002318170566794	8.554390688197646e-08	0.4280143348472863	637
2	177363636	178553182	-1.7040946261189495e-05	2.428093209556556e-08	0.912916453868229	534	-1.0369810679962367e-05	5.2504033294691774e-08	0.9639033972210692	530
2	178553183	181312738	-0.0004083299439889	5.69231149849089e-08	0.0869961224280431	1145	0.000207649786644	1.392743660411799e-07	0.5779297572035731	1140
2	181312739	182266030	2.7734788952665435e-05	1.5509594895615178e-08	0.8237672367293929	345	-2.5951800919148815e-05	3.503577536874907e-08	0.8897288093039999	343
2	182266031	184357607	-8.335097942819415e-05	3.2360230071703245e-08	0.6431167692624202	718	0.0003737759996983	7.418073877863289e-08	0.1699535752893864	712
2	184357608	185280172	4.170242375164136e-05	1.2681925145586522e-08	0.7111494501213227	286	-9.956380928643007e-05	2.7761839427351715e-08	0.5501373565992964	282
2	185280173	189882064	0.0001904979103814	4.9467281606447396e-08	0.3917171006238011	1166	0.000119458786903	9.948663114501057e-08	0.7048844679951684	1162
2	189882065	191973356	0.0001828197401536	2.534446660508236e-08	0.2508162117284427	584	0.0004031621950985	5.512532938585417e-08	0.0859546804534233	582
2	191973357	195861163	0.0002696315138485	4.4536576428864144e-08	0.2013725135440136	794	-0.0001648777716403	8.196531246733984e-08	0.5646827924019269	787
2	195861164	196447455	6.528328640926664e-05	7.798714492724653e-09	0.4597560672766126	171	-3.8615422724736294e-05	1.7277942884949728e-08	0.7689298699312026	170
2	196447456	198078109	0.0002180374642023	2.9714202432655412e-08	0.2059146005415263	516	7.747263414518102e-05	4.8170568437179224e-08	0.724098962948079	513
2	198078110	199311124	6.6000275845059485e-06	2.8147112486671528e-08	0.9686197152168576	378	9.52357214163286e-06	2.556989598575025e-08	0.9525081845660414	376
2	199311125	201576283	0.0017141072581262	1.3322120272852165e-07	2.64979644994525e-06	714	6.075337095603614e-05	1.2757149627680536e-07	0.8649348071818873	711
2	201576284	202818636	0.0001263445064275	1.667775031277361e-08	0.3279086217428117	370	-0.0001203690670854	3.5048167745123516e-08	0.5202517076751942	369
2	202818637	205799240	-0.0001366859298512	4.288189950241025e-08	0.5092120210481438	892	-0.0001048956948657	9.63940547658225e-08	0.7354711768382245	889
2	205799241	206735703	4.75111799770765e-05	2.368429521946919e-08	0.7575340862765662	452	4.332904784971791e-05	5.7290350998902095e-08	0.8563480027887798	451
2	206735704	208645398	0.0003583580842777	5.154386457683167e-08	0.1144640283087877	774	9.218854364046182e-05	9.071724053247396e-08	0.7595452989930738	773
2	208645399	209941528	-4.621002427163524e-05	1.790751623588084e-08	0.729855732610073	390	7.376259245861982e-05	4.2145447743546066e-08	0.7193684348614086	388
2	209941529	212379517	0.0001880905793132	4.9982255677313825e-08	0.4001709622105363	871	3.1910616423550216e-05	8.710344130012186e-08	0.9138982324296702	870
2	212379518	214014281	0.0006413469220273	4.476125599198033e-08	0.0024343021138974	728	0.000161160470906	9.682728939599093e-08	0.6045166179855659	721
2	214014282	215573794	-0.0001210615522542	2.1429453924572575e-08	0.4082422675974356	503	-0.0001544906596258	5.0796315704988015e-08	0.4930497068652826	501
2	215573795	217715660	-5.759993522986819e-05	4.708783315895444e-08	0.7906699258950018	916	-0.000193711798944	1.1856960692486017e-07	0.5737340640267694	910
2	217715661	218395479	7.846049241088078e-05	1.5736496632507783e-08	0.5316715913916314	311	8.230143218427151e-05	4.0036704543730025e-08	0.6808390144110193	311
2	218395480	220454550	-4.571047131075427e-05	3.254112592416528e-08	0.7999623732264445	720	-4.0824450966223485e-05	5.9568380033944346e-08	0.867159304766474	716
2	220454551	222521175	2.4860012594753537e-05	4.6837308381301056e-08	0.9085484244501608	953	9.526183511824516e-06	1.1606059016266077e-07	0.9776920313981536	951
2	222521176	224859418	-2.399418327836507e-05	4.5980924738046385e-08	0.9109053453654398	896	-0.0003669351936623	1.1706109614706896e-07	0.2835112851465766	893
2	224859419	225840003	-0.0001431961088147	1.7839947378352038e-08	0.28367607657772	408	3.781644278654424e-06	4.1920319912592344e-08	0.9852638596377564	404
2	225840004	228119841	0.0003574764492333	4.078499340938141e-08	0.0767108669919963	843	0.0001625826246355	8.740122446831997e-08	0.5823604733060703	839
2	228119842	229370786	0.0002396705160851	2.7448195565272488e-08	0.1480003513437172	546	9.61135991098535e-05	6.75351468714767e-08	0.7114978794853144	541
2	229370787	231843388	0.0004935747225658	5.6933463384605265e-08	0.0385869537574474	1084	0.0003076060083528	1.4549713122620194e-07	0.4199939665337022	1079
2	231843389	233550002	0.0002094031579463	2.778884556764875e-08	0.2090548056611612	561	-5.0867836306703826e-05	6.138078062442534e-08	0.8373236682829066	559
2	233550003	235150986	-0.0002063920291302	4.2591170087606224e-08	0.3172735848775682	893	0.0001857718084748	9.43233388293241e-08	0.5452578063334603	889
2	235150987	236043549	9.147002039207276e-05	3.088403176918719e-08	0.6027226048045002	472	-7.102822029282921e-05	8.870756537335424e-08	0.8115094047874708	471
2	236043550	237449031	0.0002700236578822	2.8648619737659925e-08	0.110638926242699	551	8.780591777468782e-05	7.459710229621502e-08	0.7478417034911671	547
2	237449032	238760980	-5.3171721652665905e-05	3.1979588915717585e-08	0.766211677622369	608	0.000389112346808	8.233041424073497e-08	0.1750642284895466	605
2	238760981	239952642	-8.582745552321862e-05	2.3454113200673377e-08	0.5751902621983328	467	-0.0001133538990163	5.7904056085248954e-08	0.6375934410661466	466
2	239952643	241560083	-5.3919725396434106e-05	4.6297901697094676e-08	0.8021296499250183	773	4.242674590868529e-05	1.3072587744683138e-07	0.9065878759674556	768
2	241560084	242149920	-7.096683130347201e-06	1.2329545195821888e-08	0.9490403584076876	256	-9.150299578077208e-06	3.0999391873517326e-08	0.958552024662346	255
2	242149921	243188919	5.2943602104356944e-05	9.955364233839746e-09	0.5956810379915762	177	2.178883813716693e-05	2.5200485323438833e-08	0.8908288772635748	176
3	60157	1441778	0.0002542461375662	4.4577440341565365e-08	0.2285142388428777	727	-0.0001711155269688	1.2016512724057978e-07	0.6215685952452601	721
3	1441779	2992119	0.0003345451913475	7.825521900617047e-08	0.2317320704906534	1081	-1.938774431581615e-05	1.7416888925167397e-07	0.9629467878035044	1078
3	2992120	4431646	0.0003353303358901	5.0461086602311416e-08	0.1354959209326432	884	-0.0003850892449326	1.2232398865157714e-07	0.2708765169547907	877
3	4431647	6083182	0.0001789061721811	6.538310840666849e-08	0.4841341313383389	919	0.0006645484681129	1.466914952550425e-07	0.0827233181031801	914
3	6083183	7083386	0.0001820578595601	2.8231139004139564e-08	0.2785684920873763	494	6.367343908146175e-05	7.126696058041503e-08	0.8114823249609511	493
3	7083387	8648560	0.0002425986680184	5.083676234260094e-08	0.281941440752165	980	-0.0001783389513951	1.2336115756461737e-07	0.6116228903995874	976
3	8648561	9543182	-2.037438385689139e-05	4.3895002170044343e-08	0.9225301137460604	553	0.0002412134490222	7.85199509351756e-08	0.3893381050458021	547
3	9543183	11019664	0.0007229645469193	7.275586247936687e-08	0.0073556750830451	733	-7.442633259560735e-05	9.134408903246569e-08	0.8054842551260155	730
3	11019665	13070798	0.0002024010298076	4.5879940634704226e-08	0.3446927738258817	861	0.0001522923910055	9.869253139020248e-08	0.6278392478963649	855
3	13070799	14816899	0.0001602227119581	5.391377269440076e-08	0.4901690828510936	920	0.0001343397722471	1.3269341282512308e-07	0.712283759346253	915
3	14816900	16282441	8.487088522837773e-05	3.1176988469602906e-08	0.6307552781574721	603	5.210395007678317e-05	6.419493392310964e-08	0.8370674409530857	600
3	16282442	17891117	0.0004592294186367	3.9983245517469855e-08	0.0216399925944813	568	9.126795447440532e-05	5.7824906149865195e-08	0.7042847682860514	553
3	17891118	19125143	0.0002087710953261	3.3769117052569396e-08	0.2559213301234553	394	0.000303634476139	1.216501110529653e-07	0.3839986949313865	394
3	19125144	20091347	0.000170181131679	1.4763515014281771e-08	0.1613314048598662	226	0.0002016185034425	2.987133666779041e-08	0.2433924704951339	226
3	20091348	21643706	0.0001261166004792	4.033626791090579e-08	0.5300373254186087	750	0.000325004997217	1.082996727571181e-07	0.3233537278129639	745
3	21643707	22204243	0.0001031462968289	2.6830303625264495e-08	0.5288840951207305	437	-0.0003393770013478	7.25753363246616e-08	0.2077558854523549	434
3	22204244	23804864	-5.362146723995995e-05	3.2280542833768745e-08	0.7653614652610377	618	-0.0002983217864391	7.408185692297966e-08	0.2730583575399437	617
3	23804865	25461557	0.0001332173339648	4.9386328646558667e-08	0.5488687919510503	880	-0.0002066912216051	1.222545568241109e-07	0.5544273893241054	875
3	25461558	26877768	3.5054507930732766e-05	2.6322275267923153e-08	0.8289379576934885	548	0.0001612961102054	5.5389571938544634e-08	0.493125603599867	544
3	26877769	27840909	9.28046139583083e-05	1.522719691472758e-08	0.4520075878075233	309	-6.140977861155501e-05	3.33360431537782e-08	0.7366133291266612	307
3	27840910	29142259	0.0002496329345209	2.7230738176419033e-08	0.1303387364884971	528	0.0003137393338872	6.139830121126063e-08	0.2054535057843723	526
3	29142260	30717954	0.0001221874296554	6.188433149433365e-08	0.6233027406056868	776	4.8959190388054114e-05	1.3263100480622013e-07	0.8930587668800588	773
3	30717955	32351714	8.567511669441171e-05	6.872077234952979e-08	0.7438028572612956	728	0.0001954862476931	8.637243262435004e-08	0.5059457029054562	724
3	32351715	33255591	-0.0001383099174422	1.9832065781168353e-08	0.3260353978853161	323	-7.15758756920103e-05	5.517724543498627e-08	0.7605870567363027	322
3	33255592	35283457	8.947788431668005e-05	3.3735086996193456e-08	0.6261424314391355	690	-0.0003073025441222	6.555626919500701e-08	0.2300558612828798	687
3	35283458	36486841	5.3725849310796054e-05	2.302228501212261e-08	0.7232742376731562	468	3.2849154266782827e-06	4.804699561586425e-08	0.9880432023323886	466
3	36486842	38356115	0.0003427910559862	3.615483776820861e-08	0.0714204623938041	705	0.00012088605905	6.57904083392025e-08	0.6374284614304553	703
3	38356116	40221297	0.0001037680429748	3.671792048571784e-08	0.5881405497490526	758	1.6888412497884373e-05	7.331349250841746e-08	0.9502657684637922	755
3	40221298	41064527	2.76048739900624e-05	8.094891263694362e-09	0.7589822160181343	172	-0.0001335981571096	1.421758691904883e-08	0.2625274979870178	172
3	41064528	42540001	0.0001652582323283	2.555814411886173e-08	0.30127205941817	549	0.0002723158603751	6.380498238086979e-08	0.2810039816719994	549
3	42540002	45165152	0.0001488710651003	4.192528025680957e-08	0.4671870923380118	850	-9.250888889063132e-05	7.206550517776447e-08	0.7303924366093445	846
3	45165153	46657499	5.967173138996905e-05	3.1980832463817725e-08	0.7386247655416698	648	0.0002562277597723	7.240628736108064e-08	0.3409845964485366	643
3	46657500	47727211	3.089787134584202e-05	1.26617886918514e-08	0.7836330412947949	212	1.2843569269836035e-05	1.271027409382334e-08	0.9092994855668786	207
3	47727212	49316971	0.0002716021293298	1.2952786541042029e-08	0.0170121171263371	314	6.348253998234263e-05	1.475206996609415e-08	0.6012037177161922	310
3	49316972	51832014	0.0001355335062735	6.548360656936823e-08	0.5963618923158205	608	6.875899508159032e-05	4.3339314658291464e-08	0.7411848266160022	605
3	51832015	54081389	0.001240047898842	7.315189288665033e-08	4.542999617864182e-06	763	0.0007719107965762	6.0359167303755e-08	0.0016784234356963	760
3	54081390	55348859	7.529071259792962e-05	4.2947917951812457e-08	0.7163776989592434	741	-0.0002660246764492	1.0371045376489057e-07	0.4087710672420253	739
3	55348860	56433906	3.002822923235476e-05	2.140368216445914e-08	0.8373759535858761	424	-1.6457379171098194e-05	4.799430080498299e-08	0.940117822880406	423
3	56433907	58157518	-4.234207970670354e-05	2.9763113872045472e-08	0.8061211595963897	651	-6.017432648727323e-06	5.725504461243928e-08	0.9799368718869133	648
3	58157519	60272905	0.0003460533894129	6.328285781158276e-08	0.1689377570273457	1130	4.579540488177677e-05	1.550309603673276e-07	0.9074077883468163	1127
3	60272906	62355665	0.0004045611289449	6.478871489219335e-08	0.1119690733448489	1156	0.0001564621515777	1.573684385098838e-07	0.6932766440037768	1147
3	62355666	63669285	-0.000101925189084	4.1217081059276835e-08	0.6156356529778966	721	0.0002862082462208	1.0093405306159885e-07	0.3676561626160504	716
3	63669286	65273537	-0.0003443715516325	6.576596502207647e-08	0.1793213852405991	864	0.0001872563601334	1.242496697895233e-07	0.5952540134864	858
3	65273538	66270446	-0.0001311997071272	2.5136400264311873e-08	0.4079393412168081	396	7.496814087404036e-05	6.787566010380978e-08	0.7735358940659832	396
3	66270447	68286913	0.0004316594717521	4.0189311507627176e-08	0.0313023324767578	753	0.0005028120587782	9.670874026330357e-08	0.1059081792086835	750
3	68286914	69276761	7.24330736476263e-05	2.1300805067168704e-08	0.6196870949571252	426	1.3923141339821873e-05	4.7002968876055344e-08	0.948794547989722	425
3	69276762	70449027	0.0003633667912351	4.7591423103361894e-08	0.0957853330227133	459	-0.0002422985365456	6.151437077739786e-08	0.3286048645660371	457
3	70449028	72529328	0.0014060880094074	1.4525484188872687e-07	0.0002248477228951	878	0.0001062410415927	2.9997420105794753e-07	0.8461938461102088	874
3	72529329	74321816	0.0001685703995622	4.4765676136847716e-08	0.4256104446520887	793	9.33343860225852e-05	1.1448900988785381e-07	0.7826697247765682	790
3	74321817	75704948	-4.155883920201111e-05	1.6154102508914656e-08	0.7436825555619644	326	4.860942737196126e-05	2.7049319027615768e-08	0.7675678510338344	326
3	75704949	77508834	4.39401202855456e-05	3.3537180028527e-08	0.8103787771841912	605	-4.212075395446071e-05	7.370336068566395e-08	0.8767028648598771	600
3	77508835	79024540	0.000104570694669	2.4037220034780754e-08	0.5000073839258015	485	-0.0001981731964623	5.6563359113590116e-08	0.4047015898638574	483
3	79024541	81427309	0.0005610211863608	2.753959512482068e-08	0.0007231402623125	605	0.0003351453065479	5.2174605155723314e-08	0.1423085760924223	602
3	81427310	82643885	0.0003005585829181	1.523388000885312e-08	0.0148860440245879	347	-9.146550513749556e-05	3.138549777037937e-08	0.6056526154626493	345
3	82643886	84367478	-2.9931430338200427e-05	1.8116998366516843e-08	0.8240226144759137	405	8.00819245678137e-05	4.5338172982224886e-08	0.7068430945967661	405
3	84367479	85582230	7.074513726977914e-05	1.5893134725907972e-08	0.5746839725869239	317	-0.0002642301822557	2.7592387275505725e-08	0.1116775153574712	316
3	85582231	87409731	3.1436226176499115e-05	2.316161694595453e-08	0.8363535975470316	533	-0.0001193541379287	4.4587174932365525e-08	0.571910874219687	532
3	87409732	88298372	-5.0806011140675616e-05	1.0393794386180036e-08	0.6182425666986436	241	-5.661007324156272e-05	1.9425573634748717e-08	0.6846184183758732	241
3	88298373	94255315	0.0002445505049699	2.5794189493560186e-08	0.1278396813880684	568	0.0002277614688921	5.5732137642634275e-08	0.3346560030198696	566
3	94255316	95311970	0.0001537051191559	1.1071082720777278e-08	0.1440680054183495	258	9.567663803733924e-05	1.8291671310973737e-08	0.4793036112558104	257
3	95311971	98215949	0.0001670718895154	3.0426852195295845e-08	0.3381635755853148	692	9.460659316760172e-05	5.7570150673223984e-08	0.6933622820682852	691
3	98215950	99373761	4.6204582936920984e-05	1.8383563437512595e-08	0.7332715078186678	391	9.608320181114056e-05	3.537568007784133e-08	0.6094547189368493	390
3	99373762	100592216	-1.842396771397843e-05	1.8392428812080153e-08	0.8919388790963929	411	0.0001534719585674	2.9765181241287682e-08	0.373702716541112	409
3	100592217	103084959	4.102439001678151e-05	3.679460342556685e-08	0.8306483587866814	786	1.026335999284912e-05	7.277519251944094e-08	0.9696517827495496	785
3	103084960	104581612	8.078417314852083e-05	2.4302977706865024e-08	0.6043194579162842	523	-8.646827318986191e-05	5.438529655735908e-08	0.7108015672208525	522
3	104581613	106982810	-1.083529532759592e-05	5.95146201782385e-08	0.9645736660392032	836	-0.000284497338206	9.743794793555221e-08	0.3620789958094237	828
3	106982811	109522394	0.0004073901702881	4.5115565782429925e-08	0.0551117172815388	910	0.0002508328089683	9.954618443539041e-08	0.4266082804007751	907
3	109522395	110513769	-1.625935437534459e-05	1.3224185779721333e-08	0.8875618199840316	300	0.0001836706403799	2.7345961697858226e-08	0.2667015021046864	298
3	110513770	112815698	5.61863406645126e-05	4.0266794065182335e-08	0.7794779056001161	820	0.0004630490279681	1.118099606059435e-07	0.1661139481368172	817
3	112815699	113947862	-0.0001818562454223	2.1150135745999804e-08	0.2111296275147717	438	-6.33013678670717e-05	4.2133346358681014e-08	0.7577856815797476	434
3	113947863	115447079	2.94318957161329e-05	3.254429872621347e-08	0.8704021964950363	450	-0.0003149099097103	7.062299012126417e-08	0.2360229204329523	450
3	115447080	116800152	3.4479008123641265e-05	3.0720015398636854e-08	0.8440482414893204	608	-0.0002840113049406	7.310035768546149e-08	0.2935107220727603	601
3	116800153	118530250	0.0004369476658626	7.188814344121899e-08	0.1031703732242507	674	-0.0001120277557538	8.75925394250427e-08	0.7050422380862973	671
3	118530251	120523054	8.91090585836748e-06	3.8510037679680877e-08	0.9637818953177072	810	0.0004801401255415	8.48889732171363e-08	0.0993642318494718	809
3	120523055	121974096	7.799676874821441e-05	2.0613511169824995e-08	0.5869569188700855	470	0.0003375348593564	3.6402605983958154e-08	0.0768771798763407	470
3	121974097	123517767	1.0933828972460604e-05	2.9279632811531444e-08	0.94905118725238	600	0.0004462804657951	6.190705179197533e-08	0.0728689748474063	595
3	123517768	124936641	-3.8554080286834056e-05	3.5898632722978697e-08	0.8387563374438184	695	-4.433530964808447e-05	8.383162302459834e-08	0.8782997826486141	695
3	124936642	126214942	-0.0001388580485057	2.2055389706646077e-08	0.3497859931896552	466	1.909986981959259e-06	4.57660763003569e-08	0.992876509344982	466
3	126214943	128194860	-7.661228528317884e-06	3.76384949888231e-08	0.9685000771052809	767	0.0002041232153075	7.38851639971267e-08	0.4526798771412632	765
3	128194861	130244734	-5.768412026374174e-05	2.4941787396487762e-08	0.7149233777378515	545	6.837515761104422e-05	4.9948943646069634e-08	0.7596509066755861	541
3	130244735	131836515	6.87288143823808e-05	2.7928775761098023e-08	0.6808843743843928	618	7.664168608341064e-05	5.5686630388880756e-08	0.7453474107067743	615
3	131836516	133252172	0.0002033863180756	2.815405626711071e-08	0.2254604348218469	581	0.0004050858326042	6.120668272858374e-08	0.1015525493770308	578
3	133252173	135456905	4.4060175373717354e-05	5.32871653040618e-08	0.8486283952739466	1009	-0.0001603168289757	1.2221723967429626e-07	0.6465374937983994	1004
3	135456906	137371082	-5.345219971689768e-05	2.517942662701765e-08	0.736226404681496	576	-7.236261607217401e-05	4.0821145029422294e-08	0.7202269204112246	575
3	137371083	139954596	0.0002353222672251	4.761109611750586e-08	0.2808231045151685	966	0.0005537648184169	9.62152664196492e-08	0.0742178921285023	965
3	139954597	141339096	0.0001792833969911	2.5630210823822553e-08	0.2627731505896257	540	2.877813004732262e-05	5.504592273832932e-08	0.9023770037275232	539
3	141339097	143164627	0.0001630479657796	3.863838722766982e-08	0.4068328811989723	741	0.0001645103902759	7.902037836191883e-08	0.5583956126470022	736
3	143164628	144410815	0.0002365908798753	2.25922568197461e-08	0.1154761690853932	449	7.515682406000537e-05	4.572328901526626e-08	0.7252288385726575	447
3	144410816	145664618	-4.2810814134621696e-05	2.1473783258400448e-08	0.7701753777613959	444	2.9155199448680636e-05	4.99138131062252e-08	0.8961720116492247	439
3	145664619	146726628	-6.283434937966292e-05	1.9341755901306904e-08	0.6514108609762772	399	1.7596411570476104e-05	4.1612992869169936e-08	0.9312597066295688	398
3	146726629	149043236	-4.1343220664098566e-05	4.1861312129443086e-08	0.8398634390146993	788	0.0003388267111357	9.569259188983927e-08	0.273379269999418	787
3	149043237	150252003	2.608508259675518e-05	2.7891418361449836e-08	0.8758822124483505	506	-7.505643740517222e-05	6.405485047520831e-08	0.7668027853515367	504
3	150252004	151348729	0.0001170585415862	2.182584823116577e-08	0.4281561131485023	429	-0.0001701278278606	5.0726232452384873e-08	0.4500277170242714	429
3	151348730	153256570	1.7616560953853025e-05	3.4904720588392566e-08	0.9248764802562052	666	5.153984329668973e-05	8.269625716129767e-08	0.8577605231214149	662
3	153256571	154714217	-4.1054749021190256e-05	2.2602692210672428e-08	0.7847948998235379	483	-0.0001327035825101	4.8245493141513326e-08	0.5457351410249066	478
3	154714218	156008699	-3.411951410690247e-06	2.0422883789835217e-08	0.9809522751692208	401	4.7898949937967074e-05	4.770241995827796e-08	0.8264096141710493	401
3	156008700	157312027	-0.0001307612192308	2.528712688677233e-08	0.4109073325278535	524	-0.0002406725944863	5.467869064626266e-08	0.3033658741499034	522
3	157312028	159477889	3.0969627970619077e-06	3.5045036774885836e-08	0.9868009406883635	743	0.0002435324413309	7.142811109509365e-08	0.3621805774140866	739
3	159477890	161524503	-0.0001497825856457	3.71705792636091e-08	0.4372214260514151	657	8.707043888065326e-05	5.7535740302776165e-08	0.7166078465173513	654
3	161524504	163253204	-1.9695565755092243e-05	2.990673156417207e-08	0.9093253272807118	621	-2.646649154346352e-05	5.9216069463747724e-08	0.9133913836860234	609
3	163253205	165055468	0.0001402578031193	2.2505612939497812e-08	0.3498215861758623	543	-2.877313587098499e-05	4.300958569330748e-08	0.8896548820623427	542
3	165055469	167117428	0.0001018865843535	2.6765803955849456e-08	0.53343645441705	557	-7.295442988637798e-05	5.8737871027296545e-08	0.7634007151492146	557
3	167117429	168580959	-0.0001267829755522	2.75815760194998e-08	0.4452256705964216	440	-0.0001583862711238	4.099864575194159e-08	0.4340812046298951	437
3	168580960	170964908	3.6189983734298606e-05	4.3942655051359635e-08	0.8629332167832467	851	8.131256381060165e-05	1.001784661622404e-07	0.7972530655444324	848
3	170964909	172295730	0.0002193604795722	3.2757088281572315e-08	0.2255090460255028	582	0.0005724769641023	8.045803638600823e-08	0.0435660341908655	579
3	172295731	173477284	0.0001973236445779	2.190698433785531e-08	0.1824737083254703	412	0.0001050472676558	5.26206537627812e-08	0.6469970171310304	409
3	173477285	175116538	8.123646143101467e-05	3.5299725286195353e-08	0.6654654413859658	697	0.0001689277446464	8.192024159521682e-08	0.5550509545195141	693
3	175116539	176320286	0.0001000065733526	2.009274698922787e-08	0.4804871353433128	405	0.0002301392487107	4.6243057964598726e-08	0.2845265534023898	405
3	176320287	178107164	0.0002638857462733	5.3677255043552684e-08	0.2547063711849614	643	9.433273304881444e-05	8.566022543249835e-08	0.7472184031423359	639
3	178107165	179374585	-3.816078697532148e-06	2.3104287081143568e-08	0.9799707135530992	455	-0.0001382745474846	5.391406634727292e-08	0.5515006532304421	454
3	179374586	181511165	0.0003581495162717	4.91040483943468e-08	0.106042539329866	548	5.837742075118719e-05	5.8493835266002595e-08	0.8092655349177197	547
3	181511166	183769682	0.0001702728773311	4.898260909953895e-08	0.4416849740053306	747	-4.2134931934200424e-05	7.9930097225397e-08	0.8815263256297419	744
3	183769683	185068254	-1.8992115613997177e-05	2.9228472260182244e-08	0.9115459276453816	503	5.113840725970701e-05	7.056523501995787e-08	0.8473432537723862	502
3	185068255	186890343	0.0002549450379571	5.33706438270939e-08	0.2697847210695416	767	0.0008927218953644	1.8188122893854866e-07	0.0363263503295578	765
3	186890344	188856213	-0.0002700373490772	5.384506126467777e-08	0.2445348946625389	861	-0.0002866876230485	1.401725002017362e-07	0.4438350087644352	857
3	188856214	190226606	0.0002385316415119	4.0803163970259936e-08	0.2376576256000481	704	-0.0001783579261696	1.0011360598594414e-07	0.5729602372728064	698
3	190226607	192343813	0.0006142747036432	4.7084167953233915e-08	0.0046416613584028	917	-1.5840686074499486e-05	1.1091490735248044e-07	0.9620636660725912	914
3	192343814	194059670	5.36191120112981e-07	4.3968198713994886e-08	0.99795971954796	669	0.0003626909516308	8.191022287986452e-08	0.2050603144040854	666
3	194059671	194786673	4.469221370755806e-05	2.271360697638672e-08	0.7668148409686725	370	-3.0915920685565856e-05	5.7469287589336155e-08	0.8973871256503346	369
3	194786674	195971407	8.756284635889442e-06	1.9442614384409234e-08	0.9499277354004352	350	-9.163763446340657e-05	4.421860539269674e-08	0.6629934038589625	345
3	195971408	197075986	0.0002509340862551	3.501729560640036e-08	0.1799308992024828	434	0.0003757106656564	6.203587945947033e-08	0.1314383879663173	431
3	197075987	197946621	-4.435054017168126e-06	1.2280884838686297e-08	0.9680766671067482	223	0.0002569818744304	3.0039980891772165e-08	0.1381546982333339	222
4	694715	1478710	0.0002619559956564	1.2430097956859696e-08	0.018794377934304	289	0.0003210437413419	2.961196930748539e-08	0.0620901146967284	286
4	1478711	2842978	2.7681688222895517e-05	1.621339439628228e-08	0.8278981682736541	347	-3.0303115480379705e-05	4.0994749890037465e-08	0.8810281317327509	347
4	2842979	3846039	2.117358798464861e-05	1.4830308813419954e-08	0.8619692955429088	310	3.4182274947722595e-05	3.823209961963765e-08	0.8612224097485286	309
4	3846040	4684115	-2.9932653126154e-05	1.4521838659629563e-08	0.803832536521924	263	-7.934442545876379e-05	3.708884420628836e-08	0.680341124125448	263
4	4684116	5502387	-0.0001437139575941	2.638873853665528e-08	0.3763254816809737	435	0.000137137653808	7.039601918386967e-08	0.605245798504314	433
4	5502388	6773042	-0.0002176610525127	4.9521926608104575e-08	0.3280263158890522	734	-0.0004222627480966	1.3137671701562297e-07	0.2440215533589689	729
4	6773043	7539691	0.0001967650209122	3.537933220283323e-08	0.2955150005008434	451	4.975704289073392e-05	8.066560522610364e-08	0.8609300085512241	447
4	7539692	8152234	-0.0001239075075698	2.395071922776185e-08	0.4233389577936278	399	2.4905091135535204e-05	6.955683689990255e-08	0.9247661636603828	396
4	8152235	9326478	6.214615912838968e-05	1.4426102999327942e-08	0.6048658559618638	268	2.8278779745418792e-05	4.0566929232019856e-08	0.8883420447148385	267
4	9326479	10699151	0.0001256249912177	2.3560259850282143e-08	0.413106893223861	604	0.0001553742493833	5.24568386084354e-08	0.4975258842766046	598
4	10699152	12323033	2.946268273517545e-05	3.4277645914208087e-08	0.8735621998783158	770	-2.7612978731386395e-05	8.80932602450119e-08	0.9258765123062238	764
4	12323034	14272000	-0.0001129146583033	3.6468544319736846e-08	0.5543347239401333	810	-6.510364332555059e-05	9.419361547975901e-08	0.8320084858043613	808
4	14272001	15147445	0.0001138495860801	2.1450757401322357e-08	0.4369591258793769	421	-0.0002039128978286	6.020404565914111e-08	0.4059402986278546	417
4	15147446	15927008	4.5232332249919976e-05	1.3719398070829605e-08	0.6993688472278151	301	-0.0002084465635556	3.5622870869176095e-08	0.2694153787760501	298
4	15927009	17383321	0.0001421452267904	3.7184115195814315e-08	0.4610335250631274	753	-0.000252258819877	1.0263769402544305e-07	0.4310503927460805	748
4	17383322	18841873	0.000107581653705	2.147525568343615e-08	0.4628735569969223	486	-8.91808377924346e-05	4.9287058937343575e-08	0.6879026021480359	482
4	18841874	20544556	0.0007338896632952	4.013563111068396e-08	0.0002490421225492	566	0.0002838483237519	6.140356647155356e-08	0.2520081647484959	562
4	20544557	22319346	-2.7881328057859503e-05	3.542667005796328e-08	0.8822387561960188	775	-0.0004488202427916	9.270245888139998e-08	0.1404547934609344	773
4	22319347	24135528	9.78626472801874e-05	3.2977882605887526e-08	0.5899580901271154	691	-2.5629778888796455e-05	9.132380856164373e-08	0.9324115446013732	690
4	24135529	25609321	1.0783013870297524e-05	4.4706673254891e-08	0.9593270354369606	677	-0.000205850977874	1.0272160070533245e-07	0.5206936571817464	675
4	25609322	27343721	-5.784342311965591e-05	3.3396140349763854e-08	0.7516052528569799	628	-0.0003188206923306	9.288041067513564e-08	0.2955023721569422	623
4	27343722	27965867	-8.119984586987887e-05	1.1970637422875573e-08	0.4579914120591452	246	-1.132822223284356e-05	3.4207050353628916e-08	0.9511603512687046	245
4	27965868	29762207	0.0002117398739637	2.8235838382039457e-08	0.2076361212541598	660	0.0001230827787327	7.136797446201512e-08	0.644993002328265	657
4	29762208	30454534	3.53086336076314e-05	9.345375045554602e-09	0.7149296194805952	192	0.0001330956579079	3.1728017093142e-08	0.4549370720066252	192
4	30454535	31782980	0.0002027089247217	3.79787860109582e-08	0.2982631442289043	489	0.000215224057676	5.8079182391359263e-08	0.3718251191545263	487
4	31782981	33172765	4.130692500813298e-05	1.6520197730072363e-08	0.7479244565938779	395	-1.0338403509641892e-05	4.205041922085715e-08	0.959790893104688	395
4	33172766	35151414	3.83036620021729e-05	1.5804277748620367e-08	0.7606050619526998	430	1.2251818646001532e-05	2.8923976968281922e-08	0.9425703586881556	427
4	35151415	36020435	2.3236745567934335e-05	1.3927517358052456e-08	0.8439083722168497	317	-0.00038898422185	3.78657726725298e-08	0.0456104556046612	317
4	36020436	37255046	0.0002128753285571	2.3448255654594845e-08	0.1644751727684203	528	-0.0001319049442628	6.059894322733159e-08	0.5920747466641838	526
4	37255047	38907021	0.0002662717292896	5.04242600577126e-08	0.2357079290145058	911	-8.250980696562284e-05	1.4786926946106953e-07	0.8301035078320937	908
4	38907022	40202608	0.0001523103340569	2.1183891122563892e-08	0.2953443998484717	486	9.07119208758089e-05	5.1367726507533446e-08	0.6889806370688515	482
4	40202609	42213057	0.0003247197525251	4.2736545213920545e-08	0.1162391053665068	807	0.0013974008455567	1.1735268868689635e-07	4.519189454333425e-05	806
4	42213058	43965044	0.0002003849269251	2.8516629501687173e-08	0.2353729177561915	644	-0.0001522282988473	7.143722265121235e-08	0.5689818306127323	641
4	43965045	45189156	9.071306415151656e-05	1.7182052723643922e-08	0.4889110929199383	411	0.0001989472168462	3.981262077593497e-08	0.3187284887463815	405
4	45189157	47411895	-0.0001167380764016	2.8197031468322764e-08	0.4869288942452403	564	0.0002528477891261	5.4224938547019586e-08	0.2775566562628014	561
4	47411896	48123599	1.3629839427959428e-06	1.0822711885014589e-08	0.9895467742871696	267	-0.0002919041697321	2.6062149525160272e-08	0.0705826871218467	265
4	48123600	53877432	-1.044532900571608e-05	2.09839882194436e-08	0.9425166657098284	577	8.579283240142102e-05	4.034169289436216e-08	0.6692747072056994	572
4	53877433	55429555	0.0003097639374329	3.1317865805046414e-08	0.0800510730068918	592	0.0001859666042359	6.843394944650593e-08	0.4771556966366849	587
4	55429556	56547643	0.0003590499671039	1.9294772775924083e-08	0.0097421856072646	436	5.73149090215052e-05	4.9630656450667776e-08	0.7969687716251763	435
4	56547644	58935007	0.0001537115042432	5.254474841458865e-08	0.5024968664031745	1053	-6.28038789059496e-05	1.4174948997070294e-07	0.8675184521563721	1046
4	58935008	60741086	0.0001167438715449	2.3448327925522313e-08	0.4458262663780196	563	6.8463628100538524e-06	6.071777845970338e-08	0.97783405964569	560
4	60741087	62371762	-7.982750396313451e-05	2.321336704305772e-08	0.6003186570240968	511	-7.435234756654669e-05	6.20702936877968e-08	0.7653695903389237	510
4	62371763	64341000	-8.27625365174776e-05	2.4207793902915083e-08	0.5947730350423908	536	-0.0003586901589923	6.427099171480904e-08	0.1571109884098941	535
4	64341001	66600491	0.0002613257437498	3.674190457345424e-08	0.1727781642087779	645	-0.0001687820354452	6.454022047674025e-08	0.506452565424227	641
4	66600492	68059496	2.4099737261187407e-05	2.082653409083324e-08	0.8673738805526177	472	5.362184418968659e-06	5.304704201880559e-08	0.9814257199210203	470
4	68059497	68854764	-1.9301565265287056e-05	1.3633535644445282e-08	0.8687032372701293	312	0.0001635014340402	3.4684063277326526e-08	0.3799853373136285	310
4	68854765	71049151	-2.9704851299465253e-05	2.0997161057158066e-08	0.8375746210500936	569	-0.0001572179603436	4.522969870464482e-08	0.4597562615826278	565
4	71049152	72140557	-1.259673972423174e-05	1.2659903462942151e-08	0.9108591963918492	287	-4.60164803804448e-05	3.388768206277863e-08	0.8026085119420625	286
4	72140558	74592389	6.407304548452487e-05	2.3960426737951165e-08	0.6789245422536045	624	7.570490358553055e-05	5.7805509217074064e-08	0.7528558952991506	622
4	74592390	77130706	-2.2069942372400626e-05	3.464026480577199e-08	0.9056082947804998	872	-7.733939103734213e-05	8.522507217710095e-08	0.7910700039547002	868
4	77130707	79093978	1.1040219246419067e-05	3.7196218846366486e-08	0.954351004233543	866	-0.0002305814234672	8.886873400334636e-08	0.4392375907633262	865
4	79093979	80990296	-3.333967352169093e-06	2.767956759575913e-08	0.9840120534561908	655	2.634095005620657e-05	6.84520928909097e-08	0.9198054338460396	653
4	80990297	82125314	-9.259068470162167e-05	1.2458629783266385e-08	0.4068045051770487	299	-0.0001624020082664	3.0319569560890475e-08	0.3509883024604256	299
4	82125315	83372592	0.0001064834935315	2.084268437321936e-08	0.4607734981279576	440	0.0001187443067993	4.6929541147016994e-08	0.5835973824091862	438
4	83372593	84799655	0.0001276043626776	2.4365335749295362e-08	0.4136518232263428	579	-4.407336928258575e-05	5.7959728008420226e-08	0.8547444500588512	577
4	84799656	86930608	0.0001123516722931	2.771817848350575e-08	0.4997809972880181	696	1.091135630312414e-05	6.499036695417083e-08	0.9658601411408227	693
4	86930609	87534647	5.659397408331648e-05	1.2997395898258437e-08	0.6196039648447631	161	-3.743007312835692e-05	2.3640252068435623e-08	0.8076633943997724	158
4	87534648	89238027	-0.0001194475732911	3.098386274541419e-08	0.4973956055126511	695	-8.06664400565322e-05	8.010987129544475e-08	0.7756416209483254	689
4	89238028	90231563	-4.432872399627663e-06	1.722791471203448e-08	0.973058214055087	363	0.0001375653846589	4.6984722154873996e-08	0.5256599983143921	362
4	90231564	91560676	-2.6070404482744336e-05	1.775741217850553e-08	0.8448918519283523	409	7.324482008915791e-05	4.50798371231003e-08	0.7301142856654923	407
4	91560677	94233298	-0.0001207749755583	3.236714980212144e-08	0.5020214777174137	713	0.0002724523306056	8.403277949906574e-08	0.3472860508104745	711
4	94233299	96182187	-0.0001252911999163	2.9903537455732984e-08	0.46873743423303	725	-0.0004414749555038	7.94158476009072e-08	0.1172129750373042	724
4	96182188	97540702	7.587716958675434e-05	2.625832088539953e-08	0.6396059273956889	569	0.0001080458486069	6.602897614845636e-08	0.67413804748816	567
4	97540703	99424066	8.251600519158595e-05	2.0791518254482152e-08	0.5671443251946409	491	-0.0001275796559065	4.2198802581314446e-08	0.5345622128364462	491
4	99424067	100678359	-7.588258863145532e-05	2.408495849142492e-08	0.6248733205971166	520	-1.3397412412305451e-05	5.3719656359270464e-08	0.9539051313961524	518
4	100678360	103221355	0.0007718802258339	6.89198218824843e-08	0.0032799351193144	960	7.42597324709282e-05	9.390191248636101e-08	0.8085205877767153	957
4	103221356	105305293	0.0002427494759274	4.022245903397979e-08	0.2261307043145133	598	4.366996601096935e-05	4.7287625218265974e-08	0.8408385503361215	598
4	105305294	107501304	8.247819075115724e-05	2.737879440644729e-08	0.6181585195152214	709	0.0003391937856693	6.14868136833967e-08	0.1713408718346721	706
4	107501305	108815347	0.0001339594482829	1.754057203054057e-08	0.3117932397647456	409	0.0001127461241564	4.5124184396094814e-08	0.5955861581080565	404
4	108815348	111256566	7.47039642456752e-05	4.7148297529054e-08	0.7308151905456213	912	0.0001082214628385	9.9129937536703e-08	0.7310531896700767	908
4	111256567	113870101	-2.678282104041848e-05	3.619977172860652e-08	0.8880533610634836	840	3.243295189298693e-05	8.941547109291058e-08	0.9136287200756872	839
4	113870102	115666245	-5.425923256142386e-05	3.1507787274491e-08	0.759849551430173	689	0.0001876604657703	7.979157491877295e-08	0.5064689380144848	685
4	115666246	117276928	8.911075469283427e-06	1.7281915959832664e-08	0.945956712874652	456	-0.0001316450522625	4.0851954958997315e-08	0.5148363545605137	453
4	117276929	118479917	-7.534263990329276e-05	1.8976286237574123e-08	0.5844238165942608	424	9.793882940438016e-05	5.1338016851659585e-08	0.6655594604264269	423
4	118479918	119933511	-4.7688076788953615e-05	4.5556831168793574e-08	0.8232042333721137	502	-0.000331569816502	1.0445167405534621e-07	0.3049250739134771	501
4	119933512	120392683	9.069539729952872e-05	9.123277948171698e-09	0.3423498945715233	184	0.0002258643280187	1.6169506643058573e-08	0.0756949747536415	184
4	120392684	122657986	0.0002953546789401	3.9162980585470826e-08	0.1355756373171711	883	0.0002935239615629	9.756385440664609e-08	0.3473605201428238	878
4	122657987	124286480	0.0001020115000953	1.7917223054829613e-08	0.4459984145780227	451	7.559558207369183e-05	3.999343381578886e-08	0.7054239545093408	448
4	124286481	125210861	8.263851783295932e-06	1.5740370732401175e-08	0.947482849444347	324	8.68876643575958e-05	4.3602106293963965e-08	0.6773321520267406	323
4	125210862	126480885	3.945437839822337e-05	2.4708993134015145e-08	0.8018168082227682	469	-6.268257204670069e-05	7.096933477726689e-08	0.8139803042727437	465
4	126480886	127275476	-0.0001037723038896	1.275461710915304e-08	0.3581705754876287	273	-0.0001318930215688	3.3417027107022056e-08	0.4706003295120842	272
4	127275477	127830292	-2.1167908004494394e-05	9.423465433117144e-09	0.8273836887037758	200	-2.3681707968529337e-05	2.4466097116709675e-08	0.8796588699592056	200
4	127830293	128996664	1.1333189426763464e-05	8.585772893959246e-09	0.9026534048125258	239	2.8528338079545684e-05	1.7916054310855798e-08	0.8312214689463105	238
4	128996665	130591884	5.761155792498676e-05	2.333080571665925e-08	0.7060423625821983	538	-3.0515776635316765e-05	5.485458207218949e-08	0.8963353566332867	538
4	130591885	131283820	-8.884137889204183e-05	9.036391395329276e-09	0.3500033577717821	218	-0.0002085609351591	3.222419619504531e-08	0.2453052508743782	218
4	131283821	132954032	1.0327967235482043e-06	2.078584906628482e-08	0.9942843277963552	448	0.0001249851376668	5.6746780570029934e-08	0.5998113334367443	448
4	132954033	134628433	0.0001421159372474	1.8453428009531725e-08	0.2954803337324024	476	-8.783440661020415e-05	4.3286890239565674e-08	0.6729015687646183	475
4	134628434	136566406	7.146067691430859e-05	2.216024690541015e-08	0.6311970634576072	528	-4.9804956461184274e-05	5.2859172463720104e-08	0.8284991203072436	526
4	136566407	138541970	6.965223917908447e-05	3.2262163033543084e-08	0.6981769074119824	648	0.0001454372611026	9.14626606782208e-08	0.630588363994737	647
4	138541971	139556510	4.467559251537491e-05	2.6072091714306752e-08	0.7820235717387835	422	-0.0001480793673129	5.3413540439257664e-08	0.5217040550678158	422
4	139556511	141084630	0.0001602053062489	3.0931333082689564e-08	0.3623404666095328	596	0.0001056037270221	8.216128624283997e-08	0.7125585481423965	593
4	141084631	143443264	1.8123636455789952e-05	3.7421169976780765e-08	0.9253565414187872	840	0.0002135263170996	9.743807424715625e-08	0.4939443728709637	839
4	143443265	146178186	0.0003544933762324	4.148417635789274e-08	0.0817762794602141	648	0.0001322501517827	4.786242443356226e-08	0.5455089313092516	645
4	146178187	148521872	-3.3631578434705045e-05	3.3417339811774565e-08	0.8540322359308428	729	0.0001828989524807	8.718008946696579e-08	0.5356234213634128	726
4	148521873	150683579	0.0001658986630372	2.7528154048721804e-08	0.3173613862972783	624	-4.030486400113108e-05	6.915713862081088e-08	0.8781904240733056	620
4	150683580	152782183	3.6743724669210304e-05	2.3522051196602796e-08	0.8106580000101047	619	-0.0001357850836674	5.1391110963012386e-08	0.5491901400454122	615
4	152782184	154477640	3.272044352906375e-05	2.8747720248019648e-08	0.8469728304741669	594	-0.0001787707642551	7.393502015080936e-08	0.5108831746231565	591
4	154477641	155056125	-0.0001468094328413	1.1705932103047681e-08	0.1748098910386677	245	-9.847951252133558e-05	4.02128596113456e-08	0.6233609381169639	243
4	155056126	157485096	0.0002003488344986	4.61717339870019e-08	0.3511337676796552	972	0.0001845270038527	1.276052843674965e-07	0.6054593358056521	966
4	157485097	158743717	6.076516537505889e-05	1.6371042158383347e-08	0.6348470653836362	394	0.0001091198076335	3.951713676735153e-08	0.5830587890869461	393
4	158743718	161058863	-0.0001070009494951	3.0522057743832725e-08	0.5402306598054851	622	0.0004794495380405	6.082858950229587e-08	0.0518993533923131	619
4	161058864	161826434	9.953596849420206e-05	1.5436031885811975e-08	0.4230465472677395	315	2.005098909210376e-05	4.3367327584290324e-08	0.9232949572265806	311
4	161826435	163243678	9.776959414526529e-05	2.697226483944142e-08	0.5516345075388603	548	-1.3290464872994963e-06	7.487983896777772e-08	0.9961247825678244	545
4	163243679	164478233	-0.0002113140963059	1.9857965722070263e-08	0.1337308830005494	390	2.016434265570489e-06	4.500582146079136e-08	0.9924162633303514	389
4	164478234	165823447	-2.286605843303183e-05	2.4998790555377497e-08	0.8850099976751177	526	-0.0001035683016048	6.960263405024324e-08	0.6946391649544289	524
4	165823448	167018857	0.0001314282955735	2.4088965536938388e-08	0.397107748185743	453	1.0300925587621475e-05	6.978818389099711e-08	0.9688960660714176	452
4	167018858	167852916	3.838424726282938e-05	9.575308606755484e-09	0.6948643709727649	214	7.849850336484573e-05	2.664472638819831e-08	0.6305868116013824	214
4	167852917	169676824	-0.0001872507419697	3.2939192311790455e-08	0.3021974890534713	707	-0.0003276725536424	9.059962998248767e-08	0.2763208908628954	706
4	169676825	170776509	0.0002233435683331	1.5415757318951705e-08	0.0720449888677776	367	6.65694059177335e-05	3.8016069255018744e-08	0.7327861674549218	363
4	170776510	172558634	4.0802394794142134e-05	2.190745239426336e-08	0.7828014376635635	512	0.0002119727520285	5.543058692795411e-08	0.367940714159148	510
4	172558635	174264131	2.0499007417412477e-05	1.9401233754549907e-08	0.8829981418790567	451	-9.99321201532347e-05	4.9641329665779864e-08	0.6537767742625264	451
4	174264132	176570715	0.0003572650003817	4.134233651777099e-08	0.0789031894558168	745	-0.0001463106742378	1.3506636583829056e-07	0.6905495644369974	740
4	176570716	178991909	0.0005421486774594	8.90087087538032e-08	0.0691868638028816	976	-0.0002486951679559	1.43336520861863e-07	0.5112552792506276	972
4	178991910	180122042	6.315902812281893e-05	1.922117127044035e-08	0.6487064653179415	400	-7.779153552381502e-05	5.336119319830278e-08	0.736298368372304	398
4	180122043	182066806	6.705009688205558e-05	5.487374364245032e-08	0.7747009764186465	949	-0.0001046088585409	1.6345916537686806e-07	0.7958357393143471	939
4	182066807	183371274	2.642553944997369e-05	6.120179816812573e-08	0.9149338885573306	824	1.4492061333635942e-05	1.556767615851382e-07	0.9707004675654992	820
4	183371275	184929454	6.732208298317041e-05	4.2008756010732295e-08	0.7425609413585624	663	6.417438995084123e-05	1.2922685873214549e-07	0.8583151073638803	659
4	184929455	186909089	-0.0001074142382078	5.4316653197643235e-08	0.644878999005392	975	0.0002266411360816	1.493780941172953e-07	0.5576055470196624	968
4	186909090	188472980	-0.0001466723908155	4.004879380111873e-08	0.463610231739185	724	4.858524470954331e-05	1.1805232216520549e-07	0.8875493972266439	722
4	188472981	189693510	6.376382687284621e-05	3.162276606175642e-08	0.7199164869824319	508	9.955611882777964e-05	9.569753810812409e-08	0.7475865107086631	502
4	189693511	191043593	-0.0001189278683117	2.0006680981041916e-08	0.4004562902552171	377	-6.0344334999153096e-05	5.5300985023616415e-08	0.7974814532274369	374
5	11940	982251	6.444030086260584e-06	1.0861029200176145e-08	0.9506956250545272	258	-6.925957350192153e-05	2.689205247296165e-08	0.6727728754477955	258
5	982252	2132441	-0.000159066678052	3.6415424687154024e-08	0.4045293463803407	550	-0.0004167960274433	1.1422011309903749e-07	0.2174812839394667	548
5	2132442	3361940	-1.948434808626936e-05	5.0345393377162736e-08	0.930800886374046	906	-0.0001531803169458	1.467176039234536e-07	0.6892230868506073	905
5	3361941	4632109	-0.0001220537624394	2.9647169610406936e-08	0.4784122893929702	569	0.000120890655918	8.089139328928134e-08	0.6707991161620583	569
5	4632110	5973232	0.000370910532324	4.0229997758705377e-08	0.0644226228086542	752	0.0001287756588634	1.1491397861867292e-07	0.7040338963497766	749
5	5973233	7143217	7.385076821892382e-05	3.655824416473251e-08	0.6993155703652943	659	0.000322027784287	9.797552238518677e-08	0.3035696647001493	655
5	7143218	8446335	4.2503706819845715e-06	3.1569834643088766e-08	0.9809151260309515	663	8.263618137228478e-05	1.3479277586880578e-07	0.8219170293577867	658
5	8446336	9718831	-2.359063681083804e-05	3.287110607021282e-08	0.896474224482941	672	-2.5457240816820295e-05	8.95993211431184e-08	0.932224029702138	668
5	9718832	11173270	0.0001008125710735	4.0986755499309676e-08	0.6185134786850691	811	-0.0006336573889322	1.0928212604146347e-07	0.0552615864668891	810
5	11173271	13464831	-0.0002509601489241	3.0133153454601254e-08	0.1482573564589283	677	5.1019256212354935e-05	7.490567784195112e-08	0.8521207107787392	674
5	13464832	14757803	-0.000113173541856	3.0427415614607366e-08	0.516466176832046	669	0.0002301762590999	7.721632120645934e-08	0.4074808477570908	667
5	14757804	16963612	1.5222890835210684e-05	3.8276377503546875e-08	0.9379797185979304	820	-0.0002328893207158	9.624164388884841e-08	0.4528315144764681	816
5	16963613	18051591	2.4802228851894884e-05	1.758817645906554e-08	0.8516475682903065	315	4.869827937562377e-05	5.6664080312910266e-08	0.8379015633234439	311
5	18051592	19917715	0.0002014538755737	2.9443915679353873e-08	0.2403844717364742	666	0.0001401814817579	7.329007135400741e-08	0.6045928033730038	666
5	19917716	22152072	-5.898863853498354e-05	2.3827702777081943e-08	0.7023543997308155	551	2.752725132313839e-05	5.82002091884634e-08	0.9091554126343434	547
5	22152073	23494323	0.0002655770916059	1.9157099950682092e-08	0.0550118771849777	476	-6.0985038105560624e-05	4.3706505332958097e-08	0.7705089066876822	476
5	23494324	26184850	-2.4881184878342695e-05	3.9031635170443974e-08	0.8997796496913247	834	0.0002344264481859	1.0005648436266065e-07	0.4586253867102885	829
5	26184851	26857603	5.8976681902753616e-05	8.932885752999364e-09	0.5326277214252131	195	-2.031379286265301e-05	2.2753471326376813e-08	0.8928736939033977	194
5	26857604	27984512	-3.9060444753247755e-05	1.2870545708444658e-08	0.7306196823895785	282	4.075209392189028e-05	3.2839661338987253e-08	0.8220727247668776	279
5	27984513	29714819	3.343986601700146e-06	2.2242941272161484e-08	0.9821115753971874	503	0.0002512101274841	5.4974691367885796e-08	0.2839850647281492	498
5	29714820	31390248	-5.892194576772847e-05	3.253632721997345e-08	0.743926844518213	678	-4.7184572533438384e-05	8.646546410354304e-08	0.8725152658206463	673
5	31390249	33500179	-3.468571337930803e-05	4.7664215775000314e-08	0.8737676915085696	899	3.5875050465317865e-08	1.328210118864553e-07	0.999921458500376	896
5	33500180	35048969	-0.0001090494924037	3.2397808032827286e-08	0.5446136949355119	626	8.722471607685827e-05	9.101501890287498e-08	0.7724870541705084	625
5	35048970	36433953	-0.0001040882075749	2.485320846725699e-08	0.5090915683266459	542	-1.9216170897989005e-05	6.48750184553756e-08	0.9398609822386168	541
5	36433954	38802409	-1.5198858783751898e-05	4.22289348030087e-08	0.9410409919439956	846	0.0002255580163662	1.0988758397210547e-07	0.4962317341197622	842
5	38802410	40287728	0.0001988910002526	2.689897171706323e-08	0.2252510383338952	616	-6.0565066317147744e-05	6.801237392302091e-08	0.816355263123444	614
5	40287729	41888709	1.2950739928470369e-05	2.5021435346858218e-08	0.93474803976922	622	4.341941653004195e-05	5.981714789984434e-08	0.859092302227514	618
5	41888710	43983498	4.805039313459751e-05	1.7484661282299123e-08	0.7163164696053631	488	0.0001414767413336	3.675901229068963e-08	0.4605694149255778	488
5	43983499	50163397	-0.0002013111027349	1.9923565305992463e-08	0.1538070500012593	532	-0.0001358146194284	3.886928148146522e-08	0.4908990972810783	530
5	50163398	52134621	1.531009216313174e-05	2.8237488476346223e-08	0.9274053993650212	642	-0.0002078880182035	7.32792740778217e-08	0.4425106552317641	640
5	52134622	53703043	0.0002695794124668	3.261410562539833e-08	0.1355054247501229	701	0.0003048533615377	8.539342695220175e-08	0.2968432289139179	697
5	53703044	55417348	4.8371732969248266e-05	3.0158886587918325e-08	0.7805996244581581	698	6.015978944687846e-05	6.865171948893681e-08	0.8183990266222991	693
5	55417349	56621101	0.0002064219885985	2.8713476282059023e-08	0.2231538675515653	557	4.174072434324402e-05	7.33047447170036e-08	0.8774773567606858	557
5	56621102	57340072	-1.7444266921189633e-05	1.4697923816341334e-08	0.8855888721069449	313	-0.0001248572786627	3.7442677812739666e-08	0.5187628772551367	312
5	57340073	58524621	0.0006188392594812	6.410861691442517e-08	0.0145212461628185	631	0.0005576053171028	7.814667170386066e-08	0.0460785789253622	627
5	58524622	60935906	-9.010579452674909e-05	6.302994859122648e-08	0.7196663226316244	774	-9.527041717610918e-05	7.53837579636894e-08	0.7285975012012293	770
5	60935907	61672994	0.0001616598431847	1.2857531833025828e-08	0.1539595074468615	295	6.218853864686792e-05	3.2906574184651854e-08	0.7317321772678436	295
5	61672995	63218986	0.0002410042551242	2.3276891896920963e-08	0.1141859220182766	568	0.0001106573621794	5.3078779717497304e-08	0.6310083790337535	564
5	63218987	63968303	0.0002858036131887	1.2603364036195889e-08	0.0109027282333877	205	0.0002615528934241	1.7212229176858103e-08	0.046194307431416	205
5	63968304	65911285	0.000270359418824	3.1286664097400226e-08	0.1263915595501762	710	0.0002824152141331	8.605013751816957e-08	0.3356743585190282	708
5	65911286	67850859	8.472981829435247e-05	4.1507182682008186e-08	0.6774931820497169	855	0.0001031896497323	1.118659201766438e-07	0.7576845677443393	849
5	67850860	71240455	0.0001055259940742	2.3772041111781405e-08	0.4937064847463025	541	-2.4745694918203698e-05	5.71230180898976e-08	0.9175370684491482	535
5	71240456	73759325	-6.270677047102791e-05	5.284595144815193e-08	0.7850242423772147	1130	-0.0005809090506112	1.305699415727929e-07	0.1079158840691112	1127
5	73759326	75798865	0.0001315448729071	3.5238736593906174e-08	0.4834583872694027	781	5.835152745061475e-05	8.776106960750235e-08	0.84385059196655	778
5	75798866	77623331	-0.0002345662323372	4.11725266247766e-08	0.2476769124201536	828	-0.0002667609337916	1.066207547136866e-07	0.4139506856964801	825
5	77623332	79393143	0.0002573894883308	3.421794077874527e-08	0.1640926369157738	719	-2.7016815199071374e-06	8.609248760507357e-08	0.9926534160013796	717
5	79393144	80481470	5.190078107391706e-06	2.7649924399900578e-08	0.9751001649648352	521	-0.0002964526961844	7.35969180011742e-08	0.2744983030500816	519
5	80481471	82025647	-3.416271874510081e-06	2.8633737980494177e-08	0.9838926549587106	589	-0.0001547037411428	7.231190759894786e-08	0.5650870483866239	588
5	82025648	83972688	-1.2224207871412378e-05	3.3940091305042145e-08	0.947096343072696	614	0.000155501994664	9.429780908823073e-08	0.6125828587538222	613
5	83972689	85767289	-1.7309029754740643e-05	2.7125111243913744e-08	0.916299484718634	624	0.0002369349652126	6.755876208408823e-08	0.3619970109982262	620
5	85767290	87389990	-4.573489624641635e-05	1.3907918047660289e-08	0.6981582088062618	313	-3.7246771754456235e-05	3.4323625379037205e-08	0.8406638274713869	311
5	87389991	88891529	0.000258022565735	5.648791245256092e-08	0.277644833906277	352	8.186846060045873e-05	3.3255025324066276e-08	0.6534751780876303	351
5	88891530	90422653	-0.0002295848468618	2.1439484429586556e-08	0.1168895641693497	473	-0.0001151402739019	5.5174813133920064e-08	0.6240055454895297	472
5	90422654	91840541	0.000117695758116	3.9322294458019144e-08	0.5528276915591159	323	-4.6960934903445686e-05	4.114342356012445e-08	0.8169116749257984	323
5	91840542	93809983	5.912039108681153e-05	2.1627371263602223e-08	0.687677638090136	483	-0.0001274966484933	4.48290981422215e-08	0.5470613037136296	483
5	93809984	95963518	0.0001346964939191	3.756465349009353e-08	0.4870735607030857	799	0.0003005625325594	9.465241890952198e-08	0.3285976422699909	793
5	95963519	97315600	5.170849211048863e-05	2.0454367774726738e-08	0.71768803752345	480	0.0001061927536464	4.8262095074617746e-08	0.6288234812885247	477
5	97315601	99260991	1.984161290274479e-05	2.506627090263399e-08	0.9002675415500702	594	1.0753485730648304e-06	6.098760826218887e-08	0.9965257013211852	593
5	99260992	101578768	-9.899773203361444e-05	2.5553314458715796e-08	0.5357182319978437	633	-0.0002838339746626	5.999213816988307e-08	0.246528229266969	629
5	101578769	103320004	5.3832680199193705e-05	2.867348796584657e-08	0.7505523456941388	559	7.530622377426068e-05	4.998393229263867e-08	0.7362421941465611	554
5	103320005	104851482	-6.288128748384534e-06	3.0660641967789134e-08	0.9713531069243662	505	-0.0003504894030671	5.4188224321305836e-08	0.1321584675551427	501
5	104851483	105893054	7.832117380239323e-06	1.1747712087394842e-08	0.9423943899503092	228	8.353679167664179e-05	2.6914756938200554e-08	0.6106168374745897	228
5	105893055	107264195	6.879544444955638e-05	7.057610839116322e-08	0.7956669587741232	627	0.0001690277967961	9.1405460917453e-08	0.5761087903739948	625
5	107264196	108633933	0.0001633178607488	2.1997073449416205e-08	0.2708261412967599	465	-6.671766000944294e-06	5.8649929323770337e-08	0.9780217965730262	465
5	108633934	110821143	-0.0001511104320532	4.696086383527127e-08	0.4856082934645442	738	0.0001491147305697	7.769284590813233e-08	0.5926700870896303	737
5	110821144	111981561	-6.723772072325296e-05	2.336639071014248e-08	0.660036530474624	470	-0.0005403348072145	6.350346237360703e-08	0.0320172800201286	469
5	111981562	113396284	-6.058599076114528e-05	2.6774106422087803e-08	0.7111837408913508	605	-7.085080278525442e-05	6.518187811443455e-08	0.781387202256343	602
5	113396285	114830369	-8.25288438083063e-06	2.8204919146120738e-08	0.9608069889731818	608	-0.0001175375803629	7.276557004693299e-08	0.6630353189181947	607
5	114830370	115831046	5.7112564057281375e-06	2.2625906310156175e-08	0.9697124329940356	499	-1.2024237932775108e-05	5.4987689815212274e-08	0.95910458686434	497
5	115831047	117346212	0.0001941915230168	3.2049778313515046e-08	0.2780455706166672	638	-0.000164470555888	8.649300773462293e-08	0.5759984354393128	634
5	117346213	118608819	0.0001074232196107	2.0650769638427933e-08	0.4547422292263238	439	7.318302479301207e-05	5.3447594841238666e-08	0.7515828927087173	438
5	118608820	119669041	7.980840257393333e-05	1.824994533024364e-08	0.5546750844653101	385	-0.0001574056578239	4.6442411491161896e-08	0.4651434644901538	385
5	119669042	120452165	0.000194984249546	1.3056735258102873e-08	0.0879326146823055	276	0.0006237921063191	8.574725630538397e-08	0.03315130918317	273
5	120452166	122556904	-9.230454981610402e-05	3.6122953380201194e-08	0.6272089242423179	776	0.0002261909260207	8.970158240934987e-08	0.4501152754660636	775
5	122556905	123798099	4.238268278867985e-05	2.4245414688440804e-08	0.7854752222282662	507	-9.190619138481146e-06	6.243063101668615e-08	0.9706581126655094	505
5	123798100	125785648	0.0007871309257624	8.472330046155785e-08	0.0068460423988847	945	2.6512657521679956e-06	1.398962866178247e-07	0.9943442970274516	940
5	125785649	127344603	0.0001303628750934	2.195180685717505e-08	0.3789294272054236	495	5.6581047143531245e-05	5.301526823869041e-08	0.8058858515573293	493
5	127344604	129519024	-9.08514816641703e-05	3.1972052756452905e-08	0.6113852178749816	764	-0.0001273569635985	7.428105294468909e-08	0.6402945780248028	760
5	129519025	132139648	-9.645734153117224e-05	2.6596434312929293e-08	0.5542138898711071	692	-4.5855881394762365e-05	5.135696161755949e-08	0.83964596377245	691
5	132139649	134777400	-0.0002458556690514	5.51144898554644e-08	0.2949876680463849	1042	-0.0002195445231186	1.5251033534741539e-07	0.5739955221770444	1035
5	134777401	136376049	-0.0003019716567288	2.7316362961287005e-08	0.0676895249720561	674	-0.0005075310963762	6.567516417353848e-08	0.047653912661819	670
5	136376050	139265071	8.474519761996362e-06	7.3121859218755e-08	0.9749988227569918	822	-0.000205300390766	7.367147856262304e-08	0.4494213475052215	820
5	139265072	140645970	-0.0004749229279478	2.8830004607416226e-08	0.0051570985378497	451	-0.0002555071201022	7.121864593048052e-08	0.3383512418924576	448
5	140645971	142981247	0.000312143399935	5.2830047811952564e-08	0.1744499079194247	1039	0.0011580511155565	1.416901965006334e-07	0.0020944178125639	1033
5	142981248	144943353	0.0001545000995778	3.0432366262844456e-08	0.3758075052380663	734	0.0001385836158936	7.28695896943272e-08	0.6076857140812876	731
5	144943354	147181997	0.0003063135596876	3.7004574386135734e-08	0.1113060978715728	818	-1.546565992578832e-05	9.37881624479514e-08	0.9597236654354672	815
5	147181998	148662623	-1.968918566091363e-05	2.6182831906532697e-08	0.9031523989828476	612	-6.702462048570643e-06	6.076457980077904e-08	0.9783081962740632	612
5	148662624	150561297	2.353278807452407e-05	4.9403091585447026e-08	0.9156809693649594	968	-0.0007173867794997	1.318130531570829e-07	0.0481613638201367	963
5	150561298	152867773	0.0003061613288169	6.144892240115003e-08	0.2168027328130731	961	0.0003068550627985	9.984015883307473e-08	0.3314798822142452	958
5	152867774	153773087	3.253257127041403e-05	2.9384854638200466e-08	0.8494794144313107	473	-4.043295539912276e-05	5.7575420919854923e-08	0.8661847487858959	471
5	153773088	155373504	0.0001364516685508	3.1067661584490584e-08	0.4388426724160452	642	0.0001557477799732	7.99723960388468e-08	0.5818074069907332	641
5	155373505	156628699	0.0001216855484111	1.9592646089252843e-08	0.3846581321530098	445	0.0001760996035156	4.963689982855058e-08	0.4292845096019956	442
5	156628700	158825697	-4.275849433973655e-07	4.3600275284657186e-08	0.998366129820903	979	0.0003625312765158	1.105116475739683e-07	0.2754755050043864	978
5	158825698	159973943	0.0001503147257362	2.5502521044109968e-08	0.3465712268528532	454	0.0003984707627723	7.31302860327241e-08	0.1406183802532663	452
5	159973944	161482132	1.134805266489856e-05	2.6478495303402235e-08	0.9444015306902784	602	0.0001186179984165	6.766564868261784e-08	0.6483887520825787	599
5	161482133	162743907	0.0002727624421824	3.5283456660591234e-08	0.1464714947880583	416	-6.263051560270359e-05	5.000098202763374e-08	0.7794088937995873	415
5	162743908	163771581	-2.002604698521347e-05	2.0535350699941703e-08	0.8888594641807166	429	-7.202654194133692e-05	6.404502809799526e-08	0.775943100308079	427
5	163771582	165642394	9.259188210546066e-05	3.1407764042987554e-08	0.6013489541605364	628	8.958948903861852e-05	8.40389926865575e-08	0.7572900464405501	624
5	165642395	166847739	8.795266346977572e-05	2.9165842397515524e-08	0.606549287472111	466	0.0005144971444543	7.228103959095881e-08	0.0556602360700839	463
5	166847740	168525317	-0.0001529864642149	4.6771725038062384e-08	0.4793217235958267	844	0.0002720926032697	1.330406926872581e-07	0.455682295127617	840
5	168525318	169505663	0.0001888755018656	2.7571868516667332e-08	0.2553390348400716	537	0.0001666544957217	7.655259071890896e-08	0.5469521018222225	536
5	169505664	171074291	4.6291002373738624e-05	3.8509026571034745e-08	0.8135155901646776	742	-0.000158381083514	9.795550377994261e-08	0.612825263860541	741
5	171074292	172678326	-0.0001193300024418	4.0637600837205586e-08	0.5538835279472545	755	-0.0001429433796981	1.0817114535921997e-07	0.6638392746987818	755
5	172678327	173642870	0.0003796255271093	2.8771901981032434e-08	0.0252173454337909	521	0.0003514608026701	1.0112689783498303e-07	0.2690699847652126	518
5	173642871	175450594	-2.1760478033115572e-05	6.170958248524967e-08	0.9301965225755252	885	0.0002511371625826	1.620394489917227e-07	0.5327068290772183	879
5	175450595	177251506	6.926476167644352e-05	2.1717172996786493e-08	0.6383450890318729	477	0.0001252039248711	5.5927182999882174e-08	0.5965089468617981	476
5	177251507	178413463	-3.262086380807858e-05	3.0905581090490595e-08	0.8527922915298969	516	-0.0003057047626534	9.286687668985065e-08	0.3157819104884755	511
5	178413464	179401243	0.0001748868630504	3.8297694496579324e-08	0.3715054265760588	415	-0.0001148860086143	6.101901717915789e-08	0.6418688968589437	415
5	179401244	180559932	-3.5856516551139824e-05	2.4787559271716544e-08	0.8198435237333984	425	0.00014249219949	7.093331361030189e-08	0.5926394782813	423
6	73924	1452361	-0.0001451011494576	3.9219859593848785e-08	0.463750024063855	729	0.0002235309601474	1.1987832038450206e-07	0.5185347422771694	718
6	1452362	2458935	-0.0001456780145553	2.1161159874022912e-08	0.3166148632932204	460	0.0002109209946838	6.139900350349493e-08	0.394650061017293	457
6	2458936	3573592	1.3712612643435223e-05	3.032974573966867e-08	0.937240811401441	643	-0.000282451499855	8.773550039648565e-08	0.3402973144404336	639
6	3573593	4617816	0.000286675593597	2.5958356931513076e-08	0.0751886160602123	570	-7.515581369252942e-05	7.478015495302988e-08	0.7834442897186358	566
6	4617817	5791471	0.0001546175927317	3.0111699306657484e-08	0.3729142335675895	651	-8.087529949081854e-05	8.747880478136148e-08	0.7845138293954452	650
6	5791472	6785206	0.0001253431349772	3.4042386298760556e-08	0.4969191199431649	657	-0.00025303165634	1.0274222923821588e-07	0.429874810613927	654
6	6785207	7808935	0.0001048027519548	2.796057145729259e-08	0.5308180874557591	572	0.0002500187358134	8.036838541504605e-08	0.3778192563189458	570
6	7808936	9020025	7.226941698192523e-05	2.301432290434971e-08	0.6338021726135177	565	8.013687972361334e-05	6.011162991810836e-08	0.7437786717910868	560
6	9020026	10540316	-7.248344328022992e-05	3.4162379674057064e-08	0.6949390200147243	703	-0.0002369593020738	1.0303755841435255e-07	0.4603909176453318	699
6	10540317	11790815	-0.0001335771012135	2.5879421130526032e-08	0.4063479014095527	600	-0.000267281454942	7.08475063250644e-08	0.315297459750897	598
6	11790816	13209387	-7.636198123675505e-05	3.013307321757057e-08	0.6600084263281419	672	-0.0001751028462981	8.617975676218679e-08	0.5508594840100436	669
6	13209388	14802923	-2.5788115120618832e-05	3.1904494357352756e-08	0.8852039187039435	765	-0.0002112871551635	8.818024215734479e-08	0.4767617166545785	761
6	14802924	17386404	0.0002549990758819	5.2783198448297144e-08	0.267034517006988	1124	-8.953947255274749e-05	1.5400439013362698e-07	0.8195183962497852	1118
6	17386405	19207486	-9.52155459669777e-05	2.9883430178541286e-08	0.5817719083421367	770	9.11215709306346e-05	7.958104223975438e-08	0.746687432615198	766
6	19207487	21684064	0.000254358806246	5.395222964314544e-08	0.2734857516995093	1128	-0.0001137120402026	1.5950376335585197e-07	0.7758571550921713	1125
6	21684065	22748306	-0.0001010413520753	3.5988277642828865e-08	0.5942956801600693	561	-1.3092274337013514e-05	1.379204744262353e-07	0.971877699936882	560
6	22748307	23936618	0.0001624355500196	2.800779735893556e-08	0.331746037964282	558	3.724758414664909e-05	8.741117598037937e-08	0.8997447653951639	553
6	23936619	24852274	-6.644923267602623e-05	2.2825616338993113e-08	0.6600647379753559	460	0.0001734472771799	6.694725567440715e-08	0.5026352085844986	455
6	33236497	35455755	2.119217349523455e-05	1.99655727461862e-08	0.8807800498159161	431	0.0001059740809921	3.2910387614907065e-08	0.559111453552087	428
6	35455756	37572595	0.0002161456114642	5.0560996706209985e-08	0.336423971357773	947	4.81727119815722e-05	1.0899527206883303e-07	0.8839891989805148	944
6	37572596	39295676	-2.1678873700446347e-05	3.7819809982806194e-08	0.911239778089284	842	9.813298920098514e-05	1.066522624913499e-07	0.7638034400284615	840
6	39295677	40345114	-3.950166842628824e-05	1.8075296045338133e-08	0.7688999104426086	463	6.388928677768629e-05	4.6606764764502245e-08	0.7672759591864631	461
6	40345115	42038720	4.487328123135082e-05	3.536351516592194e-08	0.8113988611439061	808	6.974978826013677e-05	1.0751673072513644e-07	0.8315466864025406	804
6	42038721	43756168	5.1845309953966264e-05	3.1815632546913915e-08	0.771309357491419	546	-5.486618824694252e-05	6.618119567628784e-08	0.8311134165864624	543
6	43756169	45406562	-5.067993234692472e-05	3.110618804863037e-08	0.7738436180574373	657	-4.777507694844232e-06	8.192862362700375e-08	0.9866830900651506	655
6	45406563	47311897	0.0001258010606987	3.48867721035859e-08	0.5006131638234558	854	0.0003105319772909	9.353109808163517e-08	0.3099250490669122	853
6	47311898	48391124	2.0449010651266612e-05	1.5064027072178242e-08	0.8676767156205017	422	0.0001525900719245	3.380178938646127e-08	0.4065621883613928	419
6	48391125	50386144	4.0784904485255086e-05	2.1764646438095776e-08	0.7821990129442244	626	4.265351273953513e-05	5.377017568493213e-08	0.8540579019167102	614
6	50386145	52210475	0.0001343264935144	2.7882515920122365e-08	0.4211407250578559	724	0.0004620204106796	7.261499912223944e-08	0.0864293279092935	722
6	52210476	53279101	1.7630029275846127e-05	2.1606563454052365e-08	0.904531522159584	507	0.0002458874620948	5.817652170389163e-08	0.3079931904424354	502
6	53279102	55468269	0.0002624566599805	4.0032942291462674e-08	0.1896067741079889	1002	3.500736261123411e-05	1.045131357681552e-07	0.9137685028598186	998
6	55468270	56105312	-5.455009012664874e-05	8.364321791484437e-09	0.5508690852545134	241	3.147362110308514e-05	2.08019176257407e-08	0.8272575169988765	241
6	56105313	57599464	7.825476338425358e-05	1.4271964284759398e-08	0.5124409456706082	397	2.4949327061959517e-05	3.374727359294303e-08	0.8919695717542616	394
6	57599465	61880511	-2.9413416910422927e-05	5.613953899675776e-09	0.6946411407477985	188	-2.3211407737692475e-05	1.175649317631624e-08	0.8304898664381728	187
6	61880512	63552887	2.2946577804848615e-05	1.315942185272265e-08	0.8414555389054249	412	5.356944762790018e-05	2.9109317816064143e-08	0.7535366850674983	410
6	63552888	65765741	6.702895987871376e-06	1.6908583257819795e-08	0.9588891331736986	537	3.5502876465411e-05	3.375760913778925e-08	0.8467777482480306	536
6	65765742	67329214	0.0004083229552265	3.1446943160255115e-08	0.02130253031205	610	0.0006144371835033	8.135016833356063e-08	0.0312197318256811	603
6	67329215	68849482	-1.7273313851498148e-05	2.4244765118744623e-08	0.9116682786222942	595	0.0001619060129828	6.729334436870024e-08	0.5325404546212764	592
6	68849483	69523447	-2.025980219448705e-05	1.0614138185195276e-08	0.8441018365576037	256	0.0002870593515609	2.8444792813874232e-08	0.088747466275268	255
6	69523448	71609509	4.066154534836407e-05	4.010793153104469e-08	0.8391084659447814	866	0.000191453436532	8.033263939972244e-08	0.4993662570547389	863
6	71609510	73450096	0.0005496126181101	4.837035999762676e-08	0.0124542736049339	728	0.0005990869409995	8.906788246264915e-08	0.0447093660617779	724
6	73450097	75462002	0.0001317729707136	2.6791462644733193e-08	0.4207851895589165	690	0.0002281225438077	6.971140836022275e-08	0.3875851201971908	682
6	75462003	77414880	2.1545165684317016e-05	2.1458664592984452e-08	0.8830702468380929	555	0.0001365720661882	5.2017008003083026e-08	0.5492994538043647	554
6	77414881	78957727	7.861549184027152e-05	2.0559064925488662e-08	0.583496145446462	578	-0.0001307904366577	5.2795988638347595e-08	0.5692109625205015	575
6	78957728	80691169	-1.2484922104925454e-05	3.023966221345468e-08	0.9427646350000743	707	0.0001311772418607	7.113259658645419e-08	0.6228322020334931	705
6	80691170	81929221	1.2937987730169832e-05	1.4574037236741964e-08	0.9146534166018316	447	7.530459073448578e-05	3.493596026794392e-08	0.687030088640025	442
6	81929222	83127148	0.0001573798926	1.5708580643145318e-08	0.2092301312778552	407	4.3462410293195406e-05	4.0241569320422197e-08	0.8284742505598921	406
6	83127149	85209988	0.0008175563609385	4.802048018611065e-08	0.0001908565355069	644	0.0005721260557096	6.23488058191776e-08	0.0219473792903976	644
6	85209989	87069499	0.0002344891367865	2.5835076826475643e-08	0.144599730467233	704	0.0004087131777865	5.79416096766843e-08	0.0895183318483752	702
6	87069500	88822139	4.971407222632262e-05	2.421218750911814e-08	0.7493521535630363	652	-3.088967412352423e-05	5.7664954757220706e-08	0.8976468927334712	650
6	88822140	89973051	8.843991473096722e-08	2.2508756881651563e-08	0.9995296592619284	495	0.0004895330773201	6.341046269241586e-08	0.0518925792822696	490
6	89973052	91843195	4.5028367708709296e-05	5.565198332410601e-08	0.8486246184809147	827	-9.66232683421732e-05	1.0315157279374436e-07	0.7635321644665455	826
6	91843196	93428643	0.0002331000566792	2.2488778044776642e-08	0.1200918808923219	550	-1.4839424103204486e-05	6.159981484461988e-08	0.952323022836324	548
6	93428644	94118141	-0.0001272168600397	1.6440596097676982e-08	0.3211148260658657	349	5.2105044315154184e-05	4.6789477984920395e-08	0.8096460053541585	348
6	94441175	97093510	-9.190112983209576e-05	3.003952197221705e-08	0.5959439705972613	768	2.726616770212809e-05	7.912409652660601e-08	0.9227799448798304	765
6	97093511	97842283	-2.3578886947638255e-07	1.02554941109445e-08	0.9981422611025592	277	-5.833332666256859e-05	2.7028778623323217e-08	0.7227272340675076	275
6	97842284	100630145	5.813436274020428e-05	3.749702510429871e-08	0.7640120454465751	922	0.0002954622398575	1.0194289393196373e-07	0.354764513758305	914
6	100630146	102636771	4.878888832408852e-05	2.2690153113797893e-08	0.7460186782836637	595	4.5720177010425614e-05	5.67159024400453e-08	0.847758047468728	593
6	102636772	103983394	-0.0001041682433739	1.5361876078459026e-08	0.40065468185242	415	0.000144894042782	4.06782963429656e-08	0.4725078026843942	412
6	103983395	106056732	-6.022236677229349e-05	2.946507634414825e-08	0.72571145833932	767	-0.0001033160273602	7.818034935920961e-08	0.7117522500580841	762
6	106056733	107450305	8.539485099860072e-05	3.5446070574902776e-08	0.6501358581908891	698	0.0002356444637721	1.043955179275507e-07	0.4658077988951572	692
6	107450306	108464379	-3.141857411563554e-05	2.5568466621415535e-08	0.844228897866471	381	4.3921765797851275e-05	5.972099388339104e-08	0.8573659360887538	380
6	108464380	110304246	-1.1800597318859248e-05	2.0848458307190083e-08	0.934863588675346	606	1.42069205520921e-05	4.5775075552197625e-08	0.9470572598143702	602
6	110304247	112345013	-5.456465061812115e-06	2.685539812533404e-08	0.9734383284287228	687	2.46929046628878e-05	6.657283550576605e-08	0.9237567906715686	681
6	112345014	114220832	0.0002997603837841	3.2729371597746086e-08	0.0975326705990495	732	0.000217588941827	7.639346406533197e-08	0.4311397245960965	731
6	114220833	116131395	-9.475115656797496e-05	2.2425569536014473e-08	0.5269153493079012	587	-0.0002468975942573	5.99343646748642e-08	0.3132111420279133	585
6	116131396	117672971	-7.566526366513684e-05	1.9880716723047507e-08	0.5915184510074163	548	-5.315536451143178e-05	5.078721665395273e-08	0.8135347333901597	544
6	117672972	118963114	3.500181104409164e-05	1.8574916814618438e-08	0.7973185355190243	436	-1.016048223623714e-05	4.408489324494373e-08	0.9614042031998034	434
6	118963115	119963277	-3.846562662871981e-05	1.7807228223519817e-08	0.7731526681993454	372	-0.0003154393083457	5.4390775903064896e-08	0.1761995784774399	370
6	119963278	120512127	-3.4658814107049283e-05	7.677760639811678e-09	0.69244037186693	199	8.456811562777962e-05	2.0925444950390624e-08	0.5588072090917968	198
6	120512128	121905675	-4.8279975175633064e-05	1.7514796017048116e-08	0.7152546434539634	453	-0.0001123932818776	4.7244381222759416e-08	0.6050940561233997	451
6	121905676	123856180	-1.0018362636778795e-05	2.8799566884626437e-08	0.952924858483236	725	0.0001770084047491	7.623111556921577e-08	0.5214558214966201	722
6	123856181	125424382	0.0001282801348843	3.192682283267361e-08	0.4728010043527741	692	-5.291239905202393e-06	9.169791480695409e-08	0.986058943572454	686
6	125424383	127540460	-7.766446421785308e-05	1.9236597351252423e-08	0.575505650176463	532	-0.0001070715082369	4.649819276751991e-08	0.6195121477913493	529
6	127540461	129861030	0.0001356358810197	2.6927032860616163e-08	0.4084800675770849	705	-5.9904163208324576e-05	7.12721353934684e-08	0.8224564151311683	705
6	129861031	130935453	-0.0001991309036949	2.5868131160517355e-08	0.2156785464196845	541	-0.0002349943090062	6.856819980320687e-08	0.3694945941430299	538
6	130935454	132765668	0.0001290145745331	3.249075123491296e-08	0.4741482335864572	681	-0.0004285460556258	8.62575135006236e-08	0.1445246634716937	676
6	132765669	134244242	-2.3291872469816216e-05	2.8215785424180045e-08	0.8897170276370564	697	4.571285359288749e-05	7.718884353211469e-08	0.8693091700930298	695
6	134244243	136224176	0.0001515536828587	2.9051222973645372e-08	0.3739122917462507	655	3.39005396112412e-05	7.921652701827859e-08	0.9041284632055832	650
6	136224177	137614217	0.0001644379113977	1.368575695915952e-08	0.1598373666010846	357	0.0006226358846326	3.3516113245601346e-08	0.0006713849988357	356
6	137614218	138822628	4.985835348494609e-06	2.5059886228821988e-08	0.9748743879279976	544	-6.748757779579012e-05	7.298257365655453e-08	0.8027323132601282	544
6	138822629	139845435	-0.0001900441268003	2.1709713213975705e-08	0.1971149130133331	435	-0.0002748841781763	6.510495035169564e-08	0.2813395294154991	432
6	139845436	142288478	0.0003515727861924	4.406781473907814e-08	0.0939798814831688	620	0.0002396326124354	5.8472383227376335e-08	0.3216890674857897	615
6	142288479	145319809	0.0005423832353776	4.9808673650150744e-08	0.0150877549950845	1185	0.0002210752084161	1.34381638349032e-07	0.5464599497725384	1181
6	145319810	146665423	-1.0302730166206723e-05	1.2387485715064128e-08	0.9262467902864152	373	-7.409296259846037e-05	2.3957418214243737e-08	0.6321571432711403	369
6	146665424	148920351	-0.0001028632364943	4.83736952592145e-08	0.6400082430452576	1049	0.0002564127779161	1.3291082862780714e-07	0.4818497772971257	1039
6	148920352	150253403	5.4220132270285605e-05	2.3011302024626567e-08	0.720770552565023	619	4.274849585543776e-05	5.2294151846808884e-08	0.8517103636027843	618
6	150253404	151912702	-0.0002224971777524	5.162092111294449e-08	0.3274363625754201	999	-9.923618553631055e-05	1.5596221049454217e-07	0.8015965418619883	993
6	151912703	153094495	0.0002388765625188	2.5869282026280913e-08	0.137494100978641	629	0.0004889415604124	7.27591755809929e-08	0.0698863914823682	627
6	153094496	154974119	6.307042562143784e-05	4.1309961992539246e-08	0.7563238186888235	889	0.0001999888822065	1.1818286744144015e-07	0.5607421264211095	884
6	154974120	156763325	5.194732101359392e-05	3.977849978707113e-08	0.7945099286455127	823	-5.470706674600227e-05	1.1220635244475033e-07	0.8702678684829078	816
6	156763326	158218718	-3.849733053375672e-05	3.1677936479029266e-08	0.8287555959180672	522	9.310375949724098e-06	6.757439938308804e-08	0.9714291382598408	520
6	158218719	160580496	9.92935799394291e-05	4.259457290615189e-08	0.6304385958405316	1157	0.0003418592015155	1.0456739060304219e-07	0.2904292234417671	1149
6	160580497	162169563	0.0003320367743677	3.677110632825703e-08	0.0833552773123636	864	-0.0002288418774688	9.623640637318717e-08	0.4607112054756677	863
6	162169564	162931202	0.0002148044565707	1.8527379690362305e-08	0.1145411636080681	418	0.0001131207131294	5.1516586034328516e-08	0.6182097683718661	413
6	162931203	164383520	0.0003835991410675	3.5886923120383725e-08	0.0428747923578382	749	0.0007048897773221	1.1638513163936213e-07	0.0388095521775911	747
6	164383521	165586863	0.0004630358772633	3.0403307246370954e-08	0.0079179559931451	630	0.0002756171184215	8.259472960410832e-08	0.3375460493473002	624
6	165586864	167024732	4.8863614722676567e-05	4.830816797468031e-08	0.824066069604999	901	0.0005750712500184	1.4828362455685144e-07	0.1353334912087093	897
6	167024733	168042834	-2.794868817364797e-05	2.022495633288768e-08	0.8441993282811318	470	-0.0002306559613197	5.4989746146278894e-08	0.3253063141970225	465
6	168042835	169382049	-5.0823932897015535e-05	3.3019897178400006e-08	0.7797136356100401	710	-8.174267114196852e-05	9.280886775461175e-08	0.7884525168466284	702
6	169382050	170330172	4.5897340752709704e-05	1.9590425397268092e-08	0.7429734729532629	486	-0.0001465163839594	5.0806191053212294e-08	0.5156781872833269	485
6	170330173	171051269	7.089449372195734e-05	1.1609910935146773e-08	0.5105652271210364	268	4.042465075286408e-05	3.1170058354237006e-08	0.8188926902892447	267
7	16161	972751	0.0002312739359216	2.9144844510256354e-08	0.1755104840848818	172	2.1485410456709493e-05	2.5676907176514803e-08	0.8933372887281906	170
7	972752	1353066	2.651278146672425e-05	7.55220688231438e-09	0.7603027540441988	161	-7.471349413760099e-06	1.6399635835819707e-08	0.953476145629583	159
7	1353067	2062397	-0.0002481409115706	1.4053801696957452e-08	0.0363352887922522	168	-0.0001376293346086	2.3301491896153717e-08	0.3672636067192472	167
7	2062398	2772226	-0.000238667320124	2.48006326068478e-08	0.129640853059824	258	9.525595052152156e-06	3.9667928174442755e-08	0.9618541871127784	257
7	2772227	4573427	7.465872179364215e-05	6.5936662826649e-08	0.7712438875086293	994	7.693362631808671e-05	1.2489643453259488e-07	0.8276695995558121	989
7	4573428	5416231	0.0001563717629811	2.1960633826997335e-08	0.2913326257066844	266	5.488663241834045e-05	4.5213186167425454e-08	0.796308621580404	265
7	5854526	6573856	-0.0001075021839392	1.1940976312842242e-08	0.3252243862745051	193	-0.0002628721448883	2.6548574577201203e-08	0.1066722231643945	191
7	6573857	7808751	9.773180761908492e-05	2.6283425998192026e-08	0.5466217063843541	505	0.0002534332262427	6.744290122784261e-08	0.3291250339242401	504
7	7808752	9123422	0.0002219248222794	4.918570890907001e-08	0.3169913530428012	847	9.730961695429784e-05	1.27148664837648e-07	0.7849318615559459	843
7	9123423	9987498	1.5262197741334243e-05	2.5654601320384735e-08	0.9240867309828644	451	1.730406106993473e-05	7.172028382711423e-08	0.9484812888076268	449
7	9987499	11299197	0.0001654741536185	2.8291669952989384e-08	0.3252204781232439	575	-6.903367059135121e-05	6.899493026785878e-08	0.7926921346452672	574
7	11299198	12635460	-1.6797544575675273e-05	4.267637227293968e-08	0.9351942163906464	824	-0.0001614191823982	1.1360306531306929e-07	0.6319977825222481	822
7	12635461	13884201	5.8929974040089014e-05	3.544501799672107e-08	0.7542728256505091	663	0.0003094019685212	9.125635322487265e-08	0.3057333057094056	659
7	13884202	15143656	0.0002688957564161	3.584070228060823e-08	0.1555055094120346	652	-0.0004304815602587	8.83596403372199e-08	0.147562019388896	648
7	15143657	16902068	2.0380465603253443e-05	4.769076087623002e-08	0.9256455462275852	908	0.0001548153052889	1.2326935923544236e-07	0.6592514167708012	906
7	16902069	19481546	9.508131556042464e-05	6.433703259264055e-08	0.707767433890988	1174	0.0004050516444226	1.6348852549039688e-07	0.3164560942087485	1167
7	19481547	20124907	2.4896941385884705e-05	1.2831743506040314e-08	0.8260365870583068	280	7.071248064517405e-06	2.860482697227625e-08	0.9666504514891427	280
7	20124908	22507628	8.695970037625671e-05	7.600458416398289e-08	0.752437868732577	1356	-0.0003019403931407	2.02766555749454e-07	0.5025152260135273	1349
7	22507629	23471441	4.137993291480108e-05	1.8617648791640856e-08	0.7616852166496643	367	2.3860569508710548e-05	3.9315780435182614e-08	0.9042165959866016	366
7	23471442	25077258	0.0006037571482456	9.733212776955934e-08	0.0529612093683342	831	8.567629857655405e-05	1.1784378299192273e-07	0.8029132436395302	824
7	25077259	25909554	7.712585616932449e-05	2.6606310011936173e-08	0.6363324097877581	500	-0.0001002357481445	6.546668305969944e-08	0.6952406343116708	499
7	25909555	28360308	-3.147972639944858e-05	5.346309653612236e-08	0.8917061090564969	1015	-0.0001338374953405	1.390366068737043e-07	0.7196453161033521	1009
7	28360309	31137288	-1.5179143666845429e-05	7.822584247610782e-08	0.9567188237453192	1429	0.0002428698026857	2.036254749596531e-07	0.5904271990146728	1423
7	31137289	33555767	-0.0003768915637125	5.436738695531731e-08	0.1060091896678709	1139	-0.0002253201356613	1.2777795706721717e-07	0.5284748477495824	1133
7	33555768	36213537	-2.871861457294633e-05	5.471952339541307e-08	0.9022892139770498	1167	3.6263704823521035e-05	1.324311111780893e-07	0.9206222232347558	1162
7	36213538	37555183	1.9914949789196652e-05	3.876854401117609e-08	0.9194362711900304	708	-2.076000352356323e-05	1.0657980949214761e-07	0.9492965629448712	701
7	37555184	38966702	0.0002699935609054	3.6920013568776466e-08	0.159976877679996	738	-0.0003460173310216	9.282116890559429e-08	0.2560704157343804	734
7	38966703	39862669	2.048381866185258e-05	1.8431504584213632e-08	0.8800706919526359	356	0.0002100599388863	4.159748202574401e-08	0.303040634602967	356
7	39862670	42001810	-5.833010610321395e-05	3.1364199820361914e-08	0.741880843207178	689	-2.270145487184915e-05	7.269621444715744e-08	0.9328996222369031	684
7	42001811	43159073	-7.410885765396312e-05	2.3654696427989368e-08	0.6299128493028627	466	-1.3767230067654462e-06	6.069195802495271e-08	0.9955411917427645	462
7	43159074	44763827	0.0001234498037753	2.651412853191289e-08	0.4483647573589409	592	2.3083236997761635e-05	5.8511981831067976e-08	0.9239751412501604	591
7	44763828	45952921	7.600571515154168e-05	2.0843517410094217e-08	0.5985725394223058	446	-8.306001337100705e-05	4.8426257817900836e-08	0.7058443090499009	444
7	45952922	46986719	0.0001111244077573	2.1710005734635456e-08	0.4507364752826216	470	-1.2523920624544847e-06	5.3247678647654896e-08	0.9956696011759172	467
7	46986720	49212277	0.0002107372071914	5.274151064601373e-08	0.3588155560727478	1054	-2.9567477049467403e-05	1.2986869187951097e-07	0.9346094395657978	1051
7	49212278	51675321	6.946199045451389e-05	5.1019208958393555e-08	0.7584438313326063	1032	0.0002037419673493	1.0400308068498046e-07	0.5275387061306912	1026
7	51675322	53176311	-0.0001546564010371	3.858984361113209e-08	0.4311156709304737	766	-0.0001028763955515	9.867754358636805e-08	0.7432924401171948	764
7	53176312	54222975	-2.082288320611761e-05	2.15039165186306e-08	0.8870816234128212	446	-0.000220528270232	5.24326952419968e-08	0.3355064701615574	444
7	54222976	55691583	9.038650594025344e-05	3.0158098618593584e-08	0.6027310901482931	635	-0.0001801831865377	7.05716414932786e-08	0.4976039370667937	629
7	55691584	57382637	-5.58409446615027e-05	1.4825911857717023e-08	0.6465153695900344	354	-0.0001217295356454	3.1963491975717694e-08	0.495949132421728	352
7	63641125	65689808	7.423536853672267e-05	1.693085050953255e-08	0.5683245197040733	440	3.117808357477325e-05	3.118939154529026e-08	0.859868818711965	433
7	65689809	68234073	3.934347108267168e-05	4.524896183188535e-08	0.8532635674265693	867	0.0002898023261863	8.250163346078101e-08	0.3129975568809371	855
7	68234074	69085363	1.3380859979105096e-05	1.4858072961159964e-08	0.9125879512051588	296	5.6533026503195894e-05	3.811001201587573e-08	0.7721303608597996	294
7	69085364	71874884	0.0001808314397044	6.705743536472133e-08	0.4849811261114478	975	0.0006922116850349	1.3045493664534796e-07	0.0553015710131065	969
7	71874885	73334601	7.113603860373068e-05	1.1482101105381117e-08	0.5067774815118966	222	-6.065102663814766e-05	1.9207010593732692e-08	0.6616536561384334	217
7	73334602	76458563	0.0002255654789519	2.3723959738946105e-08	0.1430668941681987	467	0.0004097349902159	5.5730653979917206e-08	0.0826301015575537	460
7	76458564	78093858	-7.65961726329429e-05	3.6677737376514044e-08	0.6891932763877914	732	0.0003939275081427	8.771033703088499e-08	0.1834786407842706	730
7	78093859	79888068	-0.0004671436354568	3.4593868261581386e-08	0.0120184445119359	740	4.092380767206394e-05	8.08371115754003e-08	0.8855506905910502	737
7	79888069	82022685	8.765445647756283e-05	4.2959388368404234e-08	0.672363056636329	830	-0.0002187176086807	1.1188073577300945e-07	0.5131813224321766	821
7	82022686	83801202	0.0001394276638859	3.7530156804609986e-08	0.4717023184516115	768	0.0001750948597591	9.374817914693581e-08	0.5674148120557188	766
7	83801203	85572181	0.0001260577706142	2.0045873011095085e-08	0.37328197396829	481	1.0692493882352477e-05	4.1041293311002256e-08	0.957907283583453	480
7	85572182	87825003	7.48794726694224e-05	4.4051304484258774e-08	0.721267033779369	674	7.431584179842317e-05	5.992667299236696e-08	0.7614488698941184	674
7	87825004	90661783	0.0003367175717953	6.483060262246014e-08	0.1860219048612631	1150	-0.000333846082665	1.1796757599277863e-07	0.3310520050586121	1145
7	90661784	92493751	0.0001354566615461	2.4600239282011744e-08	0.3877879198583467	545	9.154032488772376e-05	3.9574749803739695e-08	0.6454055653472669	544
7	92493752	93966600	9.569425151566296e-05	2.213814739881721e-08	0.5201239499208302	406	7.731199886930382e-05	5.7551843700566655e-08	0.7472496184609178	405
7	93966601	96073507	0.0003132649582088	3.8677286831258416e-08	0.1111864904004164	818	8.001221981444492e-05	8.694841648323811e-08	0.7861239417750571	812
7	96073508	97099569	-7.328678239259018e-05	1.7470564563770765e-08	0.5792623575173416	351	5.793207536117548e-05	4.386368384190957e-08	0.782080241219737	351
7	97099570	98715473	-4.2981258790261065e-05	2.3235944966766083e-08	0.7779684770448204	487	4.712066110325172e-05	5.2318141381166243e-08	0.8367842414825957	487
7	98715474	100196650	0.0001693904972724	1.3643962435180772e-08	0.1470112407026477	344	0.0001561519631992	2.67210245387343e-08	0.3394470053076532	342
7	100196651	101199252	0.0002696195685695	1.735618073667459e-08	0.0407013770457477	346	0.0005060903965294	4.3897126671953136e-08	0.0157129007497043	335
7	101199253	103197509	8.310492214576563e-05	2.5598142815658646e-08	0.6034646768363154	488	-1.481048900210983e-06	6.155082780470061e-08	0.9952368974625472	480
7	103197510	104159524	5.875433457840778e-05	2.6535607695327177e-08	0.7183366084899205	543	-2.658233111326408e-05	6.49221681466811e-08	0.916909883056834	542
7	104159525	105682904	0.0005569450594711	4.089465349210899e-08	0.0058854484875076	628	0.0001749934088483	6.277744412724048e-08	0.4849113461319582	622
7	105682905	107780177	9.48674708552288e-05	3.9848208448953304e-08	0.6346159701410841	840	-1.841653579455553e-05	8.700151400999525e-08	0.9502145434902288	835
7	107780178	109647593	0.0002186384350384	3.037798119243054e-08	0.209685099323872	658	0.0001359107195518	6.34819086199463e-08	0.5895956450663628	654
7	109647594	112618683	-0.0002700257259235	1.0707981175680757e-07	0.4092665487923909	959	-0.0004178406607717	1.4511105319312977e-07	0.2726923788525714	954
7	112618684	113712386	0.0002978137732162	1.2426553403819441e-08	0.0075493344617602	273	0.0003894833865283	2.8217685838115815e-08	0.0204160371230236	273
7	113712387	116780177	-2.473286771959682e-05	3.6535984869907706e-08	0.89704591233473	822	-0.0001459350180735	8.293717095029712e-08	0.6123374892592287	822
7	116780178	118351580	-0.0002388796162226	1.941368333498342e-08	0.0864458964957826	457	6.906043613398859e-05	3.6732355233906645e-08	0.718597571024349	451
7	118351581	121045272	0.0001058068297087	2.1307922665552224e-08	0.4685491752344995	547	0.0002945280359696	4.2941179845852264e-08	0.1552258556867836	546
7	121045273	121933629	8.728206041703139e-05	1.2768742785819663e-08	0.4398684392662003	279	0.0001062639172526	2.9383406331186242e-08	0.5353113005520187	278
7	121933630	124156804	6.374884159902582e-05	3.3551117002914496e-08	0.7278163750726859	776	-0.0002346872151446	7.545098264152844e-08	0.3928880360595265	773
7	124167552	126519169	0.0001419980843827	3.2484611613749507e-08	0.4307843371062889	805	0.0001771643777868	6.459579836344135e-08	0.4857611211197707	802
7	126519170	126869220	5.285539536190264e-06	7.539672550765345e-09	0.951461649796326	161	0.0001241011636651	1.8654911708224853e-08	0.3635541010326981	161
7	126869221	128778385	0.0002198099946637	2.980710153688976e-08	0.2029565114155439	693	0.000247753367337	6.040050088515452e-08	0.3134112699564653	689
7	128778386	130422413	-1.095648559149262e-05	2.6166776315954522e-08	0.945998694734556	565	-0.0001306809630573	5.96928642596852e-08	0.5927373035887767	560
7	130422414	132805847	7.037132400487604e-05	6.472164152676137e-08	0.7820780770626513	1022	0.0001635662435427	1.479801064994405e-07	0.6706917718509608	1017
7	132805848	134307595	0.0002288158487271	3.6002136830052025e-08	0.2278446278867432	501	0.0001345553140216	4.188767514218902e-08	0.5108964801188551	501
7	134307596	135591082	8.331814521710436e-05	3.335669932252597e-08	0.6482516206819517	574	1.1900527595292315e-05	6.626142497072869e-08	0.9631259187332478	569
7	135591083	136876561	0.0001143119962301	2.3056362635096226e-08	0.4515526032777531	483	6.362921241193046e-05	5.7439388068385344e-08	0.7906303747498521	482
7	136876562	138744678	-5.623952902032485e-05	3.8850949408073033e-08	0.7753946424417136	692	3.786699577498132e-05	1.037784700281001e-07	0.9064275302771276	689
7	138744679	139933176	0.0003138731291015	2.49889334876954e-08	0.0470835932010748	392	0.0002838437886583	4.252147311718415e-08	0.1686678401044399	391
7	139933177	140235209	2.165178291096597e-08	9.838456044766e-09	0.9998258312450676	144	7.265579026671576e-05	2.6878626983245657e-08	0.6576454797079396	142
7	140235210	141226556	0.0004529505255138	4.5689935004160166e-08	0.0340865329080559	343	3.128040699674022e-05	3.454080498053757e-08	0.8663405511528852	342
7	141226557	142656309	3.9206856994351627e-05	2.1343684113110173e-08	0.7884176825402816	530	-0.0001089639327602	4.04387785177699e-08	0.587917823085855	496
7	142656310	144968288	3.403492502586815e-05	3.802978231199043e-08	0.861451232914477	658	-9.918439708547334e-05	7.602692251975792e-08	0.7190595896386709	657
7	144968289	146427959	2.177121508068126e-05	2.01883761740162e-08	0.8782201911524109	453	-0.0002602772074198	4.5805734987909165e-08	0.2239394479486248	452
7	146427960	147815317	9.766381387575732e-05	2.9696440231437083e-08	0.5708929527201574	632	-2.0551398813438183e-05	7.050229634419748e-08	0.9383055116124228	626
7	147815318	149840657	-0.0001929624855735	3.7256462188314596e-08	0.3174530530152524	733	-0.0002046599498512	8.67264301797228e-08	0.4870830574818617	731
7	149840658	150711504	5.859645999874461e-05	1.8668146232681796e-08	0.6680213444596721	379	6.30073789330694e-05	4.9079338805791695e-08	0.7760976016453491	377
7	150711505	152249805	0.0001615246707918	2.7694056854467763e-08	0.3317416187671668	456	-0.00011429507502	7.604292132778606e-08	0.6785264256532988	455
7	152249806	153674018	-1.8626559732814607e-05	3.366803669262652e-08	0.9191428504013018	570	9.950027645459498e-05	9.005769403560578e-08	0.7402205216220066	566
7	153674019	154964729	7.708088024602231e-05	3.4420779447697286e-08	0.6778002212016652	630	3.4290569154751356e-05	8.928847154666503e-08	0.9086381909166554	623
7	154964730	156065249	3.728871164716868e-06	3.377622800535316e-08	0.9838124147120862	523	0.0003075292993685	8.70632170853614e-08	0.2972988576513027	522
7	156065250	157634596	-6.073527603530785e-05	3.4270406913819376e-08	0.7428502486212736	624	-0.000108892445087	8.83136174243937e-08	0.7140487130398877	617
7	157634597	159128574	6.04851145986401e-07	2.799132694886511e-08	0.9971154645558784	566	3.931818473675856e-05	6.75045211674282e-08	0.8797148565113612	558
8	10422	1044216	7.525681844838938e-05	2.4289638061806163e-08	0.6291840111147704	456	0.0002006252332661	6.484059004039006e-08	0.4307647789509592	453
8	1163245	2042941	3.423443624548319e-05	3.286629679902521e-08	0.8502203325312343	532	0.000193867834124	9.046448642217727e-08	0.5192091436442726	523
8	2042942	2573278	0.000160001647063	2.0348625526351937e-08	0.262011774725211	314	0.0002459133797894	5.0142846543020314e-08	0.2721213314207686	281
8	2573279	3392925	-5.2767872445268785e-05	4.3026853038000494e-08	0.7991943855985002	685	-4.7117611300236826e-05	1.1751056946274513e-07	0.8906750978804909	681
8	3392926	3783016	-4.883577617923267e-07	2.4389973021885234e-08	0.9975049928853408	499	0.0001094295655474	6.536832196488549e-08	0.66864592729912	496
8	3783017	4480475	0.0003670822305076	5.937769273542966e-08	0.1319543797426536	840	2.0249813130998564e-05	1.32363986774228e-07	0.9556133905556856	834
8	4480476	5146926	0.0001933612472179	3.0332728161151595e-08	0.2668991092585465	595	2.8374613748715868e-05	8.078011565172416e-08	0.9204762514887692	595
8	5146927	6142796	-4.244916329012664e-05	4.677696362469421e-08	0.8443991248714792	933	-6.437922913114055e-05	1.2206375923501384e-07	0.8538023910441959	927
8	6142797	7153078	4.5088507316830485e-06	3.0931404197557674e-08	0.9795469288125224	605	-0.0003479389889823	7.42321265884072e-08	0.2015853796485571	604
8	7153079	9154693	-0.0001183095684917	3.1474660260433336e-08	0.504856975691653	651	-6.286403155166035e-05	8.1410768758445e-08	0.8256190300062708	650
8	9154694	9640786	2.5019427384705905e-05	1.2338170329215792e-08	0.8217899644397791	264	-5.354017632152454e-05	2.9191117067759745e-08	0.7540012059914663	263
8	9640787	10463196	-3.248071440322445e-05	2.6303893507236936e-08	0.8412695477455879	527	1.6789459860799676e-05	7.008526669448457e-08	0.9494323963020166	526
8	10463197	11278997	2.958368501452987e-05	2.0618640988281245e-08	0.8367705201336527	448	-1.102170003360896e-05	4.8122128643523634e-08	0.9599286896086549	445
8	11278998	13491774	-1.527345996816314e-05	5.0683464954864695e-08	0.945910708289886	959	-2.689012366062362e-06	1.4635904738528398e-07	0.9943918515913354	956
8	13491775	13944991	-2.426092150920627e-05	2.7551344390237072e-08	0.8837931262192331	326	-0.0001569322733475	4.1385725026941345e-08	0.4404621417891718	325
8	13944992	15991659	9.600796189702304e-05	6.062635385924269e-08	0.6965950313817265	1305	0.0005057894718148	1.615017302369735e-07	0.2081816879970599	1296
8	15991660	17387875	0.0005791873283833	3.2930719497593534e-08	0.001414511858166	639	2.0101577589287497e-05	8.972384092954148e-08	0.946495489193898	636
8	17387876	17836398	9.180349779896312e-05	1.5244189386639913e-08	0.4571519916454392	323	-0.0001186392969872	3.478755819232319e-08	0.5247196496485043	319
8	17836399	19492839	0.0003927077269939	5.5598820862811016e-08	0.0958191449265348	1111	-0.0001879356406079	1.4199769126894198e-07	0.6179671684556393	1108
8	19492840	20060855	2.44636246977043e-05	1.8872710947071803e-08	0.8586638472402965	372	-0.0001541836165094	5.011137138044093e-08	0.4909721484771162	369
8	20060856	21661736	-0.0001663067982363	4.8345768983374594e-08	0.4494310732236498	844	-9.888390657623804e-05	1.0754114274487009e-07	0.7630062670371089	839
8	21661737	22897056	0.0002189518735377	2.7388001498617357e-08	0.1858266148317444	562	-5.539594737684553e-05	6.208472425108273e-08	0.8240619618849763	561
8	22897057	24674717	0.0001769181263049	3.647687121100485e-08	0.3542769344316799	782	3.5638433438580675e-05	9.109502003810783e-08	0.9060053596541844	777
8	24674718	25483453	1.931991399060708e-05	1.4961657357779082e-08	0.8744974287988343	331	0.0001360721757037	2.8145930643254178e-08	0.4173220577933739	329
8	25483454	26682524	-8.61400842626491e-06	3.5024993128114175e-08	0.9632884262307502	698	-0.0004534431164398	9.46843485654389e-08	0.1405855709718984	696
8	26682525	28162391	-0.0002285848993437	4.29100506440198e-08	0.2698148493257073	847	0.0001651777572795	8.589585767556816e-08	0.573031271543671	846
8	28162392	29327895	-3.20435295802835e-05	1.7666568992561168e-08	0.809491797870566	409	4.751423171467622e-05	4.0056404528988845e-08	0.812343515335963	405
8	29327896	31133728	-2.8652715301784566e-05	2.7958129542847133e-08	0.8639399992083638	615	7.891646183179774e-05	6.849520694478763e-08	0.7630066785998019	609
8	31133729	31548359	1.830948421251808e-05	1.5877973559649167e-08	0.8844705917496134	151	-1.8353901426655988e-05	2.31345054372325e-08	0.9039526480286192	151
8	31548360	32977217	-0.0001425915457309	2.3714833659014543e-08	0.3544761763695423	546	-0.0001723837141646	5.5184233914498696e-08	0.4630592933750265	544
8	32977218	35317231	0.0001666825956425	3.3736500562347773e-08	0.3641495125980423	618	0.0004569117757466	6.095863808689648e-08	0.0642257913009465	614
8	35317232	37379388	0.0001969759801267	2.1204890810156377e-08	0.176157702257651	412	-4.3582072988831034e-05	3.7135231305339044e-08	0.8210773762798451	409
8	37379389	38938805	0.0005532596337339	2.4554516054482663e-08	0.0004144299817829	373	-0.0001963568941932	4.3003246095885715e-08	0.3436992737125203	371
8	38938806	40703336	-8.050062864721383e-05	4.783876303822869e-08	0.7128343857119829	688	-0.0001527484545076	7.75025372700047e-08	0.5832253040408949	685
8	40703337	41721453	6.311533579276463e-05	2.1163826045701872e-08	0.6643986734360434	443	-6.945881702992018e-05	6.229348488219917e-08	0.7807855868196893	440
8	41721454	42773822	9.660700722189437e-05	8.487463241174802e-09	0.2943513367160838	225	8.992574422295785e-05	1.9345916845176453e-08	0.5179354996007409	224
8	46841315	50082469	-2.891058251611302e-05	1.7230945625100025e-08	0.8256818415115997	486	-2.7870818076464517e-05	2.7600358426514253e-08	0.8667708950308405	485
8	50082470	53302929	0.0001826288228076	3.391036649059065e-08	0.3213185256600405	941	9.19514277363016e-05	6.417803825661476e-08	0.7166307119857331	939
8	53302930	54418043	6.306465477741158e-05	1.7934001437892546e-08	0.6376976427228402	439	8.13879186072249e-05	4.2162694438107834e-08	0.6918354688856243	438
8	54418044	55945580	0.0002226241578434	2.1347350207090663e-08	0.1275829376435071	547	0.0001904979821432	4.5315533109063215e-08	0.3708490017445075	544
8	55945581	56956382	0.0003841725998015	1.9840976748191397e-08	0.0063840431818695	405	0.0002572994305799	4.524596696385947e-08	0.2264248158750106	403
8	56956383	59068650	0.0002794018619677	5.064027715040353e-08	0.2143846512692536	778	0.0005606463229578	1.1332993514585553e-07	0.0958344338272967	777
8	59068651	59728099	4.799285574477501e-05	1.3435241389126129e-08	0.6788367445233449	307	0.0003432081474295	3.0248234731502824e-08	0.0484539143469652	306
8	59728100	62329098	9.137986815992927e-05	3.7401679975153344e-08	0.6365674888571644	885	4.4447808254990216e-05	8.280760127685247e-08	0.8772472673771115	883
8	62329099	63349305	0.0001468811708124	1.5631414204826045e-08	0.2400714361756341	385	-2.210472734649588e-05	3.6718818254402475e-08	0.9081628211401994	384
8	63349306	65232871	0.0002525939232381	3.3566269939533604e-08	0.1679857210948718	624	-4.8024593453998515e-05	5.8094179851452664e-08	0.8420675283868398	621
8	65232872	66489089	0.0001520132026464	1.794135127090705e-08	0.2564214486744688	422	0.0001164533916654	3.943374069286674e-08	0.5575847981141109	420
8	66489090	69863056	0.0002670604773355	4.4867438594203375e-08	0.2073832341016477	1022	0.0002164700996747	1.0962775983223007e-07	0.5132477175030827	1019
8	69863057	70867978	0.0001361908526951	2.4094722185310942e-08	0.3802810985530258	469	-5.155826126982102e-05	6.725335004991468e-08	0.8424102715883679	466
8	70867979	72289453	5.569130226427422e-06	2.1135501888078087e-08	0.9694427022904316	493	3.4896295010491445e-05	4.47262857461159e-08	0.8689398078583088	493
8	72289454	73817198	-6.30226979257154e-05	3.571867350464451e-08	0.7387838426655827	766	-2.1155516563272652e-06	9.16828420687529e-08	0.9944253689618971	763
8	73817199	75445063	-9.038314907799498e-05	3.176251541292314e-08	0.6120548225769827	707	0.0001149392613531	8.019131813455904e-08	0.6848259159989938	705
8	75445064	76456541	5.474409209185773e-05	1.5530278627556153e-08	0.6604541183254796	363	0.0002097677553093	3.789074629351464e-08	0.281196163322855	363
8	76456542	79132860	-0.0001346370560969	3.2723447470563133e-08	0.4567084120993079	829	0.0001625203083588	7.046028172071745e-08	0.5403661576204327	827
8	79132861	81956394	0.0002313493576305	3.864940236088892e-08	0.2392815662921344	901	-2.3444825281698647e-06	8.950794945123501e-08	0.9937475271700348	900
8	81956395	82693738	4.672810862592094e-05	1.7049730011935932e-08	0.7204442060888219	251	0.0001833079429815	4.8396265050703446e-08	0.4047037074046919	251
8	82693739	84225588	-0.000208869142421	1.936446659920277e-08	0.1333637661523826	470	-5.365473704971562e-05	4.5391036863242714e-08	0.8011654962097667	470
8	84225589	85955618	-8.146299310664746e-05	1.7504106036143213e-08	0.5380726581035176	441	-5.4290335596668805e-05	3.691995971758914e-08	0.7775235063720367	435
8	85955619	87411708	5.520713602280238e-06	1.1559705763944244e-08	0.959048380650655	323	-1.977985993041798e-05	2.1195258198398024e-08	0.8919289290324841	322
8	87411709	89085480	8.714874513578395e-05	2.3226207939756e-08	0.567432648404522	574	0.000104048373721	5.26613757261124e-08	0.6502549635556869	572
8	89085481	90638161	-3.880914107793325e-05	1.9110666968290482e-08	0.778913885727799	472	-2.8998730785269337e-05	3.9838656519390683e-08	0.884484306895242	470
8	90638162	93554385	-3.994209807048115e-05	3.100310037976367e-08	0.8205446366071225	814	-0.000229656922481	6.102499557274908e-08	0.3525454689202517	811
8	93554386	95005526	0.0002528827958662	2.2562093430810136e-08	0.0922659930983469	454	-0.0001685166819221	4.7457288086596074e-08	0.4391937358253956	451
8	95005527	96534805	-0.0001082201972117	3.3278327402507314e-08	0.5530231518841624	719	-0.0002457692441373	7.810025871586832e-08	0.3791681489610009	717
8	96534806	99401580	0.0001857038141887	6.064673719578898e-08	0.4508015184135757	1287	0.0005546480043955	1.5106332782529194e-07	0.1535666754027096	1284
8	99401581	101620957	4.585237025059197e-05	2.3605955887679417e-08	0.7653705291070949	601	-3.199557451886732e-05	2.8330435184204354e-08	0.8492372275202361	599
8	101620958	104123305	0.0005070853649311	5.59082731725996e-08	0.031986132300045	1126	0.0002978759948333	1.3780122391471124e-07	0.4223023299456777	1121
8	104123306	104988751	-8.413124210729639e-06	1.0652017911369428e-08	0.9350318255264832	304	-5.218062983531568e-05	2.0053839208988952e-08	0.7125174857594487	303
8	104988752	107410753	-0.0001069308013435	4.000721524891924e-08	0.5929224773366175	934	4.9702238789806457e-05	9.80856974527444e-08	0.8739063372796994	929
8	107410754	108648176	6.322261758725183e-05	2.3200066926089342e-08	0.6780861063671304	562	0.0002005354836171	5.5717879434265495e-08	0.3955698850842553	561
8	108648177	109248172	0.0001484560080493	1.0041042155108288e-08	0.1384672742390627	228	3.138785908105424e-05	2.0129822823684873e-08	0.8249142640668362	227
8	109248173	110484313	0.0002301672990059	2.7453735880478666e-08	0.1647932176849955	399	-4.3212685256982105e-05	3.1588699195535973e-08	0.807901728345346	398
8	110484314	111850846	0.0001808373667395	1.6989642599610657e-08	0.1653253133734686	345	0.0002367481681314	3.28890676187071e-08	0.1917390445162212	344
8	111850847	113064319	1.7969005320897213e-05	1.4301608269515892e-08	0.8805627071480917	280	-5.211523958064365e-05	2.0137172789328506e-08	0.713430221643013	277
8	113064320	116096494	-4.577142237393695e-05	4.4538602800494136e-08	0.828299291937232	972	-5.671324385269186e-06	6.947325155449553e-08	0.9828334814371762	967
8	116096495	119685456	-0.0006000472495661	6.099574682995379e-08	0.0151152859407663	1298	0.0001259846000047	1.3631370015564914e-07	0.7329301434971622	1293
8	119685457	121201699	9.368440029358915e-06	2.5375412705445153e-08	0.9531024139307696	612	-3.4178853662342364e-05	5.927917377372709e-08	0.8883594567811421	611
8	121201700	124861458	0.0004241855937863	7.192424677558878e-08	0.1137229479968378	1504	-0.0002675238835765	2.2961723985270087e-07	0.5766459639219654	1499
8	124861459	125683718	4.477155115959406e-05	1.6088539925506736e-08	0.7241072571639209	374	0.0001940593573115	3.965479359176893e-08	0.3298028842824374	372
8	125683719	126410916	5.5357167569212194e-05	1.549699511833179e-08	0.6565491630088612	296	0.0002854204269918	5.928208655296326e-08	0.2410933739660086	294
8	126410917	128659110	-0.0002380038446762	5.2373488153765344e-08	0.298345592989139	1027	0.0001334740736205	1.3594817942777634e-07	0.7173510046963132	1022
8	128659111	130381138	-0.0001101614653769	3.49328230231482e-08	0.555590490835286	760	-0.0002298161527741	8.677199543741558e-08	0.4352892201632512	759
8	130381139	131639624	-1.2521422895385864e-05	2.3833037639126038e-08	0.9353560202594082	549	0.0001135555983784	5.3934397238566746e-08	0.6248681803902175	547
8	131639625	133351143	0.0001626574254624	3.829606068861197e-08	0.4058700509438186	872	-0.0002740798554569	1.0690831685403133e-07	0.4018926861296324	869
8	133351144	134570000	0.0001778852537675	3.6470842396204795e-08	0.3516125162201977	777	-4.582434904756603e-05	8.660368115200282e-08	0.8762583293640018	774
8	134570001	136035604	5.775148259902356e-05	4.30381766597301e-08	0.7807215683159566	849	-9.409451313283288e-05	1.1473749413613885e-07	0.7811760176330138	847
8	136035605	137524150	0.0004259103122217	2.564720013154824e-08	0.0078259318629695	630	0.0001817544682918	6.015371743746515e-08	0.4586565558441225	630
8	137524151	139254829	-5.842937467609417e-05	3.500348290736494e-08	0.7548105594886839	788	0.0002994008782789	8.864859572217938e-08	0.3146170772961864	785
8	139254830	140725642	-0.0001407904024663	3.983958496230033e-08	0.4805813596061166	817	-0.0002971982762309	9.456072026060439e-08	0.3338062437087636	815
8	140725643	143044913	-0.0002036120764856	4.763536630264796e-08	0.3508675146567042	958	-0.0004802522196772	1.0692453632382004e-07	0.1419163816091485	944
8	143044914	144236880	0.0009738981128632	9.180736461488728e-08	0.001308022306461	452	0.0009397547131894	9.130605731287444e-08	0.0018706771169422	442
8	144236881	146303866	-7.936889610261852e-05	1.8323486158153503e-08	0.557649990227485	429	-0.0001335154392263	4.270102677561324e-08	0.5182024672557903	425
9	10023	1079706	-9.587356251984948e-05	3.4017886787899517e-08	0.6031955336009429	690	-9.074429260729062e-05	9.466786055095245e-08	0.7680478274471951	685
9	1079707	1916876	0.0002737313951147	3.095448364176859e-08	0.11974793651595	671	0.0002659204277786	8.305867288313197e-08	0.356165020766564	670
9	1916877	3190063	0.0001819292957772	4.494587400071724e-08	0.3908156232243945	867	0.0003832973441791	1.313679953141377e-07	0.2902716281255403	863
9	3190064	4495327	7.505399899803229e-05	4.5220559305869527e-08	0.7241303815512654	816	-0.0003007244710708	1.3259950320164713e-07	0.4088928029208775	814
9	4495328	4884925	-1.3404218723536843e-05	1.4181260001089336e-08	0.9103793964273476	254	-3.4850553131105955e-05	4.3127411668791495e-08	0.8667281524696339	254
9	4884926	6557588	0.0002257395052399	2.8712195330523283e-08	0.1827894988321649	657	-4.754330833887702e-05	6.852118919584347e-08	0.8558765927528664	655
9	6557589	7154922	-9.623664890690116e-05	1.725412939368719e-08	0.4637745898845009	362	-6.356243379499156e-05	4.860630536760587e-08	0.7731122445456537	360
9	7154923	8456298	0.0003553089215663	5.4822324937033424e-08	0.1291416500471202	1030	-0.0003827753620866	1.446204820162274e-07	0.3141580695414354	1026
9	8456299	9166402	9.103547744826656e-05	2.4597180489605352e-08	0.5616083167265905	460	0.0003844112204983	7.134899679393499e-08	0.1501117283612307	455
9	9166403	10879252	0.0002450736662051	4.959211660969215e-08	0.2711140222583137	975	-7.311130273848273e-05	1.4106819433769813e-07	0.8456614969569067	971
9	10879253	12276488	8.754020019505807e-05	3.84717105204207e-08	0.6553732078812655	564	-5.146800486688993e-05	6.614060960484056e-08	0.8413821399294824	560
9	12276489	14836362	0.0005424135051105	7.299622091091505e-08	0.0446842813651712	1407	-0.0006861281870794	2.0716787555488362e-07	0.1316943383855426	1404
9	14836363	16659654	7.60369636432335e-05	4.371345296642629e-08	0.7160983612871321	903	0.000142111785203	1.1385498432841566e-07	0.6736333267230209	901
9	16659655	18661050	0.0004522864533364	4.7499479246197344e-08	0.0379639314243282	1051	-0.0003802300348158	1.2103804864131606e-07	0.2744321427346563	1048
9	18661051	20463533	0.0001017726837469	4.7268624915022314e-08	0.6397083763959189	938	-0.0002276689989025	1.299704840889172e-07	0.5277058794526158	936
9	20463534	22206558	0.0001973397222962	3.31938832856931e-08	0.2787453050367489	770	-0.0001628367608154	8.038619911965286e-08	0.5657443282054085	767
9	22206559	24158517	4.882198459839554e-05	3.969087717661152e-08	0.8064110000560951	691	-7.286450547562555e-05	1.0462279333040893e-07	0.8217694352887196	686
9	24158518	25330809	-4.9824641998836494e-05	2.4537292091206298e-08	0.7504273052732485	362	0.0002331701971882	4.80472757017548e-08	0.2874429852183537	361
9	25330810	26111756	0.0001061219066411	1.9214007840167e-08	0.4439204955948276	332	0.0003183652021974	5.4942232660302454e-08	0.1743915850490918	330
9	26111757	28224282	-0.0004243296155538	5.4145156523227025e-08	0.0682164077647462	1083	-0.0002303606516057	1.540621044468393e-07	0.5572742500469892	1074
9	28224283	28811583	-0.0001878802448272	1.4150879479578736e-08	0.1142466151345743	289	-0.0002528532945694	3.7630175360905896e-08	0.1924149095809009	286
9	28811584	30387391	0.0002138499942048	2.731757740984339e-08	0.1957128930900363	667	6.45137091097058e-05	6.754669343054657e-08	0.8039583586354313	663
9	30387392	31310382	7.282832594859465e-05	1.1519716265692769e-08	0.4974254280516962	311	-0.0001944611535469	2.840558474983292e-08	0.2485816773374602	308
9	31310383	32019367	7.513638249935735e-05	9.90948050174866e-09	0.4503763504359277	247	-1.792033758630544e-05	2.5573300992910824e-08	0.9107753883116428	247
9	32019368	33578333	-0.0001355811798096	3.2081448623440196e-08	0.4490743566789755	690	0.0001448143445303	7.619142828601223e-08	0.599835888453209	687
9	33578334	34642242	5.640405996968243e-05	1.2370218272097265e-08	0.6120616554236717	339	2.104725397324754e-05	2.9893979374678234e-08	0.9031115315286368	334
9	34642243	36743282	2.558248363720399e-05	2.9632953322884327e-08	0.8818594369247728	701	-3.73393084924241e-05	7.623355418079835e-08	0.8924250704633505	695
9	36743283	38641598	-0.0008804184476984	4.096009087304229e-08	1.3601681225141456e-05	838	-7.868361091306309e-05	1.0345371932553557e-07	0.8067422733642238	834
9	65472190	72512710	-5.146300094680394e-05	2.7713891455231066e-08	0.7572198250828764	624	-0.0001129732946554	7.16803733532225e-08	0.6730511069102061	623
9	72753755	74253039	0.0001260585881898	2.8315722509061733e-08	0.453777372715442	693	5.697228436342447e-05	6.872417465964604e-08	0.8279553957869716	691
9	74253040	76203945	1.673939544531902e-05	2.7152589678311872e-08	0.919085240231045	671	0.0003722606616902	6.473517751452684e-08	0.143437286855354	665
9	76203946	76973080	0.0001948961110411	8.850565438779901e-09	0.0382975234768275	219	2.0368644962043457e-05	2.15575087093518e-08	0.8896654123573722	217
9	76973081	78900182	0.0003732365896374	6.001491068420222e-08	0.1276229864265096	944	3.17562393605498e-06	1.4904535249490317e-07	0.993436960599082	939
9	78900183	79471207	-0.0002126214422042	1.748976996623134e-08	0.1078927879500192	333	0.0002455724214665	5.0508462720231294e-08	0.2745293253918407	333
9	79471208	81079054	-4.498200301097092e-05	2.8001700497473625e-08	0.7880753420350964	613	-8.42684728000145e-05	7.120628458505441e-08	0.7521577210920318	610
9	81079055	82590927	0.0005009567626204	4.106141279364273e-08	0.0134285014011518	741	-0.0004225689277391	1.149432716215503e-07	0.2126193273428614	738
9	82590928	84211232	5.919224382883366e-05	3.646511990009261e-08	0.756580341352273	777	-0.0002671645010137	1.0118481735750689e-07	0.4009715126359604	776
9	84211233	85440800	0.0002267635076101	1.6448024083580077e-08	0.0770377397332653	346	0.0002693545189137	3.962989209384654e-08	0.176040677108608	343
9	85440801	86938195	0.0003299265664097	3.3624249699557874e-08	0.0719794874210221	748	0.0002625184880398	8.733424220359855e-08	0.3743706506731594	744
9	86938196	88109332	8.745247162524231e-05	2.3820823516990227e-08	0.5709707855478438	553	0.0004779385325773	6.415979680632489e-08	0.0591786452057096	551
9	88590417	90136245	-4.723711076871933e-05	3.339846016699586e-08	0.7960396240594156	707	0.0002828990259383	9.222937999435868e-08	0.351579516227022	706
9	90136246	92528697	0.0003671785191137	5.2776642653659714e-08	0.109977793703667	1021	-0.0003665916844112	1.339734802417747e-07	0.3165603620543213	1014
9	92528698	94167202	6.742382067846844e-05	3.4796936109780986e-08	0.7177664185332988	746	-0.0001644947114827	9.384657323590693e-08	0.5912945649811399	743
9	94167203	96671697	9.001075363945037e-05	3.881903777035951e-08	0.6477800851528082	973	1.4347688625065257e-05	8.104400028043954e-08	0.959804471275692	966
9	96671698	98922039	-0.0001093400822841	3.433911347663665e-08	0.5551607335712018	831	-7.88916286183542e-05	8.329792120543438e-08	0.7845867179401412	825
9	98922040	101592858	3.5920529828840815e-06	5.1140237471824615e-08	0.987326891204452	1012	0.0002610472029285	1.0440717741399893e-07	0.419152158329421	1006
9	101592859	104624436	0.0001136726729688	4.5836800056093994e-08	0.5954574085106592	1133	5.9231714688172584e-05	1.0504411916992445e-07	0.8549905341636759	1128
9	104624437	105967975	-0.0001194079462778	3.0157039400868235e-08	0.4917017071743581	691	7.880553904193407e-05	8.076955205747504e-08	0.7815580752000233	689
9	105967976	107581748	0.0001331386416495	2.8622757613584506e-08	0.4313098149545105	738	4.764905111868507e-05	6.776434339079163e-08	0.854764109378104	737
9	107581749	109298753	-8.047226734828695e-05	3.221352064782706e-08	0.6538931952110929	720	-0.0004558683481972	8.180650808006895e-08	0.1109712264879117	714
9	109298754	110695061	-4.034687657071867e-05	3.224688332980521e-08	0.8222275679169193	655	-0.0001006062072119	8.78424851790299e-08	0.734272725805748	653
9	110695062	112778023	-0.0001136457083994	5.6291822976531945e-08	0.6319426537629037	1259	-0.0001403439605687	1.524677050579253e-07	0.7192793323937929	1257
9	112778024	114831081	-6.842078763936947e-05	5.0969009018623843e-08	0.7618407570008507	1090	-0.0002630683391997	1.3841430099673457e-07	0.4795071042161363	1082
9	114831082	115693144	4.45295611184813e-05	1.3969639416551717e-08	0.7063577537132746	376	-3.509547612835071e-05	3.123846791864418e-08	0.8426017553820797	374
9	115693145	117019800	-9.916215379356654e-06	3.4700291814967565e-08	0.9575464144929332	706	-9.739790962644722e-05	9.00973244275146e-08	0.7455714063478103	703
9	117019801	117921959	0.0001691884841804	2.4932083440182344e-08	0.2839454044514343	538	0.0001354474252578	6.757349728108887e-08	0.6023293035574218	538
9	117921960	121321536	0.0004644077931355	7.692101470499521e-08	0.0940385490933621	1710	-0.000603478951543	2.081095924172192e-07	0.1858797175990135	1702
9	121321537	122260296	3.2904309075673965e-05	1.7343800784950718e-08	0.8027027800113623	417	-4.276599673020749e-05	4.613073246208483e-08	0.8421729868609752	416
9	122260297	124871321	0.0003189583880301	4.7238627811348866e-08	0.1422334014717883	908	-0.0001912688239782	8.68720678653668e-08	0.5163775804630025	905
9	124871322	126971886	0.0001199359280329	3.618231017887106e-08	0.5283522501283464	784	0.0001689857570147	8.7849149990464e-08	0.5685829177131283	778
9	126971887	129059664	3.497014238861549e-05	2.6563970494843973e-08	0.8301095564410711	666	-2.2378364408117825e-05	5.4119887172409696e-08	0.9233661589560972	663
9	129059665	130055509	0.0002253019448154	2.9171778726872248e-08	0.1871298301440754	378	-0.0001472032010896	3.8900996747110744e-08	0.455461876072188	378
9	130055510	132165469	0.0001447126962799	3.3160798883379584e-08	0.4267976889997218	591	-8.915948244051866e-05	6.019720625224894e-08	0.7163095717890463	588
9	132165470	133223216	-4.567740371809898e-05	2.0348663959467185e-08	0.7488099421097346	349	-0.000435460994722	6.353128693447554e-08	0.0840512287318663	339
9	133223217	134127887	-0.0001811939706733	1.8627592761485967e-08	0.1843121729303692	355	-0.0004007034974575	5.2435588091227395e-08	0.0801377748760505	353
9	134127888	135298841	1.4095492815625664e-05	2.1270111353138485e-08	0.923005492537308	464	0.0001162869949375	5.3760572199990147e-08	0.6159963091291984	462
9	135298842	137041121	0.0001059281091682	4.371810961440072e-08	0.6124229442667435	830	-0.000713876110096	1.2382097612618417e-07	0.0424850913806808	816
9	137589364	138938977	0.0004062044013795	3.5101499316446124e-08	0.0301501363977318	566	0.0002472821659491	1.470379641066126e-07	0.5190057738300531	564
9	138938978	139500341	1.023036034665445e-05	6.4074324774345894e-09	0.8983030444813896	132	-4.725674278102039e-05	1.5987417679741174e-08	0.7085945340217581	130
9	139500342	141144795	6.554097617557708e-05	1.5773571498853548e-08	0.6017729341767728	355	0.0004349143046118	3.7533404988975346e-08	0.0247753131296354	350
10	60523	751338	3.383020315547063e-05	6.542032998179991e-09	0.675755688733147	152	-0.0001111318904171	1.8209880429149207e-08	0.4102004876537136	148
10	751339	1523543	0.0001372910057804	1.6868766139153304e-08	0.2904833289135963	390	-0.0001684915001966	8.113021587422225e-08	0.5541563226039786	385
10	1523544	2254499	-9.368100780927566e-06	2.4887306700106978e-08	0.9526470020025511	533	0.0002408214811777	7.393614660962026e-08	0.3758010038421587	531
10	2254500	3352698	-9.78398895800551e-05	3.5156935080039635e-08	0.6018042555879026	749	0.0001406528392837	9.558501893709317e-08	0.6491528081512545	743
10	3352699	4572273	0.0003227262468727	2.914049226082777e-08	0.0586857907652436	675	0.0001131679068992	8.552427602250209e-08	0.6987775714533093	671
10	4572274	5983761	0.0002759068552629	3.5555822867281495e-08	0.1434094979958464	850	-0.0001773869332328	9.729205846046064e-08	0.5695600134358463	847
10	5983762	7171483	3.4618236477725436e-05	4.446289570760161e-08	0.8695936657549534	823	6.926451317577928e-05	1.410617386338685e-07	0.8536845966545457	820
10	7171484	8774664	3.542977453557044e-05	4.3484258123276954e-08	0.8650860190974639	958	-0.0001299411706368	1.2520580873351897e-07	0.7134497443430132	946
10	8774665	10249395	6.153361262928321e-05	2.5797011954672196e-08	0.7016354435703501	657	-0.0004391104252046	7.018699702774751e-08	0.0974246890349514	654
10	10249396	12586796	0.0004029716229492	5.348740084197e-08	0.0814378762277844	1142	-0.0009155935003322	1.575671542885089e-07	0.0210778504435376	1136
10	12586797	13321599	0.0004115737969402	2.775255632299825e-08	0.0134899937069952	510	0.0003367656822983	8.751526400229951e-08	0.2549632988386179	504
10	13321600	15026067	1.7726276595299451e-06	5.0061131281578646e-08	0.9936787537343374	1049	-0.0003161976665207	1.4968051087901868e-07	0.4137628845639353	1042
10	15026068	16551766	0.0001132321533626	2.6427255856825605e-08	0.4860930553733441	646	-2.7028591767743365e-05	7.127659583901882e-08	0.9193603501212906	645
10	16551767	18537266	0.0001773083879722	3.879159141655009e-08	0.3679901424698111	901	0.0002271167993908	1.1104757261130538e-07	0.4955265158909526	900
10	18537267	19716877	0.0003860213706614	2.6224551225206027e-08	0.0171381064028459	627	-6.611438523593076e-05	6.020277953568577e-08	0.7875788765230649	624
10	19716878	22772282	0.0002757584029199	4.65793858457145e-08	0.2013521313860096	1151	0.0007234863627024	1.2678814187430388e-07	0.0421691338253949	1145
10	22772283	23175131	2.6368320846323623e-05	5.418404719933034e-09	0.7201805794672362	138	-5.223116058742497e-05	1.5017753589326538e-08	0.6699522902607811	136
10	23175132	25578595	8.919420504104992e-05	3.7287730871159175e-08	0.6441486870015114	871	-0.0001441304461727	9.161620502194627e-08	0.6339473720322675	868
10	25578596	26888683	-4.299343925874425e-05	2.2952878310187788e-08	0.7765780677502323	621	8.905007343204432e-05	5.93995760493242e-08	0.7148291261594084	615
10	26888684	29323235	4.480800966094445e-05	4.282864855662296e-08	0.8285861481460948	1106	-4.1735851889807834e-05	1.1039666115096145e-07	0.900039021760095	1094
10	29323236	29783691	0.0001837398742033	1.5099136423110492e-08	0.1348370391459737	316	0.0001717871373313	4.4849567906014954e-08	0.4172684474940302	312
10	29783692	30458837	0.0002628915772883	1.9363959310354977e-08	0.0588640707344421	410	1.7623915420492197e-05	5.6338023815116106e-08	0.940810762491874	405
10	30458838	31907518	-0.0001857450664393	2.1180332843048324e-08	0.2018514344310219	558	-0.0003189603213937	5.57698242893613e-08	0.1768133576862631	553
10	31907519	33707967	4.655378358223337e-05	2.714655099811154e-08	0.7775206451254031	731	-6.53290809687671e-05	6.272177009891285e-08	0.7942051483044809	723
10	33707968	35109354	0.0002595243893934	4.518074521123138e-08	0.2221011153492789	564	4.618641690502499e-05	5.7118676717128116e-08	0.8467611960131661	562
10	35109355	36572507	0.0001053913052958	1.6625907710181e-08	0.4137241035327539	485	-0.0001036285371167	3.7278552151088544e-08	0.5914592713010778	482
10	36572508	37790028	-4.708890273273982e-06	1.5166521788004193e-08	0.9694992989405132	394	-2.6023134766840755e-05	4.1181662444566065e-08	0.8979627462833799	390
10	37790029	42372578	1.678509330627513e-05	6.974855860723958e-09	0.8407130187758791	249	6.217434872868185e-05	1.332218460215625e-08	0.5901139509486419	248
10	42372579	43894770	-3.6041315545441585e-05	1.4484709122875513e-08	0.764585444714725	370	0.0001901199716553	4.019986965778098e-08	0.3430104585530414	367
10	43894771	44730074	7.170738123514611e-05	1.2991920242861612e-08	0.5292764743589025	349	0.0001448011558766	3.49409307212037e-08	0.4385472744024431	348
10	44730075	48760449	0.0002352976239573	2.9326586828955552e-08	0.1694416346393783	788	-7.67457454673899e-05	7.701157569307249e-08	0.7821243701831767	785
10	48760450	50840914	0.0003625909265746	2.967562670808381e-08	0.0353061267396695	760	2.626918394113232e-05	8.15809659444116e-08	0.9267208700148664	759
10	50840915	53616628	3.225139517319551e-05	3.305335218492685e-08	0.8591983345399665	855	-0.0002127295713803	9.26214734276044e-08	0.484557214424273	852
10	53616629	55103571	-5.149260041545176e-05	3.190990881083884e-08	0.773148911977233	810	-6.859837666593826e-05	9.08153277834182e-08	0.8199319546522191	805
10	55103572	57031139	-8.818964979906267e-06	3.6303456548221585e-08	0.963082809240674	906	0.0001259387366447	9.85217308740845e-08	0.6882508510548115	898
10	57031140	57662145	5.048800669381238e-05	7.028563364771329e-09	0.5470279185433982	223	-9.874307107219988e-05	1.7393729408365982e-08	0.4540355052069704	222
10	57662146	58959527	2.8857447326312983e-05	1.3632754416591024e-08	0.8047897209293848	458	-8.07208236247023e-05	3.1691511934628194e-08	0.6502362410089109	455
10	58959528	60289986	-7.265112661560795e-05	1.7471792939879533e-08	0.5825704109672531	515	6.024212232670492e-06	4.4733931569740655e-08	0.9772771358333656	515
10	60289987	61891408	-6.313588958727995e-05	2.712450969852527e-08	0.7014603441257202	676	-0.0001002192384929	1.082198038795207e-07	0.7606345807424224	676
10	61891409	62659678	-4.040041661859865e-06	5.168952901546707e-08	0.9858224312465708	362	0.0001652579287309	6.01576967811962e-08	0.5004525833907156	361
10	62659679	63341694	-8.402145046568701e-05	6.755681538732064e-09	0.3066642945188558	189	-0.0001388543314172	2.6845378808982644e-08	0.3967328429791447	189
10	63341695	65794113	0.0005078088352638	5.322270739784696e-08	0.0277246418164143	970	4.670376537035603e-06	1.4245074262317794e-07	0.9901270141348868	963
10	65794114	67549614	8.949458682350588e-05	2.2344059110771783e-08	0.5493670051840304	591	-2.8847430455424814e-05	5.971015041483969e-08	0.9060243659596504	591
10	67549615	69900147	4.9180967713701056e-05	3.9255850593718383e-08	0.8039606097675918	1045	0.0003187345001444	1.001956438054576e-07	0.313962425886455	1042
10	70195991	72220849	0.0002838347012007	5.1582108149318455e-08	0.2113984558511628	1051	5.4671334686740906e-05	1.520189513002859e-07	0.8884859541043	1048
10	72220850	73508511	-3.658178767448666e-05	4.39884570518539e-08	0.8615356253245786	850	-0.0004595622818987	1.3753253474724918e-07	0.2152711776739809	843
10	73508512	75422549	-8.64773084653881e-06	1.6455305309731092e-08	0.9462522359728056	540	-3.10203589164775e-05	2.3839017790371408e-08	0.8407685554594613	534
10	75422550	78706813	-7.673552508580545e-05	3.1100916317692116e-08	0.6634747226439273	974	-0.0001280442844353	6.906119900164027e-08	0.6260880981923368	971
10	78706814	80876748	8.209458964404235e-05	5.0854818482266794e-08	0.7158285303635983	1149	7.645503415546601e-05	1.4419881716175974e-07	0.8404344769642577	1147
10	80876749	82414678	9.733624160014685e-06	2.5669996591365194e-08	0.95155659693489	588	3.239847890780465e-05	7.279627726770288e-08	0.9044199164146098	584
10	82414679	84383744	-0.0001001136581821	3.1781672285840765e-08	0.5744080914937971	810	-0.0004021828501406	8.585101721914852e-08	0.1698700172705024	807
10	84383745	85458702	-4.914773936331535e-05	1.7897936687978376e-08	0.7133440715686913	507	-3.199686116188055e-05	4.5654812724290733e-08	0.8809626032358477	504
10	85458703	87937576	-2.0921131067158657e-05	4.537994204546735e-08	0.9217659943632208	1115	0.0001481189905427	1.2517980000750172e-07	0.6754772117299357	1109
10	87937577	89127063	8.4973454162354e-05	1.3140469188467153e-08	0.4585282863373636	337	7.444415987830669e-05	3.6540613761966866e-08	0.6969492560797488	337
10	89127064	91013380	0.0001645836716741	3.5192774127779477e-08	0.3803106958368869	822	-0.0007159562882628	9.986004539009742e-08	0.0234735219044417	811
10	91013381	92006580	0.0001502271039534	2.0067734026695904e-08	0.2889300097239611	425	0.0002121054367786	4.1155449536872776e-08	0.2957762734145259	424
10	92006581	93335046	1.9897717342032677e-05	2.297416554660009e-08	0.8955574432316012	503	0.0002498303334396	4.945775935301065e-08	0.2612747551029696	499
10	93335047	95396367	8.614801589910037e-05	2.752008007166545e-08	0.6035497939547927	799	-0.0001156580907748	6.363349714070808e-08	0.6465979768214254	791
10	95396368	96221242	2.3029414669878715e-05	1.1707012388700816e-08	0.8314492359441336	310	-2.0316687867499533e-06	3.1154876597889664e-08	0.9908162434534984	309
10	96221243	97822356	-0.0001406509798422	2.2193347130587186e-08	0.345103707917162	684	-0.00018226660008	5.2468957525403e-08	0.4261994854326932	680
10	97822357	100241301	0.0001280763285375	4.0689546718421175e-08	0.525472548231316	1041	0.0001292644261763	1.070015422580091e-07	0.6927174064107088	1035
10	100241302	100668399	-3.99685903215932e-05	5.183568934432573e-09	0.5787972692068113	170	5.309842488976912e-06	1.209894284957842e-08	0.9614983502323138	169
10	100668400	102949238	7.701909750188177e-05	3.095652591556787e-08	0.6615703241255957	886	-8.414781082327297e-06	7.072550374862081e-08	0.9747580794103716	881
10	102949239	104380409	-0.0002313662187603	4.033770153923634e-08	0.2493299071438411	385	-0.0003290006015611	3.799390624205133e-08	0.0914356459371981	380
10	104380410	106695047	2.097975111568081e-05	3.590923093233037e-08	0.9118442075791982	875	-0.0002147007020675	7.408517354066679e-08	0.4302279418869564	872
10	106695048	108726685	9.774050025810786e-05	3.56063329957147e-08	0.6044739364430567	773	0.0001007457297572	7.447238517872607e-08	0.71199935954249	771
10	108726686	110317704	-0.0001198584225183	2.801084345363117e-08	0.4738972381877347	741	-0.0003427400179154	7.604551030459862e-08	0.2139132947127963	737
10	110317705	112561492	4.482106763364273e-05	2.70962437383832e-08	0.7854009920853104	758	9.137420458198518e-05	6.487352098285183e-08	0.7197833779629965	756
10	112561493	115328431	8.725884587921466e-05	4.530104160980927e-08	0.681825674440761	1139	-0.000415341132021	1.2103298935909597e-07	0.2325331014697818	1134
10	115328432	116421405	-9.240335661358949e-06	2.6365417051909993e-08	0.9546187840646498	556	-0.0001449431214881	6.65878537147929e-08	0.5743242437388432	553
10	116421406	119523933	0.0005559421497905	4.1252912253685055e-08	0.0061969637339273	1133	-4.736452059743628e-05	1.0597303993179433e-07	0.8843181110270674	1131
10	119523934	120591352	3.1264895378446595e-05	2.1984411802161372e-08	0.8329944898243806	488	6.788395073847874e-05	6.382732950800246e-08	0.788162405869653	481
10	120591353	122407322	-4.79164029401409e-05	3.5510851411430546e-08	0.7992831110517852	807	-0.0004592033737279	1.0111260866345092e-07	0.1487060368849383	803
10	122407323	123231464	5.791516080940791e-05	1.9862129824659876e-08	0.681115877481175	454	2.2275371714980224e-05	5.614460631907462e-08	0.9251017483917852	449
10	123231465	123900544	-1.16996123707254e-05	1.5843746487341112e-08	0.9259444503861152	326	0.0004555185509317	5.7130188899682626e-08	0.0566784852734211	325
10	123900545	125869345	0.0002730065869085	4.6941002571709775e-08	0.2076417324775809	1043	-0.0003165227065457	1.3279093815072885e-07	0.3850650505036493	1042
10	125869346	128001097	0.0003875254587078	4.730334744517237e-08	0.0747849665372182	1087	9.097440668516403e-05	1.3005745577786076e-07	0.8008386612017646	1083
10	128001098	129154361	5.695308006711024e-06	3.033646387380961e-08	0.973914605348658	581	0.0005402086649628	7.963795953114344e-08	0.0555866277553176	578
10	129154362	130844283	-4.7414943094426816e-05	5.792215099007649e-08	0.8438180715179429	1071	0.0001119289227375	1.8092012436079682e-07	0.7924370636146588	1067
10	130844284	131741326	9.392259595594966e-05	1.929018031552992e-08	0.4988872046204909	447	-0.000260678929041	5.500178970389838e-08	0.2663443263864483	445
10	131741327	132580244	7.183492322418813e-05	2.1404363402123053e-08	0.6234240631283705	469	0.0003917289318725	6.368846096176018e-08	0.1206078855209182	467
10	132580245	134336328	0.000147673943848	5.032049487348327e-08	0.5103380094215806	979	-8.47881652970208e-05	1.5335396705258497e-07	0.8285864347960843	973
10	134494673	135523864	-2.2355559632528217e-05	1.15444600023123e-08	0.8351783258936409	311	4.6149842256843515e-05	2.916253904571619e-08	0.7869718293341383	306
11	70855	1213589	-0.0001350398043293	1.716886757644982e-08	0.3027275049313711	367	-0.0002602191367771	4.574498757704831e-08	0.2237354755813597	365
11	1213590	3665480	-0.0001401598158505	4.6018649493942764e-08	0.5135203014214857	807	-7.020695211528178e-05	1.2506565114097457e-07	0.8426357964194857	766
11	3665481	4746708	-0.0001218976388114	2.3545971012515096e-08	0.4269649937409051	507	0.0001773189244576	6.173976785974024e-08	0.4754565166361022	505
11	4746709	6322868	-3.346962378907453e-05	5.065347188996615e-08	0.8817808358946635	1158	-1.794306593291148e-05	1.3044353272411385e-07	0.9603770489872648	1149
11	6322869	7436700	-1.1213885203038177e-05	2.9040121190293978e-08	0.947533316686168	634	2.2279646781269104e-05	7.604389917806347e-08	0.935606223239089	628
11	7436701	8333273	0.0002449790512498	3.0434454889756024e-08	0.1602427311835091	573	7.889528582127552e-05	1.0350905259722433e-07	0.8062834686922495	572
11	8333274	9087316	2.6909363139820683e-05	1.3535090072964997e-08	0.8170829003166599	317	7.964776935532381e-05	3.0196271832581697e-08	0.6467012209389028	312
11	9087317	10952026	-0.000120600864984	3.2117774009535775e-08	0.5009841225550347	749	-4.430329001803283e-05	8.300941971997988e-08	0.8777909004450167	747
11	10952027	12564228	-0.0001957292683522	6.726349451414688e-08	0.4504376527293232	1230	-0.0002597405020257	1.950671175741809e-07	0.556468387921681	1227
11	12564229	13373123	0.0001480053327304	2.072549231011025e-08	0.3039143964349623	444	0.0003635585772346	5.4526089268440524e-08	0.1194844389017619	442
11	13373124	15742551	-7.983298316915956e-05	3.4786332168412885e-08	0.6686265313936033	901	-2.6255342285935725e-05	8.038806124688149e-08	0.9262194938422108	899
11	15742552	17578401	-8.279286487915598e-05	2.7224548134620828e-08	0.6158229143070568	689	-0.0001031590040935	6.55243145275783e-08	0.6869476432488573	687
11	17578402	19569534	-4.745541481678748e-05	4.5634225037290115e-08	0.8241994584571135	928	-0.0003461065496097	1.166373910089174e-07	0.3108579764508009	926
11	19569535	21017137	0.0001548472269713	4.5933149370610104e-08	0.469984600756331	871	-0.0006370745302057	1.343007473864997e-07	0.0821394301782905	869
11	21017138	22374141	0.0001448957355029	3.0862370523150664e-08	0.4094934385087632	666	-4.864357447683262e-05	8.518656636538253e-08	0.8676349998733548	663
11	22374142	24088516	-0.0002207338544264	3.058589924144188e-08	0.2068975886528071	712	0.0001913743940074	8.255531353353591e-08	0.5053747501702325	711
11	24088517	26045752	-0.0001075216022075	3.6705048785503216e-08	0.5746478478039488	841	9.476298424473029e-05	9.406498874203949e-08	0.7573397950422509	830
11	26045753	27020460	0.0001243686058126	1.690842842906643e-08	0.3388484121621623	412	-6.139820819337982e-05	4.1822683005551723e-08	0.7640040085853282	412
11	27020461	28481592	0.0001391444263204	1.9855924588553155e-08	0.3234157958813489	468	0.0001290790839498	4.5069175417397505e-08	0.5431758774078776	465
11	28481593	30141356	0.0002353163864708	4.2600597670256535e-08	0.2542431339368468	483	0.0003963066349783	6.363916643832124e-08	0.1161886002271717	481
11	30141357	32276900	-0.0001557950347294	2.8649487544454167e-08	0.3573432064423849	745	-0.000415432893495	6.337981720595012e-08	0.0989107332316345	743
11	32276901	33958738	3.270880724538188e-05	2.603006234752586e-08	0.8393427592258261	631	-8.5530481378401e-05	6.380809100374101e-08	0.7349133813365714	627
11	33958739	35502604	4.220892407648349e-05	3.8645307532358515e-08	0.8299920277288817	892	-6.980397558635089e-05	9.653792871893821e-08	0.8222416051249584	891
11	35502605	37116814	-8.645782668464415e-05	4.04157581482398e-08	0.6671520690501492	805	0.0001363244012426	1.1352919479167479e-07	0.6857757079702129	801
11	37116815	39382002	0.0003004125764968	2.0334260736564656e-08	0.0351430785749759	513	0.0002593445655725	4.9403993859396344e-08	0.2432914703861488	512
11	39382003	42310002	-2.8168302057922496e-05	4.7140897261148214e-08	0.8967750055308805	1083	-0.0004228029376667	1.2166037380948598e-07	0.2254474286491857	1079
11	42310003	44693798	0.0001967536710527	5.193252356172799e-08	0.3879273190348997	1105	-0.0002118648338449	1.366371976011758e-07	0.5665376787669325	1098
11	44693799	47006136	0.0001427936385583	4.561398205807508e-08	0.5037570633723134	825	0.0001635779158082	9.170770514592193e-08	0.5890872642262592	818
11	47006137	49866049	0.0001008713512064	2.1387783822801604e-08	0.4903581731937879	620	-0.0002309213711825	4.0548215347574715e-08	0.2514745817196847	612
11	49866050	54695472	-4.240396870250258e-06	5.376920395530988e-09	0.9538854724917504	161	4.858761610653166e-06	1.0512242719268256e-08	0.962203164837596	160
11	55082657	58457494	0.0002340147266458	5.2802972525782656e-08	0.3084927900488057	1337	-4.902350482116046e-05	1.0067835293714816e-07	0.8772133172559162	1327
11	58780549	62223770	0.0001253199908822	4.91546429474952e-08	0.5719059356159892	1178	-0.0001982222053532	1.190049858409962e-07	0.565558179404099	1172
11	62223771	63804568	-0.0002617507128585	3.2583338284717734e-08	0.1470379602128425	369	0.000195858647685	5.241737535039497e-08	0.3922906438875208	367
11	63804569	65898630	0.0001102065162749	2.9481429598826676e-08	0.5209711006293334	661	0.0001362682607861	6.09794548838815e-08	0.581066888445263	655
11	65898631	68005824	0.000174076700254	1.733922795824329e-08	0.1861739160622412	453	0.000222041483514	3.846478752067253e-08	0.2575730419344485	450
11	68005825	69516129	0.0001485154984171	2.5297120805693918e-08	0.350426637951243	570	-0.0001189048622258	6.299168612766278e-08	0.6356713672396278	568
11	69516130	70926291	0.0001752203020797	2.9709084187773647e-08	0.3093552428634466	535	-8.336843540439601e-05	8.863556933697207e-08	0.7794579161204522	532
11	70926292	72286016	0.0001020354178055	1.4771103261055348e-08	0.4011630053947286	355	-7.54743625271497e-05	3.52460820025054e-08	0.6876717798156844	352
11	72286017	74412350	-7.0687539505423e-06	2.8417510329309462e-08	0.9665525774972088	705	-0.0001173053298275	6.794559073952734e-08	0.6526920669442737	700
11	74412351	76797208	-8.708822855943814e-05	3.9722868120281764e-08	0.662142199855352	877	-0.0003579090262851	9.392153702430148e-08	0.2428640311678359	872
11	76797209	78355057	0.0001175394107661	1.890486196845343e-08	0.3926267416996294	517	0.000203115940078	3.49252653610274e-08	0.2770980842223326	514
11	78355058	80722372	0.0002014256041992	6.031789006250598e-08	0.4121324151840665	1203	0.0002591804076352	1.665306093384626e-07	0.5253507795359571	1201
11	80722373	81266711	-0.0002029835979745	2.1708110065291037e-08	0.1683005557636383	300	2.7932885287177336e-05	4.9266865043146184e-08	0.8998540767222333	300
11	81266712	84381271	0.0006393984973505	5.6926549695808154e-08	0.0073650141862984	1361	0.0004064201257773	1.384836187116458e-07	0.2747741224041476	1345
11	84381272	86619300	-5.2564768062170166e-05	3.9139316419595894e-08	0.7904718749709109	917	0.0001720831048893	9.490187697454593e-08	0.5764348269126869	914
11	86619301	87430234	1.5512806481674296e-05	1.523897276356445e-08	0.8999975220806481	372	-0.0001718228513041	3.7916517878550126e-08	0.3775592187903409	367
11	87430235	89208935	0.0003936969437222	3.506524674073734e-08	0.0355147575074158	689	0.0001429215479901	1.220238565488921e-07	0.6824345745755188	686
11	89208936	90966489	-1.6994334713764538e-06	1.8130799297986175e-08	0.9899301216462492	486	5.179304505690185e-05	3.9481875753768835e-08	0.7943555644406457	483
11	90966490	92077143	3.474869126615097e-05	1.6965767928871705e-08	0.789639299826358	415	-7.130656480748316e-05	4.291551478087368e-08	0.7306890368633672	413
11	92077144	93276156	9.68222719667108e-05	1.8059834004712465e-08	0.4712331214132035	474	0.0001117584746626	4.286410325519467e-08	0.5893343547919101	474
11	93276157	94242259	1.75684700564188e-05	1.306938990168016e-08	0.8778651428791143	337	0.000131764889125	3.2283897498196235e-08	0.4633496974333586	337
11	94242260	95726040	0.0001961451317747	3.4289084107863045e-08	0.2894846973161687	648	0.0002844577363526	8.712842754465167e-08	0.3352008583653812	647
11	95726041	97057057	6.66686913696318e-05	2.819668711576997e-08	0.6913456319176177	584	9.701946184567198e-05	7.476368846961416e-08	0.7227211325715002	582
11	97057058	98705064	0.0001524715853365	3.0959909425364886e-08	0.3861935971346408	674	-3.8255716813140195e-05	8.411503172745956e-08	0.8950598471728503	673
11	98705065	100417168	-0.0001946135222091	4.64423839966569e-08	0.3664949852155292	925	0.0001065614283958	1.2957129322689452e-07	0.7672020114680904	918
11	100417169	101331120	-5.091735402474437e-06	1.9332126138041665e-08	0.9707874803819112	456	-0.0001636850713823	4.9379197605151534e-08	0.4613601220330082	450
11	101331121	103959635	0.0001899859253142	5.482394943375828e-08	0.4171346413632827	1244	-9.71619058148544e-05	1.435737897523005e-07	0.7976235617214771	1238
11	103959636	104873283	5.60191854718593e-05	1.1970235548667517e-08	0.6086382364898999	328	-4.828283737631449e-05	2.7576777155129387e-08	0.7712418596572671	326
11	104873284	106520893	0.0002190067910331	2.101155738868417e-08	0.1308203681440557	542	-0.0001327577695207	4.924939446149829e-08	0.5496944612561351	541
11	106520894	107844199	9.78540418981643e-05	2.5330189833526623e-08	0.5386627905749164	539	0.0003107844393928	6.941042898070339e-08	0.2381462245171202	536
11	107844200	108437036	3.467692856885825e-05	5.766327686302464e-09	0.6479169634949685	163	1.3933441742177076e-06	1.0824828633148973e-08	0.9893149890588218	162
11	108437037	109866115	0.0001694860569954	1.5467930042390377e-08	0.172959646190982	398	-1.5730740711123815e-05	3.740096966305744e-08	0.9351710316886184	397
11	109866116	111114396	9.797643489870414e-05	2.272671346811198e-08	0.515750266567974	550	0.0003474987463002	5.7507353136597956e-08	0.14731599713793	548
11	111114397	112459487	0.0001651681384243	1.710969526073767e-08	0.2066918333388835	453	0.000145228902691	3.8144039813225966e-08	0.4571181599033718	450
11	112459488	114257727	-0.0002842833008483	8.817126987418653e-08	0.3383716511192476	884	-0.0006979320083863	1.0766835968276476e-07	0.0334194410383358	882
11	114257728	114830665	6.419947152428836e-05	1.0809023370675488e-08	0.5369037969513328	257	0.0002565291877676	2.8036949962451965e-08	0.1255114341259422	256
11	114830666	116383347	-4.685078054122253e-05	3.59051251185547e-08	0.8047137348739744	723	-0.0003193116623507	1.0829075853061993e-07	0.3318824467580356	719
11	116383348	117747109	8.646934766885123e-05	3.7221702618806906e-08	0.6540146620549907	715	-0.000155179416427	1.0336351908951677e-07	0.6293299378058573	714
11	117747110	119215475	-0.0001455852530461	2.584065785465188e-08	0.3651153812069357	626	0.0001023860309282	6.524973050608869e-08	0.688551319091637	624
11	119215476	120766805	0.0003859086592537	4.60647256099079e-08	0.0721700588822906	736	0.0003358124818556	1.1290614019108769e-07	0.3176023985272084	731
11	120766806	121175942	-2.054319219246267e-05	1.0038749134572944e-08	0.8375447333887017	227	-0.0001773339695354	2.7350507468535917e-08	0.28359313901575	227
11	121175943	122591909	0.0004122850728433	2.6166109509189273e-08	0.0108108322756957	538	0.0001457100548391	7.204009273741136e-08	0.5872136771109897	534
11	122591910	123500116	-9.662414359710582e-05	3.3171932810613785e-08	0.5957527091853131	463	0.0001715779060543	7.597066524345728e-08	0.5336140455446737	461
11	123500117	124495527	-1.2708268922659534e-05	2.3417394531819424e-08	0.9338152078468812	544	-7.298686626844287e-05	6.01371768417511e-08	0.7659874085295494	535
11	124495528	126311319	0.0001373168315521	4.61950022755225e-08	0.5228943148796354	916	-7.267232682689293e-05	1.2384386576670846e-07	0.8363959973914573	912
11	126311320	127316678	0.0003612017015662	3.484112655030738e-08	0.0529778724069241	616	0.000185170560067	7.992006052853684e-08	0.5124650952808738	615
11	127316679	128188536	0.000106098816466	1.5871267099607663e-08	0.3996874071771379	345	-9.5486140413261e-05	4.2894009362600464e-08	0.6447673089762016	342
11	128188537	130342574	-7.447694670165924e-05	5.21055571765638e-08	0.7442185501129374	989	4.832311968647977e-06	1.4650030918817158e-07	0.9899268751277072	983
11	130342575	131074611	0.0009273829191164	2.8559643952739623e-08	4.0742406757002794e-08	408	0.0006759541450072	5.3713303404761477e-08	0.0035387358835156	408
11	131074612	133000045	0.0003544991670949	6.784173491162852e-08	0.1735051515994392	1232	0.0004376735695264	1.7286934614348396e-07	0.2924932849268163	1228
11	133000046	134205992	0.0002423067256745	4.744299930460634e-08	0.2659459275319029	576	0.0002469598705951	8.61850482399946e-08	0.400223792369877	573
11	134205993	134946451	0.0004368486455444	6.946270865954357e-08	0.0974171959046434	463	0.0001946582931666	7.544672590822943e-08	0.4785205105997516	463
12	61107	1080330	7.544555660806027e-05	1.93680266544094e-08	0.587739667955721	368	-1.3969887812805524e-05	4.8826669586283584e-08	0.9495901741771338	368
12	1080331	2544785	5.634400265276903e-05	4.03990891347748e-08	0.7792281333534804	562	0.0001234722740069	7.911567922548269e-08	0.6606808385751708	560
12	2544786	3677036	8.429192551365004e-05	3.2855180193581396e-08	0.6419076136229304	564	-0.0003754683691054	9.441849535582206e-08	0.2217357049643733	561
12	3677037	4417678	-0.0001602950399295	2.5004263584062074e-08	0.3107219095818664	422	-0.0003732877892979	7.066248313022273e-08	0.1602396975386099	421
12	4417679	5321471	0.0002064784675349	2.8498539832958897e-08	0.2212903357433225	560	0.0003088632384604	7.761428841265393e-08	0.2675801865948365	558
12	5321472	6419752	6.0919015729582815e-05	3.2505374184322184e-08	0.7354461105927359	624	-0.0003713151941983	8.870927796001363e-08	0.2125114787994165	619
12	6419753	8377535	-3.4152487229427247e-06	9.172962792382368e-09	0.9715543702625508	197	-4.6397778416839806e-05	2.1452916541225112e-08	0.7514126108109109	195
12	9031395	10481533	2.439854736545107e-05	1.2739308147285444e-08	0.8288569341152375	259	-7.355841907497537e-05	3.320775032295675e-08	0.6864648471361828	259
12	10481534	11754845	-1.3528180264813864e-05	1.856964306336984e-08	0.9209203434472052	450	0.0001906810636308	4.0934766147782355e-08	0.3459588667713418	438
12	11754846	12733527	3.2282562116455976e-05	2.8712415206543802e-08	0.8489042298882838	486	0.0003188814871027	6.884376524469699e-08	0.2242372875357767	485
12	12733528	15241483	2.7822335372354012e-05	6.14455145285418e-08	0.910632943899741	1171	-0.000473108763052	1.6489129244279666e-07	0.2439796798381449	1160
12	15241484	16310459	-2.3850994197201968e-05	1.5396188852216307e-08	0.8475694299270674	288	-9.817732193817476e-05	2.9629473962373194e-08	0.5684334196919654	288
12	16310460	18087872	0.0006309449960673	2.9170900169631773e-08	0.0002206083404379	659	0.0005891891064859	7.17790349116981e-08	0.0278668809056953	657
12	18087873	20863942	7.390189183811533e-05	5.8839836183778975e-08	0.7606227712259712	1156	4.234622185955798e-05	1.5963131760704074e-07	0.9155920818459165	1150
12	20863943	23820633	0.0002316804400275	9.319137076416461e-08	0.4478946420691093	1288	4.497451485594623e-05	1.257034602914857e-07	0.8990585663941426	1280
12	23820634	25371082	0.0004904026061394	4.377760649311626e-08	0.0190866882626158	834	-0.0001514213927115	1.1483526437535949e-07	0.654992403789625	826
12	25371083	27799772	0.0001936245006558	5.8134828294585594e-08	0.4219463407683642	1201	0.0005797946036705	1.6463098767711106e-07	0.1530173335432444	1197
12	27799773	29651254	-0.0001254483916164	3.390021193677202e-08	0.4956563739280974	811	-0.0002118921447905	7.286298406776534e-08	0.4324623398789424	809
12	29651255	30512405	3.923876097456988e-05	2.3561270393427423e-08	0.7982346813518695	546	6.663122297378606e-05	5.4245655893694246e-08	0.7748129115907123	543
12	30512406	32165591	4.084681771971711e-05	3.672509144264604e-08	0.8312132401705065	737	0.0001814930176948	9.466068059044216e-08	0.5552606864114106	733
12	32165592	33076988	0.0001609781606973	2.1003032140695517e-08	0.2666653577103839	456	7.131766133581557e-05	5.009116238987489e-08	0.7499904783462992	453
12	33076989	37856716	-2.2338545249720715e-05	1.6784777107290698e-08	0.8631043983155903	453	5.050229057235929e-05	3.6944449174738335e-08	0.7927461887985761	451
12	37856717	39227168	-6.82571302862763e-06	5.487553864963024e-09	0.926585051867277	159	-2.8689377382949295e-05	1.0903050478949534e-08	0.7835037399846316	159
12	39227169	40816184	-0.0001496428808339	2.5208244259810543e-08	0.3459329326269869	576	-0.0001943069957201	9.432066896908117e-08	0.5269417815057836	571
12	40816185	41658585	-5.2499619049088046e-05	1.6342320782123924e-08	0.681310152975033	417	3.811834330379704e-05	3.50143972354917e-08	0.8385807352926922	414
12	41658586	43984473	3.2404491353008374e-05	4.4084673404663366e-08	0.8773464512356925	1054	-0.0001115040916964	9.937074901861545e-08	0.7235475688789247	1048
12	43984474	46024228	-0.0001693834230632	2.3219343358194948e-08	0.266313034826699	552	2.980876050747056e-05	5.4384728576439186e-08	0.8982898797978672	550
12	46024229	47714792	-1.8142863697371547e-05	2.3962686350832242e-08	0.906699326961954	559	0.0002523880094903	5.30115792354141e-08	0.2729983831325441	558
12	47714793	49001865	1.0015316411111838e-06	2.8311899997102688e-08	0.9952508305699728	638	-0.0001909366577823	6.863306777206306e-08	0.4661093851060036	636
12	49001866	51776493	0.0002759592123799	3.6984818997746014e-08	0.1513047553892368	785	0.0002172431855821	5.992851832886654e-08	0.3748526216506105	781
12	51776494	53039003	0.0001247453696112	3.044527644376938e-08	0.4746513301560537	714	0.0001372208682911	6.973503943329776e-08	0.6033211329910094	711
12	53039004	54778822	0.000253223924389	3.2059001962575944e-08	0.1572851202239483	699	-0.0001588460808254	7.949983409499699e-08	0.5731832470226774	691
12	54778823	55665836	1.0563871000568525e-07	1.4199108235736193e-08	0.9992926529299014	324	-8.824295943619542e-05	3.1384332862820654e-08	0.6184078435902077	323
12	55665837	57548859	0.000111997791852	4.3524668689390065e-08	0.5913808240831687	529	0.0002256484931014	5.471679648170528e-08	0.3347175451779179	526
12	57548860	59308665	0.0002572562435795	6.55945301938291e-08	0.3151575392982731	589	0.0001325544148214	7.234147130730407e-08	0.6221299918199066	587
12	59308666	61123728	-0.0002937224313074	2.0478057895209417e-08	0.0401167063219832	539	-0.0002952865367844	4.4424363764859675e-08	0.1612189903334324	538
12	61123729	64032460	-0.0001406890807655	5.3032515176173254e-08	0.5412479461640324	1165	0.0002063847137317	1.3020768460852614e-07	0.5673548184395831	1164
12	64032461	65559694	7.57063395090776e-05	2.056130486978033e-08	0.5975221278088566	447	5.221664673472712e-05	5.234560417824358e-08	0.8194690170668237	442
12	65559695	67181143	-0.0001165686307102	2.709918871365557e-08	0.4788740921618455	628	0.0001477796149232	6.452100618311197e-08	0.5607102048330135	627
12	67181144	67909728	0.0002552469485266	1.8780352482770296e-08	0.0625251522253732	352	-0.0003940848191023	4.023291902851873e-08	0.0494475613987694	352
12	67909729	69826541	2.2313307774626543e-05	4.660452973531186e-08	0.9176777503868498	914	0.0004824332829739	1.412853028040389e-07	0.1993243107093468	909
12	69826542	70957986	0.0002164143377674	2.8328530028448132e-08	0.1985122616339231	596	0.0002164168411304	6.429405017265668e-08	0.3933797609336636	590
12	70957987	72645074	0.0004918320609525	2.857887729087612e-08	0.0036219446756046	653	0.0001430147783837	7.066016493163253e-08	0.5905673686092276	650
12	72645075	73818453	3.8897345420751434e-05	1.649050982042925e-08	0.7619641317761533	375	1.3540933666233622e-05	3.5283373123239153e-08	0.9425317986880168	374
12	73818454	76511313	0.0002598929710359	4.1132420136031594e-08	0.2000348881924097	926	-0.0001910696825982	9.711027219681489e-08	0.5397841964868139	917
12	76511314	78570569	0.0001145441580228	4.1881681419218746e-08	0.5756791739089507	921	-3.477762208655707e-05	9.993259375999169e-08	0.9123986036917612	917
12	78570570	80448149	0.0002022029903741	1.9590890046982457e-08	0.1485582320590692	459	-0.0003226104160304	4.66007694188175e-08	0.1350576348371095	459
12	80448150	81467766	8.334718442689764e-05	1.4849439772694132e-08	0.493995258006587	352	0.0001799712400004	3.5292403463347485e-08	0.3380661153830373	350
12	81467767	83502665	-8.99653745436085e-05	3.0271417923179744e-08	0.6050992586686021	676	-0.0001047338112073	7.801839661798834e-08	0.7076879956986548	675
12	83502666	84303843	-4.082267326104532e-06	1.217629562207804e-08	0.9704889369086808	275	1.2872058825033349e-05	2.5625217497259605e-08	0.9359105592369386	271
12	84303844	85990425	-6.864399379463179e-06	1.9028889302690425e-08	0.9603122316787244	506	7.824928987162759e-05	4.0964706424105164e-08	0.6990433728523475	504
12	85990426	89682121	0.0001066291259325	3.6014356865317366e-08	0.5742026792506348	894	-5.122642685536252e-05	8.185369455720286e-08	0.8578982489288404	891
12	89682122	92066154	0.0002369315907836	3.19053366991005e-08	0.1846902615591639	749	0.0002721484641183	7.630203686034648e-08	0.3245108911349512	748
12	92066155	94514566	0.000183369154368	5.393470565409485e-08	0.4297773549475568	1036	-0.0001852484274053	1.4256424522257444e-07	0.6236920637478356	1032
12	94514567	96020784	7.316100597815464e-05	4.1621575759084776e-08	0.7198880921163211	828	-0.0001112546467149	1.0653395144898105e-07	0.7332101005822766	818
12	96020785	97108838	-9.789264654318728e-05	2.535023502567531e-08	0.5386632318581479	531	4.5329830188367533e-05	6.384588546833862e-08	0.857625189410975	526
12	97108839	99305986	-2.4883774796506632e-05	5.24155820939144e-08	0.9134490750567936	1072	0.0001395624533198	1.3770552652374313e-07	0.7068492646665807	1067
12	99305987	101447640	0.0007702336399684	5.7391641033025394e-08	0.0013038672694201	777	0.0005933729312263	1.019413118640124e-07	0.0631040808849521	774
12	101447641	101862689	2.3573498611272004e-05	7.331817789097774e-09	0.7830799211315923	175	4.663197190108118e-05	1.8309462988933552e-08	0.7303767870634191	174
12	101862690	102964985	2.0764385307707167e-05	1.8106760402247312e-08	0.8773640157015729	413	0.000296545121591	4.6041615514675254e-08	0.1669644082690333	411
12	102964986	104848695	0.0005746415359425	4.821069863270821e-08	0.0088672553822446	922	9.553005661959858e-05	1.0285227495497009e-07	0.7657990778611273	918
12	104848696	106436212	-0.0002248054014845	4.29767668085261e-08	0.2781870819105428	997	-0.000345164109724	1.0839373105657743e-07	0.2944582043640487	993
12	106436213	106958747	2.4157511766630105e-06	1.1789187526055532e-08	0.982249340474284	262	-1.683553420953085e-05	2.651754906433835e-08	0.9176569104917291	260
12	106958748	109025900	0.000284030614759	3.717667419449183e-08	0.1407262164707786	876	-0.0002750889427167	8.741650022631867e-08	0.3521565621145498	874
12	109025901	110336718	-0.0002229332666047	3.200501483192506e-08	0.2127140271907903	481	-0.0001602488236408	4.554204222761771e-08	0.4527060814223836	479
12	110336719	113263517	-4.674425437512686e-05	2.2066264211168227e-08	0.7530075535809433	584	3.762789870592077e-05	3.947570916820981e-08	0.8497912790393689	580
12	113263518	113986708	7.611023201653649e-05	1.0417704412564645e-08	0.4558560382207984	257	3.390177171712108e-05	2.3514681403820072e-08	0.8250287990802209	254
12	113986709	115036601	3.5743176050774477e-05	3.099496103754806e-08	0.8391161957939198	615	0.0001030787606221	8.171193243313878e-08	0.7183980392200856	614
12	115036602	115503215	6.67077315697641e-05	1.2428513531162745e-08	0.5495960508455013	217	4.731884667275922e-05	3.358751688886063e-08	0.7962576213421378	213
12	115503216	117087470	5.4701995885583794e-05	4.518379641667137e-08	0.796914250471755	857	-1.2079959781566603e-05	1.19629196643447e-07	0.972138873587319	855
12	117087471	118135374	0.0001923141052569	3.4775000279394114e-08	0.3024084521155771	510	0.0002708823597088	7.634794756828095e-08	0.3269123930257247	508
12	118135375	119754109	0.0003116390094502	4.845204682733097e-08	0.1568399478919562	779	0.0005013942839266	9.650067607352773e-08	0.1065188251838129	773
12	119754110	122007650	0.0006832093760532	4.2957181142806116e-08	0.0009794299147694	844	-8.543399412666225e-05	7.840011892707759e-08	0.7602738634893235	835
12	122007651	124977979	0.0001199276585587	7.532139363173443e-08	0.6621268589229665	913	-0.0004305521431565	7.09964937055524e-08	0.1061217093820002	909
12	124977980	126445504	-5.044637427797709e-05	4.187549622013986e-08	0.8052806840813769	723	-4.026798713590445e-05	1.170429313620827e-07	0.9063030339218892	721
12	126445505	127875097	-0.0002179207598317	3.844118640918265e-08	0.266363378833538	752	-0.0002158884363193	1.120773994899555e-07	0.5190131815868745	751
12	127875098	129237296	-9.880466392586024e-05	4.6095798085939215e-08	0.6453725480413404	760	-0.0002325333284289	1.6793164674099036e-07	0.5704161783664863	757
12	129237297	130377920	-0.0003179326086964	4.550675492029624e-08	0.1361242345790656	764	-6.136068113683978e-05	1.3255821161785057e-07	0.866163404039661	761
12	130377921	131786750	0.0004850771471298	5.1289986799659526e-08	0.0322033836001082	870	0.0002902446020962	1.4774646154605626e-07	0.4501877970756545	861
12	131786751	132807033	1.671181350995032e-05	1.7643725822537655e-08	0.8998792831908582	384	-6.430389891877383e-05	4.4830497457305956e-08	0.761353402186129	381
12	132807034	133841510	-0.0001113057574299	8.7635306654611e-09	0.234443739944491	201	0.0001326579372598	1.965748870732575e-08	0.3440618307761288	198
13	19020013	20686719	8.000486897092885e-05	1.3666343162800833e-08	0.4937422573395719	354	6.178083223619425e-05	2.998637992641279e-08	0.7212619017293234	351
13	20686720	22242173	0.0001124365669146	3.2512019784238546e-08	0.5329096514908003	677	-4.587673107766162e-05	8.390404088242653e-08	0.8741571749604384	670
13	22242174	23594701	4.7403636074505126e-05	4.4100681528374825e-08	0.8214115355032194	720	-0.0003547606462169	1.3184831203256468e-07	0.3285651579884251	716
13	23594702	24531936	0.000126553118189	3.1906758923665445e-08	0.4786432681331848	610	-0.0001588110293011	8.888850390785537e-08	0.5942623556300078	609
13	24531937	25784361	-7.491676557457776e-05	3.952989377738386e-08	0.706318822373942	760	0.0001115368949308	1.100492011134589e-07	0.7367040619682178	754
13	25784362	27284361	0.0001674518187915	2.7090981023276682e-08	0.3089790343164966	632	0.0001564954086088	6.62325872970377e-08	0.5431297541852794	630
13	27284362	29257550	0.0002495871990768	5.1585837019544287e-08	0.2718129084730968	1005	8.883484841954738e-05	1.4513330016845776e-07	0.8156180782989587	998
13	29257551	30483266	-0.0001596773174653	3.62104412082791e-08	0.40139953759648	567	-0.0002401474801052	9.734802148699557e-08	0.4414852491341597	561
13	30483267	32301814	0.0001591168573403	4.5850496412864806e-08	0.4574243401152313	865	-0.0006016715371812	1.2885444808695458e-07	0.0937111745030226	863
13	32301815	33776902	-5.364472299340237e-05	2.8840526833036013e-08	0.7520917804472615	678	-0.0001369383388868	6.77705835872371e-08	0.5988724716322322	672
13	33776903	35026463	-6.811359020431178e-05	2.297731284515789e-08	0.653179636360155	520	-0.0002446838843291	6.06223049449668e-08	0.3203312201381861	516
13	35026464	36046366	4.7044328881512334e-05	1.3868654238754458e-08	0.6895428943567017	257	-0.0001911283826803	3.7447305712037534e-08	0.3233109109362861	255
13	36046367	37498184	2.6247790212147776e-05	3.5110010331418315e-08	0.8885964933328327	729	-3.966308729390013e-05	9.307104883711835e-08	0.8965579339026131	726
13	37498185	38878162	0.0004977962449497	4.529631777306344e-08	0.0193382362979802	694	0.0003827855081791	6.823365747245212e-08	0.1428118406306043	692
13	38878163	41069262	0.0001571521785052	4.6836167908689885e-08	0.4677433486936366	1011	0.0004502028748106	1.1880932207665581e-07	0.1915118289414538	1006
13	41069263	43101026	-4.891563213549969e-06	2.9672194660906812e-08	0.9773454973820842	719	-0.0003514176557987	7.327908104754967e-08	0.1942268690780961	713
13	43101027	44901408	0.0002997955600281	4.1691512041610484e-08	0.1420350749043036	917	-4.886936837399e-05	1.0803703832354457e-07	0.8818067274545071	913
13	44901409	46495213	1.8483083968392463e-05	3.1864357292985194e-08	0.917531813575201	594	-0.0001330435790744	6.656250530043962e-08	0.606078919555471	590
13	46495214	47431078	0.0004598267880768	3.0709430888020175e-08	0.0086912181840349	401	0.0001851404006781	5.167371936349726e-08	0.4153851530600624	401
13	47431079	49383961	1.0386627902825798e-05	3.0985468304498365e-08	0.9529473977027516	712	0.0002848661834257	7.833418981202705e-08	0.3087699235762614	711
13	49383962	51591090	-2.200665515928704e-05	3.6667586533993666e-08	0.9085049126137124	869	0.0001196736780331	8.2940280919847e-08	0.6777445018993996	864
13	51591091	53339621	-2.2832597957793575e-05	2.529644611313008e-08	0.8858499846993386	539	9.29891940614634e-05	5.009308745993599e-08	0.6777951319704774	534
13	53339622	54682863	-0.0003025156865458	4.5234636837989134e-08	0.1549190940144824	610	0.0002749333266837	9.579872940722769e-08	0.3743927634631154	608
13	54682864	55817130	8.577269200621308e-05	1.5880524535689932e-08	0.4961001523266589	378	-2.2849743362842077e-05	5.441588570400725e-08	0.9219694829588384	377
13	55817131	57554216	0.0002965681280728	2.0223742671931736e-08	0.0370311161694752	362	0.0003210509567677	2.6929095593302408e-08	0.0504151727676726	362
13	57554217	58410625	-1.188355206665354e-06	9.679269776357658e-09	0.9903627199972572	253	-5.235071855429812e-07	2.3096087270970255e-08	0.9972515196034276	252
13	58410626	59302270	0.0001917367348601	2.3338509278117194e-08	0.2094524871746153	263	-3.0114036899026443e-06	3.093265671756772e-08	0.986339103255654	262
13	59302271	60854777	-7.458968911154506e-05	2.807739037626056e-08	0.6562157650368655	640	-0.0003682311285675	6.664644496511779e-08	0.1537617497220669	636
13	60854778	61591948	6.297731818085522e-05	1.4318239290874469e-08	0.5986747447713185	342	6.75728804742591e-05	3.574226594423726e-08	0.7207758412148941	341
13	61591949	63971558	-0.0001646338386608	3.4357573176824886e-08	0.3744363734364702	800	-0.0002209739086869	8.578631699455159e-08	0.4505774693689355	795
13	63971559	65200601	-6.867205235569951e-05	1.4576046543590252e-08	0.5694913714190424	376	0.000191621547427	3.3077060217286693e-08	0.2920603899291383	375
13	65200602	67844452	0.0003359571890255	3.90532157690831e-08	0.089126053552185	958	0.000272153773883	9.168662279474641e-08	0.3687610643790912	956
13	67844453	70724515	0.0001156132861724	4.7551122359151584e-08	0.5959837351059099	1078	-0.0003611235732674	1.207035409049787e-07	0.2986041451976441	1072
13	70724516	71526790	8.451825809163222e-05	1.9090049250717745e-08	0.540728308770078	387	-0.0001045612716272	5.2138756965426835e-08	0.647009229856518	386
13	71526791	73934088	0.0004977170591833	4.524659686225916e-08	0.0192910551144707	971	0.0001631404700205	1.1746672695824929e-07	0.6340764685792543	970
13	73934089	75670142	3.36365196909441e-05	4.0451322068634854e-08	0.8671798381570265	807	3.867601927414767e-05	1.1167980776111988e-07	0.9078647371751132	804
13	75670143	77410554	0.000190098343892	4.1045667140754375e-08	0.3480869768591681	898	0.0002144362949832	1.0867472418960915e-07	0.5153821454098853	894
13	77410555	78808812	0.0001826353630023	3.2824636523385914e-08	0.3134273000797339	499	-0.0002443232885582	9.409133980880313e-08	0.4257369374572931	495
13	78808813	80585675	0.0005030370912002	2.7117144264701753e-08	0.0022523573355953	657	0.0001794226634947	6.210764655928282e-08	0.4715533040342898	655
13	80585676	82581813	2.6692573233340723e-05	3.363179263632407e-08	0.8842757884731783	736	0.0003954914446106	8.472610265446715e-08	0.1742368095397294	733
13	82581814	84133143	1.2641038319484695e-05	1.7768847186996823e-08	0.924448579242392	490	0.0001768964838227	3.7033860599477266e-08	0.3579802444792294	471
13	84133144	85610915	0.0002373628816072	2.2088429978736737e-08	0.1102448343659579	524	0.0001166216256878	5.6163844028896095e-08	0.6226508038708132	508
13	85610916	88559881	8.592747726329839e-05	4.023298143833169e-08	0.668366034514563	935	0.0004058128529568	9.627818638104673e-08	0.1909201959368666	928
13	88559882	90521310	5.772309603832497e-05	2.2682201102006403e-08	0.7015181464896822	595	0.0001320976861693	5.1055809481307427e-08	0.5588041992709254	594
13	90521311	93129690	-0.0001462138869452	4.485851032974698e-08	0.4899772401897078	1027	0.0003108586888121	1.1295213221032673e-07	0.3549946448057278	1021
13	93129691	93586454	0.0001331366601051	8.330664920929024e-09	0.1446552413963536	152	7.203233207379541e-05	1.8095203065574786e-08	0.5923158612320443	152
13	93586455	96087557	-2.9179434201311055e-05	6.570474865528686e-08	0.9093680369981172	1411	-2.6865938841183385e-05	1.7346221225208944e-07	0.9485673925420938	1403
13	96087558	97519209	4.975593718141238e-05	1.9440103054900133e-08	0.7211979950469893	407	0.0001245832898454	4.0232655357578446e-08	0.5345254388307799	406
13	97519210	98938918	-1.8141954022671756e-05	2.3545575896721265e-08	0.9058850504333176	493	-0.0001583526916	6.38944536291814e-08	0.5310127706319137	488
13	98938919	100574094	0.0001403803067212	4.0853213926256376e-08	0.4873478253606661	902	0.000131399500063	1.0330527471238193e-07	0.6826715331542759	898
13	100574095	102300522	5.3712518634715405e-05	3.8841539156557146e-08	0.785208262431481	864	0.0001312586043377	9.92923647360919e-08	0.6770056819379702	859
13	102300523	104066709	0.0002594643067915	4.8594654936160747e-08	0.2391880333475955	1046	0.0001630093305149	1.2496633279075838e-07	0.6447109961643886	1040
13	104066710	104844113	8.984337134240313e-05	1.7434876911379645e-08	0.4962390300574903	349	3.578535890528706e-05	4.7717715958261915e-08	0.8698732529456565	348
13	104844114	106247553	0.0002791387666722	3.619532175737744e-08	0.1423174158651435	700	0.0002633814919282	9.99667635681288e-08	0.404831276657719	698
13	106247554	106749999	2.009849814578896e-05	1.6087499412921204e-08	0.8740944290411783	305	-7.246165184332152e-05	4.641681415300108e-08	0.7366191342832245	303
13	106750000	108189876	0.0001550109526576	3.7651953413442407e-08	0.4243737785908844	707	0.0003430643248785	1.0498610262952809e-07	0.2896956281798548	704
13	108189877	109121209	3.7144014453707417e-06	3.6145735719188904e-08	0.984412633780446	470	-0.00013738853897	8.232830630865439e-08	0.6320638380337826	470
13	109121210	109815111	0.0001142569522337	2.4548825582290756e-08	0.4658581608569601	386	-0.0002696658006494	5.5903479313795497e-08	0.2540658461053169	383
13	109815112	111232072	-0.0001180282184482	5.303799190699488e-08	0.6083024036446423	866	0.0004344429211867	1.7917556290041954e-07	0.3047290314090373	860
13	111232073	112247591	-6.347258886327489e-05	2.8173774359767122e-08	0.7053194307402217	560	-2.351423005687066e-05	7.982161176444753e-08	0.9336700879771116	556
13	112247592	113572487	0.0001562580937648	2.541470667268485e-08	0.3270038086372117	503	-0.0001672724322122	1.041467600002688e-07	0.6042320878527453	490
13	113572488	115109852	-1.9190514511512033e-05	2.190280511487619e-08	0.8968281710670641	484	-2.2205814374240178e-06	4.6457215640076305e-08	0.9917799871722236	480
14	19002084	21589401	1.697120508475304e-05	4.5359064291961097e-08	0.9364871971170652	684	-0.0004914180002117	1.3080507058249998e-07	0.1742266022641149	678
14	21589402	23018664	-8.196143513728354e-05	3.88054386952785e-08	0.6773609879824196	753	0.000225754251568	1.0121428830870477e-07	0.4779507821248102	710
14	23018665	24905122	-0.0002832388712519	4.9092346437775914e-08	0.2011300040759158	799	-3.5540268952782393e-06	1.35770669885892e-07	0.9923042481176664	787
14	24905123	26135685	0.0001117368904541	2.9440863453583428e-08	0.5149106953228475	637	-9.38641907122122e-05	7.18012934801171e-08	0.7261173973667832	633
14	26135686	28466532	0.0001881632155276	4.380703054200181e-08	0.3686492132382655	803	0.0004442462245609	1.2654314726348985e-07	0.2117260944655555	802
14	28466533	29972144	5.8998036256574525e-05	3.416256788004866e-08	0.749575180232388	443	6.175150846088564e-05	5.77658889317261e-08	0.7972341704353583	439
14	29972145	32383264	0.0002929129162262	8.307878315933705e-08	0.3095182607839128	692	9.080853758667076e-05	8.350915352523312e-08	0.7533397675698164	686
14	32383265	34846250	0.0001796817837566	1.3177229073064818e-07	0.6206107376737552	1402	3.6943390733513255e-05	2.5481255160023537e-07	0.9416583303528224	1396
14	34846251	35859592	4.5274623462962e-05	1.4930953653198445e-08	0.7109954473185234	328	2.450667616682066e-05	3.6653312149441054e-08	0.8981448143242736	323
14	35859593	38667724	0.0001161943013315	4.4805236547413696e-08	0.5830504746812532	996	-0.0003224757625203	9.759232240299703e-08	0.3019501637207724	990
14	38667725	40341989	-0.0001002228085812	2.8476322623017578e-08	0.5525686707501232	637	0.0001669497006083	6.99501913051407e-08	0.5278867660746859	636
14	40341990	41615501	0.0002174819439829	1.844190929205495e-08	0.1092716695515068	432	-0.0004424305783039	5.6274982813431514e-08	0.0621762195002344	432
14	41615502	43137388	0.0003671691339306	2.2167253664718896e-08	0.0136594198212791	520	-0.0003255231596537	6.419408664651548e-08	0.1988633691506623	517
14	43137389	44543226	-5.712462349374024e-05	2.1271811794488065e-08	0.6953015247718788	416	0.0001634015898224	5.7445110674893966e-08	0.4953924826501797	416
14	44543227	46081895	3.85774314854614e-05	1.9752680544188436e-08	0.7837111172084652	445	5.50360027691529e-05	4.4607369619138096e-08	0.7944152592795801	444
14	46081896	46749129	3.8117231279571416e-05	8.9725428674251e-09	0.6873858490544567	221	-4.6103060222426745e-05	1.9053031779850895e-08	0.7383788383866389	219
14	46749130	48573585	8.533152326023514e-05	3.5729084765379714e-08	0.6516735716927435	706	-0.0002642606753353	8.0413806011612e-08	0.3513905146083639	705
14	49005471	50507759	0.0003317543682592	2.5384462641873818e-08	0.0373197313825114	540	-0.0001947834358835	6.27575552723472e-08	0.4368441791924662	538
14	50507760	51493571	9.220369372288728e-05	2.42645830530504e-08	0.553905174822375	411	-3.5960628228019534e-05	4.662800670057066e-08	0.867736447514843	410
14	51493572	53474382	-0.0002824319506929	4.93306891715616e-08	0.2035103692219183	964	-8.84579399437754e-05	1.3233411070839946e-07	0.8078776422330355	964
14	53474383	53997830	7.324337450242772e-05	8.729347990845733e-09	0.4330810190895303	201	5.966522478479571e-05	1.9185708420288573e-08	0.6666450558188388	201
14	53997831	55233680	5.985761417294744e-05	2.8169748427093916e-08	0.7213626397241846	498	0.0002488808941949	7.943012315257959e-08	0.3771942669532329	496
14	55233681	56216879	-0.0001453910505303	1.3934290833887589e-08	0.2180714524828726	337	-0.0002041511507421	2.92897008991082e-08	0.2329189479538814	335
14	56216880	57481261	0.0001035341003163	3.5979238518896166e-08	0.585182774837138	746	-1.1011495628534328e-06	8.86069688435258e-08	0.9970484411853008	744
14	57481262	59448335	0.0001167902446432	3.963369686721341e-08	0.5574431489572167	812	0.0003787613248354	1.0274089890657213e-07	0.2373391110869583	806
14	59448336	61680423	0.0002250896751623	3.431653455055573e-08	0.2243366586689928	707	0.0001048100087688	5.7474714522340415e-08	0.6619778491239257	705
14	61680424	63790014	8.089034183728292e-05	4.7167351797172e-08	0.7095527601683771	923	0.0002418722240315	1.2347766724301412e-07	0.4912498915926263	918
14	63790015	65220297	0.0002592785704201	2.241292227508613e-08	0.083295225832386	447	-0.0001292639499375	4.0980433473739396e-08	0.5231212287157467	446
14	65220298	66399554	0.0001444788559822	2.2102746736439516e-08	0.3311452951894652	455	6.485372292665792e-05	5.2085896457255855e-08	0.7762818030327155	452
14	66399555	67992316	9.453413231706696e-05	2.3613940972270706e-08	0.5384337984271375	492	7.169656292506637e-05	3.5406911241442846e-08	0.7031841488380243	491
14	67992317	71131956	-5.857200018758041e-05	6.891570396616407e-08	0.8234451295069685	1400	-8.360543247862131e-05	1.661248567010968e-07	0.8374749833497702	1391
14	71131957	72889614	0.0002462553086423	5.1952128719696865e-08	0.2799648129639726	768	0.0005541009926468	9.721778977878309e-08	0.0755489680297876	766
14	72889615	76444766	-6.61589377995449e-05	6.348462672732667e-08	0.7928777682775501	1350	5.960193664201557e-05	1.4345338683951916e-07	0.8749581030843114	1342
14	76444767	77229471	-0.0002038129504995	2.1930842130607305e-08	0.1687375878718918	384	9.466820142234534e-05	5.693999519579216e-08	0.6915663252360656	381
14	77229472	78561944	0.0001293902580108	3.641239258994999e-08	0.4977248952961246	707	7.560444836939164e-05	9.433263459793383e-08	0.8055588680650245	704
14	78561945	80186578	-2.765862160110749e-05	3.3740870188459413e-08	0.880311114519697	681	0.0002216780369008	8.653643677598342e-08	0.4511079206326369	679
14	80186579	81579713	8.56112592013965e-05	2.6466894761888792e-08	0.5987252250785621	592	-0.0001685129812467	6.31853872859219e-08	0.5026116586043345	592
14	81579714	83138096	0.0003146871731205	3.1776451221159595e-08	0.0775080182217368	551	0.0001773097853341	7.175433587804734e-08	0.5080194399705689	548
14	83138097	84241632	-8.857260272691721e-05	2.3162148102305943e-08	0.5605784109167191	444	-3.0832024419798735e-05	6.172923080441988e-08	0.9012395309247536	441
14	84241633	85746318	0.000348977607109	2.8909229368789312e-08	0.0401228674425052	575	-3.592031921225228e-05	7.64800615587638e-08	0.8966557380757239	570
14	85746319	86647001	9.231472209128332e-05	1.6111050726764212e-08	0.4670468684869743	357	2.555257628732479e-05	4.1381669301398394e-08	0.9000391642812584	356
14	86647002	87635340	-6.193919830954838e-06	2.0180501226056937e-08	0.9652222020423196	352	0.000281975550312	4.6000987268218166e-08	0.1886095113015898	352
14	87635341	89497642	0.0001966946493777	3.116631668466997e-08	0.2652080830044773	702	3.601498907271451e-05	6.980345813436277e-08	0.8915719759406064	700
14	89497643	91296859	0.0002779971532239	4.255779142288784e-08	0.1777972505050945	759	-0.0002256603776248	1.1663987233706947e-07	0.5087779019839801	757
14	91296860	93132298	0.0001934852707529	4.1827626316121466e-08	0.3441206292973344	780	0.0002793326621729	1.0815333698778881e-07	0.3956701743540165	776
14	93132299	94325284	0.0003478152881061	2.962318312445035e-08	0.043295908479916	477	0.0002466387316137	5.984610347141995e-08	0.3133621955001182	475
14	94325285	95750866	-0.0001051192873663	5.5361112372811385e-08	0.655044104761705	990	9.035626049122412e-05	1.4740992446864068e-07	0.8139452138701886	989
14	95750867	96262414	-3.056034060032815e-05	2.3531981734788978e-08	0.8420920893717225	418	3.256715212163639e-05	6.819388982833908e-08	0.9007518281916737	415
14	96262415	98341161	0.0003446649645173	5.5649046628274717e-08	0.1439987694875096	921	0.000377767566799	1.3638151479979225e-07	0.3063398319861677	915
14	98341162	99138531	0.0001950753037662	2.089816466644387e-08	0.1772010273187449	421	-1.642499475701912e-05	5.4299088130287144e-08	0.9438060544808502	419
14	99138532	101534306	0.0005392044986724	7.10138643128245e-08	0.0430318338337012	1024	0.0008989818552386	1.511004342983576e-07	0.0207394995590444	1018
14	101534307	103012101	0.0001227106846857	2.8918273253867966e-08	0.47054076999202	493	-0.0001279986783629	6.316431756034474e-08	0.6105453234206872	490
14	103012102	105001722	0.0007284343617671	3.602411415059003e-08	0.000124090482609	564	0.0006731834830057	5.581155143536008e-08	0.0043785528548851	562
14	105001723	106340357	1.8694178398341297e-05	1.0205409558127112e-08	0.8531891251818109	217	2.6562671712355508e-05	2.611663731345164e-08	0.8694426880896435	216
15	21131604	24195126	-0.0001030508408098	1.909441394045729e-08	0.4558131464231009	293	-1.3703464814226258e-05	5.1200725377301355e-08	0.9517089123420208	293
15	24195127	25108589	2.85959242310658e-05	1.619168695232818e-08	0.8221905178807832	266	0.0001106832042797	4.22379061262079e-08	0.5901935419922664	266
15	25108590	27298111	0.0004283021586433	6.402789283340645e-08	0.0905232264354445	984	0.0001089983455273	1.6320753960013656e-07	0.7873103699999585	978
15	27298112	29338501	0.0002521593468732	2.7283063999548284e-08	0.1268576715441528	499	0.000231792061682	6.362883698363909e-08	0.3581442117604935	498
15	29338502	30165567	3.649032281418335e-05	1.6708581196021622e-08	0.7777149605230549	307	-0.0001608782807702	3.8229024662379055e-08	0.4106147061385424	304
15	30165568	31591820	-0.0001277546334448	2.1958565276469375e-08	0.3886138849935826	342	-0.0002015721509723	4.552464125217755e-08	0.3447972285587756	342
15	31591821	32441810	5.82079481066086e-05	1.631154123080446e-08	0.6485636390791738	300	0.0002502440265859	3.7434460359668993e-08	0.195877821003547	299
15	32441811	34015424	0.0001947911613045	5.740584901175152e-08	0.4162173830783401	776	0.0005423852607047	1.253605789953506e-07	0.1255497528757443	772
15	34015425	35083250	0.0001210551906452	2.5350572146240297e-08	0.4470705292093981	451	1.299950382003773e-05	7.09330573428617e-08	0.9610712834756132	449
15	35083251	37456501	-0.0002346037721625	6.161476798077085e-08	0.3445913629806102	1071	-0.0002478708626553	1.4775729380231945e-07	0.5190317965905977	1066
15	37456502	38530776	0.0003076005744267	2.2540035082759308e-08	0.0404769305281495	414	-9.7839280918414e-06	5.248680116650807e-08	0.9659359512024068	410
15	38530777	40384131	0.0002030760016838	4.822150933508625e-08	0.3550806047667864	884	0.0002909187508091	1.0922872862438005e-07	0.3787269212034763	881
15	40384132	41177513	-7.527903191377321e-05	1.2788600321855521e-08	0.5056185906533306	260	-0.000107429037064	2.586035511724037e-08	0.5041061220821763	260
15	41177514	42776398	0.0001006575313978	2.5313794200068492e-08	0.5269582884277761	520	-5.393657901482629e-05	4.7969747952784456e-08	0.8054784244875363	513
15	42776399	44198048	-2.82219219722868e-05	1.4129433557018151e-08	0.8123280450002853	344	1.0884080469078996e-05	1.66882986189075e-08	0.9328552277470534	341
15	44198049	46618786	2.332536276425583e-05	2.5689222334505597e-08	0.8842923258269608	548	1.5946823872934738e-05	4.564549479262123e-08	0.9405006541827624	545
15	46618787	48136047	0.0007042590764383	6.479876720956683e-08	0.0056641211838725	665	0.0009957992636902	1.183324067314917e-07	0.0037938899666943	662
15	48136048	50008042	0.0002143331190882	2.2027861064844193e-08	0.1487053754856125	486	5.722982063837761e-05	3.785732399941371e-08	0.7686543727599473	485
15	50008043	51677559	-0.0002674129238085	3.794757160868548e-08	0.1698311160087197	704	6.882802536601032e-05	6.262277491969472e-08	0.7832839033394672	696
15	51677560	53069095	0.0002072054296253	6.549295423630915e-08	0.418134373552693	462	0.000165086079282	3.248975440112134e-08	0.3597313160263639	459
15	53069096	54508527	0.0001799774249284	3.7826879588367524e-08	0.3547708641052605	735	0.0002433187438401	8.451710781576817e-08	0.4026166237273477	731
15	54508528	55136268	8.322096002172358e-05	1.5751628646574512e-08	0.5072753487921924	299	0.0002649633020724	3.4928646273404574e-08	0.1562683483320071	298
15	55136269	56901772	0.0002174235866318	3.2600278717070945e-08	0.228515097260406	638	0.0001062305939995	6.917674560432992e-08	0.686289201806261	638
15	56901773	58441365	-9.141337758691514e-05	3.5713723732499924e-08	0.6285860644605525	699	-0.0003753794804213	7.065726212461663e-08	0.1578949866394176	695
15	58441366	59694115	0.0001222429296174	3.260545356816198e-08	0.4984158865862126	584	0.000135848383514	7.497996118581296e-08	0.6198136706228774	578
15	59694116	61265835	0.0001554499059268	4.3121913331203424e-08	0.4541070309384902	752	0.000279450811551	1.0203465798782087e-07	0.3816578049547416	746
15	61265836	63215221	0.0006557079322291	8.584402559602545e-08	0.0252226286877921	1023	0.0004277348291445	1.384507207648149e-07	0.2503302013515521	1021
15	63215222	65104667	0.0004434654906576	3.1446178386055826e-08	0.0123919314480026	554	0.0001638686861737	5.2630278152652276e-08	0.4750442454742877	551
15	65104668	67094766	0.0002030016751147	3.694006282046532e-08	0.2908716923461388	735	0.0004349736877269	7.148972728650663e-08	0.1037740088778574	727
15	67094767	69017998	-0.0002128532103803	3.990140366248655e-08	0.286613480375007	800	-0.000123390277836	7.576071800395107e-08	0.653944028446412	797
15	69017999	70133340	-0.0001039125912332	2.0042249885315993e-08	0.4629498931859996	328	-7.216436360067647e-05	4.1620774854370006e-08	0.7235437945826136	327
15	70133341	71922648	0.0001507813016478	4.493232864484773e-08	0.4768829115299211	800	-0.0001677791090221	9.855034613570719e-08	0.593028765097572	800
15	71922649	73628713	-0.0001524648547293	1.8651651356961186e-08	0.2642605530078997	428	-0.0002140472578844	2.8412249272320633e-08	0.2041334441400968	427
15	73628714	76398623	0.0003217855013005	5.514053304095528e-08	0.1705781761078428	733	-0.0001395130054864	8.43814130723341e-08	0.6310308275170796	731
15	76398624	78516052	0.0001251288855537	2.980332518454353e-08	0.468567535811966	627	-4.138646786487185e-05	5.33409956861884e-08	0.8577839687430211	624
15	78516053	80860977	0.0004826301364081	6.063963916309437e-08	0.0500063086595316	1097	2.5122814715612676e-05	1.414796138852681e-07	0.946747670055608	1095
15	80860978	84260467	0.0001066287797982	5.6676429443909816e-08	0.6542312220322668	1049	0.0002497306647529	1.2227755038325677e-07	0.4751252115147316	1042
15	84260468	86652904	0.0002273360465569	5.5395313112597345e-08	0.3340946381788747	927	0.0002700936989965	9.093451161262017e-08	0.3704267729084572	925
15	86652905	88369942	-5.93688689902632e-05	4.792060095684219e-08	0.7862333889524691	875	0.0002862992930502	1.0954778541538457e-07	0.3870362012429765	874
15	88369943	90475550	0.0001940479737791	5.4669128111928574e-08	0.4065820629313345	815	-0.0003051097452728	9.674286388389169e-08	0.3266176908026895	807
15	90475551	92164391	-1.1040589114848608e-05	4.742616671684184e-08	0.9595668765313436	717	-1.6809755404426177e-05	9.70104208680367e-08	0.9569590875369576	716
15	92164392	93780901	0.0001039906008999	6.6763813487439e-08	0.687344977027176	905	0.0002704210384833	1.3659515887783734e-07	0.4643622212396192	900
15	93780902	94924329	1.2781510561245608e-05	4.556515551554417e-08	0.9522529700427896	680	0.0002384038356087	1.2076684307966938e-07	0.4926979024165826	678
15	94924330	96141595	-2.6663929599833026e-05	4.0735634124849266e-08	0.8948969926600379	642	0.0005352775324781	1.1265742131443469e-07	0.110762811813786	639
15	96141596	98030909	0.0001942427155024	5.753033293122788e-08	0.4180352767246651	837	0.000257993337375	1.398762121899729e-07	0.4903066133697411	832
15	98030910	99244058	0.000356365091573	4.058196000103854e-08	0.0768933218449799	615	0.000122251077531	1.0485314399899801e-07	0.7057729928993413	610
15	99244059	100636846	0.0003495638270851	3.8094569314281486e-08	0.0732937148225408	651	-0.000164112639026	9.266924738535713e-08	0.5898136764341765	649
15	100636847	101552693	-5.857583271023215e-06	2.8934164133826344e-08	0.972529457561106	485	-8.36928449752401e-05	7.1819346762872e-08	0.7548149326383611	482
15	101552694	102520965	-0.0001451354616162	2.9936238585481846e-08	0.4015636633175283	459	3.1210983542324246e-05	8.16914104144308e-08	0.9130445345459732	455
16	60054	1207205	0.0003930615389746	1.9262095680577538e-08	0.0046243196929453	318	0.0001849282343117	4.821669130298169e-08	0.399687644467073	316
16	1207206	2764828	7.965834217330895e-05	2.4597128185187577e-08	0.6115145765577725	426	-4.170017291312378e-05	4.8678578106247015e-08	0.8500903918005076	425
16	2764829	4001195	3.879916518267935e-05	2.3667221907814235e-08	0.8008848363966521	387	0.000150122429019	5.381135073827788e-08	0.5175313186237536	387
16	4001196	5118344	-6.907241224867102e-05	2.697966658021454e-08	0.6741058494039085	441	0.0001819377197418	5.8636410998026855e-08	0.4524454112463055	440
16	5118345	5891579	3.54207925595572e-05	2.5433444907863882e-08	0.8242332026597553	417	0.0001342110004055	5.861881889232347e-08	0.5793519756457224	415
16	5891580	6893550	0.0008876551754751	7.766846507021548e-08	0.0014470819002626	775	-1.1327426803226237e-05	1.2996298295482453e-07	0.974933711542914	765
16	6893551	7529120	0.0001812006175969	3.297698539064911e-08	0.318364429237836	559	-7.17793577622659e-05	8.073346323804955e-08	0.8005596050732124	558
16	7529121	8338518	-6.57597743769476e-05	3.850813311386193e-08	0.7375440336280771	617	0.0001952538324395	9.717894421337921e-08	0.531088805032796	613
16	8338519	9799418	-1.7488115971896214e-06	5.10868799799779e-08	0.9938266050411162	788	-0.0004845016476695	1.3153750696832026e-07	0.1815854751025659	783
16	9799419	10426031	2.55706975518287e-05	2.1880123050277623e-08	0.8627542190538118	414	3.978227987350879e-05	4.8605845669153526e-08	0.8568030452259028	413
16	10426032	11520160	1.4454813952492788e-05	3.186943060888767e-08	0.9354656305515312	526	-0.0001036636272659	7.150209104026805e-08	0.6982570647849295	523
16	11520161	12613097	0.0001901152225827	2.636415749000802e-08	0.2416496643400666	450	1.3717608123358793e-05	6.013100579663499e-08	0.9553889182277728	446
16	12613098	13154436	-2.2970682774052088e-05	1.9321151901519513e-08	0.8687424414962389	355	-0.0001863722862108	4.16521452615546e-08	0.3611409655153338	352
16	13154437	14464001	0.000813668383546	5.3863044436397494e-08	0.0004550320920102	613	0.0001700920690151	8.119885210687264e-08	0.5505672277688238	610
16	14464002	16154059	-5.9361735285792264e-05	1.911375204011832e-08	0.6676526033335699	364	-1.3377984669418111e-05	3.9750475321585393e-08	0.9465024615773902	363
16	16154060	17644748	7.591142488795001e-06	2.7944228821310904e-08	0.9637797121926662	444	2.9766777039182712e-05	6.98348616656915e-08	0.9103153475097288	442
16	17644749	18643606	0.0001899024572069	1.0932657381274773e-08	0.0693371048758829	195	0.0001794398878974	2.6123048031663852e-08	0.2669064191221912	195
16	18643607	20150570	0.0004715691918239	2.63192272861681e-08	0.003651957540514	470	7.092228343402439e-05	5.7148592070595716e-08	0.7667151715310581	460
16	20150571	22448903	0.0001230698596168	2.804308076538001e-08	0.4623894771871811	514	-0.0001830948297582	5.994468947720597e-08	0.4545649479398508	510
16	22448904	24136874	2.5895466861193905e-05	3.460680406473472e-08	0.8892911554715923	581	4.433734876848776e-06	6.685603740141368e-08	0.9863189892853348	576
16	24136875	25986861	-9.124890438917368e-05	5.1984521470589994e-08	0.6890000192272692	850	-1.2803191301254142e-05	1.186944140257786e-07	0.9703555633271188	847
16	25986862	27445754	-0.0001514874699851	4.96046372311034e-08	0.4963987087592496	742	-1.3325734774602984e-05	1.2859169828745657e-07	0.9703568183515926	738
16	27445755	29036612	0.0002132715098142	2.338729210520558e-08	0.1631430713807014	428	-0.0001607402705561	3.3325086787086245e-08	0.3785778670224842	427
16	29036613	31382942	0.0007951051633485	4.615608785673065e-08	0.0002148164534649	410	0.000525847458253	3.545643785101318e-08	0.0052282671975346	409
16	46399473	49007925	-5.5885345010019825e-05	1.5954049467955952e-08	0.6581648795357384	320	0.0001167320985371	2.8968087427659887e-08	0.4928064689002651	318
16	49007926	52035822	0.0005682198316058	7.416864962015867e-08	0.0369386540060327	1243	0.0001484223450659	1.796251521546171e-07	0.7261888652212921	1234
16	52035823	53382571	-2.623995668571817e-05	2.7814474527898464e-08	0.8749801698014907	522	5.6111966842037616e-05	5.7775953281874376e-08	0.8154169770399201	520
16	53382572	55903773	-0.0001334900313202	7.552801687564085e-08	0.6271587162707626	1293	1.8879083616686342e-05	1.8369288763789298e-07	0.9648654516420698	1292
16	55903774	57664329	0.0001274479013899	5.7488718262060455e-08	0.5950400316584085	738	0.0001572105125707	1.1384892027812765e-07	0.6412683319682858	733
16	57664330	59045404	4.102308560065456e-05	3.5707915352848793e-08	0.8281357698339867	600	0.0001371529151174	8.17208917638505e-08	0.631386699910288	599
16	59045405	60745693	5.83250598731783e-05	3.296082715206216e-08	0.7480136537579904	601	0.0002952249115348	7.255083099601338e-08	0.2730553046027195	600
16	60745694	62229848	0.0002205904527925	2.2979245046435586e-08	0.1456174731993269	406	-0.0004132572519727	4.5813035286155975e-08	0.0535140276406771	405
16	62229849	63691588	7.07788540843553e-05	3.7253971177316916e-08	0.7138388192956702	518	0.0002220698675436	6.921049298745945e-08	0.3986029262442079	513
16	63691589	65938565	0.0003452313142819	6.55868017557564e-08	0.1776463405330987	942	0.001091825525364	1.3592483331454576e-07	0.0030619804136648	939
16	65938566	68841362	0.0002396505158655	4.0502977660273854e-08	0.2337363445138389	812	0.0001811804207857	7.079279178072951e-08	0.495901620639303	804
16	68841363	71054027	0.00023798883418	2.3436936356757743e-08	0.1200520290316298	477	0.0001285879303566	4.18168616154736e-08	0.5294686660668972	476
16	71054028	72935149	5.917244719803477e-06	2.6629408098945195e-08	0.9710743137209916	543	-0.0001349271731035	4.684573988451588e-08	0.5330239875197407	540
16	72935150	74971502	0.0005182751878094	6.502081577812062e-08	0.0421013332186354	907	0.0005637809053002	1.420083920250313e-07	0.1346341191012535	903
16	74971503	75977953	1.6925204869385553e-05	1.5456820843833396e-08	0.891713554990527	295	-2.4932507271520492e-05	3.249323476265947e-08	0.8899914210470415	295
16	75977954	77523677	-0.0001082461040358	4.5130858644173556e-08	0.6103760755939959	832	-0.0001501232739287	9.984608255518004e-08	0.6347176620849115	830
16	77523678	78456291	8.403580631201983e-05	4.410112965948357e-08	0.6890347110479769	706	-0.0001722156612293	1.0843517274521808e-07	0.6009860972066428	703
16	78456292	79134814	-8.154145758377537e-05	4.1738187335281227e-08	0.6897992422759931	640	-0.0001629592034307	1.052415035733294e-07	0.6154384560819823	634
16	79134815	80297373	-0.0001039059422845	5.005969944054102e-08	0.6423580838743734	853	-0.0001432207992339	1.0934468817693273e-07	0.6649283114902189	852
16	80297374	81772535	-1.1524226829296416e-05	5.4750959355990016e-08	0.960719189056554	912	0.0001452797850398	1.302626425723261e-07	0.6872960650101927	910
16	81772536	82747727	-2.306420719415317e-05	4.275101861054532e-08	0.9111810898404576	652	0.0002374037685039	1.0633588377975798e-07	0.4665968532372078	647
16	82747728	83477207	0.0001646428003592	5.1900670354156383e-08	0.4698660501789108	679	-0.0001092117535356	1.1098492299784921e-07	0.7430466560787093	678
16	83477208	84445882	0.0002069398872001	5.542434897790617e-08	0.3793957529273117	807	0.0003454383346548	1.4675118867052378e-07	0.3671967835141029	805
16	84445883	85148684	6.314219617394604e-05	3.72400432046112e-08	0.7435158800873605	532	-0.0004303251674613	1.0130499204381e-07	0.1763707029371081	530
16	85148685	86156598	0.0004119731436248	4.2446461664096905e-08	0.0455409708381293	511	-0.0003172940843578	1.0783909160932779e-07	0.3339365091406122	508
16	86156599	86815410	-0.0001635302336004	4.2039588403858155e-08	0.4251200452897615	567	0.0003696930831495	1.1742308529609662e-07	0.2806507074824558	562
16	86815411	87647348	0.0002218516610448	3.6827280859314785e-08	0.2476593562057997	410	0.0004795520704153	6.874616100451818e-08	0.0674009713405363	408
16	87647349	89041164	0.0001050403011613	2.8021522814426332e-08	0.5303349811110754	419	0.0001775025329093	6.716273468909683e-08	0.493393886026513	416
16	89041165	90292811	0.000162400752143	5.3278940749935077e-08	0.4816976402423363	413	-0.000242575293224	7.715528048551988e-08	0.3824992763032098	412
17	56	1172398	-6.740900117569117e-05	2.4779444602418907e-08	0.6684872520422083	330	0.0004089881951467	7.197128227219456e-08	0.1273805938173552	324
17	1172399	1928730	0.0003007006439342	3.216152338103964e-08	0.0935930877904462	283	4.441768521153167e-05	5.99950341206658e-08	0.8560991843830206	278
17	1928731	3702311	0.0002244858266065	4.5683589492069966e-08	0.2935852622498383	761	0.0002433002207903	1.033090228706303e-07	0.4490733619649248	752
17	3702312	4696260	0.0002027960407209	2.2420952868189482e-08	0.1756232229644783	387	0.0003283280577532	4.97660633029625e-08	0.1410817088542517	387
17	4696261	5741333	0.0006911876574453	5.1696476963586714e-08	0.0023662259651149	458	0.0001153040630837	8.006972468567913e-08	0.6836526238528466	454
17	5741334	7317397	8.000887966244736e-05	4.604459705819662e-08	0.7092506914587181	747	-0.0001555094106707	1.227053281783517e-07	0.6570854560398764	746
17	7317398	8306424	0.0002228725831045	2.167733552934872e-08	0.1300896646570884	416	-0.0001716504847534	5.037626840243431e-08	0.4444072627809411	413
17	8306425	9965920	3.5620369086744756e-05	4.4129074267597654e-08	0.8653523135634316	716	-2.1520070278702106e-05	1.2215937304701152e-07	0.9509040110510162	714
17	9965921	11102814	-2.936531189136113e-05	3.067034741990652e-08	0.8668368521726635	545	0.0003046493540742	7.537024533378099e-08	0.2671341482263019	541
17	11102815	12534768	0.0003269207977668	3.660659627126504e-08	0.0875086809079731	627	0.0002329718059325	9.625697560675384e-08	0.4527074749331617	625
17	12534769	13180371	-0.0003260532032396	3.2789857604517986e-08	0.0717649943814413	339	6.118863855561075e-06	6.266760658946402e-08	0.9804994861815473	338
17	13180372	13894636	5.8272827479051656e-05	2.6650964148420587e-08	0.7211278576153197	394	-3.322225446926751e-05	7.89387705881074e-08	0.9058732901991738	393
17	13894637	15019096	0.0002408994662484	4.01075613483003e-08	0.2290223262065934	662	0.0002451908016081	1.0544734994972993e-07	0.450207897094579	658
17	15019097	16412341	-9.75074812046118e-06	2.1119054364668452e-08	0.9465047772039804	412	-7.16835837614833e-05	4.2191331883315246e-08	0.7270997676923869	410
17	16412342	18856319	-0.0002868481586239	3.2698922909801426e-08	0.112671257070147	692	-3.919508584768386e-05	6.358481168794609e-08	0.87647667021501	683
17	18856320	21290356	0.000256613123262	3.356769064381006e-08	0.1613298530826651	422	-6.303152662933281e-05	3.6857623158966174e-08	0.7426715388787186	419
17	21290357	27334243	4.3831546399670634e-05	2.7842757033336267e-08	0.7927955237723255	610	0.0001712420017094	5.9371722695867994e-08	0.4821917767172754	608
17	27334244	29786490	9.6926453990894e-05	3.5074757573254316e-08	0.6047783687011923	679	-4.7487896505001686e-05	4.19198319740775e-08	0.8165856475144682	671
17	29786491	31538424	4.050628703847252e-05	4.5149684202215156e-08	0.8488141675292397	617	-9.550031942952008e-05	8.047111513300359e-08	0.7363771386217582	610
17	31538425	32912797	1.1877663662061337e-05	4.8342985520656876e-08	0.956918267572233	904	-0.0001168726867359	1.2891272285381274e-07	0.7447946605320359	902
17	32912798	34469035	5.662114151234471e-05	2.9714472428488023e-08	0.7425569535631233	590	-9.2125564921956e-05	7.09480365762517e-08	0.7294421633652384	582
17	34469036	36809343	0.000287455651947	3.518963335049932e-08	0.1254312951845184	624	0.0005921448197072	7.026242488479324e-08	0.0254887601757037	586
17	36809344	38877403	-6.639912122048833e-05	4.199292606022473e-08	0.7459215113590423	584	-6.961769205416327e-05	7.424030492980118e-08	0.7983329256569495	580
17	38877404	39899809	-0.0001345905754082	2.054394192924598e-08	0.3477227870005338	464	0.0001822043670297	4.719757937867458e-08	0.4016460508705975	461
17	39899810	41772086	-5.0197005699821915e-05	2.127758781168585e-08	0.7307520491196534	505	7.539043009497902e-05	3.8157760012765825e-08	0.6995378198110841	503
17	41772087	43056904	-0.0001206441616019	2.013704479097646e-08	0.3952276773396287	439	-0.0002341063423619	5.8402741559877565e-08	0.3326868075772943	436
17	43056905	45876021	-7.589951587280942e-05	2.909824793598404e-08	0.6563600530809639	480	-9.873490352508176e-05	4.9927016532073294e-08	0.6585771091389274	480
17	45876022	47517399	0.0004258520121468	3.1841542431099974e-08	0.0170095523752671	640	0.0006840091068465	6.523686544876441e-08	0.0074056716748802	638
17	47517400	49898956	0.0003456509083378	5.1942035203126095e-08	0.1293613802621888	923	0.0002170438182812	1.3163641449617178e-07	0.5496945539440365	914
17	49898957	50719054	-2.6191444792906588e-05	1.39516896100619e-08	0.8245154907272525	327	-2.377183957943999e-05	3.0486907252639594e-08	0.8917055610041965	327
17	50719055	51826117	-7.475811232054253e-05	1.7264607922502388e-08	0.5693848577909859	384	3.2593398064444706e-05	3.9092046240036046e-08	0.8690630975466012	384
17	51826118	53599431	3.151092622027856e-05	3.72451762717631e-08	0.8703000048822743	694	0.0002507576884117	9.041097451593233e-08	0.404305189159853	693
17	53599432	55357540	-1.9621977597347855e-05	4.233351990663597e-08	0.9240228969521044	676	-0.0003089726604823	8.272827018515089e-08	0.2827242602878229	673
17	55357541	57487511	0.0006307004022931	8.04098487369102e-08	0.026136834088357	793	-0.0001371752275084	8.513615937658192e-08	0.6382616031520731	791
17	57487512	59312754	6.192999802049038e-05	1.1601082737907953e-08	0.5653056600081867	292	6.666787839250483e-05	2.0906747252424985e-08	0.6447434071173682	289
17	59312755	61545588	0.00014079601268	2.4960262232522873e-08	0.3728322241185671	528	0.0002880759999537	5.1441711140988914e-08	0.2040370761947774	524
17	61545589	63148127	0.0001659368776671	1.6930127803052837e-08	0.2022026247390532	362	0.0002190779350756	2.9302330355956622e-08	0.2006098311852265	360
17	63148128	64800429	3.437688821838283e-05	3.575768486998419e-08	0.8557436311561857	711	0.0003433901409301	8.23580436870451e-08	0.2314777442019002	706
17	64800430	67858769	-5.571973328029175e-05	8.890039015669357e-08	0.8517566201438934	1103	0.0001622537839665	1.6533428794861565e-07	0.6898658044997523	1099
17	67858770	69387816	-0.0002237350282479	3.7147876407151774e-08	0.2457128190969225	717	-0.0003759016265246	9.495646830278259e-08	0.2225158882859138	713
17	69387817	72672202	-0.0001887519850448	9.683845066709429e-08	0.5441486596443104	1586	5.364728536207581e-05	2.629147957463007e-07	0.9166724652705032	1581
17	72672203	74375559	0.0002362907686821	3.7048001978958156e-08	0.219589221155676	525	0.0004011183135803	6.004914747353835e-08	0.1016537927825745	524
17	74375560	76263412	-6.280760734939739e-05	5.4221318691055485e-08	0.7873689542407338	831	-0.0002323475904371	1.5184303642781457e-07	0.5509969106095065	824
17	76263413	77298635	0.0003794530203801	3.288638522858919e-08	0.0364004954517005	471	0.0004145325004915	8.223919926384652e-08	0.1483165087544686	469
17	77298636	78837587	0.0002611552437655	3.8240631266288295e-08	0.1817204679689151	632	0.0006056756406489	1.0168067690206593e-07	0.0575093412073599	624
17	78837588	80034407	7.493391880755819e-05	2.5669559893233866e-08	0.6399977052596402	244	0.0001604139714423	4.0701942591431436e-08	0.4265416308401757	241
17	80034408	81194907	1.4199536171132104e-05	1.6481290477945792e-08	0.911928816664936	357	-0.0002176433907626	3.5557696334976486e-08	0.2484207915039497	351
18	10644	912485	0.0001473178058276	2.4992106124583704e-08	0.3514053955927004	454	-2.483927705904984e-05	6.134823704162443e-08	0.9201177120362506	452
18	912486	1942910	-0.0001817299804256	2.2019665314318353e-08	0.2206973033009959	425	-0.000161339492034	5.595775520117908e-08	0.4952129656013849	422
18	1942911	3891657	0.0002112921790274	5.4548850854959984e-08	0.36563976404862	869	0.0003323578575806	1.5464276329456426e-07	0.3980191051271605	863
18	3891658	5834179	0.0006236201899142	1.0457678088135629e-07	0.0538024063400388	866	0.0010702011893245	1.3400490071363952e-07	0.003461053290501	863
18	5834180	7090484	0.0001238215060675	3.6210653782729896e-08	0.5152429759657484	638	0.0001442710709473	9.80049347224839e-08	0.6449095063604486	638
18	7090485	8498930	-0.0001334427128199	3.3848383036163555e-08	0.4682595842284959	622	-9.49922170131223e-05	8.505570233142036e-08	0.7446408188962612	619
18	8498931	11075912	0.0003576740413824	8.61596010895832e-08	0.2230233175947569	1456	-0.0005157815292012	2.3515959725220323e-07	0.2875031687404475	1449
18	11075913	11905439	-5.045237569907206e-05	1.6044117898190656e-08	0.6904000077434536	279	4.8112970493046646e-05	5.383629367488877e-08	0.835728864399456	278
18	11905440	14440798	0.0002414787198181	4.3971919787533736e-08	0.2494969332472445	898	0.0002090283097037	1.017088532516116e-07	0.5121915107691128	892
18	14440799	19485843	-3.988436303137823e-06	7.328250731274556e-09	0.962839165133448	189	-1.4528272642121296e-05	1.2380597163817448e-08	0.8961155281780502	187
18	19485844	20649471	2.6757282927107e-05	1.422062292603946e-08	0.8224622118217371	338	0.0002945168026009	2.919661030175835e-08	0.084774791143699	337
18	20649472	22996650	4.210701031466973e-05	4.677659330548705e-08	0.8456368809611953	907	3.776904814990517e-05	1.1481219758942489e-07	0.9112469052979946	900
18	22996651	24026190	0.0001576124949976	1.6842044273079472e-08	0.2245614149509079	366	-0.0003097906967943	3.8864088600023044e-08	0.116083568327602	364
18	24026191	25927681	-0.000133405801253	4.615464160641457e-08	0.5346227444164309	929	-0.0004058584530612	1.0417101007214465e-07	0.2085798015858886	928
18	25927682	26875586	0.0001633721980756	1.1862633529486313e-08	0.1336176804719689	279	8.019041759005339e-05	2.5036636935382217e-08	0.6122968980264986	278
18	26875587	27866477	0.0002463006304713	4.633337086422062e-08	0.25252253553784	319	-0.0001464357849188	3.38826532623641e-08	0.4263031882482074	317
18	27866478	30264065	0.0003842844902035	5.108729045933271e-08	0.0890959549515409	1030	0.0001459050155675	1.25711669309043e-07	0.6806971991669077	1025
18	30264066	31780066	9.99753957333402e-05	1.6360339097499396e-08	0.4344365351703479	404	0.0001172373534783	3.272562236307839e-08	0.5169395500606679	397
18	31780067	33861963	0.0004293024955019	3.091015053243389e-08	0.0146136113967511	713	9.484551834909815e-06	6.939271638715874e-08	0.9712785668003062	710
18	33861964	35075249	7.058041326542605e-05	2.4408037221893172e-08	0.6514343987926599	528	-0.0002308958617629	4.9886889424001456e-08	0.3012447994577203	526
18	35075250	36365489	6.718850277797142e-05	2.5671294870828313e-08	0.674964291104925	559	-3.301916940572671e-05	6.23520339827817e-08	0.8947997638538839	555
18	36365490	37684366	-1.4091833313313572e-05	1.7160096231392967e-08	0.9143335593294184	407	-0.0001733325990278	3.681476046274137e-08	0.3663255883928575	407
18	37684367	39892647	-0.0002870795165859	3.9140072169299984e-08	0.1467575487976403	880	-0.0003504257419584	1.195660626541184e-07	0.3108567308512028	879
18	39892648	42922105	0.0003526994469853	4.9625988312941074e-08	0.1133639148760622	1093	-0.0004218002268094	1.115520383376859e-07	0.206626070542112	1089
18	42922106	44299245	-0.0001821892718651	3.7906819194040506e-08	0.3493971574404296	748	-4.7226313831132066e-05	9.101767638396684e-08	0.8756085721719095	742
18	44299246	45939731	0.0004051151014356	3.3813438377172906e-08	0.0275878603953525	700	-0.0002704077094194	7.368282269937365e-08	0.3191647859424513	696
18	45939732	47730583	0.0002269901907408	4.5075002128050833e-08	0.2850014506738411	895	-1.0077980812797774e-05	9.95337924585246e-08	0.9745167709581188	892
18	47730584	51062184	0.0007043924200436	6.48592862224009e-08	0.0056774678677826	1372	-0.0001692757731084	1.4888100383155673e-07	0.660873416745949	1361
18	51062185	51554174	1.5207634097197062e-05	7.601125945567502e-09	0.8615270626487836	194	8.5537863678739e-06	1.5999736882204752e-08	0.9460848106675546	193
18	51554175	55213837	0.0003435392394232	1.5134735788693154e-07	0.3772052661855495	1307	-0.0003384235590204	1.316670494204887e-07	0.3509970015900626	1303
18	55213838	56530219	0.0001071697500823	3.6070906150156266e-08	0.5725644444417668	677	-5.300422120164594e-05	9.610330050973716e-08	0.8642407319796619	675
18	56530220	57630482	2.1902149577335193e-05	3.3806884100823194e-08	0.9051803980911348	644	-0.0002286065516315	1.032763294240883e-07	0.4768623621176959	641
18	57630483	59020750	1.6020249111552227e-05	2.3648639500452218e-08	0.9170299638450728	507	0.0001474924320585	4.9015782089347064e-08	0.5052860764835814	503
18	59020751	60277714	-5.190263769013658e-05	3.2752023317842395e-08	0.7742699052829685	625	0.0001409894577506	8.210402755128365e-08	0.6226878632874147	621
18	60277715	61820251	-2.2319713853099385e-05	2.9357221299851867e-08	0.8963559619355035	625	0.0001900728183861	6.606892316390906e-08	0.4596207811186497	622
18	61820252	63463401	-0.000214191561198	2.5746507208519733e-08	0.181914648851994	586	-5.423319522018048e-05	5.882277747129639e-08	0.8230602981615003	584
18	63463402	64252800	-2.5147975582835763e-05	1.3494471558949006e-08	0.8286107734093302	296	0.0001693265909554	3.2145935827166456e-08	0.3449584502940415	292
18	64252801	66125816	-0.0002932172603743	4.311954541942369e-08	0.1579329710262197	886	-8.077403413545772e-05	1.080761967530193e-07	0.8059137756018799	881
18	66125817	67175819	5.709162679606796e-05	1.9269029420155587e-08	0.6808638257344559	376	9.280825490368226e-06	5.046543290264653e-08	0.967046151613281	373
18	67175820	68621178	7.018982835778891e-05	3.0782625199118786e-08	0.6891148877683959	548	0.0006126666906724	8.545804830366164e-08	0.0361008150674841	545
18	68621179	69621617	-9.582271845841836e-05	2.542957507312549e-08	0.5479096051660195	472	1.8587144163400296e-05	6.737807258286843e-08	0.9429149452053596	471
18	69621618	71038473	2.9211188717470675e-05	3.420411190382992e-08	0.8744989377219459	647	-9.708141175375504e-05	8.875382825667847e-08	0.7445237616839053	645
18	71038474	71971461	9.630045290454832e-05	3.20834077417244e-08	0.5908285911447027	540	0.0002974623838145	8.971953445202673e-08	0.3206661642001681	538
18	71971462	73526986	0.0006732548301333	5.701992807153772e-08	0.0048104323954513	732	0.0004351877299677	9.04750737468598e-08	0.1479495224601683	729
18	73526987	74813814	-0.0001921241141584	3.723423853889196e-08	0.3194158396861883	663	-0.0001844600151995	9.568511643936329e-08	0.5509608583216612	660
18	74813815	75976316	2.767199936710336e-05	3.759109503459941e-08	0.886507891097983	659	7.60927483059251e-05	9.882212342810737e-08	0.8087366300929458	656
18	75976317	77149990	2.387331409369392e-05	2.6936598930894697e-08	0.8843482904678318	483	8.693385372162733e-05	6.720892235123781e-08	0.7373743852639615	474
18	77149991	78017157	0.0007420064209571	3.767791176260314e-08	0.0001320264584857	280	0.0006343499215432	6.245760285107593e-08	0.0111404945302261	276
19	610729	2098395	-0.0002490696716511	2.4637111053040108e-08	0.1125548315562142	249	0.0003150209713894	7.411461287842803e-08	0.247213384227574	245
19	2098396	3019659	7.534216517631993e-05	2.0826218134952036e-08	0.6016181178974456	255	0.0001771191276624	3.8983674853492906e-08	0.3696840528394831	254
19	3019660	4348966	6.0899805743639176e-05	2.0836916893220466e-08	0.673105347711503	271	-0.0002282888088427	5.8388256383492144e-08	0.344781004799907	270
19	4348967	5811851	0.0001936667869585	3.97391435217198e-08	0.3312959114648809	504	8.199073497391575e-05	7.240622348353173e-08	0.7605923104932318	498
19	5811852	6684884	-6.09270332612109e-06	1.3623787122776661e-08	0.9583702327993336	240	-0.0001853049172305	3.4862297429008884e-08	0.3209777177486176	240
19	6684885	8347512	6.273472666798226e-05	3.6081562446774024e-08	0.7411981330547138	584	-2.7347834551544717e-05	1.1489866421945053e-07	0.9356965069949976	575
19	8347513	9238392	0.0001021673571126	1.5677629974527186e-08	0.414519698733844	305	-9.244177287872386e-05	3.811325693792991e-08	0.6358485288920648	297
19	9238393	11284027	-6.797773745516612e-05	2.8823455378273597e-08	0.6888621854952715	659	-1.8648510351883643e-05	5.7165723090134786e-08	0.9378306684394724	654
19	11284028	13471126	0.0002546025048041	5.175707117762549e-08	0.263087664171699	577	5.6281569802771934e-05	6.652497628946587e-08	0.8272658115236516	573
19	13471127	14486346	9.482427538497434e-05	2.1915621850758034e-08	0.521825064507546	241	0.000280741827625	4.1667327639464883e-08	0.1690268215724174	238
19	14486347	15648609	7.421896147948687e-05	2.464840723783128e-08	0.6364001671932218	464	0.0001654216321039	5.952830104066895e-08	0.4977708383556792	461
19	15648610	16374415	8.077985105968645e-05	1.8261334642814698e-08	0.549990953574608	443	2.256180372441543e-06	3.7592725212021253e-08	0.9907156357184892	434
19	16374416	18409861	0.0001960357421544	3.77236921409682e-08	0.3128219867714839	693	2.9135712935456616e-05	9.80691244070931e-08	0.9258735197731536	683
19	18409862	19877470	0.0001032432940809	1.8824638748849188e-08	0.4517587385909305	452	9.278533553795018e-05	3.5600984042212116e-08	0.6228929064960388	449
19	19877471	20905756	3.968825570141459e-05	8.441228303782599e-09	0.6657591671997618	181	-2.380231698949321e-05	2.0364907203928328e-08	0.8675328672584024	181
19	20905757	22732895	-8.515942405049533e-06	1.9268002454135095e-08	0.951080493794595	489	-2.6639900206649492e-05	3.8808289662942025e-08	0.8924306945446634	485
19	22732896	23467745	2.103656052074425e-05	1.14964871114531e-08	0.8444560491611803	182	-5.115605336715873e-07	1.0765457751560615e-08	0.996066138339887	178
19	23467746	28557892	1.4716444925250116e-06	1.3620023078207822e-08	0.9899389677819642	346	4.507893459892057e-05	2.8641054636009113e-08	0.7899571816728704	343
19	28557893	29790946	-0.0001001201483644	2.4971662881537875e-08	0.5263584865371511	575	-5.226753912658418e-05	6.031696112122455e-08	0.8314674062520904	573
19	29790947	30727953	0.0001692698911129	1.9827451150571112e-08	0.2293187029169355	397	-1.9577340597410192e-05	4.539493074405718e-08	0.9267885019080896	393
19	30727954	32746519	0.0001590129122534	3.77063620957482e-08	0.4128497062373608	718	-0.0002025161307482	7.74926227022819e-08	0.4669233633402955	715
19	32746520	34262951	-0.0001858913249563	2.9419597090470307e-08	0.2784627641193576	590	0.0004948281207207	7.109898289284698e-08	0.0634872449549724	588
19	34262952	36469294	0.0002898807548331	4.19152893558341e-08	0.1568042432031761	815	-0.0002301643776033	1.0314517823332117e-07	0.4735834255191183	808
19	36469295	37527032	7.032619183839158e-05	1.4532301565857873e-08	0.5596389974120437	315	0.0001337882997556	2.0989516983204508e-08	0.3557688392552517	309
19	37527033	40170618	0.0001053686153252	4.354178274966765e-08	0.6135859569881006	848	5.681206677807802e-05	6.706892705932403e-08	0.8263607852434451	839
19	40170619	40984600	-9.789375748390509e-06	1.1550784563126806e-08	0.927424652416046	264	9.053785837931206e-05	2.5456134102981134e-08	0.5704028150391827	255
19	40984601	42131572	-5.546885240142359e-05	1.9034805774890336e-08	0.6876507109027037	408	0.0001670332096622	4.408931792890982e-08	0.4263270219924379	401
19	42131573	43862454	-3.696936068176208e-05	7.97363014905616e-09	0.6788646431762398	205	-0.0001425629040282	1.6029040715006958e-08	0.2601497417082268	195
19	43862455	44744107	5.815757582015616e-06	1.551929508970765e-08	0.9627648907119372	356	-0.0001294819849865	3.483970016811057e-08	0.4878699154383775	353
19	44744108	46102696	0.0002970337379819	3.2474600563771686e-08	0.0992929829204054	499	0.0002533710529692	7.754018342532717e-08	0.3628753390256818	489
19	46102697	47150081	0.000134495120353	2.617843021677209e-08	0.4058290961120256	382	-0.0003532561669443	5.7810894755449727e-08	0.1417748930194028	380
19	47150082	49282226	0.0001446894838279	3.798101109380115e-08	0.4578287188566328	754	1.266415278396031e-05	9.415723779563014e-08	0.967079526660604	745
19	49282227	51532566	-0.0005840824845542	6.862512591580916e-08	0.0257720825442157	788	5.684427100948912e-05	1.0637406637716236e-07	0.8616387087132226	785
19	51532567	52985289	-2.9843242869145675e-05	4.134645871574346e-08	0.8833163497070121	758	-0.0001871165788931	1.0084270489925733e-07	0.5557022856504007	754
19	52985290	54602361	-9.398830528414696e-05	4.1504143998021674e-08	0.6445493746313862	584	0.000438718971175	1.497419137616942e-07	0.2569022503269316	578
19	54602362	55728079	0.0001571766041814	2.6011955118633384e-08	0.3297865572623558	409	-0.0001519321805361	6.987209061172035e-08	0.5654434480193832	390
19	55728080	57521334	0.0002912175985537	8.79070692813271e-08	0.325994882494985	810	-0.0002775604912246	1.6357685462251097e-07	0.4925411628865518	810
19	57521335	59118838	0.0002341188554505	2.981306810104427e-08	0.1751256271649912	684	0.0001301516409321	6.718297724275077e-08	0.6155729429506069	681
20	60479	697599	-7.743383073590361e-05	1.5543743108399922e-08	0.5345419111532299	276	-0.0002086859424029	4.6656444674603734e-08	0.3339771241473355	273
20	697600	2469500	-0.0001896479574896	7.181256649499497e-08	0.4791328426005727	1104	-0.0001739898109099	1.7262293406669084e-07	0.6753849315208382	1099
20	2469501	3828412	9.902983787863578e-05	2.5289161518844977e-08	0.5334628465146474	586	-2.8348698085440396e-05	6.871110399265501e-08	0.9138780631647412	582
20	3828413	5477849	0.0005374375817277	6.02513134586407e-08	0.0285605831921101	918	-9.502073245971795e-05	1.485120166860055e-07	0.8052421928169126	913
20	5477850	7084072	5.457326052534829e-05	4.2722409346651395e-08	0.7917573840552619	853	-7.97129242598275e-06	1.4036010257834657e-07	0.9830248274424308	850
20	7084073	8117010	1.1657777683010415e-05	1.6455541655729495e-08	0.9275893788111657	452	1.1418101522276174e-05	4.3587680465063814e-08	0.9563850251927972	451
20	8117011	9730920	-6.921190537861854e-05	3.898272048074165e-08	0.7259291453975736	902	6.82025462289011e-05	1.1040012666659061e-07	0.8373647557248436	895
20	9730921	11249535	0.000127025943466	4.039486958296398e-08	0.5273752324768198	833	-0.0003252761208348	1.2064100373888737e-07	0.349019220142837	830
20	11249536	12447498	0.0001308705375414	2.2068767626146345e-08	0.3783431423740041	557	6.736219390984819e-05	5.963138355989116e-08	0.7826604528037264	554
20	12447499	13689863	-0.0001345846795016	2.9563199348223072e-08	0.433777287574302	634	-0.0004477161713965	8.563276663436106e-08	0.1260242609289333	630
20	13689864	15958358	7.979434193195581e-05	4.8801104371840543e-08	0.7179440169587437	1108	0.0004912377929563	1.4015984179271477e-07	0.1894731084949998	1103
20	15958359	17487231	0.0001800287907909	4.891665275896868e-08	0.4156565540811943	1078	0.0001723948328209	1.4321171893609116e-07	0.6487144236154272	1075
20	17487232	18972202	-3.423568949741883e-05	3.226578595723e-08	0.8488441280519883	724	3.3384110792255006e-05	8.865372018885614e-08	0.9107265726719584	720
20	18972203	20959709	-5.498470227405746e-05	4.491818622407533e-08	0.7952986109425434	990	-0.0003380260329596	1.2909483553980604e-07	0.3468091312492449	989
20	20959710	22491455	0.0001998860268868	1.6056497598451814e-08	0.1146908291388575	477	4.0000890696828816e-05	3.6518543731618224e-08	0.8341976082036939	473
20	22491456	23293789	7.271298467721194e-06	1.5551851965573966e-08	0.953504068489625	405	0.0001930382162199	4.2572098168694186e-08	0.3494896545226676	405
20	23293790	24717723	3.557117233245237e-05	2.405265468027247e-08	0.8185895371852254	616	-8.509783890583796e-05	6.335025022324529e-08	0.7352883039294648	613
20	24717724	25344230	-7.768952214386206e-05	8.668807743445034e-09	0.4040464511165672	280	0.0001707152537646	1.919688485423627e-08	0.2179000856372738	280
20	25344231	31614822	-9.946089547598105e-05	2.361374130287165e-08	0.5174721759843623	702	0.0001000523924376	5.3591603808824506e-08	0.665600154096753	699
20	31614823	32813440	0.0001184676313302	1.1982206270568569e-08	0.2791373442935837	348	-1.7383398732501934e-05	2.9141155213688065e-08	0.918890576917889	347
20	32813441	34960445	0.0002797602199751	1.7065701162290662e-08	0.0322314291605917	569	0.0001246369417662	3.657617672941049e-08	0.5145948101793814	562
20	34960446	36909529	1.6562609137190516e-05	2.1792402333604227e-08	0.9106682413427194	588	5.010533270927992e-05	5.519260172327669e-08	0.8311111061252936	585
20	36909530	38436760	0.0004324735695	4.5775348378635794e-08	0.0432424764416616	582	0.0002344130078099	6.12668251143031e-08	0.3436176221407589	575
20	38436761	39610855	0.0001915849054896	2.197603287250253e-08	0.1962292747015366	520	-0.0002939614490857	6.208560894906027e-08	0.2380943428759003	519
20	39610856	40585688	1.4434774755791978e-05	1.3545256161957809e-08	0.9012938607727148	326	-2.9096456799195154e-05	3.3468959584358174e-08	0.8736337145075469	325
20	40585689	41615459	-1.919781003493934e-05	2.80315139759492e-08	0.9087111722468022	637	-0.0001313241592008	7.697630521017895e-08	0.6359761551822865	633
20	41615460	42680175	4.770000259539046e-05	3.874286641803373e-08	0.8085178352669916	441	0.0001838321148476	6.22901963700126e-08	0.4613864562375764	440
20	42680176	44839055	0.0005410370121131	7.371705300124992e-08	0.0462937681099928	926	0.0003775445485304	9.871412310066248e-08	0.2294985526653992	922
20	44839056	47199979	0.0002730906770596	5.6275878500398856e-08	0.2496554693110494	1150	-0.0003743021744263	1.858352116190333e-07	0.3852426557089116	1144
20	47199980	49239657	0.0001235940135286	4.4774379532641634e-08	0.5591571597090932	867	-4.966676526145449e-05	8.968776265051598e-08	0.8682798638050914	860
20	49239658	52472548	0.0005396112602572	7.195000975980073e-08	0.0442504179889887	1462	0.0011010513168042	2.1057591762238889e-07	0.0164218270621781	1454
20	52472549	54055265	0.000242949287812	3.177092863764914e-08	0.1728777432243401	680	-0.0005645170691345	9.2874156919962e-08	0.0639715490236763	673
20	54055266	56447958	3.0084021507898488e-05	6.226760230169942e-08	0.9040392056876908	1263	-0.0005061335444613	1.8127674435560602e-07	0.2345342391054897	1257
20	56447959	58406571	-4.021909922598881e-06	5.1847697694765145e-08	0.9859075961252792	1006	-0.0003394236458076	1.5337145433686628e-07	0.3861052794189556	1000
20	58406572	59561723	2.116957225009877e-05	2.645192393949002e-08	0.8964384392698264	580	0.0002031519147635	7.591749529472514e-08	0.4609339966210729	578
20	59561724	61301854	-7.06432523767221e-05	4.6209138192449225e-08	0.7424356302818056	750	0.0006380261319795	1.2408287573460765e-07	0.0700994880780872	747
20	61301855	62190179	-1.7959276483637752e-06	1.7835592910998712e-08	0.9892706840820528	310	0.0001557339715359	6.118477862062258e-08	0.5289592235839464	309
20	62190180	62965162	0.0001493133574722	1.215700499615503e-08	0.1756700388824478	227	0.0001261249046923	3.5663050252210945e-08	0.5042169002827119	225
21	9411243	15950981	-6.670079808807647e-05	1.495706574013543e-08	0.5854847480585396	310	0.0001157735721505	4.033520194809445e-08	0.5643059691061596	310
21	15950982	18053164	0.0003028584311339	3.8880450792620026e-08	0.124553294594759	708	-0.0001499417130378	1.0395400417447985e-07	0.6418939575246536	707
21	18053165	19480374	4.656515372894756e-05	3.5845064464590625e-08	0.80572114341201	548	-0.0008329002118939	1.043556450142522e-07	0.0099285111573672	543
21	19480375	20962338	3.123400104366751e-05	3.434077639408864e-08	0.8661525020705623	724	1.1119906883877029e-05	9.004650086934518e-08	0.9704397294480198	720
21	20962339	22072763	7.946097277860783e-05	2.4487754899063394e-08	0.611604519908129	460	5.156398424261638e-05	7.996092750313865e-08	0.8553074729913652	459
21	22072764	23362874	0.0002074489290677	2.9564467887485222e-08	0.2276260035393007	632	0.0003847808921229	7.88248190633461e-08	0.1705279555833034	628
21	23362875	24696230	0.0002346397230092	2.2342457987078952e-08	0.1164685979058555	484	0.0001924371416897	5.854968365663365e-08	0.42644365824769	481
21	24696231	26469121	0.0003713727761684	4.5793949273043665e-08	0.0826654381986892	794	0.000111386192828	1.04451944089341e-07	0.7303606063479258	789
21	26469122	27271018	0.0001348018727253	1.1390106059916269e-08	0.2065591942663929	264	2.749691090154789e-05	2.9098068193382534e-08	0.8719397427000533	261
21	27271019	29125225	-9.325816179000288e-05	5.015144545408205e-08	0.6770931948749993	980	-0.0001092807650746	1.406036236031605e-07	0.7707167186092689	973
21	29125226	31197024	0.0003310322973993	3.164374586675265e-08	0.0627562492199155	781	1.6369645519056345e-05	7.012892488640479e-08	0.9507105195420564	773
21	31197025	32668641	-0.0001475782905307	2.2281856937949428e-08	0.3228297188351252	541	0.0001790066929903	4.697970568842622e-08	0.4088752153306414	539
21	32668642	34376998	0.0001811544083942	5.0207434197670266e-08	0.4188190151640774	791	5.408680498763463e-05	1.0339792547536894e-07	0.8664230698200805	784
21	34376999	35225464	0.000332038354326	1.6605027133061508e-08	0.009974060564142	336	0.000160729952215	4.246318970582152e-08	0.4353952032211213	333
21	35225465	36524372	0.0003326798478319	3.5443935993623763e-08	0.0772153009874258	634	0.0004291270578282	8.255898281927028e-08	0.1353076987141954	584
21	36524373	37870778	0.0002377693552906	2.699306225643107e-08	0.1478397519848861	617	8.73048098396697e-05	6.77308106029816e-08	0.7372756135583844	616
21	37870779	38711703	-7.057768799642265e-05	1.4774468301402007e-08	0.5614790100921674	356	0.0001213945674777	3.0587289439116614e-08	0.4876127723654279	355
21	38711704	40482901	-0.0001505759204296	4.8715784744393354e-08	0.4951035960698327	974	-0.0003443446123994	1.285831107486947e-07	0.3369104808965081	967
21	40482902	41389526	-3.5349326898404535e-05	2.4957688686735397e-08	0.8229454539100723	566	-3.488665294386163e-05	5.7491499018220524e-08	0.884317571722333	562
21	41389527	43321527	0.0001373706344417	6.266989070718519e-08	0.5831857850350276	1151	-0.0001073163516836	1.6967671263953304e-07	0.7944563470056726	1144
21	43321528	44506267	2.370921855793935e-05	3.9818752128272493e-08	0.9054214596636496	776	-0.000345487091036	1.0163100940332661e-07	0.2784871756142429	740
21	44506268	46177104	-9.22412426042512e-06	2.7800557105403244e-08	0.9558818824636292	581	0.000395084180587	5.9331490904969876e-08	0.1048064189847275	428
21	46177105	47492225	9.038235225316958e-05	2.6900678126113396e-08	0.5815898152193911	573	-0.000101606789988	6.388090983119727e-08	0.687676443113646	569
21	47492226	48119751	-1.76990173204168e-05	1.0696317920407281e-08	0.8641197339141704	258	1.0152054437594576e-05	2.525362636772252e-08	0.949062596911086	257
22	16050408	17674294	0.0001484074491306	1.3900495707585342e-08	0.2081195218472874	202	-0.0001841121392187	3.5345950211503156e-08	0.3274352913419693	202
22	17674295	18296087	-9.51143704599481e-05	1.7909692018229582e-08	0.4772541707594538	244	0.0001073592939666	4.4322027580444094e-08	0.6100846480266308	236
22	18296088	19912357	0.0002604612851447	3.70510387131378e-08	0.1760106573719692	580	-0.0002165271452862	7.647206169853263e-08	0.4336279711047606	572
22	19912358	22357324	0.0001954461041694	4.654382435653198e-08	0.3649714203312678	649	-0.0001131625152936	7.806760140609392e-08	0.6854691817276375	647
22	22357325	23712646	-0.0001092567385778	2.138678514513325e-08	0.4550065824253412	334	4.964080905577448e-05	4.5997428992104785e-08	0.8169590619710969	327
22	23712647	24984203	5.697857474891547e-05	2.4328735800990212e-08	0.7148861359085226	396	-0.0004382068881401	5.750442153982493e-08	0.0676428357675789	392
22	24984204	26791627	-0.0002689163616353	5.796070884380488e-08	0.2639973938618589	838	-0.000269175876855	1.4325676599313365e-07	0.4769736844134267	832
22	26791628	27834751	0.0001369113160071	6.082587148338095e-08	0.5788053271132519	812	0.0002283276057023	1.5869990462471486e-07	0.5665415333392986	800
22	27834752	29651798	0.0005157883128781	4.4050611695932196e-08	0.0139903404598773	632	0.0001203926497122	9.77748638236604e-08	0.7002205791375979	625
22	29651799	31439917	0.0003910918400798	3.756085635864613e-08	0.0435961733085924	640	-4.9307614680473094e-05	7.598010024149014e-08	0.8580311910042677	639
22	31439918	32664985	8.982195509983735e-06	2.3880024899470752e-08	0.9536488316954048	407	-0.0001550549698412	4.6585467292844386e-08	0.4725166628909094	405
22	32664986	34494913	-4.354211080624207e-05	7.151231992578945e-08	0.8706568265237383	1054	-0.000319783250731	1.7554683688182717e-07	0.4453222833682693	1048
22	34494914	35530984	2.3002253246496928e-05	3.195905756083417e-08	0.8976196894523365	568	0.0001614973644691	6.167744155871748e-08	0.5155095680973325	563
22	35530985	37570268	2.957143306719475e-05	6.318721400033932e-08	0.9063523188798052	959	-1.7234549830414347e-05	1.4754697824690766e-07	0.964212682128576	956
22	37570269	39307893	2.901751204777756e-05	3.9492271690155025e-08	0.8839077840059696	630	-0.000113488662336	7.688830058139305e-08	0.6823329302185583	620
22	39307894	40545796	0.0003328112847111	7.234783740075659e-08	0.2159648866784098	412	0.0002743613551371	5.78242889049074e-08	0.2538894446405481	411
22	40545797	42690817	0.0005535675802557	9.601541503370725e-08	0.0740202368424089	555	-9.116220914392342e-05	4.963616318784082e-08	0.6824066433419982	552
22	42690818	43714199	0.0004027289194335	6.445532315842455e-08	0.1126728479045581	466	0.0001445693558155	6.78226397033747e-08	0.5788108116629598	461
22	43714200	44995307	-0.0001478318599669	5.3637175099686856e-08	0.5232686089804939	803	0.0003353912284803	1.1912040842005737e-07	0.3311704107090275	802
22	44995308	46470494	0.0001270155709984	5.08442245311735e-08	0.5732337973942412	699	0.0001581287868226	1.21928358888595e-07	0.6506536010588949	696
22	46470495	47596317	0.0001398292290302	3.1539473653625074e-08	0.4310739195153745	477	-2.806433758823037e-06	7.200276350158296e-08	0.991655268695092	475
22	47596318	48903702	-6.868649933591963e-05	5.590774513675525e-08	0.7714392470705704	808	-6.973130802603724e-05	1.3710683033257894e-07	0.8506251891800817	802
22	48903703	49824533	-0.0001510863612723	5.7436442546014485e-08	0.528418392609693	707	0.0003066763002247	1.6094865650007257e-07	0.444612279480687	699
22	49824534	51243297	0.0003774983127458	3.825655108655297e-08	0.0536041956236504	458	-0.0001977995496891	6.461704204627097e-08	0.4364927984588228	457
