chr	start	end	valid_n	missing_pattern
1	10583	1892606	8	P2_PGC_SCZ__ADHD+P3_FINNGEN_SCZ__ADHD+P6_PGC_SCZ__OCD+P7_FINNGEN_SCZ__OCD+P10_PGC_SCZ__AUD+P11_FINNGEN_SCZ__AUD+P12_PGC_SCZ__CUD+P13_FINNGEN_SCZ__CUD
1	1892607	3582735	12	P2_PGC_SCZ__ADHD+P3_FINNGEN_SCZ__ADHD+P4_PGC_SCZ__ASD+P5_FINNGEN_SCZ__ASD+P6_PGC_SCZ__OCD+P7_FINNGEN_SCZ__OCD+P8_PGC_SCZ__AN+P9_FINNGEN_SCZ__AN+P10_PGC_SCZ__AUD+P11_FINNGEN_SCZ__AUD+P12_PGC_SCZ__CUD+P13_FINNGEN_SCZ__CUD
1	3582736	4380810	12	P2_PGC_SCZ__ADHD+P3_FINNGEN_SCZ__ADHD+P4_PGC_SCZ__ASD+P5_FINNGEN_SCZ__ASD+P6_PGC_SCZ__OCD+P7_FINNGEN_SCZ__OCD+P8_PGC_SCZ__AN+P9_FINNGEN_SCZ__AN+P10_PGC_SCZ__AUD+P11_FINNGEN_SCZ__AUD+P12_PGC_SCZ__CUD+P13_FINNGEN_SCZ__CUD
1	4380811	5913892	12	P2_PGC_SCZ__ADHD+P3_FINNGEN_SCZ__ADHD+P4_PGC_SCZ__ASD+P5_FINNGEN_SCZ__ASD+P6_PGC_SCZ__OCD+P7_FINNGEN_SCZ__OCD+P8_PGC_SCZ__AN+P9_FINNGEN_SCZ__AN+P10_PGC_SCZ__AUD+P11_FINNGEN_SCZ__AUD+P12_PGC_SCZ__CUD+P13_FINNGEN_SCZ__CUD
1	5913893	7247334	12	P2_PGC_SCZ__ADHD+P3_FINNGEN_SCZ__ADHD+P4_PGC_SCZ__ASD+P5_FINNGEN_SCZ__ASD+P6_PGC_SCZ__OCD+P7_FINNGEN_SCZ__OCD+P8_PGC_SCZ__AN+P9_FINNGEN_SCZ__AN+P10_PGC_SCZ__AUD+P11_FINNGEN_SCZ__AUD+P12_PGC_SCZ__CUD+P13_FINNGEN_SCZ__CUD
1	7247335	9365198	12	P2_PGC_SCZ__ADHD+P3_FINNGEN_SCZ__ADHD+P4_PGC_SCZ__ASD+P5_FINNGEN_SCZ__ASD+P6_PGC_SCZ__OCD+P7_FINNGEN_SCZ__OCD+P8_PGC_SCZ__AN+P9_FINNGEN_SCZ__AN+P10_PGC_SCZ__AUD+P11_FINNGEN_SCZ__AUD+P12_PGC_SCZ__CUD+P13_FINNGEN_SCZ__CUD
1	9365199	10806983	12	P2_PGC_SCZ__ADHD+P3_FINNGEN_SCZ__ADHD+P4_PGC_SCZ__ASD+P5_FINNGEN_SCZ__ASD+P6_PGC_SCZ__OCD+P7_FINNGEN_SCZ__OCD+P8_PGC_SCZ__AN+P9_FINNGEN_SCZ__AN+P10_PGC_SCZ__AUD+P11_FINNGEN_SCZ__AUD+P12_PGC_SCZ__CUD+P13_FINNGEN_SCZ__CUD
1	10806984	11777840	12	P2_PGC_SCZ__ADHD+P3_FINNGEN_SCZ__ADHD+P4_PGC_SCZ__ASD+P5_FINNGEN_SCZ__ASD+P6_PGC_SCZ__OCD+P7_FINNGEN_SCZ__OCD+P8_PGC_SCZ__AN+P9_FINNGEN_SCZ__AN+P10_PGC_SCZ__AUD+P11_FINNGEN_SCZ__AUD+P12_PGC_SCZ__CUD+P13_FINNGEN_SCZ__CUD
1	11777841	12779465	12	P2_PGC_SCZ__ADHD+P3_FINNGEN_SCZ__ADHD+P4_PGC_SCZ__ASD+P5_FINNGEN_SCZ__ASD+P6_PGC_SCZ__OCD+P7_FINNGEN_SCZ__OCD+P8_PGC_SCZ__AN+P9_FINNGEN_SCZ__AN+P10_PGC_SCZ__AUD+P11_FINNGEN_SCZ__AUD+P12_PGC_SCZ__CUD+P13_FINNGEN_SCZ__CUD
1	12779466	14891510	12	P2_PGC_SCZ__ADHD+P3_FINNGEN_SCZ__ADHD+P4_PGC_SCZ__ASD+P5_FINNGEN_SCZ__ASD+P6_PGC_SCZ__OCD+P7_FINNGEN_SCZ__OCD+P8_PGC_SCZ__AN+P9_FINNGEN_SCZ__AN+P10_PGC_SCZ__AUD+P11_FINNGEN_SCZ__AUD+P12_PGC_SCZ__CUD+P13_FINNGEN_SCZ__CUD
1	14891511	16897729	12	P2_PGC_SCZ__ADHD+P3_FINNGEN_SCZ__ADHD+P4_PGC_SCZ__ASD+P5_FINNGEN_SCZ__ASD+P6_PGC_SCZ__OCD+P7_FINNGEN_SCZ__OCD+P8_PGC_SCZ__AN+P9_FINNGEN_SCZ__AN+P10_PGC_SCZ__AUD+P11_FINNGEN_SCZ__AUD+P12_PGC_SCZ__CUD+P13_FINNGEN_SCZ__CUD
1	16897730	18662898	12	P2_PGC_SCZ__ADHD+P3_FINNGEN_SCZ__ADHD+P4_PGC_SCZ__ASD+P5_FINNGEN_SCZ__ASD+P6_PGC_SCZ__OCD+P7_FINNGEN_SCZ__OCD+P8_PGC_SCZ__AN+P9_FINNGEN_SCZ__AN+P10_PGC_SCZ__AUD+P11_FINNGEN_SCZ__AUD+P12_PGC_SCZ__CUD+P13_FINNGEN_SCZ__CUD
1	18662899	20469148	12	P2_PGC_SCZ__ADHD+P3_FINNGEN_SCZ__ADHD+P4_PGC_SCZ__ASD+P5_FINNGEN_SCZ__ASD+P6_PGC_SCZ__OCD+P7_FINNGEN_SCZ__OCD+P8_PGC_SCZ__AN+P9_FINNGEN_SCZ__AN+P10_PGC_SCZ__AUD+P11_FINNGEN_SCZ__AUD+P12_PGC_SCZ__CUD+P13_FINNGEN_SCZ__CUD
1	20469149	21736587	12	P2_PGC_SCZ__ADHD+P3_FINNGEN_SCZ__ADHD+P4_PGC_SCZ__ASD+P5_FINNGEN_SCZ__ASD+P6_PGC_SCZ__OCD+P7_FINNGEN_SCZ__OCD+P8_PGC_SCZ__AN+P9_FINNGEN_SCZ__AN+P10_PGC_SCZ__AUD+P11_FINNGEN_SCZ__AUD+P12_PGC_SCZ__CUD+P13_FINNGEN_SCZ__CUD
1	21736588	23086882	12	P2_PGC_SCZ__ADHD+P3_FINNGEN_SCZ__ADHD+P4_PGC_SCZ__ASD+P5_FINNGEN_SCZ__ASD+P6_PGC_SCZ__OCD+P7_FINNGEN_SCZ__OCD+P8_PGC_SCZ__AN+P9_FINNGEN_SCZ__AN+P10_PGC_SCZ__AUD+P11_FINNGEN_SCZ__AUD+P12_PGC_SCZ__CUD+P13_FINNGEN_SCZ__CUD
1	23086883	23920589	12	P2_PGC_SCZ__ADHD+P3_FINNGEN_SCZ__ADHD+P4_PGC_SCZ__ASD+P5_FINNGEN_SCZ__ASD+P6_PGC_SCZ__OCD+P7_FINNGEN_SCZ__OCD+P8_PGC_SCZ__AN+P9_FINNGEN_SCZ__AN+P10_PGC_SCZ__AUD+P11_FINNGEN_SCZ__AUD+P12_PGC_SCZ__CUD+P13_FINNGEN_SCZ__CUD
1	23920590	25516844	12	P2_PGC_SCZ__ADHD+P3_FINNGEN_SCZ__ADHD+P4_PGC_SCZ__ASD+P5_FINNGEN_SCZ__ASD+P6_PGC_SCZ__OCD+P7_FINNGEN_SCZ__OCD+P8_PGC_SCZ__AN+P9_FINNGEN_SCZ__AN+P10_PGC_SCZ__AUD+P11_FINNGEN_SCZ__AUD+P12_PGC_SCZ__CUD+P13_FINNGEN_SCZ__CUD
1	25516845	27401866	12	P2_PGC_SCZ__ADHD+P3_FINNGEN_SCZ__ADHD+P4_PGC_SCZ__ASD+P5_FINNGEN_SCZ__ASD+P6_PGC_SCZ__OCD+P7_FINNGEN_SCZ__OCD+P8_PGC_SCZ__AN+P9_FINNGEN_SCZ__AN+P10_PGC_SCZ__AUD+P11_FINNGEN_SCZ__AUD+P12_PGC_SCZ__CUD+P13_FINNGEN_SCZ__CUD
1	27401867	30161880	12	P2_PGC_SCZ__ADHD+P3_FINNGEN_SCZ__ADHD+P4_PGC_SCZ__ASD+P5_FINNGEN_SCZ__ASD+P6_PGC_SCZ__OCD+P7_FINNGEN_SCZ__OCD+P8_PGC_SCZ__AN+P9_FINNGEN_SCZ__AN+P10_PGC_SCZ__AUD+P11_FINNGEN_SCZ__AUD+P12_PGC_SCZ__CUD+P13_FINNGEN_SCZ__CUD
1	30161881	32438684	12	P2_PGC_SCZ__ADHD+P3_FINNGEN_SCZ__ADHD+P4_PGC_SCZ__ASD+P5_FINNGEN_SCZ__ASD+P6_PGC_SCZ__OCD+P7_FINNGEN_SCZ__OCD+P8_PGC_SCZ__AN+P9_FINNGEN_SCZ__AN+P10_PGC_SCZ__AUD+P11_FINNGEN_SCZ__AUD+P12_PGC_SCZ__CUD+P13_FINNGEN_SCZ__CUD
1	32438685	34799757	12	P2_PGC_SCZ__ADHD+P3_FINNGEN_SCZ__ADHD+P4_PGC_SCZ__ASD+P5_FINNGEN_SCZ__ASD+P6_PGC_SCZ__OCD+P7_FINNGEN_SCZ__OCD+P8_PGC_SCZ__AN+P9_FINNGEN_SCZ__AN+P10_PGC_SCZ__AUD+P11_FINNGEN_SCZ__AUD+P12_PGC_SCZ__CUD+P13_FINNGEN_SCZ__CUD
1	34799758	37549182	12	P2_PGC_SCZ__ADHD+P3_FINNGEN_SCZ__ADHD+P4_PGC_SCZ__ASD+P5_FINNGEN_SCZ__ASD+P6_PGC_SCZ__OCD+P7_FINNGEN_SCZ__OCD+P8_PGC_SCZ__AN+P9_FINNGEN_SCZ__AN+P10_PGC_SCZ__AUD+P11_FINNGEN_SCZ__AUD+P12_PGC_SCZ__CUD+P13_FINNGEN_SCZ__CUD
1	37549183	38731846	12	P2_PGC_SCZ__ADHD+P3_FINNGEN_SCZ__ADHD+P4_PGC_SCZ__ASD+P5_FINNGEN_SCZ__ASD+P6_PGC_SCZ__OCD+P7_FINNGEN_SCZ__OCD+P8_PGC_SCZ__AN+P9_FINNGEN_SCZ__AN+P10_PGC_SCZ__AUD+P11_FINNGEN_SCZ__AUD+P12_PGC_SCZ__CUD+P13_FINNGEN_SCZ__CUD
1	38731847	40200566	12	P2_PGC_SCZ__ADHD+P3_FINNGEN_SCZ__ADHD+P4_PGC_SCZ__ASD+P5_FINNGEN_SCZ__ASD+P6_PGC_SCZ__OCD+P7_FINNGEN_SCZ__OCD+P8_PGC_SCZ__AN+P9_FINNGEN_SCZ__AN+P10_PGC_SCZ__AUD+P11_FINNGEN_SCZ__AUD+P12_PGC_SCZ__CUD+P13_FINNGEN_SCZ__CUD
1	40200567	41975326	12	P2_PGC_SCZ__ADHD+P3_FINNGEN_SCZ__ADHD+P4_PGC_SCZ__ASD+P5_FINNGEN_SCZ__ASD+P6_PGC_SCZ__OCD+P7_FINNGEN_SCZ__OCD+P8_PGC_SCZ__AN+P9_FINNGEN_SCZ__AN+P10_PGC_SCZ__AUD+P11_FINNGEN_SCZ__AUD+P12_PGC_SCZ__CUD+P13_FINNGEN_SCZ__CUD
1	41975327	43758456	12	P2_PGC_SCZ__ADHD+P3_FINNGEN_SCZ__ADHD+P4_PGC_SCZ__ASD+P5_FINNGEN_SCZ__ASD+P6_PGC_SCZ__OCD+P7_FINNGEN_SCZ__OCD+P8_PGC_SCZ__AN+P9_FINNGEN_SCZ__AN+P10_PGC_SCZ__AUD+P11_FINNGEN_SCZ__AUD+P12_PGC_SCZ__CUD+P13_FINNGEN_SCZ__CUD
1	43758457	44969182	12	P2_PGC_SCZ__ADHD+P3_FINNGEN_SCZ__ADHD+P4_PGC_SCZ__ASD+P5_FINNGEN_SCZ__ASD+P6_PGC_SCZ__OCD+P7_FINNGEN_SCZ__OCD+P8_PGC_SCZ__AN+P9_FINNGEN_SCZ__AN+P10_PGC_SCZ__AUD+P11_FINNGEN_SCZ__AUD+P12_PGC_SCZ__CUD+P13_FINNGEN_SCZ__CUD
1	44969183	46899500	12	P2_PGC_SCZ__ADHD+P3_FINNGEN_SCZ__ADHD+P4_PGC_SCZ__ASD+P5_FINNGEN_SCZ__ASD+P6_PGC_SCZ__OCD+P7_FINNGEN_SCZ__OCD+P8_PGC_SCZ__AN+P9_FINNGEN_SCZ__AN+P10_PGC_SCZ__AUD+P11_FINNGEN_SCZ__AUD+P12_PGC_SCZ__CUD+P13_FINNGEN_SCZ__CUD
1	46899501	48002575	12	P2_PGC_SCZ__ADHD+P3_FINNGEN_SCZ__ADHD+P4_PGC_SCZ__ASD+P5_FINNGEN_SCZ__ASD+P6_PGC_SCZ__OCD+P7_FINNGEN_SCZ__OCD+P8_PGC_SCZ__AN+P9_FINNGEN_SCZ__AN+P10_PGC_SCZ__AUD+P11_FINNGEN_SCZ__AUD+P12_PGC_SCZ__CUD+P13_FINNGEN_SCZ__CUD
1	48002576	48978187	12	P2_PGC_SCZ__ADHD+P3_FINNGEN_SCZ__ADHD+P4_PGC_SCZ__ASD+P5_FINNGEN_SCZ__ASD+P6_PGC_SCZ__OCD+P7_FINNGEN_SCZ__OCD+P8_PGC_SCZ__AN+P9_FINNGEN_SCZ__AN+P10_PGC_SCZ__AUD+P11_FINNGEN_SCZ__AUD+P12_PGC_SCZ__CUD+P13_FINNGEN_SCZ__CUD
1	48978188	49894176	12	P2_PGC_SCZ__ADHD+P3_FINNGEN_SCZ__ADHD+P4_PGC_SCZ__ASD+P5_FINNGEN_SCZ__ASD+P6_PGC_SCZ__OCD+P7_FINNGEN_SCZ__OCD+P8_PGC_SCZ__AN+P9_FINNGEN_SCZ__AN+P10_PGC_SCZ__AUD+P11_FINNGEN_SCZ__AUD+P12_PGC_SCZ__CUD+P13_FINNGEN_SCZ__CUD
1	49894177	51713725	12	P2_PGC_SCZ__ADHD+P3_FINNGEN_SCZ__ADHD+P4_PGC_SCZ__ASD+P5_FINNGEN_SCZ__ASD+P6_PGC_SCZ__OCD+P7_FINNGEN_SCZ__OCD+P8_PGC_SCZ__AN+P9_FINNGEN_SCZ__AN+P10_PGC_SCZ__AUD+P11_FINNGEN_SCZ__AUD+P12_PGC_SCZ__CUD+P13_FINNGEN_SCZ__CUD
1	51713726	54226261	12	P2_PGC_SCZ__ADHD+P3_FINNGEN_SCZ__ADHD+P4_PGC_SCZ__ASD+P5_FINNGEN_SCZ__ASD+P6_PGC_SCZ__OCD+P7_FINNGEN_SCZ__OCD+P8_PGC_SCZ__AN+P9_FINNGEN_SCZ__AN+P10_PGC_SCZ__AUD+P11_FINNGEN_SCZ__AUD+P12_PGC_SCZ__CUD+P13_FINNGEN_SCZ__CUD
1	54226262	56413116	12	P2_PGC_SCZ__ADHD+P3_FINNGEN_SCZ__ADHD+P4_PGC_SCZ__ASD+P5_FINNGEN_SCZ__ASD+P6_PGC_SCZ__OCD+P7_FINNGEN_SCZ__OCD+P8_PGC_SCZ__AN+P9_FINNGEN_SCZ__AN+P10_PGC_SCZ__AUD+P11_FINNGEN_SCZ__AUD+P12_PGC_SCZ__CUD+P13_FINNGEN_SCZ__CUD
1	56413117	57021727	12	P2_PGC_SCZ__ADHD+P3_FINNGEN_SCZ__ADHD+P4_PGC_SCZ__ASD+P5_FINNGEN_SCZ__ASD+P6_PGC_SCZ__OCD+P7_FINNGEN_SCZ__OCD+P8_PGC_SCZ__AN+P9_FINNGEN_SCZ__AN+P10_PGC_SCZ__AUD+P11_FINNGEN_SCZ__AUD+P12_PGC_SCZ__CUD+P13_FINNGEN_SCZ__CUD
1	57021728	58865398	12	P2_PGC_SCZ__ADHD+P3_FINNGEN_SCZ__ADHD+P4_PGC_SCZ__ASD+P5_FINNGEN_SCZ__ASD+P6_PGC_SCZ__OCD+P7_FINNGEN_SCZ__OCD+P8_PGC_SCZ__AN+P9_FINNGEN_SCZ__AN+P10_PGC_SCZ__AUD+P11_FINNGEN_SCZ__AUD+P12_PGC_SCZ__CUD+P13_FINNGEN_SCZ__CUD
1	58865399	59890408	12	P2_PGC_SCZ__ADHD+P3_FINNGEN_SCZ__ADHD+P4_PGC_SCZ__ASD+P5_FINNGEN_SCZ__ASD+P6_PGC_SCZ__OCD+P7_FINNGEN_SCZ__OCD+P8_PGC_SCZ__AN+P9_FINNGEN_SCZ__AN+P10_PGC_SCZ__AUD+P11_FINNGEN_SCZ__AUD+P12_PGC_SCZ__CUD+P13_FINNGEN_SCZ__CUD
1	59890409	61922364	12	P2_PGC_SCZ__ADHD+P3_FINNGEN_SCZ__ADHD+P4_PGC_SCZ__ASD+P5_FINNGEN_SCZ__ASD+P6_PGC_SCZ__OCD+P7_FINNGEN_SCZ__OCD+P8_PGC_SCZ__AN+P9_FINNGEN_SCZ__AN+P10_PGC_SCZ__AUD+P11_FINNGEN_SCZ__AUD+P12_PGC_SCZ__CUD+P13_FINNGEN_SCZ__CUD
1	61922365	63455088	12	P2_PGC_SCZ__ADHD+P3_FINNGEN_SCZ__ADHD+P4_PGC_SCZ__ASD+P5_FINNGEN_SCZ__ASD+P6_PGC_SCZ__OCD+P7_FINNGEN_SCZ__OCD+P8_PGC_SCZ__AN+P9_FINNGEN_SCZ__AN+P10_PGC_SCZ__AUD+P11_FINNGEN_SCZ__AUD+P12_PGC_SCZ__CUD+P13_FINNGEN_SCZ__CUD
1	63455089	65041703	12	P2_PGC_SCZ__ADHD+P3_FINNGEN_SCZ__ADHD+P4_PGC_SCZ__ASD+P5_FINNGEN_SCZ__ASD+P6_PGC_SCZ__OCD+P7_FINNGEN_SCZ__OCD+P8_PGC_SCZ__AN+P9_FINNGEN_SCZ__AN+P10_PGC_SCZ__AUD+P11_FINNGEN_SCZ__AUD+P12_PGC_SCZ__CUD+P13_FINNGEN_SCZ__CUD
1	65041704	66939403	12	P2_PGC_SCZ__ADHD+P3_FINNGEN_SCZ__ADHD+P4_PGC_SCZ__ASD+P5_FINNGEN_SCZ__ASD+P6_PGC_SCZ__OCD+P7_FINNGEN_SCZ__OCD+P8_PGC_SCZ__AN+P9_FINNGEN_SCZ__AN+P10_PGC_SCZ__AUD+P11_FINNGEN_SCZ__AUD+P12_PGC_SCZ__CUD+P13_FINNGEN_SCZ__CUD
1	66939404	68477894	12	P2_PGC_SCZ__ADHD+P3_FINNGEN_SCZ__ADHD+P4_PGC_SCZ__ASD+P5_FINNGEN_SCZ__ASD+P6_PGC_SCZ__OCD+P7_FINNGEN_SCZ__OCD+P8_PGC_SCZ__AN+P9_FINNGEN_SCZ__AN+P10_PGC_SCZ__AUD+P11_FINNGEN_SCZ__AUD+P12_PGC_SCZ__CUD+P13_FINNGEN_SCZ__CUD
1	68477895	69687615	12	P2_PGC_SCZ__ADHD+P3_FINNGEN_SCZ__ADHD+P4_PGC_SCZ__ASD+P5_FINNGEN_SCZ__ASD+P6_PGC_SCZ__OCD+P7_FINNGEN_SCZ__OCD+P8_PGC_SCZ__AN+P9_FINNGEN_SCZ__AN+P10_PGC_SCZ__AUD+P11_FINNGEN_SCZ__AUD+P12_PGC_SCZ__CUD+P13_FINNGEN_SCZ__CUD
1	69687616	71372469	12	P2_PGC_SCZ__ADHD+P3_FINNGEN_SCZ__ADHD+P4_PGC_SCZ__ASD+P5_FINNGEN_SCZ__ASD+P6_PGC_SCZ__OCD+P7_FINNGEN_SCZ__OCD+P8_PGC_SCZ__AN+P9_FINNGEN_SCZ__AN+P10_PGC_SCZ__AUD+P11_FINNGEN_SCZ__AUD+P12_PGC_SCZ__CUD+P13_FINNGEN_SCZ__CUD
1	71372470	71684404	2	P2_PGC_SCZ__ADHD+P3_FINNGEN_SCZ__ADHD
1	71684405	74326906	12	P2_PGC_SCZ__ADHD+P3_FINNGEN_SCZ__ADHD+P4_PGC_SCZ__ASD+P5_FINNGEN_SCZ__ASD+P6_PGC_SCZ__OCD+P7_FINNGEN_SCZ__OCD+P8_PGC_SCZ__AN+P9_FINNGEN_SCZ__AN+P10_PGC_SCZ__AUD+P11_FINNGEN_SCZ__AUD+P12_PGC_SCZ__CUD+P13_FINNGEN_SCZ__CUD
1	74326907	76728134	12	P2_PGC_SCZ__ADHD+P3_FINNGEN_SCZ__ADHD+P4_PGC_SCZ__ASD+P5_FINNGEN_SCZ__ASD+P6_PGC_SCZ__OCD+P7_FINNGEN_SCZ__OCD+P8_PGC_SCZ__AN+P9_FINNGEN_SCZ__AN+P10_PGC_SCZ__AUD+P11_FINNGEN_SCZ__AUD+P12_PGC_SCZ__CUD+P13_FINNGEN_SCZ__CUD
1	76728135	79661197	12	P2_PGC_SCZ__ADHD+P3_FINNGEN_SCZ__ADHD+P4_PGC_SCZ__ASD+P5_FINNGEN_SCZ__ASD+P6_PGC_SCZ__OCD+P7_FINNGEN_SCZ__OCD+P8_PGC_SCZ__AN+P9_FINNGEN_SCZ__AN+P10_PGC_SCZ__AUD+P11_FINNGEN_SCZ__AUD+P12_PGC_SCZ__CUD+P13_FINNGEN_SCZ__CUD
1	79661198	81354190	12	P2_PGC_SCZ__ADHD+P3_FINNGEN_SCZ__ADHD+P4_PGC_SCZ__ASD+P5_FINNGEN_SCZ__ASD+P6_PGC_SCZ__OCD+P7_FINNGEN_SCZ__OCD+P8_PGC_SCZ__AN+P9_FINNGEN_SCZ__AN+P10_PGC_SCZ__AUD+P11_FINNGEN_SCZ__AUD+P12_PGC_SCZ__CUD+P13_FINNGEN_SCZ__CUD
1	81354191	83991747	12	P2_PGC_SCZ__ADHD+P3_FINNGEN_SCZ__ADHD+P4_PGC_SCZ__ASD+P5_FINNGEN_SCZ__ASD+P6_PGC_SCZ__OCD+P7_FINNGEN_SCZ__OCD+P8_PGC_SCZ__AN+P9_FINNGEN_SCZ__AN+P10_PGC_SCZ__AUD+P11_FINNGEN_SCZ__AUD+P12_PGC_SCZ__CUD+P13_FINNGEN_SCZ__CUD
1	83991748	84844494	12	P2_PGC_SCZ__ADHD+P3_FINNGEN_SCZ__ADHD+P4_PGC_SCZ__ASD+P5_FINNGEN_SCZ__ASD+P6_PGC_SCZ__OCD+P7_FINNGEN_SCZ__OCD+P8_PGC_SCZ__AN+P9_FINNGEN_SCZ__AN+P10_PGC_SCZ__AUD+P11_FINNGEN_SCZ__AUD+P12_PGC_SCZ__CUD+P13_FINNGEN_SCZ__CUD
1	84844495	86454750	12	P2_PGC_SCZ__ADHD+P3_FINNGEN_SCZ__ADHD+P4_PGC_SCZ__ASD+P5_FINNGEN_SCZ__ASD+P6_PGC_SCZ__OCD+P7_FINNGEN_SCZ__OCD+P8_PGC_SCZ__AN+P9_FINNGEN_SCZ__AN+P10_PGC_SCZ__AUD+P11_FINNGEN_SCZ__AUD+P12_PGC_SCZ__CUD+P13_FINNGEN_SCZ__CUD
1	86454751	88128630	12	P2_PGC_SCZ__ADHD+P3_FINNGEN_SCZ__ADHD+P4_PGC_SCZ__ASD+P5_FINNGEN_SCZ__ASD+P6_PGC_SCZ__OCD+P7_FINNGEN_SCZ__OCD+P8_PGC_SCZ__AN+P9_FINNGEN_SCZ__AN+P10_PGC_SCZ__AUD+P11_FINNGEN_SCZ__AUD+P12_PGC_SCZ__CUD+P13_FINNGEN_SCZ__CUD
1	88128631	90066302	12	P2_PGC_SCZ__ADHD+P3_FINNGEN_SCZ__ADHD+P4_PGC_SCZ__ASD+P5_FINNGEN_SCZ__ASD+P6_PGC_SCZ__OCD+P7_FINNGEN_SCZ__OCD+P8_PGC_SCZ__AN+P9_FINNGEN_SCZ__AN+P10_PGC_SCZ__AUD+P11_FINNGEN_SCZ__AUD+P12_PGC_SCZ__CUD+P13_FINNGEN_SCZ__CUD
1	90066303	91886316	12	P2_PGC_SCZ__ADHD+P3_FINNGEN_SCZ__ADHD+P4_PGC_SCZ__ASD+P5_FINNGEN_SCZ__ASD+P6_PGC_SCZ__OCD+P7_FINNGEN_SCZ__OCD+P8_PGC_SCZ__AN+P9_FINNGEN_SCZ__AN+P10_PGC_SCZ__AUD+P11_FINNGEN_SCZ__AUD+P12_PGC_SCZ__CUD+P13_FINNGEN_SCZ__CUD
1	91886317	93536458	12	P2_PGC_SCZ__ADHD+P3_FINNGEN_SCZ__ADHD+P4_PGC_SCZ__ASD+P5_FINNGEN_SCZ__ASD+P6_PGC_SCZ__OCD+P7_FINNGEN_SCZ__OCD+P8_PGC_SCZ__AN+P9_FINNGEN_SCZ__AN+P10_PGC_SCZ__AUD+P11_FINNGEN_SCZ__AUD+P12_PGC_SCZ__CUD+P13_FINNGEN_SCZ__CUD
1	93536459	94506190	12	P2_PGC_SCZ__ADHD+P3_FINNGEN_SCZ__ADHD+P4_PGC_SCZ__ASD+P5_FINNGEN_SCZ__ASD+P6_PGC_SCZ__OCD+P7_FINNGEN_SCZ__OCD+P8_PGC_SCZ__AN+P9_FINNGEN_SCZ__AN+P10_PGC_SCZ__AUD+P11_FINNGEN_SCZ__AUD+P12_PGC_SCZ__CUD+P13_FINNGEN_SCZ__CUD
1	94506191	96150892	12	P2_PGC_SCZ__ADHD+P3_FINNGEN_SCZ__ADHD+P4_PGC_SCZ__ASD+P5_FINNGEN_SCZ__ASD+P6_PGC_SCZ__OCD+P7_FINNGEN_SCZ__OCD+P8_PGC_SCZ__AN+P9_FINNGEN_SCZ__AN+P10_PGC_SCZ__AUD+P11_FINNGEN_SCZ__AUD+P12_PGC_SCZ__CUD+P13_FINNGEN_SCZ__CUD
1	96150893	97885248	12	P2_PGC_SCZ__ADHD+P3_FINNGEN_SCZ__ADHD+P4_PGC_SCZ__ASD+P5_FINNGEN_SCZ__ASD+P6_PGC_SCZ__OCD+P7_FINNGEN_SCZ__OCD+P8_PGC_SCZ__AN+P9_FINNGEN_SCZ__AN+P10_PGC_SCZ__AUD+P11_FINNGEN_SCZ__AUD+P12_PGC_SCZ__CUD+P13_FINNGEN_SCZ__CUD
1	97885249	99800603	12	P2_PGC_SCZ__ADHD+P3_FINNGEN_SCZ__ADHD+P4_PGC_SCZ__ASD+P5_FINNGEN_SCZ__ASD+P6_PGC_SCZ__OCD+P7_FINNGEN_SCZ__OCD+P8_PGC_SCZ__AN+P9_FINNGEN_SCZ__AN+P10_PGC_SCZ__AUD+P11_FINNGEN_SCZ__AUD+P12_PGC_SCZ__CUD+P13_FINNGEN_SCZ__CUD
1	99800604	100826404	12	P2_PGC_SCZ__ADHD+P3_FINNGEN_SCZ__ADHD+P4_PGC_SCZ__ASD+P5_FINNGEN_SCZ__ASD+P6_PGC_SCZ__OCD+P7_FINNGEN_SCZ__OCD+P8_PGC_SCZ__AN+P9_FINNGEN_SCZ__AN+P10_PGC_SCZ__AUD+P11_FINNGEN_SCZ__AUD+P12_PGC_SCZ__CUD+P13_FINNGEN_SCZ__CUD
1	100826405	102041015	12	P2_PGC_SCZ__ADHD+P3_FINNGEN_SCZ__ADHD+P4_PGC_SCZ__ASD+P5_FINNGEN_SCZ__ASD+P6_PGC_SCZ__OCD+P7_FINNGEN_SCZ__OCD+P8_PGC_SCZ__AN+P9_FINNGEN_SCZ__AN+P10_PGC_SCZ__AUD+P11_FINNGEN_SCZ__AUD+P12_PGC_SCZ__CUD+P13_FINNGEN_SCZ__CUD
1	102041016	102898744	12	P2_PGC_SCZ__ADHD+P3_FINNGEN_SCZ__ADHD+P4_PGC_SCZ__ASD+P5_FINNGEN_SCZ__ASD+P6_PGC_SCZ__OCD+P7_FINNGEN_SCZ__OCD+P8_PGC_SCZ__AN+P9_FINNGEN_SCZ__AN+P10_PGC_SCZ__AUD+P11_FINNGEN_SCZ__AUD+P12_PGC_SCZ__CUD+P13_FINNGEN_SCZ__CUD
1	102898745	103914210	12	P2_PGC_SCZ__ADHD+P3_FINNGEN_SCZ__ADHD+P4_PGC_SCZ__ASD+P5_FINNGEN_SCZ__ASD+P6_PGC_SCZ__OCD+P7_FINNGEN_SCZ__OCD+P8_PGC_SCZ__AN+P9_FINNGEN_SCZ__AN+P10_PGC_SCZ__AUD+P11_FINNGEN_SCZ__AUD+P12_PGC_SCZ__CUD+P13_FINNGEN_SCZ__CUD
1	103914211	106087841	12	P2_PGC_SCZ__ADHD+P3_FINNGEN_SCZ__ADHD+P4_PGC_SCZ__ASD+P5_FINNGEN_SCZ__ASD+P6_PGC_SCZ__OCD+P7_FINNGEN_SCZ__OCD+P8_PGC_SCZ__AN+P9_FINNGEN_SCZ__AN+P10_PGC_SCZ__AUD+P11_FINNGEN_SCZ__AUD+P12_PGC_SCZ__CUD+P13_FINNGEN_SCZ__CUD
1	106087842	108409664	12	P2_PGC_SCZ__ADHD+P3_FINNGEN_SCZ__ADHD+P4_PGC_SCZ__ASD+P5_FINNGEN_SCZ__ASD+P6_PGC_SCZ__OCD+P7_FINNGEN_SCZ__OCD+P8_PGC_SCZ__AN+P9_FINNGEN_SCZ__AN+P10_PGC_SCZ__AUD+P11_FINNGEN_SCZ__AUD+P12_PGC_SCZ__CUD+P13_FINNGEN_SCZ__CUD
1	108409665	110303930	12	P2_PGC_SCZ__ADHD+P3_FINNGEN_SCZ__ADHD+P4_PGC_SCZ__ASD+P5_FINNGEN_SCZ__ASD+P6_PGC_SCZ__OCD+P7_FINNGEN_SCZ__OCD+P8_PGC_SCZ__AN+P9_FINNGEN_SCZ__AN+P10_PGC_SCZ__AUD+P11_FINNGEN_SCZ__AUD+P12_PGC_SCZ__CUD+P13_FINNGEN_SCZ__CUD
1	110303931	111741736	12	P2_PGC_SCZ__ADHD+P3_FINNGEN_SCZ__ADHD+P4_PGC_SCZ__ASD+P5_FINNGEN_SCZ__ASD+P6_PGC_SCZ__OCD+P7_FINNGEN_SCZ__OCD+P8_PGC_SCZ__AN+P9_FINNGEN_SCZ__AN+P10_PGC_SCZ__AUD+P11_FINNGEN_SCZ__AUD+P12_PGC_SCZ__CUD+P13_FINNGEN_SCZ__CUD
1	111741737	113273305	12	P2_PGC_SCZ__ADHD+P3_FINNGEN_SCZ__ADHD+P4_PGC_SCZ__ASD+P5_FINNGEN_SCZ__ASD+P6_PGC_SCZ__OCD+P7_FINNGEN_SCZ__OCD+P8_PGC_SCZ__AN+P9_FINNGEN_SCZ__AN+P10_PGC_SCZ__AUD+P11_FINNGEN_SCZ__AUD+P12_PGC_SCZ__CUD+P13_FINNGEN_SCZ__CUD
1	113273306	114873844	12	P2_PGC_SCZ__ADHD+P3_FINNGEN_SCZ__ADHD+P4_PGC_SCZ__ASD+P5_FINNGEN_SCZ__ASD+P6_PGC_SCZ__OCD+P7_FINNGEN_SCZ__OCD+P8_PGC_SCZ__AN+P9_FINNGEN_SCZ__AN+P10_PGC_SCZ__AUD+P11_FINNGEN_SCZ__AUD+P12_PGC_SCZ__CUD+P13_FINNGEN_SCZ__CUD
1	114873845	115880592	12	P2_PGC_SCZ__ADHD+P3_FINNGEN_SCZ__ADHD+P4_PGC_SCZ__ASD+P5_FINNGEN_SCZ__ASD+P6_PGC_SCZ__OCD+P7_FINNGEN_SCZ__OCD+P8_PGC_SCZ__AN+P9_FINNGEN_SCZ__AN+P10_PGC_SCZ__AUD+P11_FINNGEN_SCZ__AUD+P12_PGC_SCZ__CUD+P13_FINNGEN_SCZ__CUD
1	115880593	118839066	12	P2_PGC_SCZ__ADHD+P3_FINNGEN_SCZ__ADHD+P4_PGC_SCZ__ASD+P5_FINNGEN_SCZ__ASD+P6_PGC_SCZ__OCD+P7_FINNGEN_SCZ__OCD+P8_PGC_SCZ__AN+P9_FINNGEN_SCZ__AN+P10_PGC_SCZ__AUD+P11_FINNGEN_SCZ__AUD+P12_PGC_SCZ__CUD+P13_FINNGEN_SCZ__CUD
1	118839067	144977493	12	P2_PGC_SCZ__ADHD+P3_FINNGEN_SCZ__ADHD+P4_PGC_SCZ__ASD+P5_FINNGEN_SCZ__ASD+P6_PGC_SCZ__OCD+P7_FINNGEN_SCZ__OCD+P8_PGC_SCZ__AN+P9_FINNGEN_SCZ__AN+P10_PGC_SCZ__AUD+P11_FINNGEN_SCZ__AUD+P12_PGC_SCZ__CUD+P13_FINNGEN_SCZ__CUD
1	144977494	148361252	12	P2_PGC_SCZ__ADHD+P3_FINNGEN_SCZ__ADHD+P4_PGC_SCZ__ASD+P5_FINNGEN_SCZ__ASD+P6_PGC_SCZ__OCD+P7_FINNGEN_SCZ__OCD+P8_PGC_SCZ__AN+P9_FINNGEN_SCZ__AN+P10_PGC_SCZ__AUD+P11_FINNGEN_SCZ__AUD+P12_PGC_SCZ__CUD+P13_FINNGEN_SCZ__CUD
1	148361253	151538880	12	P2_PGC_SCZ__ADHD+P3_FINNGEN_SCZ__ADHD+P4_PGC_SCZ__ASD+P5_FINNGEN_SCZ__ASD+P6_PGC_SCZ__OCD+P7_FINNGEN_SCZ__OCD+P8_PGC_SCZ__AN+P9_FINNGEN_SCZ__AN+P10_PGC_SCZ__AUD+P11_FINNGEN_SCZ__AUD+P12_PGC_SCZ__CUD+P13_FINNGEN_SCZ__CUD
1	151538881	153180828	12	P2_PGC_SCZ__ADHD+P3_FINNGEN_SCZ__ADHD+P4_PGC_SCZ__ASD+P5_FINNGEN_SCZ__ASD+P6_PGC_SCZ__OCD+P7_FINNGEN_SCZ__OCD+P8_PGC_SCZ__AN+P9_FINNGEN_SCZ__AN+P10_PGC_SCZ__AUD+P11_FINNGEN_SCZ__AUD+P12_PGC_SCZ__CUD+P13_FINNGEN_SCZ__CUD
1	153180829	154770402	12	P2_PGC_SCZ__ADHD+P3_FINNGEN_SCZ__ADHD+P4_PGC_SCZ__ASD+P5_FINNGEN_SCZ__ASD+P6_PGC_SCZ__OCD+P7_FINNGEN_SCZ__OCD+P8_PGC_SCZ__AN+P9_FINNGEN_SCZ__AN+P10_PGC_SCZ__AUD+P11_FINNGEN_SCZ__AUD+P12_PGC_SCZ__CUD+P13_FINNGEN_SCZ__CUD
1	154770403	156336132	12	P2_PGC_SCZ__ADHD+P3_FINNGEN_SCZ__ADHD+P4_PGC_SCZ__ASD+P5_FINNGEN_SCZ__ASD+P6_PGC_SCZ__OCD+P7_FINNGEN_SCZ__OCD+P8_PGC_SCZ__AN+P9_FINNGEN_SCZ__AN+P10_PGC_SCZ__AUD+P11_FINNGEN_SCZ__AUD+P12_PGC_SCZ__CUD+P13_FINNGEN_SCZ__CUD
1	156336133	158027411	12	P2_PGC_SCZ__ADHD+P3_FINNGEN_SCZ__ADHD+P4_PGC_SCZ__ASD+P5_FINNGEN_SCZ__ASD+P6_PGC_SCZ__OCD+P7_FINNGEN_SCZ__OCD+P8_PGC_SCZ__AN+P9_FINNGEN_SCZ__AN+P10_PGC_SCZ__AUD+P11_FINNGEN_SCZ__AUD+P12_PGC_SCZ__CUD+P13_FINNGEN_SCZ__CUD
1	158027412	159913047	12	P2_PGC_SCZ__ADHD+P3_FINNGEN_SCZ__ADHD+P4_PGC_SCZ__ASD+P5_FINNGEN_SCZ__ASD+P6_PGC_SCZ__OCD+P7_FINNGEN_SCZ__OCD+P8_PGC_SCZ__AN+P9_FINNGEN_SCZ__AN+P10_PGC_SCZ__AUD+P11_FINNGEN_SCZ__AUD+P12_PGC_SCZ__CUD+P13_FINNGEN_SCZ__CUD
1	159913048	162346720	12	P2_PGC_SCZ__ADHD+P3_FINNGEN_SCZ__ADHD+P4_PGC_SCZ__ASD+P5_FINNGEN_SCZ__ASD+P6_PGC_SCZ__OCD+P7_FINNGEN_SCZ__OCD+P8_PGC_SCZ__AN+P9_FINNGEN_SCZ__AN+P10_PGC_SCZ__AUD+P11_FINNGEN_SCZ__AUD+P12_PGC_SCZ__CUD+P13_FINNGEN_SCZ__CUD
1	162346721	165191701	12	P2_PGC_SCZ__ADHD+P3_FINNGEN_SCZ__ADHD+P4_PGC_SCZ__ASD+P5_FINNGEN_SCZ__ASD+P6_PGC_SCZ__OCD+P7_FINNGEN_SCZ__OCD+P8_PGC_SCZ__AN+P9_FINNGEN_SCZ__AN+P10_PGC_SCZ__AUD+P11_FINNGEN_SCZ__AUD+P12_PGC_SCZ__CUD+P13_FINNGEN_SCZ__CUD
1	165191702	166460516	12	P2_PGC_SCZ__ADHD+P3_FINNGEN_SCZ__ADHD+P4_PGC_SCZ__ASD+P5_FINNGEN_SCZ__ASD+P6_PGC_SCZ__OCD+P7_FINNGEN_SCZ__OCD+P8_PGC_SCZ__AN+P9_FINNGEN_SCZ__AN+P10_PGC_SCZ__AUD+P11_FINNGEN_SCZ__AUD+P12_PGC_SCZ__CUD+P13_FINNGEN_SCZ__CUD
1	166460517	169086323	12	P2_PGC_SCZ__ADHD+P3_FINNGEN_SCZ__ADHD+P4_PGC_SCZ__ASD+P5_FINNGEN_SCZ__ASD+P6_PGC_SCZ__OCD+P7_FINNGEN_SCZ__OCD+P8_PGC_SCZ__AN+P9_FINNGEN_SCZ__AN+P10_PGC_SCZ__AUD+P11_FINNGEN_SCZ__AUD+P12_PGC_SCZ__CUD+P13_FINNGEN_SCZ__CUD
1	169086324	170557775	12	P2_PGC_SCZ__ADHD+P3_FINNGEN_SCZ__ADHD+P4_PGC_SCZ__ASD+P5_FINNGEN_SCZ__ASD+P6_PGC_SCZ__OCD+P7_FINNGEN_SCZ__OCD+P8_PGC_SCZ__AN+P9_FINNGEN_SCZ__AN+P10_PGC_SCZ__AUD+P11_FINNGEN_SCZ__AUD+P12_PGC_SCZ__CUD+P13_FINNGEN_SCZ__CUD
1	170557776	173097906	12	P2_PGC_SCZ__ADHD+P3_FINNGEN_SCZ__ADHD+P4_PGC_SCZ__ASD+P5_FINNGEN_SCZ__ASD+P6_PGC_SCZ__OCD+P7_FINNGEN_SCZ__OCD+P8_PGC_SCZ__AN+P9_FINNGEN_SCZ__AN+P10_PGC_SCZ__AUD+P11_FINNGEN_SCZ__AUD+P12_PGC_SCZ__CUD+P13_FINNGEN_SCZ__CUD
1	173097907	175089767	12	P2_PGC_SCZ__ADHD+P3_FINNGEN_SCZ__ADHD+P4_PGC_SCZ__ASD+P5_FINNGEN_SCZ__ASD+P6_PGC_SCZ__OCD+P7_FINNGEN_SCZ__OCD+P8_PGC_SCZ__AN+P9_FINNGEN_SCZ__AN+P10_PGC_SCZ__AUD+P11_FINNGEN_SCZ__AUD+P12_PGC_SCZ__CUD+P13_FINNGEN_SCZ__CUD
1	175089768	177433380	12	P2_PGC_SCZ__ADHD+P3_FINNGEN_SCZ__ADHD+P4_PGC_SCZ__ASD+P5_FINNGEN_SCZ__ASD+P6_PGC_SCZ__OCD+P7_FINNGEN_SCZ__OCD+P8_PGC_SCZ__AN+P9_FINNGEN_SCZ__AN+P10_PGC_SCZ__AUD+P11_FINNGEN_SCZ__AUD+P12_PGC_SCZ__CUD+P13_FINNGEN_SCZ__CUD
1	177433381	178944308	12	P2_PGC_SCZ__ADHD+P3_FINNGEN_SCZ__ADHD+P4_PGC_SCZ__ASD+P5_FINNGEN_SCZ__ASD+P6_PGC_SCZ__OCD+P7_FINNGEN_SCZ__OCD+P8_PGC_SCZ__AN+P9_FINNGEN_SCZ__AN+P10_PGC_SCZ__AUD+P11_FINNGEN_SCZ__AUD+P12_PGC_SCZ__CUD+P13_FINNGEN_SCZ__CUD
1	178944309	178954469	0	none
1	178954470	181144120	12	P2_PGC_SCZ__ADHD+P3_FINNGEN_SCZ__ADHD+P4_PGC_SCZ__ASD+P5_FINNGEN_SCZ__ASD+P6_PGC_SCZ__OCD+P7_FINNGEN_SCZ__OCD+P8_PGC_SCZ__AN+P9_FINNGEN_SCZ__AN+P10_PGC_SCZ__AUD+P11_FINNGEN_SCZ__AUD+P12_PGC_SCZ__CUD+P13_FINNGEN_SCZ__CUD
1	181144121	182755355	12	P2_PGC_SCZ__ADHD+P3_FINNGEN_SCZ__ADHD+P4_PGC_SCZ__ASD+P5_FINNGEN_SCZ__ASD+P6_PGC_SCZ__OCD+P7_FINNGEN_SCZ__OCD+P8_PGC_SCZ__AN+P9_FINNGEN_SCZ__AN+P10_PGC_SCZ__AUD+P11_FINNGEN_SCZ__AUD+P12_PGC_SCZ__CUD+P13_FINNGEN_SCZ__CUD
1	182755356	184595512	12	P2_PGC_SCZ__ADHD+P3_FINNGEN_SCZ__ADHD+P4_PGC_SCZ__ASD+P5_FINNGEN_SCZ__ASD+P6_PGC_SCZ__OCD+P7_FINNGEN_SCZ__OCD+P8_PGC_SCZ__AN+P9_FINNGEN_SCZ__AN+P10_PGC_SCZ__AUD+P11_FINNGEN_SCZ__AUD+P12_PGC_SCZ__CUD+P13_FINNGEN_SCZ__CUD
1	184595513	186810022	12	P2_PGC_SCZ__ADHD+P3_FINNGEN_SCZ__ADHD+P4_PGC_SCZ__ASD+P5_FINNGEN_SCZ__ASD+P6_PGC_SCZ__OCD+P7_FINNGEN_SCZ__OCD+P8_PGC_SCZ__AN+P9_FINNGEN_SCZ__AN+P10_PGC_SCZ__AUD+P11_FINNGEN_SCZ__AUD+P12_PGC_SCZ__CUD+P13_FINNGEN_SCZ__CUD
1	186810023	188759944	12	P2_PGC_SCZ__ADHD+P3_FINNGEN_SCZ__ADHD+P4_PGC_SCZ__ASD+P5_FINNGEN_SCZ__ASD+P6_PGC_SCZ__OCD+P7_FINNGEN_SCZ__OCD+P8_PGC_SCZ__AN+P9_FINNGEN_SCZ__AN+P10_PGC_SCZ__AUD+P11_FINNGEN_SCZ__AUD+P12_PGC_SCZ__CUD+P13_FINNGEN_SCZ__CUD
1	188759945	189904129	12	P2_PGC_SCZ__ADHD+P3_FINNGEN_SCZ__ADHD+P4_PGC_SCZ__ASD+P5_FINNGEN_SCZ__ASD+P6_PGC_SCZ__OCD+P7_FINNGEN_SCZ__OCD+P8_PGC_SCZ__AN+P9_FINNGEN_SCZ__AN+P10_PGC_SCZ__AUD+P11_FINNGEN_SCZ__AUD+P12_PGC_SCZ__CUD+P13_FINNGEN_SCZ__CUD
1	189904130	191868929	12	P2_PGC_SCZ__ADHD+P3_FINNGEN_SCZ__ADHD+P4_PGC_SCZ__ASD+P5_FINNGEN_SCZ__ASD+P6_PGC_SCZ__OCD+P7_FINNGEN_SCZ__OCD+P8_PGC_SCZ__AN+P9_FINNGEN_SCZ__AN+P10_PGC_SCZ__AUD+P11_FINNGEN_SCZ__AUD+P12_PGC_SCZ__CUD+P13_FINNGEN_SCZ__CUD
1	191868930	194107441	12	P2_PGC_SCZ__ADHD+P3_FINNGEN_SCZ__ADHD+P4_PGC_SCZ__ASD+P5_FINNGEN_SCZ__ASD+P6_PGC_SCZ__OCD+P7_FINNGEN_SCZ__OCD+P8_PGC_SCZ__AN+P9_FINNGEN_SCZ__AN+P10_PGC_SCZ__AUD+P11_FINNGEN_SCZ__AUD+P12_PGC_SCZ__CUD+P13_FINNGEN_SCZ__CUD
1	194107442	196176200	12	P2_PGC_SCZ__ADHD+P3_FINNGEN_SCZ__ADHD+P4_PGC_SCZ__ASD+P5_FINNGEN_SCZ__ASD+P6_PGC_SCZ__OCD+P7_FINNGEN_SCZ__OCD+P8_PGC_SCZ__AN+P9_FINNGEN_SCZ__AN+P10_PGC_SCZ__AUD+P11_FINNGEN_SCZ__AUD+P12_PGC_SCZ__CUD+P13_FINNGEN_SCZ__CUD
1	196176201	197311513	12	P2_PGC_SCZ__ADHD+P3_FINNGEN_SCZ__ADHD+P4_PGC_SCZ__ASD+P5_FINNGEN_SCZ__ASD+P6_PGC_SCZ__OCD+P7_FINNGEN_SCZ__OCD+P8_PGC_SCZ__AN+P9_FINNGEN_SCZ__AN+P10_PGC_SCZ__AUD+P11_FINNGEN_SCZ__AUD+P12_PGC_SCZ__CUD+P13_FINNGEN_SCZ__CUD
1	197311514	199239883	12	P2_PGC_SCZ__ADHD+P3_FINNGEN_SCZ__ADHD+P4_PGC_SCZ__ASD+P5_FINNGEN_SCZ__ASD+P6_PGC_SCZ__OCD+P7_FINNGEN_SCZ__OCD+P8_PGC_SCZ__AN+P9_FINNGEN_SCZ__AN+P10_PGC_SCZ__AUD+P11_FINNGEN_SCZ__AUD+P12_PGC_SCZ__CUD+P13_FINNGEN_SCZ__CUD
1	199239884	200137648	12	P2_PGC_SCZ__ADHD+P3_FINNGEN_SCZ__ADHD+P4_PGC_SCZ__ASD+P5_FINNGEN_SCZ__ASD+P6_PGC_SCZ__OCD+P7_FINNGEN_SCZ__OCD+P8_PGC_SCZ__AN+P9_FINNGEN_SCZ__AN+P10_PGC_SCZ__AUD+P11_FINNGEN_SCZ__AUD+P12_PGC_SCZ__CUD+P13_FINNGEN_SCZ__CUD
1	200137649	201589974	12	P2_PGC_SCZ__ADHD+P3_FINNGEN_SCZ__ADHD+P4_PGC_SCZ__ASD+P5_FINNGEN_SCZ__ASD+P6_PGC_SCZ__OCD+P7_FINNGEN_SCZ__OCD+P8_PGC_SCZ__AN+P9_FINNGEN_SCZ__AN+P10_PGC_SCZ__AUD+P11_FINNGEN_SCZ__AUD+P12_PGC_SCZ__CUD+P13_FINNGEN_SCZ__CUD
1	201589975	203334733	12	P2_PGC_SCZ__ADHD+P3_FINNGEN_SCZ__ADHD+P4_PGC_SCZ__ASD+P5_FINNGEN_SCZ__ASD+P6_PGC_SCZ__OCD+P7_FINNGEN_SCZ__OCD+P8_PGC_SCZ__AN+P9_FINNGEN_SCZ__AN+P10_PGC_SCZ__AUD+P11_FINNGEN_SCZ__AUD+P12_PGC_SCZ__CUD+P13_FINNGEN_SCZ__CUD
1	203334734	204681067	12	P2_PGC_SCZ__ADHD+P3_FINNGEN_SCZ__ADHD+P4_PGC_SCZ__ASD+P5_FINNGEN_SCZ__ASD+P6_PGC_SCZ__OCD+P7_FINNGEN_SCZ__OCD+P8_PGC_SCZ__AN+P9_FINNGEN_SCZ__AN+P10_PGC_SCZ__AUD+P11_FINNGEN_SCZ__AUD+P12_PGC_SCZ__CUD+P13_FINNGEN_SCZ__CUD
1	204681068	206073264	12	P2_PGC_SCZ__ADHD+P3_FINNGEN_SCZ__ADHD+P4_PGC_SCZ__ASD+P5_FINNGEN_SCZ__ASD+P6_PGC_SCZ__OCD+P7_FINNGEN_SCZ__OCD+P8_PGC_SCZ__AN+P9_FINNGEN_SCZ__AN+P10_PGC_SCZ__AUD+P11_FINNGEN_SCZ__AUD+P12_PGC_SCZ__CUD+P13_FINNGEN_SCZ__CUD
1	206073265	208410363	12	P2_PGC_SCZ__ADHD+P3_FINNGEN_SCZ__ADHD+P4_PGC_SCZ__ASD+P5_FINNGEN_SCZ__ASD+P6_PGC_SCZ__OCD+P7_FINNGEN_SCZ__OCD+P8_PGC_SCZ__AN+P9_FINNGEN_SCZ__AN+P10_PGC_SCZ__AUD+P11_FINNGEN_SCZ__AUD+P12_PGC_SCZ__CUD+P13_FINNGEN_SCZ__CUD
1	208410364	210787749	12	P2_PGC_SCZ__ADHD+P3_FINNGEN_SCZ__ADHD+P4_PGC_SCZ__ASD+P5_FINNGEN_SCZ__ASD+P6_PGC_SCZ__OCD+P7_FINNGEN_SCZ__OCD+P8_PGC_SCZ__AN+P9_FINNGEN_SCZ__AN+P10_PGC_SCZ__AUD+P11_FINNGEN_SCZ__AUD+P12_PGC_SCZ__CUD+P13_FINNGEN_SCZ__CUD
1	210787750	212842329	12	P2_PGC_SCZ__ADHD+P3_FINNGEN_SCZ__ADHD+P4_PGC_SCZ__ASD+P5_FINNGEN_SCZ__ASD+P6_PGC_SCZ__OCD+P7_FINNGEN_SCZ__OCD+P8_PGC_SCZ__AN+P9_FINNGEN_SCZ__AN+P10_PGC_SCZ__AUD+P11_FINNGEN_SCZ__AUD+P12_PGC_SCZ__CUD+P13_FINNGEN_SCZ__CUD
1	212842330	214578265	12	P2_PGC_SCZ__ADHD+P3_FINNGEN_SCZ__ADHD+P4_PGC_SCZ__ASD+P5_FINNGEN_SCZ__ASD+P6_PGC_SCZ__OCD+P7_FINNGEN_SCZ__OCD+P8_PGC_SCZ__AN+P9_FINNGEN_SCZ__AN+P10_PGC_SCZ__AUD+P11_FINNGEN_SCZ__AUD+P12_PGC_SCZ__CUD+P13_FINNGEN_SCZ__CUD
1	214578266	216243633	12	P2_PGC_SCZ__ADHD+P3_FINNGEN_SCZ__ADHD+P4_PGC_SCZ__ASD+P5_FINNGEN_SCZ__ASD+P6_PGC_SCZ__OCD+P7_FINNGEN_SCZ__OCD+P8_PGC_SCZ__AN+P9_FINNGEN_SCZ__AN+P10_PGC_SCZ__AUD+P11_FINNGEN_SCZ__AUD+P12_PGC_SCZ__CUD+P13_FINNGEN_SCZ__CUD
1	216243634	218705512	12	P2_PGC_SCZ__ADHD+P3_FINNGEN_SCZ__ADHD+P4_PGC_SCZ__ASD+P5_FINNGEN_SCZ__ASD+P6_PGC_SCZ__OCD+P7_FINNGEN_SCZ__OCD+P8_PGC_SCZ__AN+P9_FINNGEN_SCZ__AN+P10_PGC_SCZ__AUD+P11_FINNGEN_SCZ__AUD+P12_PGC_SCZ__CUD+P13_FINNGEN_SCZ__CUD
1	218705513	219590570	12	P2_PGC_SCZ__ADHD+P3_FINNGEN_SCZ__ADHD+P4_PGC_SCZ__ASD+P5_FINNGEN_SCZ__ASD+P6_PGC_SCZ__OCD+P7_FINNGEN_SCZ__OCD+P8_PGC_SCZ__AN+P9_FINNGEN_SCZ__AN+P10_PGC_SCZ__AUD+P11_FINNGEN_SCZ__AUD+P12_PGC_SCZ__CUD+P13_FINNGEN_SCZ__CUD
1	219590571	221858230	12	P2_PGC_SCZ__ADHD+P3_FINNGEN_SCZ__ADHD+P4_PGC_SCZ__ASD+P5_FINNGEN_SCZ__ASD+P6_PGC_SCZ__OCD+P7_FINNGEN_SCZ__OCD+P8_PGC_SCZ__AN+P9_FINNGEN_SCZ__AN+P10_PGC_SCZ__AUD+P11_FINNGEN_SCZ__AUD+P12_PGC_SCZ__CUD+P13_FINNGEN_SCZ__CUD
1	221858231	222230219	12	P2_PGC_SCZ__ADHD+P3_FINNGEN_SCZ__ADHD+P4_PGC_SCZ__ASD+P5_FINNGEN_SCZ__ASD+P6_PGC_SCZ__OCD+P7_FINNGEN_SCZ__OCD+P8_PGC_SCZ__AN+P9_FINNGEN_SCZ__AN+P10_PGC_SCZ__AUD+P11_FINNGEN_SCZ__AUD+P12_PGC_SCZ__CUD+P13_FINNGEN_SCZ__CUD
1	222230220	224938519	12	P2_PGC_SCZ__ADHD+P3_FINNGEN_SCZ__ADHD+P4_PGC_SCZ__ASD+P5_FINNGEN_SCZ__ASD+P6_PGC_SCZ__OCD+P7_FINNGEN_SCZ__OCD+P8_PGC_SCZ__AN+P9_FINNGEN_SCZ__AN+P10_PGC_SCZ__AUD+P11_FINNGEN_SCZ__AUD+P12_PGC_SCZ__CUD+P13_FINNGEN_SCZ__CUD
1	224938520	226810859	12	P2_PGC_SCZ__ADHD+P3_FINNGEN_SCZ__ADHD+P4_PGC_SCZ__ASD+P5_FINNGEN_SCZ__ASD+P6_PGC_SCZ__OCD+P7_FINNGEN_SCZ__OCD+P8_PGC_SCZ__AN+P9_FINNGEN_SCZ__AN+P10_PGC_SCZ__AUD+P11_FINNGEN_SCZ__AUD+P12_PGC_SCZ__CUD+P13_FINNGEN_SCZ__CUD
1	226810860	229156247	12	P2_PGC_SCZ__ADHD+P3_FINNGEN_SCZ__ADHD+P4_PGC_SCZ__ASD+P5_FINNGEN_SCZ__ASD+P6_PGC_SCZ__OCD+P7_FINNGEN_SCZ__OCD+P8_PGC_SCZ__AN+P9_FINNGEN_SCZ__AN+P10_PGC_SCZ__AUD+P11_FINNGEN_SCZ__AUD+P12_PGC_SCZ__CUD+P13_FINNGEN_SCZ__CUD
1	229156248	230685254	12	P2_PGC_SCZ__ADHD+P3_FINNGEN_SCZ__ADHD+P4_PGC_SCZ__ASD+P5_FINNGEN_SCZ__ASD+P6_PGC_SCZ__OCD+P7_FINNGEN_SCZ__OCD+P8_PGC_SCZ__AN+P9_FINNGEN_SCZ__AN+P10_PGC_SCZ__AUD+P11_FINNGEN_SCZ__AUD+P12_PGC_SCZ__CUD+P13_FINNGEN_SCZ__CUD
1	230685255	232090251	12	P2_PGC_SCZ__ADHD+P3_FINNGEN_SCZ__ADHD+P4_PGC_SCZ__ASD+P5_FINNGEN_SCZ__ASD+P6_PGC_SCZ__OCD+P7_FINNGEN_SCZ__OCD+P8_PGC_SCZ__AN+P9_FINNGEN_SCZ__AN+P10_PGC_SCZ__AUD+P11_FINNGEN_SCZ__AUD+P12_PGC_SCZ__CUD+P13_FINNGEN_SCZ__CUD
1	232090252	233429283	12	P2_PGC_SCZ__ADHD+P3_FINNGEN_SCZ__ADHD+P4_PGC_SCZ__ASD+P5_FINNGEN_SCZ__ASD+P6_PGC_SCZ__OCD+P7_FINNGEN_SCZ__OCD+P8_PGC_SCZ__AN+P9_FINNGEN_SCZ__AN+P10_PGC_SCZ__AUD+P11_FINNGEN_SCZ__AUD+P12_PGC_SCZ__CUD+P13_FINNGEN_SCZ__CUD
1	233429284	234599433	12	P2_PGC_SCZ__ADHD+P3_FINNGEN_SCZ__ADHD+P4_PGC_SCZ__ASD+P5_FINNGEN_SCZ__ASD+P6_PGC_SCZ__OCD+P7_FINNGEN_SCZ__OCD+P8_PGC_SCZ__AN+P9_FINNGEN_SCZ__AN+P10_PGC_SCZ__AUD+P11_FINNGEN_SCZ__AUD+P12_PGC_SCZ__CUD+P13_FINNGEN_SCZ__CUD
1	234599434	235819435	12	P2_PGC_SCZ__ADHD+P3_FINNGEN_SCZ__ADHD+P4_PGC_SCZ__ASD+P5_FINNGEN_SCZ__ASD+P6_PGC_SCZ__OCD+P7_FINNGEN_SCZ__OCD+P8_PGC_SCZ__AN+P9_FINNGEN_SCZ__AN+P10_PGC_SCZ__AUD+P11_FINNGEN_SCZ__AUD+P12_PGC_SCZ__CUD+P13_FINNGEN_SCZ__CUD
1	235819436	237555627	12	P2_PGC_SCZ__ADHD+P3_FINNGEN_SCZ__ADHD+P4_PGC_SCZ__ASD+P5_FINNGEN_SCZ__ASD+P6_PGC_SCZ__OCD+P7_FINNGEN_SCZ__OCD+P8_PGC_SCZ__AN+P9_FINNGEN_SCZ__AN+P10_PGC_SCZ__AUD+P11_FINNGEN_SCZ__AUD+P12_PGC_SCZ__CUD+P13_FINNGEN_SCZ__CUD
1	237555628	238567806	12	P2_PGC_SCZ__ADHD+P3_FINNGEN_SCZ__ADHD+P4_PGC_SCZ__ASD+P5_FINNGEN_SCZ__ASD+P6_PGC_SCZ__OCD+P7_FINNGEN_SCZ__OCD+P8_PGC_SCZ__AN+P9_FINNGEN_SCZ__AN+P10_PGC_SCZ__AUD+P11_FINNGEN_SCZ__AUD+P12_PGC_SCZ__CUD+P13_FINNGEN_SCZ__CUD
1	238567807	239925313	12	P2_PGC_SCZ__ADHD+P3_FINNGEN_SCZ__ADHD+P4_PGC_SCZ__ASD+P5_FINNGEN_SCZ__ASD+P6_PGC_SCZ__OCD+P7_FINNGEN_SCZ__OCD+P8_PGC_SCZ__AN+P9_FINNGEN_SCZ__AN+P10_PGC_SCZ__AUD+P11_FINNGEN_SCZ__AUD+P12_PGC_SCZ__CUD+P13_FINNGEN_SCZ__CUD
1	239925314	240564090	12	P2_PGC_SCZ__ADHD+P3_FINNGEN_SCZ__ADHD+P4_PGC_SCZ__ASD+P5_FINNGEN_SCZ__ASD+P6_PGC_SCZ__OCD+P7_FINNGEN_SCZ__OCD+P8_PGC_SCZ__AN+P9_FINNGEN_SCZ__AN+P10_PGC_SCZ__AUD+P11_FINNGEN_SCZ__AUD+P12_PGC_SCZ__CUD+P13_FINNGEN_SCZ__CUD
1	240564091	241582219	12	P2_PGC_SCZ__ADHD+P3_FINNGEN_SCZ__ADHD+P4_PGC_SCZ__ASD+P5_FINNGEN_SCZ__ASD+P6_PGC_SCZ__OCD+P7_FINNGEN_SCZ__OCD+P8_PGC_SCZ__AN+P9_FINNGEN_SCZ__AN+P10_PGC_SCZ__AUD+P11_FINNGEN_SCZ__AUD+P12_PGC_SCZ__CUD+P13_FINNGEN_SCZ__CUD
1	241582220	242071601	12	P2_PGC_SCZ__ADHD+P3_FINNGEN_SCZ__ADHD+P4_PGC_SCZ__ASD+P5_FINNGEN_SCZ__ASD+P6_PGC_SCZ__OCD+P7_FINNGEN_SCZ__OCD+P8_PGC_SCZ__AN+P9_FINNGEN_SCZ__AN+P10_PGC_SCZ__AUD+P11_FINNGEN_SCZ__AUD+P12_PGC_SCZ__CUD+P13_FINNGEN_SCZ__CUD
1	242071602	244109498	12	P2_PGC_SCZ__ADHD+P3_FINNGEN_SCZ__ADHD+P4_PGC_SCZ__ASD+P5_FINNGEN_SCZ__ASD+P6_PGC_SCZ__OCD+P7_FINNGEN_SCZ__OCD+P8_PGC_SCZ__AN+P9_FINNGEN_SCZ__AN+P10_PGC_SCZ__AUD+P11_FINNGEN_SCZ__AUD+P12_PGC_SCZ__CUD+P13_FINNGEN_SCZ__CUD
1	244109499	245506745	12	P2_PGC_SCZ__ADHD+P3_FINNGEN_SCZ__ADHD+P4_PGC_SCZ__ASD+P5_FINNGEN_SCZ__ASD+P6_PGC_SCZ__OCD+P7_FINNGEN_SCZ__OCD+P8_PGC_SCZ__AN+P9_FINNGEN_SCZ__AN+P10_PGC_SCZ__AUD+P11_FINNGEN_SCZ__AUD+P12_PGC_SCZ__CUD+P13_FINNGEN_SCZ__CUD
1	245506746	247344517	12	P2_PGC_SCZ__ADHD+P3_FINNGEN_SCZ__ADHD+P4_PGC_SCZ__ASD+P5_FINNGEN_SCZ__ASD+P6_PGC_SCZ__OCD+P7_FINNGEN_SCZ__OCD+P8_PGC_SCZ__AN+P9_FINNGEN_SCZ__AN+P10_PGC_SCZ__AUD+P11_FINNGEN_SCZ__AUD+P12_PGC_SCZ__CUD+P13_FINNGEN_SCZ__CUD
1	247344518	249239465	12	P2_PGC_SCZ__ADHD+P3_FINNGEN_SCZ__ADHD+P4_PGC_SCZ__ASD+P5_FINNGEN_SCZ__ASD+P6_PGC_SCZ__OCD+P7_FINNGEN_SCZ__OCD+P8_PGC_SCZ__AN+P9_FINNGEN_SCZ__AN+P10_PGC_SCZ__AUD+P11_FINNGEN_SCZ__AUD+P12_PGC_SCZ__CUD+P13_FINNGEN_SCZ__CUD
10	60523	751338	10	P2_PGC_SCZ__ADHD+P3_FINNGEN_SCZ__ADHD+P4_PGC_SCZ__ASD+P5_FINNGEN_SCZ__ASD+P6_PGC_SCZ__OCD+P7_FINNGEN_SCZ__OCD+P10_PGC_SCZ__AUD+P11_FINNGEN_SCZ__AUD+P12_PGC_SCZ__CUD+P13_FINNGEN_SCZ__CUD
10	751339	1523543	12	P2_PGC_SCZ__ADHD+P3_FINNGEN_SCZ__ADHD+P4_PGC_SCZ__ASD+P5_FINNGEN_SCZ__ASD+P6_PGC_SCZ__OCD+P7_FINNGEN_SCZ__OCD+P8_PGC_SCZ__AN+P9_FINNGEN_SCZ__AN+P10_PGC_SCZ__AUD+P11_FINNGEN_SCZ__AUD+P12_PGC_SCZ__CUD+P13_FINNGEN_SCZ__CUD
10	1523544	2254499	12	P2_PGC_SCZ__ADHD+P3_FINNGEN_SCZ__ADHD+P4_PGC_SCZ__ASD+P5_FINNGEN_SCZ__ASD+P6_PGC_SCZ__OCD+P7_FINNGEN_SCZ__OCD+P8_PGC_SCZ__AN+P9_FINNGEN_SCZ__AN+P10_PGC_SCZ__AUD+P11_FINNGEN_SCZ__AUD+P12_PGC_SCZ__CUD+P13_FINNGEN_SCZ__CUD
10	2254500	3352698	12	P2_PGC_SCZ__ADHD+P3_FINNGEN_SCZ__ADHD+P4_PGC_SCZ__ASD+P5_FINNGEN_SCZ__ASD+P6_PGC_SCZ__OCD+P7_FINNGEN_SCZ__OCD+P8_PGC_SCZ__AN+P9_FINNGEN_SCZ__AN+P10_PGC_SCZ__AUD+P11_FINNGEN_SCZ__AUD+P12_PGC_SCZ__CUD+P13_FINNGEN_SCZ__CUD
10	3352699	4572273	12	P2_PGC_SCZ__ADHD+P3_FINNGEN_SCZ__ADHD+P4_PGC_SCZ__ASD+P5_FINNGEN_SCZ__ASD+P6_PGC_SCZ__OCD+P7_FINNGEN_SCZ__OCD+P8_PGC_SCZ__AN+P9_FINNGEN_SCZ__AN+P10_PGC_SCZ__AUD+P11_FINNGEN_SCZ__AUD+P12_PGC_SCZ__CUD+P13_FINNGEN_SCZ__CUD
10	4572274	5983761	12	P2_PGC_SCZ__ADHD+P3_FINNGEN_SCZ__ADHD+P4_PGC_SCZ__ASD+P5_FINNGEN_SCZ__ASD+P6_PGC_SCZ__OCD+P7_FINNGEN_SCZ__OCD+P8_PGC_SCZ__AN+P9_FINNGEN_SCZ__AN+P10_PGC_SCZ__AUD+P11_FINNGEN_SCZ__AUD+P12_PGC_SCZ__CUD+P13_FINNGEN_SCZ__CUD
10	5983762	7171483	12	P2_PGC_SCZ__ADHD+P3_FINNGEN_SCZ__ADHD+P4_PGC_SCZ__ASD+P5_FINNGEN_SCZ__ASD+P6_PGC_SCZ__OCD+P7_FINNGEN_SCZ__OCD+P8_PGC_SCZ__AN+P9_FINNGEN_SCZ__AN+P10_PGC_SCZ__AUD+P11_FINNGEN_SCZ__AUD+P12_PGC_SCZ__CUD+P13_FINNGEN_SCZ__CUD
10	7171484	8774664	12	P2_PGC_SCZ__ADHD+P3_FINNGEN_SCZ__ADHD+P4_PGC_SCZ__ASD+P5_FINNGEN_SCZ__ASD+P6_PGC_SCZ__OCD+P7_FINNGEN_SCZ__OCD+P8_PGC_SCZ__AN+P9_FINNGEN_SCZ__AN+P10_PGC_SCZ__AUD+P11_FINNGEN_SCZ__AUD+P12_PGC_SCZ__CUD+P13_FINNGEN_SCZ__CUD
10	8774665	10249395	12	P2_PGC_SCZ__ADHD+P3_FINNGEN_SCZ__ADHD+P4_PGC_SCZ__ASD+P5_FINNGEN_SCZ__ASD+P6_PGC_SCZ__OCD+P7_FINNGEN_SCZ__OCD+P8_PGC_SCZ__AN+P9_FINNGEN_SCZ__AN+P10_PGC_SCZ__AUD+P11_FINNGEN_SCZ__AUD+P12_PGC_SCZ__CUD+P13_FINNGEN_SCZ__CUD
10	10249396	12586796	12	P2_PGC_SCZ__ADHD+P3_FINNGEN_SCZ__ADHD+P4_PGC_SCZ__ASD+P5_FINNGEN_SCZ__ASD+P6_PGC_SCZ__OCD+P7_FINNGEN_SCZ__OCD+P8_PGC_SCZ__AN+P9_FINNGEN_SCZ__AN+P10_PGC_SCZ__AUD+P11_FINNGEN_SCZ__AUD+P12_PGC_SCZ__CUD+P13_FINNGEN_SCZ__CUD
10	12586797	13321599	12	P2_PGC_SCZ__ADHD+P3_FINNGEN_SCZ__ADHD+P4_PGC_SCZ__ASD+P5_FINNGEN_SCZ__ASD+P6_PGC_SCZ__OCD+P7_FINNGEN_SCZ__OCD+P8_PGC_SCZ__AN+P9_FINNGEN_SCZ__AN+P10_PGC_SCZ__AUD+P11_FINNGEN_SCZ__AUD+P12_PGC_SCZ__CUD+P13_FINNGEN_SCZ__CUD
10	13321600	15026067	12	P2_PGC_SCZ__ADHD+P3_FINNGEN_SCZ__ADHD+P4_PGC_SCZ__ASD+P5_FINNGEN_SCZ__ASD+P6_PGC_SCZ__OCD+P7_FINNGEN_SCZ__OCD+P8_PGC_SCZ__AN+P9_FINNGEN_SCZ__AN+P10_PGC_SCZ__AUD+P11_FINNGEN_SCZ__AUD+P12_PGC_SCZ__CUD+P13_FINNGEN_SCZ__CUD
10	15026068	16551766	12	P2_PGC_SCZ__ADHD+P3_FINNGEN_SCZ__ADHD+P4_PGC_SCZ__ASD+P5_FINNGEN_SCZ__ASD+P6_PGC_SCZ__OCD+P7_FINNGEN_SCZ__OCD+P8_PGC_SCZ__AN+P9_FINNGEN_SCZ__AN+P10_PGC_SCZ__AUD+P11_FINNGEN_SCZ__AUD+P12_PGC_SCZ__CUD+P13_FINNGEN_SCZ__CUD
10	16551767	18537266	12	P2_PGC_SCZ__ADHD+P3_FINNGEN_SCZ__ADHD+P4_PGC_SCZ__ASD+P5_FINNGEN_SCZ__ASD+P6_PGC_SCZ__OCD+P7_FINNGEN_SCZ__OCD+P8_PGC_SCZ__AN+P9_FINNGEN_SCZ__AN+P10_PGC_SCZ__AUD+P11_FINNGEN_SCZ__AUD+P12_PGC_SCZ__CUD+P13_FINNGEN_SCZ__CUD
10	18537267	19716877	12	P2_PGC_SCZ__ADHD+P3_FINNGEN_SCZ__ADHD+P4_PGC_SCZ__ASD+P5_FINNGEN_SCZ__ASD+P6_PGC_SCZ__OCD+P7_FINNGEN_SCZ__OCD+P8_PGC_SCZ__AN+P9_FINNGEN_SCZ__AN+P10_PGC_SCZ__AUD+P11_FINNGEN_SCZ__AUD+P12_PGC_SCZ__CUD+P13_FINNGEN_SCZ__CUD
10	19716878	22772282	12	P2_PGC_SCZ__ADHD+P3_FINNGEN_SCZ__ADHD+P4_PGC_SCZ__ASD+P5_FINNGEN_SCZ__ASD+P6_PGC_SCZ__OCD+P7_FINNGEN_SCZ__OCD+P8_PGC_SCZ__AN+P9_FINNGEN_SCZ__AN+P10_PGC_SCZ__AUD+P11_FINNGEN_SCZ__AUD+P12_PGC_SCZ__CUD+P13_FINNGEN_SCZ__CUD
10	22772283	23175131	8	P2_PGC_SCZ__ADHD+P3_FINNGEN_SCZ__ADHD+P6_PGC_SCZ__OCD+P7_FINNGEN_SCZ__OCD+P10_PGC_SCZ__AUD+P11_FINNGEN_SCZ__AUD+P12_PGC_SCZ__CUD+P13_FINNGEN_SCZ__CUD
10	23175132	25578595	12	P2_PGC_SCZ__ADHD+P3_FINNGEN_SCZ__ADHD+P4_PGC_SCZ__ASD+P5_FINNGEN_SCZ__ASD+P6_PGC_SCZ__OCD+P7_FINNGEN_SCZ__OCD+P8_PGC_SCZ__AN+P9_FINNGEN_SCZ__AN+P10_PGC_SCZ__AUD+P11_FINNGEN_SCZ__AUD+P12_PGC_SCZ__CUD+P13_FINNGEN_SCZ__CUD
10	25578596	26888683	12	P2_PGC_SCZ__ADHD+P3_FINNGEN_SCZ__ADHD+P4_PGC_SCZ__ASD+P5_FINNGEN_SCZ__ASD+P6_PGC_SCZ__OCD+P7_FINNGEN_SCZ__OCD+P8_PGC_SCZ__AN+P9_FINNGEN_SCZ__AN+P10_PGC_SCZ__AUD+P11_FINNGEN_SCZ__AUD+P12_PGC_SCZ__CUD+P13_FINNGEN_SCZ__CUD
10	26888684	29323235	12	P2_PGC_SCZ__ADHD+P3_FINNGEN_SCZ__ADHD+P4_PGC_SCZ__ASD+P5_FINNGEN_SCZ__ASD+P6_PGC_SCZ__OCD+P7_FINNGEN_SCZ__OCD+P8_PGC_SCZ__AN+P9_FINNGEN_SCZ__AN+P10_PGC_SCZ__AUD+P11_FINNGEN_SCZ__AUD+P12_PGC_SCZ__CUD+P13_FINNGEN_SCZ__CUD
10	29323236	29783691	12	P2_PGC_SCZ__ADHD+P3_FINNGEN_SCZ__ADHD+P4_PGC_SCZ__ASD+P5_FINNGEN_SCZ__ASD+P6_PGC_SCZ__OCD+P7_FINNGEN_SCZ__OCD+P8_PGC_SCZ__AN+P9_FINNGEN_SCZ__AN+P10_PGC_SCZ__AUD+P11_FINNGEN_SCZ__AUD+P12_PGC_SCZ__CUD+P13_FINNGEN_SCZ__CUD
10	29783692	30458837	12	P2_PGC_SCZ__ADHD+P3_FINNGEN_SCZ__ADHD+P4_PGC_SCZ__ASD+P5_FINNGEN_SCZ__ASD+P6_PGC_SCZ__OCD+P7_FINNGEN_SCZ__OCD+P8_PGC_SCZ__AN+P9_FINNGEN_SCZ__AN+P10_PGC_SCZ__AUD+P11_FINNGEN_SCZ__AUD+P12_PGC_SCZ__CUD+P13_FINNGEN_SCZ__CUD
10	30458838	31907518	12	P2_PGC_SCZ__ADHD+P3_FINNGEN_SCZ__ADHD+P4_PGC_SCZ__ASD+P5_FINNGEN_SCZ__ASD+P6_PGC_SCZ__OCD+P7_FINNGEN_SCZ__OCD+P8_PGC_SCZ__AN+P9_FINNGEN_SCZ__AN+P10_PGC_SCZ__AUD+P11_FINNGEN_SCZ__AUD+P12_PGC_SCZ__CUD+P13_FINNGEN_SCZ__CUD
10	31907519	33707967	12	P2_PGC_SCZ__ADHD+P3_FINNGEN_SCZ__ADHD+P4_PGC_SCZ__ASD+P5_FINNGEN_SCZ__ASD+P6_PGC_SCZ__OCD+P7_FINNGEN_SCZ__OCD+P8_PGC_SCZ__AN+P9_FINNGEN_SCZ__AN+P10_PGC_SCZ__AUD+P11_FINNGEN_SCZ__AUD+P12_PGC_SCZ__CUD+P13_FINNGEN_SCZ__CUD
10	33707968	35109354	12	P2_PGC_SCZ__ADHD+P3_FINNGEN_SCZ__ADHD+P4_PGC_SCZ__ASD+P5_FINNGEN_SCZ__ASD+P6_PGC_SCZ__OCD+P7_FINNGEN_SCZ__OCD+P8_PGC_SCZ__AN+P9_FINNGEN_SCZ__AN+P10_PGC_SCZ__AUD+P11_FINNGEN_SCZ__AUD+P12_PGC_SCZ__CUD+P13_FINNGEN_SCZ__CUD
10	35109355	36572507	12	P2_PGC_SCZ__ADHD+P3_FINNGEN_SCZ__ADHD+P4_PGC_SCZ__ASD+P5_FINNGEN_SCZ__ASD+P6_PGC_SCZ__OCD+P7_FINNGEN_SCZ__OCD+P8_PGC_SCZ__AN+P9_FINNGEN_SCZ__AN+P10_PGC_SCZ__AUD+P11_FINNGEN_SCZ__AUD+P12_PGC_SCZ__CUD+P13_FINNGEN_SCZ__CUD
10	36572508	37790028	12	P2_PGC_SCZ__ADHD+P3_FINNGEN_SCZ__ADHD+P4_PGC_SCZ__ASD+P5_FINNGEN_SCZ__ASD+P6_PGC_SCZ__OCD+P7_FINNGEN_SCZ__OCD+P8_PGC_SCZ__AN+P9_FINNGEN_SCZ__AN+P10_PGC_SCZ__AUD+P11_FINNGEN_SCZ__AUD+P12_PGC_SCZ__CUD+P13_FINNGEN_SCZ__CUD
10	37790029	42372578	12	P2_PGC_SCZ__ADHD+P3_FINNGEN_SCZ__ADHD+P4_PGC_SCZ__ASD+P5_FINNGEN_SCZ__ASD+P6_PGC_SCZ__OCD+P7_FINNGEN_SCZ__OCD+P8_PGC_SCZ__AN+P9_FINNGEN_SCZ__AN+P10_PGC_SCZ__AUD+P11_FINNGEN_SCZ__AUD+P12_PGC_SCZ__CUD+P13_FINNGEN_SCZ__CUD
10	42372579	43894770	12	P2_PGC_SCZ__ADHD+P3_FINNGEN_SCZ__ADHD+P4_PGC_SCZ__ASD+P5_FINNGEN_SCZ__ASD+P6_PGC_SCZ__OCD+P7_FINNGEN_SCZ__OCD+P8_PGC_SCZ__AN+P9_FINNGEN_SCZ__AN+P10_PGC_SCZ__AUD+P11_FINNGEN_SCZ__AUD+P12_PGC_SCZ__CUD+P13_FINNGEN_SCZ__CUD
10	43894771	44730074	12	P2_PGC_SCZ__ADHD+P3_FINNGEN_SCZ__ADHD+P4_PGC_SCZ__ASD+P5_FINNGEN_SCZ__ASD+P6_PGC_SCZ__OCD+P7_FINNGEN_SCZ__OCD+P8_PGC_SCZ__AN+P9_FINNGEN_SCZ__AN+P10_PGC_SCZ__AUD+P11_FINNGEN_SCZ__AUD+P12_PGC_SCZ__CUD+P13_FINNGEN_SCZ__CUD
10	44730075	48760449	12	P2_PGC_SCZ__ADHD+P3_FINNGEN_SCZ__ADHD+P4_PGC_SCZ__ASD+P5_FINNGEN_SCZ__ASD+P6_PGC_SCZ__OCD+P7_FINNGEN_SCZ__OCD+P8_PGC_SCZ__AN+P9_FINNGEN_SCZ__AN+P10_PGC_SCZ__AUD+P11_FINNGEN_SCZ__AUD+P12_PGC_SCZ__CUD+P13_FINNGEN_SCZ__CUD
10	48760450	50840914	12	P2_PGC_SCZ__ADHD+P3_FINNGEN_SCZ__ADHD+P4_PGC_SCZ__ASD+P5_FINNGEN_SCZ__ASD+P6_PGC_SCZ__OCD+P7_FINNGEN_SCZ__OCD+P8_PGC_SCZ__AN+P9_FINNGEN_SCZ__AN+P10_PGC_SCZ__AUD+P11_FINNGEN_SCZ__AUD+P12_PGC_SCZ__CUD+P13_FINNGEN_SCZ__CUD
10	50840915	53616628	12	P2_PGC_SCZ__ADHD+P3_FINNGEN_SCZ__ADHD+P4_PGC_SCZ__ASD+P5_FINNGEN_SCZ__ASD+P6_PGC_SCZ__OCD+P7_FINNGEN_SCZ__OCD+P8_PGC_SCZ__AN+P9_FINNGEN_SCZ__AN+P10_PGC_SCZ__AUD+P11_FINNGEN_SCZ__AUD+P12_PGC_SCZ__CUD+P13_FINNGEN_SCZ__CUD
10	53616629	55103571	12	P2_PGC_SCZ__ADHD+P3_FINNGEN_SCZ__ADHD+P4_PGC_SCZ__ASD+P5_FINNGEN_SCZ__ASD+P6_PGC_SCZ__OCD+P7_FINNGEN_SCZ__OCD+P8_PGC_SCZ__AN+P9_FINNGEN_SCZ__AN+P10_PGC_SCZ__AUD+P11_FINNGEN_SCZ__AUD+P12_PGC_SCZ__CUD+P13_FINNGEN_SCZ__CUD
10	55103572	57031139	12	P2_PGC_SCZ__ADHD+P3_FINNGEN_SCZ__ADHD+P4_PGC_SCZ__ASD+P5_FINNGEN_SCZ__ASD+P6_PGC_SCZ__OCD+P7_FINNGEN_SCZ__OCD+P8_PGC_SCZ__AN+P9_FINNGEN_SCZ__AN+P10_PGC_SCZ__AUD+P11_FINNGEN_SCZ__AUD+P12_PGC_SCZ__CUD+P13_FINNGEN_SCZ__CUD
10	57031140	57662145	12	P2_PGC_SCZ__ADHD+P3_FINNGEN_SCZ__ADHD+P4_PGC_SCZ__ASD+P5_FINNGEN_SCZ__ASD+P6_PGC_SCZ__OCD+P7_FINNGEN_SCZ__OCD+P8_PGC_SCZ__AN+P9_FINNGEN_SCZ__AN+P10_PGC_SCZ__AUD+P11_FINNGEN_SCZ__AUD+P12_PGC_SCZ__CUD+P13_FINNGEN_SCZ__CUD
10	57662146	58959527	12	P2_PGC_SCZ__ADHD+P3_FINNGEN_SCZ__ADHD+P4_PGC_SCZ__ASD+P5_FINNGEN_SCZ__ASD+P6_PGC_SCZ__OCD+P7_FINNGEN_SCZ__OCD+P8_PGC_SCZ__AN+P9_FINNGEN_SCZ__AN+P10_PGC_SCZ__AUD+P11_FINNGEN_SCZ__AUD+P12_PGC_SCZ__CUD+P13_FINNGEN_SCZ__CUD
10	58959528	60289986	12	P2_PGC_SCZ__ADHD+P3_FINNGEN_SCZ__ADHD+P4_PGC_SCZ__ASD+P5_FINNGEN_SCZ__ASD+P6_PGC_SCZ__OCD+P7_FINNGEN_SCZ__OCD+P8_PGC_SCZ__AN+P9_FINNGEN_SCZ__AN+P10_PGC_SCZ__AUD+P11_FINNGEN_SCZ__AUD+P12_PGC_SCZ__CUD+P13_FINNGEN_SCZ__CUD
10	60289987	61891408	12	P2_PGC_SCZ__ADHD+P3_FINNGEN_SCZ__ADHD+P4_PGC_SCZ__ASD+P5_FINNGEN_SCZ__ASD+P6_PGC_SCZ__OCD+P7_FINNGEN_SCZ__OCD+P8_PGC_SCZ__AN+P9_FINNGEN_SCZ__AN+P10_PGC_SCZ__AUD+P11_FINNGEN_SCZ__AUD+P12_PGC_SCZ__CUD+P13_FINNGEN_SCZ__CUD
10	61891409	62659678	12	P2_PGC_SCZ__ADHD+P3_FINNGEN_SCZ__ADHD+P4_PGC_SCZ__ASD+P5_FINNGEN_SCZ__ASD+P6_PGC_SCZ__OCD+P7_FINNGEN_SCZ__OCD+P8_PGC_SCZ__AN+P9_FINNGEN_SCZ__AN+P10_PGC_SCZ__AUD+P11_FINNGEN_SCZ__AUD+P12_PGC_SCZ__CUD+P13_FINNGEN_SCZ__CUD
10	62659679	63341694	12	P2_PGC_SCZ__ADHD+P3_FINNGEN_SCZ__ADHD+P4_PGC_SCZ__ASD+P5_FINNGEN_SCZ__ASD+P6_PGC_SCZ__OCD+P7_FINNGEN_SCZ__OCD+P8_PGC_SCZ__AN+P9_FINNGEN_SCZ__AN+P10_PGC_SCZ__AUD+P11_FINNGEN_SCZ__AUD+P12_PGC_SCZ__CUD+P13_FINNGEN_SCZ__CUD
10	63341695	65794113	12	P2_PGC_SCZ__ADHD+P3_FINNGEN_SCZ__ADHD+P4_PGC_SCZ__ASD+P5_FINNGEN_SCZ__ASD+P6_PGC_SCZ__OCD+P7_FINNGEN_SCZ__OCD+P8_PGC_SCZ__AN+P9_FINNGEN_SCZ__AN+P10_PGC_SCZ__AUD+P11_FINNGEN_SCZ__AUD+P12_PGC_SCZ__CUD+P13_FINNGEN_SCZ__CUD
10	65794114	67549614	12	P2_PGC_SCZ__ADHD+P3_FINNGEN_SCZ__ADHD+P4_PGC_SCZ__ASD+P5_FINNGEN_SCZ__ASD+P6_PGC_SCZ__OCD+P7_FINNGEN_SCZ__OCD+P8_PGC_SCZ__AN+P9_FINNGEN_SCZ__AN+P10_PGC_SCZ__AUD+P11_FINNGEN_SCZ__AUD+P12_PGC_SCZ__CUD+P13_FINNGEN_SCZ__CUD
10	67549615	69900147	12	P2_PGC_SCZ__ADHD+P3_FINNGEN_SCZ__ADHD+P4_PGC_SCZ__ASD+P5_FINNGEN_SCZ__ASD+P6_PGC_SCZ__OCD+P7_FINNGEN_SCZ__OCD+P8_PGC_SCZ__AN+P9_FINNGEN_SCZ__AN+P10_PGC_SCZ__AUD+P11_FINNGEN_SCZ__AUD+P12_PGC_SCZ__CUD+P13_FINNGEN_SCZ__CUD
10	69900148	70195990	2	P2_PGC_SCZ__ADHD+P3_FINNGEN_SCZ__ADHD
10	70195991	72220849	12	P2_PGC_SCZ__ADHD+P3_FINNGEN_SCZ__ADHD+P4_PGC_SCZ__ASD+P5_FINNGEN_SCZ__ASD+P6_PGC_SCZ__OCD+P7_FINNGEN_SCZ__OCD+P8_PGC_SCZ__AN+P9_FINNGEN_SCZ__AN+P10_PGC_SCZ__AUD+P11_FINNGEN_SCZ__AUD+P12_PGC_SCZ__CUD+P13_FINNGEN_SCZ__CUD
10	72220850	73508511	12	P2_PGC_SCZ__ADHD+P3_FINNGEN_SCZ__ADHD+P4_PGC_SCZ__ASD+P5_FINNGEN_SCZ__ASD+P6_PGC_SCZ__OCD+P7_FINNGEN_SCZ__OCD+P8_PGC_SCZ__AN+P9_FINNGEN_SCZ__AN+P10_PGC_SCZ__AUD+P11_FINNGEN_SCZ__AUD+P12_PGC_SCZ__CUD+P13_FINNGEN_SCZ__CUD
10	73508512	75422549	12	P2_PGC_SCZ__ADHD+P3_FINNGEN_SCZ__ADHD+P4_PGC_SCZ__ASD+P5_FINNGEN_SCZ__ASD+P6_PGC_SCZ__OCD+P7_FINNGEN_SCZ__OCD+P8_PGC_SCZ__AN+P9_FINNGEN_SCZ__AN+P10_PGC_SCZ__AUD+P11_FINNGEN_SCZ__AUD+P12_PGC_SCZ__CUD+P13_FINNGEN_SCZ__CUD
10	75422550	78706813	12	P2_PGC_SCZ__ADHD+P3_FINNGEN_SCZ__ADHD+P4_PGC_SCZ__ASD+P5_FINNGEN_SCZ__ASD+P6_PGC_SCZ__OCD+P7_FINNGEN_SCZ__OCD+P8_PGC_SCZ__AN+P9_FINNGEN_SCZ__AN+P10_PGC_SCZ__AUD+P11_FINNGEN_SCZ__AUD+P12_PGC_SCZ__CUD+P13_FINNGEN_SCZ__CUD
10	78706814	80876748	12	P2_PGC_SCZ__ADHD+P3_FINNGEN_SCZ__ADHD+P4_PGC_SCZ__ASD+P5_FINNGEN_SCZ__ASD+P6_PGC_SCZ__OCD+P7_FINNGEN_SCZ__OCD+P8_PGC_SCZ__AN+P9_FINNGEN_SCZ__AN+P10_PGC_SCZ__AUD+P11_FINNGEN_SCZ__AUD+P12_PGC_SCZ__CUD+P13_FINNGEN_SCZ__CUD
10	80876749	82414678	12	P2_PGC_SCZ__ADHD+P3_FINNGEN_SCZ__ADHD+P4_PGC_SCZ__ASD+P5_FINNGEN_SCZ__ASD+P6_PGC_SCZ__OCD+P7_FINNGEN_SCZ__OCD+P8_PGC_SCZ__AN+P9_FINNGEN_SCZ__AN+P10_PGC_SCZ__AUD+P11_FINNGEN_SCZ__AUD+P12_PGC_SCZ__CUD+P13_FINNGEN_SCZ__CUD
10	82414679	84383744	12	P2_PGC_SCZ__ADHD+P3_FINNGEN_SCZ__ADHD+P4_PGC_SCZ__ASD+P5_FINNGEN_SCZ__ASD+P6_PGC_SCZ__OCD+P7_FINNGEN_SCZ__OCD+P8_PGC_SCZ__AN+P9_FINNGEN_SCZ__AN+P10_PGC_SCZ__AUD+P11_FINNGEN_SCZ__AUD+P12_PGC_SCZ__CUD+P13_FINNGEN_SCZ__CUD
10	84383745	85458702	12	P2_PGC_SCZ__ADHD+P3_FINNGEN_SCZ__ADHD+P4_PGC_SCZ__ASD+P5_FINNGEN_SCZ__ASD+P6_PGC_SCZ__OCD+P7_FINNGEN_SCZ__OCD+P8_PGC_SCZ__AN+P9_FINNGEN_SCZ__AN+P10_PGC_SCZ__AUD+P11_FINNGEN_SCZ__AUD+P12_PGC_SCZ__CUD+P13_FINNGEN_SCZ__CUD
10	85458703	87937576	12	P2_PGC_SCZ__ADHD+P3_FINNGEN_SCZ__ADHD+P4_PGC_SCZ__ASD+P5_FINNGEN_SCZ__ASD+P6_PGC_SCZ__OCD+P7_FINNGEN_SCZ__OCD+P8_PGC_SCZ__AN+P9_FINNGEN_SCZ__AN+P10_PGC_SCZ__AUD+P11_FINNGEN_SCZ__AUD+P12_PGC_SCZ__CUD+P13_FINNGEN_SCZ__CUD
10	87937577	89127063	12	P2_PGC_SCZ__ADHD+P3_FINNGEN_SCZ__ADHD+P4_PGC_SCZ__ASD+P5_FINNGEN_SCZ__ASD+P6_PGC_SCZ__OCD+P7_FINNGEN_SCZ__OCD+P8_PGC_SCZ__AN+P9_FINNGEN_SCZ__AN+P10_PGC_SCZ__AUD+P11_FINNGEN_SCZ__AUD+P12_PGC_SCZ__CUD+P13_FINNGEN_SCZ__CUD
10	89127064	91013380	12	P2_PGC_SCZ__ADHD+P3_FINNGEN_SCZ__ADHD+P4_PGC_SCZ__ASD+P5_FINNGEN_SCZ__ASD+P6_PGC_SCZ__OCD+P7_FINNGEN_SCZ__OCD+P8_PGC_SCZ__AN+P9_FINNGEN_SCZ__AN+P10_PGC_SCZ__AUD+P11_FINNGEN_SCZ__AUD+P12_PGC_SCZ__CUD+P13_FINNGEN_SCZ__CUD
10	91013381	92006580	12	P2_PGC_SCZ__ADHD+P3_FINNGEN_SCZ__ADHD+P4_PGC_SCZ__ASD+P5_FINNGEN_SCZ__ASD+P6_PGC_SCZ__OCD+P7_FINNGEN_SCZ__OCD+P8_PGC_SCZ__AN+P9_FINNGEN_SCZ__AN+P10_PGC_SCZ__AUD+P11_FINNGEN_SCZ__AUD+P12_PGC_SCZ__CUD+P13_FINNGEN_SCZ__CUD
10	92006581	93335046	12	P2_PGC_SCZ__ADHD+P3_FINNGEN_SCZ__ADHD+P4_PGC_SCZ__ASD+P5_FINNGEN_SCZ__ASD+P6_PGC_SCZ__OCD+P7_FINNGEN_SCZ__OCD+P8_PGC_SCZ__AN+P9_FINNGEN_SCZ__AN+P10_PGC_SCZ__AUD+P11_FINNGEN_SCZ__AUD+P12_PGC_SCZ__CUD+P13_FINNGEN_SCZ__CUD
10	93335047	95396367	12	P2_PGC_SCZ__ADHD+P3_FINNGEN_SCZ__ADHD+P4_PGC_SCZ__ASD+P5_FINNGEN_SCZ__ASD+P6_PGC_SCZ__OCD+P7_FINNGEN_SCZ__OCD+P8_PGC_SCZ__AN+P9_FINNGEN_SCZ__AN+P10_PGC_SCZ__AUD+P11_FINNGEN_SCZ__AUD+P12_PGC_SCZ__CUD+P13_FINNGEN_SCZ__CUD
10	95396368	96221242	12	P2_PGC_SCZ__ADHD+P3_FINNGEN_SCZ__ADHD+P4_PGC_SCZ__ASD+P5_FINNGEN_SCZ__ASD+P6_PGC_SCZ__OCD+P7_FINNGEN_SCZ__OCD+P8_PGC_SCZ__AN+P9_FINNGEN_SCZ__AN+P10_PGC_SCZ__AUD+P11_FINNGEN_SCZ__AUD+P12_PGC_SCZ__CUD+P13_FINNGEN_SCZ__CUD
10	96221243	97822356	12	P2_PGC_SCZ__ADHD+P3_FINNGEN_SCZ__ADHD+P4_PGC_SCZ__ASD+P5_FINNGEN_SCZ__ASD+P6_PGC_SCZ__OCD+P7_FINNGEN_SCZ__OCD+P8_PGC_SCZ__AN+P9_FINNGEN_SCZ__AN+P10_PGC_SCZ__AUD+P11_FINNGEN_SCZ__AUD+P12_PGC_SCZ__CUD+P13_FINNGEN_SCZ__CUD
10	97822357	100241301	12	P2_PGC_SCZ__ADHD+P3_FINNGEN_SCZ__ADHD+P4_PGC_SCZ__ASD+P5_FINNGEN_SCZ__ASD+P6_PGC_SCZ__OCD+P7_FINNGEN_SCZ__OCD+P8_PGC_SCZ__AN+P9_FINNGEN_SCZ__AN+P10_PGC_SCZ__AUD+P11_FINNGEN_SCZ__AUD+P12_PGC_SCZ__CUD+P13_FINNGEN_SCZ__CUD
10	100241302	100668399	12	P2_PGC_SCZ__ADHD+P3_FINNGEN_SCZ__ADHD+P4_PGC_SCZ__ASD+P5_FINNGEN_SCZ__ASD+P6_PGC_SCZ__OCD+P7_FINNGEN_SCZ__OCD+P8_PGC_SCZ__AN+P9_FINNGEN_SCZ__AN+P10_PGC_SCZ__AUD+P11_FINNGEN_SCZ__AUD+P12_PGC_SCZ__CUD+P13_FINNGEN_SCZ__CUD
10	100668400	102949238	12	P2_PGC_SCZ__ADHD+P3_FINNGEN_SCZ__ADHD+P4_PGC_SCZ__ASD+P5_FINNGEN_SCZ__ASD+P6_PGC_SCZ__OCD+P7_FINNGEN_SCZ__OCD+P8_PGC_SCZ__AN+P9_FINNGEN_SCZ__AN+P10_PGC_SCZ__AUD+P11_FINNGEN_SCZ__AUD+P12_PGC_SCZ__CUD+P13_FINNGEN_SCZ__CUD
10	102949239	104380409	12	P2_PGC_SCZ__ADHD+P3_FINNGEN_SCZ__ADHD+P4_PGC_SCZ__ASD+P5_FINNGEN_SCZ__ASD+P6_PGC_SCZ__OCD+P7_FINNGEN_SCZ__OCD+P8_PGC_SCZ__AN+P9_FINNGEN_SCZ__AN+P10_PGC_SCZ__AUD+P11_FINNGEN_SCZ__AUD+P12_PGC_SCZ__CUD+P13_FINNGEN_SCZ__CUD
10	104380410	106695047	12	P2_PGC_SCZ__ADHD+P3_FINNGEN_SCZ__ADHD+P4_PGC_SCZ__ASD+P5_FINNGEN_SCZ__ASD+P6_PGC_SCZ__OCD+P7_FINNGEN_SCZ__OCD+P8_PGC_SCZ__AN+P9_FINNGEN_SCZ__AN+P10_PGC_SCZ__AUD+P11_FINNGEN_SCZ__AUD+P12_PGC_SCZ__CUD+P13_FINNGEN_SCZ__CUD
10	106695048	108726685	12	P2_PGC_SCZ__ADHD+P3_FINNGEN_SCZ__ADHD+P4_PGC_SCZ__ASD+P5_FINNGEN_SCZ__ASD+P6_PGC_SCZ__OCD+P7_FINNGEN_SCZ__OCD+P8_PGC_SCZ__AN+P9_FINNGEN_SCZ__AN+P10_PGC_SCZ__AUD+P11_FINNGEN_SCZ__AUD+P12_PGC_SCZ__CUD+P13_FINNGEN_SCZ__CUD
10	108726686	110317704	12	P2_PGC_SCZ__ADHD+P3_FINNGEN_SCZ__ADHD+P4_PGC_SCZ__ASD+P5_FINNGEN_SCZ__ASD+P6_PGC_SCZ__OCD+P7_FINNGEN_SCZ__OCD+P8_PGC_SCZ__AN+P9_FINNGEN_SCZ__AN+P10_PGC_SCZ__AUD+P11_FINNGEN_SCZ__AUD+P12_PGC_SCZ__CUD+P13_FINNGEN_SCZ__CUD
10	110317705	112561492	12	P2_PGC_SCZ__ADHD+P3_FINNGEN_SCZ__ADHD+P4_PGC_SCZ__ASD+P5_FINNGEN_SCZ__ASD+P6_PGC_SCZ__OCD+P7_FINNGEN_SCZ__OCD+P8_PGC_SCZ__AN+P9_FINNGEN_SCZ__AN+P10_PGC_SCZ__AUD+P11_FINNGEN_SCZ__AUD+P12_PGC_SCZ__CUD+P13_FINNGEN_SCZ__CUD
10	112561493	115328431	12	P2_PGC_SCZ__ADHD+P3_FINNGEN_SCZ__ADHD+P4_PGC_SCZ__ASD+P5_FINNGEN_SCZ__ASD+P6_PGC_SCZ__OCD+P7_FINNGEN_SCZ__OCD+P8_PGC_SCZ__AN+P9_FINNGEN_SCZ__AN+P10_PGC_SCZ__AUD+P11_FINNGEN_SCZ__AUD+P12_PGC_SCZ__CUD+P13_FINNGEN_SCZ__CUD
10	115328432	116421405	12	P2_PGC_SCZ__ADHD+P3_FINNGEN_SCZ__ADHD+P4_PGC_SCZ__ASD+P5_FINNGEN_SCZ__ASD+P6_PGC_SCZ__OCD+P7_FINNGEN_SCZ__OCD+P8_PGC_SCZ__AN+P9_FINNGEN_SCZ__AN+P10_PGC_SCZ__AUD+P11_FINNGEN_SCZ__AUD+P12_PGC_SCZ__CUD+P13_FINNGEN_SCZ__CUD
10	116421406	119523933	12	P2_PGC_SCZ__ADHD+P3_FINNGEN_SCZ__ADHD+P4_PGC_SCZ__ASD+P5_FINNGEN_SCZ__ASD+P6_PGC_SCZ__OCD+P7_FINNGEN_SCZ__OCD+P8_PGC_SCZ__AN+P9_FINNGEN_SCZ__AN+P10_PGC_SCZ__AUD+P11_FINNGEN_SCZ__AUD+P12_PGC_SCZ__CUD+P13_FINNGEN_SCZ__CUD
10	119523934	120591352	12	P2_PGC_SCZ__ADHD+P3_FINNGEN_SCZ__ADHD+P4_PGC_SCZ__ASD+P5_FINNGEN_SCZ__ASD+P6_PGC_SCZ__OCD+P7_FINNGEN_SCZ__OCD+P8_PGC_SCZ__AN+P9_FINNGEN_SCZ__AN+P10_PGC_SCZ__AUD+P11_FINNGEN_SCZ__AUD+P12_PGC_SCZ__CUD+P13_FINNGEN_SCZ__CUD
10	120591353	122407322	12	P2_PGC_SCZ__ADHD+P3_FINNGEN_SCZ__ADHD+P4_PGC_SCZ__ASD+P5_FINNGEN_SCZ__ASD+P6_PGC_SCZ__OCD+P7_FINNGEN_SCZ__OCD+P8_PGC_SCZ__AN+P9_FINNGEN_SCZ__AN+P10_PGC_SCZ__AUD+P11_FINNGEN_SCZ__AUD+P12_PGC_SCZ__CUD+P13_FINNGEN_SCZ__CUD
10	122407323	123231464	12	P2_PGC_SCZ__ADHD+P3_FINNGEN_SCZ__ADHD+P4_PGC_SCZ__ASD+P5_FINNGEN_SCZ__ASD+P6_PGC_SCZ__OCD+P7_FINNGEN_SCZ__OCD+P8_PGC_SCZ__AN+P9_FINNGEN_SCZ__AN+P10_PGC_SCZ__AUD+P11_FINNGEN_SCZ__AUD+P12_PGC_SCZ__CUD+P13_FINNGEN_SCZ__CUD
10	123231465	123900544	12	P2_PGC_SCZ__ADHD+P3_FINNGEN_SCZ__ADHD+P4_PGC_SCZ__ASD+P5_FINNGEN_SCZ__ASD+P6_PGC_SCZ__OCD+P7_FINNGEN_SCZ__OCD+P8_PGC_SCZ__AN+P9_FINNGEN_SCZ__AN+P10_PGC_SCZ__AUD+P11_FINNGEN_SCZ__AUD+P12_PGC_SCZ__CUD+P13_FINNGEN_SCZ__CUD
10	123900545	125869345	12	P2_PGC_SCZ__ADHD+P3_FINNGEN_SCZ__ADHD+P4_PGC_SCZ__ASD+P5_FINNGEN_SCZ__ASD+P6_PGC_SCZ__OCD+P7_FINNGEN_SCZ__OCD+P8_PGC_SCZ__AN+P9_FINNGEN_SCZ__AN+P10_PGC_SCZ__AUD+P11_FINNGEN_SCZ__AUD+P12_PGC_SCZ__CUD+P13_FINNGEN_SCZ__CUD
10	125869346	128001097	12	P2_PGC_SCZ__ADHD+P3_FINNGEN_SCZ__ADHD+P4_PGC_SCZ__ASD+P5_FINNGEN_SCZ__ASD+P6_PGC_SCZ__OCD+P7_FINNGEN_SCZ__OCD+P8_PGC_SCZ__AN+P9_FINNGEN_SCZ__AN+P10_PGC_SCZ__AUD+P11_FINNGEN_SCZ__AUD+P12_PGC_SCZ__CUD+P13_FINNGEN_SCZ__CUD
10	128001098	129154361	12	P2_PGC_SCZ__ADHD+P3_FINNGEN_SCZ__ADHD+P4_PGC_SCZ__ASD+P5_FINNGEN_SCZ__ASD+P6_PGC_SCZ__OCD+P7_FINNGEN_SCZ__OCD+P8_PGC_SCZ__AN+P9_FINNGEN_SCZ__AN+P10_PGC_SCZ__AUD+P11_FINNGEN_SCZ__AUD+P12_PGC_SCZ__CUD+P13_FINNGEN_SCZ__CUD
10	129154362	130844283	12	P2_PGC_SCZ__ADHD+P3_FINNGEN_SCZ__ADHD+P4_PGC_SCZ__ASD+P5_FINNGEN_SCZ__ASD+P6_PGC_SCZ__OCD+P7_FINNGEN_SCZ__OCD+P8_PGC_SCZ__AN+P9_FINNGEN_SCZ__AN+P10_PGC_SCZ__AUD+P11_FINNGEN_SCZ__AUD+P12_PGC_SCZ__CUD+P13_FINNGEN_SCZ__CUD
10	130844284	131741326	12	P2_PGC_SCZ__ADHD+P3_FINNGEN_SCZ__ADHD+P4_PGC_SCZ__ASD+P5_FINNGEN_SCZ__ASD+P6_PGC_SCZ__OCD+P7_FINNGEN_SCZ__OCD+P8_PGC_SCZ__AN+P9_FINNGEN_SCZ__AN+P10_PGC_SCZ__AUD+P11_FINNGEN_SCZ__AUD+P12_PGC_SCZ__CUD+P13_FINNGEN_SCZ__CUD
10	131741327	132580244	12	P2_PGC_SCZ__ADHD+P3_FINNGEN_SCZ__ADHD+P4_PGC_SCZ__ASD+P5_FINNGEN_SCZ__ASD+P6_PGC_SCZ__OCD+P7_FINNGEN_SCZ__OCD+P8_PGC_SCZ__AN+P9_FINNGEN_SCZ__AN+P10_PGC_SCZ__AUD+P11_FINNGEN_SCZ__AUD+P12_PGC_SCZ__CUD+P13_FINNGEN_SCZ__CUD
10	132580245	134336328	12	P2_PGC_SCZ__ADHD+P3_FINNGEN_SCZ__ADHD+P4_PGC_SCZ__ASD+P5_FINNGEN_SCZ__ASD+P6_PGC_SCZ__OCD+P7_FINNGEN_SCZ__OCD+P8_PGC_SCZ__AN+P9_FINNGEN_SCZ__AN+P10_PGC_SCZ__AUD+P11_FINNGEN_SCZ__AUD+P12_PGC_SCZ__CUD+P13_FINNGEN_SCZ__CUD
10	134336329	134494672	2	P2_PGC_SCZ__ADHD+P3_FINNGEN_SCZ__ADHD
10	134494673	135523864	12	P2_PGC_SCZ__ADHD+P3_FINNGEN_SCZ__ADHD+P4_PGC_SCZ__ASD+P5_FINNGEN_SCZ__ASD+P6_PGC_SCZ__OCD+P7_FINNGEN_SCZ__OCD+P8_PGC_SCZ__AN+P9_FINNGEN_SCZ__AN+P10_PGC_SCZ__AUD+P11_FINNGEN_SCZ__AUD+P12_PGC_SCZ__CUD+P13_FINNGEN_SCZ__CUD
11	70855	1213589	12	P2_PGC_SCZ__ADHD+P3_FINNGEN_SCZ__ADHD+P4_PGC_SCZ__ASD+P5_FINNGEN_SCZ__ASD+P6_PGC_SCZ__OCD+P7_FINNGEN_SCZ__OCD+P8_PGC_SCZ__AN+P9_FINNGEN_SCZ__AN+P10_PGC_SCZ__AUD+P11_FINNGEN_SCZ__AUD+P12_PGC_SCZ__CUD+P13_FINNGEN_SCZ__CUD
11	1213590	3665480	12	P2_PGC_SCZ__ADHD+P3_FINNGEN_SCZ__ADHD+P4_PGC_SCZ__ASD+P5_FINNGEN_SCZ__ASD+P6_PGC_SCZ__OCD+P7_FINNGEN_SCZ__OCD+P8_PGC_SCZ__AN+P9_FINNGEN_SCZ__AN+P10_PGC_SCZ__AUD+P11_FINNGEN_SCZ__AUD+P12_PGC_SCZ__CUD+P13_FINNGEN_SCZ__CUD
11	3665481	4746708	12	P2_PGC_SCZ__ADHD+P3_FINNGEN_SCZ__ADHD+P4_PGC_SCZ__ASD+P5_FINNGEN_SCZ__ASD+P6_PGC_SCZ__OCD+P7_FINNGEN_SCZ__OCD+P8_PGC_SCZ__AN+P9_FINNGEN_SCZ__AN+P10_PGC_SCZ__AUD+P11_FINNGEN_SCZ__AUD+P12_PGC_SCZ__CUD+P13_FINNGEN_SCZ__CUD
11	4746709	6322868	12	P2_PGC_SCZ__ADHD+P3_FINNGEN_SCZ__ADHD+P4_PGC_SCZ__ASD+P5_FINNGEN_SCZ__ASD+P6_PGC_SCZ__OCD+P7_FINNGEN_SCZ__OCD+P8_PGC_SCZ__AN+P9_FINNGEN_SCZ__AN+P10_PGC_SCZ__AUD+P11_FINNGEN_SCZ__AUD+P12_PGC_SCZ__CUD+P13_FINNGEN_SCZ__CUD
11	6322869	7436700	12	P2_PGC_SCZ__ADHD+P3_FINNGEN_SCZ__ADHD+P4_PGC_SCZ__ASD+P5_FINNGEN_SCZ__ASD+P6_PGC_SCZ__OCD+P7_FINNGEN_SCZ__OCD+P8_PGC_SCZ__AN+P9_FINNGEN_SCZ__AN+P10_PGC_SCZ__AUD+P11_FINNGEN_SCZ__AUD+P12_PGC_SCZ__CUD+P13_FINNGEN_SCZ__CUD
11	7436701	8333273	12	P2_PGC_SCZ__ADHD+P3_FINNGEN_SCZ__ADHD+P4_PGC_SCZ__ASD+P5_FINNGEN_SCZ__ASD+P6_PGC_SCZ__OCD+P7_FINNGEN_SCZ__OCD+P8_PGC_SCZ__AN+P9_FINNGEN_SCZ__AN+P10_PGC_SCZ__AUD+P11_FINNGEN_SCZ__AUD+P12_PGC_SCZ__CUD+P13_FINNGEN_SCZ__CUD
11	8333274	9087316	12	P2_PGC_SCZ__ADHD+P3_FINNGEN_SCZ__ADHD+P4_PGC_SCZ__ASD+P5_FINNGEN_SCZ__ASD+P6_PGC_SCZ__OCD+P7_FINNGEN_SCZ__OCD+P8_PGC_SCZ__AN+P9_FINNGEN_SCZ__AN+P10_PGC_SCZ__AUD+P11_FINNGEN_SCZ__AUD+P12_PGC_SCZ__CUD+P13_FINNGEN_SCZ__CUD
11	9087317	10952026	12	P2_PGC_SCZ__ADHD+P3_FINNGEN_SCZ__ADHD+P4_PGC_SCZ__ASD+P5_FINNGEN_SCZ__ASD+P6_PGC_SCZ__OCD+P7_FINNGEN_SCZ__OCD+P8_PGC_SCZ__AN+P9_FINNGEN_SCZ__AN+P10_PGC_SCZ__AUD+P11_FINNGEN_SCZ__AUD+P12_PGC_SCZ__CUD+P13_FINNGEN_SCZ__CUD
11	10952027	12564228	12	P2_PGC_SCZ__ADHD+P3_FINNGEN_SCZ__ADHD+P4_PGC_SCZ__ASD+P5_FINNGEN_SCZ__ASD+P6_PGC_SCZ__OCD+P7_FINNGEN_SCZ__OCD+P8_PGC_SCZ__AN+P9_FINNGEN_SCZ__AN+P10_PGC_SCZ__AUD+P11_FINNGEN_SCZ__AUD+P12_PGC_SCZ__CUD+P13_FINNGEN_SCZ__CUD
11	12564229	13373123	12	P2_PGC_SCZ__ADHD+P3_FINNGEN_SCZ__ADHD+P4_PGC_SCZ__ASD+P5_FINNGEN_SCZ__ASD+P6_PGC_SCZ__OCD+P7_FINNGEN_SCZ__OCD+P8_PGC_SCZ__AN+P9_FINNGEN_SCZ__AN+P10_PGC_SCZ__AUD+P11_FINNGEN_SCZ__AUD+P12_PGC_SCZ__CUD+P13_FINNGEN_SCZ__CUD
11	13373124	15742551	12	P2_PGC_SCZ__ADHD+P3_FINNGEN_SCZ__ADHD+P4_PGC_SCZ__ASD+P5_FINNGEN_SCZ__ASD+P6_PGC_SCZ__OCD+P7_FINNGEN_SCZ__OCD+P8_PGC_SCZ__AN+P9_FINNGEN_SCZ__AN+P10_PGC_SCZ__AUD+P11_FINNGEN_SCZ__AUD+P12_PGC_SCZ__CUD+P13_FINNGEN_SCZ__CUD
11	15742552	17578401	12	P2_PGC_SCZ__ADHD+P3_FINNGEN_SCZ__ADHD+P4_PGC_SCZ__ASD+P5_FINNGEN_SCZ__ASD+P6_PGC_SCZ__OCD+P7_FINNGEN_SCZ__OCD+P8_PGC_SCZ__AN+P9_FINNGEN_SCZ__AN+P10_PGC_SCZ__AUD+P11_FINNGEN_SCZ__AUD+P12_PGC_SCZ__CUD+P13_FINNGEN_SCZ__CUD
11	17578402	19569534	12	P2_PGC_SCZ__ADHD+P3_FINNGEN_SCZ__ADHD+P4_PGC_SCZ__ASD+P5_FINNGEN_SCZ__ASD+P6_PGC_SCZ__OCD+P7_FINNGEN_SCZ__OCD+P8_PGC_SCZ__AN+P9_FINNGEN_SCZ__AN+P10_PGC_SCZ__AUD+P11_FINNGEN_SCZ__AUD+P12_PGC_SCZ__CUD+P13_FINNGEN_SCZ__CUD
11	19569535	21017137	12	P2_PGC_SCZ__ADHD+P3_FINNGEN_SCZ__ADHD+P4_PGC_SCZ__ASD+P5_FINNGEN_SCZ__ASD+P6_PGC_SCZ__OCD+P7_FINNGEN_SCZ__OCD+P8_PGC_SCZ__AN+P9_FINNGEN_SCZ__AN+P10_PGC_SCZ__AUD+P11_FINNGEN_SCZ__AUD+P12_PGC_SCZ__CUD+P13_FINNGEN_SCZ__CUD
11	21017138	22374141	12	P2_PGC_SCZ__ADHD+P3_FINNGEN_SCZ__ADHD+P4_PGC_SCZ__ASD+P5_FINNGEN_SCZ__ASD+P6_PGC_SCZ__OCD+P7_FINNGEN_SCZ__OCD+P8_PGC_SCZ__AN+P9_FINNGEN_SCZ__AN+P10_PGC_SCZ__AUD+P11_FINNGEN_SCZ__AUD+P12_PGC_SCZ__CUD+P13_FINNGEN_SCZ__CUD
11	22374142	24088516	12	P2_PGC_SCZ__ADHD+P3_FINNGEN_SCZ__ADHD+P4_PGC_SCZ__ASD+P5_FINNGEN_SCZ__ASD+P6_PGC_SCZ__OCD+P7_FINNGEN_SCZ__OCD+P8_PGC_SCZ__AN+P9_FINNGEN_SCZ__AN+P10_PGC_SCZ__AUD+P11_FINNGEN_SCZ__AUD+P12_PGC_SCZ__CUD+P13_FINNGEN_SCZ__CUD
11	24088517	26045752	12	P2_PGC_SCZ__ADHD+P3_FINNGEN_SCZ__ADHD+P4_PGC_SCZ__ASD+P5_FINNGEN_SCZ__ASD+P6_PGC_SCZ__OCD+P7_FINNGEN_SCZ__OCD+P8_PGC_SCZ__AN+P9_FINNGEN_SCZ__AN+P10_PGC_SCZ__AUD+P11_FINNGEN_SCZ__AUD+P12_PGC_SCZ__CUD+P13_FINNGEN_SCZ__CUD
11	26045753	27020460	12	P2_PGC_SCZ__ADHD+P3_FINNGEN_SCZ__ADHD+P4_PGC_SCZ__ASD+P5_FINNGEN_SCZ__ASD+P6_PGC_SCZ__OCD+P7_FINNGEN_SCZ__OCD+P8_PGC_SCZ__AN+P9_FINNGEN_SCZ__AN+P10_PGC_SCZ__AUD+P11_FINNGEN_SCZ__AUD+P12_PGC_SCZ__CUD+P13_FINNGEN_SCZ__CUD
11	27020461	28481592	12	P2_PGC_SCZ__ADHD+P3_FINNGEN_SCZ__ADHD+P4_PGC_SCZ__ASD+P5_FINNGEN_SCZ__ASD+P6_PGC_SCZ__OCD+P7_FINNGEN_SCZ__OCD+P8_PGC_SCZ__AN+P9_FINNGEN_SCZ__AN+P10_PGC_SCZ__AUD+P11_FINNGEN_SCZ__AUD+P12_PGC_SCZ__CUD+P13_FINNGEN_SCZ__CUD
11	28481593	30141356	12	P2_PGC_SCZ__ADHD+P3_FINNGEN_SCZ__ADHD+P4_PGC_SCZ__ASD+P5_FINNGEN_SCZ__ASD+P6_PGC_SCZ__OCD+P7_FINNGEN_SCZ__OCD+P8_PGC_SCZ__AN+P9_FINNGEN_SCZ__AN+P10_PGC_SCZ__AUD+P11_FINNGEN_SCZ__AUD+P12_PGC_SCZ__CUD+P13_FINNGEN_SCZ__CUD
11	30141357	32276900	12	P2_PGC_SCZ__ADHD+P3_FINNGEN_SCZ__ADHD+P4_PGC_SCZ__ASD+P5_FINNGEN_SCZ__ASD+P6_PGC_SCZ__OCD+P7_FINNGEN_SCZ__OCD+P8_PGC_SCZ__AN+P9_FINNGEN_SCZ__AN+P10_PGC_SCZ__AUD+P11_FINNGEN_SCZ__AUD+P12_PGC_SCZ__CUD+P13_FINNGEN_SCZ__CUD
11	32276901	33958738	12	P2_PGC_SCZ__ADHD+P3_FINNGEN_SCZ__ADHD+P4_PGC_SCZ__ASD+P5_FINNGEN_SCZ__ASD+P6_PGC_SCZ__OCD+P7_FINNGEN_SCZ__OCD+P8_PGC_SCZ__AN+P9_FINNGEN_SCZ__AN+P10_PGC_SCZ__AUD+P11_FINNGEN_SCZ__AUD+P12_PGC_SCZ__CUD+P13_FINNGEN_SCZ__CUD
11	33958739	35502604	12	P2_PGC_SCZ__ADHD+P3_FINNGEN_SCZ__ADHD+P4_PGC_SCZ__ASD+P5_FINNGEN_SCZ__ASD+P6_PGC_SCZ__OCD+P7_FINNGEN_SCZ__OCD+P8_PGC_SCZ__AN+P9_FINNGEN_SCZ__AN+P10_PGC_SCZ__AUD+P11_FINNGEN_SCZ__AUD+P12_PGC_SCZ__CUD+P13_FINNGEN_SCZ__CUD
11	35502605	37116814	12	P2_PGC_SCZ__ADHD+P3_FINNGEN_SCZ__ADHD+P4_PGC_SCZ__ASD+P5_FINNGEN_SCZ__ASD+P6_PGC_SCZ__OCD+P7_FINNGEN_SCZ__OCD+P8_PGC_SCZ__AN+P9_FINNGEN_SCZ__AN+P10_PGC_SCZ__AUD+P11_FINNGEN_SCZ__AUD+P12_PGC_SCZ__CUD+P13_FINNGEN_SCZ__CUD
11	37116815	39382002	12	P2_PGC_SCZ__ADHD+P3_FINNGEN_SCZ__ADHD+P4_PGC_SCZ__ASD+P5_FINNGEN_SCZ__ASD+P6_PGC_SCZ__OCD+P7_FINNGEN_SCZ__OCD+P8_PGC_SCZ__AN+P9_FINNGEN_SCZ__AN+P10_PGC_SCZ__AUD+P11_FINNGEN_SCZ__AUD+P12_PGC_SCZ__CUD+P13_FINNGEN_SCZ__CUD
11	39382003	42310002	12	P2_PGC_SCZ__ADHD+P3_FINNGEN_SCZ__ADHD+P4_PGC_SCZ__ASD+P5_FINNGEN_SCZ__ASD+P6_PGC_SCZ__OCD+P7_FINNGEN_SCZ__OCD+P8_PGC_SCZ__AN+P9_FINNGEN_SCZ__AN+P10_PGC_SCZ__AUD+P11_FINNGEN_SCZ__AUD+P12_PGC_SCZ__CUD+P13_FINNGEN_SCZ__CUD
11	42310003	44693798	12	P2_PGC_SCZ__ADHD+P3_FINNGEN_SCZ__ADHD+P4_PGC_SCZ__ASD+P5_FINNGEN_SCZ__ASD+P6_PGC_SCZ__OCD+P7_FINNGEN_SCZ__OCD+P8_PGC_SCZ__AN+P9_FINNGEN_SCZ__AN+P10_PGC_SCZ__AUD+P11_FINNGEN_SCZ__AUD+P12_PGC_SCZ__CUD+P13_FINNGEN_SCZ__CUD
11	44693799	47006136	12	P2_PGC_SCZ__ADHD+P3_FINNGEN_SCZ__ADHD+P4_PGC_SCZ__ASD+P5_FINNGEN_SCZ__ASD+P6_PGC_SCZ__OCD+P7_FINNGEN_SCZ__OCD+P8_PGC_SCZ__AN+P9_FINNGEN_SCZ__AN+P10_PGC_SCZ__AUD+P11_FINNGEN_SCZ__AUD+P12_PGC_SCZ__CUD+P13_FINNGEN_SCZ__CUD
11	47006137	49866049	12	P2_PGC_SCZ__ADHD+P3_FINNGEN_SCZ__ADHD+P4_PGC_SCZ__ASD+P5_FINNGEN_SCZ__ASD+P6_PGC_SCZ__OCD+P7_FINNGEN_SCZ__OCD+P8_PGC_SCZ__AN+P9_FINNGEN_SCZ__AN+P10_PGC_SCZ__AUD+P11_FINNGEN_SCZ__AUD+P12_PGC_SCZ__CUD+P13_FINNGEN_SCZ__CUD
11	49866050	54695472	8	P2_PGC_SCZ__ADHD+P3_FINNGEN_SCZ__ADHD+P6_PGC_SCZ__OCD+P7_FINNGEN_SCZ__OCD+P10_PGC_SCZ__AUD+P11_FINNGEN_SCZ__AUD+P12_PGC_SCZ__CUD+P13_FINNGEN_SCZ__CUD
11	54695473	55082656	2	P2_PGC_SCZ__ADHD+P3_FINNGEN_SCZ__ADHD
11	55082657	58457494	12	P2_PGC_SCZ__ADHD+P3_FINNGEN_SCZ__ADHD+P4_PGC_SCZ__ASD+P5_FINNGEN_SCZ__ASD+P6_PGC_SCZ__OCD+P7_FINNGEN_SCZ__OCD+P8_PGC_SCZ__AN+P9_FINNGEN_SCZ__AN+P10_PGC_SCZ__AUD+P11_FINNGEN_SCZ__AUD+P12_PGC_SCZ__CUD+P13_FINNGEN_SCZ__CUD
11	58457495	58780548	2	P2_PGC_SCZ__ADHD+P3_FINNGEN_SCZ__ADHD
11	58780549	62223770	12	P2_PGC_SCZ__ADHD+P3_FINNGEN_SCZ__ADHD+P4_PGC_SCZ__ASD+P5_FINNGEN_SCZ__ASD+P6_PGC_SCZ__OCD+P7_FINNGEN_SCZ__OCD+P8_PGC_SCZ__AN+P9_FINNGEN_SCZ__AN+P10_PGC_SCZ__AUD+P11_FINNGEN_SCZ__AUD+P12_PGC_SCZ__CUD+P13_FINNGEN_SCZ__CUD
11	62223771	63804568	12	P2_PGC_SCZ__ADHD+P3_FINNGEN_SCZ__ADHD+P4_PGC_SCZ__ASD+P5_FINNGEN_SCZ__ASD+P6_PGC_SCZ__OCD+P7_FINNGEN_SCZ__OCD+P8_PGC_SCZ__AN+P9_FINNGEN_SCZ__AN+P10_PGC_SCZ__AUD+P11_FINNGEN_SCZ__AUD+P12_PGC_SCZ__CUD+P13_FINNGEN_SCZ__CUD
11	63804569	65898630	12	P2_PGC_SCZ__ADHD+P3_FINNGEN_SCZ__ADHD+P4_PGC_SCZ__ASD+P5_FINNGEN_SCZ__ASD+P6_PGC_SCZ__OCD+P7_FINNGEN_SCZ__OCD+P8_PGC_SCZ__AN+P9_FINNGEN_SCZ__AN+P10_PGC_SCZ__AUD+P11_FINNGEN_SCZ__AUD+P12_PGC_SCZ__CUD+P13_FINNGEN_SCZ__CUD
11	65898631	68005824	12	P2_PGC_SCZ__ADHD+P3_FINNGEN_SCZ__ADHD+P4_PGC_SCZ__ASD+P5_FINNGEN_SCZ__ASD+P6_PGC_SCZ__OCD+P7_FINNGEN_SCZ__OCD+P8_PGC_SCZ__AN+P9_FINNGEN_SCZ__AN+P10_PGC_SCZ__AUD+P11_FINNGEN_SCZ__AUD+P12_PGC_SCZ__CUD+P13_FINNGEN_SCZ__CUD
11	68005825	69516129	12	P2_PGC_SCZ__ADHD+P3_FINNGEN_SCZ__ADHD+P4_PGC_SCZ__ASD+P5_FINNGEN_SCZ__ASD+P6_PGC_SCZ__OCD+P7_FINNGEN_SCZ__OCD+P8_PGC_SCZ__AN+P9_FINNGEN_SCZ__AN+P10_PGC_SCZ__AUD+P11_FINNGEN_SCZ__AUD+P12_PGC_SCZ__CUD+P13_FINNGEN_SCZ__CUD
11	69516130	70926291	12	P2_PGC_SCZ__ADHD+P3_FINNGEN_SCZ__ADHD+P4_PGC_SCZ__ASD+P5_FINNGEN_SCZ__ASD+P6_PGC_SCZ__OCD+P7_FINNGEN_SCZ__OCD+P8_PGC_SCZ__AN+P9_FINNGEN_SCZ__AN+P10_PGC_SCZ__AUD+P11_FINNGEN_SCZ__AUD+P12_PGC_SCZ__CUD+P13_FINNGEN_SCZ__CUD
11	70926292	72286016	12	P2_PGC_SCZ__ADHD+P3_FINNGEN_SCZ__ADHD+P4_PGC_SCZ__ASD+P5_FINNGEN_SCZ__ASD+P6_PGC_SCZ__OCD+P7_FINNGEN_SCZ__OCD+P8_PGC_SCZ__AN+P9_FINNGEN_SCZ__AN+P10_PGC_SCZ__AUD+P11_FINNGEN_SCZ__AUD+P12_PGC_SCZ__CUD+P13_FINNGEN_SCZ__CUD
11	72286017	74412350	12	P2_PGC_SCZ__ADHD+P3_FINNGEN_SCZ__ADHD+P4_PGC_SCZ__ASD+P5_FINNGEN_SCZ__ASD+P6_PGC_SCZ__OCD+P7_FINNGEN_SCZ__OCD+P8_PGC_SCZ__AN+P9_FINNGEN_SCZ__AN+P10_PGC_SCZ__AUD+P11_FINNGEN_SCZ__AUD+P12_PGC_SCZ__CUD+P13_FINNGEN_SCZ__CUD
11	74412351	76797208	12	P2_PGC_SCZ__ADHD+P3_FINNGEN_SCZ__ADHD+P4_PGC_SCZ__ASD+P5_FINNGEN_SCZ__ASD+P6_PGC_SCZ__OCD+P7_FINNGEN_SCZ__OCD+P8_PGC_SCZ__AN+P9_FINNGEN_SCZ__AN+P10_PGC_SCZ__AUD+P11_FINNGEN_SCZ__AUD+P12_PGC_SCZ__CUD+P13_FINNGEN_SCZ__CUD
11	76797209	78355057	12	P2_PGC_SCZ__ADHD+P3_FINNGEN_SCZ__ADHD+P4_PGC_SCZ__ASD+P5_FINNGEN_SCZ__ASD+P6_PGC_SCZ__OCD+P7_FINNGEN_SCZ__OCD+P8_PGC_SCZ__AN+P9_FINNGEN_SCZ__AN+P10_PGC_SCZ__AUD+P11_FINNGEN_SCZ__AUD+P12_PGC_SCZ__CUD+P13_FINNGEN_SCZ__CUD
11	78355058	80722372	12	P2_PGC_SCZ__ADHD+P3_FINNGEN_SCZ__ADHD+P4_PGC_SCZ__ASD+P5_FINNGEN_SCZ__ASD+P6_PGC_SCZ__OCD+P7_FINNGEN_SCZ__OCD+P8_PGC_SCZ__AN+P9_FINNGEN_SCZ__AN+P10_PGC_SCZ__AUD+P11_FINNGEN_SCZ__AUD+P12_PGC_SCZ__CUD+P13_FINNGEN_SCZ__CUD
11	80722373	81266711	12	P2_PGC_SCZ__ADHD+P3_FINNGEN_SCZ__ADHD+P4_PGC_SCZ__ASD+P5_FINNGEN_SCZ__ASD+P6_PGC_SCZ__OCD+P7_FINNGEN_SCZ__OCD+P8_PGC_SCZ__AN+P9_FINNGEN_SCZ__AN+P10_PGC_SCZ__AUD+P11_FINNGEN_SCZ__AUD+P12_PGC_SCZ__CUD+P13_FINNGEN_SCZ__CUD
11	81266712	84381271	12	P2_PGC_SCZ__ADHD+P3_FINNGEN_SCZ__ADHD+P4_PGC_SCZ__ASD+P5_FINNGEN_SCZ__ASD+P6_PGC_SCZ__OCD+P7_FINNGEN_SCZ__OCD+P8_PGC_SCZ__AN+P9_FINNGEN_SCZ__AN+P10_PGC_SCZ__AUD+P11_FINNGEN_SCZ__AUD+P12_PGC_SCZ__CUD+P13_FINNGEN_SCZ__CUD
11	84381272	86619300	12	P2_PGC_SCZ__ADHD+P3_FINNGEN_SCZ__ADHD+P4_PGC_SCZ__ASD+P5_FINNGEN_SCZ__ASD+P6_PGC_SCZ__OCD+P7_FINNGEN_SCZ__OCD+P8_PGC_SCZ__AN+P9_FINNGEN_SCZ__AN+P10_PGC_SCZ__AUD+P11_FINNGEN_SCZ__AUD+P12_PGC_SCZ__CUD+P13_FINNGEN_SCZ__CUD
11	86619301	87430234	12	P2_PGC_SCZ__ADHD+P3_FINNGEN_SCZ__ADHD+P4_PGC_SCZ__ASD+P5_FINNGEN_SCZ__ASD+P6_PGC_SCZ__OCD+P7_FINNGEN_SCZ__OCD+P8_PGC_SCZ__AN+P9_FINNGEN_SCZ__AN+P10_PGC_SCZ__AUD+P11_FINNGEN_SCZ__AUD+P12_PGC_SCZ__CUD+P13_FINNGEN_SCZ__CUD
11	87430235	89208935	12	P2_PGC_SCZ__ADHD+P3_FINNGEN_SCZ__ADHD+P4_PGC_SCZ__ASD+P5_FINNGEN_SCZ__ASD+P6_PGC_SCZ__OCD+P7_FINNGEN_SCZ__OCD+P8_PGC_SCZ__AN+P9_FINNGEN_SCZ__AN+P10_PGC_SCZ__AUD+P11_FINNGEN_SCZ__AUD+P12_PGC_SCZ__CUD+P13_FINNGEN_SCZ__CUD
11	89208936	90966489	12	P2_PGC_SCZ__ADHD+P3_FINNGEN_SCZ__ADHD+P4_PGC_SCZ__ASD+P5_FINNGEN_SCZ__ASD+P6_PGC_SCZ__OCD+P7_FINNGEN_SCZ__OCD+P8_PGC_SCZ__AN+P9_FINNGEN_SCZ__AN+P10_PGC_SCZ__AUD+P11_FINNGEN_SCZ__AUD+P12_PGC_SCZ__CUD+P13_FINNGEN_SCZ__CUD
11	90966490	92077143	12	P2_PGC_SCZ__ADHD+P3_FINNGEN_SCZ__ADHD+P4_PGC_SCZ__ASD+P5_FINNGEN_SCZ__ASD+P6_PGC_SCZ__OCD+P7_FINNGEN_SCZ__OCD+P8_PGC_SCZ__AN+P9_FINNGEN_SCZ__AN+P10_PGC_SCZ__AUD+P11_FINNGEN_SCZ__AUD+P12_PGC_SCZ__CUD+P13_FINNGEN_SCZ__CUD
11	92077144	93276156	12	P2_PGC_SCZ__ADHD+P3_FINNGEN_SCZ__ADHD+P4_PGC_SCZ__ASD+P5_FINNGEN_SCZ__ASD+P6_PGC_SCZ__OCD+P7_FINNGEN_SCZ__OCD+P8_PGC_SCZ__AN+P9_FINNGEN_SCZ__AN+P10_PGC_SCZ__AUD+P11_FINNGEN_SCZ__AUD+P12_PGC_SCZ__CUD+P13_FINNGEN_SCZ__CUD
11	93276157	94242259	12	P2_PGC_SCZ__ADHD+P3_FINNGEN_SCZ__ADHD+P4_PGC_SCZ__ASD+P5_FINNGEN_SCZ__ASD+P6_PGC_SCZ__OCD+P7_FINNGEN_SCZ__OCD+P8_PGC_SCZ__AN+P9_FINNGEN_SCZ__AN+P10_PGC_SCZ__AUD+P11_FINNGEN_SCZ__AUD+P12_PGC_SCZ__CUD+P13_FINNGEN_SCZ__CUD
11	94242260	95726040	12	P2_PGC_SCZ__ADHD+P3_FINNGEN_SCZ__ADHD+P4_PGC_SCZ__ASD+P5_FINNGEN_SCZ__ASD+P6_PGC_SCZ__OCD+P7_FINNGEN_SCZ__OCD+P8_PGC_SCZ__AN+P9_FINNGEN_SCZ__AN+P10_PGC_SCZ__AUD+P11_FINNGEN_SCZ__AUD+P12_PGC_SCZ__CUD+P13_FINNGEN_SCZ__CUD
11	95726041	97057057	12	P2_PGC_SCZ__ADHD+P3_FINNGEN_SCZ__ADHD+P4_PGC_SCZ__ASD+P5_FINNGEN_SCZ__ASD+P6_PGC_SCZ__OCD+P7_FINNGEN_SCZ__OCD+P8_PGC_SCZ__AN+P9_FINNGEN_SCZ__AN+P10_PGC_SCZ__AUD+P11_FINNGEN_SCZ__AUD+P12_PGC_SCZ__CUD+P13_FINNGEN_SCZ__CUD
11	97057058	98705064	12	P2_PGC_SCZ__ADHD+P3_FINNGEN_SCZ__ADHD+P4_PGC_SCZ__ASD+P5_FINNGEN_SCZ__ASD+P6_PGC_SCZ__OCD+P7_FINNGEN_SCZ__OCD+P8_PGC_SCZ__AN+P9_FINNGEN_SCZ__AN+P10_PGC_SCZ__AUD+P11_FINNGEN_SCZ__AUD+P12_PGC_SCZ__CUD+P13_FINNGEN_SCZ__CUD
11	98705065	100417168	12	P2_PGC_SCZ__ADHD+P3_FINNGEN_SCZ__ADHD+P4_PGC_SCZ__ASD+P5_FINNGEN_SCZ__ASD+P6_PGC_SCZ__OCD+P7_FINNGEN_SCZ__OCD+P8_PGC_SCZ__AN+P9_FINNGEN_SCZ__AN+P10_PGC_SCZ__AUD+P11_FINNGEN_SCZ__AUD+P12_PGC_SCZ__CUD+P13_FINNGEN_SCZ__CUD
11	100417169	101331120	12	P2_PGC_SCZ__ADHD+P3_FINNGEN_SCZ__ADHD+P4_PGC_SCZ__ASD+P5_FINNGEN_SCZ__ASD+P6_PGC_SCZ__OCD+P7_FINNGEN_SCZ__OCD+P8_PGC_SCZ__AN+P9_FINNGEN_SCZ__AN+P10_PGC_SCZ__AUD+P11_FINNGEN_SCZ__AUD+P12_PGC_SCZ__CUD+P13_FINNGEN_SCZ__CUD
11	101331121	103959635	12	P2_PGC_SCZ__ADHD+P3_FINNGEN_SCZ__ADHD+P4_PGC_SCZ__ASD+P5_FINNGEN_SCZ__ASD+P6_PGC_SCZ__OCD+P7_FINNGEN_SCZ__OCD+P8_PGC_SCZ__AN+P9_FINNGEN_SCZ__AN+P10_PGC_SCZ__AUD+P11_FINNGEN_SCZ__AUD+P12_PGC_SCZ__CUD+P13_FINNGEN_SCZ__CUD
11	103959636	104873283	12	P2_PGC_SCZ__ADHD+P3_FINNGEN_SCZ__ADHD+P4_PGC_SCZ__ASD+P5_FINNGEN_SCZ__ASD+P6_PGC_SCZ__OCD+P7_FINNGEN_SCZ__OCD+P8_PGC_SCZ__AN+P9_FINNGEN_SCZ__AN+P10_PGC_SCZ__AUD+P11_FINNGEN_SCZ__AUD+P12_PGC_SCZ__CUD+P13_FINNGEN_SCZ__CUD
11	104873284	106520893	12	P2_PGC_SCZ__ADHD+P3_FINNGEN_SCZ__ADHD+P4_PGC_SCZ__ASD+P5_FINNGEN_SCZ__ASD+P6_PGC_SCZ__OCD+P7_FINNGEN_SCZ__OCD+P8_PGC_SCZ__AN+P9_FINNGEN_SCZ__AN+P10_PGC_SCZ__AUD+P11_FINNGEN_SCZ__AUD+P12_PGC_SCZ__CUD+P13_FINNGEN_SCZ__CUD
11	106520894	107844199	12	P2_PGC_SCZ__ADHD+P3_FINNGEN_SCZ__ADHD+P4_PGC_SCZ__ASD+P5_FINNGEN_SCZ__ASD+P6_PGC_SCZ__OCD+P7_FINNGEN_SCZ__OCD+P8_PGC_SCZ__AN+P9_FINNGEN_SCZ__AN+P10_PGC_SCZ__AUD+P11_FINNGEN_SCZ__AUD+P12_PGC_SCZ__CUD+P13_FINNGEN_SCZ__CUD
11	107844200	108437036	10	P2_PGC_SCZ__ADHD+P3_FINNGEN_SCZ__ADHD+P4_PGC_SCZ__ASD+P5_FINNGEN_SCZ__ASD+P6_PGC_SCZ__OCD+P7_FINNGEN_SCZ__OCD+P10_PGC_SCZ__AUD+P11_FINNGEN_SCZ__AUD+P12_PGC_SCZ__CUD+P13_FINNGEN_SCZ__CUD
11	108437037	109866115	12	P2_PGC_SCZ__ADHD+P3_FINNGEN_SCZ__ADHD+P4_PGC_SCZ__ASD+P5_FINNGEN_SCZ__ASD+P6_PGC_SCZ__OCD+P7_FINNGEN_SCZ__OCD+P8_PGC_SCZ__AN+P9_FINNGEN_SCZ__AN+P10_PGC_SCZ__AUD+P11_FINNGEN_SCZ__AUD+P12_PGC_SCZ__CUD+P13_FINNGEN_SCZ__CUD
11	109866116	111114396	12	P2_PGC_SCZ__ADHD+P3_FINNGEN_SCZ__ADHD+P4_PGC_SCZ__ASD+P5_FINNGEN_SCZ__ASD+P6_PGC_SCZ__OCD+P7_FINNGEN_SCZ__OCD+P8_PGC_SCZ__AN+P9_FINNGEN_SCZ__AN+P10_PGC_SCZ__AUD+P11_FINNGEN_SCZ__AUD+P12_PGC_SCZ__CUD+P13_FINNGEN_SCZ__CUD
11	111114397	112459487	12	P2_PGC_SCZ__ADHD+P3_FINNGEN_SCZ__ADHD+P4_PGC_SCZ__ASD+P5_FINNGEN_SCZ__ASD+P6_PGC_SCZ__OCD+P7_FINNGEN_SCZ__OCD+P8_PGC_SCZ__AN+P9_FINNGEN_SCZ__AN+P10_PGC_SCZ__AUD+P11_FINNGEN_SCZ__AUD+P12_PGC_SCZ__CUD+P13_FINNGEN_SCZ__CUD
11	112459488	114257727	12	P2_PGC_SCZ__ADHD+P3_FINNGEN_SCZ__ADHD+P4_PGC_SCZ__ASD+P5_FINNGEN_SCZ__ASD+P6_PGC_SCZ__OCD+P7_FINNGEN_SCZ__OCD+P8_PGC_SCZ__AN+P9_FINNGEN_SCZ__AN+P10_PGC_SCZ__AUD+P11_FINNGEN_SCZ__AUD+P12_PGC_SCZ__CUD+P13_FINNGEN_SCZ__CUD
11	114257728	114830665	12	P2_PGC_SCZ__ADHD+P3_FINNGEN_SCZ__ADHD+P4_PGC_SCZ__ASD+P5_FINNGEN_SCZ__ASD+P6_PGC_SCZ__OCD+P7_FINNGEN_SCZ__OCD+P8_PGC_SCZ__AN+P9_FINNGEN_SCZ__AN+P10_PGC_SCZ__AUD+P11_FINNGEN_SCZ__AUD+P12_PGC_SCZ__CUD+P13_FINNGEN_SCZ__CUD
11	114830666	116383347	12	P2_PGC_SCZ__ADHD+P3_FINNGEN_SCZ__ADHD+P4_PGC_SCZ__ASD+P5_FINNGEN_SCZ__ASD+P6_PGC_SCZ__OCD+P7_FINNGEN_SCZ__OCD+P8_PGC_SCZ__AN+P9_FINNGEN_SCZ__AN+P10_PGC_SCZ__AUD+P11_FINNGEN_SCZ__AUD+P12_PGC_SCZ__CUD+P13_FINNGEN_SCZ__CUD
11	116383348	117747109	12	P2_PGC_SCZ__ADHD+P3_FINNGEN_SCZ__ADHD+P4_PGC_SCZ__ASD+P5_FINNGEN_SCZ__ASD+P6_PGC_SCZ__OCD+P7_FINNGEN_SCZ__OCD+P8_PGC_SCZ__AN+P9_FINNGEN_SCZ__AN+P10_PGC_SCZ__AUD+P11_FINNGEN_SCZ__AUD+P12_PGC_SCZ__CUD+P13_FINNGEN_SCZ__CUD
11	117747110	119215475	12	P2_PGC_SCZ__ADHD+P3_FINNGEN_SCZ__ADHD+P4_PGC_SCZ__ASD+P5_FINNGEN_SCZ__ASD+P6_PGC_SCZ__OCD+P7_FINNGEN_SCZ__OCD+P8_PGC_SCZ__AN+P9_FINNGEN_SCZ__AN+P10_PGC_SCZ__AUD+P11_FINNGEN_SCZ__AUD+P12_PGC_SCZ__CUD+P13_FINNGEN_SCZ__CUD
11	119215476	120766805	12	P2_PGC_SCZ__ADHD+P3_FINNGEN_SCZ__ADHD+P4_PGC_SCZ__ASD+P5_FINNGEN_SCZ__ASD+P6_PGC_SCZ__OCD+P7_FINNGEN_SCZ__OCD+P8_PGC_SCZ__AN+P9_FINNGEN_SCZ__AN+P10_PGC_SCZ__AUD+P11_FINNGEN_SCZ__AUD+P12_PGC_SCZ__CUD+P13_FINNGEN_SCZ__CUD
11	120766806	121175942	12	P2_PGC_SCZ__ADHD+P3_FINNGEN_SCZ__ADHD+P4_PGC_SCZ__ASD+P5_FINNGEN_SCZ__ASD+P6_PGC_SCZ__OCD+P7_FINNGEN_SCZ__OCD+P8_PGC_SCZ__AN+P9_FINNGEN_SCZ__AN+P10_PGC_SCZ__AUD+P11_FINNGEN_SCZ__AUD+P12_PGC_SCZ__CUD+P13_FINNGEN_SCZ__CUD
11	121175943	122591909	12	P2_PGC_SCZ__ADHD+P3_FINNGEN_SCZ__ADHD+P4_PGC_SCZ__ASD+P5_FINNGEN_SCZ__ASD+P6_PGC_SCZ__OCD+P7_FINNGEN_SCZ__OCD+P8_PGC_SCZ__AN+P9_FINNGEN_SCZ__AN+P10_PGC_SCZ__AUD+P11_FINNGEN_SCZ__AUD+P12_PGC_SCZ__CUD+P13_FINNGEN_SCZ__CUD
11	122591910	123500116	12	P2_PGC_SCZ__ADHD+P3_FINNGEN_SCZ__ADHD+P4_PGC_SCZ__ASD+P5_FINNGEN_SCZ__ASD+P6_PGC_SCZ__OCD+P7_FINNGEN_SCZ__OCD+P8_PGC_SCZ__AN+P9_FINNGEN_SCZ__AN+P10_PGC_SCZ__AUD+P11_FINNGEN_SCZ__AUD+P12_PGC_SCZ__CUD+P13_FINNGEN_SCZ__CUD
11	123500117	124495527	12	P2_PGC_SCZ__ADHD+P3_FINNGEN_SCZ__ADHD+P4_PGC_SCZ__ASD+P5_FINNGEN_SCZ__ASD+P6_PGC_SCZ__OCD+P7_FINNGEN_SCZ__OCD+P8_PGC_SCZ__AN+P9_FINNGEN_SCZ__AN+P10_PGC_SCZ__AUD+P11_FINNGEN_SCZ__AUD+P12_PGC_SCZ__CUD+P13_FINNGEN_SCZ__CUD
11	124495528	126311319	12	P2_PGC_SCZ__ADHD+P3_FINNGEN_SCZ__ADHD+P4_PGC_SCZ__ASD+P5_FINNGEN_SCZ__ASD+P6_PGC_SCZ__OCD+P7_FINNGEN_SCZ__OCD+P8_PGC_SCZ__AN+P9_FINNGEN_SCZ__AN+P10_PGC_SCZ__AUD+P11_FINNGEN_SCZ__AUD+P12_PGC_SCZ__CUD+P13_FINNGEN_SCZ__CUD
11	126311320	127316678	12	P2_PGC_SCZ__ADHD+P3_FINNGEN_SCZ__ADHD+P4_PGC_SCZ__ASD+P5_FINNGEN_SCZ__ASD+P6_PGC_SCZ__OCD+P7_FINNGEN_SCZ__OCD+P8_PGC_SCZ__AN+P9_FINNGEN_SCZ__AN+P10_PGC_SCZ__AUD+P11_FINNGEN_SCZ__AUD+P12_PGC_SCZ__CUD+P13_FINNGEN_SCZ__CUD
11	127316679	128188536	12	P2_PGC_SCZ__ADHD+P3_FINNGEN_SCZ__ADHD+P4_PGC_SCZ__ASD+P5_FINNGEN_SCZ__ASD+P6_PGC_SCZ__OCD+P7_FINNGEN_SCZ__OCD+P8_PGC_SCZ__AN+P9_FINNGEN_SCZ__AN+P10_PGC_SCZ__AUD+P11_FINNGEN_SCZ__AUD+P12_PGC_SCZ__CUD+P13_FINNGEN_SCZ__CUD
11	128188537	130342574	12	P2_PGC_SCZ__ADHD+P3_FINNGEN_SCZ__ADHD+P4_PGC_SCZ__ASD+P5_FINNGEN_SCZ__ASD+P6_PGC_SCZ__OCD+P7_FINNGEN_SCZ__OCD+P8_PGC_SCZ__AN+P9_FINNGEN_SCZ__AN+P10_PGC_SCZ__AUD+P11_FINNGEN_SCZ__AUD+P12_PGC_SCZ__CUD+P13_FINNGEN_SCZ__CUD
11	130342575	131074611	12	P2_PGC_SCZ__ADHD+P3_FINNGEN_SCZ__ADHD+P4_PGC_SCZ__ASD+P5_FINNGEN_SCZ__ASD+P6_PGC_SCZ__OCD+P7_FINNGEN_SCZ__OCD+P8_PGC_SCZ__AN+P9_FINNGEN_SCZ__AN+P10_PGC_SCZ__AUD+P11_FINNGEN_SCZ__AUD+P12_PGC_SCZ__CUD+P13_FINNGEN_SCZ__CUD
11	131074612	133000045	12	P2_PGC_SCZ__ADHD+P3_FINNGEN_SCZ__ADHD+P4_PGC_SCZ__ASD+P5_FINNGEN_SCZ__ASD+P6_PGC_SCZ__OCD+P7_FINNGEN_SCZ__OCD+P8_PGC_SCZ__AN+P9_FINNGEN_SCZ__AN+P10_PGC_SCZ__AUD+P11_FINNGEN_SCZ__AUD+P12_PGC_SCZ__CUD+P13_FINNGEN_SCZ__CUD
11	133000046	134205992	12	P2_PGC_SCZ__ADHD+P3_FINNGEN_SCZ__ADHD+P4_PGC_SCZ__ASD+P5_FINNGEN_SCZ__ASD+P6_PGC_SCZ__OCD+P7_FINNGEN_SCZ__OCD+P8_PGC_SCZ__AN+P9_FINNGEN_SCZ__AN+P10_PGC_SCZ__AUD+P11_FINNGEN_SCZ__AUD+P12_PGC_SCZ__CUD+P13_FINNGEN_SCZ__CUD
11	134205993	134946451	12	P2_PGC_SCZ__ADHD+P3_FINNGEN_SCZ__ADHD+P4_PGC_SCZ__ASD+P5_FINNGEN_SCZ__ASD+P6_PGC_SCZ__OCD+P7_FINNGEN_SCZ__OCD+P8_PGC_SCZ__AN+P9_FINNGEN_SCZ__AN+P10_PGC_SCZ__AUD+P11_FINNGEN_SCZ__AUD+P12_PGC_SCZ__CUD+P13_FINNGEN_SCZ__CUD
12	61107	1080330	12	P2_PGC_SCZ__ADHD+P3_FINNGEN_SCZ__ADHD+P4_PGC_SCZ__ASD+P5_FINNGEN_SCZ__ASD+P6_PGC_SCZ__OCD+P7_FINNGEN_SCZ__OCD+P8_PGC_SCZ__AN+P9_FINNGEN_SCZ__AN+P10_PGC_SCZ__AUD+P11_FINNGEN_SCZ__AUD+P12_PGC_SCZ__CUD+P13_FINNGEN_SCZ__CUD
12	1080331	2544785	12	P2_PGC_SCZ__ADHD+P3_FINNGEN_SCZ__ADHD+P4_PGC_SCZ__ASD+P5_FINNGEN_SCZ__ASD+P6_PGC_SCZ__OCD+P7_FINNGEN_SCZ__OCD+P8_PGC_SCZ__AN+P9_FINNGEN_SCZ__AN+P10_PGC_SCZ__AUD+P11_FINNGEN_SCZ__AUD+P12_PGC_SCZ__CUD+P13_FINNGEN_SCZ__CUD
12	2544786	3677036	12	P2_PGC_SCZ__ADHD+P3_FINNGEN_SCZ__ADHD+P4_PGC_SCZ__ASD+P5_FINNGEN_SCZ__ASD+P6_PGC_SCZ__OCD+P7_FINNGEN_SCZ__OCD+P8_PGC_SCZ__AN+P9_FINNGEN_SCZ__AN+P10_PGC_SCZ__AUD+P11_FINNGEN_SCZ__AUD+P12_PGC_SCZ__CUD+P13_FINNGEN_SCZ__CUD
12	3677037	4417678	12	P2_PGC_SCZ__ADHD+P3_FINNGEN_SCZ__ADHD+P4_PGC_SCZ__ASD+P5_FINNGEN_SCZ__ASD+P6_PGC_SCZ__OCD+P7_FINNGEN_SCZ__OCD+P8_PGC_SCZ__AN+P9_FINNGEN_SCZ__AN+P10_PGC_SCZ__AUD+P11_FINNGEN_SCZ__AUD+P12_PGC_SCZ__CUD+P13_FINNGEN_SCZ__CUD
12	4417679	5321471	12	P2_PGC_SCZ__ADHD+P3_FINNGEN_SCZ__ADHD+P4_PGC_SCZ__ASD+P5_FINNGEN_SCZ__ASD+P6_PGC_SCZ__OCD+P7_FINNGEN_SCZ__OCD+P8_PGC_SCZ__AN+P9_FINNGEN_SCZ__AN+P10_PGC_SCZ__AUD+P11_FINNGEN_SCZ__AUD+P12_PGC_SCZ__CUD+P13_FINNGEN_SCZ__CUD
12	5321472	6419752	12	P2_PGC_SCZ__ADHD+P3_FINNGEN_SCZ__ADHD+P4_PGC_SCZ__ASD+P5_FINNGEN_SCZ__ASD+P6_PGC_SCZ__OCD+P7_FINNGEN_SCZ__OCD+P8_PGC_SCZ__AN+P9_FINNGEN_SCZ__AN+P10_PGC_SCZ__AUD+P11_FINNGEN_SCZ__AUD+P12_PGC_SCZ__CUD+P13_FINNGEN_SCZ__CUD
12	6419753	8377535	12	P2_PGC_SCZ__ADHD+P3_FINNGEN_SCZ__ADHD+P4_PGC_SCZ__ASD+P5_FINNGEN_SCZ__ASD+P6_PGC_SCZ__OCD+P7_FINNGEN_SCZ__OCD+P8_PGC_SCZ__AN+P9_FINNGEN_SCZ__AN+P10_PGC_SCZ__AUD+P11_FINNGEN_SCZ__AUD+P12_PGC_SCZ__CUD+P13_FINNGEN_SCZ__CUD
12	8377536	9031394	2	P2_PGC_SCZ__ADHD+P3_FINNGEN_SCZ__ADHD
12	9031395	10481533	12	P2_PGC_SCZ__ADHD+P3_FINNGEN_SCZ__ADHD+P4_PGC_SCZ__ASD+P5_FINNGEN_SCZ__ASD+P6_PGC_SCZ__OCD+P7_FINNGEN_SCZ__OCD+P8_PGC_SCZ__AN+P9_FINNGEN_SCZ__AN+P10_PGC_SCZ__AUD+P11_FINNGEN_SCZ__AUD+P12_PGC_SCZ__CUD+P13_FINNGEN_SCZ__CUD
12	10481534	11754845	12	P2_PGC_SCZ__ADHD+P3_FINNGEN_SCZ__ADHD+P4_PGC_SCZ__ASD+P5_FINNGEN_SCZ__ASD+P6_PGC_SCZ__OCD+P7_FINNGEN_SCZ__OCD+P8_PGC_SCZ__AN+P9_FINNGEN_SCZ__AN+P10_PGC_SCZ__AUD+P11_FINNGEN_SCZ__AUD+P12_PGC_SCZ__CUD+P13_FINNGEN_SCZ__CUD
12	11754846	12733527	12	P2_PGC_SCZ__ADHD+P3_FINNGEN_SCZ__ADHD+P4_PGC_SCZ__ASD+P5_FINNGEN_SCZ__ASD+P6_PGC_SCZ__OCD+P7_FINNGEN_SCZ__OCD+P8_PGC_SCZ__AN+P9_FINNGEN_SCZ__AN+P10_PGC_SCZ__AUD+P11_FINNGEN_SCZ__AUD+P12_PGC_SCZ__CUD+P13_FINNGEN_SCZ__CUD
12	12733528	15241483	12	P2_PGC_SCZ__ADHD+P3_FINNGEN_SCZ__ADHD+P4_PGC_SCZ__ASD+P5_FINNGEN_SCZ__ASD+P6_PGC_SCZ__OCD+P7_FINNGEN_SCZ__OCD+P8_PGC_SCZ__AN+P9_FINNGEN_SCZ__AN+P10_PGC_SCZ__AUD+P11_FINNGEN_SCZ__AUD+P12_PGC_SCZ__CUD+P13_FINNGEN_SCZ__CUD
12	15241484	16310459	12	P2_PGC_SCZ__ADHD+P3_FINNGEN_SCZ__ADHD+P4_PGC_SCZ__ASD+P5_FINNGEN_SCZ__ASD+P6_PGC_SCZ__OCD+P7_FINNGEN_SCZ__OCD+P8_PGC_SCZ__AN+P9_FINNGEN_SCZ__AN+P10_PGC_SCZ__AUD+P11_FINNGEN_SCZ__AUD+P12_PGC_SCZ__CUD+P13_FINNGEN_SCZ__CUD
12	16310460	18087872	12	P2_PGC_SCZ__ADHD+P3_FINNGEN_SCZ__ADHD+P4_PGC_SCZ__ASD+P5_FINNGEN_SCZ__ASD+P6_PGC_SCZ__OCD+P7_FINNGEN_SCZ__OCD+P8_PGC_SCZ__AN+P9_FINNGEN_SCZ__AN+P10_PGC_SCZ__AUD+P11_FINNGEN_SCZ__AUD+P12_PGC_SCZ__CUD+P13_FINNGEN_SCZ__CUD
12	18087873	20863942	12	P2_PGC_SCZ__ADHD+P3_FINNGEN_SCZ__ADHD+P4_PGC_SCZ__ASD+P5_FINNGEN_SCZ__ASD+P6_PGC_SCZ__OCD+P7_FINNGEN_SCZ__OCD+P8_PGC_SCZ__AN+P9_FINNGEN_SCZ__AN+P10_PGC_SCZ__AUD+P11_FINNGEN_SCZ__AUD+P12_PGC_SCZ__CUD+P13_FINNGEN_SCZ__CUD
12	20863943	23820633	12	P2_PGC_SCZ__ADHD+P3_FINNGEN_SCZ__ADHD+P4_PGC_SCZ__ASD+P5_FINNGEN_SCZ__ASD+P6_PGC_SCZ__OCD+P7_FINNGEN_SCZ__OCD+P8_PGC_SCZ__AN+P9_FINNGEN_SCZ__AN+P10_PGC_SCZ__AUD+P11_FINNGEN_SCZ__AUD+P12_PGC_SCZ__CUD+P13_FINNGEN_SCZ__CUD
12	23820634	25371082	12	P2_PGC_SCZ__ADHD+P3_FINNGEN_SCZ__ADHD+P4_PGC_SCZ__ASD+P5_FINNGEN_SCZ__ASD+P6_PGC_SCZ__OCD+P7_FINNGEN_SCZ__OCD+P8_PGC_SCZ__AN+P9_FINNGEN_SCZ__AN+P10_PGC_SCZ__AUD+P11_FINNGEN_SCZ__AUD+P12_PGC_SCZ__CUD+P13_FINNGEN_SCZ__CUD
12	25371083	27799772	12	P2_PGC_SCZ__ADHD+P3_FINNGEN_SCZ__ADHD+P4_PGC_SCZ__ASD+P5_FINNGEN_SCZ__ASD+P6_PGC_SCZ__OCD+P7_FINNGEN_SCZ__OCD+P8_PGC_SCZ__AN+P9_FINNGEN_SCZ__AN+P10_PGC_SCZ__AUD+P11_FINNGEN_SCZ__AUD+P12_PGC_SCZ__CUD+P13_FINNGEN_SCZ__CUD
12	27799773	29651254	12	P2_PGC_SCZ__ADHD+P3_FINNGEN_SCZ__ADHD+P4_PGC_SCZ__ASD+P5_FINNGEN_SCZ__ASD+P6_PGC_SCZ__OCD+P7_FINNGEN_SCZ__OCD+P8_PGC_SCZ__AN+P9_FINNGEN_SCZ__AN+P10_PGC_SCZ__AUD+P11_FINNGEN_SCZ__AUD+P12_PGC_SCZ__CUD+P13_FINNGEN_SCZ__CUD
12	29651255	30512405	12	P2_PGC_SCZ__ADHD+P3_FINNGEN_SCZ__ADHD+P4_PGC_SCZ__ASD+P5_FINNGEN_SCZ__ASD+P6_PGC_SCZ__OCD+P7_FINNGEN_SCZ__OCD+P8_PGC_SCZ__AN+P9_FINNGEN_SCZ__AN+P10_PGC_SCZ__AUD+P11_FINNGEN_SCZ__AUD+P12_PGC_SCZ__CUD+P13_FINNGEN_SCZ__CUD
12	30512406	32165591	12	P2_PGC_SCZ__ADHD+P3_FINNGEN_SCZ__ADHD+P4_PGC_SCZ__ASD+P5_FINNGEN_SCZ__ASD+P6_PGC_SCZ__OCD+P7_FINNGEN_SCZ__OCD+P8_PGC_SCZ__AN+P9_FINNGEN_SCZ__AN+P10_PGC_SCZ__AUD+P11_FINNGEN_SCZ__AUD+P12_PGC_SCZ__CUD+P13_FINNGEN_SCZ__CUD
12	32165592	33076988	12	P2_PGC_SCZ__ADHD+P3_FINNGEN_SCZ__ADHD+P4_PGC_SCZ__ASD+P5_FINNGEN_SCZ__ASD+P6_PGC_SCZ__OCD+P7_FINNGEN_SCZ__OCD+P8_PGC_SCZ__AN+P9_FINNGEN_SCZ__AN+P10_PGC_SCZ__AUD+P11_FINNGEN_SCZ__AUD+P12_PGC_SCZ__CUD+P13_FINNGEN_SCZ__CUD
12	33076989	37856716	12	P2_PGC_SCZ__ADHD+P3_FINNGEN_SCZ__ADHD+P4_PGC_SCZ__ASD+P5_FINNGEN_SCZ__ASD+P6_PGC_SCZ__OCD+P7_FINNGEN_SCZ__OCD+P8_PGC_SCZ__AN+P9_FINNGEN_SCZ__AN+P10_PGC_SCZ__AUD+P11_FINNGEN_SCZ__AUD+P12_PGC_SCZ__CUD+P13_FINNGEN_SCZ__CUD
12	37856717	39227168	10	P2_PGC_SCZ__ADHD+P3_FINNGEN_SCZ__ADHD+P4_PGC_SCZ__ASD+P5_FINNGEN_SCZ__ASD+P6_PGC_SCZ__OCD+P7_FINNGEN_SCZ__OCD+P10_PGC_SCZ__AUD+P11_FINNGEN_SCZ__AUD+P12_PGC_SCZ__CUD+P13_FINNGEN_SCZ__CUD
12	39227169	40816184	12	P2_PGC_SCZ__ADHD+P3_FINNGEN_SCZ__ADHD+P4_PGC_SCZ__ASD+P5_FINNGEN_SCZ__ASD+P6_PGC_SCZ__OCD+P7_FINNGEN_SCZ__OCD+P8_PGC_SCZ__AN+P9_FINNGEN_SCZ__AN+P10_PGC_SCZ__AUD+P11_FINNGEN_SCZ__AUD+P12_PGC_SCZ__CUD+P13_FINNGEN_SCZ__CUD
12	40816185	41658585	12	P2_PGC_SCZ__ADHD+P3_FINNGEN_SCZ__ADHD+P4_PGC_SCZ__ASD+P5_FINNGEN_SCZ__ASD+P6_PGC_SCZ__OCD+P7_FINNGEN_SCZ__OCD+P8_PGC_SCZ__AN+P9_FINNGEN_SCZ__AN+P10_PGC_SCZ__AUD+P11_FINNGEN_SCZ__AUD+P12_PGC_SCZ__CUD+P13_FINNGEN_SCZ__CUD
12	41658586	43984473	12	P2_PGC_SCZ__ADHD+P3_FINNGEN_SCZ__ADHD+P4_PGC_SCZ__ASD+P5_FINNGEN_SCZ__ASD+P6_PGC_SCZ__OCD+P7_FINNGEN_SCZ__OCD+P8_PGC_SCZ__AN+P9_FINNGEN_SCZ__AN+P10_PGC_SCZ__AUD+P11_FINNGEN_SCZ__AUD+P12_PGC_SCZ__CUD+P13_FINNGEN_SCZ__CUD
12	43984474	46024228	12	P2_PGC_SCZ__ADHD+P3_FINNGEN_SCZ__ADHD+P4_PGC_SCZ__ASD+P5_FINNGEN_SCZ__ASD+P6_PGC_SCZ__OCD+P7_FINNGEN_SCZ__OCD+P8_PGC_SCZ__AN+P9_FINNGEN_SCZ__AN+P10_PGC_SCZ__AUD+P11_FINNGEN_SCZ__AUD+P12_PGC_SCZ__CUD+P13_FINNGEN_SCZ__CUD
12	46024229	47714792	12	P2_PGC_SCZ__ADHD+P3_FINNGEN_SCZ__ADHD+P4_PGC_SCZ__ASD+P5_FINNGEN_SCZ__ASD+P6_PGC_SCZ__OCD+P7_FINNGEN_SCZ__OCD+P8_PGC_SCZ__AN+P9_FINNGEN_SCZ__AN+P10_PGC_SCZ__AUD+P11_FINNGEN_SCZ__AUD+P12_PGC_SCZ__CUD+P13_FINNGEN_SCZ__CUD
12	47714793	49001865	12	P2_PGC_SCZ__ADHD+P3_FINNGEN_SCZ__ADHD+P4_PGC_SCZ__ASD+P5_FINNGEN_SCZ__ASD+P6_PGC_SCZ__OCD+P7_FINNGEN_SCZ__OCD+P8_PGC_SCZ__AN+P9_FINNGEN_SCZ__AN+P10_PGC_SCZ__AUD+P11_FINNGEN_SCZ__AUD+P12_PGC_SCZ__CUD+P13_FINNGEN_SCZ__CUD
12	49001866	51776493	12	P2_PGC_SCZ__ADHD+P3_FINNGEN_SCZ__ADHD+P4_PGC_SCZ__ASD+P5_FINNGEN_SCZ__ASD+P6_PGC_SCZ__OCD+P7_FINNGEN_SCZ__OCD+P8_PGC_SCZ__AN+P9_FINNGEN_SCZ__AN+P10_PGC_SCZ__AUD+P11_FINNGEN_SCZ__AUD+P12_PGC_SCZ__CUD+P13_FINNGEN_SCZ__CUD
12	51776494	53039003	12	P2_PGC_SCZ__ADHD+P3_FINNGEN_SCZ__ADHD+P4_PGC_SCZ__ASD+P5_FINNGEN_SCZ__ASD+P6_PGC_SCZ__OCD+P7_FINNGEN_SCZ__OCD+P8_PGC_SCZ__AN+P9_FINNGEN_SCZ__AN+P10_PGC_SCZ__AUD+P11_FINNGEN_SCZ__AUD+P12_PGC_SCZ__CUD+P13_FINNGEN_SCZ__CUD
12	53039004	54778822	12	P2_PGC_SCZ__ADHD+P3_FINNGEN_SCZ__ADHD+P4_PGC_SCZ__ASD+P5_FINNGEN_SCZ__ASD+P6_PGC_SCZ__OCD+P7_FINNGEN_SCZ__OCD+P8_PGC_SCZ__AN+P9_FINNGEN_SCZ__AN+P10_PGC_SCZ__AUD+P11_FINNGEN_SCZ__AUD+P12_PGC_SCZ__CUD+P13_FINNGEN_SCZ__CUD
12	54778823	55665836	12	P2_PGC_SCZ__ADHD+P3_FINNGEN_SCZ__ADHD+P4_PGC_SCZ__ASD+P5_FINNGEN_SCZ__ASD+P6_PGC_SCZ__OCD+P7_FINNGEN_SCZ__OCD+P8_PGC_SCZ__AN+P9_FINNGEN_SCZ__AN+P10_PGC_SCZ__AUD+P11_FINNGEN_SCZ__AUD+P12_PGC_SCZ__CUD+P13_FINNGEN_SCZ__CUD
12	55665837	57548859	12	P2_PGC_SCZ__ADHD+P3_FINNGEN_SCZ__ADHD+P4_PGC_SCZ__ASD+P5_FINNGEN_SCZ__ASD+P6_PGC_SCZ__OCD+P7_FINNGEN_SCZ__OCD+P8_PGC_SCZ__AN+P9_FINNGEN_SCZ__AN+P10_PGC_SCZ__AUD+P11_FINNGEN_SCZ__AUD+P12_PGC_SCZ__CUD+P13_FINNGEN_SCZ__CUD
12	57548860	59308665	12	P2_PGC_SCZ__ADHD+P3_FINNGEN_SCZ__ADHD+P4_PGC_SCZ__ASD+P5_FINNGEN_SCZ__ASD+P6_PGC_SCZ__OCD+P7_FINNGEN_SCZ__OCD+P8_PGC_SCZ__AN+P9_FINNGEN_SCZ__AN+P10_PGC_SCZ__AUD+P11_FINNGEN_SCZ__AUD+P12_PGC_SCZ__CUD+P13_FINNGEN_SCZ__CUD
12	59308666	61123728	12	P2_PGC_SCZ__ADHD+P3_FINNGEN_SCZ__ADHD+P4_PGC_SCZ__ASD+P5_FINNGEN_SCZ__ASD+P6_PGC_SCZ__OCD+P7_FINNGEN_SCZ__OCD+P8_PGC_SCZ__AN+P9_FINNGEN_SCZ__AN+P10_PGC_SCZ__AUD+P11_FINNGEN_SCZ__AUD+P12_PGC_SCZ__CUD+P13_FINNGEN_SCZ__CUD
12	61123729	64032460	12	P2_PGC_SCZ__ADHD+P3_FINNGEN_SCZ__ADHD+P4_PGC_SCZ__ASD+P5_FINNGEN_SCZ__ASD+P6_PGC_SCZ__OCD+P7_FINNGEN_SCZ__OCD+P8_PGC_SCZ__AN+P9_FINNGEN_SCZ__AN+P10_PGC_SCZ__AUD+P11_FINNGEN_SCZ__AUD+P12_PGC_SCZ__CUD+P13_FINNGEN_SCZ__CUD
12	64032461	65559694	12	P2_PGC_SCZ__ADHD+P3_FINNGEN_SCZ__ADHD+P4_PGC_SCZ__ASD+P5_FINNGEN_SCZ__ASD+P6_PGC_SCZ__OCD+P7_FINNGEN_SCZ__OCD+P8_PGC_SCZ__AN+P9_FINNGEN_SCZ__AN+P10_PGC_SCZ__AUD+P11_FINNGEN_SCZ__AUD+P12_PGC_SCZ__CUD+P13_FINNGEN_SCZ__CUD
12	65559695	67181143	12	P2_PGC_SCZ__ADHD+P3_FINNGEN_SCZ__ADHD+P4_PGC_SCZ__ASD+P5_FINNGEN_SCZ__ASD+P6_PGC_SCZ__OCD+P7_FINNGEN_SCZ__OCD+P8_PGC_SCZ__AN+P9_FINNGEN_SCZ__AN+P10_PGC_SCZ__AUD+P11_FINNGEN_SCZ__AUD+P12_PGC_SCZ__CUD+P13_FINNGEN_SCZ__CUD
12	67181144	67909728	12	P2_PGC_SCZ__ADHD+P3_FINNGEN_SCZ__ADHD+P4_PGC_SCZ__ASD+P5_FINNGEN_SCZ__ASD+P6_PGC_SCZ__OCD+P7_FINNGEN_SCZ__OCD+P8_PGC_SCZ__AN+P9_FINNGEN_SCZ__AN+P10_PGC_SCZ__AUD+P11_FINNGEN_SCZ__AUD+P12_PGC_SCZ__CUD+P13_FINNGEN_SCZ__CUD
12	67909729	69826541	12	P2_PGC_SCZ__ADHD+P3_FINNGEN_SCZ__ADHD+P4_PGC_SCZ__ASD+P5_FINNGEN_SCZ__ASD+P6_PGC_SCZ__OCD+P7_FINNGEN_SCZ__OCD+P8_PGC_SCZ__AN+P9_FINNGEN_SCZ__AN+P10_PGC_SCZ__AUD+P11_FINNGEN_SCZ__AUD+P12_PGC_SCZ__CUD+P13_FINNGEN_SCZ__CUD
12	69826542	70957986	12	P2_PGC_SCZ__ADHD+P3_FINNGEN_SCZ__ADHD+P4_PGC_SCZ__ASD+P5_FINNGEN_SCZ__ASD+P6_PGC_SCZ__OCD+P7_FINNGEN_SCZ__OCD+P8_PGC_SCZ__AN+P9_FINNGEN_SCZ__AN+P10_PGC_SCZ__AUD+P11_FINNGEN_SCZ__AUD+P12_PGC_SCZ__CUD+P13_FINNGEN_SCZ__CUD
12	70957987	72645074	12	P2_PGC_SCZ__ADHD+P3_FINNGEN_SCZ__ADHD+P4_PGC_SCZ__ASD+P5_FINNGEN_SCZ__ASD+P6_PGC_SCZ__OCD+P7_FINNGEN_SCZ__OCD+P8_PGC_SCZ__AN+P9_FINNGEN_SCZ__AN+P10_PGC_SCZ__AUD+P11_FINNGEN_SCZ__AUD+P12_PGC_SCZ__CUD+P13_FINNGEN_SCZ__CUD
12	72645075	73818453	12	P2_PGC_SCZ__ADHD+P3_FINNGEN_SCZ__ADHD+P4_PGC_SCZ__ASD+P5_FINNGEN_SCZ__ASD+P6_PGC_SCZ__OCD+P7_FINNGEN_SCZ__OCD+P8_PGC_SCZ__AN+P9_FINNGEN_SCZ__AN+P10_PGC_SCZ__AUD+P11_FINNGEN_SCZ__AUD+P12_PGC_SCZ__CUD+P13_FINNGEN_SCZ__CUD
12	73818454	76511313	12	P2_PGC_SCZ__ADHD+P3_FINNGEN_SCZ__ADHD+P4_PGC_SCZ__ASD+P5_FINNGEN_SCZ__ASD+P6_PGC_SCZ__OCD+P7_FINNGEN_SCZ__OCD+P8_PGC_SCZ__AN+P9_FINNGEN_SCZ__AN+P10_PGC_SCZ__AUD+P11_FINNGEN_SCZ__AUD+P12_PGC_SCZ__CUD+P13_FINNGEN_SCZ__CUD
12	76511314	78570569	12	P2_PGC_SCZ__ADHD+P3_FINNGEN_SCZ__ADHD+P4_PGC_SCZ__ASD+P5_FINNGEN_SCZ__ASD+P6_PGC_SCZ__OCD+P7_FINNGEN_SCZ__OCD+P8_PGC_SCZ__AN+P9_FINNGEN_SCZ__AN+P10_PGC_SCZ__AUD+P11_FINNGEN_SCZ__AUD+P12_PGC_SCZ__CUD+P13_FINNGEN_SCZ__CUD
12	78570570	80448149	12	P2_PGC_SCZ__ADHD+P3_FINNGEN_SCZ__ADHD+P4_PGC_SCZ__ASD+P5_FINNGEN_SCZ__ASD+P6_PGC_SCZ__OCD+P7_FINNGEN_SCZ__OCD+P8_PGC_SCZ__AN+P9_FINNGEN_SCZ__AN+P10_PGC_SCZ__AUD+P11_FINNGEN_SCZ__AUD+P12_PGC_SCZ__CUD+P13_FINNGEN_SCZ__CUD
12	80448150	81467766	12	P2_PGC_SCZ__ADHD+P3_FINNGEN_SCZ__ADHD+P4_PGC_SCZ__ASD+P5_FINNGEN_SCZ__ASD+P6_PGC_SCZ__OCD+P7_FINNGEN_SCZ__OCD+P8_PGC_SCZ__AN+P9_FINNGEN_SCZ__AN+P10_PGC_SCZ__AUD+P11_FINNGEN_SCZ__AUD+P12_PGC_SCZ__CUD+P13_FINNGEN_SCZ__CUD
12	81467767	83502665	12	P2_PGC_SCZ__ADHD+P3_FINNGEN_SCZ__ADHD+P4_PGC_SCZ__ASD+P5_FINNGEN_SCZ__ASD+P6_PGC_SCZ__OCD+P7_FINNGEN_SCZ__OCD+P8_PGC_SCZ__AN+P9_FINNGEN_SCZ__AN+P10_PGC_SCZ__AUD+P11_FINNGEN_SCZ__AUD+P12_PGC_SCZ__CUD+P13_FINNGEN_SCZ__CUD
12	83502666	84303843	12	P2_PGC_SCZ__ADHD+P3_FINNGEN_SCZ__ADHD+P4_PGC_SCZ__ASD+P5_FINNGEN_SCZ__ASD+P6_PGC_SCZ__OCD+P7_FINNGEN_SCZ__OCD+P8_PGC_SCZ__AN+P9_FINNGEN_SCZ__AN+P10_PGC_SCZ__AUD+P11_FINNGEN_SCZ__AUD+P12_PGC_SCZ__CUD+P13_FINNGEN_SCZ__CUD
12	84303844	85990425	12	P2_PGC_SCZ__ADHD+P3_FINNGEN_SCZ__ADHD+P4_PGC_SCZ__ASD+P5_FINNGEN_SCZ__ASD+P6_PGC_SCZ__OCD+P7_FINNGEN_SCZ__OCD+P8_PGC_SCZ__AN+P9_FINNGEN_SCZ__AN+P10_PGC_SCZ__AUD+P11_FINNGEN_SCZ__AUD+P12_PGC_SCZ__CUD+P13_FINNGEN_SCZ__CUD
12	85990426	89682121	12	P2_PGC_SCZ__ADHD+P3_FINNGEN_SCZ__ADHD+P4_PGC_SCZ__ASD+P5_FINNGEN_SCZ__ASD+P6_PGC_SCZ__OCD+P7_FINNGEN_SCZ__OCD+P8_PGC_SCZ__AN+P9_FINNGEN_SCZ__AN+P10_PGC_SCZ__AUD+P11_FINNGEN_SCZ__AUD+P12_PGC_SCZ__CUD+P13_FINNGEN_SCZ__CUD
12	89682122	92066154	12	P2_PGC_SCZ__ADHD+P3_FINNGEN_SCZ__ADHD+P4_PGC_SCZ__ASD+P5_FINNGEN_SCZ__ASD+P6_PGC_SCZ__OCD+P7_FINNGEN_SCZ__OCD+P8_PGC_SCZ__AN+P9_FINNGEN_SCZ__AN+P10_PGC_SCZ__AUD+P11_FINNGEN_SCZ__AUD+P12_PGC_SCZ__CUD+P13_FINNGEN_SCZ__CUD
12	92066155	94514566	12	P2_PGC_SCZ__ADHD+P3_FINNGEN_SCZ__ADHD+P4_PGC_SCZ__ASD+P5_FINNGEN_SCZ__ASD+P6_PGC_SCZ__OCD+P7_FINNGEN_SCZ__OCD+P8_PGC_SCZ__AN+P9_FINNGEN_SCZ__AN+P10_PGC_SCZ__AUD+P11_FINNGEN_SCZ__AUD+P12_PGC_SCZ__CUD+P13_FINNGEN_SCZ__CUD
12	94514567	96020784	12	P2_PGC_SCZ__ADHD+P3_FINNGEN_SCZ__ADHD+P4_PGC_SCZ__ASD+P5_FINNGEN_SCZ__ASD+P6_PGC_SCZ__OCD+P7_FINNGEN_SCZ__OCD+P8_PGC_SCZ__AN+P9_FINNGEN_SCZ__AN+P10_PGC_SCZ__AUD+P11_FINNGEN_SCZ__AUD+P12_PGC_SCZ__CUD+P13_FINNGEN_SCZ__CUD
12	96020785	97108838	12	P2_PGC_SCZ__ADHD+P3_FINNGEN_SCZ__ADHD+P4_PGC_SCZ__ASD+P5_FINNGEN_SCZ__ASD+P6_PGC_SCZ__OCD+P7_FINNGEN_SCZ__OCD+P8_PGC_SCZ__AN+P9_FINNGEN_SCZ__AN+P10_PGC_SCZ__AUD+P11_FINNGEN_SCZ__AUD+P12_PGC_SCZ__CUD+P13_FINNGEN_SCZ__CUD
12	97108839	99305986	12	P2_PGC_SCZ__ADHD+P3_FINNGEN_SCZ__ADHD+P4_PGC_SCZ__ASD+P5_FINNGEN_SCZ__ASD+P6_PGC_SCZ__OCD+P7_FINNGEN_SCZ__OCD+P8_PGC_SCZ__AN+P9_FINNGEN_SCZ__AN+P10_PGC_SCZ__AUD+P11_FINNGEN_SCZ__AUD+P12_PGC_SCZ__CUD+P13_FINNGEN_SCZ__CUD
12	99305987	101447640	12	P2_PGC_SCZ__ADHD+P3_FINNGEN_SCZ__ADHD+P4_PGC_SCZ__ASD+P5_FINNGEN_SCZ__ASD+P6_PGC_SCZ__OCD+P7_FINNGEN_SCZ__OCD+P8_PGC_SCZ__AN+P9_FINNGEN_SCZ__AN+P10_PGC_SCZ__AUD+P11_FINNGEN_SCZ__AUD+P12_PGC_SCZ__CUD+P13_FINNGEN_SCZ__CUD
12	101447641	101862689	10	P2_PGC_SCZ__ADHD+P3_FINNGEN_SCZ__ADHD+P4_PGC_SCZ__ASD+P5_FINNGEN_SCZ__ASD+P6_PGC_SCZ__OCD+P7_FINNGEN_SCZ__OCD+P10_PGC_SCZ__AUD+P11_FINNGEN_SCZ__AUD+P12_PGC_SCZ__CUD+P13_FINNGEN_SCZ__CUD
12	101862690	102964985	12	P2_PGC_SCZ__ADHD+P3_FINNGEN_SCZ__ADHD+P4_PGC_SCZ__ASD+P5_FINNGEN_SCZ__ASD+P6_PGC_SCZ__OCD+P7_FINNGEN_SCZ__OCD+P8_PGC_SCZ__AN+P9_FINNGEN_SCZ__AN+P10_PGC_SCZ__AUD+P11_FINNGEN_SCZ__AUD+P12_PGC_SCZ__CUD+P13_FINNGEN_SCZ__CUD
12	102964986	104848695	12	P2_PGC_SCZ__ADHD+P3_FINNGEN_SCZ__ADHD+P4_PGC_SCZ__ASD+P5_FINNGEN_SCZ__ASD+P6_PGC_SCZ__OCD+P7_FINNGEN_SCZ__OCD+P8_PGC_SCZ__AN+P9_FINNGEN_SCZ__AN+P10_PGC_SCZ__AUD+P11_FINNGEN_SCZ__AUD+P12_PGC_SCZ__CUD+P13_FINNGEN_SCZ__CUD
12	104848696	106436212	12	P2_PGC_SCZ__ADHD+P3_FINNGEN_SCZ__ADHD+P4_PGC_SCZ__ASD+P5_FINNGEN_SCZ__ASD+P6_PGC_SCZ__OCD+P7_FINNGEN_SCZ__OCD+P8_PGC_SCZ__AN+P9_FINNGEN_SCZ__AN+P10_PGC_SCZ__AUD+P11_FINNGEN_SCZ__AUD+P12_PGC_SCZ__CUD+P13_FINNGEN_SCZ__CUD
12	106436213	106958747	12	P2_PGC_SCZ__ADHD+P3_FINNGEN_SCZ__ADHD+P4_PGC_SCZ__ASD+P5_FINNGEN_SCZ__ASD+P6_PGC_SCZ__OCD+P7_FINNGEN_SCZ__OCD+P8_PGC_SCZ__AN+P9_FINNGEN_SCZ__AN+P10_PGC_SCZ__AUD+P11_FINNGEN_SCZ__AUD+P12_PGC_SCZ__CUD+P13_FINNGEN_SCZ__CUD
12	106958748	109025900	12	P2_PGC_SCZ__ADHD+P3_FINNGEN_SCZ__ADHD+P4_PGC_SCZ__ASD+P5_FINNGEN_SCZ__ASD+P6_PGC_SCZ__OCD+P7_FINNGEN_SCZ__OCD+P8_PGC_SCZ__AN+P9_FINNGEN_SCZ__AN+P10_PGC_SCZ__AUD+P11_FINNGEN_SCZ__AUD+P12_PGC_SCZ__CUD+P13_FINNGEN_SCZ__CUD
12	109025901	110336718	12	P2_PGC_SCZ__ADHD+P3_FINNGEN_SCZ__ADHD+P4_PGC_SCZ__ASD+P5_FINNGEN_SCZ__ASD+P6_PGC_SCZ__OCD+P7_FINNGEN_SCZ__OCD+P8_PGC_SCZ__AN+P9_FINNGEN_SCZ__AN+P10_PGC_SCZ__AUD+P11_FINNGEN_SCZ__AUD+P12_PGC_SCZ__CUD+P13_FINNGEN_SCZ__CUD
12	110336719	113263517	12	P2_PGC_SCZ__ADHD+P3_FINNGEN_SCZ__ADHD+P4_PGC_SCZ__ASD+P5_FINNGEN_SCZ__ASD+P6_PGC_SCZ__OCD+P7_FINNGEN_SCZ__OCD+P8_PGC_SCZ__AN+P9_FINNGEN_SCZ__AN+P10_PGC_SCZ__AUD+P11_FINNGEN_SCZ__AUD+P12_PGC_SCZ__CUD+P13_FINNGEN_SCZ__CUD
12	113263518	113986708	12	P2_PGC_SCZ__ADHD+P3_FINNGEN_SCZ__ADHD+P4_PGC_SCZ__ASD+P5_FINNGEN_SCZ__ASD+P6_PGC_SCZ__OCD+P7_FINNGEN_SCZ__OCD+P8_PGC_SCZ__AN+P9_FINNGEN_SCZ__AN+P10_PGC_SCZ__AUD+P11_FINNGEN_SCZ__AUD+P12_PGC_SCZ__CUD+P13_FINNGEN_SCZ__CUD
12	113986709	115036601	12	P2_PGC_SCZ__ADHD+P3_FINNGEN_SCZ__ADHD+P4_PGC_SCZ__ASD+P5_FINNGEN_SCZ__ASD+P6_PGC_SCZ__OCD+P7_FINNGEN_SCZ__OCD+P8_PGC_SCZ__AN+P9_FINNGEN_SCZ__AN+P10_PGC_SCZ__AUD+P11_FINNGEN_SCZ__AUD+P12_PGC_SCZ__CUD+P13_FINNGEN_SCZ__CUD
12	115036602	115503215	12	P2_PGC_SCZ__ADHD+P3_FINNGEN_SCZ__ADHD+P4_PGC_SCZ__ASD+P5_FINNGEN_SCZ__ASD+P6_PGC_SCZ__OCD+P7_FINNGEN_SCZ__OCD+P8_PGC_SCZ__AN+P9_FINNGEN_SCZ__AN+P10_PGC_SCZ__AUD+P11_FINNGEN_SCZ__AUD+P12_PGC_SCZ__CUD+P13_FINNGEN_SCZ__CUD
12	115503216	117087470	12	P2_PGC_SCZ__ADHD+P3_FINNGEN_SCZ__ADHD+P4_PGC_SCZ__ASD+P5_FINNGEN_SCZ__ASD+P6_PGC_SCZ__OCD+P7_FINNGEN_SCZ__OCD+P8_PGC_SCZ__AN+P9_FINNGEN_SCZ__AN+P10_PGC_SCZ__AUD+P11_FINNGEN_SCZ__AUD+P12_PGC_SCZ__CUD+P13_FINNGEN_SCZ__CUD
12	117087471	118135374	12	P2_PGC_SCZ__ADHD+P3_FINNGEN_SCZ__ADHD+P4_PGC_SCZ__ASD+P5_FINNGEN_SCZ__ASD+P6_PGC_SCZ__OCD+P7_FINNGEN_SCZ__OCD+P8_PGC_SCZ__AN+P9_FINNGEN_SCZ__AN+P10_PGC_SCZ__AUD+P11_FINNGEN_SCZ__AUD+P12_PGC_SCZ__CUD+P13_FINNGEN_SCZ__CUD
12	118135375	119754109	12	P2_PGC_SCZ__ADHD+P3_FINNGEN_SCZ__ADHD+P4_PGC_SCZ__ASD+P5_FINNGEN_SCZ__ASD+P6_PGC_SCZ__OCD+P7_FINNGEN_SCZ__OCD+P8_PGC_SCZ__AN+P9_FINNGEN_SCZ__AN+P10_PGC_SCZ__AUD+P11_FINNGEN_SCZ__AUD+P12_PGC_SCZ__CUD+P13_FINNGEN_SCZ__CUD
12	119754110	122007650	12	P2_PGC_SCZ__ADHD+P3_FINNGEN_SCZ__ADHD+P4_PGC_SCZ__ASD+P5_FINNGEN_SCZ__ASD+P6_PGC_SCZ__OCD+P7_FINNGEN_SCZ__OCD+P8_PGC_SCZ__AN+P9_FINNGEN_SCZ__AN+P10_PGC_SCZ__AUD+P11_FINNGEN_SCZ__AUD+P12_PGC_SCZ__CUD+P13_FINNGEN_SCZ__CUD
12	122007651	124977979	12	P2_PGC_SCZ__ADHD+P3_FINNGEN_SCZ__ADHD+P4_PGC_SCZ__ASD+P5_FINNGEN_SCZ__ASD+P6_PGC_SCZ__OCD+P7_FINNGEN_SCZ__OCD+P8_PGC_SCZ__AN+P9_FINNGEN_SCZ__AN+P10_PGC_SCZ__AUD+P11_FINNGEN_SCZ__AUD+P12_PGC_SCZ__CUD+P13_FINNGEN_SCZ__CUD
12	124977980	126445504	12	P2_PGC_SCZ__ADHD+P3_FINNGEN_SCZ__ADHD+P4_PGC_SCZ__ASD+P5_FINNGEN_SCZ__ASD+P6_PGC_SCZ__OCD+P7_FINNGEN_SCZ__OCD+P8_PGC_SCZ__AN+P9_FINNGEN_SCZ__AN+P10_PGC_SCZ__AUD+P11_FINNGEN_SCZ__AUD+P12_PGC_SCZ__CUD+P13_FINNGEN_SCZ__CUD
12	126445505	127875097	12	P2_PGC_SCZ__ADHD+P3_FINNGEN_SCZ__ADHD+P4_PGC_SCZ__ASD+P5_FINNGEN_SCZ__ASD+P6_PGC_SCZ__OCD+P7_FINNGEN_SCZ__OCD+P8_PGC_SCZ__AN+P9_FINNGEN_SCZ__AN+P10_PGC_SCZ__AUD+P11_FINNGEN_SCZ__AUD+P12_PGC_SCZ__CUD+P13_FINNGEN_SCZ__CUD
12	127875098	129237296	12	P2_PGC_SCZ__ADHD+P3_FINNGEN_SCZ__ADHD+P4_PGC_SCZ__ASD+P5_FINNGEN_SCZ__ASD+P6_PGC_SCZ__OCD+P7_FINNGEN_SCZ__OCD+P8_PGC_SCZ__AN+P9_FINNGEN_SCZ__AN+P10_PGC_SCZ__AUD+P11_FINNGEN_SCZ__AUD+P12_PGC_SCZ__CUD+P13_FINNGEN_SCZ__CUD
12	129237297	130377920	12	P2_PGC_SCZ__ADHD+P3_FINNGEN_SCZ__ADHD+P4_PGC_SCZ__ASD+P5_FINNGEN_SCZ__ASD+P6_PGC_SCZ__OCD+P7_FINNGEN_SCZ__OCD+P8_PGC_SCZ__AN+P9_FINNGEN_SCZ__AN+P10_PGC_SCZ__AUD+P11_FINNGEN_SCZ__AUD+P12_PGC_SCZ__CUD+P13_FINNGEN_SCZ__CUD
12	130377921	131786750	12	P2_PGC_SCZ__ADHD+P3_FINNGEN_SCZ__ADHD+P4_PGC_SCZ__ASD+P5_FINNGEN_SCZ__ASD+P6_PGC_SCZ__OCD+P7_FINNGEN_SCZ__OCD+P8_PGC_SCZ__AN+P9_FINNGEN_SCZ__AN+P10_PGC_SCZ__AUD+P11_FINNGEN_SCZ__AUD+P12_PGC_SCZ__CUD+P13_FINNGEN_SCZ__CUD
12	131786751	132807033	12	P2_PGC_SCZ__ADHD+P3_FINNGEN_SCZ__ADHD+P4_PGC_SCZ__ASD+P5_FINNGEN_SCZ__ASD+P6_PGC_SCZ__OCD+P7_FINNGEN_SCZ__OCD+P8_PGC_SCZ__AN+P9_FINNGEN_SCZ__AN+P10_PGC_SCZ__AUD+P11_FINNGEN_SCZ__AUD+P12_PGC_SCZ__CUD+P13_FINNGEN_SCZ__CUD
12	132807034	133841510	12	P2_PGC_SCZ__ADHD+P3_FINNGEN_SCZ__ADHD+P4_PGC_SCZ__ASD+P5_FINNGEN_SCZ__ASD+P6_PGC_SCZ__OCD+P7_FINNGEN_SCZ__OCD+P8_PGC_SCZ__AN+P9_FINNGEN_SCZ__AN+P10_PGC_SCZ__AUD+P11_FINNGEN_SCZ__AUD+P12_PGC_SCZ__CUD+P13_FINNGEN_SCZ__CUD
13	19020013	20686719	12	P2_PGC_SCZ__ADHD+P3_FINNGEN_SCZ__ADHD+P4_PGC_SCZ__ASD+P5_FINNGEN_SCZ__ASD+P6_PGC_SCZ__OCD+P7_FINNGEN_SCZ__OCD+P8_PGC_SCZ__AN+P9_FINNGEN_SCZ__AN+P10_PGC_SCZ__AUD+P11_FINNGEN_SCZ__AUD+P12_PGC_SCZ__CUD+P13_FINNGEN_SCZ__CUD
13	20686720	22242173	12	P2_PGC_SCZ__ADHD+P3_FINNGEN_SCZ__ADHD+P4_PGC_SCZ__ASD+P5_FINNGEN_SCZ__ASD+P6_PGC_SCZ__OCD+P7_FINNGEN_SCZ__OCD+P8_PGC_SCZ__AN+P9_FINNGEN_SCZ__AN+P10_PGC_SCZ__AUD+P11_FINNGEN_SCZ__AUD+P12_PGC_SCZ__CUD+P13_FINNGEN_SCZ__CUD
13	22242174	23594701	12	P2_PGC_SCZ__ADHD+P3_FINNGEN_SCZ__ADHD+P4_PGC_SCZ__ASD+P5_FINNGEN_SCZ__ASD+P6_PGC_SCZ__OCD+P7_FINNGEN_SCZ__OCD+P8_PGC_SCZ__AN+P9_FINNGEN_SCZ__AN+P10_PGC_SCZ__AUD+P11_FINNGEN_SCZ__AUD+P12_PGC_SCZ__CUD+P13_FINNGEN_SCZ__CUD
13	23594702	24531936	12	P2_PGC_SCZ__ADHD+P3_FINNGEN_SCZ__ADHD+P4_PGC_SCZ__ASD+P5_FINNGEN_SCZ__ASD+P6_PGC_SCZ__OCD+P7_FINNGEN_SCZ__OCD+P8_PGC_SCZ__AN+P9_FINNGEN_SCZ__AN+P10_PGC_SCZ__AUD+P11_FINNGEN_SCZ__AUD+P12_PGC_SCZ__CUD+P13_FINNGEN_SCZ__CUD
13	24531937	25784361	12	P2_PGC_SCZ__ADHD+P3_FINNGEN_SCZ__ADHD+P4_PGC_SCZ__ASD+P5_FINNGEN_SCZ__ASD+P6_PGC_SCZ__OCD+P7_FINNGEN_SCZ__OCD+P8_PGC_SCZ__AN+P9_FINNGEN_SCZ__AN+P10_PGC_SCZ__AUD+P11_FINNGEN_SCZ__AUD+P12_PGC_SCZ__CUD+P13_FINNGEN_SCZ__CUD
13	25784362	27284361	12	P2_PGC_SCZ__ADHD+P3_FINNGEN_SCZ__ADHD+P4_PGC_SCZ__ASD+P5_FINNGEN_SCZ__ASD+P6_PGC_SCZ__OCD+P7_FINNGEN_SCZ__OCD+P8_PGC_SCZ__AN+P9_FINNGEN_SCZ__AN+P10_PGC_SCZ__AUD+P11_FINNGEN_SCZ__AUD+P12_PGC_SCZ__CUD+P13_FINNGEN_SCZ__CUD
13	27284362	29257550	12	P2_PGC_SCZ__ADHD+P3_FINNGEN_SCZ__ADHD+P4_PGC_SCZ__ASD+P5_FINNGEN_SCZ__ASD+P6_PGC_SCZ__OCD+P7_FINNGEN_SCZ__OCD+P8_PGC_SCZ__AN+P9_FINNGEN_SCZ__AN+P10_PGC_SCZ__AUD+P11_FINNGEN_SCZ__AUD+P12_PGC_SCZ__CUD+P13_FINNGEN_SCZ__CUD
13	29257551	30483266	12	P2_PGC_SCZ__ADHD+P3_FINNGEN_SCZ__ADHD+P4_PGC_SCZ__ASD+P5_FINNGEN_SCZ__ASD+P6_PGC_SCZ__OCD+P7_FINNGEN_SCZ__OCD+P8_PGC_SCZ__AN+P9_FINNGEN_SCZ__AN+P10_PGC_SCZ__AUD+P11_FINNGEN_SCZ__AUD+P12_PGC_SCZ__CUD+P13_FINNGEN_SCZ__CUD
13	30483267	32301814	12	P2_PGC_SCZ__ADHD+P3_FINNGEN_SCZ__ADHD+P4_PGC_SCZ__ASD+P5_FINNGEN_SCZ__ASD+P6_PGC_SCZ__OCD+P7_FINNGEN_SCZ__OCD+P8_PGC_SCZ__AN+P9_FINNGEN_SCZ__AN+P10_PGC_SCZ__AUD+P11_FINNGEN_SCZ__AUD+P12_PGC_SCZ__CUD+P13_FINNGEN_SCZ__CUD
13	32301815	33776902	12	P2_PGC_SCZ__ADHD+P3_FINNGEN_SCZ__ADHD+P4_PGC_SCZ__ASD+P5_FINNGEN_SCZ__ASD+P6_PGC_SCZ__OCD+P7_FINNGEN_SCZ__OCD+P8_PGC_SCZ__AN+P9_FINNGEN_SCZ__AN+P10_PGC_SCZ__AUD+P11_FINNGEN_SCZ__AUD+P12_PGC_SCZ__CUD+P13_FINNGEN_SCZ__CUD
13	33776903	35026463	12	P2_PGC_SCZ__ADHD+P3_FINNGEN_SCZ__ADHD+P4_PGC_SCZ__ASD+P5_FINNGEN_SCZ__ASD+P6_PGC_SCZ__OCD+P7_FINNGEN_SCZ__OCD+P8_PGC_SCZ__AN+P9_FINNGEN_SCZ__AN+P10_PGC_SCZ__AUD+P11_FINNGEN_SCZ__AUD+P12_PGC_SCZ__CUD+P13_FINNGEN_SCZ__CUD
13	35026464	36046366	12	P2_PGC_SCZ__ADHD+P3_FINNGEN_SCZ__ADHD+P4_PGC_SCZ__ASD+P5_FINNGEN_SCZ__ASD+P6_PGC_SCZ__OCD+P7_FINNGEN_SCZ__OCD+P8_PGC_SCZ__AN+P9_FINNGEN_SCZ__AN+P10_PGC_SCZ__AUD+P11_FINNGEN_SCZ__AUD+P12_PGC_SCZ__CUD+P13_FINNGEN_SCZ__CUD
13	36046367	37498184	12	P2_PGC_SCZ__ADHD+P3_FINNGEN_SCZ__ADHD+P4_PGC_SCZ__ASD+P5_FINNGEN_SCZ__ASD+P6_PGC_SCZ__OCD+P7_FINNGEN_SCZ__OCD+P8_PGC_SCZ__AN+P9_FINNGEN_SCZ__AN+P10_PGC_SCZ__AUD+P11_FINNGEN_SCZ__AUD+P12_PGC_SCZ__CUD+P13_FINNGEN_SCZ__CUD
13	37498185	38878162	12	P2_PGC_SCZ__ADHD+P3_FINNGEN_SCZ__ADHD+P4_PGC_SCZ__ASD+P5_FINNGEN_SCZ__ASD+P6_PGC_SCZ__OCD+P7_FINNGEN_SCZ__OCD+P8_PGC_SCZ__AN+P9_FINNGEN_SCZ__AN+P10_PGC_SCZ__AUD+P11_FINNGEN_SCZ__AUD+P12_PGC_SCZ__CUD+P13_FINNGEN_SCZ__CUD
13	38878163	41069262	12	P2_PGC_SCZ__ADHD+P3_FINNGEN_SCZ__ADHD+P4_PGC_SCZ__ASD+P5_FINNGEN_SCZ__ASD+P6_PGC_SCZ__OCD+P7_FINNGEN_SCZ__OCD+P8_PGC_SCZ__AN+P9_FINNGEN_SCZ__AN+P10_PGC_SCZ__AUD+P11_FINNGEN_SCZ__AUD+P12_PGC_SCZ__CUD+P13_FINNGEN_SCZ__CUD
13	41069263	43101026	12	P2_PGC_SCZ__ADHD+P3_FINNGEN_SCZ__ADHD+P4_PGC_SCZ__ASD+P5_FINNGEN_SCZ__ASD+P6_PGC_SCZ__OCD+P7_FINNGEN_SCZ__OCD+P8_PGC_SCZ__AN+P9_FINNGEN_SCZ__AN+P10_PGC_SCZ__AUD+P11_FINNGEN_SCZ__AUD+P12_PGC_SCZ__CUD+P13_FINNGEN_SCZ__CUD
13	43101027	44901408	12	P2_PGC_SCZ__ADHD+P3_FINNGEN_SCZ__ADHD+P4_PGC_SCZ__ASD+P5_FINNGEN_SCZ__ASD+P6_PGC_SCZ__OCD+P7_FINNGEN_SCZ__OCD+P8_PGC_SCZ__AN+P9_FINNGEN_SCZ__AN+P10_PGC_SCZ__AUD+P11_FINNGEN_SCZ__AUD+P12_PGC_SCZ__CUD+P13_FINNGEN_SCZ__CUD
13	44901409	46495213	12	P2_PGC_SCZ__ADHD+P3_FINNGEN_SCZ__ADHD+P4_PGC_SCZ__ASD+P5_FINNGEN_SCZ__ASD+P6_PGC_SCZ__OCD+P7_FINNGEN_SCZ__OCD+P8_PGC_SCZ__AN+P9_FINNGEN_SCZ__AN+P10_PGC_SCZ__AUD+P11_FINNGEN_SCZ__AUD+P12_PGC_SCZ__CUD+P13_FINNGEN_SCZ__CUD
13	46495214	47431078	12	P2_PGC_SCZ__ADHD+P3_FINNGEN_SCZ__ADHD+P4_PGC_SCZ__ASD+P5_FINNGEN_SCZ__ASD+P6_PGC_SCZ__OCD+P7_FINNGEN_SCZ__OCD+P8_PGC_SCZ__AN+P9_FINNGEN_SCZ__AN+P10_PGC_SCZ__AUD+P11_FINNGEN_SCZ__AUD+P12_PGC_SCZ__CUD+P13_FINNGEN_SCZ__CUD
13	47431079	49383961	12	P2_PGC_SCZ__ADHD+P3_FINNGEN_SCZ__ADHD+P4_PGC_SCZ__ASD+P5_FINNGEN_SCZ__ASD+P6_PGC_SCZ__OCD+P7_FINNGEN_SCZ__OCD+P8_PGC_SCZ__AN+P9_FINNGEN_SCZ__AN+P10_PGC_SCZ__AUD+P11_FINNGEN_SCZ__AUD+P12_PGC_SCZ__CUD+P13_FINNGEN_SCZ__CUD
13	49383962	51591090	12	P2_PGC_SCZ__ADHD+P3_FINNGEN_SCZ__ADHD+P4_PGC_SCZ__ASD+P5_FINNGEN_SCZ__ASD+P6_PGC_SCZ__OCD+P7_FINNGEN_SCZ__OCD+P8_PGC_SCZ__AN+P9_FINNGEN_SCZ__AN+P10_PGC_SCZ__AUD+P11_FINNGEN_SCZ__AUD+P12_PGC_SCZ__CUD+P13_FINNGEN_SCZ__CUD
13	51591091	53339621	12	P2_PGC_SCZ__ADHD+P3_FINNGEN_SCZ__ADHD+P4_PGC_SCZ__ASD+P5_FINNGEN_SCZ__ASD+P6_PGC_SCZ__OCD+P7_FINNGEN_SCZ__OCD+P8_PGC_SCZ__AN+P9_FINNGEN_SCZ__AN+P10_PGC_SCZ__AUD+P11_FINNGEN_SCZ__AUD+P12_PGC_SCZ__CUD+P13_FINNGEN_SCZ__CUD
13	53339622	54682863	12	P2_PGC_SCZ__ADHD+P3_FINNGEN_SCZ__ADHD+P4_PGC_SCZ__ASD+P5_FINNGEN_SCZ__ASD+P6_PGC_SCZ__OCD+P7_FINNGEN_SCZ__OCD+P8_PGC_SCZ__AN+P9_FINNGEN_SCZ__AN+P10_PGC_SCZ__AUD+P11_FINNGEN_SCZ__AUD+P12_PGC_SCZ__CUD+P13_FINNGEN_SCZ__CUD
13	54682864	55817130	12	P2_PGC_SCZ__ADHD+P3_FINNGEN_SCZ__ADHD+P4_PGC_SCZ__ASD+P5_FINNGEN_SCZ__ASD+P6_PGC_SCZ__OCD+P7_FINNGEN_SCZ__OCD+P8_PGC_SCZ__AN+P9_FINNGEN_SCZ__AN+P10_PGC_SCZ__AUD+P11_FINNGEN_SCZ__AUD+P12_PGC_SCZ__CUD+P13_FINNGEN_SCZ__CUD
13	55817131	57554216	12	P2_PGC_SCZ__ADHD+P3_FINNGEN_SCZ__ADHD+P4_PGC_SCZ__ASD+P5_FINNGEN_SCZ__ASD+P6_PGC_SCZ__OCD+P7_FINNGEN_SCZ__OCD+P8_PGC_SCZ__AN+P9_FINNGEN_SCZ__AN+P10_PGC_SCZ__AUD+P11_FINNGEN_SCZ__AUD+P12_PGC_SCZ__CUD+P13_FINNGEN_SCZ__CUD
13	57554217	58410625	12	P2_PGC_SCZ__ADHD+P3_FINNGEN_SCZ__ADHD+P4_PGC_SCZ__ASD+P5_FINNGEN_SCZ__ASD+P6_PGC_SCZ__OCD+P7_FINNGEN_SCZ__OCD+P8_PGC_SCZ__AN+P9_FINNGEN_SCZ__AN+P10_PGC_SCZ__AUD+P11_FINNGEN_SCZ__AUD+P12_PGC_SCZ__CUD+P13_FINNGEN_SCZ__CUD
13	58410626	59302270	12	P2_PGC_SCZ__ADHD+P3_FINNGEN_SCZ__ADHD+P4_PGC_SCZ__ASD+P5_FINNGEN_SCZ__ASD+P6_PGC_SCZ__OCD+P7_FINNGEN_SCZ__OCD+P8_PGC_SCZ__AN+P9_FINNGEN_SCZ__AN+P10_PGC_SCZ__AUD+P11_FINNGEN_SCZ__AUD+P12_PGC_SCZ__CUD+P13_FINNGEN_SCZ__CUD
13	59302271	60854777	12	P2_PGC_SCZ__ADHD+P3_FINNGEN_SCZ__ADHD+P4_PGC_SCZ__ASD+P5_FINNGEN_SCZ__ASD+P6_PGC_SCZ__OCD+P7_FINNGEN_SCZ__OCD+P8_PGC_SCZ__AN+P9_FINNGEN_SCZ__AN+P10_PGC_SCZ__AUD+P11_FINNGEN_SCZ__AUD+P12_PGC_SCZ__CUD+P13_FINNGEN_SCZ__CUD
13	60854778	61591948	12	P2_PGC_SCZ__ADHD+P3_FINNGEN_SCZ__ADHD+P4_PGC_SCZ__ASD+P5_FINNGEN_SCZ__ASD+P6_PGC_SCZ__OCD+P7_FINNGEN_SCZ__OCD+P8_PGC_SCZ__AN+P9_FINNGEN_SCZ__AN+P10_PGC_SCZ__AUD+P11_FINNGEN_SCZ__AUD+P12_PGC_SCZ__CUD+P13_FINNGEN_SCZ__CUD
13	61591949	63971558	12	P2_PGC_SCZ__ADHD+P3_FINNGEN_SCZ__ADHD+P4_PGC_SCZ__ASD+P5_FINNGEN_SCZ__ASD+P6_PGC_SCZ__OCD+P7_FINNGEN_SCZ__OCD+P8_PGC_SCZ__AN+P9_FINNGEN_SCZ__AN+P10_PGC_SCZ__AUD+P11_FINNGEN_SCZ__AUD+P12_PGC_SCZ__CUD+P13_FINNGEN_SCZ__CUD
13	63971559	65200601	12	P2_PGC_SCZ__ADHD+P3_FINNGEN_SCZ__ADHD+P4_PGC_SCZ__ASD+P5_FINNGEN_SCZ__ASD+P6_PGC_SCZ__OCD+P7_FINNGEN_SCZ__OCD+P8_PGC_SCZ__AN+P9_FINNGEN_SCZ__AN+P10_PGC_SCZ__AUD+P11_FINNGEN_SCZ__AUD+P12_PGC_SCZ__CUD+P13_FINNGEN_SCZ__CUD
13	65200602	67844452	12	P2_PGC_SCZ__ADHD+P3_FINNGEN_SCZ__ADHD+P4_PGC_SCZ__ASD+P5_FINNGEN_SCZ__ASD+P6_PGC_SCZ__OCD+P7_FINNGEN_SCZ__OCD+P8_PGC_SCZ__AN+P9_FINNGEN_SCZ__AN+P10_PGC_SCZ__AUD+P11_FINNGEN_SCZ__AUD+P12_PGC_SCZ__CUD+P13_FINNGEN_SCZ__CUD
13	67844453	70724515	12	P2_PGC_SCZ__ADHD+P3_FINNGEN_SCZ__ADHD+P4_PGC_SCZ__ASD+P5_FINNGEN_SCZ__ASD+P6_PGC_SCZ__OCD+P7_FINNGEN_SCZ__OCD+P8_PGC_SCZ__AN+P9_FINNGEN_SCZ__AN+P10_PGC_SCZ__AUD+P11_FINNGEN_SCZ__AUD+P12_PGC_SCZ__CUD+P13_FINNGEN_SCZ__CUD
13	70724516	71526790	12	P2_PGC_SCZ__ADHD+P3_FINNGEN_SCZ__ADHD+P4_PGC_SCZ__ASD+P5_FINNGEN_SCZ__ASD+P6_PGC_SCZ__OCD+P7_FINNGEN_SCZ__OCD+P8_PGC_SCZ__AN+P9_FINNGEN_SCZ__AN+P10_PGC_SCZ__AUD+P11_FINNGEN_SCZ__AUD+P12_PGC_SCZ__CUD+P13_FINNGEN_SCZ__CUD
13	71526791	73934088	12	P2_PGC_SCZ__ADHD+P3_FINNGEN_SCZ__ADHD+P4_PGC_SCZ__ASD+P5_FINNGEN_SCZ__ASD+P6_PGC_SCZ__OCD+P7_FINNGEN_SCZ__OCD+P8_PGC_SCZ__AN+P9_FINNGEN_SCZ__AN+P10_PGC_SCZ__AUD+P11_FINNGEN_SCZ__AUD+P12_PGC_SCZ__CUD+P13_FINNGEN_SCZ__CUD
13	73934089	75670142	12	P2_PGC_SCZ__ADHD+P3_FINNGEN_SCZ__ADHD+P4_PGC_SCZ__ASD+P5_FINNGEN_SCZ__ASD+P6_PGC_SCZ__OCD+P7_FINNGEN_SCZ__OCD+P8_PGC_SCZ__AN+P9_FINNGEN_SCZ__AN+P10_PGC_SCZ__AUD+P11_FINNGEN_SCZ__AUD+P12_PGC_SCZ__CUD+P13_FINNGEN_SCZ__CUD
13	75670143	77410554	12	P2_PGC_SCZ__ADHD+P3_FINNGEN_SCZ__ADHD+P4_PGC_SCZ__ASD+P5_FINNGEN_SCZ__ASD+P6_PGC_SCZ__OCD+P7_FINNGEN_SCZ__OCD+P8_PGC_SCZ__AN+P9_FINNGEN_SCZ__AN+P10_PGC_SCZ__AUD+P11_FINNGEN_SCZ__AUD+P12_PGC_SCZ__CUD+P13_FINNGEN_SCZ__CUD
13	77410555	78808812	12	P2_PGC_SCZ__ADHD+P3_FINNGEN_SCZ__ADHD+P4_PGC_SCZ__ASD+P5_FINNGEN_SCZ__ASD+P6_PGC_SCZ__OCD+P7_FINNGEN_SCZ__OCD+P8_PGC_SCZ__AN+P9_FINNGEN_SCZ__AN+P10_PGC_SCZ__AUD+P11_FINNGEN_SCZ__AUD+P12_PGC_SCZ__CUD+P13_FINNGEN_SCZ__CUD
13	78808813	80585675	12	P2_PGC_SCZ__ADHD+P3_FINNGEN_SCZ__ADHD+P4_PGC_SCZ__ASD+P5_FINNGEN_SCZ__ASD+P6_PGC_SCZ__OCD+P7_FINNGEN_SCZ__OCD+P8_PGC_SCZ__AN+P9_FINNGEN_SCZ__AN+P10_PGC_SCZ__AUD+P11_FINNGEN_SCZ__AUD+P12_PGC_SCZ__CUD+P13_FINNGEN_SCZ__CUD
13	80585676	82581813	12	P2_PGC_SCZ__ADHD+P3_FINNGEN_SCZ__ADHD+P4_PGC_SCZ__ASD+P5_FINNGEN_SCZ__ASD+P6_PGC_SCZ__OCD+P7_FINNGEN_SCZ__OCD+P8_PGC_SCZ__AN+P9_FINNGEN_SCZ__AN+P10_PGC_SCZ__AUD+P11_FINNGEN_SCZ__AUD+P12_PGC_SCZ__CUD+P13_FINNGEN_SCZ__CUD
13	82581814	84133143	12	P2_PGC_SCZ__ADHD+P3_FINNGEN_SCZ__ADHD+P4_PGC_SCZ__ASD+P5_FINNGEN_SCZ__ASD+P6_PGC_SCZ__OCD+P7_FINNGEN_SCZ__OCD+P8_PGC_SCZ__AN+P9_FINNGEN_SCZ__AN+P10_PGC_SCZ__AUD+P11_FINNGEN_SCZ__AUD+P12_PGC_SCZ__CUD+P13_FINNGEN_SCZ__CUD
13	84133144	85610915	12	P2_PGC_SCZ__ADHD+P3_FINNGEN_SCZ__ADHD+P4_PGC_SCZ__ASD+P5_FINNGEN_SCZ__ASD+P6_PGC_SCZ__OCD+P7_FINNGEN_SCZ__OCD+P8_PGC_SCZ__AN+P9_FINNGEN_SCZ__AN+P10_PGC_SCZ__AUD+P11_FINNGEN_SCZ__AUD+P12_PGC_SCZ__CUD+P13_FINNGEN_SCZ__CUD
13	85610916	88559881	12	P2_PGC_SCZ__ADHD+P3_FINNGEN_SCZ__ADHD+P4_PGC_SCZ__ASD+P5_FINNGEN_SCZ__ASD+P6_PGC_SCZ__OCD+P7_FINNGEN_SCZ__OCD+P8_PGC_SCZ__AN+P9_FINNGEN_SCZ__AN+P10_PGC_SCZ__AUD+P11_FINNGEN_SCZ__AUD+P12_PGC_SCZ__CUD+P13_FINNGEN_SCZ__CUD
13	88559882	90521310	12	P2_PGC_SCZ__ADHD+P3_FINNGEN_SCZ__ADHD+P4_PGC_SCZ__ASD+P5_FINNGEN_SCZ__ASD+P6_PGC_SCZ__OCD+P7_FINNGEN_SCZ__OCD+P8_PGC_SCZ__AN+P9_FINNGEN_SCZ__AN+P10_PGC_SCZ__AUD+P11_FINNGEN_SCZ__AUD+P12_PGC_SCZ__CUD+P13_FINNGEN_SCZ__CUD
13	90521311	93129690	12	P2_PGC_SCZ__ADHD+P3_FINNGEN_SCZ__ADHD+P4_PGC_SCZ__ASD+P5_FINNGEN_SCZ__ASD+P6_PGC_SCZ__OCD+P7_FINNGEN_SCZ__OCD+P8_PGC_SCZ__AN+P9_FINNGEN_SCZ__AN+P10_PGC_SCZ__AUD+P11_FINNGEN_SCZ__AUD+P12_PGC_SCZ__CUD+P13_FINNGEN_SCZ__CUD
13	93129691	93586454	10	P2_PGC_SCZ__ADHD+P3_FINNGEN_SCZ__ADHD+P4_PGC_SCZ__ASD+P5_FINNGEN_SCZ__ASD+P6_PGC_SCZ__OCD+P7_FINNGEN_SCZ__OCD+P10_PGC_SCZ__AUD+P11_FINNGEN_SCZ__AUD+P12_PGC_SCZ__CUD+P13_FINNGEN_SCZ__CUD
13	93586455	96087557	12	P2_PGC_SCZ__ADHD+P3_FINNGEN_SCZ__ADHD+P4_PGC_SCZ__ASD+P5_FINNGEN_SCZ__ASD+P6_PGC_SCZ__OCD+P7_FINNGEN_SCZ__OCD+P8_PGC_SCZ__AN+P9_FINNGEN_SCZ__AN+P10_PGC_SCZ__AUD+P11_FINNGEN_SCZ__AUD+P12_PGC_SCZ__CUD+P13_FINNGEN_SCZ__CUD
13	96087558	97519209	12	P2_PGC_SCZ__ADHD+P3_FINNGEN_SCZ__ADHD+P4_PGC_SCZ__ASD+P5_FINNGEN_SCZ__ASD+P6_PGC_SCZ__OCD+P7_FINNGEN_SCZ__OCD+P8_PGC_SCZ__AN+P9_FINNGEN_SCZ__AN+P10_PGC_SCZ__AUD+P11_FINNGEN_SCZ__AUD+P12_PGC_SCZ__CUD+P13_FINNGEN_SCZ__CUD
13	97519210	98938918	12	P2_PGC_SCZ__ADHD+P3_FINNGEN_SCZ__ADHD+P4_PGC_SCZ__ASD+P5_FINNGEN_SCZ__ASD+P6_PGC_SCZ__OCD+P7_FINNGEN_SCZ__OCD+P8_PGC_SCZ__AN+P9_FINNGEN_SCZ__AN+P10_PGC_SCZ__AUD+P11_FINNGEN_SCZ__AUD+P12_PGC_SCZ__CUD+P13_FINNGEN_SCZ__CUD
13	98938919	100574094	12	P2_PGC_SCZ__ADHD+P3_FINNGEN_SCZ__ADHD+P4_PGC_SCZ__ASD+P5_FINNGEN_SCZ__ASD+P6_PGC_SCZ__OCD+P7_FINNGEN_SCZ__OCD+P8_PGC_SCZ__AN+P9_FINNGEN_SCZ__AN+P10_PGC_SCZ__AUD+P11_FINNGEN_SCZ__AUD+P12_PGC_SCZ__CUD+P13_FINNGEN_SCZ__CUD
13	100574095	102300522	12	P2_PGC_SCZ__ADHD+P3_FINNGEN_SCZ__ADHD+P4_PGC_SCZ__ASD+P5_FINNGEN_SCZ__ASD+P6_PGC_SCZ__OCD+P7_FINNGEN_SCZ__OCD+P8_PGC_SCZ__AN+P9_FINNGEN_SCZ__AN+P10_PGC_SCZ__AUD+P11_FINNGEN_SCZ__AUD+P12_PGC_SCZ__CUD+P13_FINNGEN_SCZ__CUD
13	102300523	104066709	12	P2_PGC_SCZ__ADHD+P3_FINNGEN_SCZ__ADHD+P4_PGC_SCZ__ASD+P5_FINNGEN_SCZ__ASD+P6_PGC_SCZ__OCD+P7_FINNGEN_SCZ__OCD+P8_PGC_SCZ__AN+P9_FINNGEN_SCZ__AN+P10_PGC_SCZ__AUD+P11_FINNGEN_SCZ__AUD+P12_PGC_SCZ__CUD+P13_FINNGEN_SCZ__CUD
13	104066710	104844113	12	P2_PGC_SCZ__ADHD+P3_FINNGEN_SCZ__ADHD+P4_PGC_SCZ__ASD+P5_FINNGEN_SCZ__ASD+P6_PGC_SCZ__OCD+P7_FINNGEN_SCZ__OCD+P8_PGC_SCZ__AN+P9_FINNGEN_SCZ__AN+P10_PGC_SCZ__AUD+P11_FINNGEN_SCZ__AUD+P12_PGC_SCZ__CUD+P13_FINNGEN_SCZ__CUD
13	104844114	106247553	12	P2_PGC_SCZ__ADHD+P3_FINNGEN_SCZ__ADHD+P4_PGC_SCZ__ASD+P5_FINNGEN_SCZ__ASD+P6_PGC_SCZ__OCD+P7_FINNGEN_SCZ__OCD+P8_PGC_SCZ__AN+P9_FINNGEN_SCZ__AN+P10_PGC_SCZ__AUD+P11_FINNGEN_SCZ__AUD+P12_PGC_SCZ__CUD+P13_FINNGEN_SCZ__CUD
13	106247554	106749999	12	P2_PGC_SCZ__ADHD+P3_FINNGEN_SCZ__ADHD+P4_PGC_SCZ__ASD+P5_FINNGEN_SCZ__ASD+P6_PGC_SCZ__OCD+P7_FINNGEN_SCZ__OCD+P8_PGC_SCZ__AN+P9_FINNGEN_SCZ__AN+P10_PGC_SCZ__AUD+P11_FINNGEN_SCZ__AUD+P12_PGC_SCZ__CUD+P13_FINNGEN_SCZ__CUD
13	106750000	108189876	12	P2_PGC_SCZ__ADHD+P3_FINNGEN_SCZ__ADHD+P4_PGC_SCZ__ASD+P5_FINNGEN_SCZ__ASD+P6_PGC_SCZ__OCD+P7_FINNGEN_SCZ__OCD+P8_PGC_SCZ__AN+P9_FINNGEN_SCZ__AN+P10_PGC_SCZ__AUD+P11_FINNGEN_SCZ__AUD+P12_PGC_SCZ__CUD+P13_FINNGEN_SCZ__CUD
13	108189877	109121209	12	P2_PGC_SCZ__ADHD+P3_FINNGEN_SCZ__ADHD+P4_PGC_SCZ__ASD+P5_FINNGEN_SCZ__ASD+P6_PGC_SCZ__OCD+P7_FINNGEN_SCZ__OCD+P8_PGC_SCZ__AN+P9_FINNGEN_SCZ__AN+P10_PGC_SCZ__AUD+P11_FINNGEN_SCZ__AUD+P12_PGC_SCZ__CUD+P13_FINNGEN_SCZ__CUD
13	109121210	109815111	12	P2_PGC_SCZ__ADHD+P3_FINNGEN_SCZ__ADHD+P4_PGC_SCZ__ASD+P5_FINNGEN_SCZ__ASD+P6_PGC_SCZ__OCD+P7_FINNGEN_SCZ__OCD+P8_PGC_SCZ__AN+P9_FINNGEN_SCZ__AN+P10_PGC_SCZ__AUD+P11_FINNGEN_SCZ__AUD+P12_PGC_SCZ__CUD+P13_FINNGEN_SCZ__CUD
13	109815112	111232072	12	P2_PGC_SCZ__ADHD+P3_FINNGEN_SCZ__ADHD+P4_PGC_SCZ__ASD+P5_FINNGEN_SCZ__ASD+P6_PGC_SCZ__OCD+P7_FINNGEN_SCZ__OCD+P8_PGC_SCZ__AN+P9_FINNGEN_SCZ__AN+P10_PGC_SCZ__AUD+P11_FINNGEN_SCZ__AUD+P12_PGC_SCZ__CUD+P13_FINNGEN_SCZ__CUD
13	111232073	112247591	12	P2_PGC_SCZ__ADHD+P3_FINNGEN_SCZ__ADHD+P4_PGC_SCZ__ASD+P5_FINNGEN_SCZ__ASD+P6_PGC_SCZ__OCD+P7_FINNGEN_SCZ__OCD+P8_PGC_SCZ__AN+P9_FINNGEN_SCZ__AN+P10_PGC_SCZ__AUD+P11_FINNGEN_SCZ__AUD+P12_PGC_SCZ__CUD+P13_FINNGEN_SCZ__CUD
13	112247592	113572487	12	P2_PGC_SCZ__ADHD+P3_FINNGEN_SCZ__ADHD+P4_PGC_SCZ__ASD+P5_FINNGEN_SCZ__ASD+P6_PGC_SCZ__OCD+P7_FINNGEN_SCZ__OCD+P8_PGC_SCZ__AN+P9_FINNGEN_SCZ__AN+P10_PGC_SCZ__AUD+P11_FINNGEN_SCZ__AUD+P12_PGC_SCZ__CUD+P13_FINNGEN_SCZ__CUD
13	113572488	115109852	12	P2_PGC_SCZ__ADHD+P3_FINNGEN_SCZ__ADHD+P4_PGC_SCZ__ASD+P5_FINNGEN_SCZ__ASD+P6_PGC_SCZ__OCD+P7_FINNGEN_SCZ__OCD+P8_PGC_SCZ__AN+P9_FINNGEN_SCZ__AN+P10_PGC_SCZ__AUD+P11_FINNGEN_SCZ__AUD+P12_PGC_SCZ__CUD+P13_FINNGEN_SCZ__CUD
14	19002084	21589401	12	P2_PGC_SCZ__ADHD+P3_FINNGEN_SCZ__ADHD+P4_PGC_SCZ__ASD+P5_FINNGEN_SCZ__ASD+P6_PGC_SCZ__OCD+P7_FINNGEN_SCZ__OCD+P8_PGC_SCZ__AN+P9_FINNGEN_SCZ__AN+P10_PGC_SCZ__AUD+P11_FINNGEN_SCZ__AUD+P12_PGC_SCZ__CUD+P13_FINNGEN_SCZ__CUD
14	21589402	23018664	12	P2_PGC_SCZ__ADHD+P3_FINNGEN_SCZ__ADHD+P4_PGC_SCZ__ASD+P5_FINNGEN_SCZ__ASD+P6_PGC_SCZ__OCD+P7_FINNGEN_SCZ__OCD+P8_PGC_SCZ__AN+P9_FINNGEN_SCZ__AN+P10_PGC_SCZ__AUD+P11_FINNGEN_SCZ__AUD+P12_PGC_SCZ__CUD+P13_FINNGEN_SCZ__CUD
14	23018665	24905122	12	P2_PGC_SCZ__ADHD+P3_FINNGEN_SCZ__ADHD+P4_PGC_SCZ__ASD+P5_FINNGEN_SCZ__ASD+P6_PGC_SCZ__OCD+P7_FINNGEN_SCZ__OCD+P8_PGC_SCZ__AN+P9_FINNGEN_SCZ__AN+P10_PGC_SCZ__AUD+P11_FINNGEN_SCZ__AUD+P12_PGC_SCZ__CUD+P13_FINNGEN_SCZ__CUD
14	24905123	26135685	12	P2_PGC_SCZ__ADHD+P3_FINNGEN_SCZ__ADHD+P4_PGC_SCZ__ASD+P5_FINNGEN_SCZ__ASD+P6_PGC_SCZ__OCD+P7_FINNGEN_SCZ__OCD+P8_PGC_SCZ__AN+P9_FINNGEN_SCZ__AN+P10_PGC_SCZ__AUD+P11_FINNGEN_SCZ__AUD+P12_PGC_SCZ__CUD+P13_FINNGEN_SCZ__CUD
14	26135686	28466532	12	P2_PGC_SCZ__ADHD+P3_FINNGEN_SCZ__ADHD+P4_PGC_SCZ__ASD+P5_FINNGEN_SCZ__ASD+P6_PGC_SCZ__OCD+P7_FINNGEN_SCZ__OCD+P8_PGC_SCZ__AN+P9_FINNGEN_SCZ__AN+P10_PGC_SCZ__AUD+P11_FINNGEN_SCZ__AUD+P12_PGC_SCZ__CUD+P13_FINNGEN_SCZ__CUD
14	28466533	29972144	12	P2_PGC_SCZ__ADHD+P3_FINNGEN_SCZ__ADHD+P4_PGC_SCZ__ASD+P5_FINNGEN_SCZ__ASD+P6_PGC_SCZ__OCD+P7_FINNGEN_SCZ__OCD+P8_PGC_SCZ__AN+P9_FINNGEN_SCZ__AN+P10_PGC_SCZ__AUD+P11_FINNGEN_SCZ__AUD+P12_PGC_SCZ__CUD+P13_FINNGEN_SCZ__CUD
14	29972145	32383264	12	P2_PGC_SCZ__ADHD+P3_FINNGEN_SCZ__ADHD+P4_PGC_SCZ__ASD+P5_FINNGEN_SCZ__ASD+P6_PGC_SCZ__OCD+P7_FINNGEN_SCZ__OCD+P8_PGC_SCZ__AN+P9_FINNGEN_SCZ__AN+P10_PGC_SCZ__AUD+P11_FINNGEN_SCZ__AUD+P12_PGC_SCZ__CUD+P13_FINNGEN_SCZ__CUD
14	32383265	34846250	12	P2_PGC_SCZ__ADHD+P3_FINNGEN_SCZ__ADHD+P4_PGC_SCZ__ASD+P5_FINNGEN_SCZ__ASD+P6_PGC_SCZ__OCD+P7_FINNGEN_SCZ__OCD+P8_PGC_SCZ__AN+P9_FINNGEN_SCZ__AN+P10_PGC_SCZ__AUD+P11_FINNGEN_SCZ__AUD+P12_PGC_SCZ__CUD+P13_FINNGEN_SCZ__CUD
14	34846251	35859592	12	P2_PGC_SCZ__ADHD+P3_FINNGEN_SCZ__ADHD+P4_PGC_SCZ__ASD+P5_FINNGEN_SCZ__ASD+P6_PGC_SCZ__OCD+P7_FINNGEN_SCZ__OCD+P8_PGC_SCZ__AN+P9_FINNGEN_SCZ__AN+P10_PGC_SCZ__AUD+P11_FINNGEN_SCZ__AUD+P12_PGC_SCZ__CUD+P13_FINNGEN_SCZ__CUD
14	35859593	38667724	12	P2_PGC_SCZ__ADHD+P3_FINNGEN_SCZ__ADHD+P4_PGC_SCZ__ASD+P5_FINNGEN_SCZ__ASD+P6_PGC_SCZ__OCD+P7_FINNGEN_SCZ__OCD+P8_PGC_SCZ__AN+P9_FINNGEN_SCZ__AN+P10_PGC_SCZ__AUD+P11_FINNGEN_SCZ__AUD+P12_PGC_SCZ__CUD+P13_FINNGEN_SCZ__CUD
14	38667725	40341989	12	P2_PGC_SCZ__ADHD+P3_FINNGEN_SCZ__ADHD+P4_PGC_SCZ__ASD+P5_FINNGEN_SCZ__ASD+P6_PGC_SCZ__OCD+P7_FINNGEN_SCZ__OCD+P8_PGC_SCZ__AN+P9_FINNGEN_SCZ__AN+P10_PGC_SCZ__AUD+P11_FINNGEN_SCZ__AUD+P12_PGC_SCZ__CUD+P13_FINNGEN_SCZ__CUD
14	40341990	41615501	12	P2_PGC_SCZ__ADHD+P3_FINNGEN_SCZ__ADHD+P4_PGC_SCZ__ASD+P5_FINNGEN_SCZ__ASD+P6_PGC_SCZ__OCD+P7_FINNGEN_SCZ__OCD+P8_PGC_SCZ__AN+P9_FINNGEN_SCZ__AN+P10_PGC_SCZ__AUD+P11_FINNGEN_SCZ__AUD+P12_PGC_SCZ__CUD+P13_FINNGEN_SCZ__CUD
14	41615502	43137388	12	P2_PGC_SCZ__ADHD+P3_FINNGEN_SCZ__ADHD+P4_PGC_SCZ__ASD+P5_FINNGEN_SCZ__ASD+P6_PGC_SCZ__OCD+P7_FINNGEN_SCZ__OCD+P8_PGC_SCZ__AN+P9_FINNGEN_SCZ__AN+P10_PGC_SCZ__AUD+P11_FINNGEN_SCZ__AUD+P12_PGC_SCZ__CUD+P13_FINNGEN_SCZ__CUD
14	43137389	44543226	12	P2_PGC_SCZ__ADHD+P3_FINNGEN_SCZ__ADHD+P4_PGC_SCZ__ASD+P5_FINNGEN_SCZ__ASD+P6_PGC_SCZ__OCD+P7_FINNGEN_SCZ__OCD+P8_PGC_SCZ__AN+P9_FINNGEN_SCZ__AN+P10_PGC_SCZ__AUD+P11_FINNGEN_SCZ__AUD+P12_PGC_SCZ__CUD+P13_FINNGEN_SCZ__CUD
14	44543227	46081895	12	P2_PGC_SCZ__ADHD+P3_FINNGEN_SCZ__ADHD+P4_PGC_SCZ__ASD+P5_FINNGEN_SCZ__ASD+P6_PGC_SCZ__OCD+P7_FINNGEN_SCZ__OCD+P8_PGC_SCZ__AN+P9_FINNGEN_SCZ__AN+P10_PGC_SCZ__AUD+P11_FINNGEN_SCZ__AUD+P12_PGC_SCZ__CUD+P13_FINNGEN_SCZ__CUD
14	46081896	46749129	12	P2_PGC_SCZ__ADHD+P3_FINNGEN_SCZ__ADHD+P4_PGC_SCZ__ASD+P5_FINNGEN_SCZ__ASD+P6_PGC_SCZ__OCD+P7_FINNGEN_SCZ__OCD+P8_PGC_SCZ__AN+P9_FINNGEN_SCZ__AN+P10_PGC_SCZ__AUD+P11_FINNGEN_SCZ__AUD+P12_PGC_SCZ__CUD+P13_FINNGEN_SCZ__CUD
14	46749130	48573585	12	P2_PGC_SCZ__ADHD+P3_FINNGEN_SCZ__ADHD+P4_PGC_SCZ__ASD+P5_FINNGEN_SCZ__ASD+P6_PGC_SCZ__OCD+P7_FINNGEN_SCZ__OCD+P8_PGC_SCZ__AN+P9_FINNGEN_SCZ__AN+P10_PGC_SCZ__AUD+P11_FINNGEN_SCZ__AUD+P12_PGC_SCZ__CUD+P13_FINNGEN_SCZ__CUD
14	48573586	49005470	2	P2_PGC_SCZ__ADHD+P3_FINNGEN_SCZ__ADHD
14	49005471	50507759	12	P2_PGC_SCZ__ADHD+P3_FINNGEN_SCZ__ADHD+P4_PGC_SCZ__ASD+P5_FINNGEN_SCZ__ASD+P6_PGC_SCZ__OCD+P7_FINNGEN_SCZ__OCD+P8_PGC_SCZ__AN+P9_FINNGEN_SCZ__AN+P10_PGC_SCZ__AUD+P11_FINNGEN_SCZ__AUD+P12_PGC_SCZ__CUD+P13_FINNGEN_SCZ__CUD
14	50507760	51493571	12	P2_PGC_SCZ__ADHD+P3_FINNGEN_SCZ__ADHD+P4_PGC_SCZ__ASD+P5_FINNGEN_SCZ__ASD+P6_PGC_SCZ__OCD+P7_FINNGEN_SCZ__OCD+P8_PGC_SCZ__AN+P9_FINNGEN_SCZ__AN+P10_PGC_SCZ__AUD+P11_FINNGEN_SCZ__AUD+P12_PGC_SCZ__CUD+P13_FINNGEN_SCZ__CUD
14	51493572	53474382	12	P2_PGC_SCZ__ADHD+P3_FINNGEN_SCZ__ADHD+P4_PGC_SCZ__ASD+P5_FINNGEN_SCZ__ASD+P6_PGC_SCZ__OCD+P7_FINNGEN_SCZ__OCD+P8_PGC_SCZ__AN+P9_FINNGEN_SCZ__AN+P10_PGC_SCZ__AUD+P11_FINNGEN_SCZ__AUD+P12_PGC_SCZ__CUD+P13_FINNGEN_SCZ__CUD
14	53474383	53997830	12	P2_PGC_SCZ__ADHD+P3_FINNGEN_SCZ__ADHD+P4_PGC_SCZ__ASD+P5_FINNGEN_SCZ__ASD+P6_PGC_SCZ__OCD+P7_FINNGEN_SCZ__OCD+P8_PGC_SCZ__AN+P9_FINNGEN_SCZ__AN+P10_PGC_SCZ__AUD+P11_FINNGEN_SCZ__AUD+P12_PGC_SCZ__CUD+P13_FINNGEN_SCZ__CUD
14	53997831	55233680	12	P2_PGC_SCZ__ADHD+P3_FINNGEN_SCZ__ADHD+P4_PGC_SCZ__ASD+P5_FINNGEN_SCZ__ASD+P6_PGC_SCZ__OCD+P7_FINNGEN_SCZ__OCD+P8_PGC_SCZ__AN+P9_FINNGEN_SCZ__AN+P10_PGC_SCZ__AUD+P11_FINNGEN_SCZ__AUD+P12_PGC_SCZ__CUD+P13_FINNGEN_SCZ__CUD
14	55233681	56216879	12	P2_PGC_SCZ__ADHD+P3_FINNGEN_SCZ__ADHD+P4_PGC_SCZ__ASD+P5_FINNGEN_SCZ__ASD+P6_PGC_SCZ__OCD+P7_FINNGEN_SCZ__OCD+P8_PGC_SCZ__AN+P9_FINNGEN_SCZ__AN+P10_PGC_SCZ__AUD+P11_FINNGEN_SCZ__AUD+P12_PGC_SCZ__CUD+P13_FINNGEN_SCZ__CUD
14	56216880	57481261	12	P2_PGC_SCZ__ADHD+P3_FINNGEN_SCZ__ADHD+P4_PGC_SCZ__ASD+P5_FINNGEN_SCZ__ASD+P6_PGC_SCZ__OCD+P7_FINNGEN_SCZ__OCD+P8_PGC_SCZ__AN+P9_FINNGEN_SCZ__AN+P10_PGC_SCZ__AUD+P11_FINNGEN_SCZ__AUD+P12_PGC_SCZ__CUD+P13_FINNGEN_SCZ__CUD
14	57481262	59448335	12	P2_PGC_SCZ__ADHD+P3_FINNGEN_SCZ__ADHD+P4_PGC_SCZ__ASD+P5_FINNGEN_SCZ__ASD+P6_PGC_SCZ__OCD+P7_FINNGEN_SCZ__OCD+P8_PGC_SCZ__AN+P9_FINNGEN_SCZ__AN+P10_PGC_SCZ__AUD+P11_FINNGEN_SCZ__AUD+P12_PGC_SCZ__CUD+P13_FINNGEN_SCZ__CUD
14	59448336	61680423	12	P2_PGC_SCZ__ADHD+P3_FINNGEN_SCZ__ADHD+P4_PGC_SCZ__ASD+P5_FINNGEN_SCZ__ASD+P6_PGC_SCZ__OCD+P7_FINNGEN_SCZ__OCD+P8_PGC_SCZ__AN+P9_FINNGEN_SCZ__AN+P10_PGC_SCZ__AUD+P11_FINNGEN_SCZ__AUD+P12_PGC_SCZ__CUD+P13_FINNGEN_SCZ__CUD
14	61680424	63790014	12	P2_PGC_SCZ__ADHD+P3_FINNGEN_SCZ__ADHD+P4_PGC_SCZ__ASD+P5_FINNGEN_SCZ__ASD+P6_PGC_SCZ__OCD+P7_FINNGEN_SCZ__OCD+P8_PGC_SCZ__AN+P9_FINNGEN_SCZ__AN+P10_PGC_SCZ__AUD+P11_FINNGEN_SCZ__AUD+P12_PGC_SCZ__CUD+P13_FINNGEN_SCZ__CUD
14	63790015	65220297	12	P2_PGC_SCZ__ADHD+P3_FINNGEN_SCZ__ADHD+P4_PGC_SCZ__ASD+P5_FINNGEN_SCZ__ASD+P6_PGC_SCZ__OCD+P7_FINNGEN_SCZ__OCD+P8_PGC_SCZ__AN+P9_FINNGEN_SCZ__AN+P10_PGC_SCZ__AUD+P11_FINNGEN_SCZ__AUD+P12_PGC_SCZ__CUD+P13_FINNGEN_SCZ__CUD
14	65220298	66399554	12	P2_PGC_SCZ__ADHD+P3_FINNGEN_SCZ__ADHD+P4_PGC_SCZ__ASD+P5_FINNGEN_SCZ__ASD+P6_PGC_SCZ__OCD+P7_FINNGEN_SCZ__OCD+P8_PGC_SCZ__AN+P9_FINNGEN_SCZ__AN+P10_PGC_SCZ__AUD+P11_FINNGEN_SCZ__AUD+P12_PGC_SCZ__CUD+P13_FINNGEN_SCZ__CUD
14	66399555	67992316	12	P2_PGC_SCZ__ADHD+P3_FINNGEN_SCZ__ADHD+P4_PGC_SCZ__ASD+P5_FINNGEN_SCZ__ASD+P6_PGC_SCZ__OCD+P7_FINNGEN_SCZ__OCD+P8_PGC_SCZ__AN+P9_FINNGEN_SCZ__AN+P10_PGC_SCZ__AUD+P11_FINNGEN_SCZ__AUD+P12_PGC_SCZ__CUD+P13_FINNGEN_SCZ__CUD
14	67992317	71131956	12	P2_PGC_SCZ__ADHD+P3_FINNGEN_SCZ__ADHD+P4_PGC_SCZ__ASD+P5_FINNGEN_SCZ__ASD+P6_PGC_SCZ__OCD+P7_FINNGEN_SCZ__OCD+P8_PGC_SCZ__AN+P9_FINNGEN_SCZ__AN+P10_PGC_SCZ__AUD+P11_FINNGEN_SCZ__AUD+P12_PGC_SCZ__CUD+P13_FINNGEN_SCZ__CUD
14	71131957	72889614	12	P2_PGC_SCZ__ADHD+P3_FINNGEN_SCZ__ADHD+P4_PGC_SCZ__ASD+P5_FINNGEN_SCZ__ASD+P6_PGC_SCZ__OCD+P7_FINNGEN_SCZ__OCD+P8_PGC_SCZ__AN+P9_FINNGEN_SCZ__AN+P10_PGC_SCZ__AUD+P11_FINNGEN_SCZ__AUD+P12_PGC_SCZ__CUD+P13_FINNGEN_SCZ__CUD
14	72889615	76444766	12	P2_PGC_SCZ__ADHD+P3_FINNGEN_SCZ__ADHD+P4_PGC_SCZ__ASD+P5_FINNGEN_SCZ__ASD+P6_PGC_SCZ__OCD+P7_FINNGEN_SCZ__OCD+P8_PGC_SCZ__AN+P9_FINNGEN_SCZ__AN+P10_PGC_SCZ__AUD+P11_FINNGEN_SCZ__AUD+P12_PGC_SCZ__CUD+P13_FINNGEN_SCZ__CUD
14	76444767	77229471	12	P2_PGC_SCZ__ADHD+P3_FINNGEN_SCZ__ADHD+P4_PGC_SCZ__ASD+P5_FINNGEN_SCZ__ASD+P6_PGC_SCZ__OCD+P7_FINNGEN_SCZ__OCD+P8_PGC_SCZ__AN+P9_FINNGEN_SCZ__AN+P10_PGC_SCZ__AUD+P11_FINNGEN_SCZ__AUD+P12_PGC_SCZ__CUD+P13_FINNGEN_SCZ__CUD
14	77229472	78561944	12	P2_PGC_SCZ__ADHD+P3_FINNGEN_SCZ__ADHD+P4_PGC_SCZ__ASD+P5_FINNGEN_SCZ__ASD+P6_PGC_SCZ__OCD+P7_FINNGEN_SCZ__OCD+P8_PGC_SCZ__AN+P9_FINNGEN_SCZ__AN+P10_PGC_SCZ__AUD+P11_FINNGEN_SCZ__AUD+P12_PGC_SCZ__CUD+P13_FINNGEN_SCZ__CUD
14	78561945	80186578	12	P2_PGC_SCZ__ADHD+P3_FINNGEN_SCZ__ADHD+P4_PGC_SCZ__ASD+P5_FINNGEN_SCZ__ASD+P6_PGC_SCZ__OCD+P7_FINNGEN_SCZ__OCD+P8_PGC_SCZ__AN+P9_FINNGEN_SCZ__AN+P10_PGC_SCZ__AUD+P11_FINNGEN_SCZ__AUD+P12_PGC_SCZ__CUD+P13_FINNGEN_SCZ__CUD
14	80186579	81579713	12	P2_PGC_SCZ__ADHD+P3_FINNGEN_SCZ__ADHD+P4_PGC_SCZ__ASD+P5_FINNGEN_SCZ__ASD+P6_PGC_SCZ__OCD+P7_FINNGEN_SCZ__OCD+P8_PGC_SCZ__AN+P9_FINNGEN_SCZ__AN+P10_PGC_SCZ__AUD+P11_FINNGEN_SCZ__AUD+P12_PGC_SCZ__CUD+P13_FINNGEN_SCZ__CUD
14	81579714	83138096	12	P2_PGC_SCZ__ADHD+P3_FINNGEN_SCZ__ADHD+P4_PGC_SCZ__ASD+P5_FINNGEN_SCZ__ASD+P6_PGC_SCZ__OCD+P7_FINNGEN_SCZ__OCD+P8_PGC_SCZ__AN+P9_FINNGEN_SCZ__AN+P10_PGC_SCZ__AUD+P11_FINNGEN_SCZ__AUD+P12_PGC_SCZ__CUD+P13_FINNGEN_SCZ__CUD
14	83138097	84241632	12	P2_PGC_SCZ__ADHD+P3_FINNGEN_SCZ__ADHD+P4_PGC_SCZ__ASD+P5_FINNGEN_SCZ__ASD+P6_PGC_SCZ__OCD+P7_FINNGEN_SCZ__OCD+P8_PGC_SCZ__AN+P9_FINNGEN_SCZ__AN+P10_PGC_SCZ__AUD+P11_FINNGEN_SCZ__AUD+P12_PGC_SCZ__CUD+P13_FINNGEN_SCZ__CUD
14	84241633	85746318	12	P2_PGC_SCZ__ADHD+P3_FINNGEN_SCZ__ADHD+P4_PGC_SCZ__ASD+P5_FINNGEN_SCZ__ASD+P6_PGC_SCZ__OCD+P7_FINNGEN_SCZ__OCD+P8_PGC_SCZ__AN+P9_FINNGEN_SCZ__AN+P10_PGC_SCZ__AUD+P11_FINNGEN_SCZ__AUD+P12_PGC_SCZ__CUD+P13_FINNGEN_SCZ__CUD
14	85746319	86647001	12	P2_PGC_SCZ__ADHD+P3_FINNGEN_SCZ__ADHD+P4_PGC_SCZ__ASD+P5_FINNGEN_SCZ__ASD+P6_PGC_SCZ__OCD+P7_FINNGEN_SCZ__OCD+P8_PGC_SCZ__AN+P9_FINNGEN_SCZ__AN+P10_PGC_SCZ__AUD+P11_FINNGEN_SCZ__AUD+P12_PGC_SCZ__CUD+P13_FINNGEN_SCZ__CUD
14	86647002	87635340	12	P2_PGC_SCZ__ADHD+P3_FINNGEN_SCZ__ADHD+P4_PGC_SCZ__ASD+P5_FINNGEN_SCZ__ASD+P6_PGC_SCZ__OCD+P7_FINNGEN_SCZ__OCD+P8_PGC_SCZ__AN+P9_FINNGEN_SCZ__AN+P10_PGC_SCZ__AUD+P11_FINNGEN_SCZ__AUD+P12_PGC_SCZ__CUD+P13_FINNGEN_SCZ__CUD
14	87635341	89497642	12	P2_PGC_SCZ__ADHD+P3_FINNGEN_SCZ__ADHD+P4_PGC_SCZ__ASD+P5_FINNGEN_SCZ__ASD+P6_PGC_SCZ__OCD+P7_FINNGEN_SCZ__OCD+P8_PGC_SCZ__AN+P9_FINNGEN_SCZ__AN+P10_PGC_SCZ__AUD+P11_FINNGEN_SCZ__AUD+P12_PGC_SCZ__CUD+P13_FINNGEN_SCZ__CUD
14	89497643	91296859	12	P2_PGC_SCZ__ADHD+P3_FINNGEN_SCZ__ADHD+P4_PGC_SCZ__ASD+P5_FINNGEN_SCZ__ASD+P6_PGC_SCZ__OCD+P7_FINNGEN_SCZ__OCD+P8_PGC_SCZ__AN+P9_FINNGEN_SCZ__AN+P10_PGC_SCZ__AUD+P11_FINNGEN_SCZ__AUD+P12_PGC_SCZ__CUD+P13_FINNGEN_SCZ__CUD
14	91296860	93132298	12	P2_PGC_SCZ__ADHD+P3_FINNGEN_SCZ__ADHD+P4_PGC_SCZ__ASD+P5_FINNGEN_SCZ__ASD+P6_PGC_SCZ__OCD+P7_FINNGEN_SCZ__OCD+P8_PGC_SCZ__AN+P9_FINNGEN_SCZ__AN+P10_PGC_SCZ__AUD+P11_FINNGEN_SCZ__AUD+P12_PGC_SCZ__CUD+P13_FINNGEN_SCZ__CUD
14	93132299	94325284	12	P2_PGC_SCZ__ADHD+P3_FINNGEN_SCZ__ADHD+P4_PGC_SCZ__ASD+P5_FINNGEN_SCZ__ASD+P6_PGC_SCZ__OCD+P7_FINNGEN_SCZ__OCD+P8_PGC_SCZ__AN+P9_FINNGEN_SCZ__AN+P10_PGC_SCZ__AUD+P11_FINNGEN_SCZ__AUD+P12_PGC_SCZ__CUD+P13_FINNGEN_SCZ__CUD
14	94325285	95750866	12	P2_PGC_SCZ__ADHD+P3_FINNGEN_SCZ__ADHD+P4_PGC_SCZ__ASD+P5_FINNGEN_SCZ__ASD+P6_PGC_SCZ__OCD+P7_FINNGEN_SCZ__OCD+P8_PGC_SCZ__AN+P9_FINNGEN_SCZ__AN+P10_PGC_SCZ__AUD+P11_FINNGEN_SCZ__AUD+P12_PGC_SCZ__CUD+P13_FINNGEN_SCZ__CUD
14	95750867	96262414	12	P2_PGC_SCZ__ADHD+P3_FINNGEN_SCZ__ADHD+P4_PGC_SCZ__ASD+P5_FINNGEN_SCZ__ASD+P6_PGC_SCZ__OCD+P7_FINNGEN_SCZ__OCD+P8_PGC_SCZ__AN+P9_FINNGEN_SCZ__AN+P10_PGC_SCZ__AUD+P11_FINNGEN_SCZ__AUD+P12_PGC_SCZ__CUD+P13_FINNGEN_SCZ__CUD
14	96262415	98341161	12	P2_PGC_SCZ__ADHD+P3_FINNGEN_SCZ__ADHD+P4_PGC_SCZ__ASD+P5_FINNGEN_SCZ__ASD+P6_PGC_SCZ__OCD+P7_FINNGEN_SCZ__OCD+P8_PGC_SCZ__AN+P9_FINNGEN_SCZ__AN+P10_PGC_SCZ__AUD+P11_FINNGEN_SCZ__AUD+P12_PGC_SCZ__CUD+P13_FINNGEN_SCZ__CUD
14	98341162	99138531	12	P2_PGC_SCZ__ADHD+P3_FINNGEN_SCZ__ADHD+P4_PGC_SCZ__ASD+P5_FINNGEN_SCZ__ASD+P6_PGC_SCZ__OCD+P7_FINNGEN_SCZ__OCD+P8_PGC_SCZ__AN+P9_FINNGEN_SCZ__AN+P10_PGC_SCZ__AUD+P11_FINNGEN_SCZ__AUD+P12_PGC_SCZ__CUD+P13_FINNGEN_SCZ__CUD
14	99138532	101534306	12	P2_PGC_SCZ__ADHD+P3_FINNGEN_SCZ__ADHD+P4_PGC_SCZ__ASD+P5_FINNGEN_SCZ__ASD+P6_PGC_SCZ__OCD+P7_FINNGEN_SCZ__OCD+P8_PGC_SCZ__AN+P9_FINNGEN_SCZ__AN+P10_PGC_SCZ__AUD+P11_FINNGEN_SCZ__AUD+P12_PGC_SCZ__CUD+P13_FINNGEN_SCZ__CUD
14	101534307	103012101	12	P2_PGC_SCZ__ADHD+P3_FINNGEN_SCZ__ADHD+P4_PGC_SCZ__ASD+P5_FINNGEN_SCZ__ASD+P6_PGC_SCZ__OCD+P7_FINNGEN_SCZ__OCD+P8_PGC_SCZ__AN+P9_FINNGEN_SCZ__AN+P10_PGC_SCZ__AUD+P11_FINNGEN_SCZ__AUD+P12_PGC_SCZ__CUD+P13_FINNGEN_SCZ__CUD
14	103012102	105001722	12	P2_PGC_SCZ__ADHD+P3_FINNGEN_SCZ__ADHD+P4_PGC_SCZ__ASD+P5_FINNGEN_SCZ__ASD+P6_PGC_SCZ__OCD+P7_FINNGEN_SCZ__OCD+P8_PGC_SCZ__AN+P9_FINNGEN_SCZ__AN+P10_PGC_SCZ__AUD+P11_FINNGEN_SCZ__AUD+P12_PGC_SCZ__CUD+P13_FINNGEN_SCZ__CUD
14	105001723	106340357	12	P2_PGC_SCZ__ADHD+P3_FINNGEN_SCZ__ADHD+P4_PGC_SCZ__ASD+P5_FINNGEN_SCZ__ASD+P6_PGC_SCZ__OCD+P7_FINNGEN_SCZ__OCD+P8_PGC_SCZ__AN+P9_FINNGEN_SCZ__AN+P10_PGC_SCZ__AUD+P11_FINNGEN_SCZ__AUD+P12_PGC_SCZ__CUD+P13_FINNGEN_SCZ__CUD
14	106340358	107289453	2	P2_PGC_SCZ__ADHD+P3_FINNGEN_SCZ__ADHD
15	20001200	21131603	0	none
15	21131604	24195126	12	P2_PGC_SCZ__ADHD+P3_FINNGEN_SCZ__ADHD+P4_PGC_SCZ__ASD+P5_FINNGEN_SCZ__ASD+P6_PGC_SCZ__OCD+P7_FINNGEN_SCZ__OCD+P8_PGC_SCZ__AN+P9_FINNGEN_SCZ__AN+P10_PGC_SCZ__AUD+P11_FINNGEN_SCZ__AUD+P12_PGC_SCZ__CUD+P13_FINNGEN_SCZ__CUD
15	24195127	25108589	12	P2_PGC_SCZ__ADHD+P3_FINNGEN_SCZ__ADHD+P4_PGC_SCZ__ASD+P5_FINNGEN_SCZ__ASD+P6_PGC_SCZ__OCD+P7_FINNGEN_SCZ__OCD+P8_PGC_SCZ__AN+P9_FINNGEN_SCZ__AN+P10_PGC_SCZ__AUD+P11_FINNGEN_SCZ__AUD+P12_PGC_SCZ__CUD+P13_FINNGEN_SCZ__CUD
15	25108590	27298111	12	P2_PGC_SCZ__ADHD+P3_FINNGEN_SCZ__ADHD+P4_PGC_SCZ__ASD+P5_FINNGEN_SCZ__ASD+P6_PGC_SCZ__OCD+P7_FINNGEN_SCZ__OCD+P8_PGC_SCZ__AN+P9_FINNGEN_SCZ__AN+P10_PGC_SCZ__AUD+P11_FINNGEN_SCZ__AUD+P12_PGC_SCZ__CUD+P13_FINNGEN_SCZ__CUD
15	27298112	29338501	12	P2_PGC_SCZ__ADHD+P3_FINNGEN_SCZ__ADHD+P4_PGC_SCZ__ASD+P5_FINNGEN_SCZ__ASD+P6_PGC_SCZ__OCD+P7_FINNGEN_SCZ__OCD+P8_PGC_SCZ__AN+P9_FINNGEN_SCZ__AN+P10_PGC_SCZ__AUD+P11_FINNGEN_SCZ__AUD+P12_PGC_SCZ__CUD+P13_FINNGEN_SCZ__CUD
15	29338502	30165567	12	P2_PGC_SCZ__ADHD+P3_FINNGEN_SCZ__ADHD+P4_PGC_SCZ__ASD+P5_FINNGEN_SCZ__ASD+P6_PGC_SCZ__OCD+P7_FINNGEN_SCZ__OCD+P8_PGC_SCZ__AN+P9_FINNGEN_SCZ__AN+P10_PGC_SCZ__AUD+P11_FINNGEN_SCZ__AUD+P12_PGC_SCZ__CUD+P13_FINNGEN_SCZ__CUD
15	30165568	31591820	12	P2_PGC_SCZ__ADHD+P3_FINNGEN_SCZ__ADHD+P4_PGC_SCZ__ASD+P5_FINNGEN_SCZ__ASD+P6_PGC_SCZ__OCD+P7_FINNGEN_SCZ__OCD+P8_PGC_SCZ__AN+P9_FINNGEN_SCZ__AN+P10_PGC_SCZ__AUD+P11_FINNGEN_SCZ__AUD+P12_PGC_SCZ__CUD+P13_FINNGEN_SCZ__CUD
15	31591821	32441810	12	P2_PGC_SCZ__ADHD+P3_FINNGEN_SCZ__ADHD+P4_PGC_SCZ__ASD+P5_FINNGEN_SCZ__ASD+P6_PGC_SCZ__OCD+P7_FINNGEN_SCZ__OCD+P8_PGC_SCZ__AN+P9_FINNGEN_SCZ__AN+P10_PGC_SCZ__AUD+P11_FINNGEN_SCZ__AUD+P12_PGC_SCZ__CUD+P13_FINNGEN_SCZ__CUD
15	32441811	34015424	12	P2_PGC_SCZ__ADHD+P3_FINNGEN_SCZ__ADHD+P4_PGC_SCZ__ASD+P5_FINNGEN_SCZ__ASD+P6_PGC_SCZ__OCD+P7_FINNGEN_SCZ__OCD+P8_PGC_SCZ__AN+P9_FINNGEN_SCZ__AN+P10_PGC_SCZ__AUD+P11_FINNGEN_SCZ__AUD+P12_PGC_SCZ__CUD+P13_FINNGEN_SCZ__CUD
15	34015425	35083250	12	P2_PGC_SCZ__ADHD+P3_FINNGEN_SCZ__ADHD+P4_PGC_SCZ__ASD+P5_FINNGEN_SCZ__ASD+P6_PGC_SCZ__OCD+P7_FINNGEN_SCZ__OCD+P8_PGC_SCZ__AN+P9_FINNGEN_SCZ__AN+P10_PGC_SCZ__AUD+P11_FINNGEN_SCZ__AUD+P12_PGC_SCZ__CUD+P13_FINNGEN_SCZ__CUD
15	35083251	37456501	12	P2_PGC_SCZ__ADHD+P3_FINNGEN_SCZ__ADHD+P4_PGC_SCZ__ASD+P5_FINNGEN_SCZ__ASD+P6_PGC_SCZ__OCD+P7_FINNGEN_SCZ__OCD+P8_PGC_SCZ__AN+P9_FINNGEN_SCZ__AN+P10_PGC_SCZ__AUD+P11_FINNGEN_SCZ__AUD+P12_PGC_SCZ__CUD+P13_FINNGEN_SCZ__CUD
15	37456502	38530776	12	P2_PGC_SCZ__ADHD+P3_FINNGEN_SCZ__ADHD+P4_PGC_SCZ__ASD+P5_FINNGEN_SCZ__ASD+P6_PGC_SCZ__OCD+P7_FINNGEN_SCZ__OCD+P8_PGC_SCZ__AN+P9_FINNGEN_SCZ__AN+P10_PGC_SCZ__AUD+P11_FINNGEN_SCZ__AUD+P12_PGC_SCZ__CUD+P13_FINNGEN_SCZ__CUD
15	38530777	40384131	12	P2_PGC_SCZ__ADHD+P3_FINNGEN_SCZ__ADHD+P4_PGC_SCZ__ASD+P5_FINNGEN_SCZ__ASD+P6_PGC_SCZ__OCD+P7_FINNGEN_SCZ__OCD+P8_PGC_SCZ__AN+P9_FINNGEN_SCZ__AN+P10_PGC_SCZ__AUD+P11_FINNGEN_SCZ__AUD+P12_PGC_SCZ__CUD+P13_FINNGEN_SCZ__CUD
15	40384132	41177513	12	P2_PGC_SCZ__ADHD+P3_FINNGEN_SCZ__ADHD+P4_PGC_SCZ__ASD+P5_FINNGEN_SCZ__ASD+P6_PGC_SCZ__OCD+P7_FINNGEN_SCZ__OCD+P8_PGC_SCZ__AN+P9_FINNGEN_SCZ__AN+P10_PGC_SCZ__AUD+P11_FINNGEN_SCZ__AUD+P12_PGC_SCZ__CUD+P13_FINNGEN_SCZ__CUD
15	41177514	42776398	12	P2_PGC_SCZ__ADHD+P3_FINNGEN_SCZ__ADHD+P4_PGC_SCZ__ASD+P5_FINNGEN_SCZ__ASD+P6_PGC_SCZ__OCD+P7_FINNGEN_SCZ__OCD+P8_PGC_SCZ__AN+P9_FINNGEN_SCZ__AN+P10_PGC_SCZ__AUD+P11_FINNGEN_SCZ__AUD+P12_PGC_SCZ__CUD+P13_FINNGEN_SCZ__CUD
15	42776399	44198048	12	P2_PGC_SCZ__ADHD+P3_FINNGEN_SCZ__ADHD+P4_PGC_SCZ__ASD+P5_FINNGEN_SCZ__ASD+P6_PGC_SCZ__OCD+P7_FINNGEN_SCZ__OCD+P8_PGC_SCZ__AN+P9_FINNGEN_SCZ__AN+P10_PGC_SCZ__AUD+P11_FINNGEN_SCZ__AUD+P12_PGC_SCZ__CUD+P13_FINNGEN_SCZ__CUD
15	44198049	46618786	12	P2_PGC_SCZ__ADHD+P3_FINNGEN_SCZ__ADHD+P4_PGC_SCZ__ASD+P5_FINNGEN_SCZ__ASD+P6_PGC_SCZ__OCD+P7_FINNGEN_SCZ__OCD+P8_PGC_SCZ__AN+P9_FINNGEN_SCZ__AN+P10_PGC_SCZ__AUD+P11_FINNGEN_SCZ__AUD+P12_PGC_SCZ__CUD+P13_FINNGEN_SCZ__CUD
15	46618787	48136047	12	P2_PGC_SCZ__ADHD+P3_FINNGEN_SCZ__ADHD+P4_PGC_SCZ__ASD+P5_FINNGEN_SCZ__ASD+P6_PGC_SCZ__OCD+P7_FINNGEN_SCZ__OCD+P8_PGC_SCZ__AN+P9_FINNGEN_SCZ__AN+P10_PGC_SCZ__AUD+P11_FINNGEN_SCZ__AUD+P12_PGC_SCZ__CUD+P13_FINNGEN_SCZ__CUD
15	48136048	50008042	12	P2_PGC_SCZ__ADHD+P3_FINNGEN_SCZ__ADHD+P4_PGC_SCZ__ASD+P5_FINNGEN_SCZ__ASD+P6_PGC_SCZ__OCD+P7_FINNGEN_SCZ__OCD+P8_PGC_SCZ__AN+P9_FINNGEN_SCZ__AN+P10_PGC_SCZ__AUD+P11_FINNGEN_SCZ__AUD+P12_PGC_SCZ__CUD+P13_FINNGEN_SCZ__CUD
15	50008043	51677559	12	P2_PGC_SCZ__ADHD+P3_FINNGEN_SCZ__ADHD+P4_PGC_SCZ__ASD+P5_FINNGEN_SCZ__ASD+P6_PGC_SCZ__OCD+P7_FINNGEN_SCZ__OCD+P8_PGC_SCZ__AN+P9_FINNGEN_SCZ__AN+P10_PGC_SCZ__AUD+P11_FINNGEN_SCZ__AUD+P12_PGC_SCZ__CUD+P13_FINNGEN_SCZ__CUD
15	51677560	53069095	12	P2_PGC_SCZ__ADHD+P3_FINNGEN_SCZ__ADHD+P4_PGC_SCZ__ASD+P5_FINNGEN_SCZ__ASD+P6_PGC_SCZ__OCD+P7_FINNGEN_SCZ__OCD+P8_PGC_SCZ__AN+P9_FINNGEN_SCZ__AN+P10_PGC_SCZ__AUD+P11_FINNGEN_SCZ__AUD+P12_PGC_SCZ__CUD+P13_FINNGEN_SCZ__CUD
15	53069096	54508527	12	P2_PGC_SCZ__ADHD+P3_FINNGEN_SCZ__ADHD+P4_PGC_SCZ__ASD+P5_FINNGEN_SCZ__ASD+P6_PGC_SCZ__OCD+P7_FINNGEN_SCZ__OCD+P8_PGC_SCZ__AN+P9_FINNGEN_SCZ__AN+P10_PGC_SCZ__AUD+P11_FINNGEN_SCZ__AUD+P12_PGC_SCZ__CUD+P13_FINNGEN_SCZ__CUD
15	54508528	55136268	12	P2_PGC_SCZ__ADHD+P3_FINNGEN_SCZ__ADHD+P4_PGC_SCZ__ASD+P5_FINNGEN_SCZ__ASD+P6_PGC_SCZ__OCD+P7_FINNGEN_SCZ__OCD+P8_PGC_SCZ__AN+P9_FINNGEN_SCZ__AN+P10_PGC_SCZ__AUD+P11_FINNGEN_SCZ__AUD+P12_PGC_SCZ__CUD+P13_FINNGEN_SCZ__CUD
15	55136269	56901772	12	P2_PGC_SCZ__ADHD+P3_FINNGEN_SCZ__ADHD+P4_PGC_SCZ__ASD+P5_FINNGEN_SCZ__ASD+P6_PGC_SCZ__OCD+P7_FINNGEN_SCZ__OCD+P8_PGC_SCZ__AN+P9_FINNGEN_SCZ__AN+P10_PGC_SCZ__AUD+P11_FINNGEN_SCZ__AUD+P12_PGC_SCZ__CUD+P13_FINNGEN_SCZ__CUD
15	56901773	58441365	12	P2_PGC_SCZ__ADHD+P3_FINNGEN_SCZ__ADHD+P4_PGC_SCZ__ASD+P5_FINNGEN_SCZ__ASD+P6_PGC_SCZ__OCD+P7_FINNGEN_SCZ__OCD+P8_PGC_SCZ__AN+P9_FINNGEN_SCZ__AN+P10_PGC_SCZ__AUD+P11_FINNGEN_SCZ__AUD+P12_PGC_SCZ__CUD+P13_FINNGEN_SCZ__CUD
15	58441366	59694115	12	P2_PGC_SCZ__ADHD+P3_FINNGEN_SCZ__ADHD+P4_PGC_SCZ__ASD+P5_FINNGEN_SCZ__ASD+P6_PGC_SCZ__OCD+P7_FINNGEN_SCZ__OCD+P8_PGC_SCZ__AN+P9_FINNGEN_SCZ__AN+P10_PGC_SCZ__AUD+P11_FINNGEN_SCZ__AUD+P12_PGC_SCZ__CUD+P13_FINNGEN_SCZ__CUD
15	59694116	61265835	12	P2_PGC_SCZ__ADHD+P3_FINNGEN_SCZ__ADHD+P4_PGC_SCZ__ASD+P5_FINNGEN_SCZ__ASD+P6_PGC_SCZ__OCD+P7_FINNGEN_SCZ__OCD+P8_PGC_SCZ__AN+P9_FINNGEN_SCZ__AN+P10_PGC_SCZ__AUD+P11_FINNGEN_SCZ__AUD+P12_PGC_SCZ__CUD+P13_FINNGEN_SCZ__CUD
15	61265836	63215221	12	P2_PGC_SCZ__ADHD+P3_FINNGEN_SCZ__ADHD+P4_PGC_SCZ__ASD+P5_FINNGEN_SCZ__ASD+P6_PGC_SCZ__OCD+P7_FINNGEN_SCZ__OCD+P8_PGC_SCZ__AN+P9_FINNGEN_SCZ__AN+P10_PGC_SCZ__AUD+P11_FINNGEN_SCZ__AUD+P12_PGC_SCZ__CUD+P13_FINNGEN_SCZ__CUD
15	63215222	65104667	12	P2_PGC_SCZ__ADHD+P3_FINNGEN_SCZ__ADHD+P4_PGC_SCZ__ASD+P5_FINNGEN_SCZ__ASD+P6_PGC_SCZ__OCD+P7_FINNGEN_SCZ__OCD+P8_PGC_SCZ__AN+P9_FINNGEN_SCZ__AN+P10_PGC_SCZ__AUD+P11_FINNGEN_SCZ__AUD+P12_PGC_SCZ__CUD+P13_FINNGEN_SCZ__CUD
15	65104668	67094766	12	P2_PGC_SCZ__ADHD+P3_FINNGEN_SCZ__ADHD+P4_PGC_SCZ__ASD+P5_FINNGEN_SCZ__ASD+P6_PGC_SCZ__OCD+P7_FINNGEN_SCZ__OCD+P8_PGC_SCZ__AN+P9_FINNGEN_SCZ__AN+P10_PGC_SCZ__AUD+P11_FINNGEN_SCZ__AUD+P12_PGC_SCZ__CUD+P13_FINNGEN_SCZ__CUD
15	67094767	69017998	12	P2_PGC_SCZ__ADHD+P3_FINNGEN_SCZ__ADHD+P4_PGC_SCZ__ASD+P5_FINNGEN_SCZ__ASD+P6_PGC_SCZ__OCD+P7_FINNGEN_SCZ__OCD+P8_PGC_SCZ__AN+P9_FINNGEN_SCZ__AN+P10_PGC_SCZ__AUD+P11_FINNGEN_SCZ__AUD+P12_PGC_SCZ__CUD+P13_FINNGEN_SCZ__CUD
15	69017999	70133340	12	P2_PGC_SCZ__ADHD+P3_FINNGEN_SCZ__ADHD+P4_PGC_SCZ__ASD+P5_FINNGEN_SCZ__ASD+P6_PGC_SCZ__OCD+P7_FINNGEN_SCZ__OCD+P8_PGC_SCZ__AN+P9_FINNGEN_SCZ__AN+P10_PGC_SCZ__AUD+P11_FINNGEN_SCZ__AUD+P12_PGC_SCZ__CUD+P13_FINNGEN_SCZ__CUD
15	70133341	71922648	12	P2_PGC_SCZ__ADHD+P3_FINNGEN_SCZ__ADHD+P4_PGC_SCZ__ASD+P5_FINNGEN_SCZ__ASD+P6_PGC_SCZ__OCD+P7_FINNGEN_SCZ__OCD+P8_PGC_SCZ__AN+P9_FINNGEN_SCZ__AN+P10_PGC_SCZ__AUD+P11_FINNGEN_SCZ__AUD+P12_PGC_SCZ__CUD+P13_FINNGEN_SCZ__CUD
15	71922649	73628713	12	P2_PGC_SCZ__ADHD+P3_FINNGEN_SCZ__ADHD+P4_PGC_SCZ__ASD+P5_FINNGEN_SCZ__ASD+P6_PGC_SCZ__OCD+P7_FINNGEN_SCZ__OCD+P8_PGC_SCZ__AN+P9_FINNGEN_SCZ__AN+P10_PGC_SCZ__AUD+P11_FINNGEN_SCZ__AUD+P12_PGC_SCZ__CUD+P13_FINNGEN_SCZ__CUD
15	73628714	76398623	12	P2_PGC_SCZ__ADHD+P3_FINNGEN_SCZ__ADHD+P4_PGC_SCZ__ASD+P5_FINNGEN_SCZ__ASD+P6_PGC_SCZ__OCD+P7_FINNGEN_SCZ__OCD+P8_PGC_SCZ__AN+P9_FINNGEN_SCZ__AN+P10_PGC_SCZ__AUD+P11_FINNGEN_SCZ__AUD+P12_PGC_SCZ__CUD+P13_FINNGEN_SCZ__CUD
15	76398624	78516052	12	P2_PGC_SCZ__ADHD+P3_FINNGEN_SCZ__ADHD+P4_PGC_SCZ__ASD+P5_FINNGEN_SCZ__ASD+P6_PGC_SCZ__OCD+P7_FINNGEN_SCZ__OCD+P8_PGC_SCZ__AN+P9_FINNGEN_SCZ__AN+P10_PGC_SCZ__AUD+P11_FINNGEN_SCZ__AUD+P12_PGC_SCZ__CUD+P13_FINNGEN_SCZ__CUD
15	78516053	80860977	12	P2_PGC_SCZ__ADHD+P3_FINNGEN_SCZ__ADHD+P4_PGC_SCZ__ASD+P5_FINNGEN_SCZ__ASD+P6_PGC_SCZ__OCD+P7_FINNGEN_SCZ__OCD+P8_PGC_SCZ__AN+P9_FINNGEN_SCZ__AN+P10_PGC_SCZ__AUD+P11_FINNGEN_SCZ__AUD+P12_PGC_SCZ__CUD+P13_FINNGEN_SCZ__CUD
15	80860978	84260467	12	P2_PGC_SCZ__ADHD+P3_FINNGEN_SCZ__ADHD+P4_PGC_SCZ__ASD+P5_FINNGEN_SCZ__ASD+P6_PGC_SCZ__OCD+P7_FINNGEN_SCZ__OCD+P8_PGC_SCZ__AN+P9_FINNGEN_SCZ__AN+P10_PGC_SCZ__AUD+P11_FINNGEN_SCZ__AUD+P12_PGC_SCZ__CUD+P13_FINNGEN_SCZ__CUD
15	84260468	86652904	12	P2_PGC_SCZ__ADHD+P3_FINNGEN_SCZ__ADHD+P4_PGC_SCZ__ASD+P5_FINNGEN_SCZ__ASD+P6_PGC_SCZ__OCD+P7_FINNGEN_SCZ__OCD+P8_PGC_SCZ__AN+P9_FINNGEN_SCZ__AN+P10_PGC_SCZ__AUD+P11_FINNGEN_SCZ__AUD+P12_PGC_SCZ__CUD+P13_FINNGEN_SCZ__CUD
15	86652905	88369942	12	P2_PGC_SCZ__ADHD+P3_FINNGEN_SCZ__ADHD+P4_PGC_SCZ__ASD+P5_FINNGEN_SCZ__ASD+P6_PGC_SCZ__OCD+P7_FINNGEN_SCZ__OCD+P8_PGC_SCZ__AN+P9_FINNGEN_SCZ__AN+P10_PGC_SCZ__AUD+P11_FINNGEN_SCZ__AUD+P12_PGC_SCZ__CUD+P13_FINNGEN_SCZ__CUD
15	88369943	90475550	12	P2_PGC_SCZ__ADHD+P3_FINNGEN_SCZ__ADHD+P4_PGC_SCZ__ASD+P5_FINNGEN_SCZ__ASD+P6_PGC_SCZ__OCD+P7_FINNGEN_SCZ__OCD+P8_PGC_SCZ__AN+P9_FINNGEN_SCZ__AN+P10_PGC_SCZ__AUD+P11_FINNGEN_SCZ__AUD+P12_PGC_SCZ__CUD+P13_FINNGEN_SCZ__CUD
15	90475551	92164391	12	P2_PGC_SCZ__ADHD+P3_FINNGEN_SCZ__ADHD+P4_PGC_SCZ__ASD+P5_FINNGEN_SCZ__ASD+P6_PGC_SCZ__OCD+P7_FINNGEN_SCZ__OCD+P8_PGC_SCZ__AN+P9_FINNGEN_SCZ__AN+P10_PGC_SCZ__AUD+P11_FINNGEN_SCZ__AUD+P12_PGC_SCZ__CUD+P13_FINNGEN_SCZ__CUD
15	92164392	93780901	12	P2_PGC_SCZ__ADHD+P3_FINNGEN_SCZ__ADHD+P4_PGC_SCZ__ASD+P5_FINNGEN_SCZ__ASD+P6_PGC_SCZ__OCD+P7_FINNGEN_SCZ__OCD+P8_PGC_SCZ__AN+P9_FINNGEN_SCZ__AN+P10_PGC_SCZ__AUD+P11_FINNGEN_SCZ__AUD+P12_PGC_SCZ__CUD+P13_FINNGEN_SCZ__CUD
15	93780902	94924329	12	P2_PGC_SCZ__ADHD+P3_FINNGEN_SCZ__ADHD+P4_PGC_SCZ__ASD+P5_FINNGEN_SCZ__ASD+P6_PGC_SCZ__OCD+P7_FINNGEN_SCZ__OCD+P8_PGC_SCZ__AN+P9_FINNGEN_SCZ__AN+P10_PGC_SCZ__AUD+P11_FINNGEN_SCZ__AUD+P12_PGC_SCZ__CUD+P13_FINNGEN_SCZ__CUD
15	94924330	96141595	12	P2_PGC_SCZ__ADHD+P3_FINNGEN_SCZ__ADHD+P4_PGC_SCZ__ASD+P5_FINNGEN_SCZ__ASD+P6_PGC_SCZ__OCD+P7_FINNGEN_SCZ__OCD+P8_PGC_SCZ__AN+P9_FINNGEN_SCZ__AN+P10_PGC_SCZ__AUD+P11_FINNGEN_SCZ__AUD+P12_PGC_SCZ__CUD+P13_FINNGEN_SCZ__CUD
15	96141596	98030909	12	P2_PGC_SCZ__ADHD+P3_FINNGEN_SCZ__ADHD+P4_PGC_SCZ__ASD+P5_FINNGEN_SCZ__ASD+P6_PGC_SCZ__OCD+P7_FINNGEN_SCZ__OCD+P8_PGC_SCZ__AN+P9_FINNGEN_SCZ__AN+P10_PGC_SCZ__AUD+P11_FINNGEN_SCZ__AUD+P12_PGC_SCZ__CUD+P13_FINNGEN_SCZ__CUD
15	98030910	99244058	12	P2_PGC_SCZ__ADHD+P3_FINNGEN_SCZ__ADHD+P4_PGC_SCZ__ASD+P5_FINNGEN_SCZ__ASD+P6_PGC_SCZ__OCD+P7_FINNGEN_SCZ__OCD+P8_PGC_SCZ__AN+P9_FINNGEN_SCZ__AN+P10_PGC_SCZ__AUD+P11_FINNGEN_SCZ__AUD+P12_PGC_SCZ__CUD+P13_FINNGEN_SCZ__CUD
15	99244059	100636846	12	P2_PGC_SCZ__ADHD+P3_FINNGEN_SCZ__ADHD+P4_PGC_SCZ__ASD+P5_FINNGEN_SCZ__ASD+P6_PGC_SCZ__OCD+P7_FINNGEN_SCZ__OCD+P8_PGC_SCZ__AN+P9_FINNGEN_SCZ__AN+P10_PGC_SCZ__AUD+P11_FINNGEN_SCZ__AUD+P12_PGC_SCZ__CUD+P13_FINNGEN_SCZ__CUD
15	100636847	101552693	12	P2_PGC_SCZ__ADHD+P3_FINNGEN_SCZ__ADHD+P4_PGC_SCZ__ASD+P5_FINNGEN_SCZ__ASD+P6_PGC_SCZ__OCD+P7_FINNGEN_SCZ__OCD+P8_PGC_SCZ__AN+P9_FINNGEN_SCZ__AN+P10_PGC_SCZ__AUD+P11_FINNGEN_SCZ__AUD+P12_PGC_SCZ__CUD+P13_FINNGEN_SCZ__CUD
15	101552694	102520965	12	P2_PGC_SCZ__ADHD+P3_FINNGEN_SCZ__ADHD+P4_PGC_SCZ__ASD+P5_FINNGEN_SCZ__ASD+P6_PGC_SCZ__OCD+P7_FINNGEN_SCZ__OCD+P8_PGC_SCZ__AN+P9_FINNGEN_SCZ__AN+P10_PGC_SCZ__AUD+P11_FINNGEN_SCZ__AUD+P12_PGC_SCZ__CUD+P13_FINNGEN_SCZ__CUD
16	60054	1207205	12	P2_PGC_SCZ__ADHD+P3_FINNGEN_SCZ__ADHD+P4_PGC_SCZ__ASD+P5_FINNGEN_SCZ__ASD+P6_PGC_SCZ__OCD+P7_FINNGEN_SCZ__OCD+P8_PGC_SCZ__AN+P9_FINNGEN_SCZ__AN+P10_PGC_SCZ__AUD+P11_FINNGEN_SCZ__AUD+P12_PGC_SCZ__CUD+P13_FINNGEN_SCZ__CUD
16	1207206	2764828	12	P2_PGC_SCZ__ADHD+P3_FINNGEN_SCZ__ADHD+P4_PGC_SCZ__ASD+P5_FINNGEN_SCZ__ASD+P6_PGC_SCZ__OCD+P7_FINNGEN_SCZ__OCD+P8_PGC_SCZ__AN+P9_FINNGEN_SCZ__AN+P10_PGC_SCZ__AUD+P11_FINNGEN_SCZ__AUD+P12_PGC_SCZ__CUD+P13_FINNGEN_SCZ__CUD
16	2764829	4001195	12	P2_PGC_SCZ__ADHD+P3_FINNGEN_SCZ__ADHD+P4_PGC_SCZ__ASD+P5_FINNGEN_SCZ__ASD+P6_PGC_SCZ__OCD+P7_FINNGEN_SCZ__OCD+P8_PGC_SCZ__AN+P9_FINNGEN_SCZ__AN+P10_PGC_SCZ__AUD+P11_FINNGEN_SCZ__AUD+P12_PGC_SCZ__CUD+P13_FINNGEN_SCZ__CUD
16	4001196	5118344	12	P2_PGC_SCZ__ADHD+P3_FINNGEN_SCZ__ADHD+P4_PGC_SCZ__ASD+P5_FINNGEN_SCZ__ASD+P6_PGC_SCZ__OCD+P7_FINNGEN_SCZ__OCD+P8_PGC_SCZ__AN+P9_FINNGEN_SCZ__AN+P10_PGC_SCZ__AUD+P11_FINNGEN_SCZ__AUD+P12_PGC_SCZ__CUD+P13_FINNGEN_SCZ__CUD
16	5118345	5891579	12	P2_PGC_SCZ__ADHD+P3_FINNGEN_SCZ__ADHD+P4_PGC_SCZ__ASD+P5_FINNGEN_SCZ__ASD+P6_PGC_SCZ__OCD+P7_FINNGEN_SCZ__OCD+P8_PGC_SCZ__AN+P9_FINNGEN_SCZ__AN+P10_PGC_SCZ__AUD+P11_FINNGEN_SCZ__AUD+P12_PGC_SCZ__CUD+P13_FINNGEN_SCZ__CUD
16	5891580	6893550	12	P2_PGC_SCZ__ADHD+P3_FINNGEN_SCZ__ADHD+P4_PGC_SCZ__ASD+P5_FINNGEN_SCZ__ASD+P6_PGC_SCZ__OCD+P7_FINNGEN_SCZ__OCD+P8_PGC_SCZ__AN+P9_FINNGEN_SCZ__AN+P10_PGC_SCZ__AUD+P11_FINNGEN_SCZ__AUD+P12_PGC_SCZ__CUD+P13_FINNGEN_SCZ__CUD
16	6893551	7529120	12	P2_PGC_SCZ__ADHD+P3_FINNGEN_SCZ__ADHD+P4_PGC_SCZ__ASD+P5_FINNGEN_SCZ__ASD+P6_PGC_SCZ__OCD+P7_FINNGEN_SCZ__OCD+P8_PGC_SCZ__AN+P9_FINNGEN_SCZ__AN+P10_PGC_SCZ__AUD+P11_FINNGEN_SCZ__AUD+P12_PGC_SCZ__CUD+P13_FINNGEN_SCZ__CUD
16	7529121	8338518	12	P2_PGC_SCZ__ADHD+P3_FINNGEN_SCZ__ADHD+P4_PGC_SCZ__ASD+P5_FINNGEN_SCZ__ASD+P6_PGC_SCZ__OCD+P7_FINNGEN_SCZ__OCD+P8_PGC_SCZ__AN+P9_FINNGEN_SCZ__AN+P10_PGC_SCZ__AUD+P11_FINNGEN_SCZ__AUD+P12_PGC_SCZ__CUD+P13_FINNGEN_SCZ__CUD
16	8338519	9799418	12	P2_PGC_SCZ__ADHD+P3_FINNGEN_SCZ__ADHD+P4_PGC_SCZ__ASD+P5_FINNGEN_SCZ__ASD+P6_PGC_SCZ__OCD+P7_FINNGEN_SCZ__OCD+P8_PGC_SCZ__AN+P9_FINNGEN_SCZ__AN+P10_PGC_SCZ__AUD+P11_FINNGEN_SCZ__AUD+P12_PGC_SCZ__CUD+P13_FINNGEN_SCZ__CUD
16	9799419	10426031	12	P2_PGC_SCZ__ADHD+P3_FINNGEN_SCZ__ADHD+P4_PGC_SCZ__ASD+P5_FINNGEN_SCZ__ASD+P6_PGC_SCZ__OCD+P7_FINNGEN_SCZ__OCD+P8_PGC_SCZ__AN+P9_FINNGEN_SCZ__AN+P10_PGC_SCZ__AUD+P11_FINNGEN_SCZ__AUD+P12_PGC_SCZ__CUD+P13_FINNGEN_SCZ__CUD
16	10426032	11520160	12	P2_PGC_SCZ__ADHD+P3_FINNGEN_SCZ__ADHD+P4_PGC_SCZ__ASD+P5_FINNGEN_SCZ__ASD+P6_PGC_SCZ__OCD+P7_FINNGEN_SCZ__OCD+P8_PGC_SCZ__AN+P9_FINNGEN_SCZ__AN+P10_PGC_SCZ__AUD+P11_FINNGEN_SCZ__AUD+P12_PGC_SCZ__CUD+P13_FINNGEN_SCZ__CUD
16	11520161	12613097	12	P2_PGC_SCZ__ADHD+P3_FINNGEN_SCZ__ADHD+P4_PGC_SCZ__ASD+P5_FINNGEN_SCZ__ASD+P6_PGC_SCZ__OCD+P7_FINNGEN_SCZ__OCD+P8_PGC_SCZ__AN+P9_FINNGEN_SCZ__AN+P10_PGC_SCZ__AUD+P11_FINNGEN_SCZ__AUD+P12_PGC_SCZ__CUD+P13_FINNGEN_SCZ__CUD
16	12613098	13154436	12	P2_PGC_SCZ__ADHD+P3_FINNGEN_SCZ__ADHD+P4_PGC_SCZ__ASD+P5_FINNGEN_SCZ__ASD+P6_PGC_SCZ__OCD+P7_FINNGEN_SCZ__OCD+P8_PGC_SCZ__AN+P9_FINNGEN_SCZ__AN+P10_PGC_SCZ__AUD+P11_FINNGEN_SCZ__AUD+P12_PGC_SCZ__CUD+P13_FINNGEN_SCZ__CUD
16	13154437	14464001	12	P2_PGC_SCZ__ADHD+P3_FINNGEN_SCZ__ADHD+P4_PGC_SCZ__ASD+P5_FINNGEN_SCZ__ASD+P6_PGC_SCZ__OCD+P7_FINNGEN_SCZ__OCD+P8_PGC_SCZ__AN+P9_FINNGEN_SCZ__AN+P10_PGC_SCZ__AUD+P11_FINNGEN_SCZ__AUD+P12_PGC_SCZ__CUD+P13_FINNGEN_SCZ__CUD
16	14464002	16154059	12	P2_PGC_SCZ__ADHD+P3_FINNGEN_SCZ__ADHD+P4_PGC_SCZ__ASD+P5_FINNGEN_SCZ__ASD+P6_PGC_SCZ__OCD+P7_FINNGEN_SCZ__OCD+P8_PGC_SCZ__AN+P9_FINNGEN_SCZ__AN+P10_PGC_SCZ__AUD+P11_FINNGEN_SCZ__AUD+P12_PGC_SCZ__CUD+P13_FINNGEN_SCZ__CUD
16	16154060	17644748	12	P2_PGC_SCZ__ADHD+P3_FINNGEN_SCZ__ADHD+P4_PGC_SCZ__ASD+P5_FINNGEN_SCZ__ASD+P6_PGC_SCZ__OCD+P7_FINNGEN_SCZ__OCD+P8_PGC_SCZ__AN+P9_FINNGEN_SCZ__AN+P10_PGC_SCZ__AUD+P11_FINNGEN_SCZ__AUD+P12_PGC_SCZ__CUD+P13_FINNGEN_SCZ__CUD
16	17644749	18643606	12	P2_PGC_SCZ__ADHD+P3_FINNGEN_SCZ__ADHD+P4_PGC_SCZ__ASD+P5_FINNGEN_SCZ__ASD+P6_PGC_SCZ__OCD+P7_FINNGEN_SCZ__OCD+P8_PGC_SCZ__AN+P9_FINNGEN_SCZ__AN+P10_PGC_SCZ__AUD+P11_FINNGEN_SCZ__AUD+P12_PGC_SCZ__CUD+P13_FINNGEN_SCZ__CUD
16	18643607	20150570	12	P2_PGC_SCZ__ADHD+P3_FINNGEN_SCZ__ADHD+P4_PGC_SCZ__ASD+P5_FINNGEN_SCZ__ASD+P6_PGC_SCZ__OCD+P7_FINNGEN_SCZ__OCD+P8_PGC_SCZ__AN+P9_FINNGEN_SCZ__AN+P10_PGC_SCZ__AUD+P11_FINNGEN_SCZ__AUD+P12_PGC_SCZ__CUD+P13_FINNGEN_SCZ__CUD
16	20150571	22448903	12	P2_PGC_SCZ__ADHD+P3_FINNGEN_SCZ__ADHD+P4_PGC_SCZ__ASD+P5_FINNGEN_SCZ__ASD+P6_PGC_SCZ__OCD+P7_FINNGEN_SCZ__OCD+P8_PGC_SCZ__AN+P9_FINNGEN_SCZ__AN+P10_PGC_SCZ__AUD+P11_FINNGEN_SCZ__AUD+P12_PGC_SCZ__CUD+P13_FINNGEN_SCZ__CUD
16	22448904	24136874	12	P2_PGC_SCZ__ADHD+P3_FINNGEN_SCZ__ADHD+P4_PGC_SCZ__ASD+P5_FINNGEN_SCZ__ASD+P6_PGC_SCZ__OCD+P7_FINNGEN_SCZ__OCD+P8_PGC_SCZ__AN+P9_FINNGEN_SCZ__AN+P10_PGC_SCZ__AUD+P11_FINNGEN_SCZ__AUD+P12_PGC_SCZ__CUD+P13_FINNGEN_SCZ__CUD
16	24136875	25986861	12	P2_PGC_SCZ__ADHD+P3_FINNGEN_SCZ__ADHD+P4_PGC_SCZ__ASD+P5_FINNGEN_SCZ__ASD+P6_PGC_SCZ__OCD+P7_FINNGEN_SCZ__OCD+P8_PGC_SCZ__AN+P9_FINNGEN_SCZ__AN+P10_PGC_SCZ__AUD+P11_FINNGEN_SCZ__AUD+P12_PGC_SCZ__CUD+P13_FINNGEN_SCZ__CUD
16	25986862	27445754	12	P2_PGC_SCZ__ADHD+P3_FINNGEN_SCZ__ADHD+P4_PGC_SCZ__ASD+P5_FINNGEN_SCZ__ASD+P6_PGC_SCZ__OCD+P7_FINNGEN_SCZ__OCD+P8_PGC_SCZ__AN+P9_FINNGEN_SCZ__AN+P10_PGC_SCZ__AUD+P11_FINNGEN_SCZ__AUD+P12_PGC_SCZ__CUD+P13_FINNGEN_SCZ__CUD
16	27445755	29036612	12	P2_PGC_SCZ__ADHD+P3_FINNGEN_SCZ__ADHD+P4_PGC_SCZ__ASD+P5_FINNGEN_SCZ__ASD+P6_PGC_SCZ__OCD+P7_FINNGEN_SCZ__OCD+P8_PGC_SCZ__AN+P9_FINNGEN_SCZ__AN+P10_PGC_SCZ__AUD+P11_FINNGEN_SCZ__AUD+P12_PGC_SCZ__CUD+P13_FINNGEN_SCZ__CUD
16	29036613	31382942	12	P2_PGC_SCZ__ADHD+P3_FINNGEN_SCZ__ADHD+P4_PGC_SCZ__ASD+P5_FINNGEN_SCZ__ASD+P6_PGC_SCZ__OCD+P7_FINNGEN_SCZ__OCD+P8_PGC_SCZ__AN+P9_FINNGEN_SCZ__AN+P10_PGC_SCZ__AUD+P11_FINNGEN_SCZ__AUD+P12_PGC_SCZ__CUD+P13_FINNGEN_SCZ__CUD
16	31382943	46399472	6	P2_PGC_SCZ__ADHD+P3_FINNGEN_SCZ__ADHD+P10_PGC_SCZ__AUD+P11_FINNGEN_SCZ__AUD+P12_PGC_SCZ__CUD+P13_FINNGEN_SCZ__CUD
16	46399473	49007925	12	P2_PGC_SCZ__ADHD+P3_FINNGEN_SCZ__ADHD+P4_PGC_SCZ__ASD+P5_FINNGEN_SCZ__ASD+P6_PGC_SCZ__OCD+P7_FINNGEN_SCZ__OCD+P8_PGC_SCZ__AN+P9_FINNGEN_SCZ__AN+P10_PGC_SCZ__AUD+P11_FINNGEN_SCZ__AUD+P12_PGC_SCZ__CUD+P13_FINNGEN_SCZ__CUD
16	49007926	52035822	12	P2_PGC_SCZ__ADHD+P3_FINNGEN_SCZ__ADHD+P4_PGC_SCZ__ASD+P5_FINNGEN_SCZ__ASD+P6_PGC_SCZ__OCD+P7_FINNGEN_SCZ__OCD+P8_PGC_SCZ__AN+P9_FINNGEN_SCZ__AN+P10_PGC_SCZ__AUD+P11_FINNGEN_SCZ__AUD+P12_PGC_SCZ__CUD+P13_FINNGEN_SCZ__CUD
16	52035823	53382571	12	P2_PGC_SCZ__ADHD+P3_FINNGEN_SCZ__ADHD+P4_PGC_SCZ__ASD+P5_FINNGEN_SCZ__ASD+P6_PGC_SCZ__OCD+P7_FINNGEN_SCZ__OCD+P8_PGC_SCZ__AN+P9_FINNGEN_SCZ__AN+P10_PGC_SCZ__AUD+P11_FINNGEN_SCZ__AUD+P12_PGC_SCZ__CUD+P13_FINNGEN_SCZ__CUD
16	53382572	55903773	12	P2_PGC_SCZ__ADHD+P3_FINNGEN_SCZ__ADHD+P4_PGC_SCZ__ASD+P5_FINNGEN_SCZ__ASD+P6_PGC_SCZ__OCD+P7_FINNGEN_SCZ__OCD+P8_PGC_SCZ__AN+P9_FINNGEN_SCZ__AN+P10_PGC_SCZ__AUD+P11_FINNGEN_SCZ__AUD+P12_PGC_SCZ__CUD+P13_FINNGEN_SCZ__CUD
16	55903774	57664329	12	P2_PGC_SCZ__ADHD+P3_FINNGEN_SCZ__ADHD+P4_PGC_SCZ__ASD+P5_FINNGEN_SCZ__ASD+P6_PGC_SCZ__OCD+P7_FINNGEN_SCZ__OCD+P8_PGC_SCZ__AN+P9_FINNGEN_SCZ__AN+P10_PGC_SCZ__AUD+P11_FINNGEN_SCZ__AUD+P12_PGC_SCZ__CUD+P13_FINNGEN_SCZ__CUD
16	57664330	59045404	12	P2_PGC_SCZ__ADHD+P3_FINNGEN_SCZ__ADHD+P4_PGC_SCZ__ASD+P5_FINNGEN_SCZ__ASD+P6_PGC_SCZ__OCD+P7_FINNGEN_SCZ__OCD+P8_PGC_SCZ__AN+P9_FINNGEN_SCZ__AN+P10_PGC_SCZ__AUD+P11_FINNGEN_SCZ__AUD+P12_PGC_SCZ__CUD+P13_FINNGEN_SCZ__CUD
16	59045405	60745693	12	P2_PGC_SCZ__ADHD+P3_FINNGEN_SCZ__ADHD+P4_PGC_SCZ__ASD+P5_FINNGEN_SCZ__ASD+P6_PGC_SCZ__OCD+P7_FINNGEN_SCZ__OCD+P8_PGC_SCZ__AN+P9_FINNGEN_SCZ__AN+P10_PGC_SCZ__AUD+P11_FINNGEN_SCZ__AUD+P12_PGC_SCZ__CUD+P13_FINNGEN_SCZ__CUD
16	60745694	62229848	12	P2_PGC_SCZ__ADHD+P3_FINNGEN_SCZ__ADHD+P4_PGC_SCZ__ASD+P5_FINNGEN_SCZ__ASD+P6_PGC_SCZ__OCD+P7_FINNGEN_SCZ__OCD+P8_PGC_SCZ__AN+P9_FINNGEN_SCZ__AN+P10_PGC_SCZ__AUD+P11_FINNGEN_SCZ__AUD+P12_PGC_SCZ__CUD+P13_FINNGEN_SCZ__CUD
16	62229849	63691588	12	P2_PGC_SCZ__ADHD+P3_FINNGEN_SCZ__ADHD+P4_PGC_SCZ__ASD+P5_FINNGEN_SCZ__ASD+P6_PGC_SCZ__OCD+P7_FINNGEN_SCZ__OCD+P8_PGC_SCZ__AN+P9_FINNGEN_SCZ__AN+P10_PGC_SCZ__AUD+P11_FINNGEN_SCZ__AUD+P12_PGC_SCZ__CUD+P13_FINNGEN_SCZ__CUD
16	63691589	65938565	12	P2_PGC_SCZ__ADHD+P3_FINNGEN_SCZ__ADHD+P4_PGC_SCZ__ASD+P5_FINNGEN_SCZ__ASD+P6_PGC_SCZ__OCD+P7_FINNGEN_SCZ__OCD+P8_PGC_SCZ__AN+P9_FINNGEN_SCZ__AN+P10_PGC_SCZ__AUD+P11_FINNGEN_SCZ__AUD+P12_PGC_SCZ__CUD+P13_FINNGEN_SCZ__CUD
16	65938566	68841362	12	P2_PGC_SCZ__ADHD+P3_FINNGEN_SCZ__ADHD+P4_PGC_SCZ__ASD+P5_FINNGEN_SCZ__ASD+P6_PGC_SCZ__OCD+P7_FINNGEN_SCZ__OCD+P8_PGC_SCZ__AN+P9_FINNGEN_SCZ__AN+P10_PGC_SCZ__AUD+P11_FINNGEN_SCZ__AUD+P12_PGC_SCZ__CUD+P13_FINNGEN_SCZ__CUD
16	68841363	71054027	12	P2_PGC_SCZ__ADHD+P3_FINNGEN_SCZ__ADHD+P4_PGC_SCZ__ASD+P5_FINNGEN_SCZ__ASD+P6_PGC_SCZ__OCD+P7_FINNGEN_SCZ__OCD+P8_PGC_SCZ__AN+P9_FINNGEN_SCZ__AN+P10_PGC_SCZ__AUD+P11_FINNGEN_SCZ__AUD+P12_PGC_SCZ__CUD+P13_FINNGEN_SCZ__CUD
16	71054028	72935149	12	P2_PGC_SCZ__ADHD+P3_FINNGEN_SCZ__ADHD+P4_PGC_SCZ__ASD+P5_FINNGEN_SCZ__ASD+P6_PGC_SCZ__OCD+P7_FINNGEN_SCZ__OCD+P8_PGC_SCZ__AN+P9_FINNGEN_SCZ__AN+P10_PGC_SCZ__AUD+P11_FINNGEN_SCZ__AUD+P12_PGC_SCZ__CUD+P13_FINNGEN_SCZ__CUD
16	72935150	74971502	12	P2_PGC_SCZ__ADHD+P3_FINNGEN_SCZ__ADHD+P4_PGC_SCZ__ASD+P5_FINNGEN_SCZ__ASD+P6_PGC_SCZ__OCD+P7_FINNGEN_SCZ__OCD+P8_PGC_SCZ__AN+P9_FINNGEN_SCZ__AN+P10_PGC_SCZ__AUD+P11_FINNGEN_SCZ__AUD+P12_PGC_SCZ__CUD+P13_FINNGEN_SCZ__CUD
16	74971503	75977953	12	P2_PGC_SCZ__ADHD+P3_FINNGEN_SCZ__ADHD+P4_PGC_SCZ__ASD+P5_FINNGEN_SCZ__ASD+P6_PGC_SCZ__OCD+P7_FINNGEN_SCZ__OCD+P8_PGC_SCZ__AN+P9_FINNGEN_SCZ__AN+P10_PGC_SCZ__AUD+P11_FINNGEN_SCZ__AUD+P12_PGC_SCZ__CUD+P13_FINNGEN_SCZ__CUD
16	75977954	77523677	12	P2_PGC_SCZ__ADHD+P3_FINNGEN_SCZ__ADHD+P4_PGC_SCZ__ASD+P5_FINNGEN_SCZ__ASD+P6_PGC_SCZ__OCD+P7_FINNGEN_SCZ__OCD+P8_PGC_SCZ__AN+P9_FINNGEN_SCZ__AN+P10_PGC_SCZ__AUD+P11_FINNGEN_SCZ__AUD+P12_PGC_SCZ__CUD+P13_FINNGEN_SCZ__CUD
16	77523678	78456291	12	P2_PGC_SCZ__ADHD+P3_FINNGEN_SCZ__ADHD+P4_PGC_SCZ__ASD+P5_FINNGEN_SCZ__ASD+P6_PGC_SCZ__OCD+P7_FINNGEN_SCZ__OCD+P8_PGC_SCZ__AN+P9_FINNGEN_SCZ__AN+P10_PGC_SCZ__AUD+P11_FINNGEN_SCZ__AUD+P12_PGC_SCZ__CUD+P13_FINNGEN_SCZ__CUD
16	78456292	79134814	12	P2_PGC_SCZ__ADHD+P3_FINNGEN_SCZ__ADHD+P4_PGC_SCZ__ASD+P5_FINNGEN_SCZ__ASD+P6_PGC_SCZ__OCD+P7_FINNGEN_SCZ__OCD+P8_PGC_SCZ__AN+P9_FINNGEN_SCZ__AN+P10_PGC_SCZ__AUD+P11_FINNGEN_SCZ__AUD+P12_PGC_SCZ__CUD+P13_FINNGEN_SCZ__CUD
16	79134815	80297373	12	P2_PGC_SCZ__ADHD+P3_FINNGEN_SCZ__ADHD+P4_PGC_SCZ__ASD+P5_FINNGEN_SCZ__ASD+P6_PGC_SCZ__OCD+P7_FINNGEN_SCZ__OCD+P8_PGC_SCZ__AN+P9_FINNGEN_SCZ__AN+P10_PGC_SCZ__AUD+P11_FINNGEN_SCZ__AUD+P12_PGC_SCZ__CUD+P13_FINNGEN_SCZ__CUD
16	80297374	81772535	12	P2_PGC_SCZ__ADHD+P3_FINNGEN_SCZ__ADHD+P4_PGC_SCZ__ASD+P5_FINNGEN_SCZ__ASD+P6_PGC_SCZ__OCD+P7_FINNGEN_SCZ__OCD+P8_PGC_SCZ__AN+P9_FINNGEN_SCZ__AN+P10_PGC_SCZ__AUD+P11_FINNGEN_SCZ__AUD+P12_PGC_SCZ__CUD+P13_FINNGEN_SCZ__CUD
16	81772536	82747727	12	P2_PGC_SCZ__ADHD+P3_FINNGEN_SCZ__ADHD+P4_PGC_SCZ__ASD+P5_FINNGEN_SCZ__ASD+P6_PGC_SCZ__OCD+P7_FINNGEN_SCZ__OCD+P8_PGC_SCZ__AN+P9_FINNGEN_SCZ__AN+P10_PGC_SCZ__AUD+P11_FINNGEN_SCZ__AUD+P12_PGC_SCZ__CUD+P13_FINNGEN_SCZ__CUD
16	82747728	83477207	12	P2_PGC_SCZ__ADHD+P3_FINNGEN_SCZ__ADHD+P4_PGC_SCZ__ASD+P5_FINNGEN_SCZ__ASD+P6_PGC_SCZ__OCD+P7_FINNGEN_SCZ__OCD+P8_PGC_SCZ__AN+P9_FINNGEN_SCZ__AN+P10_PGC_SCZ__AUD+P11_FINNGEN_SCZ__AUD+P12_PGC_SCZ__CUD+P13_FINNGEN_SCZ__CUD
16	83477208	84445882	12	P2_PGC_SCZ__ADHD+P3_FINNGEN_SCZ__ADHD+P4_PGC_SCZ__ASD+P5_FINNGEN_SCZ__ASD+P6_PGC_SCZ__OCD+P7_FINNGEN_SCZ__OCD+P8_PGC_SCZ__AN+P9_FINNGEN_SCZ__AN+P10_PGC_SCZ__AUD+P11_FINNGEN_SCZ__AUD+P12_PGC_SCZ__CUD+P13_FINNGEN_SCZ__CUD
16	84445883	85148684	12	P2_PGC_SCZ__ADHD+P3_FINNGEN_SCZ__ADHD+P4_PGC_SCZ__ASD+P5_FINNGEN_SCZ__ASD+P6_PGC_SCZ__OCD+P7_FINNGEN_SCZ__OCD+P8_PGC_SCZ__AN+P9_FINNGEN_SCZ__AN+P10_PGC_SCZ__AUD+P11_FINNGEN_SCZ__AUD+P12_PGC_SCZ__CUD+P13_FINNGEN_SCZ__CUD
16	85148685	86156598	12	P2_PGC_SCZ__ADHD+P3_FINNGEN_SCZ__ADHD+P4_PGC_SCZ__ASD+P5_FINNGEN_SCZ__ASD+P6_PGC_SCZ__OCD+P7_FINNGEN_SCZ__OCD+P8_PGC_SCZ__AN+P9_FINNGEN_SCZ__AN+P10_PGC_SCZ__AUD+P11_FINNGEN_SCZ__AUD+P12_PGC_SCZ__CUD+P13_FINNGEN_SCZ__CUD
16	86156599	86815410	12	P2_PGC_SCZ__ADHD+P3_FINNGEN_SCZ__ADHD+P4_PGC_SCZ__ASD+P5_FINNGEN_SCZ__ASD+P6_PGC_SCZ__OCD+P7_FINNGEN_SCZ__OCD+P8_PGC_SCZ__AN+P9_FINNGEN_SCZ__AN+P10_PGC_SCZ__AUD+P11_FINNGEN_SCZ__AUD+P12_PGC_SCZ__CUD+P13_FINNGEN_SCZ__CUD
16	86815411	87647348	12	P2_PGC_SCZ__ADHD+P3_FINNGEN_SCZ__ADHD+P4_PGC_SCZ__ASD+P5_FINNGEN_SCZ__ASD+P6_PGC_SCZ__OCD+P7_FINNGEN_SCZ__OCD+P8_PGC_SCZ__AN+P9_FINNGEN_SCZ__AN+P10_PGC_SCZ__AUD+P11_FINNGEN_SCZ__AUD+P12_PGC_SCZ__CUD+P13_FINNGEN_SCZ__CUD
16	87647349	89041164	12	P2_PGC_SCZ__ADHD+P3_FINNGEN_SCZ__ADHD+P4_PGC_SCZ__ASD+P5_FINNGEN_SCZ__ASD+P6_PGC_SCZ__OCD+P7_FINNGEN_SCZ__OCD+P8_PGC_SCZ__AN+P9_FINNGEN_SCZ__AN+P10_PGC_SCZ__AUD+P11_FINNGEN_SCZ__AUD+P12_PGC_SCZ__CUD+P13_FINNGEN_SCZ__CUD
16	89041165	90292811	12	P2_PGC_SCZ__ADHD+P3_FINNGEN_SCZ__ADHD+P4_PGC_SCZ__ASD+P5_FINNGEN_SCZ__ASD+P6_PGC_SCZ__OCD+P7_FINNGEN_SCZ__OCD+P8_PGC_SCZ__AN+P9_FINNGEN_SCZ__AN+P10_PGC_SCZ__AUD+P11_FINNGEN_SCZ__AUD+P12_PGC_SCZ__CUD+P13_FINNGEN_SCZ__CUD
17	56	1172398	12	P2_PGC_SCZ__ADHD+P3_FINNGEN_SCZ__ADHD+P4_PGC_SCZ__ASD+P5_FINNGEN_SCZ__ASD+P6_PGC_SCZ__OCD+P7_FINNGEN_SCZ__OCD+P8_PGC_SCZ__AN+P9_FINNGEN_SCZ__AN+P10_PGC_SCZ__AUD+P11_FINNGEN_SCZ__AUD+P12_PGC_SCZ__CUD+P13_FINNGEN_SCZ__CUD
17	1172399	1928730	12	P2_PGC_SCZ__ADHD+P3_FINNGEN_SCZ__ADHD+P4_PGC_SCZ__ASD+P5_FINNGEN_SCZ__ASD+P6_PGC_SCZ__OCD+P7_FINNGEN_SCZ__OCD+P8_PGC_SCZ__AN+P9_FINNGEN_SCZ__AN+P10_PGC_SCZ__AUD+P11_FINNGEN_SCZ__AUD+P12_PGC_SCZ__CUD+P13_FINNGEN_SCZ__CUD
17	1928731	3702311	12	P2_PGC_SCZ__ADHD+P3_FINNGEN_SCZ__ADHD+P4_PGC_SCZ__ASD+P5_FINNGEN_SCZ__ASD+P6_PGC_SCZ__OCD+P7_FINNGEN_SCZ__OCD+P8_PGC_SCZ__AN+P9_FINNGEN_SCZ__AN+P10_PGC_SCZ__AUD+P11_FINNGEN_SCZ__AUD+P12_PGC_SCZ__CUD+P13_FINNGEN_SCZ__CUD
17	3702312	4696260	12	P2_PGC_SCZ__ADHD+P3_FINNGEN_SCZ__ADHD+P4_PGC_SCZ__ASD+P5_FINNGEN_SCZ__ASD+P6_PGC_SCZ__OCD+P7_FINNGEN_SCZ__OCD+P8_PGC_SCZ__AN+P9_FINNGEN_SCZ__AN+P10_PGC_SCZ__AUD+P11_FINNGEN_SCZ__AUD+P12_PGC_SCZ__CUD+P13_FINNGEN_SCZ__CUD
17	4696261	5741333	12	P2_PGC_SCZ__ADHD+P3_FINNGEN_SCZ__ADHD+P4_PGC_SCZ__ASD+P5_FINNGEN_SCZ__ASD+P6_PGC_SCZ__OCD+P7_FINNGEN_SCZ__OCD+P8_PGC_SCZ__AN+P9_FINNGEN_SCZ__AN+P10_PGC_SCZ__AUD+P11_FINNGEN_SCZ__AUD+P12_PGC_SCZ__CUD+P13_FINNGEN_SCZ__CUD
17	5741334	7317397	12	P2_PGC_SCZ__ADHD+P3_FINNGEN_SCZ__ADHD+P4_PGC_SCZ__ASD+P5_FINNGEN_SCZ__ASD+P6_PGC_SCZ__OCD+P7_FINNGEN_SCZ__OCD+P8_PGC_SCZ__AN+P9_FINNGEN_SCZ__AN+P10_PGC_SCZ__AUD+P11_FINNGEN_SCZ__AUD+P12_PGC_SCZ__CUD+P13_FINNGEN_SCZ__CUD
17	7317398	8306424	12	P2_PGC_SCZ__ADHD+P3_FINNGEN_SCZ__ADHD+P4_PGC_SCZ__ASD+P5_FINNGEN_SCZ__ASD+P6_PGC_SCZ__OCD+P7_FINNGEN_SCZ__OCD+P8_PGC_SCZ__AN+P9_FINNGEN_SCZ__AN+P10_PGC_SCZ__AUD+P11_FINNGEN_SCZ__AUD+P12_PGC_SCZ__CUD+P13_FINNGEN_SCZ__CUD
17	8306425	9965920	12	P2_PGC_SCZ__ADHD+P3_FINNGEN_SCZ__ADHD+P4_PGC_SCZ__ASD+P5_FINNGEN_SCZ__ASD+P6_PGC_SCZ__OCD+P7_FINNGEN_SCZ__OCD+P8_PGC_SCZ__AN+P9_FINNGEN_SCZ__AN+P10_PGC_SCZ__AUD+P11_FINNGEN_SCZ__AUD+P12_PGC_SCZ__CUD+P13_FINNGEN_SCZ__CUD
17	9965921	11102814	12	P2_PGC_SCZ__ADHD+P3_FINNGEN_SCZ__ADHD+P4_PGC_SCZ__ASD+P5_FINNGEN_SCZ__ASD+P6_PGC_SCZ__OCD+P7_FINNGEN_SCZ__OCD+P8_PGC_SCZ__AN+P9_FINNGEN_SCZ__AN+P10_PGC_SCZ__AUD+P11_FINNGEN_SCZ__AUD+P12_PGC_SCZ__CUD+P13_FINNGEN_SCZ__CUD
17	11102815	12534768	12	P2_PGC_SCZ__ADHD+P3_FINNGEN_SCZ__ADHD+P4_PGC_SCZ__ASD+P5_FINNGEN_SCZ__ASD+P6_PGC_SCZ__OCD+P7_FINNGEN_SCZ__OCD+P8_PGC_SCZ__AN+P9_FINNGEN_SCZ__AN+P10_PGC_SCZ__AUD+P11_FINNGEN_SCZ__AUD+P12_PGC_SCZ__CUD+P13_FINNGEN_SCZ__CUD
17	12534769	13180371	12	P2_PGC_SCZ__ADHD+P3_FINNGEN_SCZ__ADHD+P4_PGC_SCZ__ASD+P5_FINNGEN_SCZ__ASD+P6_PGC_SCZ__OCD+P7_FINNGEN_SCZ__OCD+P8_PGC_SCZ__AN+P9_FINNGEN_SCZ__AN+P10_PGC_SCZ__AUD+P11_FINNGEN_SCZ__AUD+P12_PGC_SCZ__CUD+P13_FINNGEN_SCZ__CUD
17	13180372	13894636	12	P2_PGC_SCZ__ADHD+P3_FINNGEN_SCZ__ADHD+P4_PGC_SCZ__ASD+P5_FINNGEN_SCZ__ASD+P6_PGC_SCZ__OCD+P7_FINNGEN_SCZ__OCD+P8_PGC_SCZ__AN+P9_FINNGEN_SCZ__AN+P10_PGC_SCZ__AUD+P11_FINNGEN_SCZ__AUD+P12_PGC_SCZ__CUD+P13_FINNGEN_SCZ__CUD
17	13894637	15019096	12	P2_PGC_SCZ__ADHD+P3_FINNGEN_SCZ__ADHD+P4_PGC_SCZ__ASD+P5_FINNGEN_SCZ__ASD+P6_PGC_SCZ__OCD+P7_FINNGEN_SCZ__OCD+P8_PGC_SCZ__AN+P9_FINNGEN_SCZ__AN+P10_PGC_SCZ__AUD+P11_FINNGEN_SCZ__AUD+P12_PGC_SCZ__CUD+P13_FINNGEN_SCZ__CUD
17	15019097	16412341	12	P2_PGC_SCZ__ADHD+P3_FINNGEN_SCZ__ADHD+P4_PGC_SCZ__ASD+P5_FINNGEN_SCZ__ASD+P6_PGC_SCZ__OCD+P7_FINNGEN_SCZ__OCD+P8_PGC_SCZ__AN+P9_FINNGEN_SCZ__AN+P10_PGC_SCZ__AUD+P11_FINNGEN_SCZ__AUD+P12_PGC_SCZ__CUD+P13_FINNGEN_SCZ__CUD
17	16412342	18856319	12	P2_PGC_SCZ__ADHD+P3_FINNGEN_SCZ__ADHD+P4_PGC_SCZ__ASD+P5_FINNGEN_SCZ__ASD+P6_PGC_SCZ__OCD+P7_FINNGEN_SCZ__OCD+P8_PGC_SCZ__AN+P9_FINNGEN_SCZ__AN+P10_PGC_SCZ__AUD+P11_FINNGEN_SCZ__AUD+P12_PGC_SCZ__CUD+P13_FINNGEN_SCZ__CUD
17	18856320	21290356	12	P2_PGC_SCZ__ADHD+P3_FINNGEN_SCZ__ADHD+P4_PGC_SCZ__ASD+P5_FINNGEN_SCZ__ASD+P6_PGC_SCZ__OCD+P7_FINNGEN_SCZ__OCD+P8_PGC_SCZ__AN+P9_FINNGEN_SCZ__AN+P10_PGC_SCZ__AUD+P11_FINNGEN_SCZ__AUD+P12_PGC_SCZ__CUD+P13_FINNGEN_SCZ__CUD
17	21290357	27334243	12	P2_PGC_SCZ__ADHD+P3_FINNGEN_SCZ__ADHD+P4_PGC_SCZ__ASD+P5_FINNGEN_SCZ__ASD+P6_PGC_SCZ__OCD+P7_FINNGEN_SCZ__OCD+P8_PGC_SCZ__AN+P9_FINNGEN_SCZ__AN+P10_PGC_SCZ__AUD+P11_FINNGEN_SCZ__AUD+P12_PGC_SCZ__CUD+P13_FINNGEN_SCZ__CUD
17	27334244	29786490	12	P2_PGC_SCZ__ADHD+P3_FINNGEN_SCZ__ADHD+P4_PGC_SCZ__ASD+P5_FINNGEN_SCZ__ASD+P6_PGC_SCZ__OCD+P7_FINNGEN_SCZ__OCD+P8_PGC_SCZ__AN+P9_FINNGEN_SCZ__AN+P10_PGC_SCZ__AUD+P11_FINNGEN_SCZ__AUD+P12_PGC_SCZ__CUD+P13_FINNGEN_SCZ__CUD
17	29786491	31538424	12	P2_PGC_SCZ__ADHD+P3_FINNGEN_SCZ__ADHD+P4_PGC_SCZ__ASD+P5_FINNGEN_SCZ__ASD+P6_PGC_SCZ__OCD+P7_FINNGEN_SCZ__OCD+P8_PGC_SCZ__AN+P9_FINNGEN_SCZ__AN+P10_PGC_SCZ__AUD+P11_FINNGEN_SCZ__AUD+P12_PGC_SCZ__CUD+P13_FINNGEN_SCZ__CUD
17	31538425	32912797	12	P2_PGC_SCZ__ADHD+P3_FINNGEN_SCZ__ADHD+P4_PGC_SCZ__ASD+P5_FINNGEN_SCZ__ASD+P6_PGC_SCZ__OCD+P7_FINNGEN_SCZ__OCD+P8_PGC_SCZ__AN+P9_FINNGEN_SCZ__AN+P10_PGC_SCZ__AUD+P11_FINNGEN_SCZ__AUD+P12_PGC_SCZ__CUD+P13_FINNGEN_SCZ__CUD
17	32912798	34469035	12	P2_PGC_SCZ__ADHD+P3_FINNGEN_SCZ__ADHD+P4_PGC_SCZ__ASD+P5_FINNGEN_SCZ__ASD+P6_PGC_SCZ__OCD+P7_FINNGEN_SCZ__OCD+P8_PGC_SCZ__AN+P9_FINNGEN_SCZ__AN+P10_PGC_SCZ__AUD+P11_FINNGEN_SCZ__AUD+P12_PGC_SCZ__CUD+P13_FINNGEN_SCZ__CUD
17	34469036	36809343	12	P2_PGC_SCZ__ADHD+P3_FINNGEN_SCZ__ADHD+P4_PGC_SCZ__ASD+P5_FINNGEN_SCZ__ASD+P6_PGC_SCZ__OCD+P7_FINNGEN_SCZ__OCD+P8_PGC_SCZ__AN+P9_FINNGEN_SCZ__AN+P10_PGC_SCZ__AUD+P11_FINNGEN_SCZ__AUD+P12_PGC_SCZ__CUD+P13_FINNGEN_SCZ__CUD
17	36809344	38877403	12	P2_PGC_SCZ__ADHD+P3_FINNGEN_SCZ__ADHD+P4_PGC_SCZ__ASD+P5_FINNGEN_SCZ__ASD+P6_PGC_SCZ__OCD+P7_FINNGEN_SCZ__OCD+P8_PGC_SCZ__AN+P9_FINNGEN_SCZ__AN+P10_PGC_SCZ__AUD+P11_FINNGEN_SCZ__AUD+P12_PGC_SCZ__CUD+P13_FINNGEN_SCZ__CUD
17	38877404	39899809	12	P2_PGC_SCZ__ADHD+P3_FINNGEN_SCZ__ADHD+P4_PGC_SCZ__ASD+P5_FINNGEN_SCZ__ASD+P6_PGC_SCZ__OCD+P7_FINNGEN_SCZ__OCD+P8_PGC_SCZ__AN+P9_FINNGEN_SCZ__AN+P10_PGC_SCZ__AUD+P11_FINNGEN_SCZ__AUD+P12_PGC_SCZ__CUD+P13_FINNGEN_SCZ__CUD
17	39899810	41772086	12	P2_PGC_SCZ__ADHD+P3_FINNGEN_SCZ__ADHD+P4_PGC_SCZ__ASD+P5_FINNGEN_SCZ__ASD+P6_PGC_SCZ__OCD+P7_FINNGEN_SCZ__OCD+P8_PGC_SCZ__AN+P9_FINNGEN_SCZ__AN+P10_PGC_SCZ__AUD+P11_FINNGEN_SCZ__AUD+P12_PGC_SCZ__CUD+P13_FINNGEN_SCZ__CUD
17	41772087	43056904	12	P2_PGC_SCZ__ADHD+P3_FINNGEN_SCZ__ADHD+P4_PGC_SCZ__ASD+P5_FINNGEN_SCZ__ASD+P6_PGC_SCZ__OCD+P7_FINNGEN_SCZ__OCD+P8_PGC_SCZ__AN+P9_FINNGEN_SCZ__AN+P10_PGC_SCZ__AUD+P11_FINNGEN_SCZ__AUD+P12_PGC_SCZ__CUD+P13_FINNGEN_SCZ__CUD
17	43056905	45876021	12	P2_PGC_SCZ__ADHD+P3_FINNGEN_SCZ__ADHD+P4_PGC_SCZ__ASD+P5_FINNGEN_SCZ__ASD+P6_PGC_SCZ__OCD+P7_FINNGEN_SCZ__OCD+P8_PGC_SCZ__AN+P9_FINNGEN_SCZ__AN+P10_PGC_SCZ__AUD+P11_FINNGEN_SCZ__AUD+P12_PGC_SCZ__CUD+P13_FINNGEN_SCZ__CUD
17	45876022	47517399	12	P2_PGC_SCZ__ADHD+P3_FINNGEN_SCZ__ADHD+P4_PGC_SCZ__ASD+P5_FINNGEN_SCZ__ASD+P6_PGC_SCZ__OCD+P7_FINNGEN_SCZ__OCD+P8_PGC_SCZ__AN+P9_FINNGEN_SCZ__AN+P10_PGC_SCZ__AUD+P11_FINNGEN_SCZ__AUD+P12_PGC_SCZ__CUD+P13_FINNGEN_SCZ__CUD
17	47517400	49898956	12	P2_PGC_SCZ__ADHD+P3_FINNGEN_SCZ__ADHD+P4_PGC_SCZ__ASD+P5_FINNGEN_SCZ__ASD+P6_PGC_SCZ__OCD+P7_FINNGEN_SCZ__OCD+P8_PGC_SCZ__AN+P9_FINNGEN_SCZ__AN+P10_PGC_SCZ__AUD+P11_FINNGEN_SCZ__AUD+P12_PGC_SCZ__CUD+P13_FINNGEN_SCZ__CUD
17	49898957	50719054	12	P2_PGC_SCZ__ADHD+P3_FINNGEN_SCZ__ADHD+P4_PGC_SCZ__ASD+P5_FINNGEN_SCZ__ASD+P6_PGC_SCZ__OCD+P7_FINNGEN_SCZ__OCD+P8_PGC_SCZ__AN+P9_FINNGEN_SCZ__AN+P10_PGC_SCZ__AUD+P11_FINNGEN_SCZ__AUD+P12_PGC_SCZ__CUD+P13_FINNGEN_SCZ__CUD
17	50719055	51826117	12	P2_PGC_SCZ__ADHD+P3_FINNGEN_SCZ__ADHD+P4_PGC_SCZ__ASD+P5_FINNGEN_SCZ__ASD+P6_PGC_SCZ__OCD+P7_FINNGEN_SCZ__OCD+P8_PGC_SCZ__AN+P9_FINNGEN_SCZ__AN+P10_PGC_SCZ__AUD+P11_FINNGEN_SCZ__AUD+P12_PGC_SCZ__CUD+P13_FINNGEN_SCZ__CUD
17	51826118	53599431	12	P2_PGC_SCZ__ADHD+P3_FINNGEN_SCZ__ADHD+P4_PGC_SCZ__ASD+P5_FINNGEN_SCZ__ASD+P6_PGC_SCZ__OCD+P7_FINNGEN_SCZ__OCD+P8_PGC_SCZ__AN+P9_FINNGEN_SCZ__AN+P10_PGC_SCZ__AUD+P11_FINNGEN_SCZ__AUD+P12_PGC_SCZ__CUD+P13_FINNGEN_SCZ__CUD
17	53599432	55357540	12	P2_PGC_SCZ__ADHD+P3_FINNGEN_SCZ__ADHD+P4_PGC_SCZ__ASD+P5_FINNGEN_SCZ__ASD+P6_PGC_SCZ__OCD+P7_FINNGEN_SCZ__OCD+P8_PGC_SCZ__AN+P9_FINNGEN_SCZ__AN+P10_PGC_SCZ__AUD+P11_FINNGEN_SCZ__AUD+P12_PGC_SCZ__CUD+P13_FINNGEN_SCZ__CUD
17	55357541	57487511	12	P2_PGC_SCZ__ADHD+P3_FINNGEN_SCZ__ADHD+P4_PGC_SCZ__ASD+P5_FINNGEN_SCZ__ASD+P6_PGC_SCZ__OCD+P7_FINNGEN_SCZ__OCD+P8_PGC_SCZ__AN+P9_FINNGEN_SCZ__AN+P10_PGC_SCZ__AUD+P11_FINNGEN_SCZ__AUD+P12_PGC_SCZ__CUD+P13_FINNGEN_SCZ__CUD
17	57487512	59312754	12	P2_PGC_SCZ__ADHD+P3_FINNGEN_SCZ__ADHD+P4_PGC_SCZ__ASD+P5_FINNGEN_SCZ__ASD+P6_PGC_SCZ__OCD+P7_FINNGEN_SCZ__OCD+P8_PGC_SCZ__AN+P9_FINNGEN_SCZ__AN+P10_PGC_SCZ__AUD+P11_FINNGEN_SCZ__AUD+P12_PGC_SCZ__CUD+P13_FINNGEN_SCZ__CUD
17	59312755	61545588	12	P2_PGC_SCZ__ADHD+P3_FINNGEN_SCZ__ADHD+P4_PGC_SCZ__ASD+P5_FINNGEN_SCZ__ASD+P6_PGC_SCZ__OCD+P7_FINNGEN_SCZ__OCD+P8_PGC_SCZ__AN+P9_FINNGEN_SCZ__AN+P10_PGC_SCZ__AUD+P11_FINNGEN_SCZ__AUD+P12_PGC_SCZ__CUD+P13_FINNGEN_SCZ__CUD
17	61545589	63148127	12	P2_PGC_SCZ__ADHD+P3_FINNGEN_SCZ__ADHD+P4_PGC_SCZ__ASD+P5_FINNGEN_SCZ__ASD+P6_PGC_SCZ__OCD+P7_FINNGEN_SCZ__OCD+P8_PGC_SCZ__AN+P9_FINNGEN_SCZ__AN+P10_PGC_SCZ__AUD+P11_FINNGEN_SCZ__AUD+P12_PGC_SCZ__CUD+P13_FINNGEN_SCZ__CUD
17	63148128	64800429	12	P2_PGC_SCZ__ADHD+P3_FINNGEN_SCZ__ADHD+P4_PGC_SCZ__ASD+P5_FINNGEN_SCZ__ASD+P6_PGC_SCZ__OCD+P7_FINNGEN_SCZ__OCD+P8_PGC_SCZ__AN+P9_FINNGEN_SCZ__AN+P10_PGC_SCZ__AUD+P11_FINNGEN_SCZ__AUD+P12_PGC_SCZ__CUD+P13_FINNGEN_SCZ__CUD
17	64800430	67858769	12	P2_PGC_SCZ__ADHD+P3_FINNGEN_SCZ__ADHD+P4_PGC_SCZ__ASD+P5_FINNGEN_SCZ__ASD+P6_PGC_SCZ__OCD+P7_FINNGEN_SCZ__OCD+P8_PGC_SCZ__AN+P9_FINNGEN_SCZ__AN+P10_PGC_SCZ__AUD+P11_FINNGEN_SCZ__AUD+P12_PGC_SCZ__CUD+P13_FINNGEN_SCZ__CUD
17	67858770	69387816	12	P2_PGC_SCZ__ADHD+P3_FINNGEN_SCZ__ADHD+P4_PGC_SCZ__ASD+P5_FINNGEN_SCZ__ASD+P6_PGC_SCZ__OCD+P7_FINNGEN_SCZ__OCD+P8_PGC_SCZ__AN+P9_FINNGEN_SCZ__AN+P10_PGC_SCZ__AUD+P11_FINNGEN_SCZ__AUD+P12_PGC_SCZ__CUD+P13_FINNGEN_SCZ__CUD
17	69387817	72672202	12	P2_PGC_SCZ__ADHD+P3_FINNGEN_SCZ__ADHD+P4_PGC_SCZ__ASD+P5_FINNGEN_SCZ__ASD+P6_PGC_SCZ__OCD+P7_FINNGEN_SCZ__OCD+P8_PGC_SCZ__AN+P9_FINNGEN_SCZ__AN+P10_PGC_SCZ__AUD+P11_FINNGEN_SCZ__AUD+P12_PGC_SCZ__CUD+P13_FINNGEN_SCZ__CUD
17	72672203	74375559	12	P2_PGC_SCZ__ADHD+P3_FINNGEN_SCZ__ADHD+P4_PGC_SCZ__ASD+P5_FINNGEN_SCZ__ASD+P6_PGC_SCZ__OCD+P7_FINNGEN_SCZ__OCD+P8_PGC_SCZ__AN+P9_FINNGEN_SCZ__AN+P10_PGC_SCZ__AUD+P11_FINNGEN_SCZ__AUD+P12_PGC_SCZ__CUD+P13_FINNGEN_SCZ__CUD
17	74375560	76263412	12	P2_PGC_SCZ__ADHD+P3_FINNGEN_SCZ__ADHD+P4_PGC_SCZ__ASD+P5_FINNGEN_SCZ__ASD+P6_PGC_SCZ__OCD+P7_FINNGEN_SCZ__OCD+P8_PGC_SCZ__AN+P9_FINNGEN_SCZ__AN+P10_PGC_SCZ__AUD+P11_FINNGEN_SCZ__AUD+P12_PGC_SCZ__CUD+P13_FINNGEN_SCZ__CUD
17	76263413	77298635	12	P2_PGC_SCZ__ADHD+P3_FINNGEN_SCZ__ADHD+P4_PGC_SCZ__ASD+P5_FINNGEN_SCZ__ASD+P6_PGC_SCZ__OCD+P7_FINNGEN_SCZ__OCD+P8_PGC_SCZ__AN+P9_FINNGEN_SCZ__AN+P10_PGC_SCZ__AUD+P11_FINNGEN_SCZ__AUD+P12_PGC_SCZ__CUD+P13_FINNGEN_SCZ__CUD
17	77298636	78837587	12	P2_PGC_SCZ__ADHD+P3_FINNGEN_SCZ__ADHD+P4_PGC_SCZ__ASD+P5_FINNGEN_SCZ__ASD+P6_PGC_SCZ__OCD+P7_FINNGEN_SCZ__OCD+P8_PGC_SCZ__AN+P9_FINNGEN_SCZ__AN+P10_PGC_SCZ__AUD+P11_FINNGEN_SCZ__AUD+P12_PGC_SCZ__CUD+P13_FINNGEN_SCZ__CUD
17	78837588	80034407	12	P2_PGC_SCZ__ADHD+P3_FINNGEN_SCZ__ADHD+P4_PGC_SCZ__ASD+P5_FINNGEN_SCZ__ASD+P6_PGC_SCZ__OCD+P7_FINNGEN_SCZ__OCD+P8_PGC_SCZ__AN+P9_FINNGEN_SCZ__AN+P10_PGC_SCZ__AUD+P11_FINNGEN_SCZ__AUD+P12_PGC_SCZ__CUD+P13_FINNGEN_SCZ__CUD
17	80034408	81194907	12	P2_PGC_SCZ__ADHD+P3_FINNGEN_SCZ__ADHD+P4_PGC_SCZ__ASD+P5_FINNGEN_SCZ__ASD+P6_PGC_SCZ__OCD+P7_FINNGEN_SCZ__OCD+P8_PGC_SCZ__AN+P9_FINNGEN_SCZ__AN+P10_PGC_SCZ__AUD+P11_FINNGEN_SCZ__AUD+P12_PGC_SCZ__CUD+P13_FINNGEN_SCZ__CUD
18	10644	912485	12	P2_PGC_SCZ__ADHD+P3_FINNGEN_SCZ__ADHD+P4_PGC_SCZ__ASD+P5_FINNGEN_SCZ__ASD+P6_PGC_SCZ__OCD+P7_FINNGEN_SCZ__OCD+P8_PGC_SCZ__AN+P9_FINNGEN_SCZ__AN+P10_PGC_SCZ__AUD+P11_FINNGEN_SCZ__AUD+P12_PGC_SCZ__CUD+P13_FINNGEN_SCZ__CUD
18	912486	1942910	12	P2_PGC_SCZ__ADHD+P3_FINNGEN_SCZ__ADHD+P4_PGC_SCZ__ASD+P5_FINNGEN_SCZ__ASD+P6_PGC_SCZ__OCD+P7_FINNGEN_SCZ__OCD+P8_PGC_SCZ__AN+P9_FINNGEN_SCZ__AN+P10_PGC_SCZ__AUD+P11_FINNGEN_SCZ__AUD+P12_PGC_SCZ__CUD+P13_FINNGEN_SCZ__CUD
18	1942911	3891657	12	P2_PGC_SCZ__ADHD+P3_FINNGEN_SCZ__ADHD+P4_PGC_SCZ__ASD+P5_FINNGEN_SCZ__ASD+P6_PGC_SCZ__OCD+P7_FINNGEN_SCZ__OCD+P8_PGC_SCZ__AN+P9_FINNGEN_SCZ__AN+P10_PGC_SCZ__AUD+P11_FINNGEN_SCZ__AUD+P12_PGC_SCZ__CUD+P13_FINNGEN_SCZ__CUD
18	3891658	5834179	12	P2_PGC_SCZ__ADHD+P3_FINNGEN_SCZ__ADHD+P4_PGC_SCZ__ASD+P5_FINNGEN_SCZ__ASD+P6_PGC_SCZ__OCD+P7_FINNGEN_SCZ__OCD+P8_PGC_SCZ__AN+P9_FINNGEN_SCZ__AN+P10_PGC_SCZ__AUD+P11_FINNGEN_SCZ__AUD+P12_PGC_SCZ__CUD+P13_FINNGEN_SCZ__CUD
18	5834180	7090484	12	P2_PGC_SCZ__ADHD+P3_FINNGEN_SCZ__ADHD+P4_PGC_SCZ__ASD+P5_FINNGEN_SCZ__ASD+P6_PGC_SCZ__OCD+P7_FINNGEN_SCZ__OCD+P8_PGC_SCZ__AN+P9_FINNGEN_SCZ__AN+P10_PGC_SCZ__AUD+P11_FINNGEN_SCZ__AUD+P12_PGC_SCZ__CUD+P13_FINNGEN_SCZ__CUD
18	7090485	8498930	12	P2_PGC_SCZ__ADHD+P3_FINNGEN_SCZ__ADHD+P4_PGC_SCZ__ASD+P5_FINNGEN_SCZ__ASD+P6_PGC_SCZ__OCD+P7_FINNGEN_SCZ__OCD+P8_PGC_SCZ__AN+P9_FINNGEN_SCZ__AN+P10_PGC_SCZ__AUD+P11_FINNGEN_SCZ__AUD+P12_PGC_SCZ__CUD+P13_FINNGEN_SCZ__CUD
18	8498931	11075912	12	P2_PGC_SCZ__ADHD+P3_FINNGEN_SCZ__ADHD+P4_PGC_SCZ__ASD+P5_FINNGEN_SCZ__ASD+P6_PGC_SCZ__OCD+P7_FINNGEN_SCZ__OCD+P8_PGC_SCZ__AN+P9_FINNGEN_SCZ__AN+P10_PGC_SCZ__AUD+P11_FINNGEN_SCZ__AUD+P12_PGC_SCZ__CUD+P13_FINNGEN_SCZ__CUD
18	11075913	11905439	12	P2_PGC_SCZ__ADHD+P3_FINNGEN_SCZ__ADHD+P4_PGC_SCZ__ASD+P5_FINNGEN_SCZ__ASD+P6_PGC_SCZ__OCD+P7_FINNGEN_SCZ__OCD+P8_PGC_SCZ__AN+P9_FINNGEN_SCZ__AN+P10_PGC_SCZ__AUD+P11_FINNGEN_SCZ__AUD+P12_PGC_SCZ__CUD+P13_FINNGEN_SCZ__CUD
18	11905440	14440798	12	P2_PGC_SCZ__ADHD+P3_FINNGEN_SCZ__ADHD+P4_PGC_SCZ__ASD+P5_FINNGEN_SCZ__ASD+P6_PGC_SCZ__OCD+P7_FINNGEN_SCZ__OCD+P8_PGC_SCZ__AN+P9_FINNGEN_SCZ__AN+P10_PGC_SCZ__AUD+P11_FINNGEN_SCZ__AUD+P12_PGC_SCZ__CUD+P13_FINNGEN_SCZ__CUD
18	14440799	19485843	10	P2_PGC_SCZ__ADHD+P3_FINNGEN_SCZ__ADHD+P4_PGC_SCZ__ASD+P5_FINNGEN_SCZ__ASD+P6_PGC_SCZ__OCD+P7_FINNGEN_SCZ__OCD+P10_PGC_SCZ__AUD+P11_FINNGEN_SCZ__AUD+P12_PGC_SCZ__CUD+P13_FINNGEN_SCZ__CUD
18	19485844	20649471	12	P2_PGC_SCZ__ADHD+P3_FINNGEN_SCZ__ADHD+P4_PGC_SCZ__ASD+P5_FINNGEN_SCZ__ASD+P6_PGC_SCZ__OCD+P7_FINNGEN_SCZ__OCD+P8_PGC_SCZ__AN+P9_FINNGEN_SCZ__AN+P10_PGC_SCZ__AUD+P11_FINNGEN_SCZ__AUD+P12_PGC_SCZ__CUD+P13_FINNGEN_SCZ__CUD
18	20649472	22996650	12	P2_PGC_SCZ__ADHD+P3_FINNGEN_SCZ__ADHD+P4_PGC_SCZ__ASD+P5_FINNGEN_SCZ__ASD+P6_PGC_SCZ__OCD+P7_FINNGEN_SCZ__OCD+P8_PGC_SCZ__AN+P9_FINNGEN_SCZ__AN+P10_PGC_SCZ__AUD+P11_FINNGEN_SCZ__AUD+P12_PGC_SCZ__CUD+P13_FINNGEN_SCZ__CUD
18	22996651	24026190	12	P2_PGC_SCZ__ADHD+P3_FINNGEN_SCZ__ADHD+P4_PGC_SCZ__ASD+P5_FINNGEN_SCZ__ASD+P6_PGC_SCZ__OCD+P7_FINNGEN_SCZ__OCD+P8_PGC_SCZ__AN+P9_FINNGEN_SCZ__AN+P10_PGC_SCZ__AUD+P11_FINNGEN_SCZ__AUD+P12_PGC_SCZ__CUD+P13_FINNGEN_SCZ__CUD
18	24026191	25927681	12	P2_PGC_SCZ__ADHD+P3_FINNGEN_SCZ__ADHD+P4_PGC_SCZ__ASD+P5_FINNGEN_SCZ__ASD+P6_PGC_SCZ__OCD+P7_FINNGEN_SCZ__OCD+P8_PGC_SCZ__AN+P9_FINNGEN_SCZ__AN+P10_PGC_SCZ__AUD+P11_FINNGEN_SCZ__AUD+P12_PGC_SCZ__CUD+P13_FINNGEN_SCZ__CUD
18	25927682	26875586	12	P2_PGC_SCZ__ADHD+P3_FINNGEN_SCZ__ADHD+P4_PGC_SCZ__ASD+P5_FINNGEN_SCZ__ASD+P6_PGC_SCZ__OCD+P7_FINNGEN_SCZ__OCD+P8_PGC_SCZ__AN+P9_FINNGEN_SCZ__AN+P10_PGC_SCZ__AUD+P11_FINNGEN_SCZ__AUD+P12_PGC_SCZ__CUD+P13_FINNGEN_SCZ__CUD
18	26875587	27866477	12	P2_PGC_SCZ__ADHD+P3_FINNGEN_SCZ__ADHD+P4_PGC_SCZ__ASD+P5_FINNGEN_SCZ__ASD+P6_PGC_SCZ__OCD+P7_FINNGEN_SCZ__OCD+P8_PGC_SCZ__AN+P9_FINNGEN_SCZ__AN+P10_PGC_SCZ__AUD+P11_FINNGEN_SCZ__AUD+P12_PGC_SCZ__CUD+P13_FINNGEN_SCZ__CUD
18	27866478	30264065	12	P2_PGC_SCZ__ADHD+P3_FINNGEN_SCZ__ADHD+P4_PGC_SCZ__ASD+P5_FINNGEN_SCZ__ASD+P6_PGC_SCZ__OCD+P7_FINNGEN_SCZ__OCD+P8_PGC_SCZ__AN+P9_FINNGEN_SCZ__AN+P10_PGC_SCZ__AUD+P11_FINNGEN_SCZ__AUD+P12_PGC_SCZ__CUD+P13_FINNGEN_SCZ__CUD
18	30264066	31780066	12	P2_PGC_SCZ__ADHD+P3_FINNGEN_SCZ__ADHD+P4_PGC_SCZ__ASD+P5_FINNGEN_SCZ__ASD+P6_PGC_SCZ__OCD+P7_FINNGEN_SCZ__OCD+P8_PGC_SCZ__AN+P9_FINNGEN_SCZ__AN+P10_PGC_SCZ__AUD+P11_FINNGEN_SCZ__AUD+P12_PGC_SCZ__CUD+P13_FINNGEN_SCZ__CUD
18	31780067	33861963	12	P2_PGC_SCZ__ADHD+P3_FINNGEN_SCZ__ADHD+P4_PGC_SCZ__ASD+P5_FINNGEN_SCZ__ASD+P6_PGC_SCZ__OCD+P7_FINNGEN_SCZ__OCD+P8_PGC_SCZ__AN+P9_FINNGEN_SCZ__AN+P10_PGC_SCZ__AUD+P11_FINNGEN_SCZ__AUD+P12_PGC_SCZ__CUD+P13_FINNGEN_SCZ__CUD
18	33861964	35075249	12	P2_PGC_SCZ__ADHD+P3_FINNGEN_SCZ__ADHD+P4_PGC_SCZ__ASD+P5_FINNGEN_SCZ__ASD+P6_PGC_SCZ__OCD+P7_FINNGEN_SCZ__OCD+P8_PGC_SCZ__AN+P9_FINNGEN_SCZ__AN+P10_PGC_SCZ__AUD+P11_FINNGEN_SCZ__AUD+P12_PGC_SCZ__CUD+P13_FINNGEN_SCZ__CUD
18	35075250	36365489	12	P2_PGC_SCZ__ADHD+P3_FINNGEN_SCZ__ADHD+P4_PGC_SCZ__ASD+P5_FINNGEN_SCZ__ASD+P6_PGC_SCZ__OCD+P7_FINNGEN_SCZ__OCD+P8_PGC_SCZ__AN+P9_FINNGEN_SCZ__AN+P10_PGC_SCZ__AUD+P11_FINNGEN_SCZ__AUD+P12_PGC_SCZ__CUD+P13_FINNGEN_SCZ__CUD
18	36365490	37684366	12	P2_PGC_SCZ__ADHD+P3_FINNGEN_SCZ__ADHD+P4_PGC_SCZ__ASD+P5_FINNGEN_SCZ__ASD+P6_PGC_SCZ__OCD+P7_FINNGEN_SCZ__OCD+P8_PGC_SCZ__AN+P9_FINNGEN_SCZ__AN+P10_PGC_SCZ__AUD+P11_FINNGEN_SCZ__AUD+P12_PGC_SCZ__CUD+P13_FINNGEN_SCZ__CUD
18	37684367	39892647	12	P2_PGC_SCZ__ADHD+P3_FINNGEN_SCZ__ADHD+P4_PGC_SCZ__ASD+P5_FINNGEN_SCZ__ASD+P6_PGC_SCZ__OCD+P7_FINNGEN_SCZ__OCD+P8_PGC_SCZ__AN+P9_FINNGEN_SCZ__AN+P10_PGC_SCZ__AUD+P11_FINNGEN_SCZ__AUD+P12_PGC_SCZ__CUD+P13_FINNGEN_SCZ__CUD
18	39892648	42922105	12	P2_PGC_SCZ__ADHD+P3_FINNGEN_SCZ__ADHD+P4_PGC_SCZ__ASD+P5_FINNGEN_SCZ__ASD+P6_PGC_SCZ__OCD+P7_FINNGEN_SCZ__OCD+P8_PGC_SCZ__AN+P9_FINNGEN_SCZ__AN+P10_PGC_SCZ__AUD+P11_FINNGEN_SCZ__AUD+P12_PGC_SCZ__CUD+P13_FINNGEN_SCZ__CUD
18	42922106	44299245	12	P2_PGC_SCZ__ADHD+P3_FINNGEN_SCZ__ADHD+P4_PGC_SCZ__ASD+P5_FINNGEN_SCZ__ASD+P6_PGC_SCZ__OCD+P7_FINNGEN_SCZ__OCD+P8_PGC_SCZ__AN+P9_FINNGEN_SCZ__AN+P10_PGC_SCZ__AUD+P11_FINNGEN_SCZ__AUD+P12_PGC_SCZ__CUD+P13_FINNGEN_SCZ__CUD
18	44299246	45939731	12	P2_PGC_SCZ__ADHD+P3_FINNGEN_SCZ__ADHD+P4_PGC_SCZ__ASD+P5_FINNGEN_SCZ__ASD+P6_PGC_SCZ__OCD+P7_FINNGEN_SCZ__OCD+P8_PGC_SCZ__AN+P9_FINNGEN_SCZ__AN+P10_PGC_SCZ__AUD+P11_FINNGEN_SCZ__AUD+P12_PGC_SCZ__CUD+P13_FINNGEN_SCZ__CUD
18	45939732	47730583	12	P2_PGC_SCZ__ADHD+P3_FINNGEN_SCZ__ADHD+P4_PGC_SCZ__ASD+P5_FINNGEN_SCZ__ASD+P6_PGC_SCZ__OCD+P7_FINNGEN_SCZ__OCD+P8_PGC_SCZ__AN+P9_FINNGEN_SCZ__AN+P10_PGC_SCZ__AUD+P11_FINNGEN_SCZ__AUD+P12_PGC_SCZ__CUD+P13_FINNGEN_SCZ__CUD
18	47730584	51062184	12	P2_PGC_SCZ__ADHD+P3_FINNGEN_SCZ__ADHD+P4_PGC_SCZ__ASD+P5_FINNGEN_SCZ__ASD+P6_PGC_SCZ__OCD+P7_FINNGEN_SCZ__OCD+P8_PGC_SCZ__AN+P9_FINNGEN_SCZ__AN+P10_PGC_SCZ__AUD+P11_FINNGEN_SCZ__AUD+P12_PGC_SCZ__CUD+P13_FINNGEN_SCZ__CUD
18	51062185	51554174	12	P2_PGC_SCZ__ADHD+P3_FINNGEN_SCZ__ADHD+P4_PGC_SCZ__ASD+P5_FINNGEN_SCZ__ASD+P6_PGC_SCZ__OCD+P7_FINNGEN_SCZ__OCD+P8_PGC_SCZ__AN+P9_FINNGEN_SCZ__AN+P10_PGC_SCZ__AUD+P11_FINNGEN_SCZ__AUD+P12_PGC_SCZ__CUD+P13_FINNGEN_SCZ__CUD
18	51554175	55213837	12	P2_PGC_SCZ__ADHD+P3_FINNGEN_SCZ__ADHD+P4_PGC_SCZ__ASD+P5_FINNGEN_SCZ__ASD+P6_PGC_SCZ__OCD+P7_FINNGEN_SCZ__OCD+P8_PGC_SCZ__AN+P9_FINNGEN_SCZ__AN+P10_PGC_SCZ__AUD+P11_FINNGEN_SCZ__AUD+P12_PGC_SCZ__CUD+P13_FINNGEN_SCZ__CUD
18	55213838	56530219	12	P2_PGC_SCZ__ADHD+P3_FINNGEN_SCZ__ADHD+P4_PGC_SCZ__ASD+P5_FINNGEN_SCZ__ASD+P6_PGC_SCZ__OCD+P7_FINNGEN_SCZ__OCD+P8_PGC_SCZ__AN+P9_FINNGEN_SCZ__AN+P10_PGC_SCZ__AUD+P11_FINNGEN_SCZ__AUD+P12_PGC_SCZ__CUD+P13_FINNGEN_SCZ__CUD
18	56530220	57630482	12	P2_PGC_SCZ__ADHD+P3_FINNGEN_SCZ__ADHD+P4_PGC_SCZ__ASD+P5_FINNGEN_SCZ__ASD+P6_PGC_SCZ__OCD+P7_FINNGEN_SCZ__OCD+P8_PGC_SCZ__AN+P9_FINNGEN_SCZ__AN+P10_PGC_SCZ__AUD+P11_FINNGEN_SCZ__AUD+P12_PGC_SCZ__CUD+P13_FINNGEN_SCZ__CUD
18	57630483	59020750	12	P2_PGC_SCZ__ADHD+P3_FINNGEN_SCZ__ADHD+P4_PGC_SCZ__ASD+P5_FINNGEN_SCZ__ASD+P6_PGC_SCZ__OCD+P7_FINNGEN_SCZ__OCD+P8_PGC_SCZ__AN+P9_FINNGEN_SCZ__AN+P10_PGC_SCZ__AUD+P11_FINNGEN_SCZ__AUD+P12_PGC_SCZ__CUD+P13_FINNGEN_SCZ__CUD
18	59020751	60277714	12	P2_PGC_SCZ__ADHD+P3_FINNGEN_SCZ__ADHD+P4_PGC_SCZ__ASD+P5_FINNGEN_SCZ__ASD+P6_PGC_SCZ__OCD+P7_FINNGEN_SCZ__OCD+P8_PGC_SCZ__AN+P9_FINNGEN_SCZ__AN+P10_PGC_SCZ__AUD+P11_FINNGEN_SCZ__AUD+P12_PGC_SCZ__CUD+P13_FINNGEN_SCZ__CUD
18	60277715	61820251	12	P2_PGC_SCZ__ADHD+P3_FINNGEN_SCZ__ADHD+P4_PGC_SCZ__ASD+P5_FINNGEN_SCZ__ASD+P6_PGC_SCZ__OCD+P7_FINNGEN_SCZ__OCD+P8_PGC_SCZ__AN+P9_FINNGEN_SCZ__AN+P10_PGC_SCZ__AUD+P11_FINNGEN_SCZ__AUD+P12_PGC_SCZ__CUD+P13_FINNGEN_SCZ__CUD
18	61820252	63463401	12	P2_PGC_SCZ__ADHD+P3_FINNGEN_SCZ__ADHD+P4_PGC_SCZ__ASD+P5_FINNGEN_SCZ__ASD+P6_PGC_SCZ__OCD+P7_FINNGEN_SCZ__OCD+P8_PGC_SCZ__AN+P9_FINNGEN_SCZ__AN+P10_PGC_SCZ__AUD+P11_FINNGEN_SCZ__AUD+P12_PGC_SCZ__CUD+P13_FINNGEN_SCZ__CUD
18	63463402	64252800	12	P2_PGC_SCZ__ADHD+P3_FINNGEN_SCZ__ADHD+P4_PGC_SCZ__ASD+P5_FINNGEN_SCZ__ASD+P6_PGC_SCZ__OCD+P7_FINNGEN_SCZ__OCD+P8_PGC_SCZ__AN+P9_FINNGEN_SCZ__AN+P10_PGC_SCZ__AUD+P11_FINNGEN_SCZ__AUD+P12_PGC_SCZ__CUD+P13_FINNGEN_SCZ__CUD
18	64252801	66125816	12	P2_PGC_SCZ__ADHD+P3_FINNGEN_SCZ__ADHD+P4_PGC_SCZ__ASD+P5_FINNGEN_SCZ__ASD+P6_PGC_SCZ__OCD+P7_FINNGEN_SCZ__OCD+P8_PGC_SCZ__AN+P9_FINNGEN_SCZ__AN+P10_PGC_SCZ__AUD+P11_FINNGEN_SCZ__AUD+P12_PGC_SCZ__CUD+P13_FINNGEN_SCZ__CUD
18	66125817	67175819	12	P2_PGC_SCZ__ADHD+P3_FINNGEN_SCZ__ADHD+P4_PGC_SCZ__ASD+P5_FINNGEN_SCZ__ASD+P6_PGC_SCZ__OCD+P7_FINNGEN_SCZ__OCD+P8_PGC_SCZ__AN+P9_FINNGEN_SCZ__AN+P10_PGC_SCZ__AUD+P11_FINNGEN_SCZ__AUD+P12_PGC_SCZ__CUD+P13_FINNGEN_SCZ__CUD
18	67175820	68621178	12	P2_PGC_SCZ__ADHD+P3_FINNGEN_SCZ__ADHD+P4_PGC_SCZ__ASD+P5_FINNGEN_SCZ__ASD+P6_PGC_SCZ__OCD+P7_FINNGEN_SCZ__OCD+P8_PGC_SCZ__AN+P9_FINNGEN_SCZ__AN+P10_PGC_SCZ__AUD+P11_FINNGEN_SCZ__AUD+P12_PGC_SCZ__CUD+P13_FINNGEN_SCZ__CUD
18	68621179	69621617	12	P2_PGC_SCZ__ADHD+P3_FINNGEN_SCZ__ADHD+P4_PGC_SCZ__ASD+P5_FINNGEN_SCZ__ASD+P6_PGC_SCZ__OCD+P7_FINNGEN_SCZ__OCD+P8_PGC_SCZ__AN+P9_FINNGEN_SCZ__AN+P10_PGC_SCZ__AUD+P11_FINNGEN_SCZ__AUD+P12_PGC_SCZ__CUD+P13_FINNGEN_SCZ__CUD
18	69621618	71038473	12	P2_PGC_SCZ__ADHD+P3_FINNGEN_SCZ__ADHD+P4_PGC_SCZ__ASD+P5_FINNGEN_SCZ__ASD+P6_PGC_SCZ__OCD+P7_FINNGEN_SCZ__OCD+P8_PGC_SCZ__AN+P9_FINNGEN_SCZ__AN+P10_PGC_SCZ__AUD+P11_FINNGEN_SCZ__AUD+P12_PGC_SCZ__CUD+P13_FINNGEN_SCZ__CUD
18	71038474	71971461	12	P2_PGC_SCZ__ADHD+P3_FINNGEN_SCZ__ADHD+P4_PGC_SCZ__ASD+P5_FINNGEN_SCZ__ASD+P6_PGC_SCZ__OCD+P7_FINNGEN_SCZ__OCD+P8_PGC_SCZ__AN+P9_FINNGEN_SCZ__AN+P10_PGC_SCZ__AUD+P11_FINNGEN_SCZ__AUD+P12_PGC_SCZ__CUD+P13_FINNGEN_SCZ__CUD
18	71971462	73526986	12	P2_PGC_SCZ__ADHD+P3_FINNGEN_SCZ__ADHD+P4_PGC_SCZ__ASD+P5_FINNGEN_SCZ__ASD+P6_PGC_SCZ__OCD+P7_FINNGEN_SCZ__OCD+P8_PGC_SCZ__AN+P9_FINNGEN_SCZ__AN+P10_PGC_SCZ__AUD+P11_FINNGEN_SCZ__AUD+P12_PGC_SCZ__CUD+P13_FINNGEN_SCZ__CUD
18	73526987	74813814	12	P2_PGC_SCZ__ADHD+P3_FINNGEN_SCZ__ADHD+P4_PGC_SCZ__ASD+P5_FINNGEN_SCZ__ASD+P6_PGC_SCZ__OCD+P7_FINNGEN_SCZ__OCD+P8_PGC_SCZ__AN+P9_FINNGEN_SCZ__AN+P10_PGC_SCZ__AUD+P11_FINNGEN_SCZ__AUD+P12_PGC_SCZ__CUD+P13_FINNGEN_SCZ__CUD
18	74813815	75976316	12	P2_PGC_SCZ__ADHD+P3_FINNGEN_SCZ__ADHD+P4_PGC_SCZ__ASD+P5_FINNGEN_SCZ__ASD+P6_PGC_SCZ__OCD+P7_FINNGEN_SCZ__OCD+P8_PGC_SCZ__AN+P9_FINNGEN_SCZ__AN+P10_PGC_SCZ__AUD+P11_FINNGEN_SCZ__AUD+P12_PGC_SCZ__CUD+P13_FINNGEN_SCZ__CUD
18	75976317	77149990	12	P2_PGC_SCZ__ADHD+P3_FINNGEN_SCZ__ADHD+P4_PGC_SCZ__ASD+P5_FINNGEN_SCZ__ASD+P6_PGC_SCZ__OCD+P7_FINNGEN_SCZ__OCD+P8_PGC_SCZ__AN+P9_FINNGEN_SCZ__AN+P10_PGC_SCZ__AUD+P11_FINNGEN_SCZ__AUD+P12_PGC_SCZ__CUD+P13_FINNGEN_SCZ__CUD
18	77149991	78017157	12	P2_PGC_SCZ__ADHD+P3_FINNGEN_SCZ__ADHD+P4_PGC_SCZ__ASD+P5_FINNGEN_SCZ__ASD+P6_PGC_SCZ__OCD+P7_FINNGEN_SCZ__OCD+P8_PGC_SCZ__AN+P9_FINNGEN_SCZ__AN+P10_PGC_SCZ__AUD+P11_FINNGEN_SCZ__AUD+P12_PGC_SCZ__CUD+P13_FINNGEN_SCZ__CUD
19	80840	610728	4	P2_PGC_SCZ__ADHD+P3_FINNGEN_SCZ__ADHD+P12_PGC_SCZ__CUD+P13_FINNGEN_SCZ__CUD
19	610729	2098395	12	P2_PGC_SCZ__ADHD+P3_FINNGEN_SCZ__ADHD+P4_PGC_SCZ__ASD+P5_FINNGEN_SCZ__ASD+P6_PGC_SCZ__OCD+P7_FINNGEN_SCZ__OCD+P8_PGC_SCZ__AN+P9_FINNGEN_SCZ__AN+P10_PGC_SCZ__AUD+P11_FINNGEN_SCZ__AUD+P12_PGC_SCZ__CUD+P13_FINNGEN_SCZ__CUD
19	2098396	3019659	12	P2_PGC_SCZ__ADHD+P3_FINNGEN_SCZ__ADHD+P4_PGC_SCZ__ASD+P5_FINNGEN_SCZ__ASD+P6_PGC_SCZ__OCD+P7_FINNGEN_SCZ__OCD+P8_PGC_SCZ__AN+P9_FINNGEN_SCZ__AN+P10_PGC_SCZ__AUD+P11_FINNGEN_SCZ__AUD+P12_PGC_SCZ__CUD+P13_FINNGEN_SCZ__CUD
19	3019660	4348966	12	P2_PGC_SCZ__ADHD+P3_FINNGEN_SCZ__ADHD+P4_PGC_SCZ__ASD+P5_FINNGEN_SCZ__ASD+P6_PGC_SCZ__OCD+P7_FINNGEN_SCZ__OCD+P8_PGC_SCZ__AN+P9_FINNGEN_SCZ__AN+P10_PGC_SCZ__AUD+P11_FINNGEN_SCZ__AUD+P12_PGC_SCZ__CUD+P13_FINNGEN_SCZ__CUD
19	4348967	5811851	12	P2_PGC_SCZ__ADHD+P3_FINNGEN_SCZ__ADHD+P4_PGC_SCZ__ASD+P5_FINNGEN_SCZ__ASD+P6_PGC_SCZ__OCD+P7_FINNGEN_SCZ__OCD+P8_PGC_SCZ__AN+P9_FINNGEN_SCZ__AN+P10_PGC_SCZ__AUD+P11_FINNGEN_SCZ__AUD+P12_PGC_SCZ__CUD+P13_FINNGEN_SCZ__CUD
19	5811852	6684884	12	P2_PGC_SCZ__ADHD+P3_FINNGEN_SCZ__ADHD+P4_PGC_SCZ__ASD+P5_FINNGEN_SCZ__ASD+P6_PGC_SCZ__OCD+P7_FINNGEN_SCZ__OCD+P8_PGC_SCZ__AN+P9_FINNGEN_SCZ__AN+P10_PGC_SCZ__AUD+P11_FINNGEN_SCZ__AUD+P12_PGC_SCZ__CUD+P13_FINNGEN_SCZ__CUD
19	6684885	8347512	12	P2_PGC_SCZ__ADHD+P3_FINNGEN_SCZ__ADHD+P4_PGC_SCZ__ASD+P5_FINNGEN_SCZ__ASD+P6_PGC_SCZ__OCD+P7_FINNGEN_SCZ__OCD+P8_PGC_SCZ__AN+P9_FINNGEN_SCZ__AN+P10_PGC_SCZ__AUD+P11_FINNGEN_SCZ__AUD+P12_PGC_SCZ__CUD+P13_FINNGEN_SCZ__CUD
19	8347513	9238392	12	P2_PGC_SCZ__ADHD+P3_FINNGEN_SCZ__ADHD+P4_PGC_SCZ__ASD+P5_FINNGEN_SCZ__ASD+P6_PGC_SCZ__OCD+P7_FINNGEN_SCZ__OCD+P8_PGC_SCZ__AN+P9_FINNGEN_SCZ__AN+P10_PGC_SCZ__AUD+P11_FINNGEN_SCZ__AUD+P12_PGC_SCZ__CUD+P13_FINNGEN_SCZ__CUD
19	9238393	11284027	12	P2_PGC_SCZ__ADHD+P3_FINNGEN_SCZ__ADHD+P4_PGC_SCZ__ASD+P5_FINNGEN_SCZ__ASD+P6_PGC_SCZ__OCD+P7_FINNGEN_SCZ__OCD+P8_PGC_SCZ__AN+P9_FINNGEN_SCZ__AN+P10_PGC_SCZ__AUD+P11_FINNGEN_SCZ__AUD+P12_PGC_SCZ__CUD+P13_FINNGEN_SCZ__CUD
19	11284028	13471126	12	P2_PGC_SCZ__ADHD+P3_FINNGEN_SCZ__ADHD+P4_PGC_SCZ__ASD+P5_FINNGEN_SCZ__ASD+P6_PGC_SCZ__OCD+P7_FINNGEN_SCZ__OCD+P8_PGC_SCZ__AN+P9_FINNGEN_SCZ__AN+P10_PGC_SCZ__AUD+P11_FINNGEN_SCZ__AUD+P12_PGC_SCZ__CUD+P13_FINNGEN_SCZ__CUD
19	13471127	14486346	12	P2_PGC_SCZ__ADHD+P3_FINNGEN_SCZ__ADHD+P4_PGC_SCZ__ASD+P5_FINNGEN_SCZ__ASD+P6_PGC_SCZ__OCD+P7_FINNGEN_SCZ__OCD+P8_PGC_SCZ__AN+P9_FINNGEN_SCZ__AN+P10_PGC_SCZ__AUD+P11_FINNGEN_SCZ__AUD+P12_PGC_SCZ__CUD+P13_FINNGEN_SCZ__CUD
19	14486347	15648609	12	P2_PGC_SCZ__ADHD+P3_FINNGEN_SCZ__ADHD+P4_PGC_SCZ__ASD+P5_FINNGEN_SCZ__ASD+P6_PGC_SCZ__OCD+P7_FINNGEN_SCZ__OCD+P8_PGC_SCZ__AN+P9_FINNGEN_SCZ__AN+P10_PGC_SCZ__AUD+P11_FINNGEN_SCZ__AUD+P12_PGC_SCZ__CUD+P13_FINNGEN_SCZ__CUD
19	15648610	16374415	12	P2_PGC_SCZ__ADHD+P3_FINNGEN_SCZ__ADHD+P4_PGC_SCZ__ASD+P5_FINNGEN_SCZ__ASD+P6_PGC_SCZ__OCD+P7_FINNGEN_SCZ__OCD+P8_PGC_SCZ__AN+P9_FINNGEN_SCZ__AN+P10_PGC_SCZ__AUD+P11_FINNGEN_SCZ__AUD+P12_PGC_SCZ__CUD+P13_FINNGEN_SCZ__CUD
19	16374416	18409861	12	P2_PGC_SCZ__ADHD+P3_FINNGEN_SCZ__ADHD+P4_PGC_SCZ__ASD+P5_FINNGEN_SCZ__ASD+P6_PGC_SCZ__OCD+P7_FINNGEN_SCZ__OCD+P8_PGC_SCZ__AN+P9_FINNGEN_SCZ__AN+P10_PGC_SCZ__AUD+P11_FINNGEN_SCZ__AUD+P12_PGC_SCZ__CUD+P13_FINNGEN_SCZ__CUD
19	18409862	19877470	12	P2_PGC_SCZ__ADHD+P3_FINNGEN_SCZ__ADHD+P4_PGC_SCZ__ASD+P5_FINNGEN_SCZ__ASD+P6_PGC_SCZ__OCD+P7_FINNGEN_SCZ__OCD+P8_PGC_SCZ__AN+P9_FINNGEN_SCZ__AN+P10_PGC_SCZ__AUD+P11_FINNGEN_SCZ__AUD+P12_PGC_SCZ__CUD+P13_FINNGEN_SCZ__CUD
19	19877471	20905756	10	P2_PGC_SCZ__ADHD+P3_FINNGEN_SCZ__ADHD+P4_PGC_SCZ__ASD+P5_FINNGEN_SCZ__ASD+P6_PGC_SCZ__OCD+P7_FINNGEN_SCZ__OCD+P10_PGC_SCZ__AUD+P11_FINNGEN_SCZ__AUD+P12_PGC_SCZ__CUD+P13_FINNGEN_SCZ__CUD
19	20905757	22732895	12	P2_PGC_SCZ__ADHD+P3_FINNGEN_SCZ__ADHD+P4_PGC_SCZ__ASD+P5_FINNGEN_SCZ__ASD+P6_PGC_SCZ__OCD+P7_FINNGEN_SCZ__OCD+P8_PGC_SCZ__AN+P9_FINNGEN_SCZ__AN+P10_PGC_SCZ__AUD+P11_FINNGEN_SCZ__AUD+P12_PGC_SCZ__CUD+P13_FINNGEN_SCZ__CUD
19	22732896	23467745	10	P2_PGC_SCZ__ADHD+P3_FINNGEN_SCZ__ADHD+P4_PGC_SCZ__ASD+P5_FINNGEN_SCZ__ASD+P6_PGC_SCZ__OCD+P7_FINNGEN_SCZ__OCD+P10_PGC_SCZ__AUD+P11_FINNGEN_SCZ__AUD+P12_PGC_SCZ__CUD+P13_FINNGEN_SCZ__CUD
19	23467746	28557892	12	P2_PGC_SCZ__ADHD+P3_FINNGEN_SCZ__ADHD+P4_PGC_SCZ__ASD+P5_FINNGEN_SCZ__ASD+P6_PGC_SCZ__OCD+P7_FINNGEN_SCZ__OCD+P8_PGC_SCZ__AN+P9_FINNGEN_SCZ__AN+P10_PGC_SCZ__AUD+P11_FINNGEN_SCZ__AUD+P12_PGC_SCZ__CUD+P13_FINNGEN_SCZ__CUD
19	28557893	29790946	12	P2_PGC_SCZ__ADHD+P3_FINNGEN_SCZ__ADHD+P4_PGC_SCZ__ASD+P5_FINNGEN_SCZ__ASD+P6_PGC_SCZ__OCD+P7_FINNGEN_SCZ__OCD+P8_PGC_SCZ__AN+P9_FINNGEN_SCZ__AN+P10_PGC_SCZ__AUD+P11_FINNGEN_SCZ__AUD+P12_PGC_SCZ__CUD+P13_FINNGEN_SCZ__CUD
19	29790947	30727953	12	P2_PGC_SCZ__ADHD+P3_FINNGEN_SCZ__ADHD+P4_PGC_SCZ__ASD+P5_FINNGEN_SCZ__ASD+P6_PGC_SCZ__OCD+P7_FINNGEN_SCZ__OCD+P8_PGC_SCZ__AN+P9_FINNGEN_SCZ__AN+P10_PGC_SCZ__AUD+P11_FINNGEN_SCZ__AUD+P12_PGC_SCZ__CUD+P13_FINNGEN_SCZ__CUD
19	30727954	32746519	12	P2_PGC_SCZ__ADHD+P3_FINNGEN_SCZ__ADHD+P4_PGC_SCZ__ASD+P5_FINNGEN_SCZ__ASD+P6_PGC_SCZ__OCD+P7_FINNGEN_SCZ__OCD+P8_PGC_SCZ__AN+P9_FINNGEN_SCZ__AN+P10_PGC_SCZ__AUD+P11_FINNGEN_SCZ__AUD+P12_PGC_SCZ__CUD+P13_FINNGEN_SCZ__CUD
19	32746520	34262951	12	P2_PGC_SCZ__ADHD+P3_FINNGEN_SCZ__ADHD+P4_PGC_SCZ__ASD+P5_FINNGEN_SCZ__ASD+P6_PGC_SCZ__OCD+P7_FINNGEN_SCZ__OCD+P8_PGC_SCZ__AN+P9_FINNGEN_SCZ__AN+P10_PGC_SCZ__AUD+P11_FINNGEN_SCZ__AUD+P12_PGC_SCZ__CUD+P13_FINNGEN_SCZ__CUD
19	34262952	36469294	12	P2_PGC_SCZ__ADHD+P3_FINNGEN_SCZ__ADHD+P4_PGC_SCZ__ASD+P5_FINNGEN_SCZ__ASD+P6_PGC_SCZ__OCD+P7_FINNGEN_SCZ__OCD+P8_PGC_SCZ__AN+P9_FINNGEN_SCZ__AN+P10_PGC_SCZ__AUD+P11_FINNGEN_SCZ__AUD+P12_PGC_SCZ__CUD+P13_FINNGEN_SCZ__CUD
19	36469295	37527032	12	P2_PGC_SCZ__ADHD+P3_FINNGEN_SCZ__ADHD+P4_PGC_SCZ__ASD+P5_FINNGEN_SCZ__ASD+P6_PGC_SCZ__OCD+P7_FINNGEN_SCZ__OCD+P8_PGC_SCZ__AN+P9_FINNGEN_SCZ__AN+P10_PGC_SCZ__AUD+P11_FINNGEN_SCZ__AUD+P12_PGC_SCZ__CUD+P13_FINNGEN_SCZ__CUD
19	37527033	40170618	12	P2_PGC_SCZ__ADHD+P3_FINNGEN_SCZ__ADHD+P4_PGC_SCZ__ASD+P5_FINNGEN_SCZ__ASD+P6_PGC_SCZ__OCD+P7_FINNGEN_SCZ__OCD+P8_PGC_SCZ__AN+P9_FINNGEN_SCZ__AN+P10_PGC_SCZ__AUD+P11_FINNGEN_SCZ__AUD+P12_PGC_SCZ__CUD+P13_FINNGEN_SCZ__CUD
19	40170619	40984600	12	P2_PGC_SCZ__ADHD+P3_FINNGEN_SCZ__ADHD+P4_PGC_SCZ__ASD+P5_FINNGEN_SCZ__ASD+P6_PGC_SCZ__OCD+P7_FINNGEN_SCZ__OCD+P8_PGC_SCZ__AN+P9_FINNGEN_SCZ__AN+P10_PGC_SCZ__AUD+P11_FINNGEN_SCZ__AUD+P12_PGC_SCZ__CUD+P13_FINNGEN_SCZ__CUD
19	40984601	42131572	12	P2_PGC_SCZ__ADHD+P3_FINNGEN_SCZ__ADHD+P4_PGC_SCZ__ASD+P5_FINNGEN_SCZ__ASD+P6_PGC_SCZ__OCD+P7_FINNGEN_SCZ__OCD+P8_PGC_SCZ__AN+P9_FINNGEN_SCZ__AN+P10_PGC_SCZ__AUD+P11_FINNGEN_SCZ__AUD+P12_PGC_SCZ__CUD+P13_FINNGEN_SCZ__CUD
19	42131573	43862454	10	P2_PGC_SCZ__ADHD+P3_FINNGEN_SCZ__ADHD+P4_PGC_SCZ__ASD+P5_FINNGEN_SCZ__ASD+P6_PGC_SCZ__OCD+P7_FINNGEN_SCZ__OCD+P10_PGC_SCZ__AUD+P11_FINNGEN_SCZ__AUD+P12_PGC_SCZ__CUD+P13_FINNGEN_SCZ__CUD
19	43862455	44744107	12	P2_PGC_SCZ__ADHD+P3_FINNGEN_SCZ__ADHD+P4_PGC_SCZ__ASD+P5_FINNGEN_SCZ__ASD+P6_PGC_SCZ__OCD+P7_FINNGEN_SCZ__OCD+P8_PGC_SCZ__AN+P9_FINNGEN_SCZ__AN+P10_PGC_SCZ__AUD+P11_FINNGEN_SCZ__AUD+P12_PGC_SCZ__CUD+P13_FINNGEN_SCZ__CUD
19	44744108	46102696	12	P2_PGC_SCZ__ADHD+P3_FINNGEN_SCZ__ADHD+P4_PGC_SCZ__ASD+P5_FINNGEN_SCZ__ASD+P6_PGC_SCZ__OCD+P7_FINNGEN_SCZ__OCD+P8_PGC_SCZ__AN+P9_FINNGEN_SCZ__AN+P10_PGC_SCZ__AUD+P11_FINNGEN_SCZ__AUD+P12_PGC_SCZ__CUD+P13_FINNGEN_SCZ__CUD
19	46102697	47150081	12	P2_PGC_SCZ__ADHD+P3_FINNGEN_SCZ__ADHD+P4_PGC_SCZ__ASD+P5_FINNGEN_SCZ__ASD+P6_PGC_SCZ__OCD+P7_FINNGEN_SCZ__OCD+P8_PGC_SCZ__AN+P9_FINNGEN_SCZ__AN+P10_PGC_SCZ__AUD+P11_FINNGEN_SCZ__AUD+P12_PGC_SCZ__CUD+P13_FINNGEN_SCZ__CUD
19	47150082	49282226	12	P2_PGC_SCZ__ADHD+P3_FINNGEN_SCZ__ADHD+P4_PGC_SCZ__ASD+P5_FINNGEN_SCZ__ASD+P6_PGC_SCZ__OCD+P7_FINNGEN_SCZ__OCD+P8_PGC_SCZ__AN+P9_FINNGEN_SCZ__AN+P10_PGC_SCZ__AUD+P11_FINNGEN_SCZ__AUD+P12_PGC_SCZ__CUD+P13_FINNGEN_SCZ__CUD
19	49282227	51532566	12	P2_PGC_SCZ__ADHD+P3_FINNGEN_SCZ__ADHD+P4_PGC_SCZ__ASD+P5_FINNGEN_SCZ__ASD+P6_PGC_SCZ__OCD+P7_FINNGEN_SCZ__OCD+P8_PGC_SCZ__AN+P9_FINNGEN_SCZ__AN+P10_PGC_SCZ__AUD+P11_FINNGEN_SCZ__AUD+P12_PGC_SCZ__CUD+P13_FINNGEN_SCZ__CUD
19	51532567	52985289	12	P2_PGC_SCZ__ADHD+P3_FINNGEN_SCZ__ADHD+P4_PGC_SCZ__ASD+P5_FINNGEN_SCZ__ASD+P6_PGC_SCZ__OCD+P7_FINNGEN_SCZ__OCD+P8_PGC_SCZ__AN+P9_FINNGEN_SCZ__AN+P10_PGC_SCZ__AUD+P11_FINNGEN_SCZ__AUD+P12_PGC_SCZ__CUD+P13_FINNGEN_SCZ__CUD
19	52985290	54602361	12	P2_PGC_SCZ__ADHD+P3_FINNGEN_SCZ__ADHD+P4_PGC_SCZ__ASD+P5_FINNGEN_SCZ__ASD+P6_PGC_SCZ__OCD+P7_FINNGEN_SCZ__OCD+P8_PGC_SCZ__AN+P9_FINNGEN_SCZ__AN+P10_PGC_SCZ__AUD+P11_FINNGEN_SCZ__AUD+P12_PGC_SCZ__CUD+P13_FINNGEN_SCZ__CUD
19	54602362	55728079	12	P2_PGC_SCZ__ADHD+P3_FINNGEN_SCZ__ADHD+P4_PGC_SCZ__ASD+P5_FINNGEN_SCZ__ASD+P6_PGC_SCZ__OCD+P7_FINNGEN_SCZ__OCD+P8_PGC_SCZ__AN+P9_FINNGEN_SCZ__AN+P10_PGC_SCZ__AUD+P11_FINNGEN_SCZ__AUD+P12_PGC_SCZ__CUD+P13_FINNGEN_SCZ__CUD
19	55728080	57521334	12	P2_PGC_SCZ__ADHD+P3_FINNGEN_SCZ__ADHD+P4_PGC_SCZ__ASD+P5_FINNGEN_SCZ__ASD+P6_PGC_SCZ__OCD+P7_FINNGEN_SCZ__OCD+P8_PGC_SCZ__AN+P9_FINNGEN_SCZ__AN+P10_PGC_SCZ__AUD+P11_FINNGEN_SCZ__AUD+P12_PGC_SCZ__CUD+P13_FINNGEN_SCZ__CUD
19	57521335	59118838	12	P2_PGC_SCZ__ADHD+P3_FINNGEN_SCZ__ADHD+P4_PGC_SCZ__ASD+P5_FINNGEN_SCZ__ASD+P6_PGC_SCZ__OCD+P7_FINNGEN_SCZ__OCD+P8_PGC_SCZ__AN+P9_FINNGEN_SCZ__AN+P10_PGC_SCZ__AUD+P11_FINNGEN_SCZ__AUD+P12_PGC_SCZ__CUD+P13_FINNGEN_SCZ__CUD
2	10133	1781021	12	P2_PGC_SCZ__ADHD+P3_FINNGEN_SCZ__ADHD+P4_PGC_SCZ__ASD+P5_FINNGEN_SCZ__ASD+P6_PGC_SCZ__OCD+P7_FINNGEN_SCZ__OCD+P8_PGC_SCZ__AN+P9_FINNGEN_SCZ__AN+P10_PGC_SCZ__AUD+P11_FINNGEN_SCZ__AUD+P12_PGC_SCZ__CUD+P13_FINNGEN_SCZ__CUD
2	1781022	3973778	12	P2_PGC_SCZ__ADHD+P3_FINNGEN_SCZ__ADHD+P4_PGC_SCZ__ASD+P5_FINNGEN_SCZ__ASD+P6_PGC_SCZ__OCD+P7_FINNGEN_SCZ__OCD+P8_PGC_SCZ__AN+P9_FINNGEN_SCZ__AN+P10_PGC_SCZ__AUD+P11_FINNGEN_SCZ__AUD+P12_PGC_SCZ__CUD+P13_FINNGEN_SCZ__CUD
2	3973779	5708336	12	P2_PGC_SCZ__ADHD+P3_FINNGEN_SCZ__ADHD+P4_PGC_SCZ__ASD+P5_FINNGEN_SCZ__ASD+P6_PGC_SCZ__OCD+P7_FINNGEN_SCZ__OCD+P8_PGC_SCZ__AN+P9_FINNGEN_SCZ__AN+P10_PGC_SCZ__AUD+P11_FINNGEN_SCZ__AUD+P12_PGC_SCZ__CUD+P13_FINNGEN_SCZ__CUD
2	5708337	6836253	12	P2_PGC_SCZ__ADHD+P3_FINNGEN_SCZ__ADHD+P4_PGC_SCZ__ASD+P5_FINNGEN_SCZ__ASD+P6_PGC_SCZ__OCD+P7_FINNGEN_SCZ__OCD+P8_PGC_SCZ__AN+P9_FINNGEN_SCZ__AN+P10_PGC_SCZ__AUD+P11_FINNGEN_SCZ__AUD+P12_PGC_SCZ__CUD+P13_FINNGEN_SCZ__CUD
2	6836254	8422146	12	P2_PGC_SCZ__ADHD+P3_FINNGEN_SCZ__ADHD+P4_PGC_SCZ__ASD+P5_FINNGEN_SCZ__ASD+P6_PGC_SCZ__OCD+P7_FINNGEN_SCZ__OCD+P8_PGC_SCZ__AN+P9_FINNGEN_SCZ__AN+P10_PGC_SCZ__AUD+P11_FINNGEN_SCZ__AUD+P12_PGC_SCZ__CUD+P13_FINNGEN_SCZ__CUD
2	8422147	10298468	12	P2_PGC_SCZ__ADHD+P3_FINNGEN_SCZ__ADHD+P4_PGC_SCZ__ASD+P5_FINNGEN_SCZ__ASD+P6_PGC_SCZ__OCD+P7_FINNGEN_SCZ__OCD+P8_PGC_SCZ__AN+P9_FINNGEN_SCZ__AN+P10_PGC_SCZ__AUD+P11_FINNGEN_SCZ__AUD+P12_PGC_SCZ__CUD+P13_FINNGEN_SCZ__CUD
2	10298469	12419149	12	P2_PGC_SCZ__ADHD+P3_FINNGEN_SCZ__ADHD+P4_PGC_SCZ__ASD+P5_FINNGEN_SCZ__ASD+P6_PGC_SCZ__OCD+P7_FINNGEN_SCZ__OCD+P8_PGC_SCZ__AN+P9_FINNGEN_SCZ__AN+P10_PGC_SCZ__AUD+P11_FINNGEN_SCZ__AUD+P12_PGC_SCZ__CUD+P13_FINNGEN_SCZ__CUD
2	12419150	14335307	12	P2_PGC_SCZ__ADHD+P3_FINNGEN_SCZ__ADHD+P4_PGC_SCZ__ASD+P5_FINNGEN_SCZ__ASD+P6_PGC_SCZ__OCD+P7_FINNGEN_SCZ__OCD+P8_PGC_SCZ__AN+P9_FINNGEN_SCZ__AN+P10_PGC_SCZ__AUD+P11_FINNGEN_SCZ__AUD+P12_PGC_SCZ__CUD+P13_FINNGEN_SCZ__CUD
2	14335308	16329734	12	P2_PGC_SCZ__ADHD+P3_FINNGEN_SCZ__ADHD+P4_PGC_SCZ__ASD+P5_FINNGEN_SCZ__ASD+P6_PGC_SCZ__OCD+P7_FINNGEN_SCZ__OCD+P8_PGC_SCZ__AN+P9_FINNGEN_SCZ__AN+P10_PGC_SCZ__AUD+P11_FINNGEN_SCZ__AUD+P12_PGC_SCZ__CUD+P13_FINNGEN_SCZ__CUD
2	16329735	18647422	12	P2_PGC_SCZ__ADHD+P3_FINNGEN_SCZ__ADHD+P4_PGC_SCZ__ASD+P5_FINNGEN_SCZ__ASD+P6_PGC_SCZ__OCD+P7_FINNGEN_SCZ__OCD+P8_PGC_SCZ__AN+P9_FINNGEN_SCZ__AN+P10_PGC_SCZ__AUD+P11_FINNGEN_SCZ__AUD+P12_PGC_SCZ__CUD+P13_FINNGEN_SCZ__CUD
2	18647423	19692403	12	P2_PGC_SCZ__ADHD+P3_FINNGEN_SCZ__ADHD+P4_PGC_SCZ__ASD+P5_FINNGEN_SCZ__ASD+P6_PGC_SCZ__OCD+P7_FINNGEN_SCZ__OCD+P8_PGC_SCZ__AN+P9_FINNGEN_SCZ__AN+P10_PGC_SCZ__AUD+P11_FINNGEN_SCZ__AUD+P12_PGC_SCZ__CUD+P13_FINNGEN_SCZ__CUD
2	19692404	21050489	12	P2_PGC_SCZ__ADHD+P3_FINNGEN_SCZ__ADHD+P4_PGC_SCZ__ASD+P5_FINNGEN_SCZ__ASD+P6_PGC_SCZ__OCD+P7_FINNGEN_SCZ__OCD+P8_PGC_SCZ__AN+P9_FINNGEN_SCZ__AN+P10_PGC_SCZ__AUD+P11_FINNGEN_SCZ__AUD+P12_PGC_SCZ__CUD+P13_FINNGEN_SCZ__CUD
2	21050490	23341382	12	P2_PGC_SCZ__ADHD+P3_FINNGEN_SCZ__ADHD+P4_PGC_SCZ__ASD+P5_FINNGEN_SCZ__ASD+P6_PGC_SCZ__OCD+P7_FINNGEN_SCZ__OCD+P8_PGC_SCZ__AN+P9_FINNGEN_SCZ__AN+P10_PGC_SCZ__AUD+P11_FINNGEN_SCZ__AUD+P12_PGC_SCZ__CUD+P13_FINNGEN_SCZ__CUD
2	23341383	24686917	12	P2_PGC_SCZ__ADHD+P3_FINNGEN_SCZ__ADHD+P4_PGC_SCZ__ASD+P5_FINNGEN_SCZ__ASD+P6_PGC_SCZ__OCD+P7_FINNGEN_SCZ__OCD+P8_PGC_SCZ__AN+P9_FINNGEN_SCZ__AN+P10_PGC_SCZ__AUD+P11_FINNGEN_SCZ__AUD+P12_PGC_SCZ__CUD+P13_FINNGEN_SCZ__CUD
2	24686918	26894984	12	P2_PGC_SCZ__ADHD+P3_FINNGEN_SCZ__ADHD+P4_PGC_SCZ__ASD+P5_FINNGEN_SCZ__ASD+P6_PGC_SCZ__OCD+P7_FINNGEN_SCZ__OCD+P8_PGC_SCZ__AN+P9_FINNGEN_SCZ__AN+P10_PGC_SCZ__AUD+P11_FINNGEN_SCZ__AUD+P12_PGC_SCZ__CUD+P13_FINNGEN_SCZ__CUD
2	26894985	28598776	12	P2_PGC_SCZ__ADHD+P3_FINNGEN_SCZ__ADHD+P4_PGC_SCZ__ASD+P5_FINNGEN_SCZ__ASD+P6_PGC_SCZ__OCD+P7_FINNGEN_SCZ__OCD+P8_PGC_SCZ__AN+P9_FINNGEN_SCZ__AN+P10_PGC_SCZ__AUD+P11_FINNGEN_SCZ__AUD+P12_PGC_SCZ__CUD+P13_FINNGEN_SCZ__CUD
2	28598777	29217558	12	P2_PGC_SCZ__ADHD+P3_FINNGEN_SCZ__ADHD+P4_PGC_SCZ__ASD+P5_FINNGEN_SCZ__ASD+P6_PGC_SCZ__OCD+P7_FINNGEN_SCZ__OCD+P8_PGC_SCZ__AN+P9_FINNGEN_SCZ__AN+P10_PGC_SCZ__AUD+P11_FINNGEN_SCZ__AUD+P12_PGC_SCZ__CUD+P13_FINNGEN_SCZ__CUD
2	29217559	30463710	12	P2_PGC_SCZ__ADHD+P3_FINNGEN_SCZ__ADHD+P4_PGC_SCZ__ASD+P5_FINNGEN_SCZ__ASD+P6_PGC_SCZ__OCD+P7_FINNGEN_SCZ__OCD+P8_PGC_SCZ__AN+P9_FINNGEN_SCZ__AN+P10_PGC_SCZ__AUD+P11_FINNGEN_SCZ__AUD+P12_PGC_SCZ__CUD+P13_FINNGEN_SCZ__CUD
2	30463711	31550449	12	P2_PGC_SCZ__ADHD+P3_FINNGEN_SCZ__ADHD+P4_PGC_SCZ__ASD+P5_FINNGEN_SCZ__ASD+P6_PGC_SCZ__OCD+P7_FINNGEN_SCZ__OCD+P8_PGC_SCZ__AN+P9_FINNGEN_SCZ__AN+P10_PGC_SCZ__AUD+P11_FINNGEN_SCZ__AUD+P12_PGC_SCZ__CUD+P13_FINNGEN_SCZ__CUD
2	31550450	33363776	12	P2_PGC_SCZ__ADHD+P3_FINNGEN_SCZ__ADHD+P4_PGC_SCZ__ASD+P5_FINNGEN_SCZ__ASD+P6_PGC_SCZ__OCD+P7_FINNGEN_SCZ__OCD+P8_PGC_SCZ__AN+P9_FINNGEN_SCZ__AN+P10_PGC_SCZ__AUD+P11_FINNGEN_SCZ__AUD+P12_PGC_SCZ__CUD+P13_FINNGEN_SCZ__CUD
2	33363777	35345027	12	P2_PGC_SCZ__ADHD+P3_FINNGEN_SCZ__ADHD+P4_PGC_SCZ__ASD+P5_FINNGEN_SCZ__ASD+P6_PGC_SCZ__OCD+P7_FINNGEN_SCZ__OCD+P8_PGC_SCZ__AN+P9_FINNGEN_SCZ__AN+P10_PGC_SCZ__AUD+P11_FINNGEN_SCZ__AUD+P12_PGC_SCZ__CUD+P13_FINNGEN_SCZ__CUD
2	35345028	36122005	12	P2_PGC_SCZ__ADHD+P3_FINNGEN_SCZ__ADHD+P4_PGC_SCZ__ASD+P5_FINNGEN_SCZ__ASD+P6_PGC_SCZ__OCD+P7_FINNGEN_SCZ__OCD+P8_PGC_SCZ__AN+P9_FINNGEN_SCZ__AN+P10_PGC_SCZ__AUD+P11_FINNGEN_SCZ__AUD+P12_PGC_SCZ__CUD+P13_FINNGEN_SCZ__CUD
2	36122006	38132711	12	P2_PGC_SCZ__ADHD+P3_FINNGEN_SCZ__ADHD+P4_PGC_SCZ__ASD+P5_FINNGEN_SCZ__ASD+P6_PGC_SCZ__OCD+P7_FINNGEN_SCZ__OCD+P8_PGC_SCZ__AN+P9_FINNGEN_SCZ__AN+P10_PGC_SCZ__AUD+P11_FINNGEN_SCZ__AUD+P12_PGC_SCZ__CUD+P13_FINNGEN_SCZ__CUD
2	38132712	39031336	12	P2_PGC_SCZ__ADHD+P3_FINNGEN_SCZ__ADHD+P4_PGC_SCZ__ASD+P5_FINNGEN_SCZ__ASD+P6_PGC_SCZ__OCD+P7_FINNGEN_SCZ__OCD+P8_PGC_SCZ__AN+P9_FINNGEN_SCZ__AN+P10_PGC_SCZ__AUD+P11_FINNGEN_SCZ__AUD+P12_PGC_SCZ__CUD+P13_FINNGEN_SCZ__CUD
2	39031337	40281482	12	P2_PGC_SCZ__ADHD+P3_FINNGEN_SCZ__ADHD+P4_PGC_SCZ__ASD+P5_FINNGEN_SCZ__ASD+P6_PGC_SCZ__OCD+P7_FINNGEN_SCZ__OCD+P8_PGC_SCZ__AN+P9_FINNGEN_SCZ__AN+P10_PGC_SCZ__AUD+P11_FINNGEN_SCZ__AUD+P12_PGC_SCZ__CUD+P13_FINNGEN_SCZ__CUD
2	40281483	43309589	12	P2_PGC_SCZ__ADHD+P3_FINNGEN_SCZ__ADHD+P4_PGC_SCZ__ASD+P5_FINNGEN_SCZ__ASD+P6_PGC_SCZ__OCD+P7_FINNGEN_SCZ__OCD+P8_PGC_SCZ__AN+P9_FINNGEN_SCZ__AN+P10_PGC_SCZ__AUD+P11_FINNGEN_SCZ__AUD+P12_PGC_SCZ__CUD+P13_FINNGEN_SCZ__CUD
2	43309590	44313802	12	P2_PGC_SCZ__ADHD+P3_FINNGEN_SCZ__ADHD+P4_PGC_SCZ__ASD+P5_FINNGEN_SCZ__ASD+P6_PGC_SCZ__OCD+P7_FINNGEN_SCZ__OCD+P8_PGC_SCZ__AN+P9_FINNGEN_SCZ__AN+P10_PGC_SCZ__AUD+P11_FINNGEN_SCZ__AUD+P12_PGC_SCZ__CUD+P13_FINNGEN_SCZ__CUD
2	44313803	46482633	12	P2_PGC_SCZ__ADHD+P3_FINNGEN_SCZ__ADHD+P4_PGC_SCZ__ASD+P5_FINNGEN_SCZ__ASD+P6_PGC_SCZ__OCD+P7_FINNGEN_SCZ__OCD+P8_PGC_SCZ__AN+P9_FINNGEN_SCZ__AN+P10_PGC_SCZ__AUD+P11_FINNGEN_SCZ__AUD+P12_PGC_SCZ__CUD+P13_FINNGEN_SCZ__CUD
2	46482634	47318771	12	P2_PGC_SCZ__ADHD+P3_FINNGEN_SCZ__ADHD+P4_PGC_SCZ__ASD+P5_FINNGEN_SCZ__ASD+P6_PGC_SCZ__OCD+P7_FINNGEN_SCZ__OCD+P8_PGC_SCZ__AN+P9_FINNGEN_SCZ__AN+P10_PGC_SCZ__AUD+P11_FINNGEN_SCZ__AUD+P12_PGC_SCZ__CUD+P13_FINNGEN_SCZ__CUD
2	47318772	48213000	12	P2_PGC_SCZ__ADHD+P3_FINNGEN_SCZ__ADHD+P4_PGC_SCZ__ASD+P5_FINNGEN_SCZ__ASD+P6_PGC_SCZ__OCD+P7_FINNGEN_SCZ__OCD+P8_PGC_SCZ__AN+P9_FINNGEN_SCZ__AN+P10_PGC_SCZ__AUD+P11_FINNGEN_SCZ__AUD+P12_PGC_SCZ__CUD+P13_FINNGEN_SCZ__CUD
2	48213001	50022256	12	P2_PGC_SCZ__ADHD+P3_FINNGEN_SCZ__ADHD+P4_PGC_SCZ__ASD+P5_FINNGEN_SCZ__ASD+P6_PGC_SCZ__OCD+P7_FINNGEN_SCZ__OCD+P8_PGC_SCZ__AN+P9_FINNGEN_SCZ__AN+P10_PGC_SCZ__AUD+P11_FINNGEN_SCZ__AUD+P12_PGC_SCZ__CUD+P13_FINNGEN_SCZ__CUD
2	50022257	50818927	12	P2_PGC_SCZ__ADHD+P3_FINNGEN_SCZ__ADHD+P4_PGC_SCZ__ASD+P5_FINNGEN_SCZ__ASD+P6_PGC_SCZ__OCD+P7_FINNGEN_SCZ__OCD+P8_PGC_SCZ__AN+P9_FINNGEN_SCZ__AN+P10_PGC_SCZ__AUD+P11_FINNGEN_SCZ__AUD+P12_PGC_SCZ__CUD+P13_FINNGEN_SCZ__CUD
2	50818928	52491132	12	P2_PGC_SCZ__ADHD+P3_FINNGEN_SCZ__ADHD+P4_PGC_SCZ__ASD+P5_FINNGEN_SCZ__ASD+P6_PGC_SCZ__OCD+P7_FINNGEN_SCZ__OCD+P8_PGC_SCZ__AN+P9_FINNGEN_SCZ__AN+P10_PGC_SCZ__AUD+P11_FINNGEN_SCZ__AUD+P12_PGC_SCZ__CUD+P13_FINNGEN_SCZ__CUD
2	52491133	53508451	12	P2_PGC_SCZ__ADHD+P3_FINNGEN_SCZ__ADHD+P4_PGC_SCZ__ASD+P5_FINNGEN_SCZ__ASD+P6_PGC_SCZ__OCD+P7_FINNGEN_SCZ__OCD+P8_PGC_SCZ__AN+P9_FINNGEN_SCZ__AN+P10_PGC_SCZ__AUD+P11_FINNGEN_SCZ__AUD+P12_PGC_SCZ__CUD+P13_FINNGEN_SCZ__CUD
2	53508452	54685225	12	P2_PGC_SCZ__ADHD+P3_FINNGEN_SCZ__ADHD+P4_PGC_SCZ__ASD+P5_FINNGEN_SCZ__ASD+P6_PGC_SCZ__OCD+P7_FINNGEN_SCZ__OCD+P8_PGC_SCZ__AN+P9_FINNGEN_SCZ__AN+P10_PGC_SCZ__AUD+P11_FINNGEN_SCZ__AUD+P12_PGC_SCZ__CUD+P13_FINNGEN_SCZ__CUD
2	54685226	56203344	12	P2_PGC_SCZ__ADHD+P3_FINNGEN_SCZ__ADHD+P4_PGC_SCZ__ASD+P5_FINNGEN_SCZ__ASD+P6_PGC_SCZ__OCD+P7_FINNGEN_SCZ__OCD+P8_PGC_SCZ__AN+P9_FINNGEN_SCZ__AN+P10_PGC_SCZ__AUD+P11_FINNGEN_SCZ__AUD+P12_PGC_SCZ__CUD+P13_FINNGEN_SCZ__CUD
2	56203345	57429099	12	P2_PGC_SCZ__ADHD+P3_FINNGEN_SCZ__ADHD+P4_PGC_SCZ__ASD+P5_FINNGEN_SCZ__ASD+P6_PGC_SCZ__OCD+P7_FINNGEN_SCZ__OCD+P8_PGC_SCZ__AN+P9_FINNGEN_SCZ__AN+P10_PGC_SCZ__AUD+P11_FINNGEN_SCZ__AUD+P12_PGC_SCZ__CUD+P13_FINNGEN_SCZ__CUD
2	57429100	58297314	12	P2_PGC_SCZ__ADHD+P3_FINNGEN_SCZ__ADHD+P4_PGC_SCZ__ASD+P5_FINNGEN_SCZ__ASD+P6_PGC_SCZ__OCD+P7_FINNGEN_SCZ__OCD+P8_PGC_SCZ__AN+P9_FINNGEN_SCZ__AN+P10_PGC_SCZ__AUD+P11_FINNGEN_SCZ__AUD+P12_PGC_SCZ__CUD+P13_FINNGEN_SCZ__CUD
2	58297315	60291999	12	P2_PGC_SCZ__ADHD+P3_FINNGEN_SCZ__ADHD+P4_PGC_SCZ__ASD+P5_FINNGEN_SCZ__ASD+P6_PGC_SCZ__OCD+P7_FINNGEN_SCZ__OCD+P8_PGC_SCZ__AN+P9_FINNGEN_SCZ__AN+P10_PGC_SCZ__AUD+P11_FINNGEN_SCZ__AUD+P12_PGC_SCZ__CUD+P13_FINNGEN_SCZ__CUD
2	60292000	62429043	12	P2_PGC_SCZ__ADHD+P3_FINNGEN_SCZ__ADHD+P4_PGC_SCZ__ASD+P5_FINNGEN_SCZ__ASD+P6_PGC_SCZ__OCD+P7_FINNGEN_SCZ__OCD+P8_PGC_SCZ__AN+P9_FINNGEN_SCZ__AN+P10_PGC_SCZ__AUD+P11_FINNGEN_SCZ__AUD+P12_PGC_SCZ__CUD+P13_FINNGEN_SCZ__CUD
2	62429044	64625912	12	P2_PGC_SCZ__ADHD+P3_FINNGEN_SCZ__ADHD+P4_PGC_SCZ__ASD+P5_FINNGEN_SCZ__ASD+P6_PGC_SCZ__OCD+P7_FINNGEN_SCZ__OCD+P8_PGC_SCZ__AN+P9_FINNGEN_SCZ__AN+P10_PGC_SCZ__AUD+P11_FINNGEN_SCZ__AUD+P12_PGC_SCZ__CUD+P13_FINNGEN_SCZ__CUD
2	64625913	65933443	12	P2_PGC_SCZ__ADHD+P3_FINNGEN_SCZ__ADHD+P4_PGC_SCZ__ASD+P5_FINNGEN_SCZ__ASD+P6_PGC_SCZ__OCD+P7_FINNGEN_SCZ__OCD+P8_PGC_SCZ__AN+P9_FINNGEN_SCZ__AN+P10_PGC_SCZ__AUD+P11_FINNGEN_SCZ__AUD+P12_PGC_SCZ__CUD+P13_FINNGEN_SCZ__CUD
2	65933444	67226165	12	P2_PGC_SCZ__ADHD+P3_FINNGEN_SCZ__ADHD+P4_PGC_SCZ__ASD+P5_FINNGEN_SCZ__ASD+P6_PGC_SCZ__OCD+P7_FINNGEN_SCZ__OCD+P8_PGC_SCZ__AN+P9_FINNGEN_SCZ__AN+P10_PGC_SCZ__AUD+P11_FINNGEN_SCZ__AUD+P12_PGC_SCZ__CUD+P13_FINNGEN_SCZ__CUD
2	67226166	68010175	12	P2_PGC_SCZ__ADHD+P3_FINNGEN_SCZ__ADHD+P4_PGC_SCZ__ASD+P5_FINNGEN_SCZ__ASD+P6_PGC_SCZ__OCD+P7_FINNGEN_SCZ__OCD+P8_PGC_SCZ__AN+P9_FINNGEN_SCZ__AN+P10_PGC_SCZ__AUD+P11_FINNGEN_SCZ__AUD+P12_PGC_SCZ__CUD+P13_FINNGEN_SCZ__CUD
2	68010176	69139563	12	P2_PGC_SCZ__ADHD+P3_FINNGEN_SCZ__ADHD+P4_PGC_SCZ__ASD+P5_FINNGEN_SCZ__ASD+P6_PGC_SCZ__OCD+P7_FINNGEN_SCZ__OCD+P8_PGC_SCZ__AN+P9_FINNGEN_SCZ__AN+P10_PGC_SCZ__AUD+P11_FINNGEN_SCZ__AUD+P12_PGC_SCZ__CUD+P13_FINNGEN_SCZ__CUD
2	69139564	70755197	12	P2_PGC_SCZ__ADHD+P3_FINNGEN_SCZ__ADHD+P4_PGC_SCZ__ASD+P5_FINNGEN_SCZ__ASD+P6_PGC_SCZ__OCD+P7_FINNGEN_SCZ__OCD+P8_PGC_SCZ__AN+P9_FINNGEN_SCZ__AN+P10_PGC_SCZ__AUD+P11_FINNGEN_SCZ__AUD+P12_PGC_SCZ__CUD+P13_FINNGEN_SCZ__CUD
2	70755198	73174847	12	P2_PGC_SCZ__ADHD+P3_FINNGEN_SCZ__ADHD+P4_PGC_SCZ__ASD+P5_FINNGEN_SCZ__ASD+P6_PGC_SCZ__OCD+P7_FINNGEN_SCZ__OCD+P8_PGC_SCZ__AN+P9_FINNGEN_SCZ__AN+P10_PGC_SCZ__AUD+P11_FINNGEN_SCZ__AUD+P12_PGC_SCZ__CUD+P13_FINNGEN_SCZ__CUD
2	73174848	75630085	12	P2_PGC_SCZ__ADHD+P3_FINNGEN_SCZ__ADHD+P4_PGC_SCZ__ASD+P5_FINNGEN_SCZ__ASD+P6_PGC_SCZ__OCD+P7_FINNGEN_SCZ__OCD+P8_PGC_SCZ__AN+P9_FINNGEN_SCZ__AN+P10_PGC_SCZ__AUD+P11_FINNGEN_SCZ__AUD+P12_PGC_SCZ__CUD+P13_FINNGEN_SCZ__CUD
2	75630086	76913660	12	P2_PGC_SCZ__ADHD+P3_FINNGEN_SCZ__ADHD+P4_PGC_SCZ__ASD+P5_FINNGEN_SCZ__ASD+P6_PGC_SCZ__OCD+P7_FINNGEN_SCZ__OCD+P8_PGC_SCZ__AN+P9_FINNGEN_SCZ__AN+P10_PGC_SCZ__AUD+P11_FINNGEN_SCZ__AUD+P12_PGC_SCZ__CUD+P13_FINNGEN_SCZ__CUD
2	76913661	78079263	12	P2_PGC_SCZ__ADHD+P3_FINNGEN_SCZ__ADHD+P4_PGC_SCZ__ASD+P5_FINNGEN_SCZ__ASD+P6_PGC_SCZ__OCD+P7_FINNGEN_SCZ__OCD+P8_PGC_SCZ__AN+P9_FINNGEN_SCZ__AN+P10_PGC_SCZ__AUD+P11_FINNGEN_SCZ__AUD+P12_PGC_SCZ__CUD+P13_FINNGEN_SCZ__CUD
2	78079264	80050402	12	P2_PGC_SCZ__ADHD+P3_FINNGEN_SCZ__ADHD+P4_PGC_SCZ__ASD+P5_FINNGEN_SCZ__ASD+P6_PGC_SCZ__OCD+P7_FINNGEN_SCZ__OCD+P8_PGC_SCZ__AN+P9_FINNGEN_SCZ__AN+P10_PGC_SCZ__AUD+P11_FINNGEN_SCZ__AUD+P12_PGC_SCZ__CUD+P13_FINNGEN_SCZ__CUD
2	80050403	81620840	12	P2_PGC_SCZ__ADHD+P3_FINNGEN_SCZ__ADHD+P4_PGC_SCZ__ASD+P5_FINNGEN_SCZ__ASD+P6_PGC_SCZ__OCD+P7_FINNGEN_SCZ__OCD+P8_PGC_SCZ__AN+P9_FINNGEN_SCZ__AN+P10_PGC_SCZ__AUD+P11_FINNGEN_SCZ__AUD+P12_PGC_SCZ__CUD+P13_FINNGEN_SCZ__CUD
2	81620841	85140679	12	P2_PGC_SCZ__ADHD+P3_FINNGEN_SCZ__ADHD+P4_PGC_SCZ__ASD+P5_FINNGEN_SCZ__ASD+P6_PGC_SCZ__OCD+P7_FINNGEN_SCZ__OCD+P8_PGC_SCZ__AN+P9_FINNGEN_SCZ__AN+P10_PGC_SCZ__AUD+P11_FINNGEN_SCZ__AUD+P12_PGC_SCZ__CUD+P13_FINNGEN_SCZ__CUD
2	85140680	88038506	12	P2_PGC_SCZ__ADHD+P3_FINNGEN_SCZ__ADHD+P4_PGC_SCZ__ASD+P5_FINNGEN_SCZ__ASD+P6_PGC_SCZ__OCD+P7_FINNGEN_SCZ__OCD+P8_PGC_SCZ__AN+P9_FINNGEN_SCZ__AN+P10_PGC_SCZ__AUD+P11_FINNGEN_SCZ__AUD+P12_PGC_SCZ__CUD+P13_FINNGEN_SCZ__CUD
2	88038507	89154525	12	P2_PGC_SCZ__ADHD+P3_FINNGEN_SCZ__ADHD+P4_PGC_SCZ__ASD+P5_FINNGEN_SCZ__ASD+P6_PGC_SCZ__OCD+P7_FINNGEN_SCZ__OCD+P8_PGC_SCZ__AN+P9_FINNGEN_SCZ__AN+P10_PGC_SCZ__AUD+P11_FINNGEN_SCZ__AUD+P12_PGC_SCZ__CUD+P13_FINNGEN_SCZ__CUD
2	89154526	95326451	0	none
2	95326452	98995200	12	P2_PGC_SCZ__ADHD+P3_FINNGEN_SCZ__ADHD+P4_PGC_SCZ__ASD+P5_FINNGEN_SCZ__ASD+P6_PGC_SCZ__OCD+P7_FINNGEN_SCZ__OCD+P8_PGC_SCZ__AN+P9_FINNGEN_SCZ__AN+P10_PGC_SCZ__AUD+P11_FINNGEN_SCZ__AUD+P12_PGC_SCZ__CUD+P13_FINNGEN_SCZ__CUD
2	98995201	101822328	12	P2_PGC_SCZ__ADHD+P3_FINNGEN_SCZ__ADHD+P4_PGC_SCZ__ASD+P5_FINNGEN_SCZ__ASD+P6_PGC_SCZ__OCD+P7_FINNGEN_SCZ__OCD+P8_PGC_SCZ__AN+P9_FINNGEN_SCZ__AN+P10_PGC_SCZ__AUD+P11_FINNGEN_SCZ__AUD+P12_PGC_SCZ__CUD+P13_FINNGEN_SCZ__CUD
2	101822329	102688764	12	P2_PGC_SCZ__ADHD+P3_FINNGEN_SCZ__ADHD+P4_PGC_SCZ__ASD+P5_FINNGEN_SCZ__ASD+P6_PGC_SCZ__OCD+P7_FINNGEN_SCZ__OCD+P8_PGC_SCZ__AN+P9_FINNGEN_SCZ__AN+P10_PGC_SCZ__AUD+P11_FINNGEN_SCZ__AUD+P12_PGC_SCZ__CUD+P13_FINNGEN_SCZ__CUD
2	102688765	103588214	12	P2_PGC_SCZ__ADHD+P3_FINNGEN_SCZ__ADHD+P4_PGC_SCZ__ASD+P5_FINNGEN_SCZ__ASD+P6_PGC_SCZ__OCD+P7_FINNGEN_SCZ__OCD+P8_PGC_SCZ__AN+P9_FINNGEN_SCZ__AN+P10_PGC_SCZ__AUD+P11_FINNGEN_SCZ__AUD+P12_PGC_SCZ__CUD+P13_FINNGEN_SCZ__CUD
2	103588215	105125033	12	P2_PGC_SCZ__ADHD+P3_FINNGEN_SCZ__ADHD+P4_PGC_SCZ__ASD+P5_FINNGEN_SCZ__ASD+P6_PGC_SCZ__OCD+P7_FINNGEN_SCZ__OCD+P8_PGC_SCZ__AN+P9_FINNGEN_SCZ__AN+P10_PGC_SCZ__AUD+P11_FINNGEN_SCZ__AUD+P12_PGC_SCZ__CUD+P13_FINNGEN_SCZ__CUD
2	105125034	106210057	12	P2_PGC_SCZ__ADHD+P3_FINNGEN_SCZ__ADHD+P4_PGC_SCZ__ASD+P5_FINNGEN_SCZ__ASD+P6_PGC_SCZ__OCD+P7_FINNGEN_SCZ__OCD+P8_PGC_SCZ__AN+P9_FINNGEN_SCZ__AN+P10_PGC_SCZ__AUD+P11_FINNGEN_SCZ__AUD+P12_PGC_SCZ__CUD+P13_FINNGEN_SCZ__CUD
2	106210058	107408266	12	P2_PGC_SCZ__ADHD+P3_FINNGEN_SCZ__ADHD+P4_PGC_SCZ__ASD+P5_FINNGEN_SCZ__ASD+P6_PGC_SCZ__OCD+P7_FINNGEN_SCZ__OCD+P8_PGC_SCZ__AN+P9_FINNGEN_SCZ__AN+P10_PGC_SCZ__AUD+P11_FINNGEN_SCZ__AUD+P12_PGC_SCZ__CUD+P13_FINNGEN_SCZ__CUD
2	107408267	108429176	12	P2_PGC_SCZ__ADHD+P3_FINNGEN_SCZ__ADHD+P4_PGC_SCZ__ASD+P5_FINNGEN_SCZ__ASD+P6_PGC_SCZ__OCD+P7_FINNGEN_SCZ__OCD+P8_PGC_SCZ__AN+P9_FINNGEN_SCZ__AN+P10_PGC_SCZ__AUD+P11_FINNGEN_SCZ__AUD+P12_PGC_SCZ__CUD+P13_FINNGEN_SCZ__CUD
2	108429177	110572431	12	P2_PGC_SCZ__ADHD+P3_FINNGEN_SCZ__ADHD+P4_PGC_SCZ__ASD+P5_FINNGEN_SCZ__ASD+P6_PGC_SCZ__OCD+P7_FINNGEN_SCZ__OCD+P8_PGC_SCZ__AN+P9_FINNGEN_SCZ__AN+P10_PGC_SCZ__AUD+P11_FINNGEN_SCZ__AUD+P12_PGC_SCZ__CUD+P13_FINNGEN_SCZ__CUD
2	110572432	113921855	12	P2_PGC_SCZ__ADHD+P3_FINNGEN_SCZ__ADHD+P4_PGC_SCZ__ASD+P5_FINNGEN_SCZ__ASD+P6_PGC_SCZ__OCD+P7_FINNGEN_SCZ__OCD+P8_PGC_SCZ__AN+P9_FINNGEN_SCZ__AN+P10_PGC_SCZ__AUD+P11_FINNGEN_SCZ__AUD+P12_PGC_SCZ__CUD+P13_FINNGEN_SCZ__CUD
2	113921856	116772469	12	P2_PGC_SCZ__ADHD+P3_FINNGEN_SCZ__ADHD+P4_PGC_SCZ__ASD+P5_FINNGEN_SCZ__ASD+P6_PGC_SCZ__OCD+P7_FINNGEN_SCZ__OCD+P8_PGC_SCZ__AN+P9_FINNGEN_SCZ__AN+P10_PGC_SCZ__AUD+P11_FINNGEN_SCZ__AUD+P12_PGC_SCZ__CUD+P13_FINNGEN_SCZ__CUD
2	116772470	118367465	12	P2_PGC_SCZ__ADHD+P3_FINNGEN_SCZ__ADHD+P4_PGC_SCZ__ASD+P5_FINNGEN_SCZ__ASD+P6_PGC_SCZ__OCD+P7_FINNGEN_SCZ__OCD+P8_PGC_SCZ__AN+P9_FINNGEN_SCZ__AN+P10_PGC_SCZ__AUD+P11_FINNGEN_SCZ__AUD+P12_PGC_SCZ__CUD+P13_FINNGEN_SCZ__CUD
2	118367466	121303782	12	P2_PGC_SCZ__ADHD+P3_FINNGEN_SCZ__ADHD+P4_PGC_SCZ__ASD+P5_FINNGEN_SCZ__ASD+P6_PGC_SCZ__OCD+P7_FINNGEN_SCZ__OCD+P8_PGC_SCZ__AN+P9_FINNGEN_SCZ__AN+P10_PGC_SCZ__AUD+P11_FINNGEN_SCZ__AUD+P12_PGC_SCZ__CUD+P13_FINNGEN_SCZ__CUD
2	121303783	123302905	12	P2_PGC_SCZ__ADHD+P3_FINNGEN_SCZ__ADHD+P4_PGC_SCZ__ASD+P5_FINNGEN_SCZ__ASD+P6_PGC_SCZ__OCD+P7_FINNGEN_SCZ__OCD+P8_PGC_SCZ__AN+P9_FINNGEN_SCZ__AN+P10_PGC_SCZ__AUD+P11_FINNGEN_SCZ__AUD+P12_PGC_SCZ__CUD+P13_FINNGEN_SCZ__CUD
2	123302906	124732249	12	P2_PGC_SCZ__ADHD+P3_FINNGEN_SCZ__ADHD+P4_PGC_SCZ__ASD+P5_FINNGEN_SCZ__ASD+P6_PGC_SCZ__OCD+P7_FINNGEN_SCZ__OCD+P8_PGC_SCZ__AN+P9_FINNGEN_SCZ__AN+P10_PGC_SCZ__AUD+P11_FINNGEN_SCZ__AUD+P12_PGC_SCZ__CUD+P13_FINNGEN_SCZ__CUD
2	124732250	125840920	12	P2_PGC_SCZ__ADHD+P3_FINNGEN_SCZ__ADHD+P4_PGC_SCZ__ASD+P5_FINNGEN_SCZ__ASD+P6_PGC_SCZ__OCD+P7_FINNGEN_SCZ__OCD+P8_PGC_SCZ__AN+P9_FINNGEN_SCZ__AN+P10_PGC_SCZ__AUD+P11_FINNGEN_SCZ__AUD+P12_PGC_SCZ__CUD+P13_FINNGEN_SCZ__CUD
2	125840921	127373763	12	P2_PGC_SCZ__ADHD+P3_FINNGEN_SCZ__ADHD+P4_PGC_SCZ__ASD+P5_FINNGEN_SCZ__ASD+P6_PGC_SCZ__OCD+P7_FINNGEN_SCZ__OCD+P8_PGC_SCZ__AN+P9_FINNGEN_SCZ__AN+P10_PGC_SCZ__AUD+P11_FINNGEN_SCZ__AUD+P12_PGC_SCZ__CUD+P13_FINNGEN_SCZ__CUD
2	127373764	128034346	12	P2_PGC_SCZ__ADHD+P3_FINNGEN_SCZ__ADHD+P4_PGC_SCZ__ASD+P5_FINNGEN_SCZ__ASD+P6_PGC_SCZ__OCD+P7_FINNGEN_SCZ__OCD+P8_PGC_SCZ__AN+P9_FINNGEN_SCZ__AN+P10_PGC_SCZ__AUD+P11_FINNGEN_SCZ__AUD+P12_PGC_SCZ__CUD+P13_FINNGEN_SCZ__CUD
2	128034347	129474440	12	P2_PGC_SCZ__ADHD+P3_FINNGEN_SCZ__ADHD+P4_PGC_SCZ__ASD+P5_FINNGEN_SCZ__ASD+P6_PGC_SCZ__OCD+P7_FINNGEN_SCZ__OCD+P8_PGC_SCZ__AN+P9_FINNGEN_SCZ__AN+P10_PGC_SCZ__AUD+P11_FINNGEN_SCZ__AUD+P12_PGC_SCZ__CUD+P13_FINNGEN_SCZ__CUD
2	129474441	130067169	12	P2_PGC_SCZ__ADHD+P3_FINNGEN_SCZ__ADHD+P4_PGC_SCZ__ASD+P5_FINNGEN_SCZ__ASD+P6_PGC_SCZ__OCD+P7_FINNGEN_SCZ__OCD+P8_PGC_SCZ__AN+P9_FINNGEN_SCZ__AN+P10_PGC_SCZ__AUD+P11_FINNGEN_SCZ__AUD+P12_PGC_SCZ__CUD+P13_FINNGEN_SCZ__CUD
2	130067170	130658084	12	P2_PGC_SCZ__ADHD+P3_FINNGEN_SCZ__ADHD+P4_PGC_SCZ__ASD+P5_FINNGEN_SCZ__ASD+P6_PGC_SCZ__OCD+P7_FINNGEN_SCZ__OCD+P8_PGC_SCZ__AN+P9_FINNGEN_SCZ__AN+P10_PGC_SCZ__AUD+P11_FINNGEN_SCZ__AUD+P12_PGC_SCZ__CUD+P13_FINNGEN_SCZ__CUD
2	130658085	133042783	12	P2_PGC_SCZ__ADHD+P3_FINNGEN_SCZ__ADHD+P4_PGC_SCZ__ASD+P5_FINNGEN_SCZ__ASD+P6_PGC_SCZ__OCD+P7_FINNGEN_SCZ__OCD+P8_PGC_SCZ__AN+P9_FINNGEN_SCZ__AN+P10_PGC_SCZ__AUD+P11_FINNGEN_SCZ__AUD+P12_PGC_SCZ__CUD+P13_FINNGEN_SCZ__CUD
2	133042784	135158577	12	P2_PGC_SCZ__ADHD+P3_FINNGEN_SCZ__ADHD+P4_PGC_SCZ__ASD+P5_FINNGEN_SCZ__ASD+P6_PGC_SCZ__OCD+P7_FINNGEN_SCZ__OCD+P8_PGC_SCZ__AN+P9_FINNGEN_SCZ__AN+P10_PGC_SCZ__AUD+P11_FINNGEN_SCZ__AUD+P12_PGC_SCZ__CUD+P13_FINNGEN_SCZ__CUD
2	135158578	137042793	12	P2_PGC_SCZ__ADHD+P3_FINNGEN_SCZ__ADHD+P4_PGC_SCZ__ASD+P5_FINNGEN_SCZ__ASD+P6_PGC_SCZ__OCD+P7_FINNGEN_SCZ__OCD+P8_PGC_SCZ__AN+P9_FINNGEN_SCZ__AN+P10_PGC_SCZ__AUD+P11_FINNGEN_SCZ__AUD+P12_PGC_SCZ__CUD+P13_FINNGEN_SCZ__CUD
2	137042794	138698116	12	P2_PGC_SCZ__ADHD+P3_FINNGEN_SCZ__ADHD+P4_PGC_SCZ__ASD+P5_FINNGEN_SCZ__ASD+P6_PGC_SCZ__OCD+P7_FINNGEN_SCZ__OCD+P8_PGC_SCZ__AN+P9_FINNGEN_SCZ__AN+P10_PGC_SCZ__AUD+P11_FINNGEN_SCZ__AUD+P12_PGC_SCZ__CUD+P13_FINNGEN_SCZ__CUD
2	138698117	140100270	12	P2_PGC_SCZ__ADHD+P3_FINNGEN_SCZ__ADHD+P4_PGC_SCZ__ASD+P5_FINNGEN_SCZ__ASD+P6_PGC_SCZ__OCD+P7_FINNGEN_SCZ__OCD+P8_PGC_SCZ__AN+P9_FINNGEN_SCZ__AN+P10_PGC_SCZ__AUD+P11_FINNGEN_SCZ__AUD+P12_PGC_SCZ__CUD+P13_FINNGEN_SCZ__CUD
2	140100271	141805350	12	P2_PGC_SCZ__ADHD+P3_FINNGEN_SCZ__ADHD+P4_PGC_SCZ__ASD+P5_FINNGEN_SCZ__ASD+P6_PGC_SCZ__OCD+P7_FINNGEN_SCZ__OCD+P8_PGC_SCZ__AN+P9_FINNGEN_SCZ__AN+P10_PGC_SCZ__AUD+P11_FINNGEN_SCZ__AUD+P12_PGC_SCZ__CUD+P13_FINNGEN_SCZ__CUD
2	141805351	142518601	12	P2_PGC_SCZ__ADHD+P3_FINNGEN_SCZ__ADHD+P4_PGC_SCZ__ASD+P5_FINNGEN_SCZ__ASD+P6_PGC_SCZ__OCD+P7_FINNGEN_SCZ__OCD+P8_PGC_SCZ__AN+P9_FINNGEN_SCZ__AN+P10_PGC_SCZ__AUD+P11_FINNGEN_SCZ__AUD+P12_PGC_SCZ__CUD+P13_FINNGEN_SCZ__CUD
2	142518602	144519483	12	P2_PGC_SCZ__ADHD+P3_FINNGEN_SCZ__ADHD+P4_PGC_SCZ__ASD+P5_FINNGEN_SCZ__ASD+P6_PGC_SCZ__OCD+P7_FINNGEN_SCZ__OCD+P8_PGC_SCZ__AN+P9_FINNGEN_SCZ__AN+P10_PGC_SCZ__AUD+P11_FINNGEN_SCZ__AUD+P12_PGC_SCZ__CUD+P13_FINNGEN_SCZ__CUD
2	144519484	146445569	12	P2_PGC_SCZ__ADHD+P3_FINNGEN_SCZ__ADHD+P4_PGC_SCZ__ASD+P5_FINNGEN_SCZ__ASD+P6_PGC_SCZ__OCD+P7_FINNGEN_SCZ__OCD+P8_PGC_SCZ__AN+P9_FINNGEN_SCZ__AN+P10_PGC_SCZ__AUD+P11_FINNGEN_SCZ__AUD+P12_PGC_SCZ__CUD+P13_FINNGEN_SCZ__CUD
2	146445570	147277161	12	P2_PGC_SCZ__ADHD+P3_FINNGEN_SCZ__ADHD+P4_PGC_SCZ__ASD+P5_FINNGEN_SCZ__ASD+P6_PGC_SCZ__OCD+P7_FINNGEN_SCZ__OCD+P8_PGC_SCZ__AN+P9_FINNGEN_SCZ__AN+P10_PGC_SCZ__AUD+P11_FINNGEN_SCZ__AUD+P12_PGC_SCZ__CUD+P13_FINNGEN_SCZ__CUD
2	147277162	150210291	12	P2_PGC_SCZ__ADHD+P3_FINNGEN_SCZ__ADHD+P4_PGC_SCZ__ASD+P5_FINNGEN_SCZ__ASD+P6_PGC_SCZ__OCD+P7_FINNGEN_SCZ__OCD+P8_PGC_SCZ__AN+P9_FINNGEN_SCZ__AN+P10_PGC_SCZ__AUD+P11_FINNGEN_SCZ__AUD+P12_PGC_SCZ__CUD+P13_FINNGEN_SCZ__CUD
2	150210292	151731461	12	P2_PGC_SCZ__ADHD+P3_FINNGEN_SCZ__ADHD+P4_PGC_SCZ__ASD+P5_FINNGEN_SCZ__ASD+P6_PGC_SCZ__OCD+P7_FINNGEN_SCZ__OCD+P8_PGC_SCZ__AN+P9_FINNGEN_SCZ__AN+P10_PGC_SCZ__AUD+P11_FINNGEN_SCZ__AUD+P12_PGC_SCZ__CUD+P13_FINNGEN_SCZ__CUD
2	151731462	152486781	12	P2_PGC_SCZ__ADHD+P3_FINNGEN_SCZ__ADHD+P4_PGC_SCZ__ASD+P5_FINNGEN_SCZ__ASD+P6_PGC_SCZ__OCD+P7_FINNGEN_SCZ__OCD+P8_PGC_SCZ__AN+P9_FINNGEN_SCZ__AN+P10_PGC_SCZ__AUD+P11_FINNGEN_SCZ__AUD+P12_PGC_SCZ__CUD+P13_FINNGEN_SCZ__CUD
2	152486782	154005055	12	P2_PGC_SCZ__ADHD+P3_FINNGEN_SCZ__ADHD+P4_PGC_SCZ__ASD+P5_FINNGEN_SCZ__ASD+P6_PGC_SCZ__OCD+P7_FINNGEN_SCZ__OCD+P8_PGC_SCZ__AN+P9_FINNGEN_SCZ__AN+P10_PGC_SCZ__AUD+P11_FINNGEN_SCZ__AUD+P12_PGC_SCZ__CUD+P13_FINNGEN_SCZ__CUD
2	154005056	155391134	12	P2_PGC_SCZ__ADHD+P3_FINNGEN_SCZ__ADHD+P4_PGC_SCZ__ASD+P5_FINNGEN_SCZ__ASD+P6_PGC_SCZ__OCD+P7_FINNGEN_SCZ__OCD+P8_PGC_SCZ__AN+P9_FINNGEN_SCZ__AN+P10_PGC_SCZ__AUD+P11_FINNGEN_SCZ__AUD+P12_PGC_SCZ__CUD+P13_FINNGEN_SCZ__CUD
2	155391135	157560634	12	P2_PGC_SCZ__ADHD+P3_FINNGEN_SCZ__ADHD+P4_PGC_SCZ__ASD+P5_FINNGEN_SCZ__ASD+P6_PGC_SCZ__OCD+P7_FINNGEN_SCZ__OCD+P8_PGC_SCZ__AN+P9_FINNGEN_SCZ__AN+P10_PGC_SCZ__AUD+P11_FINNGEN_SCZ__AUD+P12_PGC_SCZ__CUD+P13_FINNGEN_SCZ__CUD
2	157560635	158533217	12	P2_PGC_SCZ__ADHD+P3_FINNGEN_SCZ__ADHD+P4_PGC_SCZ__ASD+P5_FINNGEN_SCZ__ASD+P6_PGC_SCZ__OCD+P7_FINNGEN_SCZ__OCD+P8_PGC_SCZ__AN+P9_FINNGEN_SCZ__AN+P10_PGC_SCZ__AUD+P11_FINNGEN_SCZ__AUD+P12_PGC_SCZ__CUD+P13_FINNGEN_SCZ__CUD
2	158533218	159577081	12	P2_PGC_SCZ__ADHD+P3_FINNGEN_SCZ__ADHD+P4_PGC_SCZ__ASD+P5_FINNGEN_SCZ__ASD+P6_PGC_SCZ__OCD+P7_FINNGEN_SCZ__OCD+P8_PGC_SCZ__AN+P9_FINNGEN_SCZ__AN+P10_PGC_SCZ__AUD+P11_FINNGEN_SCZ__AUD+P12_PGC_SCZ__CUD+P13_FINNGEN_SCZ__CUD
2	159577082	161769732	12	P2_PGC_SCZ__ADHD+P3_FINNGEN_SCZ__ADHD+P4_PGC_SCZ__ASD+P5_FINNGEN_SCZ__ASD+P6_PGC_SCZ__OCD+P7_FINNGEN_SCZ__OCD+P8_PGC_SCZ__AN+P9_FINNGEN_SCZ__AN+P10_PGC_SCZ__AUD+P11_FINNGEN_SCZ__AUD+P12_PGC_SCZ__CUD+P13_FINNGEN_SCZ__CUD
2	161769733	163503550	12	P2_PGC_SCZ__ADHD+P3_FINNGEN_SCZ__ADHD+P4_PGC_SCZ__ASD+P5_FINNGEN_SCZ__ASD+P6_PGC_SCZ__OCD+P7_FINNGEN_SCZ__OCD+P8_PGC_SCZ__AN+P9_FINNGEN_SCZ__AN+P10_PGC_SCZ__AUD+P11_FINNGEN_SCZ__AUD+P12_PGC_SCZ__CUD+P13_FINNGEN_SCZ__CUD
2	163503551	164466637	12	P2_PGC_SCZ__ADHD+P3_FINNGEN_SCZ__ADHD+P4_PGC_SCZ__ASD+P5_FINNGEN_SCZ__ASD+P6_PGC_SCZ__OCD+P7_FINNGEN_SCZ__OCD+P8_PGC_SCZ__AN+P9_FINNGEN_SCZ__AN+P10_PGC_SCZ__AUD+P11_FINNGEN_SCZ__AUD+P12_PGC_SCZ__CUD+P13_FINNGEN_SCZ__CUD
2	164466638	165178839	12	P2_PGC_SCZ__ADHD+P3_FINNGEN_SCZ__ADHD+P4_PGC_SCZ__ASD+P5_FINNGEN_SCZ__ASD+P6_PGC_SCZ__OCD+P7_FINNGEN_SCZ__OCD+P8_PGC_SCZ__AN+P9_FINNGEN_SCZ__AN+P10_PGC_SCZ__AUD+P11_FINNGEN_SCZ__AUD+P12_PGC_SCZ__CUD+P13_FINNGEN_SCZ__CUD
2	165178840	167160269	12	P2_PGC_SCZ__ADHD+P3_FINNGEN_SCZ__ADHD+P4_PGC_SCZ__ASD+P5_FINNGEN_SCZ__ASD+P6_PGC_SCZ__OCD+P7_FINNGEN_SCZ__OCD+P8_PGC_SCZ__AN+P9_FINNGEN_SCZ__AN+P10_PGC_SCZ__AUD+P11_FINNGEN_SCZ__AUD+P12_PGC_SCZ__CUD+P13_FINNGEN_SCZ__CUD
2	167160270	167355969	2	P2_PGC_SCZ__ADHD+P3_FINNGEN_SCZ__ADHD
2	167355970	169968235	12	P2_PGC_SCZ__ADHD+P3_FINNGEN_SCZ__ADHD+P4_PGC_SCZ__ASD+P5_FINNGEN_SCZ__ASD+P6_PGC_SCZ__OCD+P7_FINNGEN_SCZ__OCD+P8_PGC_SCZ__AN+P9_FINNGEN_SCZ__AN+P10_PGC_SCZ__AUD+P11_FINNGEN_SCZ__AUD+P12_PGC_SCZ__CUD+P13_FINNGEN_SCZ__CUD
2	169968236	171226244	12	P2_PGC_SCZ__ADHD+P3_FINNGEN_SCZ__ADHD+P4_PGC_SCZ__ASD+P5_FINNGEN_SCZ__ASD+P6_PGC_SCZ__OCD+P7_FINNGEN_SCZ__OCD+P8_PGC_SCZ__AN+P9_FINNGEN_SCZ__AN+P10_PGC_SCZ__AUD+P11_FINNGEN_SCZ__AUD+P12_PGC_SCZ__CUD+P13_FINNGEN_SCZ__CUD
2	171226245	173138904	12	P2_PGC_SCZ__ADHD+P3_FINNGEN_SCZ__ADHD+P4_PGC_SCZ__ASD+P5_FINNGEN_SCZ__ASD+P6_PGC_SCZ__OCD+P7_FINNGEN_SCZ__OCD+P8_PGC_SCZ__AN+P9_FINNGEN_SCZ__AN+P10_PGC_SCZ__AUD+P11_FINNGEN_SCZ__AUD+P12_PGC_SCZ__CUD+P13_FINNGEN_SCZ__CUD
2	173138905	175588928	12	P2_PGC_SCZ__ADHD+P3_FINNGEN_SCZ__ADHD+P4_PGC_SCZ__ASD+P5_FINNGEN_SCZ__ASD+P6_PGC_SCZ__OCD+P7_FINNGEN_SCZ__OCD+P8_PGC_SCZ__AN+P9_FINNGEN_SCZ__AN+P10_PGC_SCZ__AUD+P11_FINNGEN_SCZ__AUD+P12_PGC_SCZ__CUD+P13_FINNGEN_SCZ__CUD
2	175588929	177363635	12	P2_PGC_SCZ__ADHD+P3_FINNGEN_SCZ__ADHD+P4_PGC_SCZ__ASD+P5_FINNGEN_SCZ__ASD+P6_PGC_SCZ__OCD+P7_FINNGEN_SCZ__OCD+P8_PGC_SCZ__AN+P9_FINNGEN_SCZ__AN+P10_PGC_SCZ__AUD+P11_FINNGEN_SCZ__AUD+P12_PGC_SCZ__CUD+P13_FINNGEN_SCZ__CUD
2	177363636	178553182	12	P2_PGC_SCZ__ADHD+P3_FINNGEN_SCZ__ADHD+P4_PGC_SCZ__ASD+P5_FINNGEN_SCZ__ASD+P6_PGC_SCZ__OCD+P7_FINNGEN_SCZ__OCD+P8_PGC_SCZ__AN+P9_FINNGEN_SCZ__AN+P10_PGC_SCZ__AUD+P11_FINNGEN_SCZ__AUD+P12_PGC_SCZ__CUD+P13_FINNGEN_SCZ__CUD
2	178553183	181312738	12	P2_PGC_SCZ__ADHD+P3_FINNGEN_SCZ__ADHD+P4_PGC_SCZ__ASD+P5_FINNGEN_SCZ__ASD+P6_PGC_SCZ__OCD+P7_FINNGEN_SCZ__OCD+P8_PGC_SCZ__AN+P9_FINNGEN_SCZ__AN+P10_PGC_SCZ__AUD+P11_FINNGEN_SCZ__AUD+P12_PGC_SCZ__CUD+P13_FINNGEN_SCZ__CUD
2	181312739	182266030	12	P2_PGC_SCZ__ADHD+P3_FINNGEN_SCZ__ADHD+P4_PGC_SCZ__ASD+P5_FINNGEN_SCZ__ASD+P6_PGC_SCZ__OCD+P7_FINNGEN_SCZ__OCD+P8_PGC_SCZ__AN+P9_FINNGEN_SCZ__AN+P10_PGC_SCZ__AUD+P11_FINNGEN_SCZ__AUD+P12_PGC_SCZ__CUD+P13_FINNGEN_SCZ__CUD
2	182266031	184357607	12	P2_PGC_SCZ__ADHD+P3_FINNGEN_SCZ__ADHD+P4_PGC_SCZ__ASD+P5_FINNGEN_SCZ__ASD+P6_PGC_SCZ__OCD+P7_FINNGEN_SCZ__OCD+P8_PGC_SCZ__AN+P9_FINNGEN_SCZ__AN+P10_PGC_SCZ__AUD+P11_FINNGEN_SCZ__AUD+P12_PGC_SCZ__CUD+P13_FINNGEN_SCZ__CUD
2	184357608	185280172	12	P2_PGC_SCZ__ADHD+P3_FINNGEN_SCZ__ADHD+P4_PGC_SCZ__ASD+P5_FINNGEN_SCZ__ASD+P6_PGC_SCZ__OCD+P7_FINNGEN_SCZ__OCD+P8_PGC_SCZ__AN+P9_FINNGEN_SCZ__AN+P10_PGC_SCZ__AUD+P11_FINNGEN_SCZ__AUD+P12_PGC_SCZ__CUD+P13_FINNGEN_SCZ__CUD
2	185280173	189882064	12	P2_PGC_SCZ__ADHD+P3_FINNGEN_SCZ__ADHD+P4_PGC_SCZ__ASD+P5_FINNGEN_SCZ__ASD+P6_PGC_SCZ__OCD+P7_FINNGEN_SCZ__OCD+P8_PGC_SCZ__AN+P9_FINNGEN_SCZ__AN+P10_PGC_SCZ__AUD+P11_FINNGEN_SCZ__AUD+P12_PGC_SCZ__CUD+P13_FINNGEN_SCZ__CUD
2	189882065	191973356	12	P2_PGC_SCZ__ADHD+P3_FINNGEN_SCZ__ADHD+P4_PGC_SCZ__ASD+P5_FINNGEN_SCZ__ASD+P6_PGC_SCZ__OCD+P7_FINNGEN_SCZ__OCD+P8_PGC_SCZ__AN+P9_FINNGEN_SCZ__AN+P10_PGC_SCZ__AUD+P11_FINNGEN_SCZ__AUD+P12_PGC_SCZ__CUD+P13_FINNGEN_SCZ__CUD
2	191973357	195861163	12	P2_PGC_SCZ__ADHD+P3_FINNGEN_SCZ__ADHD+P4_PGC_SCZ__ASD+P5_FINNGEN_SCZ__ASD+P6_PGC_SCZ__OCD+P7_FINNGEN_SCZ__OCD+P8_PGC_SCZ__AN+P9_FINNGEN_SCZ__AN+P10_PGC_SCZ__AUD+P11_FINNGEN_SCZ__AUD+P12_PGC_SCZ__CUD+P13_FINNGEN_SCZ__CUD
2	195861164	196447455	12	P2_PGC_SCZ__ADHD+P3_FINNGEN_SCZ__ADHD+P4_PGC_SCZ__ASD+P5_FINNGEN_SCZ__ASD+P6_PGC_SCZ__OCD+P7_FINNGEN_SCZ__OCD+P8_PGC_SCZ__AN+P9_FINNGEN_SCZ__AN+P10_PGC_SCZ__AUD+P11_FINNGEN_SCZ__AUD+P12_PGC_SCZ__CUD+P13_FINNGEN_SCZ__CUD
2	196447456	198078109	12	P2_PGC_SCZ__ADHD+P3_FINNGEN_SCZ__ADHD+P4_PGC_SCZ__ASD+P5_FINNGEN_SCZ__ASD+P6_PGC_SCZ__OCD+P7_FINNGEN_SCZ__OCD+P8_PGC_SCZ__AN+P9_FINNGEN_SCZ__AN+P10_PGC_SCZ__AUD+P11_FINNGEN_SCZ__AUD+P12_PGC_SCZ__CUD+P13_FINNGEN_SCZ__CUD
2	198078110	199311124	12	P2_PGC_SCZ__ADHD+P3_FINNGEN_SCZ__ADHD+P4_PGC_SCZ__ASD+P5_FINNGEN_SCZ__ASD+P6_PGC_SCZ__OCD+P7_FINNGEN_SCZ__OCD+P8_PGC_SCZ__AN+P9_FINNGEN_SCZ__AN+P10_PGC_SCZ__AUD+P11_FINNGEN_SCZ__AUD+P12_PGC_SCZ__CUD+P13_FINNGEN_SCZ__CUD
2	199311125	201576283	12	P2_PGC_SCZ__ADHD+P3_FINNGEN_SCZ__ADHD+P4_PGC_SCZ__ASD+P5_FINNGEN_SCZ__ASD+P6_PGC_SCZ__OCD+P7_FINNGEN_SCZ__OCD+P8_PGC_SCZ__AN+P9_FINNGEN_SCZ__AN+P10_PGC_SCZ__AUD+P11_FINNGEN_SCZ__AUD+P12_PGC_SCZ__CUD+P13_FINNGEN_SCZ__CUD
2	201576284	202818636	12	P2_PGC_SCZ__ADHD+P3_FINNGEN_SCZ__ADHD+P4_PGC_SCZ__ASD+P5_FINNGEN_SCZ__ASD+P6_PGC_SCZ__OCD+P7_FINNGEN_SCZ__OCD+P8_PGC_SCZ__AN+P9_FINNGEN_SCZ__AN+P10_PGC_SCZ__AUD+P11_FINNGEN_SCZ__AUD+P12_PGC_SCZ__CUD+P13_FINNGEN_SCZ__CUD
2	202818637	205799240	12	P2_PGC_SCZ__ADHD+P3_FINNGEN_SCZ__ADHD+P4_PGC_SCZ__ASD+P5_FINNGEN_SCZ__ASD+P6_PGC_SCZ__OCD+P7_FINNGEN_SCZ__OCD+P8_PGC_SCZ__AN+P9_FINNGEN_SCZ__AN+P10_PGC_SCZ__AUD+P11_FINNGEN_SCZ__AUD+P12_PGC_SCZ__CUD+P13_FINNGEN_SCZ__CUD
2	205799241	206735703	12	P2_PGC_SCZ__ADHD+P3_FINNGEN_SCZ__ADHD+P4_PGC_SCZ__ASD+P5_FINNGEN_SCZ__ASD+P6_PGC_SCZ__OCD+P7_FINNGEN_SCZ__OCD+P8_PGC_SCZ__AN+P9_FINNGEN_SCZ__AN+P10_PGC_SCZ__AUD+P11_FINNGEN_SCZ__AUD+P12_PGC_SCZ__CUD+P13_FINNGEN_SCZ__CUD
2	206735704	208645398	12	P2_PGC_SCZ__ADHD+P3_FINNGEN_SCZ__ADHD+P4_PGC_SCZ__ASD+P5_FINNGEN_SCZ__ASD+P6_PGC_SCZ__OCD+P7_FINNGEN_SCZ__OCD+P8_PGC_SCZ__AN+P9_FINNGEN_SCZ__AN+P10_PGC_SCZ__AUD+P11_FINNGEN_SCZ__AUD+P12_PGC_SCZ__CUD+P13_FINNGEN_SCZ__CUD
2	208645399	209941528	12	P2_PGC_SCZ__ADHD+P3_FINNGEN_SCZ__ADHD+P4_PGC_SCZ__ASD+P5_FINNGEN_SCZ__ASD+P6_PGC_SCZ__OCD+P7_FINNGEN_SCZ__OCD+P8_PGC_SCZ__AN+P9_FINNGEN_SCZ__AN+P10_PGC_SCZ__AUD+P11_FINNGEN_SCZ__AUD+P12_PGC_SCZ__CUD+P13_FINNGEN_SCZ__CUD
2	209941529	212379517	12	P2_PGC_SCZ__ADHD+P3_FINNGEN_SCZ__ADHD+P4_PGC_SCZ__ASD+P5_FINNGEN_SCZ__ASD+P6_PGC_SCZ__OCD+P7_FINNGEN_SCZ__OCD+P8_PGC_SCZ__AN+P9_FINNGEN_SCZ__AN+P10_PGC_SCZ__AUD+P11_FINNGEN_SCZ__AUD+P12_PGC_SCZ__CUD+P13_FINNGEN_SCZ__CUD
2	212379518	214014281	12	P2_PGC_SCZ__ADHD+P3_FINNGEN_SCZ__ADHD+P4_PGC_SCZ__ASD+P5_FINNGEN_SCZ__ASD+P6_PGC_SCZ__OCD+P7_FINNGEN_SCZ__OCD+P8_PGC_SCZ__AN+P9_FINNGEN_SCZ__AN+P10_PGC_SCZ__AUD+P11_FINNGEN_SCZ__AUD+P12_PGC_SCZ__CUD+P13_FINNGEN_SCZ__CUD
2	214014282	215573794	12	P2_PGC_SCZ__ADHD+P3_FINNGEN_SCZ__ADHD+P4_PGC_SCZ__ASD+P5_FINNGEN_SCZ__ASD+P6_PGC_SCZ__OCD+P7_FINNGEN_SCZ__OCD+P8_PGC_SCZ__AN+P9_FINNGEN_SCZ__AN+P10_PGC_SCZ__AUD+P11_FINNGEN_SCZ__AUD+P12_PGC_SCZ__CUD+P13_FINNGEN_SCZ__CUD
2	215573795	217715660	12	P2_PGC_SCZ__ADHD+P3_FINNGEN_SCZ__ADHD+P4_PGC_SCZ__ASD+P5_FINNGEN_SCZ__ASD+P6_PGC_SCZ__OCD+P7_FINNGEN_SCZ__OCD+P8_PGC_SCZ__AN+P9_FINNGEN_SCZ__AN+P10_PGC_SCZ__AUD+P11_FINNGEN_SCZ__AUD+P12_PGC_SCZ__CUD+P13_FINNGEN_SCZ__CUD
2	217715661	218395479	12	P2_PGC_SCZ__ADHD+P3_FINNGEN_SCZ__ADHD+P4_PGC_SCZ__ASD+P5_FINNGEN_SCZ__ASD+P6_PGC_SCZ__OCD+P7_FINNGEN_SCZ__OCD+P8_PGC_SCZ__AN+P9_FINNGEN_SCZ__AN+P10_PGC_SCZ__AUD+P11_FINNGEN_SCZ__AUD+P12_PGC_SCZ__CUD+P13_FINNGEN_SCZ__CUD
2	218395480	220454550	12	P2_PGC_SCZ__ADHD+P3_FINNGEN_SCZ__ADHD+P4_PGC_SCZ__ASD+P5_FINNGEN_SCZ__ASD+P6_PGC_SCZ__OCD+P7_FINNGEN_SCZ__OCD+P8_PGC_SCZ__AN+P9_FINNGEN_SCZ__AN+P10_PGC_SCZ__AUD+P11_FINNGEN_SCZ__AUD+P12_PGC_SCZ__CUD+P13_FINNGEN_SCZ__CUD
2	220454551	222521175	12	P2_PGC_SCZ__ADHD+P3_FINNGEN_SCZ__ADHD+P4_PGC_SCZ__ASD+P5_FINNGEN_SCZ__ASD+P6_PGC_SCZ__OCD+P7_FINNGEN_SCZ__OCD+P8_PGC_SCZ__AN+P9_FINNGEN_SCZ__AN+P10_PGC_SCZ__AUD+P11_FINNGEN_SCZ__AUD+P12_PGC_SCZ__CUD+P13_FINNGEN_SCZ__CUD
2	222521176	224859418	12	P2_PGC_SCZ__ADHD+P3_FINNGEN_SCZ__ADHD+P4_PGC_SCZ__ASD+P5_FINNGEN_SCZ__ASD+P6_PGC_SCZ__OCD+P7_FINNGEN_SCZ__OCD+P8_PGC_SCZ__AN+P9_FINNGEN_SCZ__AN+P10_PGC_SCZ__AUD+P11_FINNGEN_SCZ__AUD+P12_PGC_SCZ__CUD+P13_FINNGEN_SCZ__CUD
2	224859419	225840003	12	P2_PGC_SCZ__ADHD+P3_FINNGEN_SCZ__ADHD+P4_PGC_SCZ__ASD+P5_FINNGEN_SCZ__ASD+P6_PGC_SCZ__OCD+P7_FINNGEN_SCZ__OCD+P8_PGC_SCZ__AN+P9_FINNGEN_SCZ__AN+P10_PGC_SCZ__AUD+P11_FINNGEN_SCZ__AUD+P12_PGC_SCZ__CUD+P13_FINNGEN_SCZ__CUD
2	225840004	228119841	12	P2_PGC_SCZ__ADHD+P3_FINNGEN_SCZ__ADHD+P4_PGC_SCZ__ASD+P5_FINNGEN_SCZ__ASD+P6_PGC_SCZ__OCD+P7_FINNGEN_SCZ__OCD+P8_PGC_SCZ__AN+P9_FINNGEN_SCZ__AN+P10_PGC_SCZ__AUD+P11_FINNGEN_SCZ__AUD+P12_PGC_SCZ__CUD+P13_FINNGEN_SCZ__CUD
2	228119842	229370786	12	P2_PGC_SCZ__ADHD+P3_FINNGEN_SCZ__ADHD+P4_PGC_SCZ__ASD+P5_FINNGEN_SCZ__ASD+P6_PGC_SCZ__OCD+P7_FINNGEN_SCZ__OCD+P8_PGC_SCZ__AN+P9_FINNGEN_SCZ__AN+P10_PGC_SCZ__AUD+P11_FINNGEN_SCZ__AUD+P12_PGC_SCZ__CUD+P13_FINNGEN_SCZ__CUD
2	229370787	231843388	12	P2_PGC_SCZ__ADHD+P3_FINNGEN_SCZ__ADHD+P4_PGC_SCZ__ASD+P5_FINNGEN_SCZ__ASD+P6_PGC_SCZ__OCD+P7_FINNGEN_SCZ__OCD+P8_PGC_SCZ__AN+P9_FINNGEN_SCZ__AN+P10_PGC_SCZ__AUD+P11_FINNGEN_SCZ__AUD+P12_PGC_SCZ__CUD+P13_FINNGEN_SCZ__CUD
2	231843389	233550002	12	P2_PGC_SCZ__ADHD+P3_FINNGEN_SCZ__ADHD+P4_PGC_SCZ__ASD+P5_FINNGEN_SCZ__ASD+P6_PGC_SCZ__OCD+P7_FINNGEN_SCZ__OCD+P8_PGC_SCZ__AN+P9_FINNGEN_SCZ__AN+P10_PGC_SCZ__AUD+P11_FINNGEN_SCZ__AUD+P12_PGC_SCZ__CUD+P13_FINNGEN_SCZ__CUD
2	233550003	235150986	12	P2_PGC_SCZ__ADHD+P3_FINNGEN_SCZ__ADHD+P4_PGC_SCZ__ASD+P5_FINNGEN_SCZ__ASD+P6_PGC_SCZ__OCD+P7_FINNGEN_SCZ__OCD+P8_PGC_SCZ__AN+P9_FINNGEN_SCZ__AN+P10_PGC_SCZ__AUD+P11_FINNGEN_SCZ__AUD+P12_PGC_SCZ__CUD+P13_FINNGEN_SCZ__CUD
2	235150987	236043549	12	P2_PGC_SCZ__ADHD+P3_FINNGEN_SCZ__ADHD+P4_PGC_SCZ__ASD+P5_FINNGEN_SCZ__ASD+P6_PGC_SCZ__OCD+P7_FINNGEN_SCZ__OCD+P8_PGC_SCZ__AN+P9_FINNGEN_SCZ__AN+P10_PGC_SCZ__AUD+P11_FINNGEN_SCZ__AUD+P12_PGC_SCZ__CUD+P13_FINNGEN_SCZ__CUD
2	236043550	237449031	12	P2_PGC_SCZ__ADHD+P3_FINNGEN_SCZ__ADHD+P4_PGC_SCZ__ASD+P5_FINNGEN_SCZ__ASD+P6_PGC_SCZ__OCD+P7_FINNGEN_SCZ__OCD+P8_PGC_SCZ__AN+P9_FINNGEN_SCZ__AN+P10_PGC_SCZ__AUD+P11_FINNGEN_SCZ__AUD+P12_PGC_SCZ__CUD+P13_FINNGEN_SCZ__CUD
2	237449032	238760980	12	P2_PGC_SCZ__ADHD+P3_FINNGEN_SCZ__ADHD+P4_PGC_SCZ__ASD+P5_FINNGEN_SCZ__ASD+P6_PGC_SCZ__OCD+P7_FINNGEN_SCZ__OCD+P8_PGC_SCZ__AN+P9_FINNGEN_SCZ__AN+P10_PGC_SCZ__AUD+P11_FINNGEN_SCZ__AUD+P12_PGC_SCZ__CUD+P13_FINNGEN_SCZ__CUD
2	238760981	239952642	12	P2_PGC_SCZ__ADHD+P3_FINNGEN_SCZ__ADHD+P4_PGC_SCZ__ASD+P5_FINNGEN_SCZ__ASD+P6_PGC_SCZ__OCD+P7_FINNGEN_SCZ__OCD+P8_PGC_SCZ__AN+P9_FINNGEN_SCZ__AN+P10_PGC_SCZ__AUD+P11_FINNGEN_SCZ__AUD+P12_PGC_SCZ__CUD+P13_FINNGEN_SCZ__CUD
2	239952643	241560083	12	P2_PGC_SCZ__ADHD+P3_FINNGEN_SCZ__ADHD+P4_PGC_SCZ__ASD+P5_FINNGEN_SCZ__ASD+P6_PGC_SCZ__OCD+P7_FINNGEN_SCZ__OCD+P8_PGC_SCZ__AN+P9_FINNGEN_SCZ__AN+P10_PGC_SCZ__AUD+P11_FINNGEN_SCZ__AUD+P12_PGC_SCZ__CUD+P13_FINNGEN_SCZ__CUD
2	241560084	242149920	12	P2_PGC_SCZ__ADHD+P3_FINNGEN_SCZ__ADHD+P4_PGC_SCZ__ASD+P5_FINNGEN_SCZ__ASD+P6_PGC_SCZ__OCD+P7_FINNGEN_SCZ__OCD+P8_PGC_SCZ__AN+P9_FINNGEN_SCZ__AN+P10_PGC_SCZ__AUD+P11_FINNGEN_SCZ__AUD+P12_PGC_SCZ__CUD+P13_FINNGEN_SCZ__CUD
2	242149921	243188919	10	P2_PGC_SCZ__ADHD+P3_FINNGEN_SCZ__ADHD+P4_PGC_SCZ__ASD+P5_FINNGEN_SCZ__ASD+P6_PGC_SCZ__OCD+P7_FINNGEN_SCZ__OCD+P10_PGC_SCZ__AUD+P11_FINNGEN_SCZ__AUD+P12_PGC_SCZ__CUD+P13_FINNGEN_SCZ__CUD
20	60479	697599	12	P2_PGC_SCZ__ADHD+P3_FINNGEN_SCZ__ADHD+P4_PGC_SCZ__ASD+P5_FINNGEN_SCZ__ASD+P6_PGC_SCZ__OCD+P7_FINNGEN_SCZ__OCD+P8_PGC_SCZ__AN+P9_FINNGEN_SCZ__AN+P10_PGC_SCZ__AUD+P11_FINNGEN_SCZ__AUD+P12_PGC_SCZ__CUD+P13_FINNGEN_SCZ__CUD
20	697600	2469500	12	P2_PGC_SCZ__ADHD+P3_FINNGEN_SCZ__ADHD+P4_PGC_SCZ__ASD+P5_FINNGEN_SCZ__ASD+P6_PGC_SCZ__OCD+P7_FINNGEN_SCZ__OCD+P8_PGC_SCZ__AN+P9_FINNGEN_SCZ__AN+P10_PGC_SCZ__AUD+P11_FINNGEN_SCZ__AUD+P12_PGC_SCZ__CUD+P13_FINNGEN_SCZ__CUD
20	2469501	3828412	12	P2_PGC_SCZ__ADHD+P3_FINNGEN_SCZ__ADHD+P4_PGC_SCZ__ASD+P5_FINNGEN_SCZ__ASD+P6_PGC_SCZ__OCD+P7_FINNGEN_SCZ__OCD+P8_PGC_SCZ__AN+P9_FINNGEN_SCZ__AN+P10_PGC_SCZ__AUD+P11_FINNGEN_SCZ__AUD+P12_PGC_SCZ__CUD+P13_FINNGEN_SCZ__CUD
20	3828413	5477849	12	P2_PGC_SCZ__ADHD+P3_FINNGEN_SCZ__ADHD+P4_PGC_SCZ__ASD+P5_FINNGEN_SCZ__ASD+P6_PGC_SCZ__OCD+P7_FINNGEN_SCZ__OCD+P8_PGC_SCZ__AN+P9_FINNGEN_SCZ__AN+P10_PGC_SCZ__AUD+P11_FINNGEN_SCZ__AUD+P12_PGC_SCZ__CUD+P13_FINNGEN_SCZ__CUD
20	5477850	7084072	12	P2_PGC_SCZ__ADHD+P3_FINNGEN_SCZ__ADHD+P4_PGC_SCZ__ASD+P5_FINNGEN_SCZ__ASD+P6_PGC_SCZ__OCD+P7_FINNGEN_SCZ__OCD+P8_PGC_SCZ__AN+P9_FINNGEN_SCZ__AN+P10_PGC_SCZ__AUD+P11_FINNGEN_SCZ__AUD+P12_PGC_SCZ__CUD+P13_FINNGEN_SCZ__CUD
20	7084073	8117010	12	P2_PGC_SCZ__ADHD+P3_FINNGEN_SCZ__ADHD+P4_PGC_SCZ__ASD+P5_FINNGEN_SCZ__ASD+P6_PGC_SCZ__OCD+P7_FINNGEN_SCZ__OCD+P8_PGC_SCZ__AN+P9_FINNGEN_SCZ__AN+P10_PGC_SCZ__AUD+P11_FINNGEN_SCZ__AUD+P12_PGC_SCZ__CUD+P13_FINNGEN_SCZ__CUD
20	8117011	9730920	12	P2_PGC_SCZ__ADHD+P3_FINNGEN_SCZ__ADHD+P4_PGC_SCZ__ASD+P5_FINNGEN_SCZ__ASD+P6_PGC_SCZ__OCD+P7_FINNGEN_SCZ__OCD+P8_PGC_SCZ__AN+P9_FINNGEN_SCZ__AN+P10_PGC_SCZ__AUD+P11_FINNGEN_SCZ__AUD+P12_PGC_SCZ__CUD+P13_FINNGEN_SCZ__CUD
20	9730921	11249535	12	P2_PGC_SCZ__ADHD+P3_FINNGEN_SCZ__ADHD+P4_PGC_SCZ__ASD+P5_FINNGEN_SCZ__ASD+P6_PGC_SCZ__OCD+P7_FINNGEN_SCZ__OCD+P8_PGC_SCZ__AN+P9_FINNGEN_SCZ__AN+P10_PGC_SCZ__AUD+P11_FINNGEN_SCZ__AUD+P12_PGC_SCZ__CUD+P13_FINNGEN_SCZ__CUD
20	11249536	12447498	12	P2_PGC_SCZ__ADHD+P3_FINNGEN_SCZ__ADHD+P4_PGC_SCZ__ASD+P5_FINNGEN_SCZ__ASD+P6_PGC_SCZ__OCD+P7_FINNGEN_SCZ__OCD+P8_PGC_SCZ__AN+P9_FINNGEN_SCZ__AN+P10_PGC_SCZ__AUD+P11_FINNGEN_SCZ__AUD+P12_PGC_SCZ__CUD+P13_FINNGEN_SCZ__CUD
20	12447499	13689863	12	P2_PGC_SCZ__ADHD+P3_FINNGEN_SCZ__ADHD+P4_PGC_SCZ__ASD+P5_FINNGEN_SCZ__ASD+P6_PGC_SCZ__OCD+P7_FINNGEN_SCZ__OCD+P8_PGC_SCZ__AN+P9_FINNGEN_SCZ__AN+P10_PGC_SCZ__AUD+P11_FINNGEN_SCZ__AUD+P12_PGC_SCZ__CUD+P13_FINNGEN_SCZ__CUD
20	13689864	15958358	12	P2_PGC_SCZ__ADHD+P3_FINNGEN_SCZ__ADHD+P4_PGC_SCZ__ASD+P5_FINNGEN_SCZ__ASD+P6_PGC_SCZ__OCD+P7_FINNGEN_SCZ__OCD+P8_PGC_SCZ__AN+P9_FINNGEN_SCZ__AN+P10_PGC_SCZ__AUD+P11_FINNGEN_SCZ__AUD+P12_PGC_SCZ__CUD+P13_FINNGEN_SCZ__CUD
20	15958359	17487231	12	P2_PGC_SCZ__ADHD+P3_FINNGEN_SCZ__ADHD+P4_PGC_SCZ__ASD+P5_FINNGEN_SCZ__ASD+P6_PGC_SCZ__OCD+P7_FINNGEN_SCZ__OCD+P8_PGC_SCZ__AN+P9_FINNGEN_SCZ__AN+P10_PGC_SCZ__AUD+P11_FINNGEN_SCZ__AUD+P12_PGC_SCZ__CUD+P13_FINNGEN_SCZ__CUD
20	17487232	18972202	12	P2_PGC_SCZ__ADHD+P3_FINNGEN_SCZ__ADHD+P4_PGC_SCZ__ASD+P5_FINNGEN_SCZ__ASD+P6_PGC_SCZ__OCD+P7_FINNGEN_SCZ__OCD+P8_PGC_SCZ__AN+P9_FINNGEN_SCZ__AN+P10_PGC_SCZ__AUD+P11_FINNGEN_SCZ__AUD+P12_PGC_SCZ__CUD+P13_FINNGEN_SCZ__CUD
20	18972203	20959709	12	P2_PGC_SCZ__ADHD+P3_FINNGEN_SCZ__ADHD+P4_PGC_SCZ__ASD+P5_FINNGEN_SCZ__ASD+P6_PGC_SCZ__OCD+P7_FINNGEN_SCZ__OCD+P8_PGC_SCZ__AN+P9_FINNGEN_SCZ__AN+P10_PGC_SCZ__AUD+P11_FINNGEN_SCZ__AUD+P12_PGC_SCZ__CUD+P13_FINNGEN_SCZ__CUD
20	20959710	22491455	12	P2_PGC_SCZ__ADHD+P3_FINNGEN_SCZ__ADHD+P4_PGC_SCZ__ASD+P5_FINNGEN_SCZ__ASD+P6_PGC_SCZ__OCD+P7_FINNGEN_SCZ__OCD+P8_PGC_SCZ__AN+P9_FINNGEN_SCZ__AN+P10_PGC_SCZ__AUD+P11_FINNGEN_SCZ__AUD+P12_PGC_SCZ__CUD+P13_FINNGEN_SCZ__CUD
20	22491456	23293789	12	P2_PGC_SCZ__ADHD+P3_FINNGEN_SCZ__ADHD+P4_PGC_SCZ__ASD+P5_FINNGEN_SCZ__ASD+P6_PGC_SCZ__OCD+P7_FINNGEN_SCZ__OCD+P8_PGC_SCZ__AN+P9_FINNGEN_SCZ__AN+P10_PGC_SCZ__AUD+P11_FINNGEN_SCZ__AUD+P12_PGC_SCZ__CUD+P13_FINNGEN_SCZ__CUD
20	23293790	24717723	12	P2_PGC_SCZ__ADHD+P3_FINNGEN_SCZ__ADHD+P4_PGC_SCZ__ASD+P5_FINNGEN_SCZ__ASD+P6_PGC_SCZ__OCD+P7_FINNGEN_SCZ__OCD+P8_PGC_SCZ__AN+P9_FINNGEN_SCZ__AN+P10_PGC_SCZ__AUD+P11_FINNGEN_SCZ__AUD+P12_PGC_SCZ__CUD+P13_FINNGEN_SCZ__CUD
20	24717724	25344230	12	P2_PGC_SCZ__ADHD+P3_FINNGEN_SCZ__ADHD+P4_PGC_SCZ__ASD+P5_FINNGEN_SCZ__ASD+P6_PGC_SCZ__OCD+P7_FINNGEN_SCZ__OCD+P8_PGC_SCZ__AN+P9_FINNGEN_SCZ__AN+P10_PGC_SCZ__AUD+P11_FINNGEN_SCZ__AUD+P12_PGC_SCZ__CUD+P13_FINNGEN_SCZ__CUD
20	25344231	31614822	12	P2_PGC_SCZ__ADHD+P3_FINNGEN_SCZ__ADHD+P4_PGC_SCZ__ASD+P5_FINNGEN_SCZ__ASD+P6_PGC_SCZ__OCD+P7_FINNGEN_SCZ__OCD+P8_PGC_SCZ__AN+P9_FINNGEN_SCZ__AN+P10_PGC_SCZ__AUD+P11_FINNGEN_SCZ__AUD+P12_PGC_SCZ__CUD+P13_FINNGEN_SCZ__CUD
20	31614823	32813440	12	P2_PGC_SCZ__ADHD+P3_FINNGEN_SCZ__ADHD+P4_PGC_SCZ__ASD+P5_FINNGEN_SCZ__ASD+P6_PGC_SCZ__OCD+P7_FINNGEN_SCZ__OCD+P8_PGC_SCZ__AN+P9_FINNGEN_SCZ__AN+P10_PGC_SCZ__AUD+P11_FINNGEN_SCZ__AUD+P12_PGC_SCZ__CUD+P13_FINNGEN_SCZ__CUD
20	32813441	34960445	12	P2_PGC_SCZ__ADHD+P3_FINNGEN_SCZ__ADHD+P4_PGC_SCZ__ASD+P5_FINNGEN_SCZ__ASD+P6_PGC_SCZ__OCD+P7_FINNGEN_SCZ__OCD+P8_PGC_SCZ__AN+P9_FINNGEN_SCZ__AN+P10_PGC_SCZ__AUD+P11_FINNGEN_SCZ__AUD+P12_PGC_SCZ__CUD+P13_FINNGEN_SCZ__CUD
20	34960446	36909529	12	P2_PGC_SCZ__ADHD+P3_FINNGEN_SCZ__ADHD+P4_PGC_SCZ__ASD+P5_FINNGEN_SCZ__ASD+P6_PGC_SCZ__OCD+P7_FINNGEN_SCZ__OCD+P8_PGC_SCZ__AN+P9_FINNGEN_SCZ__AN+P10_PGC_SCZ__AUD+P11_FINNGEN_SCZ__AUD+P12_PGC_SCZ__CUD+P13_FINNGEN_SCZ__CUD
20	36909530	38436760	12	P2_PGC_SCZ__ADHD+P3_FINNGEN_SCZ__ADHD+P4_PGC_SCZ__ASD+P5_FINNGEN_SCZ__ASD+P6_PGC_SCZ__OCD+P7_FINNGEN_SCZ__OCD+P8_PGC_SCZ__AN+P9_FINNGEN_SCZ__AN+P10_PGC_SCZ__AUD+P11_FINNGEN_SCZ__AUD+P12_PGC_SCZ__CUD+P13_FINNGEN_SCZ__CUD
20	38436761	39610855	12	P2_PGC_SCZ__ADHD+P3_FINNGEN_SCZ__ADHD+P4_PGC_SCZ__ASD+P5_FINNGEN_SCZ__ASD+P6_PGC_SCZ__OCD+P7_FINNGEN_SCZ__OCD+P8_PGC_SCZ__AN+P9_FINNGEN_SCZ__AN+P10_PGC_SCZ__AUD+P11_FINNGEN_SCZ__AUD+P12_PGC_SCZ__CUD+P13_FINNGEN_SCZ__CUD
20	39610856	40585688	12	P2_PGC_SCZ__ADHD+P3_FINNGEN_SCZ__ADHD+P4_PGC_SCZ__ASD+P5_FINNGEN_SCZ__ASD+P6_PGC_SCZ__OCD+P7_FINNGEN_SCZ__OCD+P8_PGC_SCZ__AN+P9_FINNGEN_SCZ__AN+P10_PGC_SCZ__AUD+P11_FINNGEN_SCZ__AUD+P12_PGC_SCZ__CUD+P13_FINNGEN_SCZ__CUD
20	40585689	41615459	12	P2_PGC_SCZ__ADHD+P3_FINNGEN_SCZ__ADHD+P4_PGC_SCZ__ASD+P5_FINNGEN_SCZ__ASD+P6_PGC_SCZ__OCD+P7_FINNGEN_SCZ__OCD+P8_PGC_SCZ__AN+P9_FINNGEN_SCZ__AN+P10_PGC_SCZ__AUD+P11_FINNGEN_SCZ__AUD+P12_PGC_SCZ__CUD+P13_FINNGEN_SCZ__CUD
20	41615460	42680175	12	P2_PGC_SCZ__ADHD+P3_FINNGEN_SCZ__ADHD+P4_PGC_SCZ__ASD+P5_FINNGEN_SCZ__ASD+P6_PGC_SCZ__OCD+P7_FINNGEN_SCZ__OCD+P8_PGC_SCZ__AN+P9_FINNGEN_SCZ__AN+P10_PGC_SCZ__AUD+P11_FINNGEN_SCZ__AUD+P12_PGC_SCZ__CUD+P13_FINNGEN_SCZ__CUD
20	42680176	44839055	12	P2_PGC_SCZ__ADHD+P3_FINNGEN_SCZ__ADHD+P4_PGC_SCZ__ASD+P5_FINNGEN_SCZ__ASD+P6_PGC_SCZ__OCD+P7_FINNGEN_SCZ__OCD+P8_PGC_SCZ__AN+P9_FINNGEN_SCZ__AN+P10_PGC_SCZ__AUD+P11_FINNGEN_SCZ__AUD+P12_PGC_SCZ__CUD+P13_FINNGEN_SCZ__CUD
20	44839056	47199979	12	P2_PGC_SCZ__ADHD+P3_FINNGEN_SCZ__ADHD+P4_PGC_SCZ__ASD+P5_FINNGEN_SCZ__ASD+P6_PGC_SCZ__OCD+P7_FINNGEN_SCZ__OCD+P8_PGC_SCZ__AN+P9_FINNGEN_SCZ__AN+P10_PGC_SCZ__AUD+P11_FINNGEN_SCZ__AUD+P12_PGC_SCZ__CUD+P13_FINNGEN_SCZ__CUD
20	47199980	49239657	12	P2_PGC_SCZ__ADHD+P3_FINNGEN_SCZ__ADHD+P4_PGC_SCZ__ASD+P5_FINNGEN_SCZ__ASD+P6_PGC_SCZ__OCD+P7_FINNGEN_SCZ__OCD+P8_PGC_SCZ__AN+P9_FINNGEN_SCZ__AN+P10_PGC_SCZ__AUD+P11_FINNGEN_SCZ__AUD+P12_PGC_SCZ__CUD+P13_FINNGEN_SCZ__CUD
20	49239658	52472548	12	P2_PGC_SCZ__ADHD+P3_FINNGEN_SCZ__ADHD+P4_PGC_SCZ__ASD+P5_FINNGEN_SCZ__ASD+P6_PGC_SCZ__OCD+P7_FINNGEN_SCZ__OCD+P8_PGC_SCZ__AN+P9_FINNGEN_SCZ__AN+P10_PGC_SCZ__AUD+P11_FINNGEN_SCZ__AUD+P12_PGC_SCZ__CUD+P13_FINNGEN_SCZ__CUD
20	52472549	54055265	12	P2_PGC_SCZ__ADHD+P3_FINNGEN_SCZ__ADHD+P4_PGC_SCZ__ASD+P5_FINNGEN_SCZ__ASD+P6_PGC_SCZ__OCD+P7_FINNGEN_SCZ__OCD+P8_PGC_SCZ__AN+P9_FINNGEN_SCZ__AN+P10_PGC_SCZ__AUD+P11_FINNGEN_SCZ__AUD+P12_PGC_SCZ__CUD+P13_FINNGEN_SCZ__CUD
20	54055266	56447958	12	P2_PGC_SCZ__ADHD+P3_FINNGEN_SCZ__ADHD+P4_PGC_SCZ__ASD+P5_FINNGEN_SCZ__ASD+P6_PGC_SCZ__OCD+P7_FINNGEN_SCZ__OCD+P8_PGC_SCZ__AN+P9_FINNGEN_SCZ__AN+P10_PGC_SCZ__AUD+P11_FINNGEN_SCZ__AUD+P12_PGC_SCZ__CUD+P13_FINNGEN_SCZ__CUD
20	56447959	58406571	12	P2_PGC_SCZ__ADHD+P3_FINNGEN_SCZ__ADHD+P4_PGC_SCZ__ASD+P5_FINNGEN_SCZ__ASD+P6_PGC_SCZ__OCD+P7_FINNGEN_SCZ__OCD+P8_PGC_SCZ__AN+P9_FINNGEN_SCZ__AN+P10_PGC_SCZ__AUD+P11_FINNGEN_SCZ__AUD+P12_PGC_SCZ__CUD+P13_FINNGEN_SCZ__CUD
20	58406572	59561723	12	P2_PGC_SCZ__ADHD+P3_FINNGEN_SCZ__ADHD+P4_PGC_SCZ__ASD+P5_FINNGEN_SCZ__ASD+P6_PGC_SCZ__OCD+P7_FINNGEN_SCZ__OCD+P8_PGC_SCZ__AN+P9_FINNGEN_SCZ__AN+P10_PGC_SCZ__AUD+P11_FINNGEN_SCZ__AUD+P12_PGC_SCZ__CUD+P13_FINNGEN_SCZ__CUD
20	59561724	61301854	12	P2_PGC_SCZ__ADHD+P3_FINNGEN_SCZ__ADHD+P4_PGC_SCZ__ASD+P5_FINNGEN_SCZ__ASD+P6_PGC_SCZ__OCD+P7_FINNGEN_SCZ__OCD+P8_PGC_SCZ__AN+P9_FINNGEN_SCZ__AN+P10_PGC_SCZ__AUD+P11_FINNGEN_SCZ__AUD+P12_PGC_SCZ__CUD+P13_FINNGEN_SCZ__CUD
20	61301855	62190179	12	P2_PGC_SCZ__ADHD+P3_FINNGEN_SCZ__ADHD+P4_PGC_SCZ__ASD+P5_FINNGEN_SCZ__ASD+P6_PGC_SCZ__OCD+P7_FINNGEN_SCZ__OCD+P8_PGC_SCZ__AN+P9_FINNGEN_SCZ__AN+P10_PGC_SCZ__AUD+P11_FINNGEN_SCZ__AUD+P12_PGC_SCZ__CUD+P13_FINNGEN_SCZ__CUD
20	62190180	62965162	12	P2_PGC_SCZ__ADHD+P3_FINNGEN_SCZ__ADHD+P4_PGC_SCZ__ASD+P5_FINNGEN_SCZ__ASD+P6_PGC_SCZ__OCD+P7_FINNGEN_SCZ__OCD+P8_PGC_SCZ__AN+P9_FINNGEN_SCZ__AN+P10_PGC_SCZ__AUD+P11_FINNGEN_SCZ__AUD+P12_PGC_SCZ__CUD+P13_FINNGEN_SCZ__CUD
21	9411243	15950981	12	P2_PGC_SCZ__ADHD+P3_FINNGEN_SCZ__ADHD+P4_PGC_SCZ__ASD+P5_FINNGEN_SCZ__ASD+P6_PGC_SCZ__OCD+P7_FINNGEN_SCZ__OCD+P8_PGC_SCZ__AN+P9_FINNGEN_SCZ__AN+P10_PGC_SCZ__AUD+P11_FINNGEN_SCZ__AUD+P12_PGC_SCZ__CUD+P13_FINNGEN_SCZ__CUD
21	15950982	18053164	12	P2_PGC_SCZ__ADHD+P3_FINNGEN_SCZ__ADHD+P4_PGC_SCZ__ASD+P5_FINNGEN_SCZ__ASD+P6_PGC_SCZ__OCD+P7_FINNGEN_SCZ__OCD+P8_PGC_SCZ__AN+P9_FINNGEN_SCZ__AN+P10_PGC_SCZ__AUD+P11_FINNGEN_SCZ__AUD+P12_PGC_SCZ__CUD+P13_FINNGEN_SCZ__CUD
21	18053165	19480374	12	P2_PGC_SCZ__ADHD+P3_FINNGEN_SCZ__ADHD+P4_PGC_SCZ__ASD+P5_FINNGEN_SCZ__ASD+P6_PGC_SCZ__OCD+P7_FINNGEN_SCZ__OCD+P8_PGC_SCZ__AN+P9_FINNGEN_SCZ__AN+P10_PGC_SCZ__AUD+P11_FINNGEN_SCZ__AUD+P12_PGC_SCZ__CUD+P13_FINNGEN_SCZ__CUD
21	19480375	20962338	12	P2_PGC_SCZ__ADHD+P3_FINNGEN_SCZ__ADHD+P4_PGC_SCZ__ASD+P5_FINNGEN_SCZ__ASD+P6_PGC_SCZ__OCD+P7_FINNGEN_SCZ__OCD+P8_PGC_SCZ__AN+P9_FINNGEN_SCZ__AN+P10_PGC_SCZ__AUD+P11_FINNGEN_SCZ__AUD+P12_PGC_SCZ__CUD+P13_FINNGEN_SCZ__CUD
21	20962339	22072763	12	P2_PGC_SCZ__ADHD+P3_FINNGEN_SCZ__ADHD+P4_PGC_SCZ__ASD+P5_FINNGEN_SCZ__ASD+P6_PGC_SCZ__OCD+P7_FINNGEN_SCZ__OCD+P8_PGC_SCZ__AN+P9_FINNGEN_SCZ__AN+P10_PGC_SCZ__AUD+P11_FINNGEN_SCZ__AUD+P12_PGC_SCZ__CUD+P13_FINNGEN_SCZ__CUD
21	22072764	23362874	12	P2_PGC_SCZ__ADHD+P3_FINNGEN_SCZ__ADHD+P4_PGC_SCZ__ASD+P5_FINNGEN_SCZ__ASD+P6_PGC_SCZ__OCD+P7_FINNGEN_SCZ__OCD+P8_PGC_SCZ__AN+P9_FINNGEN_SCZ__AN+P10_PGC_SCZ__AUD+P11_FINNGEN_SCZ__AUD+P12_PGC_SCZ__CUD+P13_FINNGEN_SCZ__CUD
21	23362875	24696230	12	P2_PGC_SCZ__ADHD+P3_FINNGEN_SCZ__ADHD+P4_PGC_SCZ__ASD+P5_FINNGEN_SCZ__ASD+P6_PGC_SCZ__OCD+P7_FINNGEN_SCZ__OCD+P8_PGC_SCZ__AN+P9_FINNGEN_SCZ__AN+P10_PGC_SCZ__AUD+P11_FINNGEN_SCZ__AUD+P12_PGC_SCZ__CUD+P13_FINNGEN_SCZ__CUD
21	24696231	26469121	12	P2_PGC_SCZ__ADHD+P3_FINNGEN_SCZ__ADHD+P4_PGC_SCZ__ASD+P5_FINNGEN_SCZ__ASD+P6_PGC_SCZ__OCD+P7_FINNGEN_SCZ__OCD+P8_PGC_SCZ__AN+P9_FINNGEN_SCZ__AN+P10_PGC_SCZ__AUD+P11_FINNGEN_SCZ__AUD+P12_PGC_SCZ__CUD+P13_FINNGEN_SCZ__CUD
21	26469122	27271018	12	P2_PGC_SCZ__ADHD+P3_FINNGEN_SCZ__ADHD+P4_PGC_SCZ__ASD+P5_FINNGEN_SCZ__ASD+P6_PGC_SCZ__OCD+P7_FINNGEN_SCZ__OCD+P8_PGC_SCZ__AN+P9_FINNGEN_SCZ__AN+P10_PGC_SCZ__AUD+P11_FINNGEN_SCZ__AUD+P12_PGC_SCZ__CUD+P13_FINNGEN_SCZ__CUD
21	27271019	29125225	12	P2_PGC_SCZ__ADHD+P3_FINNGEN_SCZ__ADHD+P4_PGC_SCZ__ASD+P5_FINNGEN_SCZ__ASD+P6_PGC_SCZ__OCD+P7_FINNGEN_SCZ__OCD+P8_PGC_SCZ__AN+P9_FINNGEN_SCZ__AN+P10_PGC_SCZ__AUD+P11_FINNGEN_SCZ__AUD+P12_PGC_SCZ__CUD+P13_FINNGEN_SCZ__CUD
21	29125226	31197024	12	P2_PGC_SCZ__ADHD+P3_FINNGEN_SCZ__ADHD+P4_PGC_SCZ__ASD+P5_FINNGEN_SCZ__ASD+P6_PGC_SCZ__OCD+P7_FINNGEN_SCZ__OCD+P8_PGC_SCZ__AN+P9_FINNGEN_SCZ__AN+P10_PGC_SCZ__AUD+P11_FINNGEN_SCZ__AUD+P12_PGC_SCZ__CUD+P13_FINNGEN_SCZ__CUD
21	31197025	32668641	12	P2_PGC_SCZ__ADHD+P3_FINNGEN_SCZ__ADHD+P4_PGC_SCZ__ASD+P5_FINNGEN_SCZ__ASD+P6_PGC_SCZ__OCD+P7_FINNGEN_SCZ__OCD+P8_PGC_SCZ__AN+P9_FINNGEN_SCZ__AN+P10_PGC_SCZ__AUD+P11_FINNGEN_SCZ__AUD+P12_PGC_SCZ__CUD+P13_FINNGEN_SCZ__CUD
21	32668642	34376998	12	P2_PGC_SCZ__ADHD+P3_FINNGEN_SCZ__ADHD+P4_PGC_SCZ__ASD+P5_FINNGEN_SCZ__ASD+P6_PGC_SCZ__OCD+P7_FINNGEN_SCZ__OCD+P8_PGC_SCZ__AN+P9_FINNGEN_SCZ__AN+P10_PGC_SCZ__AUD+P11_FINNGEN_SCZ__AUD+P12_PGC_SCZ__CUD+P13_FINNGEN_SCZ__CUD
21	34376999	35225464	12	P2_PGC_SCZ__ADHD+P3_FINNGEN_SCZ__ADHD+P4_PGC_SCZ__ASD+P5_FINNGEN_SCZ__ASD+P6_PGC_SCZ__OCD+P7_FINNGEN_SCZ__OCD+P8_PGC_SCZ__AN+P9_FINNGEN_SCZ__AN+P10_PGC_SCZ__AUD+P11_FINNGEN_SCZ__AUD+P12_PGC_SCZ__CUD+P13_FINNGEN_SCZ__CUD
21	35225465	36524372	12	P2_PGC_SCZ__ADHD+P3_FINNGEN_SCZ__ADHD+P4_PGC_SCZ__ASD+P5_FINNGEN_SCZ__ASD+P6_PGC_SCZ__OCD+P7_FINNGEN_SCZ__OCD+P8_PGC_SCZ__AN+P9_FINNGEN_SCZ__AN+P10_PGC_SCZ__AUD+P11_FINNGEN_SCZ__AUD+P12_PGC_SCZ__CUD+P13_FINNGEN_SCZ__CUD
21	36524373	37870778	12	P2_PGC_SCZ__ADHD+P3_FINNGEN_SCZ__ADHD+P4_PGC_SCZ__ASD+P5_FINNGEN_SCZ__ASD+P6_PGC_SCZ__OCD+P7_FINNGEN_SCZ__OCD+P8_PGC_SCZ__AN+P9_FINNGEN_SCZ__AN+P10_PGC_SCZ__AUD+P11_FINNGEN_SCZ__AUD+P12_PGC_SCZ__CUD+P13_FINNGEN_SCZ__CUD
21	37870779	38711703	12	P2_PGC_SCZ__ADHD+P3_FINNGEN_SCZ__ADHD+P4_PGC_SCZ__ASD+P5_FINNGEN_SCZ__ASD+P6_PGC_SCZ__OCD+P7_FINNGEN_SCZ__OCD+P8_PGC_SCZ__AN+P9_FINNGEN_SCZ__AN+P10_PGC_SCZ__AUD+P11_FINNGEN_SCZ__AUD+P12_PGC_SCZ__CUD+P13_FINNGEN_SCZ__CUD
21	38711704	40482901	12	P2_PGC_SCZ__ADHD+P3_FINNGEN_SCZ__ADHD+P4_PGC_SCZ__ASD+P5_FINNGEN_SCZ__ASD+P6_PGC_SCZ__OCD+P7_FINNGEN_SCZ__OCD+P8_PGC_SCZ__AN+P9_FINNGEN_SCZ__AN+P10_PGC_SCZ__AUD+P11_FINNGEN_SCZ__AUD+P12_PGC_SCZ__CUD+P13_FINNGEN_SCZ__CUD
21	40482902	41389526	12	P2_PGC_SCZ__ADHD+P3_FINNGEN_SCZ__ADHD+P4_PGC_SCZ__ASD+P5_FINNGEN_SCZ__ASD+P6_PGC_SCZ__OCD+P7_FINNGEN_SCZ__OCD+P8_PGC_SCZ__AN+P9_FINNGEN_SCZ__AN+P10_PGC_SCZ__AUD+P11_FINNGEN_SCZ__AUD+P12_PGC_SCZ__CUD+P13_FINNGEN_SCZ__CUD
21	41389527	43321527	12	P2_PGC_SCZ__ADHD+P3_FINNGEN_SCZ__ADHD+P4_PGC_SCZ__ASD+P5_FINNGEN_SCZ__ASD+P6_PGC_SCZ__OCD+P7_FINNGEN_SCZ__OCD+P8_PGC_SCZ__AN+P9_FINNGEN_SCZ__AN+P10_PGC_SCZ__AUD+P11_FINNGEN_SCZ__AUD+P12_PGC_SCZ__CUD+P13_FINNGEN_SCZ__CUD
21	43321528	44506267	12	P2_PGC_SCZ__ADHD+P3_FINNGEN_SCZ__ADHD+P4_PGC_SCZ__ASD+P5_FINNGEN_SCZ__ASD+P6_PGC_SCZ__OCD+P7_FINNGEN_SCZ__OCD+P8_PGC_SCZ__AN+P9_FINNGEN_SCZ__AN+P10_PGC_SCZ__AUD+P11_FINNGEN_SCZ__AUD+P12_PGC_SCZ__CUD+P13_FINNGEN_SCZ__CUD
21	44506268	46177104	12	P2_PGC_SCZ__ADHD+P3_FINNGEN_SCZ__ADHD+P4_PGC_SCZ__ASD+P5_FINNGEN_SCZ__ASD+P6_PGC_SCZ__OCD+P7_FINNGEN_SCZ__OCD+P8_PGC_SCZ__AN+P9_FINNGEN_SCZ__AN+P10_PGC_SCZ__AUD+P11_FINNGEN_SCZ__AUD+P12_PGC_SCZ__CUD+P13_FINNGEN_SCZ__CUD
21	46177105	47492225	12	P2_PGC_SCZ__ADHD+P3_FINNGEN_SCZ__ADHD+P4_PGC_SCZ__ASD+P5_FINNGEN_SCZ__ASD+P6_PGC_SCZ__OCD+P7_FINNGEN_SCZ__OCD+P8_PGC_SCZ__AN+P9_FINNGEN_SCZ__AN+P10_PGC_SCZ__AUD+P11_FINNGEN_SCZ__AUD+P12_PGC_SCZ__CUD+P13_FINNGEN_SCZ__CUD
21	47492226	48119751	12	P2_PGC_SCZ__ADHD+P3_FINNGEN_SCZ__ADHD+P4_PGC_SCZ__ASD+P5_FINNGEN_SCZ__ASD+P6_PGC_SCZ__OCD+P7_FINNGEN_SCZ__OCD+P8_PGC_SCZ__AN+P9_FINNGEN_SCZ__AN+P10_PGC_SCZ__AUD+P11_FINNGEN_SCZ__AUD+P12_PGC_SCZ__CUD+P13_FINNGEN_SCZ__CUD
22	16050408	17674294	10	P2_PGC_SCZ__ADHD+P3_FINNGEN_SCZ__ADHD+P4_PGC_SCZ__ASD+P5_FINNGEN_SCZ__ASD+P6_PGC_SCZ__OCD+P7_FINNGEN_SCZ__OCD+P10_PGC_SCZ__AUD+P11_FINNGEN_SCZ__AUD+P12_PGC_SCZ__CUD+P13_FINNGEN_SCZ__CUD
22	17674295	18296087	12	P2_PGC_SCZ__ADHD+P3_FINNGEN_SCZ__ADHD+P4_PGC_SCZ__ASD+P5_FINNGEN_SCZ__ASD+P6_PGC_SCZ__OCD+P7_FINNGEN_SCZ__OCD+P8_PGC_SCZ__AN+P9_FINNGEN_SCZ__AN+P10_PGC_SCZ__AUD+P11_FINNGEN_SCZ__AUD+P12_PGC_SCZ__CUD+P13_FINNGEN_SCZ__CUD
22	18296088	19912357	12	P2_PGC_SCZ__ADHD+P3_FINNGEN_SCZ__ADHD+P4_PGC_SCZ__ASD+P5_FINNGEN_SCZ__ASD+P6_PGC_SCZ__OCD+P7_FINNGEN_SCZ__OCD+P8_PGC_SCZ__AN+P9_FINNGEN_SCZ__AN+P10_PGC_SCZ__AUD+P11_FINNGEN_SCZ__AUD+P12_PGC_SCZ__CUD+P13_FINNGEN_SCZ__CUD
22	19912358	22357324	12	P2_PGC_SCZ__ADHD+P3_FINNGEN_SCZ__ADHD+P4_PGC_SCZ__ASD+P5_FINNGEN_SCZ__ASD+P6_PGC_SCZ__OCD+P7_FINNGEN_SCZ__OCD+P8_PGC_SCZ__AN+P9_FINNGEN_SCZ__AN+P10_PGC_SCZ__AUD+P11_FINNGEN_SCZ__AUD+P12_PGC_SCZ__CUD+P13_FINNGEN_SCZ__CUD
22	22357325	23712646	12	P2_PGC_SCZ__ADHD+P3_FINNGEN_SCZ__ADHD+P4_PGC_SCZ__ASD+P5_FINNGEN_SCZ__ASD+P6_PGC_SCZ__OCD+P7_FINNGEN_SCZ__OCD+P8_PGC_SCZ__AN+P9_FINNGEN_SCZ__AN+P10_PGC_SCZ__AUD+P11_FINNGEN_SCZ__AUD+P12_PGC_SCZ__CUD+P13_FINNGEN_SCZ__CUD
22	23712647	24984203	12	P2_PGC_SCZ__ADHD+P3_FINNGEN_SCZ__ADHD+P4_PGC_SCZ__ASD+P5_FINNGEN_SCZ__ASD+P6_PGC_SCZ__OCD+P7_FINNGEN_SCZ__OCD+P8_PGC_SCZ__AN+P9_FINNGEN_SCZ__AN+P10_PGC_SCZ__AUD+P11_FINNGEN_SCZ__AUD+P12_PGC_SCZ__CUD+P13_FINNGEN_SCZ__CUD
22	24984204	26791627	12	P2_PGC_SCZ__ADHD+P3_FINNGEN_SCZ__ADHD+P4_PGC_SCZ__ASD+P5_FINNGEN_SCZ__ASD+P6_PGC_SCZ__OCD+P7_FINNGEN_SCZ__OCD+P8_PGC_SCZ__AN+P9_FINNGEN_SCZ__AN+P10_PGC_SCZ__AUD+P11_FINNGEN_SCZ__AUD+P12_PGC_SCZ__CUD+P13_FINNGEN_SCZ__CUD
22	26791628	27834751	12	P2_PGC_SCZ__ADHD+P3_FINNGEN_SCZ__ADHD+P4_PGC_SCZ__ASD+P5_FINNGEN_SCZ__ASD+P6_PGC_SCZ__OCD+P7_FINNGEN_SCZ__OCD+P8_PGC_SCZ__AN+P9_FINNGEN_SCZ__AN+P10_PGC_SCZ__AUD+P11_FINNGEN_SCZ__AUD+P12_PGC_SCZ__CUD+P13_FINNGEN_SCZ__CUD
22	27834752	29651798	12	P2_PGC_SCZ__ADHD+P3_FINNGEN_SCZ__ADHD+P4_PGC_SCZ__ASD+P5_FINNGEN_SCZ__ASD+P6_PGC_SCZ__OCD+P7_FINNGEN_SCZ__OCD+P8_PGC_SCZ__AN+P9_FINNGEN_SCZ__AN+P10_PGC_SCZ__AUD+P11_FINNGEN_SCZ__AUD+P12_PGC_SCZ__CUD+P13_FINNGEN_SCZ__CUD
22	29651799	31439917	12	P2_PGC_SCZ__ADHD+P3_FINNGEN_SCZ__ADHD+P4_PGC_SCZ__ASD+P5_FINNGEN_SCZ__ASD+P6_PGC_SCZ__OCD+P7_FINNGEN_SCZ__OCD+P8_PGC_SCZ__AN+P9_FINNGEN_SCZ__AN+P10_PGC_SCZ__AUD+P11_FINNGEN_SCZ__AUD+P12_PGC_SCZ__CUD+P13_FINNGEN_SCZ__CUD
22	31439918	32664985	12	P2_PGC_SCZ__ADHD+P3_FINNGEN_SCZ__ADHD+P4_PGC_SCZ__ASD+P5_FINNGEN_SCZ__ASD+P6_PGC_SCZ__OCD+P7_FINNGEN_SCZ__OCD+P8_PGC_SCZ__AN+P9_FINNGEN_SCZ__AN+P10_PGC_SCZ__AUD+P11_FINNGEN_SCZ__AUD+P12_PGC_SCZ__CUD+P13_FINNGEN_SCZ__CUD
22	32664986	34494913	12	P2_PGC_SCZ__ADHD+P3_FINNGEN_SCZ__ADHD+P4_PGC_SCZ__ASD+P5_FINNGEN_SCZ__ASD+P6_PGC_SCZ__OCD+P7_FINNGEN_SCZ__OCD+P8_PGC_SCZ__AN+P9_FINNGEN_SCZ__AN+P10_PGC_SCZ__AUD+P11_FINNGEN_SCZ__AUD+P12_PGC_SCZ__CUD+P13_FINNGEN_SCZ__CUD
22	34494914	35530984	12	P2_PGC_SCZ__ADHD+P3_FINNGEN_SCZ__ADHD+P4_PGC_SCZ__ASD+P5_FINNGEN_SCZ__ASD+P6_PGC_SCZ__OCD+P7_FINNGEN_SCZ__OCD+P8_PGC_SCZ__AN+P9_FINNGEN_SCZ__AN+P10_PGC_SCZ__AUD+P11_FINNGEN_SCZ__AUD+P12_PGC_SCZ__CUD+P13_FINNGEN_SCZ__CUD
22	35530985	37570268	12	P2_PGC_SCZ__ADHD+P3_FINNGEN_SCZ__ADHD+P4_PGC_SCZ__ASD+P5_FINNGEN_SCZ__ASD+P6_PGC_SCZ__OCD+P7_FINNGEN_SCZ__OCD+P8_PGC_SCZ__AN+P9_FINNGEN_SCZ__AN+P10_PGC_SCZ__AUD+P11_FINNGEN_SCZ__AUD+P12_PGC_SCZ__CUD+P13_FINNGEN_SCZ__CUD
22	37570269	39307893	12	P2_PGC_SCZ__ADHD+P3_FINNGEN_SCZ__ADHD+P4_PGC_SCZ__ASD+P5_FINNGEN_SCZ__ASD+P6_PGC_SCZ__OCD+P7_FINNGEN_SCZ__OCD+P8_PGC_SCZ__AN+P9_FINNGEN_SCZ__AN+P10_PGC_SCZ__AUD+P11_FINNGEN_SCZ__AUD+P12_PGC_SCZ__CUD+P13_FINNGEN_SCZ__CUD
22	39307894	40545796	12	P2_PGC_SCZ__ADHD+P3_FINNGEN_SCZ__ADHD+P4_PGC_SCZ__ASD+P5_FINNGEN_SCZ__ASD+P6_PGC_SCZ__OCD+P7_FINNGEN_SCZ__OCD+P8_PGC_SCZ__AN+P9_FINNGEN_SCZ__AN+P10_PGC_SCZ__AUD+P11_FINNGEN_SCZ__AUD+P12_PGC_SCZ__CUD+P13_FINNGEN_SCZ__CUD
22	40545797	42690817	12	P2_PGC_SCZ__ADHD+P3_FINNGEN_SCZ__ADHD+P4_PGC_SCZ__ASD+P5_FINNGEN_SCZ__ASD+P6_PGC_SCZ__OCD+P7_FINNGEN_SCZ__OCD+P8_PGC_SCZ__AN+P9_FINNGEN_SCZ__AN+P10_PGC_SCZ__AUD+P11_FINNGEN_SCZ__AUD+P12_PGC_SCZ__CUD+P13_FINNGEN_SCZ__CUD
22	42690818	43714199	12	P2_PGC_SCZ__ADHD+P3_FINNGEN_SCZ__ADHD+P4_PGC_SCZ__ASD+P5_FINNGEN_SCZ__ASD+P6_PGC_SCZ__OCD+P7_FINNGEN_SCZ__OCD+P8_PGC_SCZ__AN+P9_FINNGEN_SCZ__AN+P10_PGC_SCZ__AUD+P11_FINNGEN_SCZ__AUD+P12_PGC_SCZ__CUD+P13_FINNGEN_SCZ__CUD
22	43714200	44995307	12	P2_PGC_SCZ__ADHD+P3_FINNGEN_SCZ__ADHD+P4_PGC_SCZ__ASD+P5_FINNGEN_SCZ__ASD+P6_PGC_SCZ__OCD+P7_FINNGEN_SCZ__OCD+P8_PGC_SCZ__AN+P9_FINNGEN_SCZ__AN+P10_PGC_SCZ__AUD+P11_FINNGEN_SCZ__AUD+P12_PGC_SCZ__CUD+P13_FINNGEN_SCZ__CUD
22	44995308	46470494	12	P2_PGC_SCZ__ADHD+P3_FINNGEN_SCZ__ADHD+P4_PGC_SCZ__ASD+P5_FINNGEN_SCZ__ASD+P6_PGC_SCZ__OCD+P7_FINNGEN_SCZ__OCD+P8_PGC_SCZ__AN+P9_FINNGEN_SCZ__AN+P10_PGC_SCZ__AUD+P11_FINNGEN_SCZ__AUD+P12_PGC_SCZ__CUD+P13_FINNGEN_SCZ__CUD
22	46470495	47596317	12	P2_PGC_SCZ__ADHD+P3_FINNGEN_SCZ__ADHD+P4_PGC_SCZ__ASD+P5_FINNGEN_SCZ__ASD+P6_PGC_SCZ__OCD+P7_FINNGEN_SCZ__OCD+P8_PGC_SCZ__AN+P9_FINNGEN_SCZ__AN+P10_PGC_SCZ__AUD+P11_FINNGEN_SCZ__AUD+P12_PGC_SCZ__CUD+P13_FINNGEN_SCZ__CUD
22	47596318	48903702	12	P2_PGC_SCZ__ADHD+P3_FINNGEN_SCZ__ADHD+P4_PGC_SCZ__ASD+P5_FINNGEN_SCZ__ASD+P6_PGC_SCZ__OCD+P7_FINNGEN_SCZ__OCD+P8_PGC_SCZ__AN+P9_FINNGEN_SCZ__AN+P10_PGC_SCZ__AUD+P11_FINNGEN_SCZ__AUD+P12_PGC_SCZ__CUD+P13_FINNGEN_SCZ__CUD
22	48903703	49824533	12	P2_PGC_SCZ__ADHD+P3_FINNGEN_SCZ__ADHD+P4_PGC_SCZ__ASD+P5_FINNGEN_SCZ__ASD+P6_PGC_SCZ__OCD+P7_FINNGEN_SCZ__OCD+P8_PGC_SCZ__AN+P9_FINNGEN_SCZ__AN+P10_PGC_SCZ__AUD+P11_FINNGEN_SCZ__AUD+P12_PGC_SCZ__CUD+P13_FINNGEN_SCZ__CUD
22	49824534	51243297	12	P2_PGC_SCZ__ADHD+P3_FINNGEN_SCZ__ADHD+P4_PGC_SCZ__ASD+P5_FINNGEN_SCZ__ASD+P6_PGC_SCZ__OCD+P7_FINNGEN_SCZ__OCD+P8_PGC_SCZ__AN+P9_FINNGEN_SCZ__AN+P10_PGC_SCZ__AUD+P11_FINNGEN_SCZ__AUD+P12_PGC_SCZ__CUD+P13_FINNGEN_SCZ__CUD
3	60157	1441778	12	P2_PGC_SCZ__ADHD+P3_FINNGEN_SCZ__ADHD+P4_PGC_SCZ__ASD+P5_FINNGEN_SCZ__ASD+P6_PGC_SCZ__OCD+P7_FINNGEN_SCZ__OCD+P8_PGC_SCZ__AN+P9_FINNGEN_SCZ__AN+P10_PGC_SCZ__AUD+P11_FINNGEN_SCZ__AUD+P12_PGC_SCZ__CUD+P13_FINNGEN_SCZ__CUD
3	1441779	2992119	12	P2_PGC_SCZ__ADHD+P3_FINNGEN_SCZ__ADHD+P4_PGC_SCZ__ASD+P5_FINNGEN_SCZ__ASD+P6_PGC_SCZ__OCD+P7_FINNGEN_SCZ__OCD+P8_PGC_SCZ__AN+P9_FINNGEN_SCZ__AN+P10_PGC_SCZ__AUD+P11_FINNGEN_SCZ__AUD+P12_PGC_SCZ__CUD+P13_FINNGEN_SCZ__CUD
3	2992120	4431646	12	P2_PGC_SCZ__ADHD+P3_FINNGEN_SCZ__ADHD+P4_PGC_SCZ__ASD+P5_FINNGEN_SCZ__ASD+P6_PGC_SCZ__OCD+P7_FINNGEN_SCZ__OCD+P8_PGC_SCZ__AN+P9_FINNGEN_SCZ__AN+P10_PGC_SCZ__AUD+P11_FINNGEN_SCZ__AUD+P12_PGC_SCZ__CUD+P13_FINNGEN_SCZ__CUD
3	4431647	6083182	12	P2_PGC_SCZ__ADHD+P3_FINNGEN_SCZ__ADHD+P4_PGC_SCZ__ASD+P5_FINNGEN_SCZ__ASD+P6_PGC_SCZ__OCD+P7_FINNGEN_SCZ__OCD+P8_PGC_SCZ__AN+P9_FINNGEN_SCZ__AN+P10_PGC_SCZ__AUD+P11_FINNGEN_SCZ__AUD+P12_PGC_SCZ__CUD+P13_FINNGEN_SCZ__CUD
3	6083183	7083386	12	P2_PGC_SCZ__ADHD+P3_FINNGEN_SCZ__ADHD+P4_PGC_SCZ__ASD+P5_FINNGEN_SCZ__ASD+P6_PGC_SCZ__OCD+P7_FINNGEN_SCZ__OCD+P8_PGC_SCZ__AN+P9_FINNGEN_SCZ__AN+P10_PGC_SCZ__AUD+P11_FINNGEN_SCZ__AUD+P12_PGC_SCZ__CUD+P13_FINNGEN_SCZ__CUD
3	7083387	8648560	12	P2_PGC_SCZ__ADHD+P3_FINNGEN_SCZ__ADHD+P4_PGC_SCZ__ASD+P5_FINNGEN_SCZ__ASD+P6_PGC_SCZ__OCD+P7_FINNGEN_SCZ__OCD+P8_PGC_SCZ__AN+P9_FINNGEN_SCZ__AN+P10_PGC_SCZ__AUD+P11_FINNGEN_SCZ__AUD+P12_PGC_SCZ__CUD+P13_FINNGEN_SCZ__CUD
3	8648561	9543182	12	P2_PGC_SCZ__ADHD+P3_FINNGEN_SCZ__ADHD+P4_PGC_SCZ__ASD+P5_FINNGEN_SCZ__ASD+P6_PGC_SCZ__OCD+P7_FINNGEN_SCZ__OCD+P8_PGC_SCZ__AN+P9_FINNGEN_SCZ__AN+P10_PGC_SCZ__AUD+P11_FINNGEN_SCZ__AUD+P12_PGC_SCZ__CUD+P13_FINNGEN_SCZ__CUD
3	9543183	11019664	12	P2_PGC_SCZ__ADHD+P3_FINNGEN_SCZ__ADHD+P4_PGC_SCZ__ASD+P5_FINNGEN_SCZ__ASD+P6_PGC_SCZ__OCD+P7_FINNGEN_SCZ__OCD+P8_PGC_SCZ__AN+P9_FINNGEN_SCZ__AN+P10_PGC_SCZ__AUD+P11_FINNGEN_SCZ__AUD+P12_PGC_SCZ__CUD+P13_FINNGEN_SCZ__CUD
3	11019665	13070798	12	P2_PGC_SCZ__ADHD+P3_FINNGEN_SCZ__ADHD+P4_PGC_SCZ__ASD+P5_FINNGEN_SCZ__ASD+P6_PGC_SCZ__OCD+P7_FINNGEN_SCZ__OCD+P8_PGC_SCZ__AN+P9_FINNGEN_SCZ__AN+P10_PGC_SCZ__AUD+P11_FINNGEN_SCZ__AUD+P12_PGC_SCZ__CUD+P13_FINNGEN_SCZ__CUD
3	13070799	14816899	12	P2_PGC_SCZ__ADHD+P3_FINNGEN_SCZ__ADHD+P4_PGC_SCZ__ASD+P5_FINNGEN_SCZ__ASD+P6_PGC_SCZ__OCD+P7_FINNGEN_SCZ__OCD+P8_PGC_SCZ__AN+P9_FINNGEN_SCZ__AN+P10_PGC_SCZ__AUD+P11_FINNGEN_SCZ__AUD+P12_PGC_SCZ__CUD+P13_FINNGEN_SCZ__CUD
3	14816900	16282441	12	P2_PGC_SCZ__ADHD+P3_FINNGEN_SCZ__ADHD+P4_PGC_SCZ__ASD+P5_FINNGEN_SCZ__ASD+P6_PGC_SCZ__OCD+P7_FINNGEN_SCZ__OCD+P8_PGC_SCZ__AN+P9_FINNGEN_SCZ__AN+P10_PGC_SCZ__AUD+P11_FINNGEN_SCZ__AUD+P12_PGC_SCZ__CUD+P13_FINNGEN_SCZ__CUD
3	16282442	17891117	12	P2_PGC_SCZ__ADHD+P3_FINNGEN_SCZ__ADHD+P4_PGC_SCZ__ASD+P5_FINNGEN_SCZ__ASD+P6_PGC_SCZ__OCD+P7_FINNGEN_SCZ__OCD+P8_PGC_SCZ__AN+P9_FINNGEN_SCZ__AN+P10_PGC_SCZ__AUD+P11_FINNGEN_SCZ__AUD+P12_PGC_SCZ__CUD+P13_FINNGEN_SCZ__CUD
3	17891118	19125143	12	P2_PGC_SCZ__ADHD+P3_FINNGEN_SCZ__ADHD+P4_PGC_SCZ__ASD+P5_FINNGEN_SCZ__ASD+P6_PGC_SCZ__OCD+P7_FINNGEN_SCZ__OCD+P8_PGC_SCZ__AN+P9_FINNGEN_SCZ__AN+P10_PGC_SCZ__AUD+P11_FINNGEN_SCZ__AUD+P12_PGC_SCZ__CUD+P13_FINNGEN_SCZ__CUD
3	19125144	20091347	12	P2_PGC_SCZ__ADHD+P3_FINNGEN_SCZ__ADHD+P4_PGC_SCZ__ASD+P5_FINNGEN_SCZ__ASD+P6_PGC_SCZ__OCD+P7_FINNGEN_SCZ__OCD+P8_PGC_SCZ__AN+P9_FINNGEN_SCZ__AN+P10_PGC_SCZ__AUD+P11_FINNGEN_SCZ__AUD+P12_PGC_SCZ__CUD+P13_FINNGEN_SCZ__CUD
3	20091348	21643706	12	P2_PGC_SCZ__ADHD+P3_FINNGEN_SCZ__ADHD+P4_PGC_SCZ__ASD+P5_FINNGEN_SCZ__ASD+P6_PGC_SCZ__OCD+P7_FINNGEN_SCZ__OCD+P8_PGC_SCZ__AN+P9_FINNGEN_SCZ__AN+P10_PGC_SCZ__AUD+P11_FINNGEN_SCZ__AUD+P12_PGC_SCZ__CUD+P13_FINNGEN_SCZ__CUD
3	21643707	22204243	12	P2_PGC_SCZ__ADHD+P3_FINNGEN_SCZ__ADHD+P4_PGC_SCZ__ASD+P5_FINNGEN_SCZ__ASD+P6_PGC_SCZ__OCD+P7_FINNGEN_SCZ__OCD+P8_PGC_SCZ__AN+P9_FINNGEN_SCZ__AN+P10_PGC_SCZ__AUD+P11_FINNGEN_SCZ__AUD+P12_PGC_SCZ__CUD+P13_FINNGEN_SCZ__CUD
3	22204244	23804864	12	P2_PGC_SCZ__ADHD+P3_FINNGEN_SCZ__ADHD+P4_PGC_SCZ__ASD+P5_FINNGEN_SCZ__ASD+P6_PGC_SCZ__OCD+P7_FINNGEN_SCZ__OCD+P8_PGC_SCZ__AN+P9_FINNGEN_SCZ__AN+P10_PGC_SCZ__AUD+P11_FINNGEN_SCZ__AUD+P12_PGC_SCZ__CUD+P13_FINNGEN_SCZ__CUD
3	23804865	25461557	12	P2_PGC_SCZ__ADHD+P3_FINNGEN_SCZ__ADHD+P4_PGC_SCZ__ASD+P5_FINNGEN_SCZ__ASD+P6_PGC_SCZ__OCD+P7_FINNGEN_SCZ__OCD+P8_PGC_SCZ__AN+P9_FINNGEN_SCZ__AN+P10_PGC_SCZ__AUD+P11_FINNGEN_SCZ__AUD+P12_PGC_SCZ__CUD+P13_FINNGEN_SCZ__CUD
3	25461558	26877768	12	P2_PGC_SCZ__ADHD+P3_FINNGEN_SCZ__ADHD+P4_PGC_SCZ__ASD+P5_FINNGEN_SCZ__ASD+P6_PGC_SCZ__OCD+P7_FINNGEN_SCZ__OCD+P8_PGC_SCZ__AN+P9_FINNGEN_SCZ__AN+P10_PGC_SCZ__AUD+P11_FINNGEN_SCZ__AUD+P12_PGC_SCZ__CUD+P13_FINNGEN_SCZ__CUD
3	26877769	27840909	12	P2_PGC_SCZ__ADHD+P3_FINNGEN_SCZ__ADHD+P4_PGC_SCZ__ASD+P5_FINNGEN_SCZ__ASD+P6_PGC_SCZ__OCD+P7_FINNGEN_SCZ__OCD+P8_PGC_SCZ__AN+P9_FINNGEN_SCZ__AN+P10_PGC_SCZ__AUD+P11_FINNGEN_SCZ__AUD+P12_PGC_SCZ__CUD+P13_FINNGEN_SCZ__CUD
3	27840910	29142259	12	P2_PGC_SCZ__ADHD+P3_FINNGEN_SCZ__ADHD+P4_PGC_SCZ__ASD+P5_FINNGEN_SCZ__ASD+P6_PGC_SCZ__OCD+P7_FINNGEN_SCZ__OCD+P8_PGC_SCZ__AN+P9_FINNGEN_SCZ__AN+P10_PGC_SCZ__AUD+P11_FINNGEN_SCZ__AUD+P12_PGC_SCZ__CUD+P13_FINNGEN_SCZ__CUD
3	29142260	30717954	12	P2_PGC_SCZ__ADHD+P3_FINNGEN_SCZ__ADHD+P4_PGC_SCZ__ASD+P5_FINNGEN_SCZ__ASD+P6_PGC_SCZ__OCD+P7_FINNGEN_SCZ__OCD+P8_PGC_SCZ__AN+P9_FINNGEN_SCZ__AN+P10_PGC_SCZ__AUD+P11_FINNGEN_SCZ__AUD+P12_PGC_SCZ__CUD+P13_FINNGEN_SCZ__CUD
3	30717955	32351714	12	P2_PGC_SCZ__ADHD+P3_FINNGEN_SCZ__ADHD+P4_PGC_SCZ__ASD+P5_FINNGEN_SCZ__ASD+P6_PGC_SCZ__OCD+P7_FINNGEN_SCZ__OCD+P8_PGC_SCZ__AN+P9_FINNGEN_SCZ__AN+P10_PGC_SCZ__AUD+P11_FINNGEN_SCZ__AUD+P12_PGC_SCZ__CUD+P13_FINNGEN_SCZ__CUD
3	32351715	33255591	12	P2_PGC_SCZ__ADHD+P3_FINNGEN_SCZ__ADHD+P4_PGC_SCZ__ASD+P5_FINNGEN_SCZ__ASD+P6_PGC_SCZ__OCD+P7_FINNGEN_SCZ__OCD+P8_PGC_SCZ__AN+P9_FINNGEN_SCZ__AN+P10_PGC_SCZ__AUD+P11_FINNGEN_SCZ__AUD+P12_PGC_SCZ__CUD+P13_FINNGEN_SCZ__CUD
3	33255592	35283457	12	P2_PGC_SCZ__ADHD+P3_FINNGEN_SCZ__ADHD+P4_PGC_SCZ__ASD+P5_FINNGEN_SCZ__ASD+P6_PGC_SCZ__OCD+P7_FINNGEN_SCZ__OCD+P8_PGC_SCZ__AN+P9_FINNGEN_SCZ__AN+P10_PGC_SCZ__AUD+P11_FINNGEN_SCZ__AUD+P12_PGC_SCZ__CUD+P13_FINNGEN_SCZ__CUD
3	35283458	36486841	12	P2_PGC_SCZ__ADHD+P3_FINNGEN_SCZ__ADHD+P4_PGC_SCZ__ASD+P5_FINNGEN_SCZ__ASD+P6_PGC_SCZ__OCD+P7_FINNGEN_SCZ__OCD+P8_PGC_SCZ__AN+P9_FINNGEN_SCZ__AN+P10_PGC_SCZ__AUD+P11_FINNGEN_SCZ__AUD+P12_PGC_SCZ__CUD+P13_FINNGEN_SCZ__CUD
3	36486842	38356115	12	P2_PGC_SCZ__ADHD+P3_FINNGEN_SCZ__ADHD+P4_PGC_SCZ__ASD+P5_FINNGEN_SCZ__ASD+P6_PGC_SCZ__OCD+P7_FINNGEN_SCZ__OCD+P8_PGC_SCZ__AN+P9_FINNGEN_SCZ__AN+P10_PGC_SCZ__AUD+P11_FINNGEN_SCZ__AUD+P12_PGC_SCZ__CUD+P13_FINNGEN_SCZ__CUD
3	38356116	40221297	12	P2_PGC_SCZ__ADHD+P3_FINNGEN_SCZ__ADHD+P4_PGC_SCZ__ASD+P5_FINNGEN_SCZ__ASD+P6_PGC_SCZ__OCD+P7_FINNGEN_SCZ__OCD+P8_PGC_SCZ__AN+P9_FINNGEN_SCZ__AN+P10_PGC_SCZ__AUD+P11_FINNGEN_SCZ__AUD+P12_PGC_SCZ__CUD+P13_FINNGEN_SCZ__CUD
3	40221298	41064527	10	P2_PGC_SCZ__ADHD+P3_FINNGEN_SCZ__ADHD+P4_PGC_SCZ__ASD+P5_FINNGEN_SCZ__ASD+P6_PGC_SCZ__OCD+P7_FINNGEN_SCZ__OCD+P10_PGC_SCZ__AUD+P11_FINNGEN_SCZ__AUD+P12_PGC_SCZ__CUD+P13_FINNGEN_SCZ__CUD
3	41064528	42540001	12	P2_PGC_SCZ__ADHD+P3_FINNGEN_SCZ__ADHD+P4_PGC_SCZ__ASD+P5_FINNGEN_SCZ__ASD+P6_PGC_SCZ__OCD+P7_FINNGEN_SCZ__OCD+P8_PGC_SCZ__AN+P9_FINNGEN_SCZ__AN+P10_PGC_SCZ__AUD+P11_FINNGEN_SCZ__AUD+P12_PGC_SCZ__CUD+P13_FINNGEN_SCZ__CUD
3	42540002	45165152	12	P2_PGC_SCZ__ADHD+P3_FINNGEN_SCZ__ADHD+P4_PGC_SCZ__ASD+P5_FINNGEN_SCZ__ASD+P6_PGC_SCZ__OCD+P7_FINNGEN_SCZ__OCD+P8_PGC_SCZ__AN+P9_FINNGEN_SCZ__AN+P10_PGC_SCZ__AUD+P11_FINNGEN_SCZ__AUD+P12_PGC_SCZ__CUD+P13_FINNGEN_SCZ__CUD
3	45165153	46657499	12	P2_PGC_SCZ__ADHD+P3_FINNGEN_SCZ__ADHD+P4_PGC_SCZ__ASD+P5_FINNGEN_SCZ__ASD+P6_PGC_SCZ__OCD+P7_FINNGEN_SCZ__OCD+P8_PGC_SCZ__AN+P9_FINNGEN_SCZ__AN+P10_PGC_SCZ__AUD+P11_FINNGEN_SCZ__AUD+P12_PGC_SCZ__CUD+P13_FINNGEN_SCZ__CUD
3	46657500	47727211	12	P2_PGC_SCZ__ADHD+P3_FINNGEN_SCZ__ADHD+P4_PGC_SCZ__ASD+P5_FINNGEN_SCZ__ASD+P6_PGC_SCZ__OCD+P7_FINNGEN_SCZ__OCD+P8_PGC_SCZ__AN+P9_FINNGEN_SCZ__AN+P10_PGC_SCZ__AUD+P11_FINNGEN_SCZ__AUD+P12_PGC_SCZ__CUD+P13_FINNGEN_SCZ__CUD
3	47727212	49316971	12	P2_PGC_SCZ__ADHD+P3_FINNGEN_SCZ__ADHD+P4_PGC_SCZ__ASD+P5_FINNGEN_SCZ__ASD+P6_PGC_SCZ__OCD+P7_FINNGEN_SCZ__OCD+P8_PGC_SCZ__AN+P9_FINNGEN_SCZ__AN+P10_PGC_SCZ__AUD+P11_FINNGEN_SCZ__AUD+P12_PGC_SCZ__CUD+P13_FINNGEN_SCZ__CUD
3	49316972	51832014	12	P2_PGC_SCZ__ADHD+P3_FINNGEN_SCZ__ADHD+P4_PGC_SCZ__ASD+P5_FINNGEN_SCZ__ASD+P6_PGC_SCZ__OCD+P7_FINNGEN_SCZ__OCD+P8_PGC_SCZ__AN+P9_FINNGEN_SCZ__AN+P10_PGC_SCZ__AUD+P11_FINNGEN_SCZ__AUD+P12_PGC_SCZ__CUD+P13_FINNGEN_SCZ__CUD
3	51832015	54081389	12	P2_PGC_SCZ__ADHD+P3_FINNGEN_SCZ__ADHD+P4_PGC_SCZ__ASD+P5_FINNGEN_SCZ__ASD+P6_PGC_SCZ__OCD+P7_FINNGEN_SCZ__OCD+P8_PGC_SCZ__AN+P9_FINNGEN_SCZ__AN+P10_PGC_SCZ__AUD+P11_FINNGEN_SCZ__AUD+P12_PGC_SCZ__CUD+P13_FINNGEN_SCZ__CUD
3	54081390	55348859	12	P2_PGC_SCZ__ADHD+P3_FINNGEN_SCZ__ADHD+P4_PGC_SCZ__ASD+P5_FINNGEN_SCZ__ASD+P6_PGC_SCZ__OCD+P7_FINNGEN_SCZ__OCD+P8_PGC_SCZ__AN+P9_FINNGEN_SCZ__AN+P10_PGC_SCZ__AUD+P11_FINNGEN_SCZ__AUD+P12_PGC_SCZ__CUD+P13_FINNGEN_SCZ__CUD
3	55348860	56433906	12	P2_PGC_SCZ__ADHD+P3_FINNGEN_SCZ__ADHD+P4_PGC_SCZ__ASD+P5_FINNGEN_SCZ__ASD+P6_PGC_SCZ__OCD+P7_FINNGEN_SCZ__OCD+P8_PGC_SCZ__AN+P9_FINNGEN_SCZ__AN+P10_PGC_SCZ__AUD+P11_FINNGEN_SCZ__AUD+P12_PGC_SCZ__CUD+P13_FINNGEN_SCZ__CUD
3	56433907	58157518	12	P2_PGC_SCZ__ADHD+P3_FINNGEN_SCZ__ADHD+P4_PGC_SCZ__ASD+P5_FINNGEN_SCZ__ASD+P6_PGC_SCZ__OCD+P7_FINNGEN_SCZ__OCD+P8_PGC_SCZ__AN+P9_FINNGEN_SCZ__AN+P10_PGC_SCZ__AUD+P11_FINNGEN_SCZ__AUD+P12_PGC_SCZ__CUD+P13_FINNGEN_SCZ__CUD
3	58157519	60272905	12	P2_PGC_SCZ__ADHD+P3_FINNGEN_SCZ__ADHD+P4_PGC_SCZ__ASD+P5_FINNGEN_SCZ__ASD+P6_PGC_SCZ__OCD+P7_FINNGEN_SCZ__OCD+P8_PGC_SCZ__AN+P9_FINNGEN_SCZ__AN+P10_PGC_SCZ__AUD+P11_FINNGEN_SCZ__AUD+P12_PGC_SCZ__CUD+P13_FINNGEN_SCZ__CUD
3	60272906	62355665	12	P2_PGC_SCZ__ADHD+P3_FINNGEN_SCZ__ADHD+P4_PGC_SCZ__ASD+P5_FINNGEN_SCZ__ASD+P6_PGC_SCZ__OCD+P7_FINNGEN_SCZ__OCD+P8_PGC_SCZ__AN+P9_FINNGEN_SCZ__AN+P10_PGC_SCZ__AUD+P11_FINNGEN_SCZ__AUD+P12_PGC_SCZ__CUD+P13_FINNGEN_SCZ__CUD
3	62355666	63669285	12	P2_PGC_SCZ__ADHD+P3_FINNGEN_SCZ__ADHD+P4_PGC_SCZ__ASD+P5_FINNGEN_SCZ__ASD+P6_PGC_SCZ__OCD+P7_FINNGEN_SCZ__OCD+P8_PGC_SCZ__AN+P9_FINNGEN_SCZ__AN+P10_PGC_SCZ__AUD+P11_FINNGEN_SCZ__AUD+P12_PGC_SCZ__CUD+P13_FINNGEN_SCZ__CUD
3	63669286	65273537	12	P2_PGC_SCZ__ADHD+P3_FINNGEN_SCZ__ADHD+P4_PGC_SCZ__ASD+P5_FINNGEN_SCZ__ASD+P6_PGC_SCZ__OCD+P7_FINNGEN_SCZ__OCD+P8_PGC_SCZ__AN+P9_FINNGEN_SCZ__AN+P10_PGC_SCZ__AUD+P11_FINNGEN_SCZ__AUD+P12_PGC_SCZ__CUD+P13_FINNGEN_SCZ__CUD
3	65273538	66270446	12	P2_PGC_SCZ__ADHD+P3_FINNGEN_SCZ__ADHD+P4_PGC_SCZ__ASD+P5_FINNGEN_SCZ__ASD+P6_PGC_SCZ__OCD+P7_FINNGEN_SCZ__OCD+P8_PGC_SCZ__AN+P9_FINNGEN_SCZ__AN+P10_PGC_SCZ__AUD+P11_FINNGEN_SCZ__AUD+P12_PGC_SCZ__CUD+P13_FINNGEN_SCZ__CUD
3	66270447	68286913	12	P2_PGC_SCZ__ADHD+P3_FINNGEN_SCZ__ADHD+P4_PGC_SCZ__ASD+P5_FINNGEN_SCZ__ASD+P6_PGC_SCZ__OCD+P7_FINNGEN_SCZ__OCD+P8_PGC_SCZ__AN+P9_FINNGEN_SCZ__AN+P10_PGC_SCZ__AUD+P11_FINNGEN_SCZ__AUD+P12_PGC_SCZ__CUD+P13_FINNGEN_SCZ__CUD
3	68286914	69276761	12	P2_PGC_SCZ__ADHD+P3_FINNGEN_SCZ__ADHD+P4_PGC_SCZ__ASD+P5_FINNGEN_SCZ__ASD+P6_PGC_SCZ__OCD+P7_FINNGEN_SCZ__OCD+P8_PGC_SCZ__AN+P9_FINNGEN_SCZ__AN+P10_PGC_SCZ__AUD+P11_FINNGEN_SCZ__AUD+P12_PGC_SCZ__CUD+P13_FINNGEN_SCZ__CUD
3	69276762	70449027	12	P2_PGC_SCZ__ADHD+P3_FINNGEN_SCZ__ADHD+P4_PGC_SCZ__ASD+P5_FINNGEN_SCZ__ASD+P6_PGC_SCZ__OCD+P7_FINNGEN_SCZ__OCD+P8_PGC_SCZ__AN+P9_FINNGEN_SCZ__AN+P10_PGC_SCZ__AUD+P11_FINNGEN_SCZ__AUD+P12_PGC_SCZ__CUD+P13_FINNGEN_SCZ__CUD
3	70449028	72529328	12	P2_PGC_SCZ__ADHD+P3_FINNGEN_SCZ__ADHD+P4_PGC_SCZ__ASD+P5_FINNGEN_SCZ__ASD+P6_PGC_SCZ__OCD+P7_FINNGEN_SCZ__OCD+P8_PGC_SCZ__AN+P9_FINNGEN_SCZ__AN+P10_PGC_SCZ__AUD+P11_FINNGEN_SCZ__AUD+P12_PGC_SCZ__CUD+P13_FINNGEN_SCZ__CUD
3	72529329	74321816	12	P2_PGC_SCZ__ADHD+P3_FINNGEN_SCZ__ADHD+P4_PGC_SCZ__ASD+P5_FINNGEN_SCZ__ASD+P6_PGC_SCZ__OCD+P7_FINNGEN_SCZ__OCD+P8_PGC_SCZ__AN+P9_FINNGEN_SCZ__AN+P10_PGC_SCZ__AUD+P11_FINNGEN_SCZ__AUD+P12_PGC_SCZ__CUD+P13_FINNGEN_SCZ__CUD
3	74321817	75704948	12	P2_PGC_SCZ__ADHD+P3_FINNGEN_SCZ__ADHD+P4_PGC_SCZ__ASD+P5_FINNGEN_SCZ__ASD+P6_PGC_SCZ__OCD+P7_FINNGEN_SCZ__OCD+P8_PGC_SCZ__AN+P9_FINNGEN_SCZ__AN+P10_PGC_SCZ__AUD+P11_FINNGEN_SCZ__AUD+P12_PGC_SCZ__CUD+P13_FINNGEN_SCZ__CUD
3	75704949	77508834	12	P2_PGC_SCZ__ADHD+P3_FINNGEN_SCZ__ADHD+P4_PGC_SCZ__ASD+P5_FINNGEN_SCZ__ASD+P6_PGC_SCZ__OCD+P7_FINNGEN_SCZ__OCD+P8_PGC_SCZ__AN+P9_FINNGEN_SCZ__AN+P10_PGC_SCZ__AUD+P11_FINNGEN_SCZ__AUD+P12_PGC_SCZ__CUD+P13_FINNGEN_SCZ__CUD
3	77508835	79024540	12	P2_PGC_SCZ__ADHD+P3_FINNGEN_SCZ__ADHD+P4_PGC_SCZ__ASD+P5_FINNGEN_SCZ__ASD+P6_PGC_SCZ__OCD+P7_FINNGEN_SCZ__OCD+P8_PGC_SCZ__AN+P9_FINNGEN_SCZ__AN+P10_PGC_SCZ__AUD+P11_FINNGEN_SCZ__AUD+P12_PGC_SCZ__CUD+P13_FINNGEN_SCZ__CUD
3	79024541	81427309	12	P2_PGC_SCZ__ADHD+P3_FINNGEN_SCZ__ADHD+P4_PGC_SCZ__ASD+P5_FINNGEN_SCZ__ASD+P6_PGC_SCZ__OCD+P7_FINNGEN_SCZ__OCD+P8_PGC_SCZ__AN+P9_FINNGEN_SCZ__AN+P10_PGC_SCZ__AUD+P11_FINNGEN_SCZ__AUD+P12_PGC_SCZ__CUD+P13_FINNGEN_SCZ__CUD
3	81427310	82643885	12	P2_PGC_SCZ__ADHD+P3_FINNGEN_SCZ__ADHD+P4_PGC_SCZ__ASD+P5_FINNGEN_SCZ__ASD+P6_PGC_SCZ__OCD+P7_FINNGEN_SCZ__OCD+P8_PGC_SCZ__AN+P9_FINNGEN_SCZ__AN+P10_PGC_SCZ__AUD+P11_FINNGEN_SCZ__AUD+P12_PGC_SCZ__CUD+P13_FINNGEN_SCZ__CUD
3	82643886	84367478	12	P2_PGC_SCZ__ADHD+P3_FINNGEN_SCZ__ADHD+P4_PGC_SCZ__ASD+P5_FINNGEN_SCZ__ASD+P6_PGC_SCZ__OCD+P7_FINNGEN_SCZ__OCD+P8_PGC_SCZ__AN+P9_FINNGEN_SCZ__AN+P10_PGC_SCZ__AUD+P11_FINNGEN_SCZ__AUD+P12_PGC_SCZ__CUD+P13_FINNGEN_SCZ__CUD
3	84367479	85582230	12	P2_PGC_SCZ__ADHD+P3_FINNGEN_SCZ__ADHD+P4_PGC_SCZ__ASD+P5_FINNGEN_SCZ__ASD+P6_PGC_SCZ__OCD+P7_FINNGEN_SCZ__OCD+P8_PGC_SCZ__AN+P9_FINNGEN_SCZ__AN+P10_PGC_SCZ__AUD+P11_FINNGEN_SCZ__AUD+P12_PGC_SCZ__CUD+P13_FINNGEN_SCZ__CUD
3	85582231	87409731	12	P2_PGC_SCZ__ADHD+P3_FINNGEN_SCZ__ADHD+P4_PGC_SCZ__ASD+P5_FINNGEN_SCZ__ASD+P6_PGC_SCZ__OCD+P7_FINNGEN_SCZ__OCD+P8_PGC_SCZ__AN+P9_FINNGEN_SCZ__AN+P10_PGC_SCZ__AUD+P11_FINNGEN_SCZ__AUD+P12_PGC_SCZ__CUD+P13_FINNGEN_SCZ__CUD
3	87409732	88298372	12	P2_PGC_SCZ__ADHD+P3_FINNGEN_SCZ__ADHD+P4_PGC_SCZ__ASD+P5_FINNGEN_SCZ__ASD+P6_PGC_SCZ__OCD+P7_FINNGEN_SCZ__OCD+P8_PGC_SCZ__AN+P9_FINNGEN_SCZ__AN+P10_PGC_SCZ__AUD+P11_FINNGEN_SCZ__AUD+P12_PGC_SCZ__CUD+P13_FINNGEN_SCZ__CUD
3	88298373	94255315	12	P2_PGC_SCZ__ADHD+P3_FINNGEN_SCZ__ADHD+P4_PGC_SCZ__ASD+P5_FINNGEN_SCZ__ASD+P6_PGC_SCZ__OCD+P7_FINNGEN_SCZ__OCD+P8_PGC_SCZ__AN+P9_FINNGEN_SCZ__AN+P10_PGC_SCZ__AUD+P11_FINNGEN_SCZ__AUD+P12_PGC_SCZ__CUD+P13_FINNGEN_SCZ__CUD
3	94255316	95311970	12	P2_PGC_SCZ__ADHD+P3_FINNGEN_SCZ__ADHD+P4_PGC_SCZ__ASD+P5_FINNGEN_SCZ__ASD+P6_PGC_SCZ__OCD+P7_FINNGEN_SCZ__OCD+P8_PGC_SCZ__AN+P9_FINNGEN_SCZ__AN+P10_PGC_SCZ__AUD+P11_FINNGEN_SCZ__AUD+P12_PGC_SCZ__CUD+P13_FINNGEN_SCZ__CUD
3	95311971	98215949	12	P2_PGC_SCZ__ADHD+P3_FINNGEN_SCZ__ADHD+P4_PGC_SCZ__ASD+P5_FINNGEN_SCZ__ASD+P6_PGC_SCZ__OCD+P7_FINNGEN_SCZ__OCD+P8_PGC_SCZ__AN+P9_FINNGEN_SCZ__AN+P10_PGC_SCZ__AUD+P11_FINNGEN_SCZ__AUD+P12_PGC_SCZ__CUD+P13_FINNGEN_SCZ__CUD
3	98215950	99373761	12	P2_PGC_SCZ__ADHD+P3_FINNGEN_SCZ__ADHD+P4_PGC_SCZ__ASD+P5_FINNGEN_SCZ__ASD+P6_PGC_SCZ__OCD+P7_FINNGEN_SCZ__OCD+P8_PGC_SCZ__AN+P9_FINNGEN_SCZ__AN+P10_PGC_SCZ__AUD+P11_FINNGEN_SCZ__AUD+P12_PGC_SCZ__CUD+P13_FINNGEN_SCZ__CUD
3	99373762	100592216	12	P2_PGC_SCZ__ADHD+P3_FINNGEN_SCZ__ADHD+P4_PGC_SCZ__ASD+P5_FINNGEN_SCZ__ASD+P6_PGC_SCZ__OCD+P7_FINNGEN_SCZ__OCD+P8_PGC_SCZ__AN+P9_FINNGEN_SCZ__AN+P10_PGC_SCZ__AUD+P11_FINNGEN_SCZ__AUD+P12_PGC_SCZ__CUD+P13_FINNGEN_SCZ__CUD
3	100592217	103084959	12	P2_PGC_SCZ__ADHD+P3_FINNGEN_SCZ__ADHD+P4_PGC_SCZ__ASD+P5_FINNGEN_SCZ__ASD+P6_PGC_SCZ__OCD+P7_FINNGEN_SCZ__OCD+P8_PGC_SCZ__AN+P9_FINNGEN_SCZ__AN+P10_PGC_SCZ__AUD+P11_FINNGEN_SCZ__AUD+P12_PGC_SCZ__CUD+P13_FINNGEN_SCZ__CUD
3	103084960	104581612	12	P2_PGC_SCZ__ADHD+P3_FINNGEN_SCZ__ADHD+P4_PGC_SCZ__ASD+P5_FINNGEN_SCZ__ASD+P6_PGC_SCZ__OCD+P7_FINNGEN_SCZ__OCD+P8_PGC_SCZ__AN+P9_FINNGEN_SCZ__AN+P10_PGC_SCZ__AUD+P11_FINNGEN_SCZ__AUD+P12_PGC_SCZ__CUD+P13_FINNGEN_SCZ__CUD
3	104581613	106982810	12	P2_PGC_SCZ__ADHD+P3_FINNGEN_SCZ__ADHD+P4_PGC_SCZ__ASD+P5_FINNGEN_SCZ__ASD+P6_PGC_SCZ__OCD+P7_FINNGEN_SCZ__OCD+P8_PGC_SCZ__AN+P9_FINNGEN_SCZ__AN+P10_PGC_SCZ__AUD+P11_FINNGEN_SCZ__AUD+P12_PGC_SCZ__CUD+P13_FINNGEN_SCZ__CUD
3	106982811	109522394	12	P2_PGC_SCZ__ADHD+P3_FINNGEN_SCZ__ADHD+P4_PGC_SCZ__ASD+P5_FINNGEN_SCZ__ASD+P6_PGC_SCZ__OCD+P7_FINNGEN_SCZ__OCD+P8_PGC_SCZ__AN+P9_FINNGEN_SCZ__AN+P10_PGC_SCZ__AUD+P11_FINNGEN_SCZ__AUD+P12_PGC_SCZ__CUD+P13_FINNGEN_SCZ__CUD
3	109522395	110513769	12	P2_PGC_SCZ__ADHD+P3_FINNGEN_SCZ__ADHD+P4_PGC_SCZ__ASD+P5_FINNGEN_SCZ__ASD+P6_PGC_SCZ__OCD+P7_FINNGEN_SCZ__OCD+P8_PGC_SCZ__AN+P9_FINNGEN_SCZ__AN+P10_PGC_SCZ__AUD+P11_FINNGEN_SCZ__AUD+P12_PGC_SCZ__CUD+P13_FINNGEN_SCZ__CUD
3	110513770	112815698	12	P2_PGC_SCZ__ADHD+P3_FINNGEN_SCZ__ADHD+P4_PGC_SCZ__ASD+P5_FINNGEN_SCZ__ASD+P6_PGC_SCZ__OCD+P7_FINNGEN_SCZ__OCD+P8_PGC_SCZ__AN+P9_FINNGEN_SCZ__AN+P10_PGC_SCZ__AUD+P11_FINNGEN_SCZ__AUD+P12_PGC_SCZ__CUD+P13_FINNGEN_SCZ__CUD
3	112815699	113947862	12	P2_PGC_SCZ__ADHD+P3_FINNGEN_SCZ__ADHD+P4_PGC_SCZ__ASD+P5_FINNGEN_SCZ__ASD+P6_PGC_SCZ__OCD+P7_FINNGEN_SCZ__OCD+P8_PGC_SCZ__AN+P9_FINNGEN_SCZ__AN+P10_PGC_SCZ__AUD+P11_FINNGEN_SCZ__AUD+P12_PGC_SCZ__CUD+P13_FINNGEN_SCZ__CUD
3	113947863	115447079	12	P2_PGC_SCZ__ADHD+P3_FINNGEN_SCZ__ADHD+P4_PGC_SCZ__ASD+P5_FINNGEN_SCZ__ASD+P6_PGC_SCZ__OCD+P7_FINNGEN_SCZ__OCD+P8_PGC_SCZ__AN+P9_FINNGEN_SCZ__AN+P10_PGC_SCZ__AUD+P11_FINNGEN_SCZ__AUD+P12_PGC_SCZ__CUD+P13_FINNGEN_SCZ__CUD
3	115447080	116800152	12	P2_PGC_SCZ__ADHD+P3_FINNGEN_SCZ__ADHD+P4_PGC_SCZ__ASD+P5_FINNGEN_SCZ__ASD+P6_PGC_SCZ__OCD+P7_FINNGEN_SCZ__OCD+P8_PGC_SCZ__AN+P9_FINNGEN_SCZ__AN+P10_PGC_SCZ__AUD+P11_FINNGEN_SCZ__AUD+P12_PGC_SCZ__CUD+P13_FINNGEN_SCZ__CUD
3	116800153	118530250	12	P2_PGC_SCZ__ADHD+P3_FINNGEN_SCZ__ADHD+P4_PGC_SCZ__ASD+P5_FINNGEN_SCZ__ASD+P6_PGC_SCZ__OCD+P7_FINNGEN_SCZ__OCD+P8_PGC_SCZ__AN+P9_FINNGEN_SCZ__AN+P10_PGC_SCZ__AUD+P11_FINNGEN_SCZ__AUD+P12_PGC_SCZ__CUD+P13_FINNGEN_SCZ__CUD
3	118530251	120523054	12	P2_PGC_SCZ__ADHD+P3_FINNGEN_SCZ__ADHD+P4_PGC_SCZ__ASD+P5_FINNGEN_SCZ__ASD+P6_PGC_SCZ__OCD+P7_FINNGEN_SCZ__OCD+P8_PGC_SCZ__AN+P9_FINNGEN_SCZ__AN+P10_PGC_SCZ__AUD+P11_FINNGEN_SCZ__AUD+P12_PGC_SCZ__CUD+P13_FINNGEN_SCZ__CUD
3	120523055	121974096	12	P2_PGC_SCZ__ADHD+P3_FINNGEN_SCZ__ADHD+P4_PGC_SCZ__ASD+P5_FINNGEN_SCZ__ASD+P6_PGC_SCZ__OCD+P7_FINNGEN_SCZ__OCD+P8_PGC_SCZ__AN+P9_FINNGEN_SCZ__AN+P10_PGC_SCZ__AUD+P11_FINNGEN_SCZ__AUD+P12_PGC_SCZ__CUD+P13_FINNGEN_SCZ__CUD
3	121974097	123517767	12	P2_PGC_SCZ__ADHD+P3_FINNGEN_SCZ__ADHD+P4_PGC_SCZ__ASD+P5_FINNGEN_SCZ__ASD+P6_PGC_SCZ__OCD+P7_FINNGEN_SCZ__OCD+P8_PGC_SCZ__AN+P9_FINNGEN_SCZ__AN+P10_PGC_SCZ__AUD+P11_FINNGEN_SCZ__AUD+P12_PGC_SCZ__CUD+P13_FINNGEN_SCZ__CUD
3	123517768	124936641	12	P2_PGC_SCZ__ADHD+P3_FINNGEN_SCZ__ADHD+P4_PGC_SCZ__ASD+P5_FINNGEN_SCZ__ASD+P6_PGC_SCZ__OCD+P7_FINNGEN_SCZ__OCD+P8_PGC_SCZ__AN+P9_FINNGEN_SCZ__AN+P10_PGC_SCZ__AUD+P11_FINNGEN_SCZ__AUD+P12_PGC_SCZ__CUD+P13_FINNGEN_SCZ__CUD
3	124936642	126214942	12	P2_PGC_SCZ__ADHD+P3_FINNGEN_SCZ__ADHD+P4_PGC_SCZ__ASD+P5_FINNGEN_SCZ__ASD+P6_PGC_SCZ__OCD+P7_FINNGEN_SCZ__OCD+P8_PGC_SCZ__AN+P9_FINNGEN_SCZ__AN+P10_PGC_SCZ__AUD+P11_FINNGEN_SCZ__AUD+P12_PGC_SCZ__CUD+P13_FINNGEN_SCZ__CUD
3	126214943	128194860	12	P2_PGC_SCZ__ADHD+P3_FINNGEN_SCZ__ADHD+P4_PGC_SCZ__ASD+P5_FINNGEN_SCZ__ASD+P6_PGC_SCZ__OCD+P7_FINNGEN_SCZ__OCD+P8_PGC_SCZ__AN+P9_FINNGEN_SCZ__AN+P10_PGC_SCZ__AUD+P11_FINNGEN_SCZ__AUD+P12_PGC_SCZ__CUD+P13_FINNGEN_SCZ__CUD
3	128194861	130244734	12	P2_PGC_SCZ__ADHD+P3_FINNGEN_SCZ__ADHD+P4_PGC_SCZ__ASD+P5_FINNGEN_SCZ__ASD+P6_PGC_SCZ__OCD+P7_FINNGEN_SCZ__OCD+P8_PGC_SCZ__AN+P9_FINNGEN_SCZ__AN+P10_PGC_SCZ__AUD+P11_FINNGEN_SCZ__AUD+P12_PGC_SCZ__CUD+P13_FINNGEN_SCZ__CUD
3	130244735	131836515	12	P2_PGC_SCZ__ADHD+P3_FINNGEN_SCZ__ADHD+P4_PGC_SCZ__ASD+P5_FINNGEN_SCZ__ASD+P6_PGC_SCZ__OCD+P7_FINNGEN_SCZ__OCD+P8_PGC_SCZ__AN+P9_FINNGEN_SCZ__AN+P10_PGC_SCZ__AUD+P11_FINNGEN_SCZ__AUD+P12_PGC_SCZ__CUD+P13_FINNGEN_SCZ__CUD
3	131836516	133252172	12	P2_PGC_SCZ__ADHD+P3_FINNGEN_SCZ__ADHD+P4_PGC_SCZ__ASD+P5_FINNGEN_SCZ__ASD+P6_PGC_SCZ__OCD+P7_FINNGEN_SCZ__OCD+P8_PGC_SCZ__AN+P9_FINNGEN_SCZ__AN+P10_PGC_SCZ__AUD+P11_FINNGEN_SCZ__AUD+P12_PGC_SCZ__CUD+P13_FINNGEN_SCZ__CUD
3	133252173	135456905	12	P2_PGC_SCZ__ADHD+P3_FINNGEN_SCZ__ADHD+P4_PGC_SCZ__ASD+P5_FINNGEN_SCZ__ASD+P6_PGC_SCZ__OCD+P7_FINNGEN_SCZ__OCD+P8_PGC_SCZ__AN+P9_FINNGEN_SCZ__AN+P10_PGC_SCZ__AUD+P11_FINNGEN_SCZ__AUD+P12_PGC_SCZ__CUD+P13_FINNGEN_SCZ__CUD
3	135456906	137371082	12	P2_PGC_SCZ__ADHD+P3_FINNGEN_SCZ__ADHD+P4_PGC_SCZ__ASD+P5_FINNGEN_SCZ__ASD+P6_PGC_SCZ__OCD+P7_FINNGEN_SCZ__OCD+P8_PGC_SCZ__AN+P9_FINNGEN_SCZ__AN+P10_PGC_SCZ__AUD+P11_FINNGEN_SCZ__AUD+P12_PGC_SCZ__CUD+P13_FINNGEN_SCZ__CUD
3	137371083	139954596	12	P2_PGC_SCZ__ADHD+P3_FINNGEN_SCZ__ADHD+P4_PGC_SCZ__ASD+P5_FINNGEN_SCZ__ASD+P6_PGC_SCZ__OCD+P7_FINNGEN_SCZ__OCD+P8_PGC_SCZ__AN+P9_FINNGEN_SCZ__AN+P10_PGC_SCZ__AUD+P11_FINNGEN_SCZ__AUD+P12_PGC_SCZ__CUD+P13_FINNGEN_SCZ__CUD
3	139954597	141339096	12	P2_PGC_SCZ__ADHD+P3_FINNGEN_SCZ__ADHD+P4_PGC_SCZ__ASD+P5_FINNGEN_SCZ__ASD+P6_PGC_SCZ__OCD+P7_FINNGEN_SCZ__OCD+P8_PGC_SCZ__AN+P9_FINNGEN_SCZ__AN+P10_PGC_SCZ__AUD+P11_FINNGEN_SCZ__AUD+P12_PGC_SCZ__CUD+P13_FINNGEN_SCZ__CUD
3	141339097	143164627	12	P2_PGC_SCZ__ADHD+P3_FINNGEN_SCZ__ADHD+P4_PGC_SCZ__ASD+P5_FINNGEN_SCZ__ASD+P6_PGC_SCZ__OCD+P7_FINNGEN_SCZ__OCD+P8_PGC_SCZ__AN+P9_FINNGEN_SCZ__AN+P10_PGC_SCZ__AUD+P11_FINNGEN_SCZ__AUD+P12_PGC_SCZ__CUD+P13_FINNGEN_SCZ__CUD
3	143164628	144410815	12	P2_PGC_SCZ__ADHD+P3_FINNGEN_SCZ__ADHD+P4_PGC_SCZ__ASD+P5_FINNGEN_SCZ__ASD+P6_PGC_SCZ__OCD+P7_FINNGEN_SCZ__OCD+P8_PGC_SCZ__AN+P9_FINNGEN_SCZ__AN+P10_PGC_SCZ__AUD+P11_FINNGEN_SCZ__AUD+P12_PGC_SCZ__CUD+P13_FINNGEN_SCZ__CUD
3	144410816	145664618	12	P2_PGC_SCZ__ADHD+P3_FINNGEN_SCZ__ADHD+P4_PGC_SCZ__ASD+P5_FINNGEN_SCZ__ASD+P6_PGC_SCZ__OCD+P7_FINNGEN_SCZ__OCD+P8_PGC_SCZ__AN+P9_FINNGEN_SCZ__AN+P10_PGC_SCZ__AUD+P11_FINNGEN_SCZ__AUD+P12_PGC_SCZ__CUD+P13_FINNGEN_SCZ__CUD
3	145664619	146726628	12	P2_PGC_SCZ__ADHD+P3_FINNGEN_SCZ__ADHD+P4_PGC_SCZ__ASD+P5_FINNGEN_SCZ__ASD+P6_PGC_SCZ__OCD+P7_FINNGEN_SCZ__OCD+P8_PGC_SCZ__AN+P9_FINNGEN_SCZ__AN+P10_PGC_SCZ__AUD+P11_FINNGEN_SCZ__AUD+P12_PGC_SCZ__CUD+P13_FINNGEN_SCZ__CUD
3	146726629	149043236	12	P2_PGC_SCZ__ADHD+P3_FINNGEN_SCZ__ADHD+P4_PGC_SCZ__ASD+P5_FINNGEN_SCZ__ASD+P6_PGC_SCZ__OCD+P7_FINNGEN_SCZ__OCD+P8_PGC_SCZ__AN+P9_FINNGEN_SCZ__AN+P10_PGC_SCZ__AUD+P11_FINNGEN_SCZ__AUD+P12_PGC_SCZ__CUD+P13_FINNGEN_SCZ__CUD
3	149043237	150252003	12	P2_PGC_SCZ__ADHD+P3_FINNGEN_SCZ__ADHD+P4_PGC_SCZ__ASD+P5_FINNGEN_SCZ__ASD+P6_PGC_SCZ__OCD+P7_FINNGEN_SCZ__OCD+P8_PGC_SCZ__AN+P9_FINNGEN_SCZ__AN+P10_PGC_SCZ__AUD+P11_FINNGEN_SCZ__AUD+P12_PGC_SCZ__CUD+P13_FINNGEN_SCZ__CUD
3	150252004	151348729	12	P2_PGC_SCZ__ADHD+P3_FINNGEN_SCZ__ADHD+P4_PGC_SCZ__ASD+P5_FINNGEN_SCZ__ASD+P6_PGC_SCZ__OCD+P7_FINNGEN_SCZ__OCD+P8_PGC_SCZ__AN+P9_FINNGEN_SCZ__AN+P10_PGC_SCZ__AUD+P11_FINNGEN_SCZ__AUD+P12_PGC_SCZ__CUD+P13_FINNGEN_SCZ__CUD
3	151348730	153256570	12	P2_PGC_SCZ__ADHD+P3_FINNGEN_SCZ__ADHD+P4_PGC_SCZ__ASD+P5_FINNGEN_SCZ__ASD+P6_PGC_SCZ__OCD+P7_FINNGEN_SCZ__OCD+P8_PGC_SCZ__AN+P9_FINNGEN_SCZ__AN+P10_PGC_SCZ__AUD+P11_FINNGEN_SCZ__AUD+P12_PGC_SCZ__CUD+P13_FINNGEN_SCZ__CUD
3	153256571	154714217	12	P2_PGC_SCZ__ADHD+P3_FINNGEN_SCZ__ADHD+P4_PGC_SCZ__ASD+P5_FINNGEN_SCZ__ASD+P6_PGC_SCZ__OCD+P7_FINNGEN_SCZ__OCD+P8_PGC_SCZ__AN+P9_FINNGEN_SCZ__AN+P10_PGC_SCZ__AUD+P11_FINNGEN_SCZ__AUD+P12_PGC_SCZ__CUD+P13_FINNGEN_SCZ__CUD
3	154714218	156008699	12	P2_PGC_SCZ__ADHD+P3_FINNGEN_SCZ__ADHD+P4_PGC_SCZ__ASD+P5_FINNGEN_SCZ__ASD+P6_PGC_SCZ__OCD+P7_FINNGEN_SCZ__OCD+P8_PGC_SCZ__AN+P9_FINNGEN_SCZ__AN+P10_PGC_SCZ__AUD+P11_FINNGEN_SCZ__AUD+P12_PGC_SCZ__CUD+P13_FINNGEN_SCZ__CUD
3	156008700	157312027	12	P2_PGC_SCZ__ADHD+P3_FINNGEN_SCZ__ADHD+P4_PGC_SCZ__ASD+P5_FINNGEN_SCZ__ASD+P6_PGC_SCZ__OCD+P7_FINNGEN_SCZ__OCD+P8_PGC_SCZ__AN+P9_FINNGEN_SCZ__AN+P10_PGC_SCZ__AUD+P11_FINNGEN_SCZ__AUD+P12_PGC_SCZ__CUD+P13_FINNGEN_SCZ__CUD
3	157312028	159477889	12	P2_PGC_SCZ__ADHD+P3_FINNGEN_SCZ__ADHD+P4_PGC_SCZ__ASD+P5_FINNGEN_SCZ__ASD+P6_PGC_SCZ__OCD+P7_FINNGEN_SCZ__OCD+P8_PGC_SCZ__AN+P9_FINNGEN_SCZ__AN+P10_PGC_SCZ__AUD+P11_FINNGEN_SCZ__AUD+P12_PGC_SCZ__CUD+P13_FINNGEN_SCZ__CUD
3	159477890	161524503	12	P2_PGC_SCZ__ADHD+P3_FINNGEN_SCZ__ADHD+P4_PGC_SCZ__ASD+P5_FINNGEN_SCZ__ASD+P6_PGC_SCZ__OCD+P7_FINNGEN_SCZ__OCD+P8_PGC_SCZ__AN+P9_FINNGEN_SCZ__AN+P10_PGC_SCZ__AUD+P11_FINNGEN_SCZ__AUD+P12_PGC_SCZ__CUD+P13_FINNGEN_SCZ__CUD
3	161524504	163253204	12	P2_PGC_SCZ__ADHD+P3_FINNGEN_SCZ__ADHD+P4_PGC_SCZ__ASD+P5_FINNGEN_SCZ__ASD+P6_PGC_SCZ__OCD+P7_FINNGEN_SCZ__OCD+P8_PGC_SCZ__AN+P9_FINNGEN_SCZ__AN+P10_PGC_SCZ__AUD+P11_FINNGEN_SCZ__AUD+P12_PGC_SCZ__CUD+P13_FINNGEN_SCZ__CUD
3	163253205	165055468	12	P2_PGC_SCZ__ADHD+P3_FINNGEN_SCZ__ADHD+P4_PGC_SCZ__ASD+P5_FINNGEN_SCZ__ASD+P6_PGC_SCZ__OCD+P7_FINNGEN_SCZ__OCD+P8_PGC_SCZ__AN+P9_FINNGEN_SCZ__AN+P10_PGC_SCZ__AUD+P11_FINNGEN_SCZ__AUD+P12_PGC_SCZ__CUD+P13_FINNGEN_SCZ__CUD
3	165055469	167117428	12	P2_PGC_SCZ__ADHD+P3_FINNGEN_SCZ__ADHD+P4_PGC_SCZ__ASD+P5_FINNGEN_SCZ__ASD+P6_PGC_SCZ__OCD+P7_FINNGEN_SCZ__OCD+P8_PGC_SCZ__AN+P9_FINNGEN_SCZ__AN+P10_PGC_SCZ__AUD+P11_FINNGEN_SCZ__AUD+P12_PGC_SCZ__CUD+P13_FINNGEN_SCZ__CUD
3	167117429	168580959	12	P2_PGC_SCZ__ADHD+P3_FINNGEN_SCZ__ADHD+P4_PGC_SCZ__ASD+P5_FINNGEN_SCZ__ASD+P6_PGC_SCZ__OCD+P7_FINNGEN_SCZ__OCD+P8_PGC_SCZ__AN+P9_FINNGEN_SCZ__AN+P10_PGC_SCZ__AUD+P11_FINNGEN_SCZ__AUD+P12_PGC_SCZ__CUD+P13_FINNGEN_SCZ__CUD
3	168580960	170964908	12	P2_PGC_SCZ__ADHD+P3_FINNGEN_SCZ__ADHD+P4_PGC_SCZ__ASD+P5_FINNGEN_SCZ__ASD+P6_PGC_SCZ__OCD+P7_FINNGEN_SCZ__OCD+P8_PGC_SCZ__AN+P9_FINNGEN_SCZ__AN+P10_PGC_SCZ__AUD+P11_FINNGEN_SCZ__AUD+P12_PGC_SCZ__CUD+P13_FINNGEN_SCZ__CUD
3	170964909	172295730	12	P2_PGC_SCZ__ADHD+P3_FINNGEN_SCZ__ADHD+P4_PGC_SCZ__ASD+P5_FINNGEN_SCZ__ASD+P6_PGC_SCZ__OCD+P7_FINNGEN_SCZ__OCD+P8_PGC_SCZ__AN+P9_FINNGEN_SCZ__AN+P10_PGC_SCZ__AUD+P11_FINNGEN_SCZ__AUD+P12_PGC_SCZ__CUD+P13_FINNGEN_SCZ__CUD
3	172295731	173477284	12	P2_PGC_SCZ__ADHD+P3_FINNGEN_SCZ__ADHD+P4_PGC_SCZ__ASD+P5_FINNGEN_SCZ__ASD+P6_PGC_SCZ__OCD+P7_FINNGEN_SCZ__OCD+P8_PGC_SCZ__AN+P9_FINNGEN_SCZ__AN+P10_PGC_SCZ__AUD+P11_FINNGEN_SCZ__AUD+P12_PGC_SCZ__CUD+P13_FINNGEN_SCZ__CUD
3	173477285	175116538	12	P2_PGC_SCZ__ADHD+P3_FINNGEN_SCZ__ADHD+P4_PGC_SCZ__ASD+P5_FINNGEN_SCZ__ASD+P6_PGC_SCZ__OCD+P7_FINNGEN_SCZ__OCD+P8_PGC_SCZ__AN+P9_FINNGEN_SCZ__AN+P10_PGC_SCZ__AUD+P11_FINNGEN_SCZ__AUD+P12_PGC_SCZ__CUD+P13_FINNGEN_SCZ__CUD
3	175116539	176320286	12	P2_PGC_SCZ__ADHD+P3_FINNGEN_SCZ__ADHD+P4_PGC_SCZ__ASD+P5_FINNGEN_SCZ__ASD+P6_PGC_SCZ__OCD+P7_FINNGEN_SCZ__OCD+P8_PGC_SCZ__AN+P9_FINNGEN_SCZ__AN+P10_PGC_SCZ__AUD+P11_FINNGEN_SCZ__AUD+P12_PGC_SCZ__CUD+P13_FINNGEN_SCZ__CUD
3	176320287	178107164	12	P2_PGC_SCZ__ADHD+P3_FINNGEN_SCZ__ADHD+P4_PGC_SCZ__ASD+P5_FINNGEN_SCZ__ASD+P6_PGC_SCZ__OCD+P7_FINNGEN_SCZ__OCD+P8_PGC_SCZ__AN+P9_FINNGEN_SCZ__AN+P10_PGC_SCZ__AUD+P11_FINNGEN_SCZ__AUD+P12_PGC_SCZ__CUD+P13_FINNGEN_SCZ__CUD
3	178107165	179374585	12	P2_PGC_SCZ__ADHD+P3_FINNGEN_SCZ__ADHD+P4_PGC_SCZ__ASD+P5_FINNGEN_SCZ__ASD+P6_PGC_SCZ__OCD+P7_FINNGEN_SCZ__OCD+P8_PGC_SCZ__AN+P9_FINNGEN_SCZ__AN+P10_PGC_SCZ__AUD+P11_FINNGEN_SCZ__AUD+P12_PGC_SCZ__CUD+P13_FINNGEN_SCZ__CUD
3	179374586	181511165	12	P2_PGC_SCZ__ADHD+P3_FINNGEN_SCZ__ADHD+P4_PGC_SCZ__ASD+P5_FINNGEN_SCZ__ASD+P6_PGC_SCZ__OCD+P7_FINNGEN_SCZ__OCD+P8_PGC_SCZ__AN+P9_FINNGEN_SCZ__AN+P10_PGC_SCZ__AUD+P11_FINNGEN_SCZ__AUD+P12_PGC_SCZ__CUD+P13_FINNGEN_SCZ__CUD
3	181511166	183769682	12	P2_PGC_SCZ__ADHD+P3_FINNGEN_SCZ__ADHD+P4_PGC_SCZ__ASD+P5_FINNGEN_SCZ__ASD+P6_PGC_SCZ__OCD+P7_FINNGEN_SCZ__OCD+P8_PGC_SCZ__AN+P9_FINNGEN_SCZ__AN+P10_PGC_SCZ__AUD+P11_FINNGEN_SCZ__AUD+P12_PGC_SCZ__CUD+P13_FINNGEN_SCZ__CUD
3	183769683	185068254	12	P2_PGC_SCZ__ADHD+P3_FINNGEN_SCZ__ADHD+P4_PGC_SCZ__ASD+P5_FINNGEN_SCZ__ASD+P6_PGC_SCZ__OCD+P7_FINNGEN_SCZ__OCD+P8_PGC_SCZ__AN+P9_FINNGEN_SCZ__AN+P10_PGC_SCZ__AUD+P11_FINNGEN_SCZ__AUD+P12_PGC_SCZ__CUD+P13_FINNGEN_SCZ__CUD
3	185068255	186890343	12	P2_PGC_SCZ__ADHD+P3_FINNGEN_SCZ__ADHD+P4_PGC_SCZ__ASD+P5_FINNGEN_SCZ__ASD+P6_PGC_SCZ__OCD+P7_FINNGEN_SCZ__OCD+P8_PGC_SCZ__AN+P9_FINNGEN_SCZ__AN+P10_PGC_SCZ__AUD+P11_FINNGEN_SCZ__AUD+P12_PGC_SCZ__CUD+P13_FINNGEN_SCZ__CUD
3	186890344	188856213	12	P2_PGC_SCZ__ADHD+P3_FINNGEN_SCZ__ADHD+P4_PGC_SCZ__ASD+P5_FINNGEN_SCZ__ASD+P6_PGC_SCZ__OCD+P7_FINNGEN_SCZ__OCD+P8_PGC_SCZ__AN+P9_FINNGEN_SCZ__AN+P10_PGC_SCZ__AUD+P11_FINNGEN_SCZ__AUD+P12_PGC_SCZ__CUD+P13_FINNGEN_SCZ__CUD
3	188856214	190226606	12	P2_PGC_SCZ__ADHD+P3_FINNGEN_SCZ__ADHD+P4_PGC_SCZ__ASD+P5_FINNGEN_SCZ__ASD+P6_PGC_SCZ__OCD+P7_FINNGEN_SCZ__OCD+P8_PGC_SCZ__AN+P9_FINNGEN_SCZ__AN+P10_PGC_SCZ__AUD+P11_FINNGEN_SCZ__AUD+P12_PGC_SCZ__CUD+P13_FINNGEN_SCZ__CUD
3	190226607	192343813	12	P2_PGC_SCZ__ADHD+P3_FINNGEN_SCZ__ADHD+P4_PGC_SCZ__ASD+P5_FINNGEN_SCZ__ASD+P6_PGC_SCZ__OCD+P7_FINNGEN_SCZ__OCD+P8_PGC_SCZ__AN+P9_FINNGEN_SCZ__AN+P10_PGC_SCZ__AUD+P11_FINNGEN_SCZ__AUD+P12_PGC_SCZ__CUD+P13_FINNGEN_SCZ__CUD
3	192343814	194059670	12	P2_PGC_SCZ__ADHD+P3_FINNGEN_SCZ__ADHD+P4_PGC_SCZ__ASD+P5_FINNGEN_SCZ__ASD+P6_PGC_SCZ__OCD+P7_FINNGEN_SCZ__OCD+P8_PGC_SCZ__AN+P9_FINNGEN_SCZ__AN+P10_PGC_SCZ__AUD+P11_FINNGEN_SCZ__AUD+P12_PGC_SCZ__CUD+P13_FINNGEN_SCZ__CUD
3	194059671	194786673	12	P2_PGC_SCZ__ADHD+P3_FINNGEN_SCZ__ADHD+P4_PGC_SCZ__ASD+P5_FINNGEN_SCZ__ASD+P6_PGC_SCZ__OCD+P7_FINNGEN_SCZ__OCD+P8_PGC_SCZ__AN+P9_FINNGEN_SCZ__AN+P10_PGC_SCZ__AUD+P11_FINNGEN_SCZ__AUD+P12_PGC_SCZ__CUD+P13_FINNGEN_SCZ__CUD
3	194786674	195971407	12	P2_PGC_SCZ__ADHD+P3_FINNGEN_SCZ__ADHD+P4_PGC_SCZ__ASD+P5_FINNGEN_SCZ__ASD+P6_PGC_SCZ__OCD+P7_FINNGEN_SCZ__OCD+P8_PGC_SCZ__AN+P9_FINNGEN_SCZ__AN+P10_PGC_SCZ__AUD+P11_FINNGEN_SCZ__AUD+P12_PGC_SCZ__CUD+P13_FINNGEN_SCZ__CUD
3	195971408	197075986	12	P2_PGC_SCZ__ADHD+P3_FINNGEN_SCZ__ADHD+P4_PGC_SCZ__ASD+P5_FINNGEN_SCZ__ASD+P6_PGC_SCZ__OCD+P7_FINNGEN_SCZ__OCD+P8_PGC_SCZ__AN+P9_FINNGEN_SCZ__AN+P10_PGC_SCZ__AUD+P11_FINNGEN_SCZ__AUD+P12_PGC_SCZ__CUD+P13_FINNGEN_SCZ__CUD
3	197075987	197946621	12	P2_PGC_SCZ__ADHD+P3_FINNGEN_SCZ__ADHD+P4_PGC_SCZ__ASD+P5_FINNGEN_SCZ__ASD+P6_PGC_SCZ__OCD+P7_FINNGEN_SCZ__OCD+P8_PGC_SCZ__AN+P9_FINNGEN_SCZ__AN+P10_PGC_SCZ__AUD+P11_FINNGEN_SCZ__AUD+P12_PGC_SCZ__CUD+P13_FINNGEN_SCZ__CUD
4	10240	694714	8	P2_PGC_SCZ__ADHD+P3_FINNGEN_SCZ__ADHD+P4_PGC_SCZ__ASD+P5_FINNGEN_SCZ__ASD+P10_PGC_SCZ__AUD+P11_FINNGEN_SCZ__AUD+P12_PGC_SCZ__CUD+P13_FINNGEN_SCZ__CUD
4	694715	1478710	12	P2_PGC_SCZ__ADHD+P3_FINNGEN_SCZ__ADHD+P4_PGC_SCZ__ASD+P5_FINNGEN_SCZ__ASD+P6_PGC_SCZ__OCD+P7_FINNGEN_SCZ__OCD+P8_PGC_SCZ__AN+P9_FINNGEN_SCZ__AN+P10_PGC_SCZ__AUD+P11_FINNGEN_SCZ__AUD+P12_PGC_SCZ__CUD+P13_FINNGEN_SCZ__CUD
4	1478711	2842978	12	P2_PGC_SCZ__ADHD+P3_FINNGEN_SCZ__ADHD+P4_PGC_SCZ__ASD+P5_FINNGEN_SCZ__ASD+P6_PGC_SCZ__OCD+P7_FINNGEN_SCZ__OCD+P8_PGC_SCZ__AN+P9_FINNGEN_SCZ__AN+P10_PGC_SCZ__AUD+P11_FINNGEN_SCZ__AUD+P12_PGC_SCZ__CUD+P13_FINNGEN_SCZ__CUD
4	2842979	3846039	12	P2_PGC_SCZ__ADHD+P3_FINNGEN_SCZ__ADHD+P4_PGC_SCZ__ASD+P5_FINNGEN_SCZ__ASD+P6_PGC_SCZ__OCD+P7_FINNGEN_SCZ__OCD+P8_PGC_SCZ__AN+P9_FINNGEN_SCZ__AN+P10_PGC_SCZ__AUD+P11_FINNGEN_SCZ__AUD+P12_PGC_SCZ__CUD+P13_FINNGEN_SCZ__CUD
4	3846040	4684115	12	P2_PGC_SCZ__ADHD+P3_FINNGEN_SCZ__ADHD+P4_PGC_SCZ__ASD+P5_FINNGEN_SCZ__ASD+P6_PGC_SCZ__OCD+P7_FINNGEN_SCZ__OCD+P8_PGC_SCZ__AN+P9_FINNGEN_SCZ__AN+P10_PGC_SCZ__AUD+P11_FINNGEN_SCZ__AUD+P12_PGC_SCZ__CUD+P13_FINNGEN_SCZ__CUD
4	4684116	5502387	12	P2_PGC_SCZ__ADHD+P3_FINNGEN_SCZ__ADHD+P4_PGC_SCZ__ASD+P5_FINNGEN_SCZ__ASD+P6_PGC_SCZ__OCD+P7_FINNGEN_SCZ__OCD+P8_PGC_SCZ__AN+P9_FINNGEN_SCZ__AN+P10_PGC_SCZ__AUD+P11_FINNGEN_SCZ__AUD+P12_PGC_SCZ__CUD+P13_FINNGEN_SCZ__CUD
4	5502388	6773042	12	P2_PGC_SCZ__ADHD+P3_FINNGEN_SCZ__ADHD+P4_PGC_SCZ__ASD+P5_FINNGEN_SCZ__ASD+P6_PGC_SCZ__OCD+P7_FINNGEN_SCZ__OCD+P8_PGC_SCZ__AN+P9_FINNGEN_SCZ__AN+P10_PGC_SCZ__AUD+P11_FINNGEN_SCZ__AUD+P12_PGC_SCZ__CUD+P13_FINNGEN_SCZ__CUD
4	6773043	7539691	12	P2_PGC_SCZ__ADHD+P3_FINNGEN_SCZ__ADHD+P4_PGC_SCZ__ASD+P5_FINNGEN_SCZ__ASD+P6_PGC_SCZ__OCD+P7_FINNGEN_SCZ__OCD+P8_PGC_SCZ__AN+P9_FINNGEN_SCZ__AN+P10_PGC_SCZ__AUD+P11_FINNGEN_SCZ__AUD+P12_PGC_SCZ__CUD+P13_FINNGEN_SCZ__CUD
4	7539692	8152234	12	P2_PGC_SCZ__ADHD+P3_FINNGEN_SCZ__ADHD+P4_PGC_SCZ__ASD+P5_FINNGEN_SCZ__ASD+P6_PGC_SCZ__OCD+P7_FINNGEN_SCZ__OCD+P8_PGC_SCZ__AN+P9_FINNGEN_SCZ__AN+P10_PGC_SCZ__AUD+P11_FINNGEN_SCZ__AUD+P12_PGC_SCZ__CUD+P13_FINNGEN_SCZ__CUD
4	8152235	9326478	12	P2_PGC_SCZ__ADHD+P3_FINNGEN_SCZ__ADHD+P4_PGC_SCZ__ASD+P5_FINNGEN_SCZ__ASD+P6_PGC_SCZ__OCD+P7_FINNGEN_SCZ__OCD+P8_PGC_SCZ__AN+P9_FINNGEN_SCZ__AN+P10_PGC_SCZ__AUD+P11_FINNGEN_SCZ__AUD+P12_PGC_SCZ__CUD+P13_FINNGEN_SCZ__CUD
4	9326479	10699151	12	P2_PGC_SCZ__ADHD+P3_FINNGEN_SCZ__ADHD+P4_PGC_SCZ__ASD+P5_FINNGEN_SCZ__ASD+P6_PGC_SCZ__OCD+P7_FINNGEN_SCZ__OCD+P8_PGC_SCZ__AN+P9_FINNGEN_SCZ__AN+P10_PGC_SCZ__AUD+P11_FINNGEN_SCZ__AUD+P12_PGC_SCZ__CUD+P13_FINNGEN_SCZ__CUD
4	10699152	12323033	12	P2_PGC_SCZ__ADHD+P3_FINNGEN_SCZ__ADHD+P4_PGC_SCZ__ASD+P5_FINNGEN_SCZ__ASD+P6_PGC_SCZ__OCD+P7_FINNGEN_SCZ__OCD+P8_PGC_SCZ__AN+P9_FINNGEN_SCZ__AN+P10_PGC_SCZ__AUD+P11_FINNGEN_SCZ__AUD+P12_PGC_SCZ__CUD+P13_FINNGEN_SCZ__CUD
4	12323034	14272000	12	P2_PGC_SCZ__ADHD+P3_FINNGEN_SCZ__ADHD+P4_PGC_SCZ__ASD+P5_FINNGEN_SCZ__ASD+P6_PGC_SCZ__OCD+P7_FINNGEN_SCZ__OCD+P8_PGC_SCZ__AN+P9_FINNGEN_SCZ__AN+P10_PGC_SCZ__AUD+P11_FINNGEN_SCZ__AUD+P12_PGC_SCZ__CUD+P13_FINNGEN_SCZ__CUD
4	14272001	15147445	12	P2_PGC_SCZ__ADHD+P3_FINNGEN_SCZ__ADHD+P4_PGC_SCZ__ASD+P5_FINNGEN_SCZ__ASD+P6_PGC_SCZ__OCD+P7_FINNGEN_SCZ__OCD+P8_PGC_SCZ__AN+P9_FINNGEN_SCZ__AN+P10_PGC_SCZ__AUD+P11_FINNGEN_SCZ__AUD+P12_PGC_SCZ__CUD+P13_FINNGEN_SCZ__CUD
4	15147446	15927008	12	P2_PGC_SCZ__ADHD+P3_FINNGEN_SCZ__ADHD+P4_PGC_SCZ__ASD+P5_FINNGEN_SCZ__ASD+P6_PGC_SCZ__OCD+P7_FINNGEN_SCZ__OCD+P8_PGC_SCZ__AN+P9_FINNGEN_SCZ__AN+P10_PGC_SCZ__AUD+P11_FINNGEN_SCZ__AUD+P12_PGC_SCZ__CUD+P13_FINNGEN_SCZ__CUD
4	15927009	17383321	12	P2_PGC_SCZ__ADHD+P3_FINNGEN_SCZ__ADHD+P4_PGC_SCZ__ASD+P5_FINNGEN_SCZ__ASD+P6_PGC_SCZ__OCD+P7_FINNGEN_SCZ__OCD+P8_PGC_SCZ__AN+P9_FINNGEN_SCZ__AN+P10_PGC_SCZ__AUD+P11_FINNGEN_SCZ__AUD+P12_PGC_SCZ__CUD+P13_FINNGEN_SCZ__CUD
4	17383322	18841873	12	P2_PGC_SCZ__ADHD+P3_FINNGEN_SCZ__ADHD+P4_PGC_SCZ__ASD+P5_FINNGEN_SCZ__ASD+P6_PGC_SCZ__OCD+P7_FINNGEN_SCZ__OCD+P8_PGC_SCZ__AN+P9_FINNGEN_SCZ__AN+P10_PGC_SCZ__AUD+P11_FINNGEN_SCZ__AUD+P12_PGC_SCZ__CUD+P13_FINNGEN_SCZ__CUD
4	18841874	20544556	12	P2_PGC_SCZ__ADHD+P3_FINNGEN_SCZ__ADHD+P4_PGC_SCZ__ASD+P5_FINNGEN_SCZ__ASD+P6_PGC_SCZ__OCD+P7_FINNGEN_SCZ__OCD+P8_PGC_SCZ__AN+P9_FINNGEN_SCZ__AN+P10_PGC_SCZ__AUD+P11_FINNGEN_SCZ__AUD+P12_PGC_SCZ__CUD+P13_FINNGEN_SCZ__CUD
4	20544557	22319346	12	P2_PGC_SCZ__ADHD+P3_FINNGEN_SCZ__ADHD+P4_PGC_SCZ__ASD+P5_FINNGEN_SCZ__ASD+P6_PGC_SCZ__OCD+P7_FINNGEN_SCZ__OCD+P8_PGC_SCZ__AN+P9_FINNGEN_SCZ__AN+P10_PGC_SCZ__AUD+P11_FINNGEN_SCZ__AUD+P12_PGC_SCZ__CUD+P13_FINNGEN_SCZ__CUD
4	22319347	24135528	12	P2_PGC_SCZ__ADHD+P3_FINNGEN_SCZ__ADHD+P4_PGC_SCZ__ASD+P5_FINNGEN_SCZ__ASD+P6_PGC_SCZ__OCD+P7_FINNGEN_SCZ__OCD+P8_PGC_SCZ__AN+P9_FINNGEN_SCZ__AN+P10_PGC_SCZ__AUD+P11_FINNGEN_SCZ__AUD+P12_PGC_SCZ__CUD+P13_FINNGEN_SCZ__CUD
4	24135529	25609321	12	P2_PGC_SCZ__ADHD+P3_FINNGEN_SCZ__ADHD+P4_PGC_SCZ__ASD+P5_FINNGEN_SCZ__ASD+P6_PGC_SCZ__OCD+P7_FINNGEN_SCZ__OCD+P8_PGC_SCZ__AN+P9_FINNGEN_SCZ__AN+P10_PGC_SCZ__AUD+P11_FINNGEN_SCZ__AUD+P12_PGC_SCZ__CUD+P13_FINNGEN_SCZ__CUD
4	25609322	27343721	12	P2_PGC_SCZ__ADHD+P3_FINNGEN_SCZ__ADHD+P4_PGC_SCZ__ASD+P5_FINNGEN_SCZ__ASD+P6_PGC_SCZ__OCD+P7_FINNGEN_SCZ__OCD+P8_PGC_SCZ__AN+P9_FINNGEN_SCZ__AN+P10_PGC_SCZ__AUD+P11_FINNGEN_SCZ__AUD+P12_PGC_SCZ__CUD+P13_FINNGEN_SCZ__CUD
4	27343722	27965867	12	P2_PGC_SCZ__ADHD+P3_FINNGEN_SCZ__ADHD+P4_PGC_SCZ__ASD+P5_FINNGEN_SCZ__ASD+P6_PGC_SCZ__OCD+P7_FINNGEN_SCZ__OCD+P8_PGC_SCZ__AN+P9_FINNGEN_SCZ__AN+P10_PGC_SCZ__AUD+P11_FINNGEN_SCZ__AUD+P12_PGC_SCZ__CUD+P13_FINNGEN_SCZ__CUD
4	27965868	29762207	12	P2_PGC_SCZ__ADHD+P3_FINNGEN_SCZ__ADHD+P4_PGC_SCZ__ASD+P5_FINNGEN_SCZ__ASD+P6_PGC_SCZ__OCD+P7_FINNGEN_SCZ__OCD+P8_PGC_SCZ__AN+P9_FINNGEN_SCZ__AN+P10_PGC_SCZ__AUD+P11_FINNGEN_SCZ__AUD+P12_PGC_SCZ__CUD+P13_FINNGEN_SCZ__CUD
4	29762208	30454534	12	P2_PGC_SCZ__ADHD+P3_FINNGEN_SCZ__ADHD+P4_PGC_SCZ__ASD+P5_FINNGEN_SCZ__ASD+P6_PGC_SCZ__OCD+P7_FINNGEN_SCZ__OCD+P8_PGC_SCZ__AN+P9_FINNGEN_SCZ__AN+P10_PGC_SCZ__AUD+P11_FINNGEN_SCZ__AUD+P12_PGC_SCZ__CUD+P13_FINNGEN_SCZ__CUD
4	30454535	31782980	12	P2_PGC_SCZ__ADHD+P3_FINNGEN_SCZ__ADHD+P4_PGC_SCZ__ASD+P5_FINNGEN_SCZ__ASD+P6_PGC_SCZ__OCD+P7_FINNGEN_SCZ__OCD+P8_PGC_SCZ__AN+P9_FINNGEN_SCZ__AN+P10_PGC_SCZ__AUD+P11_FINNGEN_SCZ__AUD+P12_PGC_SCZ__CUD+P13_FINNGEN_SCZ__CUD
4	31782981	33172765	12	P2_PGC_SCZ__ADHD+P3_FINNGEN_SCZ__ADHD+P4_PGC_SCZ__ASD+P5_FINNGEN_SCZ__ASD+P6_PGC_SCZ__OCD+P7_FINNGEN_SCZ__OCD+P8_PGC_SCZ__AN+P9_FINNGEN_SCZ__AN+P10_PGC_SCZ__AUD+P11_FINNGEN_SCZ__AUD+P12_PGC_SCZ__CUD+P13_FINNGEN_SCZ__CUD
4	33172766	35151414	12	P2_PGC_SCZ__ADHD+P3_FINNGEN_SCZ__ADHD+P4_PGC_SCZ__ASD+P5_FINNGEN_SCZ__ASD+P6_PGC_SCZ__OCD+P7_FINNGEN_SCZ__OCD+P8_PGC_SCZ__AN+P9_FINNGEN_SCZ__AN+P10_PGC_SCZ__AUD+P11_FINNGEN_SCZ__AUD+P12_PGC_SCZ__CUD+P13_FINNGEN_SCZ__CUD
4	35151415	36020435	12	P2_PGC_SCZ__ADHD+P3_FINNGEN_SCZ__ADHD+P4_PGC_SCZ__ASD+P5_FINNGEN_SCZ__ASD+P6_PGC_SCZ__OCD+P7_FINNGEN_SCZ__OCD+P8_PGC_SCZ__AN+P9_FINNGEN_SCZ__AN+P10_PGC_SCZ__AUD+P11_FINNGEN_SCZ__AUD+P12_PGC_SCZ__CUD+P13_FINNGEN_SCZ__CUD
4	36020436	37255046	12	P2_PGC_SCZ__ADHD+P3_FINNGEN_SCZ__ADHD+P4_PGC_SCZ__ASD+P5_FINNGEN_SCZ__ASD+P6_PGC_SCZ__OCD+P7_FINNGEN_SCZ__OCD+P8_PGC_SCZ__AN+P9_FINNGEN_SCZ__AN+P10_PGC_SCZ__AUD+P11_FINNGEN_SCZ__AUD+P12_PGC_SCZ__CUD+P13_FINNGEN_SCZ__CUD
4	37255047	38907021	12	P2_PGC_SCZ__ADHD+P3_FINNGEN_SCZ__ADHD+P4_PGC_SCZ__ASD+P5_FINNGEN_SCZ__ASD+P6_PGC_SCZ__OCD+P7_FINNGEN_SCZ__OCD+P8_PGC_SCZ__AN+P9_FINNGEN_SCZ__AN+P10_PGC_SCZ__AUD+P11_FINNGEN_SCZ__AUD+P12_PGC_SCZ__CUD+P13_FINNGEN_SCZ__CUD
4	38907022	40202608	12	P2_PGC_SCZ__ADHD+P3_FINNGEN_SCZ__ADHD+P4_PGC_SCZ__ASD+P5_FINNGEN_SCZ__ASD+P6_PGC_SCZ__OCD+P7_FINNGEN_SCZ__OCD+P8_PGC_SCZ__AN+P9_FINNGEN_SCZ__AN+P10_PGC_SCZ__AUD+P11_FINNGEN_SCZ__AUD+P12_PGC_SCZ__CUD+P13_FINNGEN_SCZ__CUD
4	40202609	42213057	12	P2_PGC_SCZ__ADHD+P3_FINNGEN_SCZ__ADHD+P4_PGC_SCZ__ASD+P5_FINNGEN_SCZ__ASD+P6_PGC_SCZ__OCD+P7_FINNGEN_SCZ__OCD+P8_PGC_SCZ__AN+P9_FINNGEN_SCZ__AN+P10_PGC_SCZ__AUD+P11_FINNGEN_SCZ__AUD+P12_PGC_SCZ__CUD+P13_FINNGEN_SCZ__CUD
4	42213058	43965044	12	P2_PGC_SCZ__ADHD+P3_FINNGEN_SCZ__ADHD+P4_PGC_SCZ__ASD+P5_FINNGEN_SCZ__ASD+P6_PGC_SCZ__OCD+P7_FINNGEN_SCZ__OCD+P8_PGC_SCZ__AN+P9_FINNGEN_SCZ__AN+P10_PGC_SCZ__AUD+P11_FINNGEN_SCZ__AUD+P12_PGC_SCZ__CUD+P13_FINNGEN_SCZ__CUD
4	43965045	45189156	12	P2_PGC_SCZ__ADHD+P3_FINNGEN_SCZ__ADHD+P4_PGC_SCZ__ASD+P5_FINNGEN_SCZ__ASD+P6_PGC_SCZ__OCD+P7_FINNGEN_SCZ__OCD+P8_PGC_SCZ__AN+P9_FINNGEN_SCZ__AN+P10_PGC_SCZ__AUD+P11_FINNGEN_SCZ__AUD+P12_PGC_SCZ__CUD+P13_FINNGEN_SCZ__CUD
4	45189157	47411895	12	P2_PGC_SCZ__ADHD+P3_FINNGEN_SCZ__ADHD+P4_PGC_SCZ__ASD+P5_FINNGEN_SCZ__ASD+P6_PGC_SCZ__OCD+P7_FINNGEN_SCZ__OCD+P8_PGC_SCZ__AN+P9_FINNGEN_SCZ__AN+P10_PGC_SCZ__AUD+P11_FINNGEN_SCZ__AUD+P12_PGC_SCZ__CUD+P13_FINNGEN_SCZ__CUD
4	47411896	48123599	12	P2_PGC_SCZ__ADHD+P3_FINNGEN_SCZ__ADHD+P4_PGC_SCZ__ASD+P5_FINNGEN_SCZ__ASD+P6_PGC_SCZ__OCD+P7_FINNGEN_SCZ__OCD+P8_PGC_SCZ__AN+P9_FINNGEN_SCZ__AN+P10_PGC_SCZ__AUD+P11_FINNGEN_SCZ__AUD+P12_PGC_SCZ__CUD+P13_FINNGEN_SCZ__CUD
4	48123600	53877432	12	P2_PGC_SCZ__ADHD+P3_FINNGEN_SCZ__ADHD+P4_PGC_SCZ__ASD+P5_FINNGEN_SCZ__ASD+P6_PGC_SCZ__OCD+P7_FINNGEN_SCZ__OCD+P8_PGC_SCZ__AN+P9_FINNGEN_SCZ__AN+P10_PGC_SCZ__AUD+P11_FINNGEN_SCZ__AUD+P12_PGC_SCZ__CUD+P13_FINNGEN_SCZ__CUD
4	53877433	55429555	12	P2_PGC_SCZ__ADHD+P3_FINNGEN_SCZ__ADHD+P4_PGC_SCZ__ASD+P5_FINNGEN_SCZ__ASD+P6_PGC_SCZ__OCD+P7_FINNGEN_SCZ__OCD+P8_PGC_SCZ__AN+P9_FINNGEN_SCZ__AN+P10_PGC_SCZ__AUD+P11_FINNGEN_SCZ__AUD+P12_PGC_SCZ__CUD+P13_FINNGEN_SCZ__CUD
4	55429556	56547643	12	P2_PGC_SCZ__ADHD+P3_FINNGEN_SCZ__ADHD+P4_PGC_SCZ__ASD+P5_FINNGEN_SCZ__ASD+P6_PGC_SCZ__OCD+P7_FINNGEN_SCZ__OCD+P8_PGC_SCZ__AN+P9_FINNGEN_SCZ__AN+P10_PGC_SCZ__AUD+P11_FINNGEN_SCZ__AUD+P12_PGC_SCZ__CUD+P13_FINNGEN_SCZ__CUD
4	56547644	58935007	12	P2_PGC_SCZ__ADHD+P3_FINNGEN_SCZ__ADHD+P4_PGC_SCZ__ASD+P5_FINNGEN_SCZ__ASD+P6_PGC_SCZ__OCD+P7_FINNGEN_SCZ__OCD+P8_PGC_SCZ__AN+P9_FINNGEN_SCZ__AN+P10_PGC_SCZ__AUD+P11_FINNGEN_SCZ__AUD+P12_PGC_SCZ__CUD+P13_FINNGEN_SCZ__CUD
4	58935008	60741086	12	P2_PGC_SCZ__ADHD+P3_FINNGEN_SCZ__ADHD+P4_PGC_SCZ__ASD+P5_FINNGEN_SCZ__ASD+P6_PGC_SCZ__OCD+P7_FINNGEN_SCZ__OCD+P8_PGC_SCZ__AN+P9_FINNGEN_SCZ__AN+P10_PGC_SCZ__AUD+P11_FINNGEN_SCZ__AUD+P12_PGC_SCZ__CUD+P13_FINNGEN_SCZ__CUD
4	60741087	62371762	12	P2_PGC_SCZ__ADHD+P3_FINNGEN_SCZ__ADHD+P4_PGC_SCZ__ASD+P5_FINNGEN_SCZ__ASD+P6_PGC_SCZ__OCD+P7_FINNGEN_SCZ__OCD+P8_PGC_SCZ__AN+P9_FINNGEN_SCZ__AN+P10_PGC_SCZ__AUD+P11_FINNGEN_SCZ__AUD+P12_PGC_SCZ__CUD+P13_FINNGEN_SCZ__CUD
4	62371763	64341000	12	P2_PGC_SCZ__ADHD+P3_FINNGEN_SCZ__ADHD+P4_PGC_SCZ__ASD+P5_FINNGEN_SCZ__ASD+P6_PGC_SCZ__OCD+P7_FINNGEN_SCZ__OCD+P8_PGC_SCZ__AN+P9_FINNGEN_SCZ__AN+P10_PGC_SCZ__AUD+P11_FINNGEN_SCZ__AUD+P12_PGC_SCZ__CUD+P13_FINNGEN_SCZ__CUD
4	64341001	66600491	12	P2_PGC_SCZ__ADHD+P3_FINNGEN_SCZ__ADHD+P4_PGC_SCZ__ASD+P5_FINNGEN_SCZ__ASD+P6_PGC_SCZ__OCD+P7_FINNGEN_SCZ__OCD+P8_PGC_SCZ__AN+P9_FINNGEN_SCZ__AN+P10_PGC_SCZ__AUD+P11_FINNGEN_SCZ__AUD+P12_PGC_SCZ__CUD+P13_FINNGEN_SCZ__CUD
4	66600492	68059496	12	P2_PGC_SCZ__ADHD+P3_FINNGEN_SCZ__ADHD+P4_PGC_SCZ__ASD+P5_FINNGEN_SCZ__ASD+P6_PGC_SCZ__OCD+P7_FINNGEN_SCZ__OCD+P8_PGC_SCZ__AN+P9_FINNGEN_SCZ__AN+P10_PGC_SCZ__AUD+P11_FINNGEN_SCZ__AUD+P12_PGC_SCZ__CUD+P13_FINNGEN_SCZ__CUD
4	68059497	68854764	12	P2_PGC_SCZ__ADHD+P3_FINNGEN_SCZ__ADHD+P4_PGC_SCZ__ASD+P5_FINNGEN_SCZ__ASD+P6_PGC_SCZ__OCD+P7_FINNGEN_SCZ__OCD+P8_PGC_SCZ__AN+P9_FINNGEN_SCZ__AN+P10_PGC_SCZ__AUD+P11_FINNGEN_SCZ__AUD+P12_PGC_SCZ__CUD+P13_FINNGEN_SCZ__CUD
4	68854765	71049151	12	P2_PGC_SCZ__ADHD+P3_FINNGEN_SCZ__ADHD+P4_PGC_SCZ__ASD+P5_FINNGEN_SCZ__ASD+P6_PGC_SCZ__OCD+P7_FINNGEN_SCZ__OCD+P8_PGC_SCZ__AN+P9_FINNGEN_SCZ__AN+P10_PGC_SCZ__AUD+P11_FINNGEN_SCZ__AUD+P12_PGC_SCZ__CUD+P13_FINNGEN_SCZ__CUD
4	71049152	72140557	12	P2_PGC_SCZ__ADHD+P3_FINNGEN_SCZ__ADHD+P4_PGC_SCZ__ASD+P5_FINNGEN_SCZ__ASD+P6_PGC_SCZ__OCD+P7_FINNGEN_SCZ__OCD+P8_PGC_SCZ__AN+P9_FINNGEN_SCZ__AN+P10_PGC_SCZ__AUD+P11_FINNGEN_SCZ__AUD+P12_PGC_SCZ__CUD+P13_FINNGEN_SCZ__CUD
4	72140558	74592389	12	P2_PGC_SCZ__ADHD+P3_FINNGEN_SCZ__ADHD+P4_PGC_SCZ__ASD+P5_FINNGEN_SCZ__ASD+P6_PGC_SCZ__OCD+P7_FINNGEN_SCZ__OCD+P8_PGC_SCZ__AN+P9_FINNGEN_SCZ__AN+P10_PGC_SCZ__AUD+P11_FINNGEN_SCZ__AUD+P12_PGC_SCZ__CUD+P13_FINNGEN_SCZ__CUD
4	74592390	77130706	12	P2_PGC_SCZ__ADHD+P3_FINNGEN_SCZ__ADHD+P4_PGC_SCZ__ASD+P5_FINNGEN_SCZ__ASD+P6_PGC_SCZ__OCD+P7_FINNGEN_SCZ__OCD+P8_PGC_SCZ__AN+P9_FINNGEN_SCZ__AN+P10_PGC_SCZ__AUD+P11_FINNGEN_SCZ__AUD+P12_PGC_SCZ__CUD+P13_FINNGEN_SCZ__CUD
4	77130707	79093978	12	P2_PGC_SCZ__ADHD+P3_FINNGEN_SCZ__ADHD+P4_PGC_SCZ__ASD+P5_FINNGEN_SCZ__ASD+P6_PGC_SCZ__OCD+P7_FINNGEN_SCZ__OCD+P8_PGC_SCZ__AN+P9_FINNGEN_SCZ__AN+P10_PGC_SCZ__AUD+P11_FINNGEN_SCZ__AUD+P12_PGC_SCZ__CUD+P13_FINNGEN_SCZ__CUD
4	79093979	80990296	12	P2_PGC_SCZ__ADHD+P3_FINNGEN_SCZ__ADHD+P4_PGC_SCZ__ASD+P5_FINNGEN_SCZ__ASD+P6_PGC_SCZ__OCD+P7_FINNGEN_SCZ__OCD+P8_PGC_SCZ__AN+P9_FINNGEN_SCZ__AN+P10_PGC_SCZ__AUD+P11_FINNGEN_SCZ__AUD+P12_PGC_SCZ__CUD+P13_FINNGEN_SCZ__CUD
4	80990297	82125314	12	P2_PGC_SCZ__ADHD+P3_FINNGEN_SCZ__ADHD+P4_PGC_SCZ__ASD+P5_FINNGEN_SCZ__ASD+P6_PGC_SCZ__OCD+P7_FINNGEN_SCZ__OCD+P8_PGC_SCZ__AN+P9_FINNGEN_SCZ__AN+P10_PGC_SCZ__AUD+P11_FINNGEN_SCZ__AUD+P12_PGC_SCZ__CUD+P13_FINNGEN_SCZ__CUD
4	82125315	83372592	12	P2_PGC_SCZ__ADHD+P3_FINNGEN_SCZ__ADHD+P4_PGC_SCZ__ASD+P5_FINNGEN_SCZ__ASD+P6_PGC_SCZ__OCD+P7_FINNGEN_SCZ__OCD+P8_PGC_SCZ__AN+P9_FINNGEN_SCZ__AN+P10_PGC_SCZ__AUD+P11_FINNGEN_SCZ__AUD+P12_PGC_SCZ__CUD+P13_FINNGEN_SCZ__CUD
4	83372593	84799655	12	P2_PGC_SCZ__ADHD+P3_FINNGEN_SCZ__ADHD+P4_PGC_SCZ__ASD+P5_FINNGEN_SCZ__ASD+P6_PGC_SCZ__OCD+P7_FINNGEN_SCZ__OCD+P8_PGC_SCZ__AN+P9_FINNGEN_SCZ__AN+P10_PGC_SCZ__AUD+P11_FINNGEN_SCZ__AUD+P12_PGC_SCZ__CUD+P13_FINNGEN_SCZ__CUD
4	84799656	86930608	12	P2_PGC_SCZ__ADHD+P3_FINNGEN_SCZ__ADHD+P4_PGC_SCZ__ASD+P5_FINNGEN_SCZ__ASD+P6_PGC_SCZ__OCD+P7_FINNGEN_SCZ__OCD+P8_PGC_SCZ__AN+P9_FINNGEN_SCZ__AN+P10_PGC_SCZ__AUD+P11_FINNGEN_SCZ__AUD+P12_PGC_SCZ__CUD+P13_FINNGEN_SCZ__CUD
4	86930609	87534647	10	P2_PGC_SCZ__ADHD+P3_FINNGEN_SCZ__ADHD+P4_PGC_SCZ__ASD+P5_FINNGEN_SCZ__ASD+P6_PGC_SCZ__OCD+P7_FINNGEN_SCZ__OCD+P10_PGC_SCZ__AUD+P11_FINNGEN_SCZ__AUD+P12_PGC_SCZ__CUD+P13_FINNGEN_SCZ__CUD
4	87534648	89238027	12	P2_PGC_SCZ__ADHD+P3_FINNGEN_SCZ__ADHD+P4_PGC_SCZ__ASD+P5_FINNGEN_SCZ__ASD+P6_PGC_SCZ__OCD+P7_FINNGEN_SCZ__OCD+P8_PGC_SCZ__AN+P9_FINNGEN_SCZ__AN+P10_PGC_SCZ__AUD+P11_FINNGEN_SCZ__AUD+P12_PGC_SCZ__CUD+P13_FINNGEN_SCZ__CUD
4	89238028	90231563	12	P2_PGC_SCZ__ADHD+P3_FINNGEN_SCZ__ADHD+P4_PGC_SCZ__ASD+P5_FINNGEN_SCZ__ASD+P6_PGC_SCZ__OCD+P7_FINNGEN_SCZ__OCD+P8_PGC_SCZ__AN+P9_FINNGEN_SCZ__AN+P10_PGC_SCZ__AUD+P11_FINNGEN_SCZ__AUD+P12_PGC_SCZ__CUD+P13_FINNGEN_SCZ__CUD
4	90231564	91560676	12	P2_PGC_SCZ__ADHD+P3_FINNGEN_SCZ__ADHD+P4_PGC_SCZ__ASD+P5_FINNGEN_SCZ__ASD+P6_PGC_SCZ__OCD+P7_FINNGEN_SCZ__OCD+P8_PGC_SCZ__AN+P9_FINNGEN_SCZ__AN+P10_PGC_SCZ__AUD+P11_FINNGEN_SCZ__AUD+P12_PGC_SCZ__CUD+P13_FINNGEN_SCZ__CUD
4	91560677	94233298	12	P2_PGC_SCZ__ADHD+P3_FINNGEN_SCZ__ADHD+P4_PGC_SCZ__ASD+P5_FINNGEN_SCZ__ASD+P6_PGC_SCZ__OCD+P7_FINNGEN_SCZ__OCD+P8_PGC_SCZ__AN+P9_FINNGEN_SCZ__AN+P10_PGC_SCZ__AUD+P11_FINNGEN_SCZ__AUD+P12_PGC_SCZ__CUD+P13_FINNGEN_SCZ__CUD
4	94233299	96182187	12	P2_PGC_SCZ__ADHD+P3_FINNGEN_SCZ__ADHD+P4_PGC_SCZ__ASD+P5_FINNGEN_SCZ__ASD+P6_PGC_SCZ__OCD+P7_FINNGEN_SCZ__OCD+P8_PGC_SCZ__AN+P9_FINNGEN_SCZ__AN+P10_PGC_SCZ__AUD+P11_FINNGEN_SCZ__AUD+P12_PGC_SCZ__CUD+P13_FINNGEN_SCZ__CUD
4	96182188	97540702	12	P2_PGC_SCZ__ADHD+P3_FINNGEN_SCZ__ADHD+P4_PGC_SCZ__ASD+P5_FINNGEN_SCZ__ASD+P6_PGC_SCZ__OCD+P7_FINNGEN_SCZ__OCD+P8_PGC_SCZ__AN+P9_FINNGEN_SCZ__AN+P10_PGC_SCZ__AUD+P11_FINNGEN_SCZ__AUD+P12_PGC_SCZ__CUD+P13_FINNGEN_SCZ__CUD
4	97540703	99424066	12	P2_PGC_SCZ__ADHD+P3_FINNGEN_SCZ__ADHD+P4_PGC_SCZ__ASD+P5_FINNGEN_SCZ__ASD+P6_PGC_SCZ__OCD+P7_FINNGEN_SCZ__OCD+P8_PGC_SCZ__AN+P9_FINNGEN_SCZ__AN+P10_PGC_SCZ__AUD+P11_FINNGEN_SCZ__AUD+P12_PGC_SCZ__CUD+P13_FINNGEN_SCZ__CUD
4	99424067	100678359	12	P2_PGC_SCZ__ADHD+P3_FINNGEN_SCZ__ADHD+P4_PGC_SCZ__ASD+P5_FINNGEN_SCZ__ASD+P6_PGC_SCZ__OCD+P7_FINNGEN_SCZ__OCD+P8_PGC_SCZ__AN+P9_FINNGEN_SCZ__AN+P10_PGC_SCZ__AUD+P11_FINNGEN_SCZ__AUD+P12_PGC_SCZ__CUD+P13_FINNGEN_SCZ__CUD
4	100678360	103221355	12	P2_PGC_SCZ__ADHD+P3_FINNGEN_SCZ__ADHD+P4_PGC_SCZ__ASD+P5_FINNGEN_SCZ__ASD+P6_PGC_SCZ__OCD+P7_FINNGEN_SCZ__OCD+P8_PGC_SCZ__AN+P9_FINNGEN_SCZ__AN+P10_PGC_SCZ__AUD+P11_FINNGEN_SCZ__AUD+P12_PGC_SCZ__CUD+P13_FINNGEN_SCZ__CUD
4	103221356	105305293	12	P2_PGC_SCZ__ADHD+P3_FINNGEN_SCZ__ADHD+P4_PGC_SCZ__ASD+P5_FINNGEN_SCZ__ASD+P6_PGC_SCZ__OCD+P7_FINNGEN_SCZ__OCD+P8_PGC_SCZ__AN+P9_FINNGEN_SCZ__AN+P10_PGC_SCZ__AUD+P11_FINNGEN_SCZ__AUD+P12_PGC_SCZ__CUD+P13_FINNGEN_SCZ__CUD
4	105305294	107501304	12	P2_PGC_SCZ__ADHD+P3_FINNGEN_SCZ__ADHD+P4_PGC_SCZ__ASD+P5_FINNGEN_SCZ__ASD+P6_PGC_SCZ__OCD+P7_FINNGEN_SCZ__OCD+P8_PGC_SCZ__AN+P9_FINNGEN_SCZ__AN+P10_PGC_SCZ__AUD+P11_FINNGEN_SCZ__AUD+P12_PGC_SCZ__CUD+P13_FINNGEN_SCZ__CUD
4	107501305	108815347	12	P2_PGC_SCZ__ADHD+P3_FINNGEN_SCZ__ADHD+P4_PGC_SCZ__ASD+P5_FINNGEN_SCZ__ASD+P6_PGC_SCZ__OCD+P7_FINNGEN_SCZ__OCD+P8_PGC_SCZ__AN+P9_FINNGEN_SCZ__AN+P10_PGC_SCZ__AUD+P11_FINNGEN_SCZ__AUD+P12_PGC_SCZ__CUD+P13_FINNGEN_SCZ__CUD
4	108815348	111256566	12	P2_PGC_SCZ__ADHD+P3_FINNGEN_SCZ__ADHD+P4_PGC_SCZ__ASD+P5_FINNGEN_SCZ__ASD+P6_PGC_SCZ__OCD+P7_FINNGEN_SCZ__OCD+P8_PGC_SCZ__AN+P9_FINNGEN_SCZ__AN+P10_PGC_SCZ__AUD+P11_FINNGEN_SCZ__AUD+P12_PGC_SCZ__CUD+P13_FINNGEN_SCZ__CUD
4	111256567	113870101	12	P2_PGC_SCZ__ADHD+P3_FINNGEN_SCZ__ADHD+P4_PGC_SCZ__ASD+P5_FINNGEN_SCZ__ASD+P6_PGC_SCZ__OCD+P7_FINNGEN_SCZ__OCD+P8_PGC_SCZ__AN+P9_FINNGEN_SCZ__AN+P10_PGC_SCZ__AUD+P11_FINNGEN_SCZ__AUD+P12_PGC_SCZ__CUD+P13_FINNGEN_SCZ__CUD
4	113870102	115666245	12	P2_PGC_SCZ__ADHD+P3_FINNGEN_SCZ__ADHD+P4_PGC_SCZ__ASD+P5_FINNGEN_SCZ__ASD+P6_PGC_SCZ__OCD+P7_FINNGEN_SCZ__OCD+P8_PGC_SCZ__AN+P9_FINNGEN_SCZ__AN+P10_PGC_SCZ__AUD+P11_FINNGEN_SCZ__AUD+P12_PGC_SCZ__CUD+P13_FINNGEN_SCZ__CUD
4	115666246	117276928	12	P2_PGC_SCZ__ADHD+P3_FINNGEN_SCZ__ADHD+P4_PGC_SCZ__ASD+P5_FINNGEN_SCZ__ASD+P6_PGC_SCZ__OCD+P7_FINNGEN_SCZ__OCD+P8_PGC_SCZ__AN+P9_FINNGEN_SCZ__AN+P10_PGC_SCZ__AUD+P11_FINNGEN_SCZ__AUD+P12_PGC_SCZ__CUD+P13_FINNGEN_SCZ__CUD
4	117276929	118479917	12	P2_PGC_SCZ__ADHD+P3_FINNGEN_SCZ__ADHD+P4_PGC_SCZ__ASD+P5_FINNGEN_SCZ__ASD+P6_PGC_SCZ__OCD+P7_FINNGEN_SCZ__OCD+P8_PGC_SCZ__AN+P9_FINNGEN_SCZ__AN+P10_PGC_SCZ__AUD+P11_FINNGEN_SCZ__AUD+P12_PGC_SCZ__CUD+P13_FINNGEN_SCZ__CUD
4	118479918	119933511	12	P2_PGC_SCZ__ADHD+P3_FINNGEN_SCZ__ADHD+P4_PGC_SCZ__ASD+P5_FINNGEN_SCZ__ASD+P6_PGC_SCZ__OCD+P7_FINNGEN_SCZ__OCD+P8_PGC_SCZ__AN+P9_FINNGEN_SCZ__AN+P10_PGC_SCZ__AUD+P11_FINNGEN_SCZ__AUD+P12_PGC_SCZ__CUD+P13_FINNGEN_SCZ__CUD
4	119933512	120392683	12	P2_PGC_SCZ__ADHD+P3_FINNGEN_SCZ__ADHD+P4_PGC_SCZ__ASD+P5_FINNGEN_SCZ__ASD+P6_PGC_SCZ__OCD+P7_FINNGEN_SCZ__OCD+P8_PGC_SCZ__AN+P9_FINNGEN_SCZ__AN+P10_PGC_SCZ__AUD+P11_FINNGEN_SCZ__AUD+P12_PGC_SCZ__CUD+P13_FINNGEN_SCZ__CUD
4	120392684	122657986	12	P2_PGC_SCZ__ADHD+P3_FINNGEN_SCZ__ADHD+P4_PGC_SCZ__ASD+P5_FINNGEN_SCZ__ASD+P6_PGC_SCZ__OCD+P7_FINNGEN_SCZ__OCD+P8_PGC_SCZ__AN+P9_FINNGEN_SCZ__AN+P10_PGC_SCZ__AUD+P11_FINNGEN_SCZ__AUD+P12_PGC_SCZ__CUD+P13_FINNGEN_SCZ__CUD
4	122657987	124286480	12	P2_PGC_SCZ__ADHD+P3_FINNGEN_SCZ__ADHD+P4_PGC_SCZ__ASD+P5_FINNGEN_SCZ__ASD+P6_PGC_SCZ__OCD+P7_FINNGEN_SCZ__OCD+P8_PGC_SCZ__AN+P9_FINNGEN_SCZ__AN+P10_PGC_SCZ__AUD+P11_FINNGEN_SCZ__AUD+P12_PGC_SCZ__CUD+P13_FINNGEN_SCZ__CUD
4	124286481	125210861	12	P2_PGC_SCZ__ADHD+P3_FINNGEN_SCZ__ADHD+P4_PGC_SCZ__ASD+P5_FINNGEN_SCZ__ASD+P6_PGC_SCZ__OCD+P7_FINNGEN_SCZ__OCD+P8_PGC_SCZ__AN+P9_FINNGEN_SCZ__AN+P10_PGC_SCZ__AUD+P11_FINNGEN_SCZ__AUD+P12_PGC_SCZ__CUD+P13_FINNGEN_SCZ__CUD
4	125210862	126480885	12	P2_PGC_SCZ__ADHD+P3_FINNGEN_SCZ__ADHD+P4_PGC_SCZ__ASD+P5_FINNGEN_SCZ__ASD+P6_PGC_SCZ__OCD+P7_FINNGEN_SCZ__OCD+P8_PGC_SCZ__AN+P9_FINNGEN_SCZ__AN+P10_PGC_SCZ__AUD+P11_FINNGEN_SCZ__AUD+P12_PGC_SCZ__CUD+P13_FINNGEN_SCZ__CUD
4	126480886	127275476	12	P2_PGC_SCZ__ADHD+P3_FINNGEN_SCZ__ADHD+P4_PGC_SCZ__ASD+P5_FINNGEN_SCZ__ASD+P6_PGC_SCZ__OCD+P7_FINNGEN_SCZ__OCD+P8_PGC_SCZ__AN+P9_FINNGEN_SCZ__AN+P10_PGC_SCZ__AUD+P11_FINNGEN_SCZ__AUD+P12_PGC_SCZ__CUD+P13_FINNGEN_SCZ__CUD
4	127275477	127830292	12	P2_PGC_SCZ__ADHD+P3_FINNGEN_SCZ__ADHD+P4_PGC_SCZ__ASD+P5_FINNGEN_SCZ__ASD+P6_PGC_SCZ__OCD+P7_FINNGEN_SCZ__OCD+P8_PGC_SCZ__AN+P9_FINNGEN_SCZ__AN+P10_PGC_SCZ__AUD+P11_FINNGEN_SCZ__AUD+P12_PGC_SCZ__CUD+P13_FINNGEN_SCZ__CUD
4	127830293	128996664	12	P2_PGC_SCZ__ADHD+P3_FINNGEN_SCZ__ADHD+P4_PGC_SCZ__ASD+P5_FINNGEN_SCZ__ASD+P6_PGC_SCZ__OCD+P7_FINNGEN_SCZ__OCD+P8_PGC_SCZ__AN+P9_FINNGEN_SCZ__AN+P10_PGC_SCZ__AUD+P11_FINNGEN_SCZ__AUD+P12_PGC_SCZ__CUD+P13_FINNGEN_SCZ__CUD
4	128996665	130591884	12	P2_PGC_SCZ__ADHD+P3_FINNGEN_SCZ__ADHD+P4_PGC_SCZ__ASD+P5_FINNGEN_SCZ__ASD+P6_PGC_SCZ__OCD+P7_FINNGEN_SCZ__OCD+P8_PGC_SCZ__AN+P9_FINNGEN_SCZ__AN+P10_PGC_SCZ__AUD+P11_FINNGEN_SCZ__AUD+P12_PGC_SCZ__CUD+P13_FINNGEN_SCZ__CUD
4	130591885	131283820	12	P2_PGC_SCZ__ADHD+P3_FINNGEN_SCZ__ADHD+P4_PGC_SCZ__ASD+P5_FINNGEN_SCZ__ASD+P6_PGC_SCZ__OCD+P7_FINNGEN_SCZ__OCD+P8_PGC_SCZ__AN+P9_FINNGEN_SCZ__AN+P10_PGC_SCZ__AUD+P11_FINNGEN_SCZ__AUD+P12_PGC_SCZ__CUD+P13_FINNGEN_SCZ__CUD
4	131283821	132954032	12	P2_PGC_SCZ__ADHD+P3_FINNGEN_SCZ__ADHD+P4_PGC_SCZ__ASD+P5_FINNGEN_SCZ__ASD+P6_PGC_SCZ__OCD+P7_FINNGEN_SCZ__OCD+P8_PGC_SCZ__AN+P9_FINNGEN_SCZ__AN+P10_PGC_SCZ__AUD+P11_FINNGEN_SCZ__AUD+P12_PGC_SCZ__CUD+P13_FINNGEN_SCZ__CUD
4	132954033	134628433	12	P2_PGC_SCZ__ADHD+P3_FINNGEN_SCZ__ADHD+P4_PGC_SCZ__ASD+P5_FINNGEN_SCZ__ASD+P6_PGC_SCZ__OCD+P7_FINNGEN_SCZ__OCD+P8_PGC_SCZ__AN+P9_FINNGEN_SCZ__AN+P10_PGC_SCZ__AUD+P11_FINNGEN_SCZ__AUD+P12_PGC_SCZ__CUD+P13_FINNGEN_SCZ__CUD
4	134628434	136566406	12	P2_PGC_SCZ__ADHD+P3_FINNGEN_SCZ__ADHD+P4_PGC_SCZ__ASD+P5_FINNGEN_SCZ__ASD+P6_PGC_SCZ__OCD+P7_FINNGEN_SCZ__OCD+P8_PGC_SCZ__AN+P9_FINNGEN_SCZ__AN+P10_PGC_SCZ__AUD+P11_FINNGEN_SCZ__AUD+P12_PGC_SCZ__CUD+P13_FINNGEN_SCZ__CUD
4	136566407	138541970	12	P2_PGC_SCZ__ADHD+P3_FINNGEN_SCZ__ADHD+P4_PGC_SCZ__ASD+P5_FINNGEN_SCZ__ASD+P6_PGC_SCZ__OCD+P7_FINNGEN_SCZ__OCD+P8_PGC_SCZ__AN+P9_FINNGEN_SCZ__AN+P10_PGC_SCZ__AUD+P11_FINNGEN_SCZ__AUD+P12_PGC_SCZ__CUD+P13_FINNGEN_SCZ__CUD
4	138541971	139556510	12	P2_PGC_SCZ__ADHD+P3_FINNGEN_SCZ__ADHD+P4_PGC_SCZ__ASD+P5_FINNGEN_SCZ__ASD+P6_PGC_SCZ__OCD+P7_FINNGEN_SCZ__OCD+P8_PGC_SCZ__AN+P9_FINNGEN_SCZ__AN+P10_PGC_SCZ__AUD+P11_FINNGEN_SCZ__AUD+P12_PGC_SCZ__CUD+P13_FINNGEN_SCZ__CUD
4	139556511	141084630	12	P2_PGC_SCZ__ADHD+P3_FINNGEN_SCZ__ADHD+P4_PGC_SCZ__ASD+P5_FINNGEN_SCZ__ASD+P6_PGC_SCZ__OCD+P7_FINNGEN_SCZ__OCD+P8_PGC_SCZ__AN+P9_FINNGEN_SCZ__AN+P10_PGC_SCZ__AUD+P11_FINNGEN_SCZ__AUD+P12_PGC_SCZ__CUD+P13_FINNGEN_SCZ__CUD
4	141084631	143443264	12	P2_PGC_SCZ__ADHD+P3_FINNGEN_SCZ__ADHD+P4_PGC_SCZ__ASD+P5_FINNGEN_SCZ__ASD+P6_PGC_SCZ__OCD+P7_FINNGEN_SCZ__OCD+P8_PGC_SCZ__AN+P9_FINNGEN_SCZ__AN+P10_PGC_SCZ__AUD+P11_FINNGEN_SCZ__AUD+P12_PGC_SCZ__CUD+P13_FINNGEN_SCZ__CUD
4	143443265	146178186	12	P2_PGC_SCZ__ADHD+P3_FINNGEN_SCZ__ADHD+P4_PGC_SCZ__ASD+P5_FINNGEN_SCZ__ASD+P6_PGC_SCZ__OCD+P7_FINNGEN_SCZ__OCD+P8_PGC_SCZ__AN+P9_FINNGEN_SCZ__AN+P10_PGC_SCZ__AUD+P11_FINNGEN_SCZ__AUD+P12_PGC_SCZ__CUD+P13_FINNGEN_SCZ__CUD
4	146178187	148521872	12	P2_PGC_SCZ__ADHD+P3_FINNGEN_SCZ__ADHD+P4_PGC_SCZ__ASD+P5_FINNGEN_SCZ__ASD+P6_PGC_SCZ__OCD+P7_FINNGEN_SCZ__OCD+P8_PGC_SCZ__AN+P9_FINNGEN_SCZ__AN+P10_PGC_SCZ__AUD+P11_FINNGEN_SCZ__AUD+P12_PGC_SCZ__CUD+P13_FINNGEN_SCZ__CUD
4	148521873	150683579	12	P2_PGC_SCZ__ADHD+P3_FINNGEN_SCZ__ADHD+P4_PGC_SCZ__ASD+P5_FINNGEN_SCZ__ASD+P6_PGC_SCZ__OCD+P7_FINNGEN_SCZ__OCD+P8_PGC_SCZ__AN+P9_FINNGEN_SCZ__AN+P10_PGC_SCZ__AUD+P11_FINNGEN_SCZ__AUD+P12_PGC_SCZ__CUD+P13_FINNGEN_SCZ__CUD
4	150683580	152782183	12	P2_PGC_SCZ__ADHD+P3_FINNGEN_SCZ__ADHD+P4_PGC_SCZ__ASD+P5_FINNGEN_SCZ__ASD+P6_PGC_SCZ__OCD+P7_FINNGEN_SCZ__OCD+P8_PGC_SCZ__AN+P9_FINNGEN_SCZ__AN+P10_PGC_SCZ__AUD+P11_FINNGEN_SCZ__AUD+P12_PGC_SCZ__CUD+P13_FINNGEN_SCZ__CUD
4	152782184	154477640	12	P2_PGC_SCZ__ADHD+P3_FINNGEN_SCZ__ADHD+P4_PGC_SCZ__ASD+P5_FINNGEN_SCZ__ASD+P6_PGC_SCZ__OCD+P7_FINNGEN_SCZ__OCD+P8_PGC_SCZ__AN+P9_FINNGEN_SCZ__AN+P10_PGC_SCZ__AUD+P11_FINNGEN_SCZ__AUD+P12_PGC_SCZ__CUD+P13_FINNGEN_SCZ__CUD
4	154477641	155056125	12	P2_PGC_SCZ__ADHD+P3_FINNGEN_SCZ__ADHD+P4_PGC_SCZ__ASD+P5_FINNGEN_SCZ__ASD+P6_PGC_SCZ__OCD+P7_FINNGEN_SCZ__OCD+P8_PGC_SCZ__AN+P9_FINNGEN_SCZ__AN+P10_PGC_SCZ__AUD+P11_FINNGEN_SCZ__AUD+P12_PGC_SCZ__CUD+P13_FINNGEN_SCZ__CUD
4	155056126	157485096	12	P2_PGC_SCZ__ADHD+P3_FINNGEN_SCZ__ADHD+P4_PGC_SCZ__ASD+P5_FINNGEN_SCZ__ASD+P6_PGC_SCZ__OCD+P7_FINNGEN_SCZ__OCD+P8_PGC_SCZ__AN+P9_FINNGEN_SCZ__AN+P10_PGC_SCZ__AUD+P11_FINNGEN_SCZ__AUD+P12_PGC_SCZ__CUD+P13_FINNGEN_SCZ__CUD
4	157485097	158743717	12	P2_PGC_SCZ__ADHD+P3_FINNGEN_SCZ__ADHD+P4_PGC_SCZ__ASD+P5_FINNGEN_SCZ__ASD+P6_PGC_SCZ__OCD+P7_FINNGEN_SCZ__OCD+P8_PGC_SCZ__AN+P9_FINNGEN_SCZ__AN+P10_PGC_SCZ__AUD+P11_FINNGEN_SCZ__AUD+P12_PGC_SCZ__CUD+P13_FINNGEN_SCZ__CUD
4	158743718	161058863	12	P2_PGC_SCZ__ADHD+P3_FINNGEN_SCZ__ADHD+P4_PGC_SCZ__ASD+P5_FINNGEN_SCZ__ASD+P6_PGC_SCZ__OCD+P7_FINNGEN_SCZ__OCD+P8_PGC_SCZ__AN+P9_FINNGEN_SCZ__AN+P10_PGC_SCZ__AUD+P11_FINNGEN_SCZ__AUD+P12_PGC_SCZ__CUD+P13_FINNGEN_SCZ__CUD
4	161058864	161826434	12	P2_PGC_SCZ__ADHD+P3_FINNGEN_SCZ__ADHD+P4_PGC_SCZ__ASD+P5_FINNGEN_SCZ__ASD+P6_PGC_SCZ__OCD+P7_FINNGEN_SCZ__OCD+P8_PGC_SCZ__AN+P9_FINNGEN_SCZ__AN+P10_PGC_SCZ__AUD+P11_FINNGEN_SCZ__AUD+P12_PGC_SCZ__CUD+P13_FINNGEN_SCZ__CUD
4	161826435	163243678	12	P2_PGC_SCZ__ADHD+P3_FINNGEN_SCZ__ADHD+P4_PGC_SCZ__ASD+P5_FINNGEN_SCZ__ASD+P6_PGC_SCZ__OCD+P7_FINNGEN_SCZ__OCD+P8_PGC_SCZ__AN+P9_FINNGEN_SCZ__AN+P10_PGC_SCZ__AUD+P11_FINNGEN_SCZ__AUD+P12_PGC_SCZ__CUD+P13_FINNGEN_SCZ__CUD
4	163243679	164478233	12	P2_PGC_SCZ__ADHD+P3_FINNGEN_SCZ__ADHD+P4_PGC_SCZ__ASD+P5_FINNGEN_SCZ__ASD+P6_PGC_SCZ__OCD+P7_FINNGEN_SCZ__OCD+P8_PGC_SCZ__AN+P9_FINNGEN_SCZ__AN+P10_PGC_SCZ__AUD+P11_FINNGEN_SCZ__AUD+P12_PGC_SCZ__CUD+P13_FINNGEN_SCZ__CUD
4	164478234	165823447	12	P2_PGC_SCZ__ADHD+P3_FINNGEN_SCZ__ADHD+P4_PGC_SCZ__ASD+P5_FINNGEN_SCZ__ASD+P6_PGC_SCZ__OCD+P7_FINNGEN_SCZ__OCD+P8_PGC_SCZ__AN+P9_FINNGEN_SCZ__AN+P10_PGC_SCZ__AUD+P11_FINNGEN_SCZ__AUD+P12_PGC_SCZ__CUD+P13_FINNGEN_SCZ__CUD
4	165823448	167018857	12	P2_PGC_SCZ__ADHD+P3_FINNGEN_SCZ__ADHD+P4_PGC_SCZ__ASD+P5_FINNGEN_SCZ__ASD+P6_PGC_SCZ__OCD+P7_FINNGEN_SCZ__OCD+P8_PGC_SCZ__AN+P9_FINNGEN_SCZ__AN+P10_PGC_SCZ__AUD+P11_FINNGEN_SCZ__AUD+P12_PGC_SCZ__CUD+P13_FINNGEN_SCZ__CUD
4	167018858	167852916	12	P2_PGC_SCZ__ADHD+P3_FINNGEN_SCZ__ADHD+P4_PGC_SCZ__ASD+P5_FINNGEN_SCZ__ASD+P6_PGC_SCZ__OCD+P7_FINNGEN_SCZ__OCD+P8_PGC_SCZ__AN+P9_FINNGEN_SCZ__AN+P10_PGC_SCZ__AUD+P11_FINNGEN_SCZ__AUD+P12_PGC_SCZ__CUD+P13_FINNGEN_SCZ__CUD
4	167852917	169676824	12	P2_PGC_SCZ__ADHD+P3_FINNGEN_SCZ__ADHD+P4_PGC_SCZ__ASD+P5_FINNGEN_SCZ__ASD+P6_PGC_SCZ__OCD+P7_FINNGEN_SCZ__OCD+P8_PGC_SCZ__AN+P9_FINNGEN_SCZ__AN+P10_PGC_SCZ__AUD+P11_FINNGEN_SCZ__AUD+P12_PGC_SCZ__CUD+P13_FINNGEN_SCZ__CUD
4	169676825	170776509	12	P2_PGC_SCZ__ADHD+P3_FINNGEN_SCZ__ADHD+P4_PGC_SCZ__ASD+P5_FINNGEN_SCZ__ASD+P6_PGC_SCZ__OCD+P7_FINNGEN_SCZ__OCD+P8_PGC_SCZ__AN+P9_FINNGEN_SCZ__AN+P10_PGC_SCZ__AUD+P11_FINNGEN_SCZ__AUD+P12_PGC_SCZ__CUD+P13_FINNGEN_SCZ__CUD
4	170776510	172558634	12	P2_PGC_SCZ__ADHD+P3_FINNGEN_SCZ__ADHD+P4_PGC_SCZ__ASD+P5_FINNGEN_SCZ__ASD+P6_PGC_SCZ__OCD+P7_FINNGEN_SCZ__OCD+P8_PGC_SCZ__AN+P9_FINNGEN_SCZ__AN+P10_PGC_SCZ__AUD+P11_FINNGEN_SCZ__AUD+P12_PGC_SCZ__CUD+P13_FINNGEN_SCZ__CUD
4	172558635	174264131	12	P2_PGC_SCZ__ADHD+P3_FINNGEN_SCZ__ADHD+P4_PGC_SCZ__ASD+P5_FINNGEN_SCZ__ASD+P6_PGC_SCZ__OCD+P7_FINNGEN_SCZ__OCD+P8_PGC_SCZ__AN+P9_FINNGEN_SCZ__AN+P10_PGC_SCZ__AUD+P11_FINNGEN_SCZ__AUD+P12_PGC_SCZ__CUD+P13_FINNGEN_SCZ__CUD
4	174264132	176570715	12	P2_PGC_SCZ__ADHD+P3_FINNGEN_SCZ__ADHD+P4_PGC_SCZ__ASD+P5_FINNGEN_SCZ__ASD+P6_PGC_SCZ__OCD+P7_FINNGEN_SCZ__OCD+P8_PGC_SCZ__AN+P9_FINNGEN_SCZ__AN+P10_PGC_SCZ__AUD+P11_FINNGEN_SCZ__AUD+P12_PGC_SCZ__CUD+P13_FINNGEN_SCZ__CUD
4	176570716	178991909	12	P2_PGC_SCZ__ADHD+P3_FINNGEN_SCZ__ADHD+P4_PGC_SCZ__ASD+P5_FINNGEN_SCZ__ASD+P6_PGC_SCZ__OCD+P7_FINNGEN_SCZ__OCD+P8_PGC_SCZ__AN+P9_FINNGEN_SCZ__AN+P10_PGC_SCZ__AUD+P11_FINNGEN_SCZ__AUD+P12_PGC_SCZ__CUD+P13_FINNGEN_SCZ__CUD
4	178991910	180122042	12	P2_PGC_SCZ__ADHD+P3_FINNGEN_SCZ__ADHD+P4_PGC_SCZ__ASD+P5_FINNGEN_SCZ__ASD+P6_PGC_SCZ__OCD+P7_FINNGEN_SCZ__OCD+P8_PGC_SCZ__AN+P9_FINNGEN_SCZ__AN+P10_PGC_SCZ__AUD+P11_FINNGEN_SCZ__AUD+P12_PGC_SCZ__CUD+P13_FINNGEN_SCZ__CUD
4	180122043	182066806	12	P2_PGC_SCZ__ADHD+P3_FINNGEN_SCZ__ADHD+P4_PGC_SCZ__ASD+P5_FINNGEN_SCZ__ASD+P6_PGC_SCZ__OCD+P7_FINNGEN_SCZ__OCD+P8_PGC_SCZ__AN+P9_FINNGEN_SCZ__AN+P10_PGC_SCZ__AUD+P11_FINNGEN_SCZ__AUD+P12_PGC_SCZ__CUD+P13_FINNGEN_SCZ__CUD
4	182066807	183371274	12	P2_PGC_SCZ__ADHD+P3_FINNGEN_SCZ__ADHD+P4_PGC_SCZ__ASD+P5_FINNGEN_SCZ__ASD+P6_PGC_SCZ__OCD+P7_FINNGEN_SCZ__OCD+P8_PGC_SCZ__AN+P9_FINNGEN_SCZ__AN+P10_PGC_SCZ__AUD+P11_FINNGEN_SCZ__AUD+P12_PGC_SCZ__CUD+P13_FINNGEN_SCZ__CUD
4	183371275	184929454	12	P2_PGC_SCZ__ADHD+P3_FINNGEN_SCZ__ADHD+P4_PGC_SCZ__ASD+P5_FINNGEN_SCZ__ASD+P6_PGC_SCZ__OCD+P7_FINNGEN_SCZ__OCD+P8_PGC_SCZ__AN+P9_FINNGEN_SCZ__AN+P10_PGC_SCZ__AUD+P11_FINNGEN_SCZ__AUD+P12_PGC_SCZ__CUD+P13_FINNGEN_SCZ__CUD
4	184929455	186909089	12	P2_PGC_SCZ__ADHD+P3_FINNGEN_SCZ__ADHD+P4_PGC_SCZ__ASD+P5_FINNGEN_SCZ__ASD+P6_PGC_SCZ__OCD+P7_FINNGEN_SCZ__OCD+P8_PGC_SCZ__AN+P9_FINNGEN_SCZ__AN+P10_PGC_SCZ__AUD+P11_FINNGEN_SCZ__AUD+P12_PGC_SCZ__CUD+P13_FINNGEN_SCZ__CUD
4	186909090	188472980	12	P2_PGC_SCZ__ADHD+P3_FINNGEN_SCZ__ADHD+P4_PGC_SCZ__ASD+P5_FINNGEN_SCZ__ASD+P6_PGC_SCZ__OCD+P7_FINNGEN_SCZ__OCD+P8_PGC_SCZ__AN+P9_FINNGEN_SCZ__AN+P10_PGC_SCZ__AUD+P11_FINNGEN_SCZ__AUD+P12_PGC_SCZ__CUD+P13_FINNGEN_SCZ__CUD
4	188472981	189693510	12	P2_PGC_SCZ__ADHD+P3_FINNGEN_SCZ__ADHD+P4_PGC_SCZ__ASD+P5_FINNGEN_SCZ__ASD+P6_PGC_SCZ__OCD+P7_FINNGEN_SCZ__OCD+P8_PGC_SCZ__AN+P9_FINNGEN_SCZ__AN+P10_PGC_SCZ__AUD+P11_FINNGEN_SCZ__AUD+P12_PGC_SCZ__CUD+P13_FINNGEN_SCZ__CUD
4	189693511	191043593	12	P2_PGC_SCZ__ADHD+P3_FINNGEN_SCZ__ADHD+P4_PGC_SCZ__ASD+P5_FINNGEN_SCZ__ASD+P6_PGC_SCZ__OCD+P7_FINNGEN_SCZ__OCD+P8_PGC_SCZ__AN+P9_FINNGEN_SCZ__AN+P10_PGC_SCZ__AUD+P11_FINNGEN_SCZ__AUD+P12_PGC_SCZ__CUD+P13_FINNGEN_SCZ__CUD
5	11940	982251	12	P2_PGC_SCZ__ADHD+P3_FINNGEN_SCZ__ADHD+P4_PGC_SCZ__ASD+P5_FINNGEN_SCZ__ASD+P6_PGC_SCZ__OCD+P7_FINNGEN_SCZ__OCD+P8_PGC_SCZ__AN+P9_FINNGEN_SCZ__AN+P10_PGC_SCZ__AUD+P11_FINNGEN_SCZ__AUD+P12_PGC_SCZ__CUD+P13_FINNGEN_SCZ__CUD
5	982252	2132441	12	P2_PGC_SCZ__ADHD+P3_FINNGEN_SCZ__ADHD+P4_PGC_SCZ__ASD+P5_FINNGEN_SCZ__ASD+P6_PGC_SCZ__OCD+P7_FINNGEN_SCZ__OCD+P8_PGC_SCZ__AN+P9_FINNGEN_SCZ__AN+P10_PGC_SCZ__AUD+P11_FINNGEN_SCZ__AUD+P12_PGC_SCZ__CUD+P13_FINNGEN_SCZ__CUD
5	2132442	3361940	12	P2_PGC_SCZ__ADHD+P3_FINNGEN_SCZ__ADHD+P4_PGC_SCZ__ASD+P5_FINNGEN_SCZ__ASD+P6_PGC_SCZ__OCD+P7_FINNGEN_SCZ__OCD+P8_PGC_SCZ__AN+P9_FINNGEN_SCZ__AN+P10_PGC_SCZ__AUD+P11_FINNGEN_SCZ__AUD+P12_PGC_SCZ__CUD+P13_FINNGEN_SCZ__CUD
5	3361941	4632109	12	P2_PGC_SCZ__ADHD+P3_FINNGEN_SCZ__ADHD+P4_PGC_SCZ__ASD+P5_FINNGEN_SCZ__ASD+P6_PGC_SCZ__OCD+P7_FINNGEN_SCZ__OCD+P8_PGC_SCZ__AN+P9_FINNGEN_SCZ__AN+P10_PGC_SCZ__AUD+P11_FINNGEN_SCZ__AUD+P12_PGC_SCZ__CUD+P13_FINNGEN_SCZ__CUD
5	4632110	5973232	12	P2_PGC_SCZ__ADHD+P3_FINNGEN_SCZ__ADHD+P4_PGC_SCZ__ASD+P5_FINNGEN_SCZ__ASD+P6_PGC_SCZ__OCD+P7_FINNGEN_SCZ__OCD+P8_PGC_SCZ__AN+P9_FINNGEN_SCZ__AN+P10_PGC_SCZ__AUD+P11_FINNGEN_SCZ__AUD+P12_PGC_SCZ__CUD+P13_FINNGEN_SCZ__CUD
5	5973233	7143217	12	P2_PGC_SCZ__ADHD+P3_FINNGEN_SCZ__ADHD+P4_PGC_SCZ__ASD+P5_FINNGEN_SCZ__ASD+P6_PGC_SCZ__OCD+P7_FINNGEN_SCZ__OCD+P8_PGC_SCZ__AN+P9_FINNGEN_SCZ__AN+P10_PGC_SCZ__AUD+P11_FINNGEN_SCZ__AUD+P12_PGC_SCZ__CUD+P13_FINNGEN_SCZ__CUD
5	7143218	8446335	12	P2_PGC_SCZ__ADHD+P3_FINNGEN_SCZ__ADHD+P4_PGC_SCZ__ASD+P5_FINNGEN_SCZ__ASD+P6_PGC_SCZ__OCD+P7_FINNGEN_SCZ__OCD+P8_PGC_SCZ__AN+P9_FINNGEN_SCZ__AN+P10_PGC_SCZ__AUD+P11_FINNGEN_SCZ__AUD+P12_PGC_SCZ__CUD+P13_FINNGEN_SCZ__CUD
5	8446336	9718831	12	P2_PGC_SCZ__ADHD+P3_FINNGEN_SCZ__ADHD+P4_PGC_SCZ__ASD+P5_FINNGEN_SCZ__ASD+P6_PGC_SCZ__OCD+P7_FINNGEN_SCZ__OCD+P8_PGC_SCZ__AN+P9_FINNGEN_SCZ__AN+P10_PGC_SCZ__AUD+P11_FINNGEN_SCZ__AUD+P12_PGC_SCZ__CUD+P13_FINNGEN_SCZ__CUD
5	9718832	11173270	12	P2_PGC_SCZ__ADHD+P3_FINNGEN_SCZ__ADHD+P4_PGC_SCZ__ASD+P5_FINNGEN_SCZ__ASD+P6_PGC_SCZ__OCD+P7_FINNGEN_SCZ__OCD+P8_PGC_SCZ__AN+P9_FINNGEN_SCZ__AN+P10_PGC_SCZ__AUD+P11_FINNGEN_SCZ__AUD+P12_PGC_SCZ__CUD+P13_FINNGEN_SCZ__CUD
5	11173271	13464831	12	P2_PGC_SCZ__ADHD+P3_FINNGEN_SCZ__ADHD+P4_PGC_SCZ__ASD+P5_FINNGEN_SCZ__ASD+P6_PGC_SCZ__OCD+P7_FINNGEN_SCZ__OCD+P8_PGC_SCZ__AN+P9_FINNGEN_SCZ__AN+P10_PGC_SCZ__AUD+P11_FINNGEN_SCZ__AUD+P12_PGC_SCZ__CUD+P13_FINNGEN_SCZ__CUD
5	13464832	14757803	12	P2_PGC_SCZ__ADHD+P3_FINNGEN_SCZ__ADHD+P4_PGC_SCZ__ASD+P5_FINNGEN_SCZ__ASD+P6_PGC_SCZ__OCD+P7_FINNGEN_SCZ__OCD+P8_PGC_SCZ__AN+P9_FINNGEN_SCZ__AN+P10_PGC_SCZ__AUD+P11_FINNGEN_SCZ__AUD+P12_PGC_SCZ__CUD+P13_FINNGEN_SCZ__CUD
5	14757804	16963612	12	P2_PGC_SCZ__ADHD+P3_FINNGEN_SCZ__ADHD+P4_PGC_SCZ__ASD+P5_FINNGEN_SCZ__ASD+P6_PGC_SCZ__OCD+P7_FINNGEN_SCZ__OCD+P8_PGC_SCZ__AN+P9_FINNGEN_SCZ__AN+P10_PGC_SCZ__AUD+P11_FINNGEN_SCZ__AUD+P12_PGC_SCZ__CUD+P13_FINNGEN_SCZ__CUD
5	16963613	18051591	12	P2_PGC_SCZ__ADHD+P3_FINNGEN_SCZ__ADHD+P4_PGC_SCZ__ASD+P5_FINNGEN_SCZ__ASD+P6_PGC_SCZ__OCD+P7_FINNGEN_SCZ__OCD+P8_PGC_SCZ__AN+P9_FINNGEN_SCZ__AN+P10_PGC_SCZ__AUD+P11_FINNGEN_SCZ__AUD+P12_PGC_SCZ__CUD+P13_FINNGEN_SCZ__CUD
5	18051592	19917715	12	P2_PGC_SCZ__ADHD+P3_FINNGEN_SCZ__ADHD+P4_PGC_SCZ__ASD+P5_FINNGEN_SCZ__ASD+P6_PGC_SCZ__OCD+P7_FINNGEN_SCZ__OCD+P8_PGC_SCZ__AN+P9_FINNGEN_SCZ__AN+P10_PGC_SCZ__AUD+P11_FINNGEN_SCZ__AUD+P12_PGC_SCZ__CUD+P13_FINNGEN_SCZ__CUD
5	19917716	22152072	12	P2_PGC_SCZ__ADHD+P3_FINNGEN_SCZ__ADHD+P4_PGC_SCZ__ASD+P5_FINNGEN_SCZ__ASD+P6_PGC_SCZ__OCD+P7_FINNGEN_SCZ__OCD+P8_PGC_SCZ__AN+P9_FINNGEN_SCZ__AN+P10_PGC_SCZ__AUD+P11_FINNGEN_SCZ__AUD+P12_PGC_SCZ__CUD+P13_FINNGEN_SCZ__CUD
5	22152073	23494323	12	P2_PGC_SCZ__ADHD+P3_FINNGEN_SCZ__ADHD+P4_PGC_SCZ__ASD+P5_FINNGEN_SCZ__ASD+P6_PGC_SCZ__OCD+P7_FINNGEN_SCZ__OCD+P8_PGC_SCZ__AN+P9_FINNGEN_SCZ__AN+P10_PGC_SCZ__AUD+P11_FINNGEN_SCZ__AUD+P12_PGC_SCZ__CUD+P13_FINNGEN_SCZ__CUD
5	23494324	26184850	12	P2_PGC_SCZ__ADHD+P3_FINNGEN_SCZ__ADHD+P4_PGC_SCZ__ASD+P5_FINNGEN_SCZ__ASD+P6_PGC_SCZ__OCD+P7_FINNGEN_SCZ__OCD+P8_PGC_SCZ__AN+P9_FINNGEN_SCZ__AN+P10_PGC_SCZ__AUD+P11_FINNGEN_SCZ__AUD+P12_PGC_SCZ__CUD+P13_FINNGEN_SCZ__CUD
5	26184851	26857603	12	P2_PGC_SCZ__ADHD+P3_FINNGEN_SCZ__ADHD+P4_PGC_SCZ__ASD+P5_FINNGEN_SCZ__ASD+P6_PGC_SCZ__OCD+P7_FINNGEN_SCZ__OCD+P8_PGC_SCZ__AN+P9_FINNGEN_SCZ__AN+P10_PGC_SCZ__AUD+P11_FINNGEN_SCZ__AUD+P12_PGC_SCZ__CUD+P13_FINNGEN_SCZ__CUD
5	26857604	27984512	12	P2_PGC_SCZ__ADHD+P3_FINNGEN_SCZ__ADHD+P4_PGC_SCZ__ASD+P5_FINNGEN_SCZ__ASD+P6_PGC_SCZ__OCD+P7_FINNGEN_SCZ__OCD+P8_PGC_SCZ__AN+P9_FINNGEN_SCZ__AN+P10_PGC_SCZ__AUD+P11_FINNGEN_SCZ__AUD+P12_PGC_SCZ__CUD+P13_FINNGEN_SCZ__CUD
5	27984513	29714819	12	P2_PGC_SCZ__ADHD+P3_FINNGEN_SCZ__ADHD+P4_PGC_SCZ__ASD+P5_FINNGEN_SCZ__ASD+P6_PGC_SCZ__OCD+P7_FINNGEN_SCZ__OCD+P8_PGC_SCZ__AN+P9_FINNGEN_SCZ__AN+P10_PGC_SCZ__AUD+P11_FINNGEN_SCZ__AUD+P12_PGC_SCZ__CUD+P13_FINNGEN_SCZ__CUD
5	29714820	31390248	12	P2_PGC_SCZ__ADHD+P3_FINNGEN_SCZ__ADHD+P4_PGC_SCZ__ASD+P5_FINNGEN_SCZ__ASD+P6_PGC_SCZ__OCD+P7_FINNGEN_SCZ__OCD+P8_PGC_SCZ__AN+P9_FINNGEN_SCZ__AN+P10_PGC_SCZ__AUD+P11_FINNGEN_SCZ__AUD+P12_PGC_SCZ__CUD+P13_FINNGEN_SCZ__CUD
5	31390249	33500179	12	P2_PGC_SCZ__ADHD+P3_FINNGEN_SCZ__ADHD+P4_PGC_SCZ__ASD+P5_FINNGEN_SCZ__ASD+P6_PGC_SCZ__OCD+P7_FINNGEN_SCZ__OCD+P8_PGC_SCZ__AN+P9_FINNGEN_SCZ__AN+P10_PGC_SCZ__AUD+P11_FINNGEN_SCZ__AUD+P12_PGC_SCZ__CUD+P13_FINNGEN_SCZ__CUD
5	33500180	35048969	12	P2_PGC_SCZ__ADHD+P3_FINNGEN_SCZ__ADHD+P4_PGC_SCZ__ASD+P5_FINNGEN_SCZ__ASD+P6_PGC_SCZ__OCD+P7_FINNGEN_SCZ__OCD+P8_PGC_SCZ__AN+P9_FINNGEN_SCZ__AN+P10_PGC_SCZ__AUD+P11_FINNGEN_SCZ__AUD+P12_PGC_SCZ__CUD+P13_FINNGEN_SCZ__CUD
5	35048970	36433953	12	P2_PGC_SCZ__ADHD+P3_FINNGEN_SCZ__ADHD+P4_PGC_SCZ__ASD+P5_FINNGEN_SCZ__ASD+P6_PGC_SCZ__OCD+P7_FINNGEN_SCZ__OCD+P8_PGC_SCZ__AN+P9_FINNGEN_SCZ__AN+P10_PGC_SCZ__AUD+P11_FINNGEN_SCZ__AUD+P12_PGC_SCZ__CUD+P13_FINNGEN_SCZ__CUD
5	36433954	38802409	12	P2_PGC_SCZ__ADHD+P3_FINNGEN_SCZ__ADHD+P4_PGC_SCZ__ASD+P5_FINNGEN_SCZ__ASD+P6_PGC_SCZ__OCD+P7_FINNGEN_SCZ__OCD+P8_PGC_SCZ__AN+P9_FINNGEN_SCZ__AN+P10_PGC_SCZ__AUD+P11_FINNGEN_SCZ__AUD+P12_PGC_SCZ__CUD+P13_FINNGEN_SCZ__CUD
5	38802410	40287728	12	P2_PGC_SCZ__ADHD+P3_FINNGEN_SCZ__ADHD+P4_PGC_SCZ__ASD+P5_FINNGEN_SCZ__ASD+P6_PGC_SCZ__OCD+P7_FINNGEN_SCZ__OCD+P8_PGC_SCZ__AN+P9_FINNGEN_SCZ__AN+P10_PGC_SCZ__AUD+P11_FINNGEN_SCZ__AUD+P12_PGC_SCZ__CUD+P13_FINNGEN_SCZ__CUD
5	40287729	41888709	12	P2_PGC_SCZ__ADHD+P3_FINNGEN_SCZ__ADHD+P4_PGC_SCZ__ASD+P5_FINNGEN_SCZ__ASD+P6_PGC_SCZ__OCD+P7_FINNGEN_SCZ__OCD+P8_PGC_SCZ__AN+P9_FINNGEN_SCZ__AN+P10_PGC_SCZ__AUD+P11_FINNGEN_SCZ__AUD+P12_PGC_SCZ__CUD+P13_FINNGEN_SCZ__CUD
5	41888710	43983498	12	P2_PGC_SCZ__ADHD+P3_FINNGEN_SCZ__ADHD+P4_PGC_SCZ__ASD+P5_FINNGEN_SCZ__ASD+P6_PGC_SCZ__OCD+P7_FINNGEN_SCZ__OCD+P8_PGC_SCZ__AN+P9_FINNGEN_SCZ__AN+P10_PGC_SCZ__AUD+P11_FINNGEN_SCZ__AUD+P12_PGC_SCZ__CUD+P13_FINNGEN_SCZ__CUD
5	43983499	50163397	12	P2_PGC_SCZ__ADHD+P3_FINNGEN_SCZ__ADHD+P4_PGC_SCZ__ASD+P5_FINNGEN_SCZ__ASD+P6_PGC_SCZ__OCD+P7_FINNGEN_SCZ__OCD+P8_PGC_SCZ__AN+P9_FINNGEN_SCZ__AN+P10_PGC_SCZ__AUD+P11_FINNGEN_SCZ__AUD+P12_PGC_SCZ__CUD+P13_FINNGEN_SCZ__CUD
5	50163398	52134621	12	P2_PGC_SCZ__ADHD+P3_FINNGEN_SCZ__ADHD+P4_PGC_SCZ__ASD+P5_FINNGEN_SCZ__ASD+P6_PGC_SCZ__OCD+P7_FINNGEN_SCZ__OCD+P8_PGC_SCZ__AN+P9_FINNGEN_SCZ__AN+P10_PGC_SCZ__AUD+P11_FINNGEN_SCZ__AUD+P12_PGC_SCZ__CUD+P13_FINNGEN_SCZ__CUD
5	52134622	53703043	12	P2_PGC_SCZ__ADHD+P3_FINNGEN_SCZ__ADHD+P4_PGC_SCZ__ASD+P5_FINNGEN_SCZ__ASD+P6_PGC_SCZ__OCD+P7_FINNGEN_SCZ__OCD+P8_PGC_SCZ__AN+P9_FINNGEN_SCZ__AN+P10_PGC_SCZ__AUD+P11_FINNGEN_SCZ__AUD+P12_PGC_SCZ__CUD+P13_FINNGEN_SCZ__CUD
5	53703044	55417348	12	P2_PGC_SCZ__ADHD+P3_FINNGEN_SCZ__ADHD+P4_PGC_SCZ__ASD+P5_FINNGEN_SCZ__ASD+P6_PGC_SCZ__OCD+P7_FINNGEN_SCZ__OCD+P8_PGC_SCZ__AN+P9_FINNGEN_SCZ__AN+P10_PGC_SCZ__AUD+P11_FINNGEN_SCZ__AUD+P12_PGC_SCZ__CUD+P13_FINNGEN_SCZ__CUD
5	55417349	56621101	12	P2_PGC_SCZ__ADHD+P3_FINNGEN_SCZ__ADHD+P4_PGC_SCZ__ASD+P5_FINNGEN_SCZ__ASD+P6_PGC_SCZ__OCD+P7_FINNGEN_SCZ__OCD+P8_PGC_SCZ__AN+P9_FINNGEN_SCZ__AN+P10_PGC_SCZ__AUD+P11_FINNGEN_SCZ__AUD+P12_PGC_SCZ__CUD+P13_FINNGEN_SCZ__CUD
5	56621102	57340072	12	P2_PGC_SCZ__ADHD+P3_FINNGEN_SCZ__ADHD+P4_PGC_SCZ__ASD+P5_FINNGEN_SCZ__ASD+P6_PGC_SCZ__OCD+P7_FINNGEN_SCZ__OCD+P8_PGC_SCZ__AN+P9_FINNGEN_SCZ__AN+P10_PGC_SCZ__AUD+P11_FINNGEN_SCZ__AUD+P12_PGC_SCZ__CUD+P13_FINNGEN_SCZ__CUD
5	57340073	58524621	12	P2_PGC_SCZ__ADHD+P3_FINNGEN_SCZ__ADHD+P4_PGC_SCZ__ASD+P5_FINNGEN_SCZ__ASD+P6_PGC_SCZ__OCD+P7_FINNGEN_SCZ__OCD+P8_PGC_SCZ__AN+P9_FINNGEN_SCZ__AN+P10_PGC_SCZ__AUD+P11_FINNGEN_SCZ__AUD+P12_PGC_SCZ__CUD+P13_FINNGEN_SCZ__CUD
5	58524622	60935906	12	P2_PGC_SCZ__ADHD+P3_FINNGEN_SCZ__ADHD+P4_PGC_SCZ__ASD+P5_FINNGEN_SCZ__ASD+P6_PGC_SCZ__OCD+P7_FINNGEN_SCZ__OCD+P8_PGC_SCZ__AN+P9_FINNGEN_SCZ__AN+P10_PGC_SCZ__AUD+P11_FINNGEN_SCZ__AUD+P12_PGC_SCZ__CUD+P13_FINNGEN_SCZ__CUD
5	60935907	61672994	12	P2_PGC_SCZ__ADHD+P3_FINNGEN_SCZ__ADHD+P4_PGC_SCZ__ASD+P5_FINNGEN_SCZ__ASD+P6_PGC_SCZ__OCD+P7_FINNGEN_SCZ__OCD+P8_PGC_SCZ__AN+P9_FINNGEN_SCZ__AN+P10_PGC_SCZ__AUD+P11_FINNGEN_SCZ__AUD+P12_PGC_SCZ__CUD+P13_FINNGEN_SCZ__CUD
5	61672995	63218986	12	P2_PGC_SCZ__ADHD+P3_FINNGEN_SCZ__ADHD+P4_PGC_SCZ__ASD+P5_FINNGEN_SCZ__ASD+P6_PGC_SCZ__OCD+P7_FINNGEN_SCZ__OCD+P8_PGC_SCZ__AN+P9_FINNGEN_SCZ__AN+P10_PGC_SCZ__AUD+P11_FINNGEN_SCZ__AUD+P12_PGC_SCZ__CUD+P13_FINNGEN_SCZ__CUD
5	63218987	63968303	12	P2_PGC_SCZ__ADHD+P3_FINNGEN_SCZ__ADHD+P4_PGC_SCZ__ASD+P5_FINNGEN_SCZ__ASD+P6_PGC_SCZ__OCD+P7_FINNGEN_SCZ__OCD+P8_PGC_SCZ__AN+P9_FINNGEN_SCZ__AN+P10_PGC_SCZ__AUD+P11_FINNGEN_SCZ__AUD+P12_PGC_SCZ__CUD+P13_FINNGEN_SCZ__CUD
5	63968304	65911285	12	P2_PGC_SCZ__ADHD+P3_FINNGEN_SCZ__ADHD+P4_PGC_SCZ__ASD+P5_FINNGEN_SCZ__ASD+P6_PGC_SCZ__OCD+P7_FINNGEN_SCZ__OCD+P8_PGC_SCZ__AN+P9_FINNGEN_SCZ__AN+P10_PGC_SCZ__AUD+P11_FINNGEN_SCZ__AUD+P12_PGC_SCZ__CUD+P13_FINNGEN_SCZ__CUD
5	65911286	67850859	12	P2_PGC_SCZ__ADHD+P3_FINNGEN_SCZ__ADHD+P4_PGC_SCZ__ASD+P5_FINNGEN_SCZ__ASD+P6_PGC_SCZ__OCD+P7_FINNGEN_SCZ__OCD+P8_PGC_SCZ__AN+P9_FINNGEN_SCZ__AN+P10_PGC_SCZ__AUD+P11_FINNGEN_SCZ__AUD+P12_PGC_SCZ__CUD+P13_FINNGEN_SCZ__CUD
5	67850860	71240455	12	P2_PGC_SCZ__ADHD+P3_FINNGEN_SCZ__ADHD+P4_PGC_SCZ__ASD+P5_FINNGEN_SCZ__ASD+P6_PGC_SCZ__OCD+P7_FINNGEN_SCZ__OCD+P8_PGC_SCZ__AN+P9_FINNGEN_SCZ__AN+P10_PGC_SCZ__AUD+P11_FINNGEN_SCZ__AUD+P12_PGC_SCZ__CUD+P13_FINNGEN_SCZ__CUD
5	71240456	73759325	12	P2_PGC_SCZ__ADHD+P3_FINNGEN_SCZ__ADHD+P4_PGC_SCZ__ASD+P5_FINNGEN_SCZ__ASD+P6_PGC_SCZ__OCD+P7_FINNGEN_SCZ__OCD+P8_PGC_SCZ__AN+P9_FINNGEN_SCZ__AN+P10_PGC_SCZ__AUD+P11_FINNGEN_SCZ__AUD+P12_PGC_SCZ__CUD+P13_FINNGEN_SCZ__CUD
5	73759326	75798865	12	P2_PGC_SCZ__ADHD+P3_FINNGEN_SCZ__ADHD+P4_PGC_SCZ__ASD+P5_FINNGEN_SCZ__ASD+P6_PGC_SCZ__OCD+P7_FINNGEN_SCZ__OCD+P8_PGC_SCZ__AN+P9_FINNGEN_SCZ__AN+P10_PGC_SCZ__AUD+P11_FINNGEN_SCZ__AUD+P12_PGC_SCZ__CUD+P13_FINNGEN_SCZ__CUD
5	75798866	77623331	12	P2_PGC_SCZ__ADHD+P3_FINNGEN_SCZ__ADHD+P4_PGC_SCZ__ASD+P5_FINNGEN_SCZ__ASD+P6_PGC_SCZ__OCD+P7_FINNGEN_SCZ__OCD+P8_PGC_SCZ__AN+P9_FINNGEN_SCZ__AN+P10_PGC_SCZ__AUD+P11_FINNGEN_SCZ__AUD+P12_PGC_SCZ__CUD+P13_FINNGEN_SCZ__CUD
5	77623332	79393143	12	P2_PGC_SCZ__ADHD+P3_FINNGEN_SCZ__ADHD+P4_PGC_SCZ__ASD+P5_FINNGEN_SCZ__ASD+P6_PGC_SCZ__OCD+P7_FINNGEN_SCZ__OCD+P8_PGC_SCZ__AN+P9_FINNGEN_SCZ__AN+P10_PGC_SCZ__AUD+P11_FINNGEN_SCZ__AUD+P12_PGC_SCZ__CUD+P13_FINNGEN_SCZ__CUD
5	79393144	80481470	12	P2_PGC_SCZ__ADHD+P3_FINNGEN_SCZ__ADHD+P4_PGC_SCZ__ASD+P5_FINNGEN_SCZ__ASD+P6_PGC_SCZ__OCD+P7_FINNGEN_SCZ__OCD+P8_PGC_SCZ__AN+P9_FINNGEN_SCZ__AN+P10_PGC_SCZ__AUD+P11_FINNGEN_SCZ__AUD+P12_PGC_SCZ__CUD+P13_FINNGEN_SCZ__CUD
5	80481471	82025647	12	P2_PGC_SCZ__ADHD+P3_FINNGEN_SCZ__ADHD+P4_PGC_SCZ__ASD+P5_FINNGEN_SCZ__ASD+P6_PGC_SCZ__OCD+P7_FINNGEN_SCZ__OCD+P8_PGC_SCZ__AN+P9_FINNGEN_SCZ__AN+P10_PGC_SCZ__AUD+P11_FINNGEN_SCZ__AUD+P12_PGC_SCZ__CUD+P13_FINNGEN_SCZ__CUD
5	82025648	83972688	12	P2_PGC_SCZ__ADHD+P3_FINNGEN_SCZ__ADHD+P4_PGC_SCZ__ASD+P5_FINNGEN_SCZ__ASD+P6_PGC_SCZ__OCD+P7_FINNGEN_SCZ__OCD+P8_PGC_SCZ__AN+P9_FINNGEN_SCZ__AN+P10_PGC_SCZ__AUD+P11_FINNGEN_SCZ__AUD+P12_PGC_SCZ__CUD+P13_FINNGEN_SCZ__CUD
5	83972689	85767289	12	P2_PGC_SCZ__ADHD+P3_FINNGEN_SCZ__ADHD+P4_PGC_SCZ__ASD+P5_FINNGEN_SCZ__ASD+P6_PGC_SCZ__OCD+P7_FINNGEN_SCZ__OCD+P8_PGC_SCZ__AN+P9_FINNGEN_SCZ__AN+P10_PGC_SCZ__AUD+P11_FINNGEN_SCZ__AUD+P12_PGC_SCZ__CUD+P13_FINNGEN_SCZ__CUD
5	85767290	87389990	12	P2_PGC_SCZ__ADHD+P3_FINNGEN_SCZ__ADHD+P4_PGC_SCZ__ASD+P5_FINNGEN_SCZ__ASD+P6_PGC_SCZ__OCD+P7_FINNGEN_SCZ__OCD+P8_PGC_SCZ__AN+P9_FINNGEN_SCZ__AN+P10_PGC_SCZ__AUD+P11_FINNGEN_SCZ__AUD+P12_PGC_SCZ__CUD+P13_FINNGEN_SCZ__CUD
5	87389991	88891529	12	P2_PGC_SCZ__ADHD+P3_FINNGEN_SCZ__ADHD+P4_PGC_SCZ__ASD+P5_FINNGEN_SCZ__ASD+P6_PGC_SCZ__OCD+P7_FINNGEN_SCZ__OCD+P8_PGC_SCZ__AN+P9_FINNGEN_SCZ__AN+P10_PGC_SCZ__AUD+P11_FINNGEN_SCZ__AUD+P12_PGC_SCZ__CUD+P13_FINNGEN_SCZ__CUD
5	88891530	90422653	12	P2_PGC_SCZ__ADHD+P3_FINNGEN_SCZ__ADHD+P4_PGC_SCZ__ASD+P5_FINNGEN_SCZ__ASD+P6_PGC_SCZ__OCD+P7_FINNGEN_SCZ__OCD+P8_PGC_SCZ__AN+P9_FINNGEN_SCZ__AN+P10_PGC_SCZ__AUD+P11_FINNGEN_SCZ__AUD+P12_PGC_SCZ__CUD+P13_FINNGEN_SCZ__CUD
5	90422654	91840541	12	P2_PGC_SCZ__ADHD+P3_FINNGEN_SCZ__ADHD+P4_PGC_SCZ__ASD+P5_FINNGEN_SCZ__ASD+P6_PGC_SCZ__OCD+P7_FINNGEN_SCZ__OCD+P8_PGC_SCZ__AN+P9_FINNGEN_SCZ__AN+P10_PGC_SCZ__AUD+P11_FINNGEN_SCZ__AUD+P12_PGC_SCZ__CUD+P13_FINNGEN_SCZ__CUD
5	91840542	93809983	12	P2_PGC_SCZ__ADHD+P3_FINNGEN_SCZ__ADHD+P4_PGC_SCZ__ASD+P5_FINNGEN_SCZ__ASD+P6_PGC_SCZ__OCD+P7_FINNGEN_SCZ__OCD+P8_PGC_SCZ__AN+P9_FINNGEN_SCZ__AN+P10_PGC_SCZ__AUD+P11_FINNGEN_SCZ__AUD+P12_PGC_SCZ__CUD+P13_FINNGEN_SCZ__CUD
5	93809984	95963518	12	P2_PGC_SCZ__ADHD+P3_FINNGEN_SCZ__ADHD+P4_PGC_SCZ__ASD+P5_FINNGEN_SCZ__ASD+P6_PGC_SCZ__OCD+P7_FINNGEN_SCZ__OCD+P8_PGC_SCZ__AN+P9_FINNGEN_SCZ__AN+P10_PGC_SCZ__AUD+P11_FINNGEN_SCZ__AUD+P12_PGC_SCZ__CUD+P13_FINNGEN_SCZ__CUD
5	95963519	97315600	12	P2_PGC_SCZ__ADHD+P3_FINNGEN_SCZ__ADHD+P4_PGC_SCZ__ASD+P5_FINNGEN_SCZ__ASD+P6_PGC_SCZ__OCD+P7_FINNGEN_SCZ__OCD+P8_PGC_SCZ__AN+P9_FINNGEN_SCZ__AN+P10_PGC_SCZ__AUD+P11_FINNGEN_SCZ__AUD+P12_PGC_SCZ__CUD+P13_FINNGEN_SCZ__CUD
5	97315601	99260991	12	P2_PGC_SCZ__ADHD+P3_FINNGEN_SCZ__ADHD+P4_PGC_SCZ__ASD+P5_FINNGEN_SCZ__ASD+P6_PGC_SCZ__OCD+P7_FINNGEN_SCZ__OCD+P8_PGC_SCZ__AN+P9_FINNGEN_SCZ__AN+P10_PGC_SCZ__AUD+P11_FINNGEN_SCZ__AUD+P12_PGC_SCZ__CUD+P13_FINNGEN_SCZ__CUD
5	99260992	101578768	12	P2_PGC_SCZ__ADHD+P3_FINNGEN_SCZ__ADHD+P4_PGC_SCZ__ASD+P5_FINNGEN_SCZ__ASD+P6_PGC_SCZ__OCD+P7_FINNGEN_SCZ__OCD+P8_PGC_SCZ__AN+P9_FINNGEN_SCZ__AN+P10_PGC_SCZ__AUD+P11_FINNGEN_SCZ__AUD+P12_PGC_SCZ__CUD+P13_FINNGEN_SCZ__CUD
5	101578769	103320004	12	P2_PGC_SCZ__ADHD+P3_FINNGEN_SCZ__ADHD+P4_PGC_SCZ__ASD+P5_FINNGEN_SCZ__ASD+P6_PGC_SCZ__OCD+P7_FINNGEN_SCZ__OCD+P8_PGC_SCZ__AN+P9_FINNGEN_SCZ__AN+P10_PGC_SCZ__AUD+P11_FINNGEN_SCZ__AUD+P12_PGC_SCZ__CUD+P13_FINNGEN_SCZ__CUD
5	103320005	104851482	12	P2_PGC_SCZ__ADHD+P3_FINNGEN_SCZ__ADHD+P4_PGC_SCZ__ASD+P5_FINNGEN_SCZ__ASD+P6_PGC_SCZ__OCD+P7_FINNGEN_SCZ__OCD+P8_PGC_SCZ__AN+P9_FINNGEN_SCZ__AN+P10_PGC_SCZ__AUD+P11_FINNGEN_SCZ__AUD+P12_PGC_SCZ__CUD+P13_FINNGEN_SCZ__CUD
5	104851483	105893054	12	P2_PGC_SCZ__ADHD+P3_FINNGEN_SCZ__ADHD+P4_PGC_SCZ__ASD+P5_FINNGEN_SCZ__ASD+P6_PGC_SCZ__OCD+P7_FINNGEN_SCZ__OCD+P8_PGC_SCZ__AN+P9_FINNGEN_SCZ__AN+P10_PGC_SCZ__AUD+P11_FINNGEN_SCZ__AUD+P12_PGC_SCZ__CUD+P13_FINNGEN_SCZ__CUD
5	105893055	107264195	12	P2_PGC_SCZ__ADHD+P3_FINNGEN_SCZ__ADHD+P4_PGC_SCZ__ASD+P5_FINNGEN_SCZ__ASD+P6_PGC_SCZ__OCD+P7_FINNGEN_SCZ__OCD+P8_PGC_SCZ__AN+P9_FINNGEN_SCZ__AN+P10_PGC_SCZ__AUD+P11_FINNGEN_SCZ__AUD+P12_PGC_SCZ__CUD+P13_FINNGEN_SCZ__CUD
5	107264196	108633933	12	P2_PGC_SCZ__ADHD+P3_FINNGEN_SCZ__ADHD+P4_PGC_SCZ__ASD+P5_FINNGEN_SCZ__ASD+P6_PGC_SCZ__OCD+P7_FINNGEN_SCZ__OCD+P8_PGC_SCZ__AN+P9_FINNGEN_SCZ__AN+P10_PGC_SCZ__AUD+P11_FINNGEN_SCZ__AUD+P12_PGC_SCZ__CUD+P13_FINNGEN_SCZ__CUD
5	108633934	110821143	12	P2_PGC_SCZ__ADHD+P3_FINNGEN_SCZ__ADHD+P4_PGC_SCZ__ASD+P5_FINNGEN_SCZ__ASD+P6_PGC_SCZ__OCD+P7_FINNGEN_SCZ__OCD+P8_PGC_SCZ__AN+P9_FINNGEN_SCZ__AN+P10_PGC_SCZ__AUD+P11_FINNGEN_SCZ__AUD+P12_PGC_SCZ__CUD+P13_FINNGEN_SCZ__CUD
5	110821144	111981561	12	P2_PGC_SCZ__ADHD+P3_FINNGEN_SCZ__ADHD+P4_PGC_SCZ__ASD+P5_FINNGEN_SCZ__ASD+P6_PGC_SCZ__OCD+P7_FINNGEN_SCZ__OCD+P8_PGC_SCZ__AN+P9_FINNGEN_SCZ__AN+P10_PGC_SCZ__AUD+P11_FINNGEN_SCZ__AUD+P12_PGC_SCZ__CUD+P13_FINNGEN_SCZ__CUD
5	111981562	113396284	12	P2_PGC_SCZ__ADHD+P3_FINNGEN_SCZ__ADHD+P4_PGC_SCZ__ASD+P5_FINNGEN_SCZ__ASD+P6_PGC_SCZ__OCD+P7_FINNGEN_SCZ__OCD+P8_PGC_SCZ__AN+P9_FINNGEN_SCZ__AN+P10_PGC_SCZ__AUD+P11_FINNGEN_SCZ__AUD+P12_PGC_SCZ__CUD+P13_FINNGEN_SCZ__CUD
5	113396285	114830369	12	P2_PGC_SCZ__ADHD+P3_FINNGEN_SCZ__ADHD+P4_PGC_SCZ__ASD+P5_FINNGEN_SCZ__ASD+P6_PGC_SCZ__OCD+P7_FINNGEN_SCZ__OCD+P8_PGC_SCZ__AN+P9_FINNGEN_SCZ__AN+P10_PGC_SCZ__AUD+P11_FINNGEN_SCZ__AUD+P12_PGC_SCZ__CUD+P13_FINNGEN_SCZ__CUD
5	114830370	115831046	12	P2_PGC_SCZ__ADHD+P3_FINNGEN_SCZ__ADHD+P4_PGC_SCZ__ASD+P5_FINNGEN_SCZ__ASD+P6_PGC_SCZ__OCD+P7_FINNGEN_SCZ__OCD+P8_PGC_SCZ__AN+P9_FINNGEN_SCZ__AN+P10_PGC_SCZ__AUD+P11_FINNGEN_SCZ__AUD+P12_PGC_SCZ__CUD+P13_FINNGEN_SCZ__CUD
5	115831047	117346212	12	P2_PGC_SCZ__ADHD+P3_FINNGEN_SCZ__ADHD+P4_PGC_SCZ__ASD+P5_FINNGEN_SCZ__ASD+P6_PGC_SCZ__OCD+P7_FINNGEN_SCZ__OCD+P8_PGC_SCZ__AN+P9_FINNGEN_SCZ__AN+P10_PGC_SCZ__AUD+P11_FINNGEN_SCZ__AUD+P12_PGC_SCZ__CUD+P13_FINNGEN_SCZ__CUD
5	117346213	118608819	12	P2_PGC_SCZ__ADHD+P3_FINNGEN_SCZ__ADHD+P4_PGC_SCZ__ASD+P5_FINNGEN_SCZ__ASD+P6_PGC_SCZ__OCD+P7_FINNGEN_SCZ__OCD+P8_PGC_SCZ__AN+P9_FINNGEN_SCZ__AN+P10_PGC_SCZ__AUD+P11_FINNGEN_SCZ__AUD+P12_PGC_SCZ__CUD+P13_FINNGEN_SCZ__CUD
5	118608820	119669041	12	P2_PGC_SCZ__ADHD+P3_FINNGEN_SCZ__ADHD+P4_PGC_SCZ__ASD+P5_FINNGEN_SCZ__ASD+P6_PGC_SCZ__OCD+P7_FINNGEN_SCZ__OCD+P8_PGC_SCZ__AN+P9_FINNGEN_SCZ__AN+P10_PGC_SCZ__AUD+P11_FINNGEN_SCZ__AUD+P12_PGC_SCZ__CUD+P13_FINNGEN_SCZ__CUD
5	119669042	120452165	12	P2_PGC_SCZ__ADHD+P3_FINNGEN_SCZ__ADHD+P4_PGC_SCZ__ASD+P5_FINNGEN_SCZ__ASD+P6_PGC_SCZ__OCD+P7_FINNGEN_SCZ__OCD+P8_PGC_SCZ__AN+P9_FINNGEN_SCZ__AN+P10_PGC_SCZ__AUD+P11_FINNGEN_SCZ__AUD+P12_PGC_SCZ__CUD+P13_FINNGEN_SCZ__CUD
5	120452166	122556904	12	P2_PGC_SCZ__ADHD+P3_FINNGEN_SCZ__ADHD+P4_PGC_SCZ__ASD+P5_FINNGEN_SCZ__ASD+P6_PGC_SCZ__OCD+P7_FINNGEN_SCZ__OCD+P8_PGC_SCZ__AN+P9_FINNGEN_SCZ__AN+P10_PGC_SCZ__AUD+P11_FINNGEN_SCZ__AUD+P12_PGC_SCZ__CUD+P13_FINNGEN_SCZ__CUD
5	122556905	123798099	12	P2_PGC_SCZ__ADHD+P3_FINNGEN_SCZ__ADHD+P4_PGC_SCZ__ASD+P5_FINNGEN_SCZ__ASD+P6_PGC_SCZ__OCD+P7_FINNGEN_SCZ__OCD+P8_PGC_SCZ__AN+P9_FINNGEN_SCZ__AN+P10_PGC_SCZ__AUD+P11_FINNGEN_SCZ__AUD+P12_PGC_SCZ__CUD+P13_FINNGEN_SCZ__CUD
5	123798100	125785648	12	P2_PGC_SCZ__ADHD+P3_FINNGEN_SCZ__ADHD+P4_PGC_SCZ__ASD+P5_FINNGEN_SCZ__ASD+P6_PGC_SCZ__OCD+P7_FINNGEN_SCZ__OCD+P8_PGC_SCZ__AN+P9_FINNGEN_SCZ__AN+P10_PGC_SCZ__AUD+P11_FINNGEN_SCZ__AUD+P12_PGC_SCZ__CUD+P13_FINNGEN_SCZ__CUD
5	125785649	127344603	12	P2_PGC_SCZ__ADHD+P3_FINNGEN_SCZ__ADHD+P4_PGC_SCZ__ASD+P5_FINNGEN_SCZ__ASD+P6_PGC_SCZ__OCD+P7_FINNGEN_SCZ__OCD+P8_PGC_SCZ__AN+P9_FINNGEN_SCZ__AN+P10_PGC_SCZ__AUD+P11_FINNGEN_SCZ__AUD+P12_PGC_SCZ__CUD+P13_FINNGEN_SCZ__CUD
5	127344604	129519024	12	P2_PGC_SCZ__ADHD+P3_FINNGEN_SCZ__ADHD+P4_PGC_SCZ__ASD+P5_FINNGEN_SCZ__ASD+P6_PGC_SCZ__OCD+P7_FINNGEN_SCZ__OCD+P8_PGC_SCZ__AN+P9_FINNGEN_SCZ__AN+P10_PGC_SCZ__AUD+P11_FINNGEN_SCZ__AUD+P12_PGC_SCZ__CUD+P13_FINNGEN_SCZ__CUD
5	129519025	132139648	12	P2_PGC_SCZ__ADHD+P3_FINNGEN_SCZ__ADHD+P4_PGC_SCZ__ASD+P5_FINNGEN_SCZ__ASD+P6_PGC_SCZ__OCD+P7_FINNGEN_SCZ__OCD+P8_PGC_SCZ__AN+P9_FINNGEN_SCZ__AN+P10_PGC_SCZ__AUD+P11_FINNGEN_SCZ__AUD+P12_PGC_SCZ__CUD+P13_FINNGEN_SCZ__CUD
5	132139649	134777400	12	P2_PGC_SCZ__ADHD+P3_FINNGEN_SCZ__ADHD+P4_PGC_SCZ__ASD+P5_FINNGEN_SCZ__ASD+P6_PGC_SCZ__OCD+P7_FINNGEN_SCZ__OCD+P8_PGC_SCZ__AN+P9_FINNGEN_SCZ__AN+P10_PGC_SCZ__AUD+P11_FINNGEN_SCZ__AUD+P12_PGC_SCZ__CUD+P13_FINNGEN_SCZ__CUD
5	134777401	136376049	12	P2_PGC_SCZ__ADHD+P3_FINNGEN_SCZ__ADHD+P4_PGC_SCZ__ASD+P5_FINNGEN_SCZ__ASD+P6_PGC_SCZ__OCD+P7_FINNGEN_SCZ__OCD+P8_PGC_SCZ__AN+P9_FINNGEN_SCZ__AN+P10_PGC_SCZ__AUD+P11_FINNGEN_SCZ__AUD+P12_PGC_SCZ__CUD+P13_FINNGEN_SCZ__CUD
5	136376050	139265071	12	P2_PGC_SCZ__ADHD+P3_FINNGEN_SCZ__ADHD+P4_PGC_SCZ__ASD+P5_FINNGEN_SCZ__ASD+P6_PGC_SCZ__OCD+P7_FINNGEN_SCZ__OCD+P8_PGC_SCZ__AN+P9_FINNGEN_SCZ__AN+P10_PGC_SCZ__AUD+P11_FINNGEN_SCZ__AUD+P12_PGC_SCZ__CUD+P13_FINNGEN_SCZ__CUD
5	139265072	140645970	12	P2_PGC_SCZ__ADHD+P3_FINNGEN_SCZ__ADHD+P4_PGC_SCZ__ASD+P5_FINNGEN_SCZ__ASD+P6_PGC_SCZ__OCD+P7_FINNGEN_SCZ__OCD+P8_PGC_SCZ__AN+P9_FINNGEN_SCZ__AN+P10_PGC_SCZ__AUD+P11_FINNGEN_SCZ__AUD+P12_PGC_SCZ__CUD+P13_FINNGEN_SCZ__CUD
5	140645971	142981247	12	P2_PGC_SCZ__ADHD+P3_FINNGEN_SCZ__ADHD+P4_PGC_SCZ__ASD+P5_FINNGEN_SCZ__ASD+P6_PGC_SCZ__OCD+P7_FINNGEN_SCZ__OCD+P8_PGC_SCZ__AN+P9_FINNGEN_SCZ__AN+P10_PGC_SCZ__AUD+P11_FINNGEN_SCZ__AUD+P12_PGC_SCZ__CUD+P13_FINNGEN_SCZ__CUD
5	142981248	144943353	12	P2_PGC_SCZ__ADHD+P3_FINNGEN_SCZ__ADHD+P4_PGC_SCZ__ASD+P5_FINNGEN_SCZ__ASD+P6_PGC_SCZ__OCD+P7_FINNGEN_SCZ__OCD+P8_PGC_SCZ__AN+P9_FINNGEN_SCZ__AN+P10_PGC_SCZ__AUD+P11_FINNGEN_SCZ__AUD+P12_PGC_SCZ__CUD+P13_FINNGEN_SCZ__CUD
5	144943354	147181997	12	P2_PGC_SCZ__ADHD+P3_FINNGEN_SCZ__ADHD+P4_PGC_SCZ__ASD+P5_FINNGEN_SCZ__ASD+P6_PGC_SCZ__OCD+P7_FINNGEN_SCZ__OCD+P8_PGC_SCZ__AN+P9_FINNGEN_SCZ__AN+P10_PGC_SCZ__AUD+P11_FINNGEN_SCZ__AUD+P12_PGC_SCZ__CUD+P13_FINNGEN_SCZ__CUD
5	147181998	148662623	12	P2_PGC_SCZ__ADHD+P3_FINNGEN_SCZ__ADHD+P4_PGC_SCZ__ASD+P5_FINNGEN_SCZ__ASD+P6_PGC_SCZ__OCD+P7_FINNGEN_SCZ__OCD+P8_PGC_SCZ__AN+P9_FINNGEN_SCZ__AN+P10_PGC_SCZ__AUD+P11_FINNGEN_SCZ__AUD+P12_PGC_SCZ__CUD+P13_FINNGEN_SCZ__CUD
5	148662624	150561297	12	P2_PGC_SCZ__ADHD+P3_FINNGEN_SCZ__ADHD+P4_PGC_SCZ__ASD+P5_FINNGEN_SCZ__ASD+P6_PGC_SCZ__OCD+P7_FINNGEN_SCZ__OCD+P8_PGC_SCZ__AN+P9_FINNGEN_SCZ__AN+P10_PGC_SCZ__AUD+P11_FINNGEN_SCZ__AUD+P12_PGC_SCZ__CUD+P13_FINNGEN_SCZ__CUD
5	150561298	152867773	12	P2_PGC_SCZ__ADHD+P3_FINNGEN_SCZ__ADHD+P4_PGC_SCZ__ASD+P5_FINNGEN_SCZ__ASD+P6_PGC_SCZ__OCD+P7_FINNGEN_SCZ__OCD+P8_PGC_SCZ__AN+P9_FINNGEN_SCZ__AN+P10_PGC_SCZ__AUD+P11_FINNGEN_SCZ__AUD+P12_PGC_SCZ__CUD+P13_FINNGEN_SCZ__CUD
5	152867774	153773087	12	P2_PGC_SCZ__ADHD+P3_FINNGEN_SCZ__ADHD+P4_PGC_SCZ__ASD+P5_FINNGEN_SCZ__ASD+P6_PGC_SCZ__OCD+P7_FINNGEN_SCZ__OCD+P8_PGC_SCZ__AN+P9_FINNGEN_SCZ__AN+P10_PGC_SCZ__AUD+P11_FINNGEN_SCZ__AUD+P12_PGC_SCZ__CUD+P13_FINNGEN_SCZ__CUD
5	153773088	155373504	12	P2_PGC_SCZ__ADHD+P3_FINNGEN_SCZ__ADHD+P4_PGC_SCZ__ASD+P5_FINNGEN_SCZ__ASD+P6_PGC_SCZ__OCD+P7_FINNGEN_SCZ__OCD+P8_PGC_SCZ__AN+P9_FINNGEN_SCZ__AN+P10_PGC_SCZ__AUD+P11_FINNGEN_SCZ__AUD+P12_PGC_SCZ__CUD+P13_FINNGEN_SCZ__CUD
5	155373505	156628699	12	P2_PGC_SCZ__ADHD+P3_FINNGEN_SCZ__ADHD+P4_PGC_SCZ__ASD+P5_FINNGEN_SCZ__ASD+P6_PGC_SCZ__OCD+P7_FINNGEN_SCZ__OCD+P8_PGC_SCZ__AN+P9_FINNGEN_SCZ__AN+P10_PGC_SCZ__AUD+P11_FINNGEN_SCZ__AUD+P12_PGC_SCZ__CUD+P13_FINNGEN_SCZ__CUD
5	156628700	158825697	12	P2_PGC_SCZ__ADHD+P3_FINNGEN_SCZ__ADHD+P4_PGC_SCZ__ASD+P5_FINNGEN_SCZ__ASD+P6_PGC_SCZ__OCD+P7_FINNGEN_SCZ__OCD+P8_PGC_SCZ__AN+P9_FINNGEN_SCZ__AN+P10_PGC_SCZ__AUD+P11_FINNGEN_SCZ__AUD+P12_PGC_SCZ__CUD+P13_FINNGEN_SCZ__CUD
5	158825698	159973943	12	P2_PGC_SCZ__ADHD+P3_FINNGEN_SCZ__ADHD+P4_PGC_SCZ__ASD+P5_FINNGEN_SCZ__ASD+P6_PGC_SCZ__OCD+P7_FINNGEN_SCZ__OCD+P8_PGC_SCZ__AN+P9_FINNGEN_SCZ__AN+P10_PGC_SCZ__AUD+P11_FINNGEN_SCZ__AUD+P12_PGC_SCZ__CUD+P13_FINNGEN_SCZ__CUD
5	159973944	161482132	12	P2_PGC_SCZ__ADHD+P3_FINNGEN_SCZ__ADHD+P4_PGC_SCZ__ASD+P5_FINNGEN_SCZ__ASD+P6_PGC_SCZ__OCD+P7_FINNGEN_SCZ__OCD+P8_PGC_SCZ__AN+P9_FINNGEN_SCZ__AN+P10_PGC_SCZ__AUD+P11_FINNGEN_SCZ__AUD+P12_PGC_SCZ__CUD+P13_FINNGEN_SCZ__CUD
5	161482133	162743907	12	P2_PGC_SCZ__ADHD+P3_FINNGEN_SCZ__ADHD+P4_PGC_SCZ__ASD+P5_FINNGEN_SCZ__ASD+P6_PGC_SCZ__OCD+P7_FINNGEN_SCZ__OCD+P8_PGC_SCZ__AN+P9_FINNGEN_SCZ__AN+P10_PGC_SCZ__AUD+P11_FINNGEN_SCZ__AUD+P12_PGC_SCZ__CUD+P13_FINNGEN_SCZ__CUD
5	162743908	163771581	12	P2_PGC_SCZ__ADHD+P3_FINNGEN_SCZ__ADHD+P4_PGC_SCZ__ASD+P5_FINNGEN_SCZ__ASD+P6_PGC_SCZ__OCD+P7_FINNGEN_SCZ__OCD+P8_PGC_SCZ__AN+P9_FINNGEN_SCZ__AN+P10_PGC_SCZ__AUD+P11_FINNGEN_SCZ__AUD+P12_PGC_SCZ__CUD+P13_FINNGEN_SCZ__CUD
5	163771582	165642394	12	P2_PGC_SCZ__ADHD+P3_FINNGEN_SCZ__ADHD+P4_PGC_SCZ__ASD+P5_FINNGEN_SCZ__ASD+P6_PGC_SCZ__OCD+P7_FINNGEN_SCZ__OCD+P8_PGC_SCZ__AN+P9_FINNGEN_SCZ__AN+P10_PGC_SCZ__AUD+P11_FINNGEN_SCZ__AUD+P12_PGC_SCZ__CUD+P13_FINNGEN_SCZ__CUD
5	165642395	166847739	12	P2_PGC_SCZ__ADHD+P3_FINNGEN_SCZ__ADHD+P4_PGC_SCZ__ASD+P5_FINNGEN_SCZ__ASD+P6_PGC_SCZ__OCD+P7_FINNGEN_SCZ__OCD+P8_PGC_SCZ__AN+P9_FINNGEN_SCZ__AN+P10_PGC_SCZ__AUD+P11_FINNGEN_SCZ__AUD+P12_PGC_SCZ__CUD+P13_FINNGEN_SCZ__CUD
5	166847740	168525317	12	P2_PGC_SCZ__ADHD+P3_FINNGEN_SCZ__ADHD+P4_PGC_SCZ__ASD+P5_FINNGEN_SCZ__ASD+P6_PGC_SCZ__OCD+P7_FINNGEN_SCZ__OCD+P8_PGC_SCZ__AN+P9_FINNGEN_SCZ__AN+P10_PGC_SCZ__AUD+P11_FINNGEN_SCZ__AUD+P12_PGC_SCZ__CUD+P13_FINNGEN_SCZ__CUD
5	168525318	169505663	12	P2_PGC_SCZ__ADHD+P3_FINNGEN_SCZ__ADHD+P4_PGC_SCZ__ASD+P5_FINNGEN_SCZ__ASD+P6_PGC_SCZ__OCD+P7_FINNGEN_SCZ__OCD+P8_PGC_SCZ__AN+P9_FINNGEN_SCZ__AN+P10_PGC_SCZ__AUD+P11_FINNGEN_SCZ__AUD+P12_PGC_SCZ__CUD+P13_FINNGEN_SCZ__CUD
5	169505664	171074291	12	P2_PGC_SCZ__ADHD+P3_FINNGEN_SCZ__ADHD+P4_PGC_SCZ__ASD+P5_FINNGEN_SCZ__ASD+P6_PGC_SCZ__OCD+P7_FINNGEN_SCZ__OCD+P8_PGC_SCZ__AN+P9_FINNGEN_SCZ__AN+P10_PGC_SCZ__AUD+P11_FINNGEN_SCZ__AUD+P12_PGC_SCZ__CUD+P13_FINNGEN_SCZ__CUD
5	171074292	172678326	12	P2_PGC_SCZ__ADHD+P3_FINNGEN_SCZ__ADHD+P4_PGC_SCZ__ASD+P5_FINNGEN_SCZ__ASD+P6_PGC_SCZ__OCD+P7_FINNGEN_SCZ__OCD+P8_PGC_SCZ__AN+P9_FINNGEN_SCZ__AN+P10_PGC_SCZ__AUD+P11_FINNGEN_SCZ__AUD+P12_PGC_SCZ__CUD+P13_FINNGEN_SCZ__CUD
5	172678327	173642870	12	P2_PGC_SCZ__ADHD+P3_FINNGEN_SCZ__ADHD+P4_PGC_SCZ__ASD+P5_FINNGEN_SCZ__ASD+P6_PGC_SCZ__OCD+P7_FINNGEN_SCZ__OCD+P8_PGC_SCZ__AN+P9_FINNGEN_SCZ__AN+P10_PGC_SCZ__AUD+P11_FINNGEN_SCZ__AUD+P12_PGC_SCZ__CUD+P13_FINNGEN_SCZ__CUD
5	173642871	175450594	12	P2_PGC_SCZ__ADHD+P3_FINNGEN_SCZ__ADHD+P4_PGC_SCZ__ASD+P5_FINNGEN_SCZ__ASD+P6_PGC_SCZ__OCD+P7_FINNGEN_SCZ__OCD+P8_PGC_SCZ__AN+P9_FINNGEN_SCZ__AN+P10_PGC_SCZ__AUD+P11_FINNGEN_SCZ__AUD+P12_PGC_SCZ__CUD+P13_FINNGEN_SCZ__CUD
5	175450595	177251506	12	P2_PGC_SCZ__ADHD+P3_FINNGEN_SCZ__ADHD+P4_PGC_SCZ__ASD+P5_FINNGEN_SCZ__ASD+P6_PGC_SCZ__OCD+P7_FINNGEN_SCZ__OCD+P8_PGC_SCZ__AN+P9_FINNGEN_SCZ__AN+P10_PGC_SCZ__AUD+P11_FINNGEN_SCZ__AUD+P12_PGC_SCZ__CUD+P13_FINNGEN_SCZ__CUD
5	177251507	178413463	12	P2_PGC_SCZ__ADHD+P3_FINNGEN_SCZ__ADHD+P4_PGC_SCZ__ASD+P5_FINNGEN_SCZ__ASD+P6_PGC_SCZ__OCD+P7_FINNGEN_SCZ__OCD+P8_PGC_SCZ__AN+P9_FINNGEN_SCZ__AN+P10_PGC_SCZ__AUD+P11_FINNGEN_SCZ__AUD+P12_PGC_SCZ__CUD+P13_FINNGEN_SCZ__CUD
5	178413464	179401243	12	P2_PGC_SCZ__ADHD+P3_FINNGEN_SCZ__ADHD+P4_PGC_SCZ__ASD+P5_FINNGEN_SCZ__ASD+P6_PGC_SCZ__OCD+P7_FINNGEN_SCZ__OCD+P8_PGC_SCZ__AN+P9_FINNGEN_SCZ__AN+P10_PGC_SCZ__AUD+P11_FINNGEN_SCZ__AUD+P12_PGC_SCZ__CUD+P13_FINNGEN_SCZ__CUD
5	179401244	180559932	12	P2_PGC_SCZ__ADHD+P3_FINNGEN_SCZ__ADHD+P4_PGC_SCZ__ASD+P5_FINNGEN_SCZ__ASD+P6_PGC_SCZ__OCD+P7_FINNGEN_SCZ__OCD+P8_PGC_SCZ__AN+P9_FINNGEN_SCZ__AN+P10_PGC_SCZ__AUD+P11_FINNGEN_SCZ__AUD+P12_PGC_SCZ__CUD+P13_FINNGEN_SCZ__CUD
5	180559933	180885155	2	P2_PGC_SCZ__ADHD+P3_FINNGEN_SCZ__ADHD
6	73924	1452361	12	P2_PGC_SCZ__ADHD+P3_FINNGEN_SCZ__ADHD+P4_PGC_SCZ__ASD+P5_FINNGEN_SCZ__ASD+P6_PGC_SCZ__OCD+P7_FINNGEN_SCZ__OCD+P8_PGC_SCZ__AN+P9_FINNGEN_SCZ__AN+P10_PGC_SCZ__AUD+P11_FINNGEN_SCZ__AUD+P12_PGC_SCZ__CUD+P13_FINNGEN_SCZ__CUD
6	1452362	2458935	12	P2_PGC_SCZ__ADHD+P3_FINNGEN_SCZ__ADHD+P4_PGC_SCZ__ASD+P5_FINNGEN_SCZ__ASD+P6_PGC_SCZ__OCD+P7_FINNGEN_SCZ__OCD+P8_PGC_SCZ__AN+P9_FINNGEN_SCZ__AN+P10_PGC_SCZ__AUD+P11_FINNGEN_SCZ__AUD+P12_PGC_SCZ__CUD+P13_FINNGEN_SCZ__CUD
6	2458936	3573592	12	P2_PGC_SCZ__ADHD+P3_FINNGEN_SCZ__ADHD+P4_PGC_SCZ__ASD+P5_FINNGEN_SCZ__ASD+P6_PGC_SCZ__OCD+P7_FINNGEN_SCZ__OCD+P8_PGC_SCZ__AN+P9_FINNGEN_SCZ__AN+P10_PGC_SCZ__AUD+P11_FINNGEN_SCZ__AUD+P12_PGC_SCZ__CUD+P13_FINNGEN_SCZ__CUD
6	3573593	4617816	12	P2_PGC_SCZ__ADHD+P3_FINNGEN_SCZ__ADHD+P4_PGC_SCZ__ASD+P5_FINNGEN_SCZ__ASD+P6_PGC_SCZ__OCD+P7_FINNGEN_SCZ__OCD+P8_PGC_SCZ__AN+P9_FINNGEN_SCZ__AN+P10_PGC_SCZ__AUD+P11_FINNGEN_SCZ__AUD+P12_PGC_SCZ__CUD+P13_FINNGEN_SCZ__CUD
6	4617817	5791471	12	P2_PGC_SCZ__ADHD+P3_FINNGEN_SCZ__ADHD+P4_PGC_SCZ__ASD+P5_FINNGEN_SCZ__ASD+P6_PGC_SCZ__OCD+P7_FINNGEN_SCZ__OCD+P8_PGC_SCZ__AN+P9_FINNGEN_SCZ__AN+P10_PGC_SCZ__AUD+P11_FINNGEN_SCZ__AUD+P12_PGC_SCZ__CUD+P13_FINNGEN_SCZ__CUD
6	5791472	6785206	12	P2_PGC_SCZ__ADHD+P3_FINNGEN_SCZ__ADHD+P4_PGC_SCZ__ASD+P5_FINNGEN_SCZ__ASD+P6_PGC_SCZ__OCD+P7_FINNGEN_SCZ__OCD+P8_PGC_SCZ__AN+P9_FINNGEN_SCZ__AN+P10_PGC_SCZ__AUD+P11_FINNGEN_SCZ__AUD+P12_PGC_SCZ__CUD+P13_FINNGEN_SCZ__CUD
6	6785207	7808935	12	P2_PGC_SCZ__ADHD+P3_FINNGEN_SCZ__ADHD+P4_PGC_SCZ__ASD+P5_FINNGEN_SCZ__ASD+P6_PGC_SCZ__OCD+P7_FINNGEN_SCZ__OCD+P8_PGC_SCZ__AN+P9_FINNGEN_SCZ__AN+P10_PGC_SCZ__AUD+P11_FINNGEN_SCZ__AUD+P12_PGC_SCZ__CUD+P13_FINNGEN_SCZ__CUD
6	7808936	9020025	12	P2_PGC_SCZ__ADHD+P3_FINNGEN_SCZ__ADHD+P4_PGC_SCZ__ASD+P5_FINNGEN_SCZ__ASD+P6_PGC_SCZ__OCD+P7_FINNGEN_SCZ__OCD+P8_PGC_SCZ__AN+P9_FINNGEN_SCZ__AN+P10_PGC_SCZ__AUD+P11_FINNGEN_SCZ__AUD+P12_PGC_SCZ__CUD+P13_FINNGEN_SCZ__CUD
6	9020026	10540316	12	P2_PGC_SCZ__ADHD+P3_FINNGEN_SCZ__ADHD+P4_PGC_SCZ__ASD+P5_FINNGEN_SCZ__ASD+P6_PGC_SCZ__OCD+P7_FINNGEN_SCZ__OCD+P8_PGC_SCZ__AN+P9_FINNGEN_SCZ__AN+P10_PGC_SCZ__AUD+P11_FINNGEN_SCZ__AUD+P12_PGC_SCZ__CUD+P13_FINNGEN_SCZ__CUD
6	10540317	11790815	12	P2_PGC_SCZ__ADHD+P3_FINNGEN_SCZ__ADHD+P4_PGC_SCZ__ASD+P5_FINNGEN_SCZ__ASD+P6_PGC_SCZ__OCD+P7_FINNGEN_SCZ__OCD+P8_PGC_SCZ__AN+P9_FINNGEN_SCZ__AN+P10_PGC_SCZ__AUD+P11_FINNGEN_SCZ__AUD+P12_PGC_SCZ__CUD+P13_FINNGEN_SCZ__CUD
6	11790816	13209387	12	P2_PGC_SCZ__ADHD+P3_FINNGEN_SCZ__ADHD+P4_PGC_SCZ__ASD+P5_FINNGEN_SCZ__ASD+P6_PGC_SCZ__OCD+P7_FINNGEN_SCZ__OCD+P8_PGC_SCZ__AN+P9_FINNGEN_SCZ__AN+P10_PGC_SCZ__AUD+P11_FINNGEN_SCZ__AUD+P12_PGC_SCZ__CUD+P13_FINNGEN_SCZ__CUD
6	13209388	14802923	12	P2_PGC_SCZ__ADHD+P3_FINNGEN_SCZ__ADHD+P4_PGC_SCZ__ASD+P5_FINNGEN_SCZ__ASD+P6_PGC_SCZ__OCD+P7_FINNGEN_SCZ__OCD+P8_PGC_SCZ__AN+P9_FINNGEN_SCZ__AN+P10_PGC_SCZ__AUD+P11_FINNGEN_SCZ__AUD+P12_PGC_SCZ__CUD+P13_FINNGEN_SCZ__CUD
6	14802924	17386404	12	P2_PGC_SCZ__ADHD+P3_FINNGEN_SCZ__ADHD+P4_PGC_SCZ__ASD+P5_FINNGEN_SCZ__ASD+P6_PGC_SCZ__OCD+P7_FINNGEN_SCZ__OCD+P8_PGC_SCZ__AN+P9_FINNGEN_SCZ__AN+P10_PGC_SCZ__AUD+P11_FINNGEN_SCZ__AUD+P12_PGC_SCZ__CUD+P13_FINNGEN_SCZ__CUD
6	17386405	19207486	12	P2_PGC_SCZ__ADHD+P3_FINNGEN_SCZ__ADHD+P4_PGC_SCZ__ASD+P5_FINNGEN_SCZ__ASD+P6_PGC_SCZ__OCD+P7_FINNGEN_SCZ__OCD+P8_PGC_SCZ__AN+P9_FINNGEN_SCZ__AN+P10_PGC_SCZ__AUD+P11_FINNGEN_SCZ__AUD+P12_PGC_SCZ__CUD+P13_FINNGEN_SCZ__CUD
6	19207487	21684064	12	P2_PGC_SCZ__ADHD+P3_FINNGEN_SCZ__ADHD+P4_PGC_SCZ__ASD+P5_FINNGEN_SCZ__ASD+P6_PGC_SCZ__OCD+P7_FINNGEN_SCZ__OCD+P8_PGC_SCZ__AN+P9_FINNGEN_SCZ__AN+P10_PGC_SCZ__AUD+P11_FINNGEN_SCZ__AUD+P12_PGC_SCZ__CUD+P13_FINNGEN_SCZ__CUD
6	21684065	22748306	12	P2_PGC_SCZ__ADHD+P3_FINNGEN_SCZ__ADHD+P4_PGC_SCZ__ASD+P5_FINNGEN_SCZ__ASD+P6_PGC_SCZ__OCD+P7_FINNGEN_SCZ__OCD+P8_PGC_SCZ__AN+P9_FINNGEN_SCZ__AN+P10_PGC_SCZ__AUD+P11_FINNGEN_SCZ__AUD+P12_PGC_SCZ__CUD+P13_FINNGEN_SCZ__CUD
6	22748307	23936618	12	P2_PGC_SCZ__ADHD+P3_FINNGEN_SCZ__ADHD+P4_PGC_SCZ__ASD+P5_FINNGEN_SCZ__ASD+P6_PGC_SCZ__OCD+P7_FINNGEN_SCZ__OCD+P8_PGC_SCZ__AN+P9_FINNGEN_SCZ__AN+P10_PGC_SCZ__AUD+P11_FINNGEN_SCZ__AUD+P12_PGC_SCZ__CUD+P13_FINNGEN_SCZ__CUD
6	23936619	24852274	12	P2_PGC_SCZ__ADHD+P3_FINNGEN_SCZ__ADHD+P4_PGC_SCZ__ASD+P5_FINNGEN_SCZ__ASD+P6_PGC_SCZ__OCD+P7_FINNGEN_SCZ__OCD+P8_PGC_SCZ__AN+P9_FINNGEN_SCZ__AN+P10_PGC_SCZ__AUD+P11_FINNGEN_SCZ__AUD+P12_PGC_SCZ__CUD+P13_FINNGEN_SCZ__CUD
6	24852275	25684586	2	P2_PGC_SCZ__ADHD+P3_FINNGEN_SCZ__ADHD
6	25684587	26791232	2	P2_PGC_SCZ__ADHD+P3_FINNGEN_SCZ__ADHD
6	26791233	28017818	2	P2_PGC_SCZ__ADHD+P3_FINNGEN_SCZ__ADHD
6	28017819	28917607	2	P2_PGC_SCZ__ADHD+P3_FINNGEN_SCZ__ADHD
6	28917608	29737970	2	P2_PGC_SCZ__ADHD+P3_FINNGEN_SCZ__ADHD
6	29737971	30798167	2	P2_PGC_SCZ__ADHD+P3_FINNGEN_SCZ__ADHD
6	30798168	31571217	2	P2_PGC_SCZ__ADHD+P3_FINNGEN_SCZ__ADHD
6	31571218	32682663	2	P2_PGC_SCZ__ADHD+P3_FINNGEN_SCZ__ADHD
6	32682664	33236496	2	P2_PGC_SCZ__ADHD+P3_FINNGEN_SCZ__ADHD
6	33236497	35455755	12	P2_PGC_SCZ__ADHD+P3_FINNGEN_SCZ__ADHD+P4_PGC_SCZ__ASD+P5_FINNGEN_SCZ__ASD+P6_PGC_SCZ__OCD+P7_FINNGEN_SCZ__OCD+P8_PGC_SCZ__AN+P9_FINNGEN_SCZ__AN+P10_PGC_SCZ__AUD+P11_FINNGEN_SCZ__AUD+P12_PGC_SCZ__CUD+P13_FINNGEN_SCZ__CUD
6	35455756	37572595	12	P2_PGC_SCZ__ADHD+P3_FINNGEN_SCZ__ADHD+P4_PGC_SCZ__ASD+P5_FINNGEN_SCZ__ASD+P6_PGC_SCZ__OCD+P7_FINNGEN_SCZ__OCD+P8_PGC_SCZ__AN+P9_FINNGEN_SCZ__AN+P10_PGC_SCZ__AUD+P11_FINNGEN_SCZ__AUD+P12_PGC_SCZ__CUD+P13_FINNGEN_SCZ__CUD
6	37572596	39295676	12	P2_PGC_SCZ__ADHD+P3_FINNGEN_SCZ__ADHD+P4_PGC_SCZ__ASD+P5_FINNGEN_SCZ__ASD+P6_PGC_SCZ__OCD+P7_FINNGEN_SCZ__OCD+P8_PGC_SCZ__AN+P9_FINNGEN_SCZ__AN+P10_PGC_SCZ__AUD+P11_FINNGEN_SCZ__AUD+P12_PGC_SCZ__CUD+P13_FINNGEN_SCZ__CUD
6	39295677	40345114	12	P2_PGC_SCZ__ADHD+P3_FINNGEN_SCZ__ADHD+P4_PGC_SCZ__ASD+P5_FINNGEN_SCZ__ASD+P6_PGC_SCZ__OCD+P7_FINNGEN_SCZ__OCD+P8_PGC_SCZ__AN+P9_FINNGEN_SCZ__AN+P10_PGC_SCZ__AUD+P11_FINNGEN_SCZ__AUD+P12_PGC_SCZ__CUD+P13_FINNGEN_SCZ__CUD
6	40345115	42038720	12	P2_PGC_SCZ__ADHD+P3_FINNGEN_SCZ__ADHD+P4_PGC_SCZ__ASD+P5_FINNGEN_SCZ__ASD+P6_PGC_SCZ__OCD+P7_FINNGEN_SCZ__OCD+P8_PGC_SCZ__AN+P9_FINNGEN_SCZ__AN+P10_PGC_SCZ__AUD+P11_FINNGEN_SCZ__AUD+P12_PGC_SCZ__CUD+P13_FINNGEN_SCZ__CUD
6	42038721	43756168	12	P2_PGC_SCZ__ADHD+P3_FINNGEN_SCZ__ADHD+P4_PGC_SCZ__ASD+P5_FINNGEN_SCZ__ASD+P6_PGC_SCZ__OCD+P7_FINNGEN_SCZ__OCD+P8_PGC_SCZ__AN+P9_FINNGEN_SCZ__AN+P10_PGC_SCZ__AUD+P11_FINNGEN_SCZ__AUD+P12_PGC_SCZ__CUD+P13_FINNGEN_SCZ__CUD
6	43756169	45406562	12	P2_PGC_SCZ__ADHD+P3_FINNGEN_SCZ__ADHD+P4_PGC_SCZ__ASD+P5_FINNGEN_SCZ__ASD+P6_PGC_SCZ__OCD+P7_FINNGEN_SCZ__OCD+P8_PGC_SCZ__AN+P9_FINNGEN_SCZ__AN+P10_PGC_SCZ__AUD+P11_FINNGEN_SCZ__AUD+P12_PGC_SCZ__CUD+P13_FINNGEN_SCZ__CUD
6	45406563	47311897	12	P2_PGC_SCZ__ADHD+P3_FINNGEN_SCZ__ADHD+P4_PGC_SCZ__ASD+P5_FINNGEN_SCZ__ASD+P6_PGC_SCZ__OCD+P7_FINNGEN_SCZ__OCD+P8_PGC_SCZ__AN+P9_FINNGEN_SCZ__AN+P10_PGC_SCZ__AUD+P11_FINNGEN_SCZ__AUD+P12_PGC_SCZ__CUD+P13_FINNGEN_SCZ__CUD
6	47311898	48391124	12	P2_PGC_SCZ__ADHD+P3_FINNGEN_SCZ__ADHD+P4_PGC_SCZ__ASD+P5_FINNGEN_SCZ__ASD+P6_PGC_SCZ__OCD+P7_FINNGEN_SCZ__OCD+P8_PGC_SCZ__AN+P9_FINNGEN_SCZ__AN+P10_PGC_SCZ__AUD+P11_FINNGEN_SCZ__AUD+P12_PGC_SCZ__CUD+P13_FINNGEN_SCZ__CUD
6	48391125	50386144	12	P2_PGC_SCZ__ADHD+P3_FINNGEN_SCZ__ADHD+P4_PGC_SCZ__ASD+P5_FINNGEN_SCZ__ASD+P6_PGC_SCZ__OCD+P7_FINNGEN_SCZ__OCD+P8_PGC_SCZ__AN+P9_FINNGEN_SCZ__AN+P10_PGC_SCZ__AUD+P11_FINNGEN_SCZ__AUD+P12_PGC_SCZ__CUD+P13_FINNGEN_SCZ__CUD
6	50386145	52210475	12	P2_PGC_SCZ__ADHD+P3_FINNGEN_SCZ__ADHD+P4_PGC_SCZ__ASD+P5_FINNGEN_SCZ__ASD+P6_PGC_SCZ__OCD+P7_FINNGEN_SCZ__OCD+P8_PGC_SCZ__AN+P9_FINNGEN_SCZ__AN+P10_PGC_SCZ__AUD+P11_FINNGEN_SCZ__AUD+P12_PGC_SCZ__CUD+P13_FINNGEN_SCZ__CUD
6	52210476	53279101	12	P2_PGC_SCZ__ADHD+P3_FINNGEN_SCZ__ADHD+P4_PGC_SCZ__ASD+P5_FINNGEN_SCZ__ASD+P6_PGC_SCZ__OCD+P7_FINNGEN_SCZ__OCD+P8_PGC_SCZ__AN+P9_FINNGEN_SCZ__AN+P10_PGC_SCZ__AUD+P11_FINNGEN_SCZ__AUD+P12_PGC_SCZ__CUD+P13_FINNGEN_SCZ__CUD
6	53279102	55468269	12	P2_PGC_SCZ__ADHD+P3_FINNGEN_SCZ__ADHD+P4_PGC_SCZ__ASD+P5_FINNGEN_SCZ__ASD+P6_PGC_SCZ__OCD+P7_FINNGEN_SCZ__OCD+P8_PGC_SCZ__AN+P9_FINNGEN_SCZ__AN+P10_PGC_SCZ__AUD+P11_FINNGEN_SCZ__AUD+P12_PGC_SCZ__CUD+P13_FINNGEN_SCZ__CUD
6	55468270	56105312	12	P2_PGC_SCZ__ADHD+P3_FINNGEN_SCZ__ADHD+P4_PGC_SCZ__ASD+P5_FINNGEN_SCZ__ASD+P6_PGC_SCZ__OCD+P7_FINNGEN_SCZ__OCD+P8_PGC_SCZ__AN+P9_FINNGEN_SCZ__AN+P10_PGC_SCZ__AUD+P11_FINNGEN_SCZ__AUD+P12_PGC_SCZ__CUD+P13_FINNGEN_SCZ__CUD
6	56105313	57599464	12	P2_PGC_SCZ__ADHD+P3_FINNGEN_SCZ__ADHD+P4_PGC_SCZ__ASD+P5_FINNGEN_SCZ__ASD+P6_PGC_SCZ__OCD+P7_FINNGEN_SCZ__OCD+P8_PGC_SCZ__AN+P9_FINNGEN_SCZ__AN+P10_PGC_SCZ__AUD+P11_FINNGEN_SCZ__AUD+P12_PGC_SCZ__CUD+P13_FINNGEN_SCZ__CUD
6	57599465	61880511	10	P2_PGC_SCZ__ADHD+P3_FINNGEN_SCZ__ADHD+P4_PGC_SCZ__ASD+P5_FINNGEN_SCZ__ASD+P6_PGC_SCZ__OCD+P7_FINNGEN_SCZ__OCD+P10_PGC_SCZ__AUD+P11_FINNGEN_SCZ__AUD+P12_PGC_SCZ__CUD+P13_FINNGEN_SCZ__CUD
6	61880512	63552887	12	P2_PGC_SCZ__ADHD+P3_FINNGEN_SCZ__ADHD+P4_PGC_SCZ__ASD+P5_FINNGEN_SCZ__ASD+P6_PGC_SCZ__OCD+P7_FINNGEN_SCZ__OCD+P8_PGC_SCZ__AN+P9_FINNGEN_SCZ__AN+P10_PGC_SCZ__AUD+P11_FINNGEN_SCZ__AUD+P12_PGC_SCZ__CUD+P13_FINNGEN_SCZ__CUD
6	63552888	65765741	12	P2_PGC_SCZ__ADHD+P3_FINNGEN_SCZ__ADHD+P4_PGC_SCZ__ASD+P5_FINNGEN_SCZ__ASD+P6_PGC_SCZ__OCD+P7_FINNGEN_SCZ__OCD+P8_PGC_SCZ__AN+P9_FINNGEN_SCZ__AN+P10_PGC_SCZ__AUD+P11_FINNGEN_SCZ__AUD+P12_PGC_SCZ__CUD+P13_FINNGEN_SCZ__CUD
6	65765742	67329214	12	P2_PGC_SCZ__ADHD+P3_FINNGEN_SCZ__ADHD+P4_PGC_SCZ__ASD+P5_FINNGEN_SCZ__ASD+P6_PGC_SCZ__OCD+P7_FINNGEN_SCZ__OCD+P8_PGC_SCZ__AN+P9_FINNGEN_SCZ__AN+P10_PGC_SCZ__AUD+P11_FINNGEN_SCZ__AUD+P12_PGC_SCZ__CUD+P13_FINNGEN_SCZ__CUD
6	67329215	68849482	12	P2_PGC_SCZ__ADHD+P3_FINNGEN_SCZ__ADHD+P4_PGC_SCZ__ASD+P5_FINNGEN_SCZ__ASD+P6_PGC_SCZ__OCD+P7_FINNGEN_SCZ__OCD+P8_PGC_SCZ__AN+P9_FINNGEN_SCZ__AN+P10_PGC_SCZ__AUD+P11_FINNGEN_SCZ__AUD+P12_PGC_SCZ__CUD+P13_FINNGEN_SCZ__CUD
6	68849483	69523447	12	P2_PGC_SCZ__ADHD+P3_FINNGEN_SCZ__ADHD+P4_PGC_SCZ__ASD+P5_FINNGEN_SCZ__ASD+P6_PGC_SCZ__OCD+P7_FINNGEN_SCZ__OCD+P8_PGC_SCZ__AN+P9_FINNGEN_SCZ__AN+P10_PGC_SCZ__AUD+P11_FINNGEN_SCZ__AUD+P12_PGC_SCZ__CUD+P13_FINNGEN_SCZ__CUD
6	69523448	71609509	12	P2_PGC_SCZ__ADHD+P3_FINNGEN_SCZ__ADHD+P4_PGC_SCZ__ASD+P5_FINNGEN_SCZ__ASD+P6_PGC_SCZ__OCD+P7_FINNGEN_SCZ__OCD+P8_PGC_SCZ__AN+P9_FINNGEN_SCZ__AN+P10_PGC_SCZ__AUD+P11_FINNGEN_SCZ__AUD+P12_PGC_SCZ__CUD+P13_FINNGEN_SCZ__CUD
6	71609510	73450096	12	P2_PGC_SCZ__ADHD+P3_FINNGEN_SCZ__ADHD+P4_PGC_SCZ__ASD+P5_FINNGEN_SCZ__ASD+P6_PGC_SCZ__OCD+P7_FINNGEN_SCZ__OCD+P8_PGC_SCZ__AN+P9_FINNGEN_SCZ__AN+P10_PGC_SCZ__AUD+P11_FINNGEN_SCZ__AUD+P12_PGC_SCZ__CUD+P13_FINNGEN_SCZ__CUD
6	73450097	75462002	12	P2_PGC_SCZ__ADHD+P3_FINNGEN_SCZ__ADHD+P4_PGC_SCZ__ASD+P5_FINNGEN_SCZ__ASD+P6_PGC_SCZ__OCD+P7_FINNGEN_SCZ__OCD+P8_PGC_SCZ__AN+P9_FINNGEN_SCZ__AN+P10_PGC_SCZ__AUD+P11_FINNGEN_SCZ__AUD+P12_PGC_SCZ__CUD+P13_FINNGEN_SCZ__CUD
6	75462003	77414880	12	P2_PGC_SCZ__ADHD+P3_FINNGEN_SCZ__ADHD+P4_PGC_SCZ__ASD+P5_FINNGEN_SCZ__ASD+P6_PGC_SCZ__OCD+P7_FINNGEN_SCZ__OCD+P8_PGC_SCZ__AN+P9_FINNGEN_SCZ__AN+P10_PGC_SCZ__AUD+P11_FINNGEN_SCZ__AUD+P12_PGC_SCZ__CUD+P13_FINNGEN_SCZ__CUD
6	77414881	78957727	12	P2_PGC_SCZ__ADHD+P3_FINNGEN_SCZ__ADHD+P4_PGC_SCZ__ASD+P5_FINNGEN_SCZ__ASD+P6_PGC_SCZ__OCD+P7_FINNGEN_SCZ__OCD+P8_PGC_SCZ__AN+P9_FINNGEN_SCZ__AN+P10_PGC_SCZ__AUD+P11_FINNGEN_SCZ__AUD+P12_PGC_SCZ__CUD+P13_FINNGEN_SCZ__CUD
6	78957728	80691169	12	P2_PGC_SCZ__ADHD+P3_FINNGEN_SCZ__ADHD+P4_PGC_SCZ__ASD+P5_FINNGEN_SCZ__ASD+P6_PGC_SCZ__OCD+P7_FINNGEN_SCZ__OCD+P8_PGC_SCZ__AN+P9_FINNGEN_SCZ__AN+P10_PGC_SCZ__AUD+P11_FINNGEN_SCZ__AUD+P12_PGC_SCZ__CUD+P13_FINNGEN_SCZ__CUD
6	80691170	81929221	12	P2_PGC_SCZ__ADHD+P3_FINNGEN_SCZ__ADHD+P4_PGC_SCZ__ASD+P5_FINNGEN_SCZ__ASD+P6_PGC_SCZ__OCD+P7_FINNGEN_SCZ__OCD+P8_PGC_SCZ__AN+P9_FINNGEN_SCZ__AN+P10_PGC_SCZ__AUD+P11_FINNGEN_SCZ__AUD+P12_PGC_SCZ__CUD+P13_FINNGEN_SCZ__CUD
6	81929222	83127148	12	P2_PGC_SCZ__ADHD+P3_FINNGEN_SCZ__ADHD+P4_PGC_SCZ__ASD+P5_FINNGEN_SCZ__ASD+P6_PGC_SCZ__OCD+P7_FINNGEN_SCZ__OCD+P8_PGC_SCZ__AN+P9_FINNGEN_SCZ__AN+P10_PGC_SCZ__AUD+P11_FINNGEN_SCZ__AUD+P12_PGC_SCZ__CUD+P13_FINNGEN_SCZ__CUD
6	83127149	85209988	12	P2_PGC_SCZ__ADHD+P3_FINNGEN_SCZ__ADHD+P4_PGC_SCZ__ASD+P5_FINNGEN_SCZ__ASD+P6_PGC_SCZ__OCD+P7_FINNGEN_SCZ__OCD+P8_PGC_SCZ__AN+P9_FINNGEN_SCZ__AN+P10_PGC_SCZ__AUD+P11_FINNGEN_SCZ__AUD+P12_PGC_SCZ__CUD+P13_FINNGEN_SCZ__CUD
6	85209989	87069499	12	P2_PGC_SCZ__ADHD+P3_FINNGEN_SCZ__ADHD+P4_PGC_SCZ__ASD+P5_FINNGEN_SCZ__ASD+P6_PGC_SCZ__OCD+P7_FINNGEN_SCZ__OCD+P8_PGC_SCZ__AN+P9_FINNGEN_SCZ__AN+P10_PGC_SCZ__AUD+P11_FINNGEN_SCZ__AUD+P12_PGC_SCZ__CUD+P13_FINNGEN_SCZ__CUD
6	87069500	88822139	12	P2_PGC_SCZ__ADHD+P3_FINNGEN_SCZ__ADHD+P4_PGC_SCZ__ASD+P5_FINNGEN_SCZ__ASD+P6_PGC_SCZ__OCD+P7_FINNGEN_SCZ__OCD+P8_PGC_SCZ__AN+P9_FINNGEN_SCZ__AN+P10_PGC_SCZ__AUD+P11_FINNGEN_SCZ__AUD+P12_PGC_SCZ__CUD+P13_FINNGEN_SCZ__CUD
6	88822140	89973051	12	P2_PGC_SCZ__ADHD+P3_FINNGEN_SCZ__ADHD+P4_PGC_SCZ__ASD+P5_FINNGEN_SCZ__ASD+P6_PGC_SCZ__OCD+P7_FINNGEN_SCZ__OCD+P8_PGC_SCZ__AN+P9_FINNGEN_SCZ__AN+P10_PGC_SCZ__AUD+P11_FINNGEN_SCZ__AUD+P12_PGC_SCZ__CUD+P13_FINNGEN_SCZ__CUD
6	89973052	91843195	12	P2_PGC_SCZ__ADHD+P3_FINNGEN_SCZ__ADHD+P4_PGC_SCZ__ASD+P5_FINNGEN_SCZ__ASD+P6_PGC_SCZ__OCD+P7_FINNGEN_SCZ__OCD+P8_PGC_SCZ__AN+P9_FINNGEN_SCZ__AN+P10_PGC_SCZ__AUD+P11_FINNGEN_SCZ__AUD+P12_PGC_SCZ__CUD+P13_FINNGEN_SCZ__CUD
6	91843196	93428643	12	P2_PGC_SCZ__ADHD+P3_FINNGEN_SCZ__ADHD+P4_PGC_SCZ__ASD+P5_FINNGEN_SCZ__ASD+P6_PGC_SCZ__OCD+P7_FINNGEN_SCZ__OCD+P8_PGC_SCZ__AN+P9_FINNGEN_SCZ__AN+P10_PGC_SCZ__AUD+P11_FINNGEN_SCZ__AUD+P12_PGC_SCZ__CUD+P13_FINNGEN_SCZ__CUD
6	93428644	94118141	12	P2_PGC_SCZ__ADHD+P3_FINNGEN_SCZ__ADHD+P4_PGC_SCZ__ASD+P5_FINNGEN_SCZ__ASD+P6_PGC_SCZ__OCD+P7_FINNGEN_SCZ__OCD+P8_PGC_SCZ__AN+P9_FINNGEN_SCZ__AN+P10_PGC_SCZ__AUD+P11_FINNGEN_SCZ__AUD+P12_PGC_SCZ__CUD+P13_FINNGEN_SCZ__CUD
6	94118142	94441174	2	P2_PGC_SCZ__ADHD+P3_FINNGEN_SCZ__ADHD
6	94441175	97093510	12	P2_PGC_SCZ__ADHD+P3_FINNGEN_SCZ__ADHD+P4_PGC_SCZ__ASD+P5_FINNGEN_SCZ__ASD+P6_PGC_SCZ__OCD+P7_FINNGEN_SCZ__OCD+P8_PGC_SCZ__AN+P9_FINNGEN_SCZ__AN+P10_PGC_SCZ__AUD+P11_FINNGEN_SCZ__AUD+P12_PGC_SCZ__CUD+P13_FINNGEN_SCZ__CUD
6	97093511	97842283	12	P2_PGC_SCZ__ADHD+P3_FINNGEN_SCZ__ADHD+P4_PGC_SCZ__ASD+P5_FINNGEN_SCZ__ASD+P6_PGC_SCZ__OCD+P7_FINNGEN_SCZ__OCD+P8_PGC_SCZ__AN+P9_FINNGEN_SCZ__AN+P10_PGC_SCZ__AUD+P11_FINNGEN_SCZ__AUD+P12_PGC_SCZ__CUD+P13_FINNGEN_SCZ__CUD
6	97842284	100630145	12	P2_PGC_SCZ__ADHD+P3_FINNGEN_SCZ__ADHD+P4_PGC_SCZ__ASD+P5_FINNGEN_SCZ__ASD+P6_PGC_SCZ__OCD+P7_FINNGEN_SCZ__OCD+P8_PGC_SCZ__AN+P9_FINNGEN_SCZ__AN+P10_PGC_SCZ__AUD+P11_FINNGEN_SCZ__AUD+P12_PGC_SCZ__CUD+P13_FINNGEN_SCZ__CUD
6	100630146	102636771	12	P2_PGC_SCZ__ADHD+P3_FINNGEN_SCZ__ADHD+P4_PGC_SCZ__ASD+P5_FINNGEN_SCZ__ASD+P6_PGC_SCZ__OCD+P7_FINNGEN_SCZ__OCD+P8_PGC_SCZ__AN+P9_FINNGEN_SCZ__AN+P10_PGC_SCZ__AUD+P11_FINNGEN_SCZ__AUD+P12_PGC_SCZ__CUD+P13_FINNGEN_SCZ__CUD
6	102636772	103983394	12	P2_PGC_SCZ__ADHD+P3_FINNGEN_SCZ__ADHD+P4_PGC_SCZ__ASD+P5_FINNGEN_SCZ__ASD+P6_PGC_SCZ__OCD+P7_FINNGEN_SCZ__OCD+P8_PGC_SCZ__AN+P9_FINNGEN_SCZ__AN+P10_PGC_SCZ__AUD+P11_FINNGEN_SCZ__AUD+P12_PGC_SCZ__CUD+P13_FINNGEN_SCZ__CUD
6	103983395	106056732	12	P2_PGC_SCZ__ADHD+P3_FINNGEN_SCZ__ADHD+P4_PGC_SCZ__ASD+P5_FINNGEN_SCZ__ASD+P6_PGC_SCZ__OCD+P7_FINNGEN_SCZ__OCD+P8_PGC_SCZ__AN+P9_FINNGEN_SCZ__AN+P10_PGC_SCZ__AUD+P11_FINNGEN_SCZ__AUD+P12_PGC_SCZ__CUD+P13_FINNGEN_SCZ__CUD
6	106056733	107450305	12	P2_PGC_SCZ__ADHD+P3_FINNGEN_SCZ__ADHD+P4_PGC_SCZ__ASD+P5_FINNGEN_SCZ__ASD+P6_PGC_SCZ__OCD+P7_FINNGEN_SCZ__OCD+P8_PGC_SCZ__AN+P9_FINNGEN_SCZ__AN+P10_PGC_SCZ__AUD+P11_FINNGEN_SCZ__AUD+P12_PGC_SCZ__CUD+P13_FINNGEN_SCZ__CUD
6	107450306	108464379	12	P2_PGC_SCZ__ADHD+P3_FINNGEN_SCZ__ADHD+P4_PGC_SCZ__ASD+P5_FINNGEN_SCZ__ASD+P6_PGC_SCZ__OCD+P7_FINNGEN_SCZ__OCD+P8_PGC_SCZ__AN+P9_FINNGEN_SCZ__AN+P10_PGC_SCZ__AUD+P11_FINNGEN_SCZ__AUD+P12_PGC_SCZ__CUD+P13_FINNGEN_SCZ__CUD
6	108464380	110304246	12	P2_PGC_SCZ__ADHD+P3_FINNGEN_SCZ__ADHD+P4_PGC_SCZ__ASD+P5_FINNGEN_SCZ__ASD+P6_PGC_SCZ__OCD+P7_FINNGEN_SCZ__OCD+P8_PGC_SCZ__AN+P9_FINNGEN_SCZ__AN+P10_PGC_SCZ__AUD+P11_FINNGEN_SCZ__AUD+P12_PGC_SCZ__CUD+P13_FINNGEN_SCZ__CUD
6	110304247	112345013	12	P2_PGC_SCZ__ADHD+P3_FINNGEN_SCZ__ADHD+P4_PGC_SCZ__ASD+P5_FINNGEN_SCZ__ASD+P6_PGC_SCZ__OCD+P7_FINNGEN_SCZ__OCD+P8_PGC_SCZ__AN+P9_FINNGEN_SCZ__AN+P10_PGC_SCZ__AUD+P11_FINNGEN_SCZ__AUD+P12_PGC_SCZ__CUD+P13_FINNGEN_SCZ__CUD
6	112345014	114220832	12	P2_PGC_SCZ__ADHD+P3_FINNGEN_SCZ__ADHD+P4_PGC_SCZ__ASD+P5_FINNGEN_SCZ__ASD+P6_PGC_SCZ__OCD+P7_FINNGEN_SCZ__OCD+P8_PGC_SCZ__AN+P9_FINNGEN_SCZ__AN+P10_PGC_SCZ__AUD+P11_FINNGEN_SCZ__AUD+P12_PGC_SCZ__CUD+P13_FINNGEN_SCZ__CUD
6	114220833	116131395	12	P2_PGC_SCZ__ADHD+P3_FINNGEN_SCZ__ADHD+P4_PGC_SCZ__ASD+P5_FINNGEN_SCZ__ASD+P6_PGC_SCZ__OCD+P7_FINNGEN_SCZ__OCD+P8_PGC_SCZ__AN+P9_FINNGEN_SCZ__AN+P10_PGC_SCZ__AUD+P11_FINNGEN_SCZ__AUD+P12_PGC_SCZ__CUD+P13_FINNGEN_SCZ__CUD
6	116131396	117672971	12	P2_PGC_SCZ__ADHD+P3_FINNGEN_SCZ__ADHD+P4_PGC_SCZ__ASD+P5_FINNGEN_SCZ__ASD+P6_PGC_SCZ__OCD+P7_FINNGEN_SCZ__OCD+P8_PGC_SCZ__AN+P9_FINNGEN_SCZ__AN+P10_PGC_SCZ__AUD+P11_FINNGEN_SCZ__AUD+P12_PGC_SCZ__CUD+P13_FINNGEN_SCZ__CUD
6	117672972	118963114	12	P2_PGC_SCZ__ADHD+P3_FINNGEN_SCZ__ADHD+P4_PGC_SCZ__ASD+P5_FINNGEN_SCZ__ASD+P6_PGC_SCZ__OCD+P7_FINNGEN_SCZ__OCD+P8_PGC_SCZ__AN+P9_FINNGEN_SCZ__AN+P10_PGC_SCZ__AUD+P11_FINNGEN_SCZ__AUD+P12_PGC_SCZ__CUD+P13_FINNGEN_SCZ__CUD
6	118963115	119963277	12	P2_PGC_SCZ__ADHD+P3_FINNGEN_SCZ__ADHD+P4_PGC_SCZ__ASD+P5_FINNGEN_SCZ__ASD+P6_PGC_SCZ__OCD+P7_FINNGEN_SCZ__OCD+P8_PGC_SCZ__AN+P9_FINNGEN_SCZ__AN+P10_PGC_SCZ__AUD+P11_FINNGEN_SCZ__AUD+P12_PGC_SCZ__CUD+P13_FINNGEN_SCZ__CUD
6	119963278	120512127	12	P2_PGC_SCZ__ADHD+P3_FINNGEN_SCZ__ADHD+P4_PGC_SCZ__ASD+P5_FINNGEN_SCZ__ASD+P6_PGC_SCZ__OCD+P7_FINNGEN_SCZ__OCD+P8_PGC_SCZ__AN+P9_FINNGEN_SCZ__AN+P10_PGC_SCZ__AUD+P11_FINNGEN_SCZ__AUD+P12_PGC_SCZ__CUD+P13_FINNGEN_SCZ__CUD
6	120512128	121905675	12	P2_PGC_SCZ__ADHD+P3_FINNGEN_SCZ__ADHD+P4_PGC_SCZ__ASD+P5_FINNGEN_SCZ__ASD+P6_PGC_SCZ__OCD+P7_FINNGEN_SCZ__OCD+P8_PGC_SCZ__AN+P9_FINNGEN_SCZ__AN+P10_PGC_SCZ__AUD+P11_FINNGEN_SCZ__AUD+P12_PGC_SCZ__CUD+P13_FINNGEN_SCZ__CUD
6	121905676	123856180	12	P2_PGC_SCZ__ADHD+P3_FINNGEN_SCZ__ADHD+P4_PGC_SCZ__ASD+P5_FINNGEN_SCZ__ASD+P6_PGC_SCZ__OCD+P7_FINNGEN_SCZ__OCD+P8_PGC_SCZ__AN+P9_FINNGEN_SCZ__AN+P10_PGC_SCZ__AUD+P11_FINNGEN_SCZ__AUD+P12_PGC_SCZ__CUD+P13_FINNGEN_SCZ__CUD
6	123856181	125424382	12	P2_PGC_SCZ__ADHD+P3_FINNGEN_SCZ__ADHD+P4_PGC_SCZ__ASD+P5_FINNGEN_SCZ__ASD+P6_PGC_SCZ__OCD+P7_FINNGEN_SCZ__OCD+P8_PGC_SCZ__AN+P9_FINNGEN_SCZ__AN+P10_PGC_SCZ__AUD+P11_FINNGEN_SCZ__AUD+P12_PGC_SCZ__CUD+P13_FINNGEN_SCZ__CUD
6	125424383	127540460	12	P2_PGC_SCZ__ADHD+P3_FINNGEN_SCZ__ADHD+P4_PGC_SCZ__ASD+P5_FINNGEN_SCZ__ASD+P6_PGC_SCZ__OCD+P7_FINNGEN_SCZ__OCD+P8_PGC_SCZ__AN+P9_FINNGEN_SCZ__AN+P10_PGC_SCZ__AUD+P11_FINNGEN_SCZ__AUD+P12_PGC_SCZ__CUD+P13_FINNGEN_SCZ__CUD
6	127540461	129861030	12	P2_PGC_SCZ__ADHD+P3_FINNGEN_SCZ__ADHD+P4_PGC_SCZ__ASD+P5_FINNGEN_SCZ__ASD+P6_PGC_SCZ__OCD+P7_FINNGEN_SCZ__OCD+P8_PGC_SCZ__AN+P9_FINNGEN_SCZ__AN+P10_PGC_SCZ__AUD+P11_FINNGEN_SCZ__AUD+P12_PGC_SCZ__CUD+P13_FINNGEN_SCZ__CUD
6	129861031	130935453	12	P2_PGC_SCZ__ADHD+P3_FINNGEN_SCZ__ADHD+P4_PGC_SCZ__ASD+P5_FINNGEN_SCZ__ASD+P6_PGC_SCZ__OCD+P7_FINNGEN_SCZ__OCD+P8_PGC_SCZ__AN+P9_FINNGEN_SCZ__AN+P10_PGC_SCZ__AUD+P11_FINNGEN_SCZ__AUD+P12_PGC_SCZ__CUD+P13_FINNGEN_SCZ__CUD
6	130935454	132765668	12	P2_PGC_SCZ__ADHD+P3_FINNGEN_SCZ__ADHD+P4_PGC_SCZ__ASD+P5_FINNGEN_SCZ__ASD+P6_PGC_SCZ__OCD+P7_FINNGEN_SCZ__OCD+P8_PGC_SCZ__AN+P9_FINNGEN_SCZ__AN+P10_PGC_SCZ__AUD+P11_FINNGEN_SCZ__AUD+P12_PGC_SCZ__CUD+P13_FINNGEN_SCZ__CUD
6	132765669	134244242	12	P2_PGC_SCZ__ADHD+P3_FINNGEN_SCZ__ADHD+P4_PGC_SCZ__ASD+P5_FINNGEN_SCZ__ASD+P6_PGC_SCZ__OCD+P7_FINNGEN_SCZ__OCD+P8_PGC_SCZ__AN+P9_FINNGEN_SCZ__AN+P10_PGC_SCZ__AUD+P11_FINNGEN_SCZ__AUD+P12_PGC_SCZ__CUD+P13_FINNGEN_SCZ__CUD
6	134244243	136224176	12	P2_PGC_SCZ__ADHD+P3_FINNGEN_SCZ__ADHD+P4_PGC_SCZ__ASD+P5_FINNGEN_SCZ__ASD+P6_PGC_SCZ__OCD+P7_FINNGEN_SCZ__OCD+P8_PGC_SCZ__AN+P9_FINNGEN_SCZ__AN+P10_PGC_SCZ__AUD+P11_FINNGEN_SCZ__AUD+P12_PGC_SCZ__CUD+P13_FINNGEN_SCZ__CUD
6	136224177	137614217	12	P2_PGC_SCZ__ADHD+P3_FINNGEN_SCZ__ADHD+P4_PGC_SCZ__ASD+P5_FINNGEN_SCZ__ASD+P6_PGC_SCZ__OCD+P7_FINNGEN_SCZ__OCD+P8_PGC_SCZ__AN+P9_FINNGEN_SCZ__AN+P10_PGC_SCZ__AUD+P11_FINNGEN_SCZ__AUD+P12_PGC_SCZ__CUD+P13_FINNGEN_SCZ__CUD
6	137614218	138822628	12	P2_PGC_SCZ__ADHD+P3_FINNGEN_SCZ__ADHD+P4_PGC_SCZ__ASD+P5_FINNGEN_SCZ__ASD+P6_PGC_SCZ__OCD+P7_FINNGEN_SCZ__OCD+P8_PGC_SCZ__AN+P9_FINNGEN_SCZ__AN+P10_PGC_SCZ__AUD+P11_FINNGEN_SCZ__AUD+P12_PGC_SCZ__CUD+P13_FINNGEN_SCZ__CUD
6	138822629	139845435	12	P2_PGC_SCZ__ADHD+P3_FINNGEN_SCZ__ADHD+P4_PGC_SCZ__ASD+P5_FINNGEN_SCZ__ASD+P6_PGC_SCZ__OCD+P7_FINNGEN_SCZ__OCD+P8_PGC_SCZ__AN+P9_FINNGEN_SCZ__AN+P10_PGC_SCZ__AUD+P11_FINNGEN_SCZ__AUD+P12_PGC_SCZ__CUD+P13_FINNGEN_SCZ__CUD
6	139845436	142288478	12	P2_PGC_SCZ__ADHD+P3_FINNGEN_SCZ__ADHD+P4_PGC_SCZ__ASD+P5_FINNGEN_SCZ__ASD+P6_PGC_SCZ__OCD+P7_FINNGEN_SCZ__OCD+P8_PGC_SCZ__AN+P9_FINNGEN_SCZ__AN+P10_PGC_SCZ__AUD+P11_FINNGEN_SCZ__AUD+P12_PGC_SCZ__CUD+P13_FINNGEN_SCZ__CUD
6	142288479	145319809	12	P2_PGC_SCZ__ADHD+P3_FINNGEN_SCZ__ADHD+P4_PGC_SCZ__ASD+P5_FINNGEN_SCZ__ASD+P6_PGC_SCZ__OCD+P7_FINNGEN_SCZ__OCD+P8_PGC_SCZ__AN+P9_FINNGEN_SCZ__AN+P10_PGC_SCZ__AUD+P11_FINNGEN_SCZ__AUD+P12_PGC_SCZ__CUD+P13_FINNGEN_SCZ__CUD
6	145319810	146665423	12	P2_PGC_SCZ__ADHD+P3_FINNGEN_SCZ__ADHD+P4_PGC_SCZ__ASD+P5_FINNGEN_SCZ__ASD+P6_PGC_SCZ__OCD+P7_FINNGEN_SCZ__OCD+P8_PGC_SCZ__AN+P9_FINNGEN_SCZ__AN+P10_PGC_SCZ__AUD+P11_FINNGEN_SCZ__AUD+P12_PGC_SCZ__CUD+P13_FINNGEN_SCZ__CUD
6	146665424	148920351	12	P2_PGC_SCZ__ADHD+P3_FINNGEN_SCZ__ADHD+P4_PGC_SCZ__ASD+P5_FINNGEN_SCZ__ASD+P6_PGC_SCZ__OCD+P7_FINNGEN_SCZ__OCD+P8_PGC_SCZ__AN+P9_FINNGEN_SCZ__AN+P10_PGC_SCZ__AUD+P11_FINNGEN_SCZ__AUD+P12_PGC_SCZ__CUD+P13_FINNGEN_SCZ__CUD
6	148920352	150253403	12	P2_PGC_SCZ__ADHD+P3_FINNGEN_SCZ__ADHD+P4_PGC_SCZ__ASD+P5_FINNGEN_SCZ__ASD+P6_PGC_SCZ__OCD+P7_FINNGEN_SCZ__OCD+P8_PGC_SCZ__AN+P9_FINNGEN_SCZ__AN+P10_PGC_SCZ__AUD+P11_FINNGEN_SCZ__AUD+P12_PGC_SCZ__CUD+P13_FINNGEN_SCZ__CUD
6	150253404	151912702	12	P2_PGC_SCZ__ADHD+P3_FINNGEN_SCZ__ADHD+P4_PGC_SCZ__ASD+P5_FINNGEN_SCZ__ASD+P6_PGC_SCZ__OCD+P7_FINNGEN_SCZ__OCD+P8_PGC_SCZ__AN+P9_FINNGEN_SCZ__AN+P10_PGC_SCZ__AUD+P11_FINNGEN_SCZ__AUD+P12_PGC_SCZ__CUD+P13_FINNGEN_SCZ__CUD
6	151912703	153094495	12	P2_PGC_SCZ__ADHD+P3_FINNGEN_SCZ__ADHD+P4_PGC_SCZ__ASD+P5_FINNGEN_SCZ__ASD+P6_PGC_SCZ__OCD+P7_FINNGEN_SCZ__OCD+P8_PGC_SCZ__AN+P9_FINNGEN_SCZ__AN+P10_PGC_SCZ__AUD+P11_FINNGEN_SCZ__AUD+P12_PGC_SCZ__CUD+P13_FINNGEN_SCZ__CUD
6	153094496	154974119	12	P2_PGC_SCZ__ADHD+P3_FINNGEN_SCZ__ADHD+P4_PGC_SCZ__ASD+P5_FINNGEN_SCZ__ASD+P6_PGC_SCZ__OCD+P7_FINNGEN_SCZ__OCD+P8_PGC_SCZ__AN+P9_FINNGEN_SCZ__AN+P10_PGC_SCZ__AUD+P11_FINNGEN_SCZ__AUD+P12_PGC_SCZ__CUD+P13_FINNGEN_SCZ__CUD
6	154974120	156763325	12	P2_PGC_SCZ__ADHD+P3_FINNGEN_SCZ__ADHD+P4_PGC_SCZ__ASD+P5_FINNGEN_SCZ__ASD+P6_PGC_SCZ__OCD+P7_FINNGEN_SCZ__OCD+P8_PGC_SCZ__AN+P9_FINNGEN_SCZ__AN+P10_PGC_SCZ__AUD+P11_FINNGEN_SCZ__AUD+P12_PGC_SCZ__CUD+P13_FINNGEN_SCZ__CUD
6	156763326	158218718	12	P2_PGC_SCZ__ADHD+P3_FINNGEN_SCZ__ADHD+P4_PGC_SCZ__ASD+P5_FINNGEN_SCZ__ASD+P6_PGC_SCZ__OCD+P7_FINNGEN_SCZ__OCD+P8_PGC_SCZ__AN+P9_FINNGEN_SCZ__AN+P10_PGC_SCZ__AUD+P11_FINNGEN_SCZ__AUD+P12_PGC_SCZ__CUD+P13_FINNGEN_SCZ__CUD
6	158218719	160580496	12	P2_PGC_SCZ__ADHD+P3_FINNGEN_SCZ__ADHD+P4_PGC_SCZ__ASD+P5_FINNGEN_SCZ__ASD+P6_PGC_SCZ__OCD+P7_FINNGEN_SCZ__OCD+P8_PGC_SCZ__AN+P9_FINNGEN_SCZ__AN+P10_PGC_SCZ__AUD+P11_FINNGEN_SCZ__AUD+P12_PGC_SCZ__CUD+P13_FINNGEN_SCZ__CUD
6	160580497	162169563	12	P2_PGC_SCZ__ADHD+P3_FINNGEN_SCZ__ADHD+P4_PGC_SCZ__ASD+P5_FINNGEN_SCZ__ASD+P6_PGC_SCZ__OCD+P7_FINNGEN_SCZ__OCD+P8_PGC_SCZ__AN+P9_FINNGEN_SCZ__AN+P10_PGC_SCZ__AUD+P11_FINNGEN_SCZ__AUD+P12_PGC_SCZ__CUD+P13_FINNGEN_SCZ__CUD
6	162169564	162931202	12	P2_PGC_SCZ__ADHD+P3_FINNGEN_SCZ__ADHD+P4_PGC_SCZ__ASD+P5_FINNGEN_SCZ__ASD+P6_PGC_SCZ__OCD+P7_FINNGEN_SCZ__OCD+P8_PGC_SCZ__AN+P9_FINNGEN_SCZ__AN+P10_PGC_SCZ__AUD+P11_FINNGEN_SCZ__AUD+P12_PGC_SCZ__CUD+P13_FINNGEN_SCZ__CUD
6	162931203	164383520	12	P2_PGC_SCZ__ADHD+P3_FINNGEN_SCZ__ADHD+P4_PGC_SCZ__ASD+P5_FINNGEN_SCZ__ASD+P6_PGC_SCZ__OCD+P7_FINNGEN_SCZ__OCD+P8_PGC_SCZ__AN+P9_FINNGEN_SCZ__AN+P10_PGC_SCZ__AUD+P11_FINNGEN_SCZ__AUD+P12_PGC_SCZ__CUD+P13_FINNGEN_SCZ__CUD
6	164383521	165586863	12	P2_PGC_SCZ__ADHD+P3_FINNGEN_SCZ__ADHD+P4_PGC_SCZ__ASD+P5_FINNGEN_SCZ__ASD+P6_PGC_SCZ__OCD+P7_FINNGEN_SCZ__OCD+P8_PGC_SCZ__AN+P9_FINNGEN_SCZ__AN+P10_PGC_SCZ__AUD+P11_FINNGEN_SCZ__AUD+P12_PGC_SCZ__CUD+P13_FINNGEN_SCZ__CUD
6	165586864	167024732	12	P2_PGC_SCZ__ADHD+P3_FINNGEN_SCZ__ADHD+P4_PGC_SCZ__ASD+P5_FINNGEN_SCZ__ASD+P6_PGC_SCZ__OCD+P7_FINNGEN_SCZ__OCD+P8_PGC_SCZ__AN+P9_FINNGEN_SCZ__AN+P10_PGC_SCZ__AUD+P11_FINNGEN_SCZ__AUD+P12_PGC_SCZ__CUD+P13_FINNGEN_SCZ__CUD
6	167024733	168042834	12	P2_PGC_SCZ__ADHD+P3_FINNGEN_SCZ__ADHD+P4_PGC_SCZ__ASD+P5_FINNGEN_SCZ__ASD+P6_PGC_SCZ__OCD+P7_FINNGEN_SCZ__OCD+P8_PGC_SCZ__AN+P9_FINNGEN_SCZ__AN+P10_PGC_SCZ__AUD+P11_FINNGEN_SCZ__AUD+P12_PGC_SCZ__CUD+P13_FINNGEN_SCZ__CUD
6	168042835	169382049	12	P2_PGC_SCZ__ADHD+P3_FINNGEN_SCZ__ADHD+P4_PGC_SCZ__ASD+P5_FINNGEN_SCZ__ASD+P6_PGC_SCZ__OCD+P7_FINNGEN_SCZ__OCD+P8_PGC_SCZ__AN+P9_FINNGEN_SCZ__AN+P10_PGC_SCZ__AUD+P11_FINNGEN_SCZ__AUD+P12_PGC_SCZ__CUD+P13_FINNGEN_SCZ__CUD
6	169382050	170330172	12	P2_PGC_SCZ__ADHD+P3_FINNGEN_SCZ__ADHD+P4_PGC_SCZ__ASD+P5_FINNGEN_SCZ__ASD+P6_PGC_SCZ__OCD+P7_FINNGEN_SCZ__OCD+P8_PGC_SCZ__AN+P9_FINNGEN_SCZ__AN+P10_PGC_SCZ__AUD+P11_FINNGEN_SCZ__AUD+P12_PGC_SCZ__CUD+P13_FINNGEN_SCZ__CUD
6	170330173	171051269	12	P2_PGC_SCZ__ADHD+P3_FINNGEN_SCZ__ADHD+P4_PGC_SCZ__ASD+P5_FINNGEN_SCZ__ASD+P6_PGC_SCZ__OCD+P7_FINNGEN_SCZ__OCD+P8_PGC_SCZ__AN+P9_FINNGEN_SCZ__AN+P10_PGC_SCZ__AUD+P11_FINNGEN_SCZ__AUD+P12_PGC_SCZ__CUD+P13_FINNGEN_SCZ__CUD
7	16161	972751	10	P2_PGC_SCZ__ADHD+P3_FINNGEN_SCZ__ADHD+P4_PGC_SCZ__ASD+P5_FINNGEN_SCZ__ASD+P6_PGC_SCZ__OCD+P7_FINNGEN_SCZ__OCD+P10_PGC_SCZ__AUD+P11_FINNGEN_SCZ__AUD+P12_PGC_SCZ__CUD+P13_FINNGEN_SCZ__CUD
7	972752	1353066	10	P2_PGC_SCZ__ADHD+P3_FINNGEN_SCZ__ADHD+P4_PGC_SCZ__ASD+P5_FINNGEN_SCZ__ASD+P6_PGC_SCZ__OCD+P7_FINNGEN_SCZ__OCD+P10_PGC_SCZ__AUD+P11_FINNGEN_SCZ__AUD+P12_PGC_SCZ__CUD+P13_FINNGEN_SCZ__CUD
7	1353067	2062397	12	P2_PGC_SCZ__ADHD+P3_FINNGEN_SCZ__ADHD+P4_PGC_SCZ__ASD+P5_FINNGEN_SCZ__ASD+P6_PGC_SCZ__OCD+P7_FINNGEN_SCZ__OCD+P8_PGC_SCZ__AN+P9_FINNGEN_SCZ__AN+P10_PGC_SCZ__AUD+P11_FINNGEN_SCZ__AUD+P12_PGC_SCZ__CUD+P13_FINNGEN_SCZ__CUD
7	2062398	2772226	12	P2_PGC_SCZ__ADHD+P3_FINNGEN_SCZ__ADHD+P4_PGC_SCZ__ASD+P5_FINNGEN_SCZ__ASD+P6_PGC_SCZ__OCD+P7_FINNGEN_SCZ__OCD+P8_PGC_SCZ__AN+P9_FINNGEN_SCZ__AN+P10_PGC_SCZ__AUD+P11_FINNGEN_SCZ__AUD+P12_PGC_SCZ__CUD+P13_FINNGEN_SCZ__CUD
7	2772227	4573427	12	P2_PGC_SCZ__ADHD+P3_FINNGEN_SCZ__ADHD+P4_PGC_SCZ__ASD+P5_FINNGEN_SCZ__ASD+P6_PGC_SCZ__OCD+P7_FINNGEN_SCZ__OCD+P8_PGC_SCZ__AN+P9_FINNGEN_SCZ__AN+P10_PGC_SCZ__AUD+P11_FINNGEN_SCZ__AUD+P12_PGC_SCZ__CUD+P13_FINNGEN_SCZ__CUD
7	4573428	5416231	12	P2_PGC_SCZ__ADHD+P3_FINNGEN_SCZ__ADHD+P4_PGC_SCZ__ASD+P5_FINNGEN_SCZ__ASD+P6_PGC_SCZ__OCD+P7_FINNGEN_SCZ__OCD+P8_PGC_SCZ__AN+P9_FINNGEN_SCZ__AN+P10_PGC_SCZ__AUD+P11_FINNGEN_SCZ__AUD+P12_PGC_SCZ__CUD+P13_FINNGEN_SCZ__CUD
7	5416232	5854525	4	P2_PGC_SCZ__ADHD+P3_FINNGEN_SCZ__ADHD+P12_PGC_SCZ__CUD+P13_FINNGEN_SCZ__CUD
7	5854526	6573856	12	P2_PGC_SCZ__ADHD+P3_FINNGEN_SCZ__ADHD+P4_PGC_SCZ__ASD+P5_FINNGEN_SCZ__ASD+P6_PGC_SCZ__OCD+P7_FINNGEN_SCZ__OCD+P8_PGC_SCZ__AN+P9_FINNGEN_SCZ__AN+P10_PGC_SCZ__AUD+P11_FINNGEN_SCZ__AUD+P12_PGC_SCZ__CUD+P13_FINNGEN_SCZ__CUD
7	6573857	7808751	12	P2_PGC_SCZ__ADHD+P3_FINNGEN_SCZ__ADHD+P4_PGC_SCZ__ASD+P5_FINNGEN_SCZ__ASD+P6_PGC_SCZ__OCD+P7_FINNGEN_SCZ__OCD+P8_PGC_SCZ__AN+P9_FINNGEN_SCZ__AN+P10_PGC_SCZ__AUD+P11_FINNGEN_SCZ__AUD+P12_PGC_SCZ__CUD+P13_FINNGEN_SCZ__CUD
7	7808752	9123422	12	P2_PGC_SCZ__ADHD+P3_FINNGEN_SCZ__ADHD+P4_PGC_SCZ__ASD+P5_FINNGEN_SCZ__ASD+P6_PGC_SCZ__OCD+P7_FINNGEN_SCZ__OCD+P8_PGC_SCZ__AN+P9_FINNGEN_SCZ__AN+P10_PGC_SCZ__AUD+P11_FINNGEN_SCZ__AUD+P12_PGC_SCZ__CUD+P13_FINNGEN_SCZ__CUD
7	9123423	9987498	12	P2_PGC_SCZ__ADHD+P3_FINNGEN_SCZ__ADHD+P4_PGC_SCZ__ASD+P5_FINNGEN_SCZ__ASD+P6_PGC_SCZ__OCD+P7_FINNGEN_SCZ__OCD+P8_PGC_SCZ__AN+P9_FINNGEN_SCZ__AN+P10_PGC_SCZ__AUD+P11_FINNGEN_SCZ__AUD+P12_PGC_SCZ__CUD+P13_FINNGEN_SCZ__CUD
7	9987499	11299197	12	P2_PGC_SCZ__ADHD+P3_FINNGEN_SCZ__ADHD+P4_PGC_SCZ__ASD+P5_FINNGEN_SCZ__ASD+P6_PGC_SCZ__OCD+P7_FINNGEN_SCZ__OCD+P8_PGC_SCZ__AN+P9_FINNGEN_SCZ__AN+P10_PGC_SCZ__AUD+P11_FINNGEN_SCZ__AUD+P12_PGC_SCZ__CUD+P13_FINNGEN_SCZ__CUD
7	11299198	12635460	12	P2_PGC_SCZ__ADHD+P3_FINNGEN_SCZ__ADHD+P4_PGC_SCZ__ASD+P5_FINNGEN_SCZ__ASD+P6_PGC_SCZ__OCD+P7_FINNGEN_SCZ__OCD+P8_PGC_SCZ__AN+P9_FINNGEN_SCZ__AN+P10_PGC_SCZ__AUD+P11_FINNGEN_SCZ__AUD+P12_PGC_SCZ__CUD+P13_FINNGEN_SCZ__CUD
7	12635461	13884201	12	P2_PGC_SCZ__ADHD+P3_FINNGEN_SCZ__ADHD+P4_PGC_SCZ__ASD+P5_FINNGEN_SCZ__ASD+P6_PGC_SCZ__OCD+P7_FINNGEN_SCZ__OCD+P8_PGC_SCZ__AN+P9_FINNGEN_SCZ__AN+P10_PGC_SCZ__AUD+P11_FINNGEN_SCZ__AUD+P12_PGC_SCZ__CUD+P13_FINNGEN_SCZ__CUD
7	13884202	15143656	12	P2_PGC_SCZ__ADHD+P3_FINNGEN_SCZ__ADHD+P4_PGC_SCZ__ASD+P5_FINNGEN_SCZ__ASD+P6_PGC_SCZ__OCD+P7_FINNGEN_SCZ__OCD+P8_PGC_SCZ__AN+P9_FINNGEN_SCZ__AN+P10_PGC_SCZ__AUD+P11_FINNGEN_SCZ__AUD+P12_PGC_SCZ__CUD+P13_FINNGEN_SCZ__CUD
7	15143657	16902068	12	P2_PGC_SCZ__ADHD+P3_FINNGEN_SCZ__ADHD+P4_PGC_SCZ__ASD+P5_FINNGEN_SCZ__ASD+P6_PGC_SCZ__OCD+P7_FINNGEN_SCZ__OCD+P8_PGC_SCZ__AN+P9_FINNGEN_SCZ__AN+P10_PGC_SCZ__AUD+P11_FINNGEN_SCZ__AUD+P12_PGC_SCZ__CUD+P13_FINNGEN_SCZ__CUD
7	16902069	19481546	12	P2_PGC_SCZ__ADHD+P3_FINNGEN_SCZ__ADHD+P4_PGC_SCZ__ASD+P5_FINNGEN_SCZ__ASD+P6_PGC_SCZ__OCD+P7_FINNGEN_SCZ__OCD+P8_PGC_SCZ__AN+P9_FINNGEN_SCZ__AN+P10_PGC_SCZ__AUD+P11_FINNGEN_SCZ__AUD+P12_PGC_SCZ__CUD+P13_FINNGEN_SCZ__CUD
7	19481547	20124907	12	P2_PGC_SCZ__ADHD+P3_FINNGEN_SCZ__ADHD+P4_PGC_SCZ__ASD+P5_FINNGEN_SCZ__ASD+P6_PGC_SCZ__OCD+P7_FINNGEN_SCZ__OCD+P8_PGC_SCZ__AN+P9_FINNGEN_SCZ__AN+P10_PGC_SCZ__AUD+P11_FINNGEN_SCZ__AUD+P12_PGC_SCZ__CUD+P13_FINNGEN_SCZ__CUD
7	20124908	22507628	12	P2_PGC_SCZ__ADHD+P3_FINNGEN_SCZ__ADHD+P4_PGC_SCZ__ASD+P5_FINNGEN_SCZ__ASD+P6_PGC_SCZ__OCD+P7_FINNGEN_SCZ__OCD+P8_PGC_SCZ__AN+P9_FINNGEN_SCZ__AN+P10_PGC_SCZ__AUD+P11_FINNGEN_SCZ__AUD+P12_PGC_SCZ__CUD+P13_FINNGEN_SCZ__CUD
7	22507629	23471441	12	P2_PGC_SCZ__ADHD+P3_FINNGEN_SCZ__ADHD+P4_PGC_SCZ__ASD+P5_FINNGEN_SCZ__ASD+P6_PGC_SCZ__OCD+P7_FINNGEN_SCZ__OCD+P8_PGC_SCZ__AN+P9_FINNGEN_SCZ__AN+P10_PGC_SCZ__AUD+P11_FINNGEN_SCZ__AUD+P12_PGC_SCZ__CUD+P13_FINNGEN_SCZ__CUD
7	23471442	25077258	12	P2_PGC_SCZ__ADHD+P3_FINNGEN_SCZ__ADHD+P4_PGC_SCZ__ASD+P5_FINNGEN_SCZ__ASD+P6_PGC_SCZ__OCD+P7_FINNGEN_SCZ__OCD+P8_PGC_SCZ__AN+P9_FINNGEN_SCZ__AN+P10_PGC_SCZ__AUD+P11_FINNGEN_SCZ__AUD+P12_PGC_SCZ__CUD+P13_FINNGEN_SCZ__CUD
7	25077259	25909554	12	P2_PGC_SCZ__ADHD+P3_FINNGEN_SCZ__ADHD+P4_PGC_SCZ__ASD+P5_FINNGEN_SCZ__ASD+P6_PGC_SCZ__OCD+P7_FINNGEN_SCZ__OCD+P8_PGC_SCZ__AN+P9_FINNGEN_SCZ__AN+P10_PGC_SCZ__AUD+P11_FINNGEN_SCZ__AUD+P12_PGC_SCZ__CUD+P13_FINNGEN_SCZ__CUD
7	25909555	28360308	12	P2_PGC_SCZ__ADHD+P3_FINNGEN_SCZ__ADHD+P4_PGC_SCZ__ASD+P5_FINNGEN_SCZ__ASD+P6_PGC_SCZ__OCD+P7_FINNGEN_SCZ__OCD+P8_PGC_SCZ__AN+P9_FINNGEN_SCZ__AN+P10_PGC_SCZ__AUD+P11_FINNGEN_SCZ__AUD+P12_PGC_SCZ__CUD+P13_FINNGEN_SCZ__CUD
7	28360309	31137288	12	P2_PGC_SCZ__ADHD+P3_FINNGEN_SCZ__ADHD+P4_PGC_SCZ__ASD+P5_FINNGEN_SCZ__ASD+P6_PGC_SCZ__OCD+P7_FINNGEN_SCZ__OCD+P8_PGC_SCZ__AN+P9_FINNGEN_SCZ__AN+P10_PGC_SCZ__AUD+P11_FINNGEN_SCZ__AUD+P12_PGC_SCZ__CUD+P13_FINNGEN_SCZ__CUD
7	31137289	33555767	12	P2_PGC_SCZ__ADHD+P3_FINNGEN_SCZ__ADHD+P4_PGC_SCZ__ASD+P5_FINNGEN_SCZ__ASD+P6_PGC_SCZ__OCD+P7_FINNGEN_SCZ__OCD+P8_PGC_SCZ__AN+P9_FINNGEN_SCZ__AN+P10_PGC_SCZ__AUD+P11_FINNGEN_SCZ__AUD+P12_PGC_SCZ__CUD+P13_FINNGEN_SCZ__CUD
7	33555768	36213537	12	P2_PGC_SCZ__ADHD+P3_FINNGEN_SCZ__ADHD+P4_PGC_SCZ__ASD+P5_FINNGEN_SCZ__ASD+P6_PGC_SCZ__OCD+P7_FINNGEN_SCZ__OCD+P8_PGC_SCZ__AN+P9_FINNGEN_SCZ__AN+P10_PGC_SCZ__AUD+P11_FINNGEN_SCZ__AUD+P12_PGC_SCZ__CUD+P13_FINNGEN_SCZ__CUD
7	36213538	37555183	12	P2_PGC_SCZ__ADHD+P3_FINNGEN_SCZ__ADHD+P4_PGC_SCZ__ASD+P5_FINNGEN_SCZ__ASD+P6_PGC_SCZ__OCD+P7_FINNGEN_SCZ__OCD+P8_PGC_SCZ__AN+P9_FINNGEN_SCZ__AN+P10_PGC_SCZ__AUD+P11_FINNGEN_SCZ__AUD+P12_PGC_SCZ__CUD+P13_FINNGEN_SCZ__CUD
7	37555184	38966702	12	P2_PGC_SCZ__ADHD+P3_FINNGEN_SCZ__ADHD+P4_PGC_SCZ__ASD+P5_FINNGEN_SCZ__ASD+P6_PGC_SCZ__OCD+P7_FINNGEN_SCZ__OCD+P8_PGC_SCZ__AN+P9_FINNGEN_SCZ__AN+P10_PGC_SCZ__AUD+P11_FINNGEN_SCZ__AUD+P12_PGC_SCZ__CUD+P13_FINNGEN_SCZ__CUD
7	38966703	39862669	12	P2_PGC_SCZ__ADHD+P3_FINNGEN_SCZ__ADHD+P4_PGC_SCZ__ASD+P5_FINNGEN_SCZ__ASD+P6_PGC_SCZ__OCD+P7_FINNGEN_SCZ__OCD+P8_PGC_SCZ__AN+P9_FINNGEN_SCZ__AN+P10_PGC_SCZ__AUD+P11_FINNGEN_SCZ__AUD+P12_PGC_SCZ__CUD+P13_FINNGEN_SCZ__CUD
7	39862670	42001810	12	P2_PGC_SCZ__ADHD+P3_FINNGEN_SCZ__ADHD+P4_PGC_SCZ__ASD+P5_FINNGEN_SCZ__ASD+P6_PGC_SCZ__OCD+P7_FINNGEN_SCZ__OCD+P8_PGC_SCZ__AN+P9_FINNGEN_SCZ__AN+P10_PGC_SCZ__AUD+P11_FINNGEN_SCZ__AUD+P12_PGC_SCZ__CUD+P13_FINNGEN_SCZ__CUD
7	42001811	43159073	12	P2_PGC_SCZ__ADHD+P3_FINNGEN_SCZ__ADHD+P4_PGC_SCZ__ASD+P5_FINNGEN_SCZ__ASD+P6_PGC_SCZ__OCD+P7_FINNGEN_SCZ__OCD+P8_PGC_SCZ__AN+P9_FINNGEN_SCZ__AN+P10_PGC_SCZ__AUD+P11_FINNGEN_SCZ__AUD+P12_PGC_SCZ__CUD+P13_FINNGEN_SCZ__CUD
7	43159074	44763827	12	P2_PGC_SCZ__ADHD+P3_FINNGEN_SCZ__ADHD+P4_PGC_SCZ__ASD+P5_FINNGEN_SCZ__ASD+P6_PGC_SCZ__OCD+P7_FINNGEN_SCZ__OCD+P8_PGC_SCZ__AN+P9_FINNGEN_SCZ__AN+P10_PGC_SCZ__AUD+P11_FINNGEN_SCZ__AUD+P12_PGC_SCZ__CUD+P13_FINNGEN_SCZ__CUD
7	44763828	45952921	12	P2_PGC_SCZ__ADHD+P3_FINNGEN_SCZ__ADHD+P4_PGC_SCZ__ASD+P5_FINNGEN_SCZ__ASD+P6_PGC_SCZ__OCD+P7_FINNGEN_SCZ__OCD+P8_PGC_SCZ__AN+P9_FINNGEN_SCZ__AN+P10_PGC_SCZ__AUD+P11_FINNGEN_SCZ__AUD+P12_PGC_SCZ__CUD+P13_FINNGEN_SCZ__CUD
7	45952922	46986719	12	P2_PGC_SCZ__ADHD+P3_FINNGEN_SCZ__ADHD+P4_PGC_SCZ__ASD+P5_FINNGEN_SCZ__ASD+P6_PGC_SCZ__OCD+P7_FINNGEN_SCZ__OCD+P8_PGC_SCZ__AN+P9_FINNGEN_SCZ__AN+P10_PGC_SCZ__AUD+P11_FINNGEN_SCZ__AUD+P12_PGC_SCZ__CUD+P13_FINNGEN_SCZ__CUD
7	46986720	49212277	12	P2_PGC_SCZ__ADHD+P3_FINNGEN_SCZ__ADHD+P4_PGC_SCZ__ASD+P5_FINNGEN_SCZ__ASD+P6_PGC_SCZ__OCD+P7_FINNGEN_SCZ__OCD+P8_PGC_SCZ__AN+P9_FINNGEN_SCZ__AN+P10_PGC_SCZ__AUD+P11_FINNGEN_SCZ__AUD+P12_PGC_SCZ__CUD+P13_FINNGEN_SCZ__CUD
7	49212278	51675321	12	P2_PGC_SCZ__ADHD+P3_FINNGEN_SCZ__ADHD+P4_PGC_SCZ__ASD+P5_FINNGEN_SCZ__ASD+P6_PGC_SCZ__OCD+P7_FINNGEN_SCZ__OCD+P8_PGC_SCZ__AN+P9_FINNGEN_SCZ__AN+P10_PGC_SCZ__AUD+P11_FINNGEN_SCZ__AUD+P12_PGC_SCZ__CUD+P13_FINNGEN_SCZ__CUD
7	51675322	53176311	12	P2_PGC_SCZ__ADHD+P3_FINNGEN_SCZ__ADHD+P4_PGC_SCZ__ASD+P5_FINNGEN_SCZ__ASD+P6_PGC_SCZ__OCD+P7_FINNGEN_SCZ__OCD+P8_PGC_SCZ__AN+P9_FINNGEN_SCZ__AN+P10_PGC_SCZ__AUD+P11_FINNGEN_SCZ__AUD+P12_PGC_SCZ__CUD+P13_FINNGEN_SCZ__CUD
7	53176312	54222975	12	P2_PGC_SCZ__ADHD+P3_FINNGEN_SCZ__ADHD+P4_PGC_SCZ__ASD+P5_FINNGEN_SCZ__ASD+P6_PGC_SCZ__OCD+P7_FINNGEN_SCZ__OCD+P8_PGC_SCZ__AN+P9_FINNGEN_SCZ__AN+P10_PGC_SCZ__AUD+P11_FINNGEN_SCZ__AUD+P12_PGC_SCZ__CUD+P13_FINNGEN_SCZ__CUD
7	54222976	55691583	12	P2_PGC_SCZ__ADHD+P3_FINNGEN_SCZ__ADHD+P4_PGC_SCZ__ASD+P5_FINNGEN_SCZ__ASD+P6_PGC_SCZ__OCD+P7_FINNGEN_SCZ__OCD+P8_PGC_SCZ__AN+P9_FINNGEN_SCZ__AN+P10_PGC_SCZ__AUD+P11_FINNGEN_SCZ__AUD+P12_PGC_SCZ__CUD+P13_FINNGEN_SCZ__CUD
7	55691584	57382637	12	P2_PGC_SCZ__ADHD+P3_FINNGEN_SCZ__ADHD+P4_PGC_SCZ__ASD+P5_FINNGEN_SCZ__ASD+P6_PGC_SCZ__OCD+P7_FINNGEN_SCZ__OCD+P8_PGC_SCZ__AN+P9_FINNGEN_SCZ__AN+P10_PGC_SCZ__AUD+P11_FINNGEN_SCZ__AUD+P12_PGC_SCZ__CUD+P13_FINNGEN_SCZ__CUD
7	57382638	63307358	8	P2_PGC_SCZ__ADHD+P3_FINNGEN_SCZ__ADHD+P4_PGC_SCZ__ASD+P5_FINNGEN_SCZ__ASD+P10_PGC_SCZ__AUD+P11_FINNGEN_SCZ__AUD+P12_PGC_SCZ__CUD+P13_FINNGEN_SCZ__CUD
7	63307359	63641124	2	P2_PGC_SCZ__ADHD+P3_FINNGEN_SCZ__ADHD
7	63641125	65689808	12	P2_PGC_SCZ__ADHD+P3_FINNGEN_SCZ__ADHD+P4_PGC_SCZ__ASD+P5_FINNGEN_SCZ__ASD+P6_PGC_SCZ__OCD+P7_FINNGEN_SCZ__OCD+P8_PGC_SCZ__AN+P9_FINNGEN_SCZ__AN+P10_PGC_SCZ__AUD+P11_FINNGEN_SCZ__AUD+P12_PGC_SCZ__CUD+P13_FINNGEN_SCZ__CUD
7	65689809	68234073	12	P2_PGC_SCZ__ADHD+P3_FINNGEN_SCZ__ADHD+P4_PGC_SCZ__ASD+P5_FINNGEN_SCZ__ASD+P6_PGC_SCZ__OCD+P7_FINNGEN_SCZ__OCD+P8_PGC_SCZ__AN+P9_FINNGEN_SCZ__AN+P10_PGC_SCZ__AUD+P11_FINNGEN_SCZ__AUD+P12_PGC_SCZ__CUD+P13_FINNGEN_SCZ__CUD
7	68234074	69085363	12	P2_PGC_SCZ__ADHD+P3_FINNGEN_SCZ__ADHD+P4_PGC_SCZ__ASD+P5_FINNGEN_SCZ__ASD+P6_PGC_SCZ__OCD+P7_FINNGEN_SCZ__OCD+P8_PGC_SCZ__AN+P9_FINNGEN_SCZ__AN+P10_PGC_SCZ__AUD+P11_FINNGEN_SCZ__AUD+P12_PGC_SCZ__CUD+P13_FINNGEN_SCZ__CUD
7	69085364	71874884	12	P2_PGC_SCZ__ADHD+P3_FINNGEN_SCZ__ADHD+P4_PGC_SCZ__ASD+P5_FINNGEN_SCZ__ASD+P6_PGC_SCZ__OCD+P7_FINNGEN_SCZ__OCD+P8_PGC_SCZ__AN+P9_FINNGEN_SCZ__AN+P10_PGC_SCZ__AUD+P11_FINNGEN_SCZ__AUD+P12_PGC_SCZ__CUD+P13_FINNGEN_SCZ__CUD
7	71874885	73334601	12	P2_PGC_SCZ__ADHD+P3_FINNGEN_SCZ__ADHD+P4_PGC_SCZ__ASD+P5_FINNGEN_SCZ__ASD+P6_PGC_SCZ__OCD+P7_FINNGEN_SCZ__OCD+P8_PGC_SCZ__AN+P9_FINNGEN_SCZ__AN+P10_PGC_SCZ__AUD+P11_FINNGEN_SCZ__AUD+P12_PGC_SCZ__CUD+P13_FINNGEN_SCZ__CUD
7	73334602	76458563	12	P2_PGC_SCZ__ADHD+P3_FINNGEN_SCZ__ADHD+P4_PGC_SCZ__ASD+P5_FINNGEN_SCZ__ASD+P6_PGC_SCZ__OCD+P7_FINNGEN_SCZ__OCD+P8_PGC_SCZ__AN+P9_FINNGEN_SCZ__AN+P10_PGC_SCZ__AUD+P11_FINNGEN_SCZ__AUD+P12_PGC_SCZ__CUD+P13_FINNGEN_SCZ__CUD
7	76458564	78093858	12	P2_PGC_SCZ__ADHD+P3_FINNGEN_SCZ__ADHD+P4_PGC_SCZ__ASD+P5_FINNGEN_SCZ__ASD+P6_PGC_SCZ__OCD+P7_FINNGEN_SCZ__OCD+P8_PGC_SCZ__AN+P9_FINNGEN_SCZ__AN+P10_PGC_SCZ__AUD+P11_FINNGEN_SCZ__AUD+P12_PGC_SCZ__CUD+P13_FINNGEN_SCZ__CUD
7	78093859	79888068	12	P2_PGC_SCZ__ADHD+P3_FINNGEN_SCZ__ADHD+P4_PGC_SCZ__ASD+P5_FINNGEN_SCZ__ASD+P6_PGC_SCZ__OCD+P7_FINNGEN_SCZ__OCD+P8_PGC_SCZ__AN+P9_FINNGEN_SCZ__AN+P10_PGC_SCZ__AUD+P11_FINNGEN_SCZ__AUD+P12_PGC_SCZ__CUD+P13_FINNGEN_SCZ__CUD
7	79888069	82022685	12	P2_PGC_SCZ__ADHD+P3_FINNGEN_SCZ__ADHD+P4_PGC_SCZ__ASD+P5_FINNGEN_SCZ__ASD+P6_PGC_SCZ__OCD+P7_FINNGEN_SCZ__OCD+P8_PGC_SCZ__AN+P9_FINNGEN_SCZ__AN+P10_PGC_SCZ__AUD+P11_FINNGEN_SCZ__AUD+P12_PGC_SCZ__CUD+P13_FINNGEN_SCZ__CUD
7	82022686	83801202	12	P2_PGC_SCZ__ADHD+P3_FINNGEN_SCZ__ADHD+P4_PGC_SCZ__ASD+P5_FINNGEN_SCZ__ASD+P6_PGC_SCZ__OCD+P7_FINNGEN_SCZ__OCD+P8_PGC_SCZ__AN+P9_FINNGEN_SCZ__AN+P10_PGC_SCZ__AUD+P11_FINNGEN_SCZ__AUD+P12_PGC_SCZ__CUD+P13_FINNGEN_SCZ__CUD
7	83801203	85572181	12	P2_PGC_SCZ__ADHD+P3_FINNGEN_SCZ__ADHD+P4_PGC_SCZ__ASD+P5_FINNGEN_SCZ__ASD+P6_PGC_SCZ__OCD+P7_FINNGEN_SCZ__OCD+P8_PGC_SCZ__AN+P9_FINNGEN_SCZ__AN+P10_PGC_SCZ__AUD+P11_FINNGEN_SCZ__AUD+P12_PGC_SCZ__CUD+P13_FINNGEN_SCZ__CUD
7	85572182	87825003	12	P2_PGC_SCZ__ADHD+P3_FINNGEN_SCZ__ADHD+P4_PGC_SCZ__ASD+P5_FINNGEN_SCZ__ASD+P6_PGC_SCZ__OCD+P7_FINNGEN_SCZ__OCD+P8_PGC_SCZ__AN+P9_FINNGEN_SCZ__AN+P10_PGC_SCZ__AUD+P11_FINNGEN_SCZ__AUD+P12_PGC_SCZ__CUD+P13_FINNGEN_SCZ__CUD
7	87825004	90661783	12	P2_PGC_SCZ__ADHD+P3_FINNGEN_SCZ__ADHD+P4_PGC_SCZ__ASD+P5_FINNGEN_SCZ__ASD+P6_PGC_SCZ__OCD+P7_FINNGEN_SCZ__OCD+P8_PGC_SCZ__AN+P9_FINNGEN_SCZ__AN+P10_PGC_SCZ__AUD+P11_FINNGEN_SCZ__AUD+P12_PGC_SCZ__CUD+P13_FINNGEN_SCZ__CUD
7	90661784	92493751	12	P2_PGC_SCZ__ADHD+P3_FINNGEN_SCZ__ADHD+P4_PGC_SCZ__ASD+P5_FINNGEN_SCZ__ASD+P6_PGC_SCZ__OCD+P7_FINNGEN_SCZ__OCD+P8_PGC_SCZ__AN+P9_FINNGEN_SCZ__AN+P10_PGC_SCZ__AUD+P11_FINNGEN_SCZ__AUD+P12_PGC_SCZ__CUD+P13_FINNGEN_SCZ__CUD
7	92493752	93966600	12	P2_PGC_SCZ__ADHD+P3_FINNGEN_SCZ__ADHD+P4_PGC_SCZ__ASD+P5_FINNGEN_SCZ__ASD+P6_PGC_SCZ__OCD+P7_FINNGEN_SCZ__OCD+P8_PGC_SCZ__AN+P9_FINNGEN_SCZ__AN+P10_PGC_SCZ__AUD+P11_FINNGEN_SCZ__AUD+P12_PGC_SCZ__CUD+P13_FINNGEN_SCZ__CUD
7	93966601	96073507	12	P2_PGC_SCZ__ADHD+P3_FINNGEN_SCZ__ADHD+P4_PGC_SCZ__ASD+P5_FINNGEN_SCZ__ASD+P6_PGC_SCZ__OCD+P7_FINNGEN_SCZ__OCD+P8_PGC_SCZ__AN+P9_FINNGEN_SCZ__AN+P10_PGC_SCZ__AUD+P11_FINNGEN_SCZ__AUD+P12_PGC_SCZ__CUD+P13_FINNGEN_SCZ__CUD
7	96073508	97099569	12	P2_PGC_SCZ__ADHD+P3_FINNGEN_SCZ__ADHD+P4_PGC_SCZ__ASD+P5_FINNGEN_SCZ__ASD+P6_PGC_SCZ__OCD+P7_FINNGEN_SCZ__OCD+P8_PGC_SCZ__AN+P9_FINNGEN_SCZ__AN+P10_PGC_SCZ__AUD+P11_FINNGEN_SCZ__AUD+P12_PGC_SCZ__CUD+P13_FINNGEN_SCZ__CUD
7	97099570	98715473	12	P2_PGC_SCZ__ADHD+P3_FINNGEN_SCZ__ADHD+P4_PGC_SCZ__ASD+P5_FINNGEN_SCZ__ASD+P6_PGC_SCZ__OCD+P7_FINNGEN_SCZ__OCD+P8_PGC_SCZ__AN+P9_FINNGEN_SCZ__AN+P10_PGC_SCZ__AUD+P11_FINNGEN_SCZ__AUD+P12_PGC_SCZ__CUD+P13_FINNGEN_SCZ__CUD
7	98715474	100196650	12	P2_PGC_SCZ__ADHD+P3_FINNGEN_SCZ__ADHD+P4_PGC_SCZ__ASD+P5_FINNGEN_SCZ__ASD+P6_PGC_SCZ__OCD+P7_FINNGEN_SCZ__OCD+P8_PGC_SCZ__AN+P9_FINNGEN_SCZ__AN+P10_PGC_SCZ__AUD+P11_FINNGEN_SCZ__AUD+P12_PGC_SCZ__CUD+P13_FINNGEN_SCZ__CUD
7	100196651	101199252	12	P2_PGC_SCZ__ADHD+P3_FINNGEN_SCZ__ADHD+P4_PGC_SCZ__ASD+P5_FINNGEN_SCZ__ASD+P6_PGC_SCZ__OCD+P7_FINNGEN_SCZ__OCD+P8_PGC_SCZ__AN+P9_FINNGEN_SCZ__AN+P10_PGC_SCZ__AUD+P11_FINNGEN_SCZ__AUD+P12_PGC_SCZ__CUD+P13_FINNGEN_SCZ__CUD
7	101199253	103197509	12	P2_PGC_SCZ__ADHD+P3_FINNGEN_SCZ__ADHD+P4_PGC_SCZ__ASD+P5_FINNGEN_SCZ__ASD+P6_PGC_SCZ__OCD+P7_FINNGEN_SCZ__OCD+P8_PGC_SCZ__AN+P9_FINNGEN_SCZ__AN+P10_PGC_SCZ__AUD+P11_FINNGEN_SCZ__AUD+P12_PGC_SCZ__CUD+P13_FINNGEN_SCZ__CUD
7	103197510	104159524	12	P2_PGC_SCZ__ADHD+P3_FINNGEN_SCZ__ADHD+P4_PGC_SCZ__ASD+P5_FINNGEN_SCZ__ASD+P6_PGC_SCZ__OCD+P7_FINNGEN_SCZ__OCD+P8_PGC_SCZ__AN+P9_FINNGEN_SCZ__AN+P10_PGC_SCZ__AUD+P11_FINNGEN_SCZ__AUD+P12_PGC_SCZ__CUD+P13_FINNGEN_SCZ__CUD
7	104159525	105682904	12	P2_PGC_SCZ__ADHD+P3_FINNGEN_SCZ__ADHD+P4_PGC_SCZ__ASD+P5_FINNGEN_SCZ__ASD+P6_PGC_SCZ__OCD+P7_FINNGEN_SCZ__OCD+P8_PGC_SCZ__AN+P9_FINNGEN_SCZ__AN+P10_PGC_SCZ__AUD+P11_FINNGEN_SCZ__AUD+P12_PGC_SCZ__CUD+P13_FINNGEN_SCZ__CUD
7	105682905	107780177	12	P2_PGC_SCZ__ADHD+P3_FINNGEN_SCZ__ADHD+P4_PGC_SCZ__ASD+P5_FINNGEN_SCZ__ASD+P6_PGC_SCZ__OCD+P7_FINNGEN_SCZ__OCD+P8_PGC_SCZ__AN+P9_FINNGEN_SCZ__AN+P10_PGC_SCZ__AUD+P11_FINNGEN_SCZ__AUD+P12_PGC_SCZ__CUD+P13_FINNGEN_SCZ__CUD
7	107780178	109647593	12	P2_PGC_SCZ__ADHD+P3_FINNGEN_SCZ__ADHD+P4_PGC_SCZ__ASD+P5_FINNGEN_SCZ__ASD+P6_PGC_SCZ__OCD+P7_FINNGEN_SCZ__OCD+P8_PGC_SCZ__AN+P9_FINNGEN_SCZ__AN+P10_PGC_SCZ__AUD+P11_FINNGEN_SCZ__AUD+P12_PGC_SCZ__CUD+P13_FINNGEN_SCZ__CUD
7	109647594	112618683	12	P2_PGC_SCZ__ADHD+P3_FINNGEN_SCZ__ADHD+P4_PGC_SCZ__ASD+P5_FINNGEN_SCZ__ASD+P6_PGC_SCZ__OCD+P7_FINNGEN_SCZ__OCD+P8_PGC_SCZ__AN+P9_FINNGEN_SCZ__AN+P10_PGC_SCZ__AUD+P11_FINNGEN_SCZ__AUD+P12_PGC_SCZ__CUD+P13_FINNGEN_SCZ__CUD
7	112618684	113712386	12	P2_PGC_SCZ__ADHD+P3_FINNGEN_SCZ__ADHD+P4_PGC_SCZ__ASD+P5_FINNGEN_SCZ__ASD+P6_PGC_SCZ__OCD+P7_FINNGEN_SCZ__OCD+P8_PGC_SCZ__AN+P9_FINNGEN_SCZ__AN+P10_PGC_SCZ__AUD+P11_FINNGEN_SCZ__AUD+P12_PGC_SCZ__CUD+P13_FINNGEN_SCZ__CUD
7	113712387	116780177	12	P2_PGC_SCZ__ADHD+P3_FINNGEN_SCZ__ADHD+P4_PGC_SCZ__ASD+P5_FINNGEN_SCZ__ASD+P6_PGC_SCZ__OCD+P7_FINNGEN_SCZ__OCD+P8_PGC_SCZ__AN+P9_FINNGEN_SCZ__AN+P10_PGC_SCZ__AUD+P11_FINNGEN_SCZ__AUD+P12_PGC_SCZ__CUD+P13_FINNGEN_SCZ__CUD
7	116780178	118351580	12	P2_PGC_SCZ__ADHD+P3_FINNGEN_SCZ__ADHD+P4_PGC_SCZ__ASD+P5_FINNGEN_SCZ__ASD+P6_PGC_SCZ__OCD+P7_FINNGEN_SCZ__OCD+P8_PGC_SCZ__AN+P9_FINNGEN_SCZ__AN+P10_PGC_SCZ__AUD+P11_FINNGEN_SCZ__AUD+P12_PGC_SCZ__CUD+P13_FINNGEN_SCZ__CUD
7	118351581	121045272	12	P2_PGC_SCZ__ADHD+P3_FINNGEN_SCZ__ADHD+P4_PGC_SCZ__ASD+P5_FINNGEN_SCZ__ASD+P6_PGC_SCZ__OCD+P7_FINNGEN_SCZ__OCD+P8_PGC_SCZ__AN+P9_FINNGEN_SCZ__AN+P10_PGC_SCZ__AUD+P11_FINNGEN_SCZ__AUD+P12_PGC_SCZ__CUD+P13_FINNGEN_SCZ__CUD
7	121045273	121933629	12	P2_PGC_SCZ__ADHD+P3_FINNGEN_SCZ__ADHD+P4_PGC_SCZ__ASD+P5_FINNGEN_SCZ__ASD+P6_PGC_SCZ__OCD+P7_FINNGEN_SCZ__OCD+P8_PGC_SCZ__AN+P9_FINNGEN_SCZ__AN+P10_PGC_SCZ__AUD+P11_FINNGEN_SCZ__AUD+P12_PGC_SCZ__CUD+P13_FINNGEN_SCZ__CUD
7	121933630	124156804	12	P2_PGC_SCZ__ADHD+P3_FINNGEN_SCZ__ADHD+P4_PGC_SCZ__ASD+P5_FINNGEN_SCZ__ASD+P6_PGC_SCZ__OCD+P7_FINNGEN_SCZ__OCD+P8_PGC_SCZ__AN+P9_FINNGEN_SCZ__AN+P10_PGC_SCZ__AUD+P11_FINNGEN_SCZ__AUD+P12_PGC_SCZ__CUD+P13_FINNGEN_SCZ__CUD
7	124156805	124167551	0	none
7	124167552	126519169	12	P2_PGC_SCZ__ADHD+P3_FINNGEN_SCZ__ADHD+P4_PGC_SCZ__ASD+P5_FINNGEN_SCZ__ASD+P6_PGC_SCZ__OCD+P7_FINNGEN_SCZ__OCD+P8_PGC_SCZ__AN+P9_FINNGEN_SCZ__AN+P10_PGC_SCZ__AUD+P11_FINNGEN_SCZ__AUD+P12_PGC_SCZ__CUD+P13_FINNGEN_SCZ__CUD
7	126519170	126869220	10	P2_PGC_SCZ__ADHD+P3_FINNGEN_SCZ__ADHD+P4_PGC_SCZ__ASD+P5_FINNGEN_SCZ__ASD+P6_PGC_SCZ__OCD+P7_FINNGEN_SCZ__OCD+P10_PGC_SCZ__AUD+P11_FINNGEN_SCZ__AUD+P12_PGC_SCZ__CUD+P13_FINNGEN_SCZ__CUD
7	126869221	128778385	12	P2_PGC_SCZ__ADHD+P3_FINNGEN_SCZ__ADHD+P4_PGC_SCZ__ASD+P5_FINNGEN_SCZ__ASD+P6_PGC_SCZ__OCD+P7_FINNGEN_SCZ__OCD+P8_PGC_SCZ__AN+P9_FINNGEN_SCZ__AN+P10_PGC_SCZ__AUD+P11_FINNGEN_SCZ__AUD+P12_PGC_SCZ__CUD+P13_FINNGEN_SCZ__CUD
7	128778386	130422413	12	P2_PGC_SCZ__ADHD+P3_FINNGEN_SCZ__ADHD+P4_PGC_SCZ__ASD+P5_FINNGEN_SCZ__ASD+P6_PGC_SCZ__OCD+P7_FINNGEN_SCZ__OCD+P8_PGC_SCZ__AN+P9_FINNGEN_SCZ__AN+P10_PGC_SCZ__AUD+P11_FINNGEN_SCZ__AUD+P12_PGC_SCZ__CUD+P13_FINNGEN_SCZ__CUD
7	130422414	132805847	12	P2_PGC_SCZ__ADHD+P3_FINNGEN_SCZ__ADHD+P4_PGC_SCZ__ASD+P5_FINNGEN_SCZ__ASD+P6_PGC_SCZ__OCD+P7_FINNGEN_SCZ__OCD+P8_PGC_SCZ__AN+P9_FINNGEN_SCZ__AN+P10_PGC_SCZ__AUD+P11_FINNGEN_SCZ__AUD+P12_PGC_SCZ__CUD+P13_FINNGEN_SCZ__CUD
7	132805848	134307595	12	P2_PGC_SCZ__ADHD+P3_FINNGEN_SCZ__ADHD+P4_PGC_SCZ__ASD+P5_FINNGEN_SCZ__ASD+P6_PGC_SCZ__OCD+P7_FINNGEN_SCZ__OCD+P8_PGC_SCZ__AN+P9_FINNGEN_SCZ__AN+P10_PGC_SCZ__AUD+P11_FINNGEN_SCZ__AUD+P12_PGC_SCZ__CUD+P13_FINNGEN_SCZ__CUD
7	134307596	135591082	12	P2_PGC_SCZ__ADHD+P3_FINNGEN_SCZ__ADHD+P4_PGC_SCZ__ASD+P5_FINNGEN_SCZ__ASD+P6_PGC_SCZ__OCD+P7_FINNGEN_SCZ__OCD+P8_PGC_SCZ__AN+P9_FINNGEN_SCZ__AN+P10_PGC_SCZ__AUD+P11_FINNGEN_SCZ__AUD+P12_PGC_SCZ__CUD+P13_FINNGEN_SCZ__CUD
7	135591083	136876561	12	P2_PGC_SCZ__ADHD+P3_FINNGEN_SCZ__ADHD+P4_PGC_SCZ__ASD+P5_FINNGEN_SCZ__ASD+P6_PGC_SCZ__OCD+P7_FINNGEN_SCZ__OCD+P8_PGC_SCZ__AN+P9_FINNGEN_SCZ__AN+P10_PGC_SCZ__AUD+P11_FINNGEN_SCZ__AUD+P12_PGC_SCZ__CUD+P13_FINNGEN_SCZ__CUD
7	136876562	138744678	12	P2_PGC_SCZ__ADHD+P3_FINNGEN_SCZ__ADHD+P4_PGC_SCZ__ASD+P5_FINNGEN_SCZ__ASD+P6_PGC_SCZ__OCD+P7_FINNGEN_SCZ__OCD+P8_PGC_SCZ__AN+P9_FINNGEN_SCZ__AN+P10_PGC_SCZ__AUD+P11_FINNGEN_SCZ__AUD+P12_PGC_SCZ__CUD+P13_FINNGEN_SCZ__CUD
7	138744679	139933176	12	P2_PGC_SCZ__ADHD+P3_FINNGEN_SCZ__ADHD+P4_PGC_SCZ__ASD+P5_FINNGEN_SCZ__ASD+P6_PGC_SCZ__OCD+P7_FINNGEN_SCZ__OCD+P8_PGC_SCZ__AN+P9_FINNGEN_SCZ__AN+P10_PGC_SCZ__AUD+P11_FINNGEN_SCZ__AUD+P12_PGC_SCZ__CUD+P13_FINNGEN_SCZ__CUD
7	139933177	140235209	8	P2_PGC_SCZ__ADHD+P3_FINNGEN_SCZ__ADHD+P6_PGC_SCZ__OCD+P7_FINNGEN_SCZ__OCD+P10_PGC_SCZ__AUD+P11_FINNGEN_SCZ__AUD+P12_PGC_SCZ__CUD+P13_FINNGEN_SCZ__CUD
7	140235210	141226556	12	P2_PGC_SCZ__ADHD+P3_FINNGEN_SCZ__ADHD+P4_PGC_SCZ__ASD+P5_FINNGEN_SCZ__ASD+P6_PGC_SCZ__OCD+P7_FINNGEN_SCZ__OCD+P8_PGC_SCZ__AN+P9_FINNGEN_SCZ__AN+P10_PGC_SCZ__AUD+P11_FINNGEN_SCZ__AUD+P12_PGC_SCZ__CUD+P13_FINNGEN_SCZ__CUD
7	141226557	142656309	12	P2_PGC_SCZ__ADHD+P3_FINNGEN_SCZ__ADHD+P4_PGC_SCZ__ASD+P5_FINNGEN_SCZ__ASD+P6_PGC_SCZ__OCD+P7_FINNGEN_SCZ__OCD+P8_PGC_SCZ__AN+P9_FINNGEN_SCZ__AN+P10_PGC_SCZ__AUD+P11_FINNGEN_SCZ__AUD+P12_PGC_SCZ__CUD+P13_FINNGEN_SCZ__CUD
7	142656310	144968288	12	P2_PGC_SCZ__ADHD+P3_FINNGEN_SCZ__ADHD+P4_PGC_SCZ__ASD+P5_FINNGEN_SCZ__ASD+P6_PGC_SCZ__OCD+P7_FINNGEN_SCZ__OCD+P8_PGC_SCZ__AN+P9_FINNGEN_SCZ__AN+P10_PGC_SCZ__AUD+P11_FINNGEN_SCZ__AUD+P12_PGC_SCZ__CUD+P13_FINNGEN_SCZ__CUD
7	144968289	146427959	12	P2_PGC_SCZ__ADHD+P3_FINNGEN_SCZ__ADHD+P4_PGC_SCZ__ASD+P5_FINNGEN_SCZ__ASD+P6_PGC_SCZ__OCD+P7_FINNGEN_SCZ__OCD+P8_PGC_SCZ__AN+P9_FINNGEN_SCZ__AN+P10_PGC_SCZ__AUD+P11_FINNGEN_SCZ__AUD+P12_PGC_SCZ__CUD+P13_FINNGEN_SCZ__CUD
7	146427960	147815317	12	P2_PGC_SCZ__ADHD+P3_FINNGEN_SCZ__ADHD+P4_PGC_SCZ__ASD+P5_FINNGEN_SCZ__ASD+P6_PGC_SCZ__OCD+P7_FINNGEN_SCZ__OCD+P8_PGC_SCZ__AN+P9_FINNGEN_SCZ__AN+P10_PGC_SCZ__AUD+P11_FINNGEN_SCZ__AUD+P12_PGC_SCZ__CUD+P13_FINNGEN_SCZ__CUD
7	147815318	149840657	12	P2_PGC_SCZ__ADHD+P3_FINNGEN_SCZ__ADHD+P4_PGC_SCZ__ASD+P5_FINNGEN_SCZ__ASD+P6_PGC_SCZ__OCD+P7_FINNGEN_SCZ__OCD+P8_PGC_SCZ__AN+P9_FINNGEN_SCZ__AN+P10_PGC_SCZ__AUD+P11_FINNGEN_SCZ__AUD+P12_PGC_SCZ__CUD+P13_FINNGEN_SCZ__CUD
7	149840658	150711504	12	P2_PGC_SCZ__ADHD+P3_FINNGEN_SCZ__ADHD+P4_PGC_SCZ__ASD+P5_FINNGEN_SCZ__ASD+P6_PGC_SCZ__OCD+P7_FINNGEN_SCZ__OCD+P8_PGC_SCZ__AN+P9_FINNGEN_SCZ__AN+P10_PGC_SCZ__AUD+P11_FINNGEN_SCZ__AUD+P12_PGC_SCZ__CUD+P13_FINNGEN_SCZ__CUD
7	150711505	152249805	12	P2_PGC_SCZ__ADHD+P3_FINNGEN_SCZ__ADHD+P4_PGC_SCZ__ASD+P5_FINNGEN_SCZ__ASD+P6_PGC_SCZ__OCD+P7_FINNGEN_SCZ__OCD+P8_PGC_SCZ__AN+P9_FINNGEN_SCZ__AN+P10_PGC_SCZ__AUD+P11_FINNGEN_SCZ__AUD+P12_PGC_SCZ__CUD+P13_FINNGEN_SCZ__CUD
7	152249806	153674018	12	P2_PGC_SCZ__ADHD+P3_FINNGEN_SCZ__ADHD+P4_PGC_SCZ__ASD+P5_FINNGEN_SCZ__ASD+P6_PGC_SCZ__OCD+P7_FINNGEN_SCZ__OCD+P8_PGC_SCZ__AN+P9_FINNGEN_SCZ__AN+P10_PGC_SCZ__AUD+P11_FINNGEN_SCZ__AUD+P12_PGC_SCZ__CUD+P13_FINNGEN_SCZ__CUD
7	153674019	154964729	12	P2_PGC_SCZ__ADHD+P3_FINNGEN_SCZ__ADHD+P4_PGC_SCZ__ASD+P5_FINNGEN_SCZ__ASD+P6_PGC_SCZ__OCD+P7_FINNGEN_SCZ__OCD+P8_PGC_SCZ__AN+P9_FINNGEN_SCZ__AN+P10_PGC_SCZ__AUD+P11_FINNGEN_SCZ__AUD+P12_PGC_SCZ__CUD+P13_FINNGEN_SCZ__CUD
7	154964730	156065249	12	P2_PGC_SCZ__ADHD+P3_FINNGEN_SCZ__ADHD+P4_PGC_SCZ__ASD+P5_FINNGEN_SCZ__ASD+P6_PGC_SCZ__OCD+P7_FINNGEN_SCZ__OCD+P8_PGC_SCZ__AN+P9_FINNGEN_SCZ__AN+P10_PGC_SCZ__AUD+P11_FINNGEN_SCZ__AUD+P12_PGC_SCZ__CUD+P13_FINNGEN_SCZ__CUD
7	156065250	157634596	12	P2_PGC_SCZ__ADHD+P3_FINNGEN_SCZ__ADHD+P4_PGC_SCZ__ASD+P5_FINNGEN_SCZ__ASD+P6_PGC_SCZ__OCD+P7_FINNGEN_SCZ__OCD+P8_PGC_SCZ__AN+P9_FINNGEN_SCZ__AN+P10_PGC_SCZ__AUD+P11_FINNGEN_SCZ__AUD+P12_PGC_SCZ__CUD+P13_FINNGEN_SCZ__CUD
7	157634597	159128574	12	P2_PGC_SCZ__ADHD+P3_FINNGEN_SCZ__ADHD+P4_PGC_SCZ__ASD+P5_FINNGEN_SCZ__ASD+P6_PGC_SCZ__OCD+P7_FINNGEN_SCZ__OCD+P8_PGC_SCZ__AN+P9_FINNGEN_SCZ__AN+P10_PGC_SCZ__AUD+P11_FINNGEN_SCZ__AUD+P12_PGC_SCZ__CUD+P13_FINNGEN_SCZ__CUD
8	10422	1044216	12	P2_PGC_SCZ__ADHD+P3_FINNGEN_SCZ__ADHD+P4_PGC_SCZ__ASD+P5_FINNGEN_SCZ__ASD+P6_PGC_SCZ__OCD+P7_FINNGEN_SCZ__OCD+P8_PGC_SCZ__AN+P9_FINNGEN_SCZ__AN+P10_PGC_SCZ__AUD+P11_FINNGEN_SCZ__AUD+P12_PGC_SCZ__CUD+P13_FINNGEN_SCZ__CUD
8	1044217	1163244	2	P2_PGC_SCZ__ADHD+P3_FINNGEN_SCZ__ADHD
8	1163245	2042941	12	P2_PGC_SCZ__ADHD+P3_FINNGEN_SCZ__ADHD+P4_PGC_SCZ__ASD+P5_FINNGEN_SCZ__ASD+P6_PGC_SCZ__OCD+P7_FINNGEN_SCZ__OCD+P8_PGC_SCZ__AN+P9_FINNGEN_SCZ__AN+P10_PGC_SCZ__AUD+P11_FINNGEN_SCZ__AUD+P12_PGC_SCZ__CUD+P13_FINNGEN_SCZ__CUD
8	2042942	2573278	12	P2_PGC_SCZ__ADHD+P3_FINNGEN_SCZ__ADHD+P4_PGC_SCZ__ASD+P5_FINNGEN_SCZ__ASD+P6_PGC_SCZ__OCD+P7_FINNGEN_SCZ__OCD+P8_PGC_SCZ__AN+P9_FINNGEN_SCZ__AN+P10_PGC_SCZ__AUD+P11_FINNGEN_SCZ__AUD+P12_PGC_SCZ__CUD+P13_FINNGEN_SCZ__CUD
8	2573279	3392925	12	P2_PGC_SCZ__ADHD+P3_FINNGEN_SCZ__ADHD+P4_PGC_SCZ__ASD+P5_FINNGEN_SCZ__ASD+P6_PGC_SCZ__OCD+P7_FINNGEN_SCZ__OCD+P8_PGC_SCZ__AN+P9_FINNGEN_SCZ__AN+P10_PGC_SCZ__AUD+P11_FINNGEN_SCZ__AUD+P12_PGC_SCZ__CUD+P13_FINNGEN_SCZ__CUD
8	3392926	3783016	12	P2_PGC_SCZ__ADHD+P3_FINNGEN_SCZ__ADHD+P4_PGC_SCZ__ASD+P5_FINNGEN_SCZ__ASD+P6_PGC_SCZ__OCD+P7_FINNGEN_SCZ__OCD+P8_PGC_SCZ__AN+P9_FINNGEN_SCZ__AN+P10_PGC_SCZ__AUD+P11_FINNGEN_SCZ__AUD+P12_PGC_SCZ__CUD+P13_FINNGEN_SCZ__CUD
8	3783017	4480475	12	P2_PGC_SCZ__ADHD+P3_FINNGEN_SCZ__ADHD+P4_PGC_SCZ__ASD+P5_FINNGEN_SCZ__ASD+P6_PGC_SCZ__OCD+P7_FINNGEN_SCZ__OCD+P8_PGC_SCZ__AN+P9_FINNGEN_SCZ__AN+P10_PGC_SCZ__AUD+P11_FINNGEN_SCZ__AUD+P12_PGC_SCZ__CUD+P13_FINNGEN_SCZ__CUD
8	4480476	5146926	12	P2_PGC_SCZ__ADHD+P3_FINNGEN_SCZ__ADHD+P4_PGC_SCZ__ASD+P5_FINNGEN_SCZ__ASD+P6_PGC_SCZ__OCD+P7_FINNGEN_SCZ__OCD+P8_PGC_SCZ__AN+P9_FINNGEN_SCZ__AN+P10_PGC_SCZ__AUD+P11_FINNGEN_SCZ__AUD+P12_PGC_SCZ__CUD+P13_FINNGEN_SCZ__CUD
8	5146927	6142796	12	P2_PGC_SCZ__ADHD+P3_FINNGEN_SCZ__ADHD+P4_PGC_SCZ__ASD+P5_FINNGEN_SCZ__ASD+P6_PGC_SCZ__OCD+P7_FINNGEN_SCZ__OCD+P8_PGC_SCZ__AN+P9_FINNGEN_SCZ__AN+P10_PGC_SCZ__AUD+P11_FINNGEN_SCZ__AUD+P12_PGC_SCZ__CUD+P13_FINNGEN_SCZ__CUD
8	6142797	7153078	12	P2_PGC_SCZ__ADHD+P3_FINNGEN_SCZ__ADHD+P4_PGC_SCZ__ASD+P5_FINNGEN_SCZ__ASD+P6_PGC_SCZ__OCD+P7_FINNGEN_SCZ__OCD+P8_PGC_SCZ__AN+P9_FINNGEN_SCZ__AN+P10_PGC_SCZ__AUD+P11_FINNGEN_SCZ__AUD+P12_PGC_SCZ__CUD+P13_FINNGEN_SCZ__CUD
8	7153079	9154693	12	P2_PGC_SCZ__ADHD+P3_FINNGEN_SCZ__ADHD+P4_PGC_SCZ__ASD+P5_FINNGEN_SCZ__ASD+P6_PGC_SCZ__OCD+P7_FINNGEN_SCZ__OCD+P8_PGC_SCZ__AN+P9_FINNGEN_SCZ__AN+P10_PGC_SCZ__AUD+P11_FINNGEN_SCZ__AUD+P12_PGC_SCZ__CUD+P13_FINNGEN_SCZ__CUD
8	9154694	9640786	12	P2_PGC_SCZ__ADHD+P3_FINNGEN_SCZ__ADHD+P4_PGC_SCZ__ASD+P5_FINNGEN_SCZ__ASD+P6_PGC_SCZ__OCD+P7_FINNGEN_SCZ__OCD+P8_PGC_SCZ__AN+P9_FINNGEN_SCZ__AN+P10_PGC_SCZ__AUD+P11_FINNGEN_SCZ__AUD+P12_PGC_SCZ__CUD+P13_FINNGEN_SCZ__CUD
8	9640787	10463196	12	P2_PGC_SCZ__ADHD+P3_FINNGEN_SCZ__ADHD+P4_PGC_SCZ__ASD+P5_FINNGEN_SCZ__ASD+P6_PGC_SCZ__OCD+P7_FINNGEN_SCZ__OCD+P8_PGC_SCZ__AN+P9_FINNGEN_SCZ__AN+P10_PGC_SCZ__AUD+P11_FINNGEN_SCZ__AUD+P12_PGC_SCZ__CUD+P13_FINNGEN_SCZ__CUD
8	10463197	11278997	12	P2_PGC_SCZ__ADHD+P3_FINNGEN_SCZ__ADHD+P4_PGC_SCZ__ASD+P5_FINNGEN_SCZ__ASD+P6_PGC_SCZ__OCD+P7_FINNGEN_SCZ__OCD+P8_PGC_SCZ__AN+P9_FINNGEN_SCZ__AN+P10_PGC_SCZ__AUD+P11_FINNGEN_SCZ__AUD+P12_PGC_SCZ__CUD+P13_FINNGEN_SCZ__CUD
8	11278998	13491774	12	P2_PGC_SCZ__ADHD+P3_FINNGEN_SCZ__ADHD+P4_PGC_SCZ__ASD+P5_FINNGEN_SCZ__ASD+P6_PGC_SCZ__OCD+P7_FINNGEN_SCZ__OCD+P8_PGC_SCZ__AN+P9_FINNGEN_SCZ__AN+P10_PGC_SCZ__AUD+P11_FINNGEN_SCZ__AUD+P12_PGC_SCZ__CUD+P13_FINNGEN_SCZ__CUD
8	13491775	13944991	12	P2_PGC_SCZ__ADHD+P3_FINNGEN_SCZ__ADHD+P4_PGC_SCZ__ASD+P5_FINNGEN_SCZ__ASD+P6_PGC_SCZ__OCD+P7_FINNGEN_SCZ__OCD+P8_PGC_SCZ__AN+P9_FINNGEN_SCZ__AN+P10_PGC_SCZ__AUD+P11_FINNGEN_SCZ__AUD+P12_PGC_SCZ__CUD+P13_FINNGEN_SCZ__CUD
8	13944992	15991659	12	P2_PGC_SCZ__ADHD+P3_FINNGEN_SCZ__ADHD+P4_PGC_SCZ__ASD+P5_FINNGEN_SCZ__ASD+P6_PGC_SCZ__OCD+P7_FINNGEN_SCZ__OCD+P8_PGC_SCZ__AN+P9_FINNGEN_SCZ__AN+P10_PGC_SCZ__AUD+P11_FINNGEN_SCZ__AUD+P12_PGC_SCZ__CUD+P13_FINNGEN_SCZ__CUD
8	15991660	17387875	12	P2_PGC_SCZ__ADHD+P3_FINNGEN_SCZ__ADHD+P4_PGC_SCZ__ASD+P5_FINNGEN_SCZ__ASD+P6_PGC_SCZ__OCD+P7_FINNGEN_SCZ__OCD+P8_PGC_SCZ__AN+P9_FINNGEN_SCZ__AN+P10_PGC_SCZ__AUD+P11_FINNGEN_SCZ__AUD+P12_PGC_SCZ__CUD+P13_FINNGEN_SCZ__CUD
8	17387876	17836398	12	P2_PGC_SCZ__ADHD+P3_FINNGEN_SCZ__ADHD+P4_PGC_SCZ__ASD+P5_FINNGEN_SCZ__ASD+P6_PGC_SCZ__OCD+P7_FINNGEN_SCZ__OCD+P8_PGC_SCZ__AN+P9_FINNGEN_SCZ__AN+P10_PGC_SCZ__AUD+P11_FINNGEN_SCZ__AUD+P12_PGC_SCZ__CUD+P13_FINNGEN_SCZ__CUD
8	17836399	19492839	12	P2_PGC_SCZ__ADHD+P3_FINNGEN_SCZ__ADHD+P4_PGC_SCZ__ASD+P5_FINNGEN_SCZ__ASD+P6_PGC_SCZ__OCD+P7_FINNGEN_SCZ__OCD+P8_PGC_SCZ__AN+P9_FINNGEN_SCZ__AN+P10_PGC_SCZ__AUD+P11_FINNGEN_SCZ__AUD+P12_PGC_SCZ__CUD+P13_FINNGEN_SCZ__CUD
8	19492840	20060855	12	P2_PGC_SCZ__ADHD+P3_FINNGEN_SCZ__ADHD+P4_PGC_SCZ__ASD+P5_FINNGEN_SCZ__ASD+P6_PGC_SCZ__OCD+P7_FINNGEN_SCZ__OCD+P8_PGC_SCZ__AN+P9_FINNGEN_SCZ__AN+P10_PGC_SCZ__AUD+P11_FINNGEN_SCZ__AUD+P12_PGC_SCZ__CUD+P13_FINNGEN_SCZ__CUD
8	20060856	21661736	12	P2_PGC_SCZ__ADHD+P3_FINNGEN_SCZ__ADHD+P4_PGC_SCZ__ASD+P5_FINNGEN_SCZ__ASD+P6_PGC_SCZ__OCD+P7_FINNGEN_SCZ__OCD+P8_PGC_SCZ__AN+P9_FINNGEN_SCZ__AN+P10_PGC_SCZ__AUD+P11_FINNGEN_SCZ__AUD+P12_PGC_SCZ__CUD+P13_FINNGEN_SCZ__CUD
8	21661737	22897056	12	P2_PGC_SCZ__ADHD+P3_FINNGEN_SCZ__ADHD+P4_PGC_SCZ__ASD+P5_FINNGEN_SCZ__ASD+P6_PGC_SCZ__OCD+P7_FINNGEN_SCZ__OCD+P8_PGC_SCZ__AN+P9_FINNGEN_SCZ__AN+P10_PGC_SCZ__AUD+P11_FINNGEN_SCZ__AUD+P12_PGC_SCZ__CUD+P13_FINNGEN_SCZ__CUD
8	22897057	24674717	12	P2_PGC_SCZ__ADHD+P3_FINNGEN_SCZ__ADHD+P4_PGC_SCZ__ASD+P5_FINNGEN_SCZ__ASD+P6_PGC_SCZ__OCD+P7_FINNGEN_SCZ__OCD+P8_PGC_SCZ__AN+P9_FINNGEN_SCZ__AN+P10_PGC_SCZ__AUD+P11_FINNGEN_SCZ__AUD+P12_PGC_SCZ__CUD+P13_FINNGEN_SCZ__CUD
8	24674718	25483453	12	P2_PGC_SCZ__ADHD+P3_FINNGEN_SCZ__ADHD+P4_PGC_SCZ__ASD+P5_FINNGEN_SCZ__ASD+P6_PGC_SCZ__OCD+P7_FINNGEN_SCZ__OCD+P8_PGC_SCZ__AN+P9_FINNGEN_SCZ__AN+P10_PGC_SCZ__AUD+P11_FINNGEN_SCZ__AUD+P12_PGC_SCZ__CUD+P13_FINNGEN_SCZ__CUD
8	25483454	26682524	12	P2_PGC_SCZ__ADHD+P3_FINNGEN_SCZ__ADHD+P4_PGC_SCZ__ASD+P5_FINNGEN_SCZ__ASD+P6_PGC_SCZ__OCD+P7_FINNGEN_SCZ__OCD+P8_PGC_SCZ__AN+P9_FINNGEN_SCZ__AN+P10_PGC_SCZ__AUD+P11_FINNGEN_SCZ__AUD+P12_PGC_SCZ__CUD+P13_FINNGEN_SCZ__CUD
8	26682525	28162391	12	P2_PGC_SCZ__ADHD+P3_FINNGEN_SCZ__ADHD+P4_PGC_SCZ__ASD+P5_FINNGEN_SCZ__ASD+P6_PGC_SCZ__OCD+P7_FINNGEN_SCZ__OCD+P8_PGC_SCZ__AN+P9_FINNGEN_SCZ__AN+P10_PGC_SCZ__AUD+P11_FINNGEN_SCZ__AUD+P12_PGC_SCZ__CUD+P13_FINNGEN_SCZ__CUD
8	28162392	29327895	12	P2_PGC_SCZ__ADHD+P3_FINNGEN_SCZ__ADHD+P4_PGC_SCZ__ASD+P5_FINNGEN_SCZ__ASD+P6_PGC_SCZ__OCD+P7_FINNGEN_SCZ__OCD+P8_PGC_SCZ__AN+P9_FINNGEN_SCZ__AN+P10_PGC_SCZ__AUD+P11_FINNGEN_SCZ__AUD+P12_PGC_SCZ__CUD+P13_FINNGEN_SCZ__CUD
8	29327896	31133728	12	P2_PGC_SCZ__ADHD+P3_FINNGEN_SCZ__ADHD+P4_PGC_SCZ__ASD+P5_FINNGEN_SCZ__ASD+P6_PGC_SCZ__OCD+P7_FINNGEN_SCZ__OCD+P8_PGC_SCZ__AN+P9_FINNGEN_SCZ__AN+P10_PGC_SCZ__AUD+P11_FINNGEN_SCZ__AUD+P12_PGC_SCZ__CUD+P13_FINNGEN_SCZ__CUD
8	31133729	31548359	10	P2_PGC_SCZ__ADHD+P3_FINNGEN_SCZ__ADHD+P4_PGC_SCZ__ASD+P5_FINNGEN_SCZ__ASD+P6_PGC_SCZ__OCD+P7_FINNGEN_SCZ__OCD+P10_PGC_SCZ__AUD+P11_FINNGEN_SCZ__AUD+P12_PGC_SCZ__CUD+P13_FINNGEN_SCZ__CUD
8	31548360	32977217	12	P2_PGC_SCZ__ADHD+P3_FINNGEN_SCZ__ADHD+P4_PGC_SCZ__ASD+P5_FINNGEN_SCZ__ASD+P6_PGC_SCZ__OCD+P7_FINNGEN_SCZ__OCD+P8_PGC_SCZ__AN+P9_FINNGEN_SCZ__AN+P10_PGC_SCZ__AUD+P11_FINNGEN_SCZ__AUD+P12_PGC_SCZ__CUD+P13_FINNGEN_SCZ__CUD
8	32977218	35317231	12	P2_PGC_SCZ__ADHD+P3_FINNGEN_SCZ__ADHD+P4_PGC_SCZ__ASD+P5_FINNGEN_SCZ__ASD+P6_PGC_SCZ__OCD+P7_FINNGEN_SCZ__OCD+P8_PGC_SCZ__AN+P9_FINNGEN_SCZ__AN+P10_PGC_SCZ__AUD+P11_FINNGEN_SCZ__AUD+P12_PGC_SCZ__CUD+P13_FINNGEN_SCZ__CUD
8	35317232	37379388	12	P2_PGC_SCZ__ADHD+P3_FINNGEN_SCZ__ADHD+P4_PGC_SCZ__ASD+P5_FINNGEN_SCZ__ASD+P6_PGC_SCZ__OCD+P7_FINNGEN_SCZ__OCD+P8_PGC_SCZ__AN+P9_FINNGEN_SCZ__AN+P10_PGC_SCZ__AUD+P11_FINNGEN_SCZ__AUD+P12_PGC_SCZ__CUD+P13_FINNGEN_SCZ__CUD
8	37379389	38938805	12	P2_PGC_SCZ__ADHD+P3_FINNGEN_SCZ__ADHD+P4_PGC_SCZ__ASD+P5_FINNGEN_SCZ__ASD+P6_PGC_SCZ__OCD+P7_FINNGEN_SCZ__OCD+P8_PGC_SCZ__AN+P9_FINNGEN_SCZ__AN+P10_PGC_SCZ__AUD+P11_FINNGEN_SCZ__AUD+P12_PGC_SCZ__CUD+P13_FINNGEN_SCZ__CUD
8	38938806	40703336	12	P2_PGC_SCZ__ADHD+P3_FINNGEN_SCZ__ADHD+P4_PGC_SCZ__ASD+P5_FINNGEN_SCZ__ASD+P6_PGC_SCZ__OCD+P7_FINNGEN_SCZ__OCD+P8_PGC_SCZ__AN+P9_FINNGEN_SCZ__AN+P10_PGC_SCZ__AUD+P11_FINNGEN_SCZ__AUD+P12_PGC_SCZ__CUD+P13_FINNGEN_SCZ__CUD
8	40703337	41721453	12	P2_PGC_SCZ__ADHD+P3_FINNGEN_SCZ__ADHD+P4_PGC_SCZ__ASD+P5_FINNGEN_SCZ__ASD+P6_PGC_SCZ__OCD+P7_FINNGEN_SCZ__OCD+P8_PGC_SCZ__AN+P9_FINNGEN_SCZ__AN+P10_PGC_SCZ__AUD+P11_FINNGEN_SCZ__AUD+P12_PGC_SCZ__CUD+P13_FINNGEN_SCZ__CUD
8	41721454	42773822	12	P2_PGC_SCZ__ADHD+P3_FINNGEN_SCZ__ADHD+P4_PGC_SCZ__ASD+P5_FINNGEN_SCZ__ASD+P6_PGC_SCZ__OCD+P7_FINNGEN_SCZ__OCD+P8_PGC_SCZ__AN+P9_FINNGEN_SCZ__AN+P10_PGC_SCZ__AUD+P11_FINNGEN_SCZ__AUD+P12_PGC_SCZ__CUD+P13_FINNGEN_SCZ__CUD
8	42773823	46841314	2	P2_PGC_SCZ__ADHD+P3_FINNGEN_SCZ__ADHD
8	46841315	50082469	12	P2_PGC_SCZ__ADHD+P3_FINNGEN_SCZ__ADHD+P4_PGC_SCZ__ASD+P5_FINNGEN_SCZ__ASD+P6_PGC_SCZ__OCD+P7_FINNGEN_SCZ__OCD+P8_PGC_SCZ__AN+P9_FINNGEN_SCZ__AN+P10_PGC_SCZ__AUD+P11_FINNGEN_SCZ__AUD+P12_PGC_SCZ__CUD+P13_FINNGEN_SCZ__CUD
8	50082470	53302929	12	P2_PGC_SCZ__ADHD+P3_FINNGEN_SCZ__ADHD+P4_PGC_SCZ__ASD+P5_FINNGEN_SCZ__ASD+P6_PGC_SCZ__OCD+P7_FINNGEN_SCZ__OCD+P8_PGC_SCZ__AN+P9_FINNGEN_SCZ__AN+P10_PGC_SCZ__AUD+P11_FINNGEN_SCZ__AUD+P12_PGC_SCZ__CUD+P13_FINNGEN_SCZ__CUD
8	53302930	54418043	12	P2_PGC_SCZ__ADHD+P3_FINNGEN_SCZ__ADHD+P4_PGC_SCZ__ASD+P5_FINNGEN_SCZ__ASD+P6_PGC_SCZ__OCD+P7_FINNGEN_SCZ__OCD+P8_PGC_SCZ__AN+P9_FINNGEN_SCZ__AN+P10_PGC_SCZ__AUD+P11_FINNGEN_SCZ__AUD+P12_PGC_SCZ__CUD+P13_FINNGEN_SCZ__CUD
8	54418044	55945580	12	P2_PGC_SCZ__ADHD+P3_FINNGEN_SCZ__ADHD+P4_PGC_SCZ__ASD+P5_FINNGEN_SCZ__ASD+P6_PGC_SCZ__OCD+P7_FINNGEN_SCZ__OCD+P8_PGC_SCZ__AN+P9_FINNGEN_SCZ__AN+P10_PGC_SCZ__AUD+P11_FINNGEN_SCZ__AUD+P12_PGC_SCZ__CUD+P13_FINNGEN_SCZ__CUD
8	55945581	56956382	12	P2_PGC_SCZ__ADHD+P3_FINNGEN_SCZ__ADHD+P4_PGC_SCZ__ASD+P5_FINNGEN_SCZ__ASD+P6_PGC_SCZ__OCD+P7_FINNGEN_SCZ__OCD+P8_PGC_SCZ__AN+P9_FINNGEN_SCZ__AN+P10_PGC_SCZ__AUD+P11_FINNGEN_SCZ__AUD+P12_PGC_SCZ__CUD+P13_FINNGEN_SCZ__CUD
8	56956383	59068650	12	P2_PGC_SCZ__ADHD+P3_FINNGEN_SCZ__ADHD+P4_PGC_SCZ__ASD+P5_FINNGEN_SCZ__ASD+P6_PGC_SCZ__OCD+P7_FINNGEN_SCZ__OCD+P8_PGC_SCZ__AN+P9_FINNGEN_SCZ__AN+P10_PGC_SCZ__AUD+P11_FINNGEN_SCZ__AUD+P12_PGC_SCZ__CUD+P13_FINNGEN_SCZ__CUD
8	59068651	59728099	12	P2_PGC_SCZ__ADHD+P3_FINNGEN_SCZ__ADHD+P4_PGC_SCZ__ASD+P5_FINNGEN_SCZ__ASD+P6_PGC_SCZ__OCD+P7_FINNGEN_SCZ__OCD+P8_PGC_SCZ__AN+P9_FINNGEN_SCZ__AN+P10_PGC_SCZ__AUD+P11_FINNGEN_SCZ__AUD+P12_PGC_SCZ__CUD+P13_FINNGEN_SCZ__CUD
8	59728100	62329098	11	P3_FINNGEN_SCZ__ADHD+P4_PGC_SCZ__ASD+P5_FINNGEN_SCZ__ASD+P6_PGC_SCZ__OCD+P7_FINNGEN_SCZ__OCD+P8_PGC_SCZ__AN+P9_FINNGEN_SCZ__AN+P10_PGC_SCZ__AUD+P11_FINNGEN_SCZ__AUD+P12_PGC_SCZ__CUD+P13_FINNGEN_SCZ__CUD
8	62329099	63349305	12	P2_PGC_SCZ__ADHD+P3_FINNGEN_SCZ__ADHD+P4_PGC_SCZ__ASD+P5_FINNGEN_SCZ__ASD+P6_PGC_SCZ__OCD+P7_FINNGEN_SCZ__OCD+P8_PGC_SCZ__AN+P9_FINNGEN_SCZ__AN+P10_PGC_SCZ__AUD+P11_FINNGEN_SCZ__AUD+P12_PGC_SCZ__CUD+P13_FINNGEN_SCZ__CUD
8	63349306	65232871	12	P2_PGC_SCZ__ADHD+P3_FINNGEN_SCZ__ADHD+P4_PGC_SCZ__ASD+P5_FINNGEN_SCZ__ASD+P6_PGC_SCZ__OCD+P7_FINNGEN_SCZ__OCD+P8_PGC_SCZ__AN+P9_FINNGEN_SCZ__AN+P10_PGC_SCZ__AUD+P11_FINNGEN_SCZ__AUD+P12_PGC_SCZ__CUD+P13_FINNGEN_SCZ__CUD
8	65232872	66489089	12	P2_PGC_SCZ__ADHD+P3_FINNGEN_SCZ__ADHD+P4_PGC_SCZ__ASD+P5_FINNGEN_SCZ__ASD+P6_PGC_SCZ__OCD+P7_FINNGEN_SCZ__OCD+P8_PGC_SCZ__AN+P9_FINNGEN_SCZ__AN+P10_PGC_SCZ__AUD+P11_FINNGEN_SCZ__AUD+P12_PGC_SCZ__CUD+P13_FINNGEN_SCZ__CUD
8	66489090	69863056	12	P2_PGC_SCZ__ADHD+P3_FINNGEN_SCZ__ADHD+P4_PGC_SCZ__ASD+P5_FINNGEN_SCZ__ASD+P6_PGC_SCZ__OCD+P7_FINNGEN_SCZ__OCD+P8_PGC_SCZ__AN+P9_FINNGEN_SCZ__AN+P10_PGC_SCZ__AUD+P11_FINNGEN_SCZ__AUD+P12_PGC_SCZ__CUD+P13_FINNGEN_SCZ__CUD
8	69863057	70867978	12	P2_PGC_SCZ__ADHD+P3_FINNGEN_SCZ__ADHD+P4_PGC_SCZ__ASD+P5_FINNGEN_SCZ__ASD+P6_PGC_SCZ__OCD+P7_FINNGEN_SCZ__OCD+P8_PGC_SCZ__AN+P9_FINNGEN_SCZ__AN+P10_PGC_SCZ__AUD+P11_FINNGEN_SCZ__AUD+P12_PGC_SCZ__CUD+P13_FINNGEN_SCZ__CUD
8	70867979	72289453	12	P2_PGC_SCZ__ADHD+P3_FINNGEN_SCZ__ADHD+P4_PGC_SCZ__ASD+P5_FINNGEN_SCZ__ASD+P6_PGC_SCZ__OCD+P7_FINNGEN_SCZ__OCD+P8_PGC_SCZ__AN+P9_FINNGEN_SCZ__AN+P10_PGC_SCZ__AUD+P11_FINNGEN_SCZ__AUD+P12_PGC_SCZ__CUD+P13_FINNGEN_SCZ__CUD
8	72289454	73817198	12	P2_PGC_SCZ__ADHD+P3_FINNGEN_SCZ__ADHD+P4_PGC_SCZ__ASD+P5_FINNGEN_SCZ__ASD+P6_PGC_SCZ__OCD+P7_FINNGEN_SCZ__OCD+P8_PGC_SCZ__AN+P9_FINNGEN_SCZ__AN+P10_PGC_SCZ__AUD+P11_FINNGEN_SCZ__AUD+P12_PGC_SCZ__CUD+P13_FINNGEN_SCZ__CUD
8	73817199	75445063	12	P2_PGC_SCZ__ADHD+P3_FINNGEN_SCZ__ADHD+P4_PGC_SCZ__ASD+P5_FINNGEN_SCZ__ASD+P6_PGC_SCZ__OCD+P7_FINNGEN_SCZ__OCD+P8_PGC_SCZ__AN+P9_FINNGEN_SCZ__AN+P10_PGC_SCZ__AUD+P11_FINNGEN_SCZ__AUD+P12_PGC_SCZ__CUD+P13_FINNGEN_SCZ__CUD
8	75445064	76456541	12	P2_PGC_SCZ__ADHD+P3_FINNGEN_SCZ__ADHD+P4_PGC_SCZ__ASD+P5_FINNGEN_SCZ__ASD+P6_PGC_SCZ__OCD+P7_FINNGEN_SCZ__OCD+P8_PGC_SCZ__AN+P9_FINNGEN_SCZ__AN+P10_PGC_SCZ__AUD+P11_FINNGEN_SCZ__AUD+P12_PGC_SCZ__CUD+P13_FINNGEN_SCZ__CUD
8	76456542	79132860	12	P2_PGC_SCZ__ADHD+P3_FINNGEN_SCZ__ADHD+P4_PGC_SCZ__ASD+P5_FINNGEN_SCZ__ASD+P6_PGC_SCZ__OCD+P7_FINNGEN_SCZ__OCD+P8_PGC_SCZ__AN+P9_FINNGEN_SCZ__AN+P10_PGC_SCZ__AUD+P11_FINNGEN_SCZ__AUD+P12_PGC_SCZ__CUD+P13_FINNGEN_SCZ__CUD
8	79132861	81956394	12	P2_PGC_SCZ__ADHD+P3_FINNGEN_SCZ__ADHD+P4_PGC_SCZ__ASD+P5_FINNGEN_SCZ__ASD+P6_PGC_SCZ__OCD+P7_FINNGEN_SCZ__OCD+P8_PGC_SCZ__AN+P9_FINNGEN_SCZ__AN+P10_PGC_SCZ__AUD+P11_FINNGEN_SCZ__AUD+P12_PGC_SCZ__CUD+P13_FINNGEN_SCZ__CUD
8	81956395	82693738	12	P2_PGC_SCZ__ADHD+P3_FINNGEN_SCZ__ADHD+P4_PGC_SCZ__ASD+P5_FINNGEN_SCZ__ASD+P6_PGC_SCZ__OCD+P7_FINNGEN_SCZ__OCD+P8_PGC_SCZ__AN+P9_FINNGEN_SCZ__AN+P10_PGC_SCZ__AUD+P11_FINNGEN_SCZ__AUD+P12_PGC_SCZ__CUD+P13_FINNGEN_SCZ__CUD
8	82693739	84225588	12	P2_PGC_SCZ__ADHD+P3_FINNGEN_SCZ__ADHD+P4_PGC_SCZ__ASD+P5_FINNGEN_SCZ__ASD+P6_PGC_SCZ__OCD+P7_FINNGEN_SCZ__OCD+P8_PGC_SCZ__AN+P9_FINNGEN_SCZ__AN+P10_PGC_SCZ__AUD+P11_FINNGEN_SCZ__AUD+P12_PGC_SCZ__CUD+P13_FINNGEN_SCZ__CUD
8	84225589	85955618	12	P2_PGC_SCZ__ADHD+P3_FINNGEN_SCZ__ADHD+P4_PGC_SCZ__ASD+P5_FINNGEN_SCZ__ASD+P6_PGC_SCZ__OCD+P7_FINNGEN_SCZ__OCD+P8_PGC_SCZ__AN+P9_FINNGEN_SCZ__AN+P10_PGC_SCZ__AUD+P11_FINNGEN_SCZ__AUD+P12_PGC_SCZ__CUD+P13_FINNGEN_SCZ__CUD
8	85955619	87411708	12	P2_PGC_SCZ__ADHD+P3_FINNGEN_SCZ__ADHD+P4_PGC_SCZ__ASD+P5_FINNGEN_SCZ__ASD+P6_PGC_SCZ__OCD+P7_FINNGEN_SCZ__OCD+P8_PGC_SCZ__AN+P9_FINNGEN_SCZ__AN+P10_PGC_SCZ__AUD+P11_FINNGEN_SCZ__AUD+P12_PGC_SCZ__CUD+P13_FINNGEN_SCZ__CUD
8	87411709	89085480	12	P2_PGC_SCZ__ADHD+P3_FINNGEN_SCZ__ADHD+P4_PGC_SCZ__ASD+P5_FINNGEN_SCZ__ASD+P6_PGC_SCZ__OCD+P7_FINNGEN_SCZ__OCD+P8_PGC_SCZ__AN+P9_FINNGEN_SCZ__AN+P10_PGC_SCZ__AUD+P11_FINNGEN_SCZ__AUD+P12_PGC_SCZ__CUD+P13_FINNGEN_SCZ__CUD
8	89085481	90638161	12	P2_PGC_SCZ__ADHD+P3_FINNGEN_SCZ__ADHD+P4_PGC_SCZ__ASD+P5_FINNGEN_SCZ__ASD+P6_PGC_SCZ__OCD+P7_FINNGEN_SCZ__OCD+P8_PGC_SCZ__AN+P9_FINNGEN_SCZ__AN+P10_PGC_SCZ__AUD+P11_FINNGEN_SCZ__AUD+P12_PGC_SCZ__CUD+P13_FINNGEN_SCZ__CUD
8	90638162	93554385	12	P2_PGC_SCZ__ADHD+P3_FINNGEN_SCZ__ADHD+P4_PGC_SCZ__ASD+P5_FINNGEN_SCZ__ASD+P6_PGC_SCZ__OCD+P7_FINNGEN_SCZ__OCD+P8_PGC_SCZ__AN+P9_FINNGEN_SCZ__AN+P10_PGC_SCZ__AUD+P11_FINNGEN_SCZ__AUD+P12_PGC_SCZ__CUD+P13_FINNGEN_SCZ__CUD
8	93554386	95005526	12	P2_PGC_SCZ__ADHD+P3_FINNGEN_SCZ__ADHD+P4_PGC_SCZ__ASD+P5_FINNGEN_SCZ__ASD+P6_PGC_SCZ__OCD+P7_FINNGEN_SCZ__OCD+P8_PGC_SCZ__AN+P9_FINNGEN_SCZ__AN+P10_PGC_SCZ__AUD+P11_FINNGEN_SCZ__AUD+P12_PGC_SCZ__CUD+P13_FINNGEN_SCZ__CUD
8	95005527	96534805	12	P2_PGC_SCZ__ADHD+P3_FINNGEN_SCZ__ADHD+P4_PGC_SCZ__ASD+P5_FINNGEN_SCZ__ASD+P6_PGC_SCZ__OCD+P7_FINNGEN_SCZ__OCD+P8_PGC_SCZ__AN+P9_FINNGEN_SCZ__AN+P10_PGC_SCZ__AUD+P11_FINNGEN_SCZ__AUD+P12_PGC_SCZ__CUD+P13_FINNGEN_SCZ__CUD
8	96534806	99401580	12	P2_PGC_SCZ__ADHD+P3_FINNGEN_SCZ__ADHD+P4_PGC_SCZ__ASD+P5_FINNGEN_SCZ__ASD+P6_PGC_SCZ__OCD+P7_FINNGEN_SCZ__OCD+P8_PGC_SCZ__AN+P9_FINNGEN_SCZ__AN+P10_PGC_SCZ__AUD+P11_FINNGEN_SCZ__AUD+P12_PGC_SCZ__CUD+P13_FINNGEN_SCZ__CUD
8	99401581	101620957	12	P2_PGC_SCZ__ADHD+P3_FINNGEN_SCZ__ADHD+P4_PGC_SCZ__ASD+P5_FINNGEN_SCZ__ASD+P6_PGC_SCZ__OCD+P7_FINNGEN_SCZ__OCD+P8_PGC_SCZ__AN+P9_FINNGEN_SCZ__AN+P10_PGC_SCZ__AUD+P11_FINNGEN_SCZ__AUD+P12_PGC_SCZ__CUD+P13_FINNGEN_SCZ__CUD
8	101620958	104123305	12	P2_PGC_SCZ__ADHD+P3_FINNGEN_SCZ__ADHD+P4_PGC_SCZ__ASD+P5_FINNGEN_SCZ__ASD+P6_PGC_SCZ__OCD+P7_FINNGEN_SCZ__OCD+P8_PGC_SCZ__AN+P9_FINNGEN_SCZ__AN+P10_PGC_SCZ__AUD+P11_FINNGEN_SCZ__AUD+P12_PGC_SCZ__CUD+P13_FINNGEN_SCZ__CUD
8	104123306	104988751	12	P2_PGC_SCZ__ADHD+P3_FINNGEN_SCZ__ADHD+P4_PGC_SCZ__ASD+P5_FINNGEN_SCZ__ASD+P6_PGC_SCZ__OCD+P7_FINNGEN_SCZ__OCD+P8_PGC_SCZ__AN+P9_FINNGEN_SCZ__AN+P10_PGC_SCZ__AUD+P11_FINNGEN_SCZ__AUD+P12_PGC_SCZ__CUD+P13_FINNGEN_SCZ__CUD
8	104988752	107410753	12	P2_PGC_SCZ__ADHD+P3_FINNGEN_SCZ__ADHD+P4_PGC_SCZ__ASD+P5_FINNGEN_SCZ__ASD+P6_PGC_SCZ__OCD+P7_FINNGEN_SCZ__OCD+P8_PGC_SCZ__AN+P9_FINNGEN_SCZ__AN+P10_PGC_SCZ__AUD+P11_FINNGEN_SCZ__AUD+P12_PGC_SCZ__CUD+P13_FINNGEN_SCZ__CUD
8	107410754	108648176	12	P2_PGC_SCZ__ADHD+P3_FINNGEN_SCZ__ADHD+P4_PGC_SCZ__ASD+P5_FINNGEN_SCZ__ASD+P6_PGC_SCZ__OCD+P7_FINNGEN_SCZ__OCD+P8_PGC_SCZ__AN+P9_FINNGEN_SCZ__AN+P10_PGC_SCZ__AUD+P11_FINNGEN_SCZ__AUD+P12_PGC_SCZ__CUD+P13_FINNGEN_SCZ__CUD
8	108648177	109248172	12	P2_PGC_SCZ__ADHD+P3_FINNGEN_SCZ__ADHD+P4_PGC_SCZ__ASD+P5_FINNGEN_SCZ__ASD+P6_PGC_SCZ__OCD+P7_FINNGEN_SCZ__OCD+P8_PGC_SCZ__AN+P9_FINNGEN_SCZ__AN+P10_PGC_SCZ__AUD+P11_FINNGEN_SCZ__AUD+P12_PGC_SCZ__CUD+P13_FINNGEN_SCZ__CUD
8	109248173	110484313	12	P2_PGC_SCZ__ADHD+P3_FINNGEN_SCZ__ADHD+P4_PGC_SCZ__ASD+P5_FINNGEN_SCZ__ASD+P6_PGC_SCZ__OCD+P7_FINNGEN_SCZ__OCD+P8_PGC_SCZ__AN+P9_FINNGEN_SCZ__AN+P10_PGC_SCZ__AUD+P11_FINNGEN_SCZ__AUD+P12_PGC_SCZ__CUD+P13_FINNGEN_SCZ__CUD
8	110484314	111850846	12	P2_PGC_SCZ__ADHD+P3_FINNGEN_SCZ__ADHD+P4_PGC_SCZ__ASD+P5_FINNGEN_SCZ__ASD+P6_PGC_SCZ__OCD+P7_FINNGEN_SCZ__OCD+P8_PGC_SCZ__AN+P9_FINNGEN_SCZ__AN+P10_PGC_SCZ__AUD+P11_FINNGEN_SCZ__AUD+P12_PGC_SCZ__CUD+P13_FINNGEN_SCZ__CUD
8	111850847	113064319	12	P2_PGC_SCZ__ADHD+P3_FINNGEN_SCZ__ADHD+P4_PGC_SCZ__ASD+P5_FINNGEN_SCZ__ASD+P6_PGC_SCZ__OCD+P7_FINNGEN_SCZ__OCD+P8_PGC_SCZ__AN+P9_FINNGEN_SCZ__AN+P10_PGC_SCZ__AUD+P11_FINNGEN_SCZ__AUD+P12_PGC_SCZ__CUD+P13_FINNGEN_SCZ__CUD
8	113064320	116096494	12	P2_PGC_SCZ__ADHD+P3_FINNGEN_SCZ__ADHD+P4_PGC_SCZ__ASD+P5_FINNGEN_SCZ__ASD+P6_PGC_SCZ__OCD+P7_FINNGEN_SCZ__OCD+P8_PGC_SCZ__AN+P9_FINNGEN_SCZ__AN+P10_PGC_SCZ__AUD+P11_FINNGEN_SCZ__AUD+P12_PGC_SCZ__CUD+P13_FINNGEN_SCZ__CUD
8	116096495	119685456	12	P2_PGC_SCZ__ADHD+P3_FINNGEN_SCZ__ADHD+P4_PGC_SCZ__ASD+P5_FINNGEN_SCZ__ASD+P6_PGC_SCZ__OCD+P7_FINNGEN_SCZ__OCD+P8_PGC_SCZ__AN+P9_FINNGEN_SCZ__AN+P10_PGC_SCZ__AUD+P11_FINNGEN_SCZ__AUD+P12_PGC_SCZ__CUD+P13_FINNGEN_SCZ__CUD
8	119685457	121201699	12	P2_PGC_SCZ__ADHD+P3_FINNGEN_SCZ__ADHD+P4_PGC_SCZ__ASD+P5_FINNGEN_SCZ__ASD+P6_PGC_SCZ__OCD+P7_FINNGEN_SCZ__OCD+P8_PGC_SCZ__AN+P9_FINNGEN_SCZ__AN+P10_PGC_SCZ__AUD+P11_FINNGEN_SCZ__AUD+P12_PGC_SCZ__CUD+P13_FINNGEN_SCZ__CUD
8	121201700	124861458	12	P2_PGC_SCZ__ADHD+P3_FINNGEN_SCZ__ADHD+P4_PGC_SCZ__ASD+P5_FINNGEN_SCZ__ASD+P6_PGC_SCZ__OCD+P7_FINNGEN_SCZ__OCD+P8_PGC_SCZ__AN+P9_FINNGEN_SCZ__AN+P10_PGC_SCZ__AUD+P11_FINNGEN_SCZ__AUD+P12_PGC_SCZ__CUD+P13_FINNGEN_SCZ__CUD
8	124861459	125683718	12	P2_PGC_SCZ__ADHD+P3_FINNGEN_SCZ__ADHD+P4_PGC_SCZ__ASD+P5_FINNGEN_SCZ__ASD+P6_PGC_SCZ__OCD+P7_FINNGEN_SCZ__OCD+P8_PGC_SCZ__AN+P9_FINNGEN_SCZ__AN+P10_PGC_SCZ__AUD+P11_FINNGEN_SCZ__AUD+P12_PGC_SCZ__CUD+P13_FINNGEN_SCZ__CUD
8	125683719	126410916	12	P2_PGC_SCZ__ADHD+P3_FINNGEN_SCZ__ADHD+P4_PGC_SCZ__ASD+P5_FINNGEN_SCZ__ASD+P6_PGC_SCZ__OCD+P7_FINNGEN_SCZ__OCD+P8_PGC_SCZ__AN+P9_FINNGEN_SCZ__AN+P10_PGC_SCZ__AUD+P11_FINNGEN_SCZ__AUD+P12_PGC_SCZ__CUD+P13_FINNGEN_SCZ__CUD
8	126410917	128659110	12	P2_PGC_SCZ__ADHD+P3_FINNGEN_SCZ__ADHD+P4_PGC_SCZ__ASD+P5_FINNGEN_SCZ__ASD+P6_PGC_SCZ__OCD+P7_FINNGEN_SCZ__OCD+P8_PGC_SCZ__AN+P9_FINNGEN_SCZ__AN+P10_PGC_SCZ__AUD+P11_FINNGEN_SCZ__AUD+P12_PGC_SCZ__CUD+P13_FINNGEN_SCZ__CUD
8	128659111	130381138	12	P2_PGC_SCZ__ADHD+P3_FINNGEN_SCZ__ADHD+P4_PGC_SCZ__ASD+P5_FINNGEN_SCZ__ASD+P6_PGC_SCZ__OCD+P7_FINNGEN_SCZ__OCD+P8_PGC_SCZ__AN+P9_FINNGEN_SCZ__AN+P10_PGC_SCZ__AUD+P11_FINNGEN_SCZ__AUD+P12_PGC_SCZ__CUD+P13_FINNGEN_SCZ__CUD
8	130381139	131639624	12	P2_PGC_SCZ__ADHD+P3_FINNGEN_SCZ__ADHD+P4_PGC_SCZ__ASD+P5_FINNGEN_SCZ__ASD+P6_PGC_SCZ__OCD+P7_FINNGEN_SCZ__OCD+P8_PGC_SCZ__AN+P9_FINNGEN_SCZ__AN+P10_PGC_SCZ__AUD+P11_FINNGEN_SCZ__AUD+P12_PGC_SCZ__CUD+P13_FINNGEN_SCZ__CUD
8	131639625	133351143	12	P2_PGC_SCZ__ADHD+P3_FINNGEN_SCZ__ADHD+P4_PGC_SCZ__ASD+P5_FINNGEN_SCZ__ASD+P6_PGC_SCZ__OCD+P7_FINNGEN_SCZ__OCD+P8_PGC_SCZ__AN+P9_FINNGEN_SCZ__AN+P10_PGC_SCZ__AUD+P11_FINNGEN_SCZ__AUD+P12_PGC_SCZ__CUD+P13_FINNGEN_SCZ__CUD
8	133351144	134570000	12	P2_PGC_SCZ__ADHD+P3_FINNGEN_SCZ__ADHD+P4_PGC_SCZ__ASD+P5_FINNGEN_SCZ__ASD+P6_PGC_SCZ__OCD+P7_FINNGEN_SCZ__OCD+P8_PGC_SCZ__AN+P9_FINNGEN_SCZ__AN+P10_PGC_SCZ__AUD+P11_FINNGEN_SCZ__AUD+P12_PGC_SCZ__CUD+P13_FINNGEN_SCZ__CUD
8	134570001	136035604	12	P2_PGC_SCZ__ADHD+P3_FINNGEN_SCZ__ADHD+P4_PGC_SCZ__ASD+P5_FINNGEN_SCZ__ASD+P6_PGC_SCZ__OCD+P7_FINNGEN_SCZ__OCD+P8_PGC_SCZ__AN+P9_FINNGEN_SCZ__AN+P10_PGC_SCZ__AUD+P11_FINNGEN_SCZ__AUD+P12_PGC_SCZ__CUD+P13_FINNGEN_SCZ__CUD
8	136035605	137524150	12	P2_PGC_SCZ__ADHD+P3_FINNGEN_SCZ__ADHD+P4_PGC_SCZ__ASD+P5_FINNGEN_SCZ__ASD+P6_PGC_SCZ__OCD+P7_FINNGEN_SCZ__OCD+P8_PGC_SCZ__AN+P9_FINNGEN_SCZ__AN+P10_PGC_SCZ__AUD+P11_FINNGEN_SCZ__AUD+P12_PGC_SCZ__CUD+P13_FINNGEN_SCZ__CUD
8	137524151	139254829	12	P2_PGC_SCZ__ADHD+P3_FINNGEN_SCZ__ADHD+P4_PGC_SCZ__ASD+P5_FINNGEN_SCZ__ASD+P6_PGC_SCZ__OCD+P7_FINNGEN_SCZ__OCD+P8_PGC_SCZ__AN+P9_FINNGEN_SCZ__AN+P10_PGC_SCZ__AUD+P11_FINNGEN_SCZ__AUD+P12_PGC_SCZ__CUD+P13_FINNGEN_SCZ__CUD
8	139254830	140725642	12	P2_PGC_SCZ__ADHD+P3_FINNGEN_SCZ__ADHD+P4_PGC_SCZ__ASD+P5_FINNGEN_SCZ__ASD+P6_PGC_SCZ__OCD+P7_FINNGEN_SCZ__OCD+P8_PGC_SCZ__AN+P9_FINNGEN_SCZ__AN+P10_PGC_SCZ__AUD+P11_FINNGEN_SCZ__AUD+P12_PGC_SCZ__CUD+P13_FINNGEN_SCZ__CUD
8	140725643	143044913	12	P2_PGC_SCZ__ADHD+P3_FINNGEN_SCZ__ADHD+P4_PGC_SCZ__ASD+P5_FINNGEN_SCZ__ASD+P6_PGC_SCZ__OCD+P7_FINNGEN_SCZ__OCD+P8_PGC_SCZ__AN+P9_FINNGEN_SCZ__AN+P10_PGC_SCZ__AUD+P11_FINNGEN_SCZ__AUD+P12_PGC_SCZ__CUD+P13_FINNGEN_SCZ__CUD
8	143044914	144236880	12	P2_PGC_SCZ__ADHD+P3_FINNGEN_SCZ__ADHD+P4_PGC_SCZ__ASD+P5_FINNGEN_SCZ__ASD+P6_PGC_SCZ__OCD+P7_FINNGEN_SCZ__OCD+P8_PGC_SCZ__AN+P9_FINNGEN_SCZ__AN+P10_PGC_SCZ__AUD+P11_FINNGEN_SCZ__AUD+P12_PGC_SCZ__CUD+P13_FINNGEN_SCZ__CUD
8	144236881	146303866	12	P2_PGC_SCZ__ADHD+P3_FINNGEN_SCZ__ADHD+P4_PGC_SCZ__ASD+P5_FINNGEN_SCZ__ASD+P6_PGC_SCZ__OCD+P7_FINNGEN_SCZ__OCD+P8_PGC_SCZ__AN+P9_FINNGEN_SCZ__AN+P10_PGC_SCZ__AUD+P11_FINNGEN_SCZ__AUD+P12_PGC_SCZ__CUD+P13_FINNGEN_SCZ__CUD
9	10023	1079706	12	P2_PGC_SCZ__ADHD+P3_FINNGEN_SCZ__ADHD+P4_PGC_SCZ__ASD+P5_FINNGEN_SCZ__ASD+P6_PGC_SCZ__OCD+P7_FINNGEN_SCZ__OCD+P8_PGC_SCZ__AN+P9_FINNGEN_SCZ__AN+P10_PGC_SCZ__AUD+P11_FINNGEN_SCZ__AUD+P12_PGC_SCZ__CUD+P13_FINNGEN_SCZ__CUD
9	1079707	1916876	12	P2_PGC_SCZ__ADHD+P3_FINNGEN_SCZ__ADHD+P4_PGC_SCZ__ASD+P5_FINNGEN_SCZ__ASD+P6_PGC_SCZ__OCD+P7_FINNGEN_SCZ__OCD+P8_PGC_SCZ__AN+P9_FINNGEN_SCZ__AN+P10_PGC_SCZ__AUD+P11_FINNGEN_SCZ__AUD+P12_PGC_SCZ__CUD+P13_FINNGEN_SCZ__CUD
9	1916877	3190063	12	P2_PGC_SCZ__ADHD+P3_FINNGEN_SCZ__ADHD+P4_PGC_SCZ__ASD+P5_FINNGEN_SCZ__ASD+P6_PGC_SCZ__OCD+P7_FINNGEN_SCZ__OCD+P8_PGC_SCZ__AN+P9_FINNGEN_SCZ__AN+P10_PGC_SCZ__AUD+P11_FINNGEN_SCZ__AUD+P12_PGC_SCZ__CUD+P13_FINNGEN_SCZ__CUD
9	3190064	4495327	12	P2_PGC_SCZ__ADHD+P3_FINNGEN_SCZ__ADHD+P4_PGC_SCZ__ASD+P5_FINNGEN_SCZ__ASD+P6_PGC_SCZ__OCD+P7_FINNGEN_SCZ__OCD+P8_PGC_SCZ__AN+P9_FINNGEN_SCZ__AN+P10_PGC_SCZ__AUD+P11_FINNGEN_SCZ__AUD+P12_PGC_SCZ__CUD+P13_FINNGEN_SCZ__CUD
9	4495328	4884925	12	P2_PGC_SCZ__ADHD+P3_FINNGEN_SCZ__ADHD+P4_PGC_SCZ__ASD+P5_FINNGEN_SCZ__ASD+P6_PGC_SCZ__OCD+P7_FINNGEN_SCZ__OCD+P8_PGC_SCZ__AN+P9_FINNGEN_SCZ__AN+P10_PGC_SCZ__AUD+P11_FINNGEN_SCZ__AUD+P12_PGC_SCZ__CUD+P13_FINNGEN_SCZ__CUD
9	4884926	6557588	12	P2_PGC_SCZ__ADHD+P3_FINNGEN_SCZ__ADHD+P4_PGC_SCZ__ASD+P5_FINNGEN_SCZ__ASD+P6_PGC_SCZ__OCD+P7_FINNGEN_SCZ__OCD+P8_PGC_SCZ__AN+P9_FINNGEN_SCZ__AN+P10_PGC_SCZ__AUD+P11_FINNGEN_SCZ__AUD+P12_PGC_SCZ__CUD+P13_FINNGEN_SCZ__CUD
9	6557589	7154922	12	P2_PGC_SCZ__ADHD+P3_FINNGEN_SCZ__ADHD+P4_PGC_SCZ__ASD+P5_FINNGEN_SCZ__ASD+P6_PGC_SCZ__OCD+P7_FINNGEN_SCZ__OCD+P8_PGC_SCZ__AN+P9_FINNGEN_SCZ__AN+P10_PGC_SCZ__AUD+P11_FINNGEN_SCZ__AUD+P12_PGC_SCZ__CUD+P13_FINNGEN_SCZ__CUD
9	7154923	8456298	12	P2_PGC_SCZ__ADHD+P3_FINNGEN_SCZ__ADHD+P4_PGC_SCZ__ASD+P5_FINNGEN_SCZ__ASD+P6_PGC_SCZ__OCD+P7_FINNGEN_SCZ__OCD+P8_PGC_SCZ__AN+P9_FINNGEN_SCZ__AN+P10_PGC_SCZ__AUD+P11_FINNGEN_SCZ__AUD+P12_PGC_SCZ__CUD+P13_FINNGEN_SCZ__CUD
9	8456299	9166402	12	P2_PGC_SCZ__ADHD+P3_FINNGEN_SCZ__ADHD+P4_PGC_SCZ__ASD+P5_FINNGEN_SCZ__ASD+P6_PGC_SCZ__OCD+P7_FINNGEN_SCZ__OCD+P8_PGC_SCZ__AN+P9_FINNGEN_SCZ__AN+P10_PGC_SCZ__AUD+P11_FINNGEN_SCZ__AUD+P12_PGC_SCZ__CUD+P13_FINNGEN_SCZ__CUD
9	9166403	10879252	12	P2_PGC_SCZ__ADHD+P3_FINNGEN_SCZ__ADHD+P4_PGC_SCZ__ASD+P5_FINNGEN_SCZ__ASD+P6_PGC_SCZ__OCD+P7_FINNGEN_SCZ__OCD+P8_PGC_SCZ__AN+P9_FINNGEN_SCZ__AN+P10_PGC_SCZ__AUD+P11_FINNGEN_SCZ__AUD+P12_PGC_SCZ__CUD+P13_FINNGEN_SCZ__CUD
9	10879253	12276488	12	P2_PGC_SCZ__ADHD+P3_FINNGEN_SCZ__ADHD+P4_PGC_SCZ__ASD+P5_FINNGEN_SCZ__ASD+P6_PGC_SCZ__OCD+P7_FINNGEN_SCZ__OCD+P8_PGC_SCZ__AN+P9_FINNGEN_SCZ__AN+P10_PGC_SCZ__AUD+P11_FINNGEN_SCZ__AUD+P12_PGC_SCZ__CUD+P13_FINNGEN_SCZ__CUD
9	12276489	14836362	12	P2_PGC_SCZ__ADHD+P3_FINNGEN_SCZ__ADHD+P4_PGC_SCZ__ASD+P5_FINNGEN_SCZ__ASD+P6_PGC_SCZ__OCD+P7_FINNGEN_SCZ__OCD+P8_PGC_SCZ__AN+P9_FINNGEN_SCZ__AN+P10_PGC_SCZ__AUD+P11_FINNGEN_SCZ__AUD+P12_PGC_SCZ__CUD+P13_FINNGEN_SCZ__CUD
9	14836363	16659654	12	P2_PGC_SCZ__ADHD+P3_FINNGEN_SCZ__ADHD+P4_PGC_SCZ__ASD+P5_FINNGEN_SCZ__ASD+P6_PGC_SCZ__OCD+P7_FINNGEN_SCZ__OCD+P8_PGC_SCZ__AN+P9_FINNGEN_SCZ__AN+P10_PGC_SCZ__AUD+P11_FINNGEN_SCZ__AUD+P12_PGC_SCZ__CUD+P13_FINNGEN_SCZ__CUD
9	16659655	18661050	12	P2_PGC_SCZ__ADHD+P3_FINNGEN_SCZ__ADHD+P4_PGC_SCZ__ASD+P5_FINNGEN_SCZ__ASD+P6_PGC_SCZ__OCD+P7_FINNGEN_SCZ__OCD+P8_PGC_SCZ__AN+P9_FINNGEN_SCZ__AN+P10_PGC_SCZ__AUD+P11_FINNGEN_SCZ__AUD+P12_PGC_SCZ__CUD+P13_FINNGEN_SCZ__CUD
9	18661051	20463533	12	P2_PGC_SCZ__ADHD+P3_FINNGEN_SCZ__ADHD+P4_PGC_SCZ__ASD+P5_FINNGEN_SCZ__ASD+P6_PGC_SCZ__OCD+P7_FINNGEN_SCZ__OCD+P8_PGC_SCZ__AN+P9_FINNGEN_SCZ__AN+P10_PGC_SCZ__AUD+P11_FINNGEN_SCZ__AUD+P12_PGC_SCZ__CUD+P13_FINNGEN_SCZ__CUD
9	20463534	22206558	12	P2_PGC_SCZ__ADHD+P3_FINNGEN_SCZ__ADHD+P4_PGC_SCZ__ASD+P5_FINNGEN_SCZ__ASD+P6_PGC_SCZ__OCD+P7_FINNGEN_SCZ__OCD+P8_PGC_SCZ__AN+P9_FINNGEN_SCZ__AN+P10_PGC_SCZ__AUD+P11_FINNGEN_SCZ__AUD+P12_PGC_SCZ__CUD+P13_FINNGEN_SCZ__CUD
9	22206559	24158517	12	P2_PGC_SCZ__ADHD+P3_FINNGEN_SCZ__ADHD+P4_PGC_SCZ__ASD+P5_FINNGEN_SCZ__ASD+P6_PGC_SCZ__OCD+P7_FINNGEN_SCZ__OCD+P8_PGC_SCZ__AN+P9_FINNGEN_SCZ__AN+P10_PGC_SCZ__AUD+P11_FINNGEN_SCZ__AUD+P12_PGC_SCZ__CUD+P13_FINNGEN_SCZ__CUD
9	24158518	25330809	12	P2_PGC_SCZ__ADHD+P3_FINNGEN_SCZ__ADHD+P4_PGC_SCZ__ASD+P5_FINNGEN_SCZ__ASD+P6_PGC_SCZ__OCD+P7_FINNGEN_SCZ__OCD+P8_PGC_SCZ__AN+P9_FINNGEN_SCZ__AN+P10_PGC_SCZ__AUD+P11_FINNGEN_SCZ__AUD+P12_PGC_SCZ__CUD+P13_FINNGEN_SCZ__CUD
9	25330810	26111756	12	P2_PGC_SCZ__ADHD+P3_FINNGEN_SCZ__ADHD+P4_PGC_SCZ__ASD+P5_FINNGEN_SCZ__ASD+P6_PGC_SCZ__OCD+P7_FINNGEN_SCZ__OCD+P8_PGC_SCZ__AN+P9_FINNGEN_SCZ__AN+P10_PGC_SCZ__AUD+P11_FINNGEN_SCZ__AUD+P12_PGC_SCZ__CUD+P13_FINNGEN_SCZ__CUD
9	26111757	28224282	12	P2_PGC_SCZ__ADHD+P3_FINNGEN_SCZ__ADHD+P4_PGC_SCZ__ASD+P5_FINNGEN_SCZ__ASD+P6_PGC_SCZ__OCD+P7_FINNGEN_SCZ__OCD+P8_PGC_SCZ__AN+P9_FINNGEN_SCZ__AN+P10_PGC_SCZ__AUD+P11_FINNGEN_SCZ__AUD+P12_PGC_SCZ__CUD+P13_FINNGEN_SCZ__CUD
9	28224283	28811583	12	P2_PGC_SCZ__ADHD+P3_FINNGEN_SCZ__ADHD+P4_PGC_SCZ__ASD+P5_FINNGEN_SCZ__ASD+P6_PGC_SCZ__OCD+P7_FINNGEN_SCZ__OCD+P8_PGC_SCZ__AN+P9_FINNGEN_SCZ__AN+P10_PGC_SCZ__AUD+P11_FINNGEN_SCZ__AUD+P12_PGC_SCZ__CUD+P13_FINNGEN_SCZ__CUD
9	28811584	30387391	12	P2_PGC_SCZ__ADHD+P3_FINNGEN_SCZ__ADHD+P4_PGC_SCZ__ASD+P5_FINNGEN_SCZ__ASD+P6_PGC_SCZ__OCD+P7_FINNGEN_SCZ__OCD+P8_PGC_SCZ__AN+P9_FINNGEN_SCZ__AN+P10_PGC_SCZ__AUD+P11_FINNGEN_SCZ__AUD+P12_PGC_SCZ__CUD+P13_FINNGEN_SCZ__CUD
9	30387392	31310382	12	P2_PGC_SCZ__ADHD+P3_FINNGEN_SCZ__ADHD+P4_PGC_SCZ__ASD+P5_FINNGEN_SCZ__ASD+P6_PGC_SCZ__OCD+P7_FINNGEN_SCZ__OCD+P8_PGC_SCZ__AN+P9_FINNGEN_SCZ__AN+P10_PGC_SCZ__AUD+P11_FINNGEN_SCZ__AUD+P12_PGC_SCZ__CUD+P13_FINNGEN_SCZ__CUD
9	31310383	32019367	12	P2_PGC_SCZ__ADHD+P3_FINNGEN_SCZ__ADHD+P4_PGC_SCZ__ASD+P5_FINNGEN_SCZ__ASD+P6_PGC_SCZ__OCD+P7_FINNGEN_SCZ__OCD+P8_PGC_SCZ__AN+P9_FINNGEN_SCZ__AN+P10_PGC_SCZ__AUD+P11_FINNGEN_SCZ__AUD+P12_PGC_SCZ__CUD+P13_FINNGEN_SCZ__CUD
9	32019368	33578333	12	P2_PGC_SCZ__ADHD+P3_FINNGEN_SCZ__ADHD+P4_PGC_SCZ__ASD+P5_FINNGEN_SCZ__ASD+P6_PGC_SCZ__OCD+P7_FINNGEN_SCZ__OCD+P8_PGC_SCZ__AN+P9_FINNGEN_SCZ__AN+P10_PGC_SCZ__AUD+P11_FINNGEN_SCZ__AUD+P12_PGC_SCZ__CUD+P13_FINNGEN_SCZ__CUD
9	33578334	34642242	12	P2_PGC_SCZ__ADHD+P3_FINNGEN_SCZ__ADHD+P4_PGC_SCZ__ASD+P5_FINNGEN_SCZ__ASD+P6_PGC_SCZ__OCD+P7_FINNGEN_SCZ__OCD+P8_PGC_SCZ__AN+P9_FINNGEN_SCZ__AN+P10_PGC_SCZ__AUD+P11_FINNGEN_SCZ__AUD+P12_PGC_SCZ__CUD+P13_FINNGEN_SCZ__CUD
9	34642243	36743282	12	P2_PGC_SCZ__ADHD+P3_FINNGEN_SCZ__ADHD+P4_PGC_SCZ__ASD+P5_FINNGEN_SCZ__ASD+P6_PGC_SCZ__OCD+P7_FINNGEN_SCZ__OCD+P8_PGC_SCZ__AN+P9_FINNGEN_SCZ__AN+P10_PGC_SCZ__AUD+P11_FINNGEN_SCZ__AUD+P12_PGC_SCZ__CUD+P13_FINNGEN_SCZ__CUD
9	36743283	38641598	12	P2_PGC_SCZ__ADHD+P3_FINNGEN_SCZ__ADHD+P4_PGC_SCZ__ASD+P5_FINNGEN_SCZ__ASD+P6_PGC_SCZ__OCD+P7_FINNGEN_SCZ__OCD+P8_PGC_SCZ__AN+P9_FINNGEN_SCZ__AN+P10_PGC_SCZ__AUD+P11_FINNGEN_SCZ__AUD+P12_PGC_SCZ__CUD+P13_FINNGEN_SCZ__CUD
9	38641599	65472189	2	P2_PGC_SCZ__ADHD+P3_FINNGEN_SCZ__ADHD
9	65472190	72512710	12	P2_PGC_SCZ__ADHD+P3_FINNGEN_SCZ__ADHD+P4_PGC_SCZ__ASD+P5_FINNGEN_SCZ__ASD+P6_PGC_SCZ__OCD+P7_FINNGEN_SCZ__OCD+P8_PGC_SCZ__AN+P9_FINNGEN_SCZ__AN+P10_PGC_SCZ__AUD+P11_FINNGEN_SCZ__AUD+P12_PGC_SCZ__CUD+P13_FINNGEN_SCZ__CUD
9	72512711	72753754	2	P2_PGC_SCZ__ADHD+P3_FINNGEN_SCZ__ADHD
9	72753755	74253039	12	P2_PGC_SCZ__ADHD+P3_FINNGEN_SCZ__ADHD+P4_PGC_SCZ__ASD+P5_FINNGEN_SCZ__ASD+P6_PGC_SCZ__OCD+P7_FINNGEN_SCZ__OCD+P8_PGC_SCZ__AN+P9_FINNGEN_SCZ__AN+P10_PGC_SCZ__AUD+P11_FINNGEN_SCZ__AUD+P12_PGC_SCZ__CUD+P13_FINNGEN_SCZ__CUD
9	74253040	76203945	12	P2_PGC_SCZ__ADHD+P3_FINNGEN_SCZ__ADHD+P4_PGC_SCZ__ASD+P5_FINNGEN_SCZ__ASD+P6_PGC_SCZ__OCD+P7_FINNGEN_SCZ__OCD+P8_PGC_SCZ__AN+P9_FINNGEN_SCZ__AN+P10_PGC_SCZ__AUD+P11_FINNGEN_SCZ__AUD+P12_PGC_SCZ__CUD+P13_FINNGEN_SCZ__CUD
9	76203946	76973080	12	P2_PGC_SCZ__ADHD+P3_FINNGEN_SCZ__ADHD+P4_PGC_SCZ__ASD+P5_FINNGEN_SCZ__ASD+P6_PGC_SCZ__OCD+P7_FINNGEN_SCZ__OCD+P8_PGC_SCZ__AN+P9_FINNGEN_SCZ__AN+P10_PGC_SCZ__AUD+P11_FINNGEN_SCZ__AUD+P12_PGC_SCZ__CUD+P13_FINNGEN_SCZ__CUD
9	76973081	78900182	12	P2_PGC_SCZ__ADHD+P3_FINNGEN_SCZ__ADHD+P4_PGC_SCZ__ASD+P5_FINNGEN_SCZ__ASD+P6_PGC_SCZ__OCD+P7_FINNGEN_SCZ__OCD+P8_PGC_SCZ__AN+P9_FINNGEN_SCZ__AN+P10_PGC_SCZ__AUD+P11_FINNGEN_SCZ__AUD+P12_PGC_SCZ__CUD+P13_FINNGEN_SCZ__CUD
9	78900183	79471207	12	P2_PGC_SCZ__ADHD+P3_FINNGEN_SCZ__ADHD+P4_PGC_SCZ__ASD+P5_FINNGEN_SCZ__ASD+P6_PGC_SCZ__OCD+P7_FINNGEN_SCZ__OCD+P8_PGC_SCZ__AN+P9_FINNGEN_SCZ__AN+P10_PGC_SCZ__AUD+P11_FINNGEN_SCZ__AUD+P12_PGC_SCZ__CUD+P13_FINNGEN_SCZ__CUD
9	79471208	81079054	12	P2_PGC_SCZ__ADHD+P3_FINNGEN_SCZ__ADHD+P4_PGC_SCZ__ASD+P5_FINNGEN_SCZ__ASD+P6_PGC_SCZ__OCD+P7_FINNGEN_SCZ__OCD+P8_PGC_SCZ__AN+P9_FINNGEN_SCZ__AN+P10_PGC_SCZ__AUD+P11_FINNGEN_SCZ__AUD+P12_PGC_SCZ__CUD+P13_FINNGEN_SCZ__CUD
9	81079055	82590927	12	P2_PGC_SCZ__ADHD+P3_FINNGEN_SCZ__ADHD+P4_PGC_SCZ__ASD+P5_FINNGEN_SCZ__ASD+P6_PGC_SCZ__OCD+P7_FINNGEN_SCZ__OCD+P8_PGC_SCZ__AN+P9_FINNGEN_SCZ__AN+P10_PGC_SCZ__AUD+P11_FINNGEN_SCZ__AUD+P12_PGC_SCZ__CUD+P13_FINNGEN_SCZ__CUD
9	82590928	84211232	12	P2_PGC_SCZ__ADHD+P3_FINNGEN_SCZ__ADHD+P4_PGC_SCZ__ASD+P5_FINNGEN_SCZ__ASD+P6_PGC_SCZ__OCD+P7_FINNGEN_SCZ__OCD+P8_PGC_SCZ__AN+P9_FINNGEN_SCZ__AN+P10_PGC_SCZ__AUD+P11_FINNGEN_SCZ__AUD+P12_PGC_SCZ__CUD+P13_FINNGEN_SCZ__CUD
9	84211233	85440800	12	P2_PGC_SCZ__ADHD+P3_FINNGEN_SCZ__ADHD+P4_PGC_SCZ__ASD+P5_FINNGEN_SCZ__ASD+P6_PGC_SCZ__OCD+P7_FINNGEN_SCZ__OCD+P8_PGC_SCZ__AN+P9_FINNGEN_SCZ__AN+P10_PGC_SCZ__AUD+P11_FINNGEN_SCZ__AUD+P12_PGC_SCZ__CUD+P13_FINNGEN_SCZ__CUD
9	85440801	86938195	12	P2_PGC_SCZ__ADHD+P3_FINNGEN_SCZ__ADHD+P4_PGC_SCZ__ASD+P5_FINNGEN_SCZ__ASD+P6_PGC_SCZ__OCD+P7_FINNGEN_SCZ__OCD+P8_PGC_SCZ__AN+P9_FINNGEN_SCZ__AN+P10_PGC_SCZ__AUD+P11_FINNGEN_SCZ__AUD+P12_PGC_SCZ__CUD+P13_FINNGEN_SCZ__CUD
9	86938196	88109332	12	P2_PGC_SCZ__ADHD+P3_FINNGEN_SCZ__ADHD+P4_PGC_SCZ__ASD+P5_FINNGEN_SCZ__ASD+P6_PGC_SCZ__OCD+P7_FINNGEN_SCZ__OCD+P8_PGC_SCZ__AN+P9_FINNGEN_SCZ__AN+P10_PGC_SCZ__AUD+P11_FINNGEN_SCZ__AUD+P12_PGC_SCZ__CUD+P13_FINNGEN_SCZ__CUD
9	88109333	88590416	2	P2_PGC_SCZ__ADHD+P3_FINNGEN_SCZ__ADHD
9	88590417	90136245	12	P2_PGC_SCZ__ADHD+P3_FINNGEN_SCZ__ADHD+P4_PGC_SCZ__ASD+P5_FINNGEN_SCZ__ASD+P6_PGC_SCZ__OCD+P7_FINNGEN_SCZ__OCD+P8_PGC_SCZ__AN+P9_FINNGEN_SCZ__AN+P10_PGC_SCZ__AUD+P11_FINNGEN_SCZ__AUD+P12_PGC_SCZ__CUD+P13_FINNGEN_SCZ__CUD
9	90136246	92528697	12	P2_PGC_SCZ__ADHD+P3_FINNGEN_SCZ__ADHD+P4_PGC_SCZ__ASD+P5_FINNGEN_SCZ__ASD+P6_PGC_SCZ__OCD+P7_FINNGEN_SCZ__OCD+P8_PGC_SCZ__AN+P9_FINNGEN_SCZ__AN+P10_PGC_SCZ__AUD+P11_FINNGEN_SCZ__AUD+P12_PGC_SCZ__CUD+P13_FINNGEN_SCZ__CUD
9	92528698	94167202	12	P2_PGC_SCZ__ADHD+P3_FINNGEN_SCZ__ADHD+P4_PGC_SCZ__ASD+P5_FINNGEN_SCZ__ASD+P6_PGC_SCZ__OCD+P7_FINNGEN_SCZ__OCD+P8_PGC_SCZ__AN+P9_FINNGEN_SCZ__AN+P10_PGC_SCZ__AUD+P11_FINNGEN_SCZ__AUD+P12_PGC_SCZ__CUD+P13_FINNGEN_SCZ__CUD
9	94167203	96671697	12	P2_PGC_SCZ__ADHD+P3_FINNGEN_SCZ__ADHD+P4_PGC_SCZ__ASD+P5_FINNGEN_SCZ__ASD+P6_PGC_SCZ__OCD+P7_FINNGEN_SCZ__OCD+P8_PGC_SCZ__AN+P9_FINNGEN_SCZ__AN+P10_PGC_SCZ__AUD+P11_FINNGEN_SCZ__AUD+P12_PGC_SCZ__CUD+P13_FINNGEN_SCZ__CUD
9	96671698	98922039	12	P2_PGC_SCZ__ADHD+P3_FINNGEN_SCZ__ADHD+P4_PGC_SCZ__ASD+P5_FINNGEN_SCZ__ASD+P6_PGC_SCZ__OCD+P7_FINNGEN_SCZ__OCD+P8_PGC_SCZ__AN+P9_FINNGEN_SCZ__AN+P10_PGC_SCZ__AUD+P11_FINNGEN_SCZ__AUD+P12_PGC_SCZ__CUD+P13_FINNGEN_SCZ__CUD
9	98922040	101592858	12	P2_PGC_SCZ__ADHD+P3_FINNGEN_SCZ__ADHD+P4_PGC_SCZ__ASD+P5_FINNGEN_SCZ__ASD+P6_PGC_SCZ__OCD+P7_FINNGEN_SCZ__OCD+P8_PGC_SCZ__AN+P9_FINNGEN_SCZ__AN+P10_PGC_SCZ__AUD+P11_FINNGEN_SCZ__AUD+P12_PGC_SCZ__CUD+P13_FINNGEN_SCZ__CUD
9	101592859	104624436	12	P2_PGC_SCZ__ADHD+P3_FINNGEN_SCZ__ADHD+P4_PGC_SCZ__ASD+P5_FINNGEN_SCZ__ASD+P6_PGC_SCZ__OCD+P7_FINNGEN_SCZ__OCD+P8_PGC_SCZ__AN+P9_FINNGEN_SCZ__AN+P10_PGC_SCZ__AUD+P11_FINNGEN_SCZ__AUD+P12_PGC_SCZ__CUD+P13_FINNGEN_SCZ__CUD
9	104624437	105967975	12	P2_PGC_SCZ__ADHD+P3_FINNGEN_SCZ__ADHD+P4_PGC_SCZ__ASD+P5_FINNGEN_SCZ__ASD+P6_PGC_SCZ__OCD+P7_FINNGEN_SCZ__OCD+P8_PGC_SCZ__AN+P9_FINNGEN_SCZ__AN+P10_PGC_SCZ__AUD+P11_FINNGEN_SCZ__AUD+P12_PGC_SCZ__CUD+P13_FINNGEN_SCZ__CUD
9	105967976	107581748	12	P2_PGC_SCZ__ADHD+P3_FINNGEN_SCZ__ADHD+P4_PGC_SCZ__ASD+P5_FINNGEN_SCZ__ASD+P6_PGC_SCZ__OCD+P7_FINNGEN_SCZ__OCD+P8_PGC_SCZ__AN+P9_FINNGEN_SCZ__AN+P10_PGC_SCZ__AUD+P11_FINNGEN_SCZ__AUD+P12_PGC_SCZ__CUD+P13_FINNGEN_SCZ__CUD
9	107581749	109298753	12	P2_PGC_SCZ__ADHD+P3_FINNGEN_SCZ__ADHD+P4_PGC_SCZ__ASD+P5_FINNGEN_SCZ__ASD+P6_PGC_SCZ__OCD+P7_FINNGEN_SCZ__OCD+P8_PGC_SCZ__AN+P9_FINNGEN_SCZ__AN+P10_PGC_SCZ__AUD+P11_FINNGEN_SCZ__AUD+P12_PGC_SCZ__CUD+P13_FINNGEN_SCZ__CUD
9	109298754	110695061	12	P2_PGC_SCZ__ADHD+P3_FINNGEN_SCZ__ADHD+P4_PGC_SCZ__ASD+P5_FINNGEN_SCZ__ASD+P6_PGC_SCZ__OCD+P7_FINNGEN_SCZ__OCD+P8_PGC_SCZ__AN+P9_FINNGEN_SCZ__AN+P10_PGC_SCZ__AUD+P11_FINNGEN_SCZ__AUD+P12_PGC_SCZ__CUD+P13_FINNGEN_SCZ__CUD
9	110695062	112778023	12	P2_PGC_SCZ__ADHD+P3_FINNGEN_SCZ__ADHD+P4_PGC_SCZ__ASD+P5_FINNGEN_SCZ__ASD+P6_PGC_SCZ__OCD+P7_FINNGEN_SCZ__OCD+P8_PGC_SCZ__AN+P9_FINNGEN_SCZ__AN+P10_PGC_SCZ__AUD+P11_FINNGEN_SCZ__AUD+P12_PGC_SCZ__CUD+P13_FINNGEN_SCZ__CUD
9	112778024	114831081	12	P2_PGC_SCZ__ADHD+P3_FINNGEN_SCZ__ADHD+P4_PGC_SCZ__ASD+P5_FINNGEN_SCZ__ASD+P6_PGC_SCZ__OCD+P7_FINNGEN_SCZ__OCD+P8_PGC_SCZ__AN+P9_FINNGEN_SCZ__AN+P10_PGC_SCZ__AUD+P11_FINNGEN_SCZ__AUD+P12_PGC_SCZ__CUD+P13_FINNGEN_SCZ__CUD
9	114831082	115693144	12	P2_PGC_SCZ__ADHD+P3_FINNGEN_SCZ__ADHD+P4_PGC_SCZ__ASD+P5_FINNGEN_SCZ__ASD+P6_PGC_SCZ__OCD+P7_FINNGEN_SCZ__OCD+P8_PGC_SCZ__AN+P9_FINNGEN_SCZ__AN+P10_PGC_SCZ__AUD+P11_FINNGEN_SCZ__AUD+P12_PGC_SCZ__CUD+P13_FINNGEN_SCZ__CUD
9	115693145	117019800	12	P2_PGC_SCZ__ADHD+P3_FINNGEN_SCZ__ADHD+P4_PGC_SCZ__ASD+P5_FINNGEN_SCZ__ASD+P6_PGC_SCZ__OCD+P7_FINNGEN_SCZ__OCD+P8_PGC_SCZ__AN+P9_FINNGEN_SCZ__AN+P10_PGC_SCZ__AUD+P11_FINNGEN_SCZ__AUD+P12_PGC_SCZ__CUD+P13_FINNGEN_SCZ__CUD
9	117019801	117921959	12	P2_PGC_SCZ__ADHD+P3_FINNGEN_SCZ__ADHD+P4_PGC_SCZ__ASD+P5_FINNGEN_SCZ__ASD+P6_PGC_SCZ__OCD+P7_FINNGEN_SCZ__OCD+P8_PGC_SCZ__AN+P9_FINNGEN_SCZ__AN+P10_PGC_SCZ__AUD+P11_FINNGEN_SCZ__AUD+P12_PGC_SCZ__CUD+P13_FINNGEN_SCZ__CUD
9	117921960	121321536	12	P2_PGC_SCZ__ADHD+P3_FINNGEN_SCZ__ADHD+P4_PGC_SCZ__ASD+P5_FINNGEN_SCZ__ASD+P6_PGC_SCZ__OCD+P7_FINNGEN_SCZ__OCD+P8_PGC_SCZ__AN+P9_FINNGEN_SCZ__AN+P10_PGC_SCZ__AUD+P11_FINNGEN_SCZ__AUD+P12_PGC_SCZ__CUD+P13_FINNGEN_SCZ__CUD
9	121321537	122260296	12	P2_PGC_SCZ__ADHD+P3_FINNGEN_SCZ__ADHD+P4_PGC_SCZ__ASD+P5_FINNGEN_SCZ__ASD+P6_PGC_SCZ__OCD+P7_FINNGEN_SCZ__OCD+P8_PGC_SCZ__AN+P9_FINNGEN_SCZ__AN+P10_PGC_SCZ__AUD+P11_FINNGEN_SCZ__AUD+P12_PGC_SCZ__CUD+P13_FINNGEN_SCZ__CUD
9	122260297	124871321	12	P2_PGC_SCZ__ADHD+P3_FINNGEN_SCZ__ADHD+P4_PGC_SCZ__ASD+P5_FINNGEN_SCZ__ASD+P6_PGC_SCZ__OCD+P7_FINNGEN_SCZ__OCD+P8_PGC_SCZ__AN+P9_FINNGEN_SCZ__AN+P10_PGC_SCZ__AUD+P11_FINNGEN_SCZ__AUD+P12_PGC_SCZ__CUD+P13_FINNGEN_SCZ__CUD
9	124871322	126971886	12	P2_PGC_SCZ__ADHD+P3_FINNGEN_SCZ__ADHD+P4_PGC_SCZ__ASD+P5_FINNGEN_SCZ__ASD+P6_PGC_SCZ__OCD+P7_FINNGEN_SCZ__OCD+P8_PGC_SCZ__AN+P9_FINNGEN_SCZ__AN+P10_PGC_SCZ__AUD+P11_FINNGEN_SCZ__AUD+P12_PGC_SCZ__CUD+P13_FINNGEN_SCZ__CUD
9	126971887	129059664	12	P2_PGC_SCZ__ADHD+P3_FINNGEN_SCZ__ADHD+P4_PGC_SCZ__ASD+P5_FINNGEN_SCZ__ASD+P6_PGC_SCZ__OCD+P7_FINNGEN_SCZ__OCD+P8_PGC_SCZ__AN+P9_FINNGEN_SCZ__AN+P10_PGC_SCZ__AUD+P11_FINNGEN_SCZ__AUD+P12_PGC_SCZ__CUD+P13_FINNGEN_SCZ__CUD
9	129059665	130055509	12	P2_PGC_SCZ__ADHD+P3_FINNGEN_SCZ__ADHD+P4_PGC_SCZ__ASD+P5_FINNGEN_SCZ__ASD+P6_PGC_SCZ__OCD+P7_FINNGEN_SCZ__OCD+P8_PGC_SCZ__AN+P9_FINNGEN_SCZ__AN+P10_PGC_SCZ__AUD+P11_FINNGEN_SCZ__AUD+P12_PGC_SCZ__CUD+P13_FINNGEN_SCZ__CUD
9	130055510	132165469	12	P2_PGC_SCZ__ADHD+P3_FINNGEN_SCZ__ADHD+P4_PGC_SCZ__ASD+P5_FINNGEN_SCZ__ASD+P6_PGC_SCZ__OCD+P7_FINNGEN_SCZ__OCD+P8_PGC_SCZ__AN+P9_FINNGEN_SCZ__AN+P10_PGC_SCZ__AUD+P11_FINNGEN_SCZ__AUD+P12_PGC_SCZ__CUD+P13_FINNGEN_SCZ__CUD
9	132165470	133223216	12	P2_PGC_SCZ__ADHD+P3_FINNGEN_SCZ__ADHD+P4_PGC_SCZ__ASD+P5_FINNGEN_SCZ__ASD+P6_PGC_SCZ__OCD+P7_FINNGEN_SCZ__OCD+P8_PGC_SCZ__AN+P9_FINNGEN_SCZ__AN+P10_PGC_SCZ__AUD+P11_FINNGEN_SCZ__AUD+P12_PGC_SCZ__CUD+P13_FINNGEN_SCZ__CUD
9	133223217	134127887	12	P2_PGC_SCZ__ADHD+P3_FINNGEN_SCZ__ADHD+P4_PGC_SCZ__ASD+P5_FINNGEN_SCZ__ASD+P6_PGC_SCZ__OCD+P7_FINNGEN_SCZ__OCD+P8_PGC_SCZ__AN+P9_FINNGEN_SCZ__AN+P10_PGC_SCZ__AUD+P11_FINNGEN_SCZ__AUD+P12_PGC_SCZ__CUD+P13_FINNGEN_SCZ__CUD
9	134127888	135298841	12	P2_PGC_SCZ__ADHD+P3_FINNGEN_SCZ__ADHD+P4_PGC_SCZ__ASD+P5_FINNGEN_SCZ__ASD+P6_PGC_SCZ__OCD+P7_FINNGEN_SCZ__OCD+P8_PGC_SCZ__AN+P9_FINNGEN_SCZ__AN+P10_PGC_SCZ__AUD+P11_FINNGEN_SCZ__AUD+P12_PGC_SCZ__CUD+P13_FINNGEN_SCZ__CUD
9	135298842	137041121	12	P2_PGC_SCZ__ADHD+P3_FINNGEN_SCZ__ADHD+P4_PGC_SCZ__ASD+P5_FINNGEN_SCZ__ASD+P6_PGC_SCZ__OCD+P7_FINNGEN_SCZ__OCD+P8_PGC_SCZ__AN+P9_FINNGEN_SCZ__AN+P10_PGC_SCZ__AUD+P11_FINNGEN_SCZ__AUD+P12_PGC_SCZ__CUD+P13_FINNGEN_SCZ__CUD
9	137041122	137589363	10	P2_PGC_SCZ__ADHD+P3_FINNGEN_SCZ__ADHD+P4_PGC_SCZ__ASD+P5_FINNGEN_SCZ__ASD+P8_PGC_SCZ__AN+P9_FINNGEN_SCZ__AN+P10_PGC_SCZ__AUD+P11_FINNGEN_SCZ__AUD+P12_PGC_SCZ__CUD+P13_FINNGEN_SCZ__CUD
9	137589364	138938977	12	P2_PGC_SCZ__ADHD+P3_FINNGEN_SCZ__ADHD+P4_PGC_SCZ__ASD+P5_FINNGEN_SCZ__ASD+P6_PGC_SCZ__OCD+P7_FINNGEN_SCZ__OCD+P8_PGC_SCZ__AN+P9_FINNGEN_SCZ__AN+P10_PGC_SCZ__AUD+P11_FINNGEN_SCZ__AUD+P12_PGC_SCZ__CUD+P13_FINNGEN_SCZ__CUD
9	138938978	139500341	8	P2_PGC_SCZ__ADHD+P3_FINNGEN_SCZ__ADHD+P6_PGC_SCZ__OCD+P7_FINNGEN_SCZ__OCD+P10_PGC_SCZ__AUD+P11_FINNGEN_SCZ__AUD+P12_PGC_SCZ__CUD+P13_FINNGEN_SCZ__CUD
9	139500342	141144795	10	P2_PGC_SCZ__ADHD+P3_FINNGEN_SCZ__ADHD+P4_PGC_SCZ__ASD+P5_FINNGEN_SCZ__ASD+P6_PGC_SCZ__OCD+P7_FINNGEN_SCZ__OCD+P8_PGC_SCZ__AN+P9_FINNGEN_SCZ__AN+P12_PGC_SCZ__CUD+P13_FINNGEN_SCZ__CUD
