chr	start	end	rho	corr	h2_1	h2_2	var	p	m	q	bonferroni
11	130342575	131074611	0.0012389424644061	1.1549760934826212	0.001121561143394	0.0010259668590958	2.0609347251428738e-08	6.126437138662646e-18	1476	1.0402690261449174e-14	True
3	51832015	54081389	0.0015042514846499	1.1959654638130923	0.00209798607574	0.0007540515185966	5.1272906011302273e-08	3.069718139269868e-11	2566	2.606190700240118e-08	True
5	155373505	156628699	0.0011561520192597	1.0793566373367225	0.0005550044851649	0.0020672997792603	3.5787037364792715e-08	9.86619912964903e-10	1778	5.584268707381351e-07	True
11	15742552	17578401	0.0008260458784578	1.1280095713784424	0.0007372845116445	0.0007273570575584	1.9436386261049847e-08	3.1208865623828484e-09	2547	1.3248163457315192e-06	True
11	134205993	134946451	0.0008904247295459	1.048265569397287	0.0011562534783732	0.0006240203185598	2.9770625802040498e-08	2.461122421154346e-07	2168	8.357971742240159e-05	True
12	122007651	124977979	0.0010616639482983	0.8677535429805157	0.001799898170278	0.0008316362536606	4.650530824832135e-08	8.519797022111993e-07	3941	0.0002202253672744551	True
9	24158518	25330809	0.0007348788759337	0.9768113625433492	0.0004089573709714	0.0013839872261687	2.2395382084875172e-08	9.078784281043496e-07	1583	0.0002202253672744551	True
20	36909530	38436760	0.0010369955970059	1.030960220864673	0.0011040519965969	0.0009163902930981	4.7648015972929994e-08	2.0274773755947677e-06	2184	0.00043033207296998944	True
1	59890409	61922364	0.0008959197120448	1.0537613715216303	0.0011101819823849	0.0006511176392007	4.5417660911443286e-08	2.623062386123788e-05	2472	0.00494884436848688	True
7	109647594	112618683	0.0010378872799344	1.0599138495637677	0.0010788171420536	0.0008888150631481	6.426390331250806e-08	4.236701467732992e-05	3661	0.007030225762173031	False
5	139265072	140645970	0.000554558354605	0.9897965756312678	0.0007249962244824	0.0004329790329207	1.8498185939225202e-08	4.554327643339419e-05	1456	0.007030225762173031	False
16	17644749	18643606	0.000537369009235	1.1241934979043195	0.0002871881466345	0.0007956033147434	1.7777250322594484e-08	5.5699226317901055e-05	970	0.007881440523983	False
7	130422414	132805847	0.0010122813637212	1.1016422282459126	0.0010164743886774	0.0008306630501941	6.655697541102335e-08	8.717098773985058e-05	3913	0.01138587209094356	False
14	103012102	105001722	0.0007778676911084	1.0693394665934255	0.0016755970225114	0.000315798959756	3.975822649853113e-08	9.573828788172784e-05	3155	0.011611686630226704	False
4	169676825	170776509	0.0006434405549611	1.2971383795107507	0.0006251851898433	0.0003935823010452	3.177741202436533e-08	0.0003067669216887	1562	0.034726015535160845	False
4	694715	1478710	0.0004760682960636	0.8705509822107874	0.0003880969570566	0.0007705660373399	1.7568909856506952e-08	0.0003285612958164	1446	0.03486856751851545	False
4	25609322	27343721	0.0007576991429495	0.7910858580461331	0.000620896813646	0.00147749805958	4.561101720424576e-08	0.0003884294922203	2477	0.03879725163470996	False
1	71684405	74326906	0.0006698113208595	0.90467681663099	0.0016500625851393	0.000332213768615	3.7022760932540754e-08	0.0004993353644063	3293	0.04497223317801208	False
4	33172766	35151414	0.0004907754864452	1.2792534250180907	0.0004914851788143	0.0002994622764974	1.9899773345872573e-08	0.0005032228683052	2790	0.04497223317801208	False
1	34799758	37549182	0.0008024314981855	0.9192362522801302	0.0010757777228623	0.0007083356534394	5.378904360147623e-08	0.000540415836555	2845	0.0458813045235195	False
9	84211233	85440800	0.0004918425711231	1.0857266847786426	0.0006554025161212	0.000313114445332	2.054979802558588e-08	0.0006013322439334	1374	0.04747434189504606	False
8	59728100	62329098	0.0006698915871133	0.8635052701435427	0.0013698794741353	0.0004393359114027	3.825791449551393e-08	0.0006150974803834	3798	0.04747434189504606	False
15	46618787	48136047	0.0006416101794365	0.8351807306069351	0.0005612262768945	0.0010515830157523	3.5767593214561386e-08	0.0006924503691064	2567	0.05038337980119248	False
5	125785649	127344603	0.0005587515476758	1.094967475788045	0.0005265260739953	0.0004945556374739	2.7249263105318067e-08	0.0007121325766953	2061	0.05038337980119248	False
15	80860978	84260467	0.0008282475826225	1.0009149366746464	0.0009529385611367	0.0007185568141087	6.238600908775279e-08	0.0009131070682739	3711	0.06186667173689225	False
7	126869221	128778385	0.0006020283503066	1.1204881475203488	0.000617549163231	0.0004674636168852	3.3166564048639386e-08	0.0009473106390808	2943	0.06186667173689225	False
16	89041165	90292811	0.0007389102917114	0.943317933315345	0.0008979994307641	0.0006832681675382	5.14964991186508e-08	0.0011293866510062	2277	0.07102587160772324	False
18	19485844	20649471	0.000399265120602	1.0092664152373885	0.0001572104602055	0.0009954734055144	1.5346855428606518e-08	0.0012688393360065	1569	0.0769460425906799	False
7	1353067	2062397	0.0005420117876562	1.4397033002200228	0.0011058362824276	0.0001281683011787	2.8548240492970795e-08	0.0013371403595297	1314	0.07829187346487693	False
18	77149991	78017157	0.0005765768261974	1.2358566921122875	0.0008902286609571	0.0002444987070933	3.302280205025842e-08	0.0015094790207062	1958	0.08176841801220457	False
6	83127149	85209988	0.0006780176684371	0.9003409138574622	0.0007978751718759	0.0007107765636224	4.5867363142762867e-08	0.0015463519669782	2492	0.08176841801220457	False
2	214014282	215573794	0.0004904011149152	0.9903923077888002	0.0003457941779594	0.0007090399466879	2.4192186760966825e-08	0.0016164234439519	2434	0.08176841801220457	False
5	153773088	155373504	0.0006115957891291	1.1549872263016203	0.0002349048279366	0.0011936655723594	3.7980239697606356e-08	0.0016996781729313	2705	0.08176841801220457	False
14	99138532	101534306	0.0009623261004189	0.9327676579911168	0.0010712520421015	0.0009935870181374	9.418676940831089e-08	0.0017147483742655	3769	0.08176841801220457	False
2	191973357	195861163	0.0006562853663996	0.6696914860927582	0.0011229432540091	0.0008552204464415	4.384555526748615e-08	0.0017230968252824	3879	0.08176841801220457	False
3	60272906	62355665	0.0007936180110114	2.604762736292293	0.0010216488662758	9.086257348375855e-05	6.439594309842726e-08	0.0017636485989049	4085	0.08176841801220457	False
5	150561298	152867773	0.0006905656923037	1.6625255406451356	0.0012067988105481	0.0001429678782114	4.8851787514341634e-08	0.0017817617588054	4205	0.08176841801220457	False
7	2062398	2772226	0.0005635331282387	0.7261909756790419	0.0013934135259369	0.0004321725577694	3.2753619617712195e-08	0.0018469873676175	1313	0.08253117237406618	False
19	30727954	32746519	0.0005325714090273	1.4117419885033582	0.0007263186332424	0.0001959376278692	2.9560718199194358e-08	0.0019511793704303	2607	0.08495134797411923	False
2	228119842	229370786	0.0005812267112465	1.0094346472345583	0.0007400186326348	0.0004480144901147	3.5939364422172946e-08	0.0021700367255416	2834	0.09189920067358759	False
3	19125144	20091347	0.0003734699269194	1.3068835217968222	0.000233051087229	0.0003504179752205	1.496559996070253e-08	0.0022666273145377	1049	0.09189920067358759	False
3	135456906	137371082	0.0004441574838049	1.0831665695556842	0.0006724240159923	0.0002500577141492	2.1178797876464277e-08	0.0022731251050004	2366	0.09189920067358759	False
14	32383265	34846250	0.0010225813175585	0.8163258808638872	0.0015427967964212	0.0010170910864221	1.1563514827127065e-07	0.0026372262994352	4651	0.10336025047478724	False
12	99305987	101447640	0.0005906580750238		0.0009553832113125	-6.822519158300732e-05	3.8701449288118275e-08	0.0026783574916906	3077	0.10336025047478724	False
4	6773043	7539691	0.0005960880941702	1.7393019280634197	0.0005509286606809	0.0002131942918111	4.004642991146164e-08	0.0028946251509	2103	0.10922385569396001	False
17	77298636	78837587	0.0007495335596179	0.958955548266092	0.0006928240257107	0.0008817841198719	6.404541027334082e-08	0.0030590499262304	3328	0.11103862287112629	False
8	139254830	140725642	0.0005918516086184		0.0004888306257244	-2.821364211368931e-05	4.027257099364349e-08	0.0031857021607042	2826	0.11103862287112629	False
14	51493572	53474382	0.0007014402419144	1.307727144615252	0.0005944806036544	0.0004839599124467	5.667981133238264e-08	0.0032160374672769	3887	0.11103862287112629	False
5	118608820	119669041	0.0004260929964641	1.062114904270094	0.0003352495201802	0.0004800623210143	2.0952501246750937e-08	0.0032436455502562	1816	0.11103862287112629	False
10	104380410	106695047	0.0006392825735035	1.4921018960325232	0.0016147768859349	0.0001136779526233	4.7243683205025606e-08	0.0032696885415526	3071	0.11103862287112629	False
13	60854778	61591948	0.0003847633088539	1.6729225128192562	0.0001925243076963	0.0002747578315938	1.7324046966681084e-08	0.0034637568124354	1580	0.11382051719557275	False
16	29036613	31382942	0.000480821334588	3.3207949815400504	0.0007096991200057	2.953990295912825e-05	2.7113944444189893e-08	0.0034999719838132	1735	0.11382051719557275	False
11	62223771	63804568	0.0003478200166324	0.7051973940764673	0.0004163047780996	0.0005843544424026	1.4233856709085596e-08	0.0035527016556922	1504	0.11382051719557275	False
12	1080331	2544785	0.0008389466786188	0.7414757967200829	0.001441308215053	0.0008882145790702	8.396680330387863e-08	0.0037890109933962	2323	0.11914334568123607	False
15	84260468	86652904	0.0006802336736656	1.2674926406155669	0.0007322137577795	0.0003933575375801	5.5499386744566885e-08	0.0038838192080511	3940	0.11968562772112237	False
21	22072764	23362874	0.0005362729806412	1.045825359028654	0.0004239476202838	0.000620213612471	3.4616157477531134e-08	0.0039472291827932	2822	0.11968562772112237	False
11	65898631	68005824	0.0004105840032425	1.3428190484095175	0.0001741265895773	0.0005369130613576	2.060062775463442e-08	0.0042279921689933	2126	0.1259496614552741	False
1	97885249	99800603	0.0005618304886457	0.6888661880698967	0.0017238310775031	0.0003858745741645	3.873696007640149e-08	0.0043093494497593	2835	0.1261599200981257	False
3	195971408	197075986	0.0004522034480499	1.0513404345712458	0.0006152365353184	0.0003007037788891	2.5211070278112133e-08	0.0043996517372736	1932	0.12662048559136563	False
5	63218987	63968303	0.0002712324364251	1.5983639978188708	0.0002378142978219	0.0001210859939656	9.247909979620576e-09	0.0047954964826556	882	0.1357125504591535	False
11	112459488	114257727	0.000609321850521	0.4916479580928753	0.001338477691806	0.0011475559996657	4.7033998449513955e-08	0.0049606787600144	3082	0.13808577925417134	False
8	143044914	144236880	0.0005785251240297	0.6511433310059415	0.000923051377844	0.0008551954460305	4.323120877518023e-08	0.00539542618379	2721	0.14556615911380638	False
2	199311125	201576283	0.0006503486037762	0.5177722871929991	0.0020678937373968	0.0007629333553763	5.464462128164722e-08	0.0054008645607596	2467	0.14556615911380638	False
13	78808813	80585675	0.0004592991045855		0.0011374716817854	-3.839224637929721e-05	2.746706221058105e-08	0.0055826447680986	2412	0.14578055346104005	False
1	96150893	97885248	0.0005038357792606	0.9788803157849124	0.0009474848316159	0.0002796060430193	3.307096995843378e-08	0.0055962204699647	2673	0.14578055346104005	False
2	58297315	60291999	0.0005821936240404	1.389371095327321	0.0007824300532811	0.0002244154988386	4.428713414705368e-08	0.0056663819366482	2731	0.14578055346104005	False
1	7247335	9365198	0.0006738961412912	1.2822531779609785	0.0007408988048519	0.0003728030672057	5.976690192540759e-08	0.0058418396334324	3376	0.1480513984711674	False
2	53508452	54685225	0.0004763785289066	1.156232403031146	0.0004707666390288	0.000360585622831	3.006845752968941e-08	0.0060099135310374	2113	0.14926172973048818	False
7	5416232	5854525	0.0003333465556857	1.429571610544396	0.0001914198130585	0.0002840489749541	1.475545819262576e-08	0.0060654059784474	678	0.14926172973048818	False
11	63804569	65898630	0.0004305427961709	0.625208642298095	0.0005038314683278	0.0009412335942982	2.480651185478905e-08	0.0062647880229635	2150	0.15196585804274318	False
1	114873845	115880592	0.0004110459815075	1.2100810721694368	0.000612180507547	0.0001884830846885	2.2831832718811735e-08	0.0065218737084112	1405	0.155730140020196	False
18	71971462	73526986	0.0005346341193862	2.477804410093663	0.0007843495767547	5.935668425784182e-05	3.8849447881511595e-08	0.0066784704574683	2552	0.155730140020196	False
17	3702312	4696260	0.0005105818107608	0.9239519026761328	0.0003453334019011	0.0008842872499708	3.5454093907165505e-08	0.0066951120267811	2009	0.155730140020196	False
13	65200602	67844452	0.0005554856860997		0.0007894902705077	-9.140588383352798e-05	4.2115618896863726e-08	0.006794140606102	3777	0.1558979830967729	False
11	17578402	19569534	0.0005311362751487	1.8154884195932977	0.0004802221853206	0.0001782307937784	3.9319154385497346e-08	0.0073936079570518	3685	0.16543445367917242	False
6	42038721	43756168	0.0005374661878038	1.629744213467725	0.0007791169887587	0.0001395920630822	4.0276892723509394e-08	0.0074046045227427	2135	0.16543445367917242	False
10	92006581	93335046	0.000363177897101	3.367162670805084	0.0004118535184684	2.8246708138736957e-05	1.8648289191254493e-08	0.0078256847758929	2121	0.17257159414891096	False
5	31390249	33500179	0.0006585313761184	2.010133483315168	0.0003232932130629	0.000331975903032	6.173446914634618e-08	0.0080394794848996	3771	0.17457949396228054	False
9	34642243	36743282	0.0005229304441578	1.1701286804950353	0.0006861077238898	0.0002910906768789	3.907660274232858e-08	0.0081602954024544	2602	0.17457949396228054	False
2	26894985	28598776	0.0004198414164709	0.9317191547868272	0.000780855803572	0.0002600337186058	2.523946651831879e-08	0.0082251822832641	1675	0.17457949396228054	False
2	233550003	235150986	0.0005459074399985	2.1827123377741793	0.0013442751009957	4.653255134418459e-05	4.345419352682759e-08	0.0088238364265059	2989	0.18497375620008666	False
16	22448904	24136874	0.0005105261922032		0.0004218351426857	-6.804425131221561e-05	3.888636276599069e-08	0.0096276232115059	2311	0.19936224650167095	False
5	108633934	110821143	0.0005162359512516	1.0802513216441345	0.0003511688545318	0.0006503256570375	4.049719524615866e-08	0.0103090823324977	3340	0.2095812943121295	False
15	58441366	59694115	0.0004943125763142	1.486048992524558	0.0007004550904212	0.0001579635076413	3.7187883930063684e-08	0.0103679792239216	2100	0.2095812943121295	False
1	245506746	247344517	0.0006339409925531	1.1343159130089984	0.0002740274724265	0.0011398180146072	6.227147093327355e-08	0.0110721735061028	4038	0.21709330006396693	False
4	164478234	165823447	0.0004351347774728	1.8467753690432975	0.000279135350848	0.0001988861779818	2.9377321137395162e-08	0.0111253445430572	2753	0.21709330006396693	False
13	84133144	85610915	0.0004450394313755	1.2903474543741411	0.0002849875980272	0.0004174050358401	3.07542506478888e-08	0.0111573088612783	2666	0.21709330006396693	False
4	40202609	42213057	0.0005922404210927	0.8179980243100775	0.0002749984542597	0.0019061686743861	5.4589249811372374e-08	0.0112510073060242	3677	0.21709330006396693	False
6	71609510	73450096	0.0005833865978176	0.89986558531409	0.0006368153168619	0.0006600002640353	5.3369163531799685e-08	0.0115602866985238	3320	0.22055468330442035	False
8	31133729	31548359	0.0002500214955153	0.9426608101596282	0.000468065089947	0.0001502925806349	9.863093110235384e-09	0.011818843564901	836	0.22146005542522335	False
2	155391135	157560634	0.0004844898817968	0.8185920443543574	0.0007312726118392	0.0004790215766127	3.729299129826562e-08	0.0121132027355223	2905	0.22146005542522335	False
5	152867774	153773087	0.0003665716634685	0.779288109705229	0.0006699800101723	0.0003302629347818	2.137163815655541e-08	0.0121590483864829	1838	0.22146005542522335	False
5	140645971	142981247	0.000615405324218	0.9633920068685714	0.0003610634132168	0.0011301417987115	6.024028098113258e-08	0.012163464698917	3430	0.22146005542522335	False
7	69085364	71874884	0.0005966224768127	0.7237826269231428	0.001047795538545	0.0006484946052187	5.6745463340610505e-08	0.0122598617255424	4357	0.22146005542522335	False
11	37116815	39382002	0.0003439110906554	1.882156184656406	0.0002523854609695	0.0001322868610644	1.9405268499614933e-08	0.0135566006380906	3211	0.2409170476372525	False
2	196447456	198078109	0.000393168245119	1.3151997020615322	0.0006088826919581	0.0001467708588225	2.539679568875407e-08	0.01362075180988	2089	0.2409170476372525	False
15	78516053	80860977	0.0006710242659203	1.7889152956549983	0.0016991172940852	8.280823654825479e-05	7.491170832853058e-08	0.0142191962369336	4632	0.24830533391371185	False
16	27445755	29036612	0.0003472196302595	1.2560746816844617	0.0001867913029141	0.0004090919801234	2.0103921900832457e-08	0.0143309321104498	1438	0.24830533391371185	False
4	53877433	55429555	0.0004117763989027	0.85038940782505	0.0006050153772053	0.000387543810732	2.8626776135789394e-08	0.0149434819534787	2432	0.25630335714148317	False
13	55817131	57554216	0.0003315824987936	1.1387268095944671	0.0003973274133729	0.0002134005718987	1.892976331806025e-08	0.015952043619303	2189	0.27086570065576493	False
3	185068255	186890343	0.0006556080293109	0.809720314713465	0.0005294985380162	0.00123809420765	7.465359069843626e-08	0.0164179359841074	2982	0.27601638911895415	False
4	161058864	161826434	0.0003544340431988	1.276768460931077	0.0001021817980026	0.0007541765516077	2.1993424668008993e-08	0.0168506202763271	1744	0.2805132669529747	False
8	13491775	13944991	0.0003664784671732	2.3820251454424515	0.0003606113798333	6.563943187686767e-05	2.373525141043509e-08	0.0173707450169345	2045	0.2817605238982272	False
14	96262415	98341161	0.0005846661753875	0.7303039552914965	0.0005087615723143	0.0012597789067294	6.045855475241294e-08	0.0174152955702542	3679	0.2817605238982272	False
6	33236497	35455755	0.0007790140615211	1.2510182033267072	0.0009085083601432	0.0004268098245038	1.0790079561237196e-07	0.0177134697217531	3529	0.2817605238982272	False
2	229370787	231843388	0.0006026109285242	5.832003286150985	0.0005329006147751	2.003513465410926e-05	6.463170644173353e-08	0.0177708034868768	4695	0.2817605238982272	False
19	51532567	52985289	-0.0005196646439949	-1.2291443981109509	0.0003331781559633	0.0005364929355759	4.81886995147827e-08	0.0179191225201894	3248	0.2817605238982272	False
13	43101027	44901408	0.0004847626293583		0.0008235014775737	-0.0002375616791271	4.193460917730545e-08	0.0179211640641982	2956	0.2817605238982272	False
2	23341383	24686917	0.0003766535520989	0.5919881396087477	0.0003581523388454	0.0011302911620956	2.5600149103159572e-08	0.0185687219744124	2162	0.28926321020690143	False
3	70449028	72529328	0.000691070154784	0.4109623979323523	0.0016310415388538	0.0017337045133464	8.661362882432624e-08	0.0188660494919445	3132	0.2912232003392887	False
7	104159525	105682904	0.000417234791462	0.908585353810389	0.0013602396355693	0.0001550294268582	3.1807056974001935e-08	0.0193107627938216	2207	0.2954024794946764	False
9	101592859	104624436	0.000508173603457	0.9245524110769238	0.0002227825778317	0.0013560631321028	4.865962587449854e-08	0.0212389543151458	4412	0.3194876035623862	False
7	100196651	101199252	0.0004549846769753	1.2196804696478851	0.0003682166752218	0.000377918323894	3.908559291568992e-08	0.0213701362814259	1765	0.3194876035623862	False
8	140725643	143044913	0.000554163727994	1.1389233540608483	0.0002736535503339	0.0008651394351735	5.812326316328186e-08	0.0215277539209354	3856	0.3194876035623862	False
7	136876562	138744678	0.0005142456788434		0.0014673996560375	-8.02634029786388e-06	5.0135548355824355e-08	0.0216378530092311	2857	0.3194876035623862	False
1	154770403	156336132	0.0003296944064736	1.9500885396036536	0.0002933445151999	9.743983180729446e-05	2.0788794488645832e-08	0.0222171121320446	1319	0.32063736340356624	False
21	27271019	29125225	0.0005335114280696		0.0001293604168306	-6.408375546454967e-06	5.4445883010684946e-08	0.0222281014002228	3925	0.32063736340356624	False
16	13154437	14464001	0.0004678587477386	1.0531819913867937	0.0010784596328535	0.0001829863799067	4.190429871610393e-08	0.0222822196004834	2578	0.32063736340356624	False
22	39307894	40545796	0.0004266294593856	1.398333194188158	0.0006947312959223	0.0001339872531976	3.4984898028706555e-08	0.0225530316205821	1697	0.3218071234600707	False
5	57340073	58524621	0.0004336316454961	0.6992169999750538	0.0010532456435096	0.0003651642964487	3.632101189578597e-08	0.0228868929709788	2607	0.32384953553935003	False
3	17891118	19125143	0.0004016177315871	0.6717460058865742	0.0003729206517775	0.0009585154938147	3.1476987137975186e-08	0.0235933970713044	1806	0.33032627374747	False
11	30141357	32276900	0.0003209310554954	0.7156353916488445	0.0003713790706253	0.0005415299028634	2.018498043648257e-08	0.0238894206958626	2649	0.33032627374747	False
18	30264066	31780066	0.0002872995472454	10.588309837946278	0.0002259266130117	3.2587362299900886e-06	1.6185064318663403e-08	0.0239282283103291	1687	0.33032627374747	False
8	144236881	146303866	0.000438857734439	1.8064225832246743	0.0003716523774999	0.0001588078222172	3.8190136069459035e-08	0.0247244184272258	2498	0.3385650200760436	False
7	112618684	113712386	0.0002693109318609	0.8360790474092231	0.0002571322696457	0.0004035122299593	1.4642559932954802e-08	0.0260415479898374	1347	0.35374838789395124	False
7	28360309	31137288	0.0006491712954652	1.2491573353816472	0.000582824828008	0.0004633896049426	8.580685301773691e-08	0.0266815212641534	4897	0.35956526275025774	False
3	36486842	38356115	0.000366970204368	8.087461943813125	0.0005771825783661	3.5671707106183067e-06	2.800877458484145e-08	0.0283273507699542	2353	0.37873891029434825	False
5	90422654	91840541	0.0003024421262876		0.0004225429115692	-5.883855956222472e-05	1.9278551900087772e-08	0.0293884163908243	1649	0.3898557111845286	False
6	170330173	171051269	0.0003353852573668	1.4794284818444934	0.0002915745614935	0.0001762586155198	2.3971457154926714e-08	0.0302965930695391	1324	0.39632577403991637	False
17	72672203	74375559	0.0004149153912154		0.0003048229393029	-5.024849707884655e-05	3.67837771911775e-08	0.0305125107891497	2269	0.39632577403991637	False
17	29786491	31538424	0.0004438690572502	2.1597185720398206	0.000312696610533	0.0001350803701372	4.212892347517321e-08	0.0305763700819959	2578	0.39632577403991637	False
7	113712387	116780177	0.0004296470997096	0.8721238717878639	0.0003870006343239	0.0006271273533333	3.9603617885259923e-08	0.0308533252185075	3433	0.3968859562198919	False
2	73174848	75630085	0.0004302409578835	0.9855768139319668	0.0010555190534828	0.0001805412605022	4.02249629738842e-08	0.031938384620565	3212	0.40775471493022086	False
2	147277162	150210291	0.0004579545710458	1.1667511220495108	0.0004846365577036	0.0003178865630406	4.6312079553319846e-08	0.0333356075268349	3322	0.42241687746690787	False
9	18661051	20463533	0.0004893177724356	1.1373909567122311	0.0003091840147182	0.0005986119826637	5.332812057404437e-08	0.0340979333472162	3406	0.42887622832276373	False
4	182066807	183371274	0.0005118128518363	1.4328605063937003	0.0004481072199142	0.0002847295932549	5.9339817276069536e-08	0.0356358567646545	3155	0.43810744092489085	False
2	1781022	3973778	0.0005936872366885		0.0005826124964826	-2.03552272941708e-05	8.018181082285952e-08	0.0360272025566818	4577	0.43810744092489085	False
7	78093859	79888068	0.0004163097210731	1.489095057300816	0.0006676611406529	0.0001170663721206	3.9437509834620736e-08	0.036052002943113	3234	0.43810744092489085	False
7	79888069	82022685	0.0004589174097426	1.97272631349114	0.0003489017660646	0.0001551072951713	4.7982008521486106e-08	0.0361661493539718	3202	0.43810744092489085	False
22	32664986	34494913	0.0006031936971548	1.0358040298074462	0.0005351720554379	0.0006336726587948	8.30752684055068e-08	0.0363699418437094	3680	0.43810744092489085	False
12	67909729	69826541	0.0004880174294825	1.7646789113419568	0.000229826608592	0.00033276601521	5.4384522343165386e-08	0.0363799465078973	3229	0.43810744092489085	False
10	63341695	65794113	0.000489522479801	0.5937742187587496	0.0006984420636109	0.0009731330438458	5.5358724213540795e-08	0.0374744796557137	4042	0.44310527033566505	False
8	38938806	40703336	0.0003774464821664	0.8559765156085909	0.0004777762850766	0.0004069700744182	3.2962021177900256e-08	0.0376200011885178	3293	0.44310527033566505	False
13	113572488	115109852	0.0003604199126557	1.8203432736666976	0.0004010976618171	9.77374124564978e-05	3.015635689219034e-08	0.0379417222897503	2560	0.44310527033566505	False
13	49383962	51591090	0.000416794240387	1.1791428819180088	0.0003602078984036	0.0003468624752589	4.0355293811832287e-08	0.0380071951512925	3261	0.44310527033566505	False
6	156763326	158218718	0.0004512943617751	0.5574564227834858	0.0006879036631651	0.000952731108803	4.7358119331830154e-08	0.0380997464481785	2021	0.44310527033566505	False
17	78837588	80034407	0.0004273392015258	0.8698903172113893	0.0003761622744347	0.0006415658477702	4.2653890781118065e-08	0.0385313727101023	2401	0.4450766725289368	False
3	33255592	35283457	-0.0003894249182793		0.0007141354131825	-8.142278229148083e-05	3.559754604199339e-08	0.0390159075571501	3126	0.4452498747405114	False
11	131074612	133000045	0.0005207264979343	0.7374740167404998	0.001219716431092	0.0004087587237724	6.370903666839463e-08	0.0391081463690384	3736	0.4452498747405114	False
14	55233681	56216879	0.000267027986608	1.339397262453762	0.0002759247224846	0.0001440469721929	1.6791520227416172e-08	0.0393330278039321	1705	0.4452498747405114	False
2	202818637	205799240	0.0004369796178282	1.1438402101594194	0.0002323017877447	0.0006282595370418	4.5178573876810215e-08	0.0397953805524997	3435	0.44750037204069193	False
12	109025901	110336718	0.0003422835844681		0.0004952003385096	-0.0001780246899778	2.7860510447361854e-08	0.0403010459831461	2066	0.45020510578540845	False
4	72140558	74592389	0.0003358406353377	1.0857114624354025	0.0001969040635732	0.0004859403485901	2.6954524064092266e-08	0.0407972748692481	3188	0.45022597942762094	False
5	7143218	8446335	0.0004321971610679	0.961592418100822	0.000334506745568	0.000603916477023	4.4656423794520033e-08	0.0408332160376052	2721	0.45022597942762094	False
14	28466533	29972144	0.0003388892317885	1.2284283908110734	0.0003693261023849	0.000206065765007	2.7573089184349356e-08	0.0412638836880543	2116	0.45203919033752393	False
7	134307596	135591082	0.0003421556395074	0.7488867202733787	0.000300916465242	0.0006936960067409	2.9134902564611984e-08	0.0450111646094998	2231	0.48682074712480766	False
18	35075250	36365489	0.0003326054514948	1.6861296288655183	0.0003245827890687	0.0001198812654645	2.7531471359218528e-08	0.0450122834502914	2148	0.48682074712480766	False
17	18856320	21290356	0.0003207958628781	1.063319992601408	0.0005071592479384	0.00017946725048	2.5814105317628695e-08	0.0458640780916243	2078	0.49028077404513476	False
10	16551767	18537266	0.0004151551342394	1.8184628308317037	0.0003997831503212	0.0001303729472455	4.3251665075355014e-08	0.0459096837886787	3408	0.49028077404513476	False
7	85572182	87825003	0.0004154660564148	1.115581732394951	0.0006613894982321	0.0002097060753259	4.359165325884984e-08	0.0466006269555298	2922	0.49454915356556006	False
9	121321537	122260296	0.0002658092956122	0.7468642124376412	0.0003543620440259	0.0003574454979158	1.791473232330902e-08	0.047040555514311	1429	0.4961171631260875	False
8	56956383	59068650	0.0003814935108877	1.7146923502027085	0.0004636044606135	0.0001067712393025	3.7056134184231096e-08	0.0475030213399861	4036	0.49621650613878665	False
8	101620958	104123305	0.0004847948131364		0.0005205280089849	-0.0001771391008275	5.991226358223781e-08	0.0476344467023688	4155	0.49621650613878665	False
6	65765742	67329214	0.000442157328439	1.0281204030034126	0.0002604649980106	0.000710094795503	5.0094322605897155e-08	0.048208578033248	3622	0.4988301691853967	False
17	51826118	53599431	0.0003929524700659	0.9628301819034544	0.0003794815154994	0.0004389247075569	3.9658682293868243e-08	0.0484728962989343	2888	0.4988301691853967	False
2	151731462	152486781	0.0002465481748814	1.2633148703432082	0.0001180468374367	0.0003226457961789	1.5664273832161737e-08	0.0488485437939541	1357	0.499667634711651	False
17	36809344	38877403	0.0004250328275735	0.8010383362421574	0.0004723102403058	0.0005960888310209	4.6918516995724455e-08	0.0497354893395346	2259	0.5056937778355075	False
12	23820634	25371082	0.0004202602700791	0.8206222099516205	0.0004703626804404	0.0005575929578999	4.609916250572599e-08	0.0503045708370477	2896	0.5084354838173036	False
1	173097907	175089767	0.0003111179945233	1.5903200492640843	0.0003705827794518	0.0001032751795586	2.5475483065666173e-08	0.0512675191937104	2290	0.5151020567510075	False
4	118479918	119933511	0.0003110634474736	0.6239217408593344	0.0005188480196404	0.0004790684386545	2.5660239779124823e-08	0.0521536665588561	2610	0.5178774150051986	False
16	72935150	74971502	0.0004898420121939	3.120092377622792	0.0006196424124957	3.977736584812487e-05	6.363192376087427e-08	0.0521537326065306	3241	0.5178774150051986	False
10	102949239	104380409	0.0002875163009467	1.4305993877664274	0.0002560297977279	0.000157760531927	2.2093291757403224e-08	0.0530716415135468	1483	0.5239281819186189	False
6	110304247	112345013	0.0004147748576644	0.8139769407577874	0.0005868762896042	0.0004424396888346	4.690245186119247e-08	0.0554667120167716	2973	0.5444073815287755	False
5	9718832	11173270	0.0004239592733026	1.627156872826555	0.0001399407064726	0.0004851157403594	4.9311968799996144e-08	0.0562382564792277	2980	0.5483883468932859	False
6	28017819	28917607	0.0004131866467255	1.099837170997506	0.0009952544561871	0.0001418082957684	4.694430240530072e-08	0.0565182336315224	1541	0.5483883468932859	False
4	37255047	38907021	0.0004590676584461	2.349728438863114	0.000372018482499	0.0001026014578979	5.8326966781471154e-08	0.0573250150521777	3614	0.5530561111283961	False
17	61545589	63148127	0.000244931891932	0.8727357738663262	0.000254533651365	0.0003094424636524	1.6807703448664993e-08	0.0588573369974794	1396	0.564631402382599	False
10	91013381	92006580	0.0002386871210999	1.0452788529059858	0.0003971330353253	0.0001312978543466	1.6087518978743388e-08	0.0598567103795735	1769	0.5670244137394022	False
1	110303931	111741736	0.0003650751708683		0.0004110215118689	-1.0013817838478836e-05	3.772474249114184e-08	0.060160418136819	2428	0.5670244137394022	False
3	139954597	141339096	0.0002817473570299	1.1972215462463731	0.0001837519860571	0.0003013967822356	2.2529552587893666e-08	0.0605066652704535	1953	0.5670244137394022	False
8	89085481	90638161	0.0002697313960745		0.0005655677453075	-6.991599510920281e-05	2.0677559794587132e-08	0.0606855211772736	2464	0.5670244137394022	False
1	178954470	181144120	0.0004148189931724	1.4498866310134404	0.0002599642625432	0.000314873075455	4.893955113302989e-08	0.0607764683748947	4081	0.5670244137394022	False
17	31538425	32912797	0.0004260253066566		0.0003247884389042	-0.0001979941571587	5.2351829543560385e-08	0.0626092610862661	3066	0.5809318323742068	False
7	23471442	25077258	0.000433691120189	0.8046350241245617	0.0008255203218777	0.0003519130938217	5.523641702899906e-08	0.0649934172782663	3328	0.59617541213167	False
13	37498185	38878162	0.000326367395399	0.6358622899174778	0.0007859855578242	0.0003351759319138	3.1287327487070007e-08	0.0650213726485699	2820	0.59617541213167	False
3	16282442	17891117	0.0003220616043029		0.0013015368395989	-4.409783188479564e-05	3.0561739798053206e-08	0.0654377525985819	2314	0.59617541213167	False
3	79024541	81427309	0.0003370770196097	0.9852714490282536	0.0005352103871469	0.0002186864934796	3.3532297788878594e-08	0.0656565383207434	3492	0.59617541213167	False
1	153180829	154770402	0.0003162446963478	0.8068223292905523	0.0006756176745545	0.0002273995919497	2.967943158455235e-08	0.066405945228278	2119	0.5997728457320002	False
1	111741737	113273305	0.0003715656451953		0.0006068248859018	-0.0002633184864157	4.1311222598127653e-08	0.0675335471121841	2745	0.6008513198308995	False
7	13884202	15143656	0.0003520277269519	2.615356174725187	0.0002982871768743	6.073757871939768e-05	3.7159868633943096e-08	0.0678255563451183	2321	0.6008513198308995	False
14	23018665	24905122	0.0004413216014844	1.1927232533351937	0.0003431410035775	0.0003989866653051	5.8602731222370755e-08	0.0682972952318935	3076	0.6008513198308995	False
9	85440801	86938195	0.000344331708312	1.481387541901822	0.0002299036946605	0.0002350015397132	3.5725913332196456e-08	0.0684951123912925	2599	0.6008513198308995	False
5	101578769	103320004	0.0002973728893393		0.0004978026770726	-4.651218334488068e-05	2.6680167835079643e-08	0.0686724302684746	2449	0.6008513198308995	False
2	189882065	191973356	0.0003015739672159	2.047990665826953	8.324930003613171e-05	0.0002604660727743	2.7468924669296548e-08	0.0688217985863056	2581	0.6008513198308995	False
4	152782184	154477640	-0.0003479098944434	-5.361857768479846	0.0001473681356908	2.856928634056513e-05	3.6635501227917734e-08	0.069114155586509	2394	0.6008513198308995	False
19	4348967	5811851	0.0004090173904184		0.0006578379786307	-0.0001303512694175	5.0723326132643144e-08	0.0693562183079248	2751	0.6008513198308995	False
3	11019665	13070798	0.0003842648689067	1.4798513109205504	0.0004537402578957	0.0001485996839991	4.5068105214937794e-08	0.0702845053569753	3319	0.6053321230361314	False
6	25684587	26791232	0.0007716824791833	0.9123805739458763	0.0013211431920019	0.0005414711584238	1.826791526582541e-07	0.0709986510825477	1983	0.6053321230361314	False
11	28481593	30141356	0.000255545251628	0.7601338462109627	0.0004615190425528	0.000244887075571	2.0068197187848897e-08	0.0712462183381328	2057	0.6053321230361314	False
15	55136269	56901772	0.0003723301085098	0.8258318993478007	0.0003803624309186	0.0005344110024642	4.261793520107181e-08	0.0712994255637375	3525	0.6053321230361314	False
2	159577082	161769732	0.0003746841563428	0.6827858991426924	0.0004531021316301	0.0006646078490469	4.3273822500095264e-08	0.0716773997528157	3718	0.6055135561208013	False
1	43758457	44969182	0.0002824984716375	0.5047126700198028	0.0008264971212714	0.0003790551884474	2.4740469173799043e-08	0.0724906993959421	1464	0.6093525127441074	False
2	198078110	199311124	0.0002149354023719		0.0008432565539344	-5.809176033729763e-05	1.4476450589128693e-08	0.0740357145758327	1347	0.6192741051712509	False
10	97822357	100241301	0.0003677185019906		0.000301517647437	-0.0002261663072654	4.2545663899965265e-08	0.074628756625035	3572	0.621174650731909	False
8	21661737	22897056	0.0003144090574685		0.0001806324440847	-6.104180410358515e-05	3.133692985873342e-08	0.0757168327774363	1957	0.6256968374613382	False
6	138822629	139845435	0.0003452726717725	3.547533792927069	7.52688421553518e-05	0.0001258508326269	3.7858005294227865e-08	0.0759755272061775	1830	0.6256968374613382	False
11	21017138	22374141	0.0002843109549662	0.979923184055136	0.0002202324730889	0.0003822273565531	2.5722550859832065e-08	0.0762775296551808	2641	0.6256968374613382	False
9	114831082	115693144	0.0002094624450035	1.195765695262317	0.0003124122289597	9.821823643603572e-05	1.4032879124613568e-08	0.0770265282830833	1553	0.6288031010801703	False
5	16963613	18051591	0.0002809638215546	0.9051921393671158	9.315928588094684e-05	0.0010341727833871	2.533292102145271e-08	0.0775207026457878	1544	0.6298093449404195	False
2	54685226	56203344	0.0003407063655581	1.4768797834776453	0.0004052286476721	0.0001313318506123	3.7389477465723326e-08	0.0780695402790734	2697	0.6312479971136506	False
17	12534769	13180371	0.0003344898325293		0.0007238181635577	-9.981665524732682e-05	3.6436857513392646e-08	0.079719460310263	1513	0.6374432950253303	False
11	92077144	93276156	0.0002080282973903	1.754910653313116	7.278377967032381e-05	0.000193063512654	1.4145645813979782e-08	0.080276251543913	1787	0.6374432950253303	False
2	133042784	135158577	0.0004229962255191	1.4757577113591145	0.0005172513348132	0.0001588331838882	5.8560787809792825e-08	0.0804698760072592	3510	0.6374432950253303	False
3	179374586	181511165	0.0003115903033401	1.1087271713268907	0.0013794039040968	5.7256795159601475e-05	3.1780284041402986e-08	0.080489385779144	2493	0.6374432950253303	False
9	133223217	134127887	0.0003010740161486	0.9033656338076248	0.000277740050005	0.0003999271722855	2.9715894355800023e-08	0.0807169278377904	1484	0.6374432950253303	False
1	148361253	151538880	0.0002526391394979	1.599864559845582	0.0005209345782275	4.786870131109943e-05	2.0975183156288163e-08	0.0810881930067558	1871	0.6374432950253303	False
17	76263413	77298635	0.0004108180306469		0.0002570625701922	-0.0003156102753574	5.6136679635045795e-08	0.0829343477869845	2427	0.6461008861293215	False
2	29217559	30463710	0.0003539157293835	0.676377018005894	0.0003294158309077	0.0008311464949964	4.1667085580816695e-08	0.0829505260166031	2295	0.6461008861293215	False
4	136566407	138541970	0.0003469612772411	1.5690136728648996	0.0002428763970136	0.000201336839863	4.06626286997879e-08	0.0853210134660528	4120	0.6615300496135051	False
22	18296088	19912357	-0.0003944422041411	-0.8410927506893044	0.000346644030846	0.0006344468538971	5.279959911809106e-08	0.086053036841559	2508	0.6641729843498508	False
17	34469036	36809343	0.0003632640877859	0.947951897204766	0.0004312657983693	0.0003405079950978	4.5050871709690075e-08	0.0869932394652922	2359	0.6683914959821997	False
11	84381272	86619300	0.0003165668173578		0.0001127571230351	-9.64678579521154e-05	3.4379107603955956e-08	0.0877602811212104	3455	0.6700215193390654	False
12	11754846	12733527	0.0003693942421021	1.2161529415071946	0.0004197228809804	0.0002198068431116	4.687974878511174e-08	0.0879945811617265	1837	0.6700215193390654	False
2	76913661	78079263	0.0003127223292801	0.997774280804701	0.0003144159236594	0.000312427059507	3.3911656250192975e-08	0.0894732999263655	2381	0.6782395681918242	False
8	90638162	93554385	0.0002996418757691	1.0615496338673112	0.0001693939701207	0.0004703557501443	3.1374787597693364e-08	0.0907115404341817	3205	0.6830795342425043	False
20	41615460	42680175	0.0003169385444859	1.3374699183289664	0.0005126145696006	0.0001095446385978	3.5146073282134984e-08	0.090916357325563	1736	0.6830795342425043	False
1	206073265	208410363	0.0003487761163747	0.8432728316054193	0.0004129909090874	0.0004142063628095	4.30598220119391e-08	0.092805842288456	2668	0.6901700723197886	False
1	84844495	86454750	0.00033990134254	0.9110637157507682	0.0002170516789316	0.0006412761808545	4.095250902731361e-08	0.0930300802346307	2817	0.6901700723197886	False
2	206735704	208645398	0.0003470903158936	0.947796908100594	0.000695659007589	0.000192778237446	4.2750644135034015e-08	0.0932119769472136	3014	0.6901700723197886	False
21	15950982	18053164	0.0003366811700323		0.0003967722052183	-0.0001607841364255	4.037424558315604e-08	0.0938193926952165	3008	0.6901700723197886	False
11	44693799	47006136	0.0003330974095244	0.7367468898709123	0.0010525279085243	0.0001942103038852	3.953687154711992e-08	0.0938923949975684	2940	0.6901700723197886	False
18	45939732	47730583	0.0003511806239526	1.102322245765924	0.0002672491956131	0.0003797760224981	4.4170504056898214e-08	0.0947308597295353	3391	0.6926915406981737	False
10	55103572	57031139	0.0003356235662653	1.0448727189311176	0.0002716106483915	0.0003798667866842	4.0573480535137333e-08	0.0956703888305743	4590	0.6926915406981737	False
1	184595513	186810022	0.0002907242531561	1.1624375356404888	0.0001485168776964	0.0004211603389276	3.045546984585912e-08	0.0957335755653215	2494	0.6926915406981737	False
11	76797209	78355057	0.0001860021049805	1.5329226094822623	0.0001442817557544	0.0001020431461516	1.2509528073346245e-08	0.0963084904463916	2199	0.6926915406981737	False
11	117747110	119215475	-0.0002349528487759		0.0004409335990676	-0.0001801162478772	1.9961692770497004e-08	0.0963202674551189	2218	0.6926915406981737	False
16	63691589	65938565	0.0004214353656389	0.3804861286210474	0.000848587244112	0.0014457320178882	6.436409331461387e-08	0.096683094903102	3928	0.6926915406981737	False
11	72286017	74412350	0.0002482660923833	0.7210754511739089	0.0004803372938902	0.0002467897338068	2.249069780425712e-08	0.0978333470874721	2777	0.6973823878144891	False
5	58524622	60935906	0.0003863904430953	1.462838999433656	0.0009359227861065	7.454519774646139e-05	5.4659012690964874e-08	0.0983908049158176	2990	0.6973823878144891	False
16	8338519	9799418	0.0004397223284152	0.9270435632821864	0.0003738090916179	0.0006018758148141	7.119811999171599e-08	0.0993627565344337	3789	0.6973823878144891	False
4	62371763	64341000	-0.0002829867097371	-0.7744825964829852	0.0004042621019727	0.0003302522030221	2.9532537940300008e-08	0.0996188127956205	3379	0.6973823878144891	False
1	113273306	114873844	0.0002970405007285	1.710501778501766	0.0001843374673729	0.0001635952388283	3.262803163249472e-08	0.1000836298838002	2248	0.6973823878144891	False
7	38966703	39862669	0.0002345140522954	1.1792490642673683	0.0001307043736174	0.0003025774381881	2.0358961927499682e-08	0.1002628251290898	1469	0.6973823878144891	False
12	25371083	27799772	0.0004140917749575	1.2582296425619626	0.0001464078562772	0.000739790928973	6.350314474832927e-08	0.1003348598329647	4709	0.6973823878144891	False
21	43321528	44506267	0.000332828539912	1.0400264829857604	0.0002561248297389	0.0003998532593421	4.1094176146142e-08	0.1006234894078621	2958	0.6973823878144891	False
6	31571218	32682663	0.0009776652114515	0.8709603399139113	0.001413202600835	0.0008916186351591	3.5647966048404985e-07	0.1015327494908937	3924	0.7008236123395835	False
11	108437037	109866115	0.0001890786966817		0.0002799535127778	-4.28722748407111e-05	1.3431014645049468e-08	0.1027839802247412	1695	0.7065878478607714	False
2	39031337	40281482	-0.0002147844285698	-2.616114122723958	0.0002220736954557	3.035254385397518e-05	1.743616285347933e-08	0.1038248124192023	1400	0.7108650463217964	False
20	52472549	54055265	-0.0003379214057079	-1.4900530683666684	0.0002241693658151	0.0002294307743101	4.3307969154991485e-08	0.1044190934320049	2742	0.7110256247993839	False
11	114830666	116383347	0.0003072280440899	0.5444637186576302	0.000357694774406	0.0008901664592469	3.5853026555852976e-08	0.1046857515900153	2381	0.7110256247993839	False
2	21050490	23341382	-0.0003139689850849	-5.357275899034202	0.0010537701341664	3.259414448893859e-06	3.7899795452403956e-08	0.1067978114966292	2778	0.722480812435364	False
19	52985290	54602361	-0.0004773729988722		0.0001437518182042	-1.763693103072182e-05	8.826028089869377e-08	0.1080873896896341	4470	0.7256607612829412	False
13	100574095	102300522	0.0003248444625325	0.8255118240944803	0.0003949280908154	0.000392090494508	4.087777724383344e-08	0.1081225987070578	3110	0.7256607612829412	False
11	123500117	124495527	-0.0002200199187652	-2.507069084094031	0.0002455068836748	3.1370953825215574e-05	1.8871194511059906e-08	0.1092373633880412	2250	0.726735762244507	False
9	92528698	94167202	0.0003258712278379	1.803101175439049	9.139282144497578e-05	0.0003573878271233	4.141156913494098e-08	0.1093003105584841	2861	0.726735762244507	False
14	61680424	63790014	0.0003646796969857	1.292266784149604	0.0003261909022224	0.0002441445103128	5.2011062325111e-08	0.1098081193848417	3499	0.726735762244507	False
20	54055266	56447958	-0.0004638442798252		0.0002264668778467	-0.0008694154179481	8.423121572781644e-08	0.10999475317835	4752	0.726735762244507	False
12	16310460	18087872	0.0002731662538054	1.158785133778535	0.0002292519224855	0.0002424014857402	2.9336587491372697e-08	0.1107438058367148	2627	0.7285922819164252	False
4	141084631	143443264	0.0003126909793242		0.000248938085915	-5.335247022393898e-05	3.854483856572701e-08	0.1112289421814804	3648	0.7285922819164252	False
6	107450306	108464379	0.0002611787119344	1.4921639179400137	0.0002096256737737	0.0001461497281043	2.6941527947222428e-08	0.1115630113652948	1388	0.7285922819164252	False
5	88891530	90422653	0.0002912071605789	0.5538707963332284	0.0005945228302519	0.0004649632508829	3.358617784320807e-08	0.1120621596844264	1669	0.7290480733492568	False
13	38878163	41069262	0.00035633346421	1.233113753081653	0.0006470793268863	0.0001290474454439	5.111595558339649e-08	0.1150072756508881	3747	0.7453524963939236	False
19	54602362	55728079	0.0003453222985696		0.0002973356278557	-0.0003709903773933	4.8445210994894766e-08	0.1166679297836655	2238	0.7532400941926388	False
12	130377921	131786750	0.0004094690777663	1.815743435313584	0.0001256184384562	0.0004048366895553	6.828507363166016e-08	0.1171237809871956	3690	0.7533188640767353	False
5	43983499	50163397	0.0003134624140034	0.912949075911824	0.0006041133683577	0.000195145883548	4.0378267975633514e-08	0.1187708889031067	4017	0.7610300730470761	False
2	212379518	214014281	0.0003401706214358	0.5601667186450522	0.0009359916709457	0.0003939916501226	4.7708359755325926e-08	0.1193760649383028	3272	0.7613570852751902	False
8	41721454	42773822	0.0001564937235482		0.0001445569001283	-9.878498940637692e-05	1.0121822675606741e-08	0.119829125972417	916	0.7613570852751902	False
14	93132299	94325284	0.0002505959393573	0.8122213204146298	0.0003696248881428	0.000257536080695	2.6079849688273407e-08	0.1207222819065077	1942	0.7613570852751902	False
9	20463534	22206558	-0.0002892549005146	-1.517604263509965	0.0003710858661873	9.789713034918806e-05	3.477797836662254e-08	0.1208873393274525	2742	0.7613570852751902	False
6	53279102	55468269	0.0004036989750419	1.014624322103851	0.0001833809520035	0.0008632777208176	6.783864216461674e-08	0.1211523308849383	4447	0.7613570852751902	False
1	5913893	7247334	0.0002776563319127		0.0004041412272558	-4.089520610591383e-05	3.215264387226265e-08	0.1215122321022241	2087	0.7613570852751902	False
9	94167203	96671697	0.000330792377111	0.9967121865328964	0.0005844982834296	0.0001884465579487	4.582696512751307e-08	0.1222890804243577	4058	0.7634075682373506	False
5	19917716	22152072	0.000282661453723	1.0871255781295095	0.0001186930474352	0.0005695717855636	3.3669247404314625e-08	0.1234487341162988	2854	0.7638130747107081	False
7	147815318	149840657	0.0003383765793558	2.287325450307695	0.0002589159347145	8.452513784487058e-05	4.827959307446093e-08	0.1235622770395146	3367	0.7638130747107081	False
2	215573795	217715660	0.0003582113008012	2.2455444552325705	0.0001285654934338	0.0001979296378813	5.41462435300059e-08	0.1237035309454916	3389	0.7638130747107081	False
6	13209388	14802923	0.0003294421900994	0.5117152282871654	0.0005817499446762	0.0007124680593671	4.6329703547291936e-08	0.1258789613696123	2665	0.7731378735382058	False
1	32438685	34799757	0.0002942119478048	1.026280113569757	0.0001794735704749	0.0004579185959875	3.699854056911923e-08	0.1261243763074694	2584	0.7731378735382058	False
8	116096495	119685456	0.0003669052794567	4.599553722313337	0.0013446149667923	4.732368875254083e-06	5.7753609368887415e-08	0.1268262789146183	4502	0.7746439625792154	False
18	25927682	26875586	0.0001863070008966	0.7243564887568916	0.0001876662606409	0.0003525067514456	1.4927787401015074e-08	0.1272927225636222	1263	0.7746745727325804	False
4	150683580	152782183	0.0002332710301301	0.8229626852457499	0.0001637458416189	0.0004906717413501	2.3457823016162663e-08	0.1277437457980698	2455	0.7746745727325804	False
5	119669042	120452165	0.0002051377592218	0.7531687212921179	7.98862052851576e-05	0.0009286132393711	1.821841838467834e-08	0.1285578783289499	1355	0.7768372861300958	False
1	100826405	102041015	0.0002532561860603		0.0002617598786647	-2.4989988785260945e-05	2.8044245541515672e-08	0.1304573577071645	2051	0.7838533327127087	False
11	111114397	112459487	0.0001793528349271	0.5411117850573632	0.0002030506120023	0.000541050998983	1.4078537977391276e-08	0.1306422221187848	1481	0.7838533327127087	False
1	48978188	49894176	0.0001576091788566	1.3350391466201117	0.0001494430881782	9.32608089678344e-05	1.0935185260587436e-08	0.1317615805022014	816	0.7861467251217548	False
13	109121210	109815111	0.0002310367978962		0.0003159911242764	-0.0002951684056526	2.3520687534419648e-08	0.1319504220610719	1550	0.7861467251217548	False
21	38711704	40482901	0.0003330532986488		0.0004460744003303	-0.0003291609862096	4.9246632753374734e-08	0.1334049312691448	3292	0.7918014644537841	False
3	167117429	168580959	0.0002177324780968	2.243515274530876	0.0002066080883091	4.5587003912400754e-05	2.112497320023512e-08	0.1341213148541244	1924	0.7918014644537841	False
5	52134622	53703043	0.0002924055402309	0.892290077963478	0.0001257607174726	0.000853913854735	3.813433885286624e-08	0.1342984816034687	3116	0.7918014644537841	False
1	20469149	21736587	0.0002733432158942	1.1760286776696565	0.0003255619748743	0.0001659384772798	3.3520426855329425e-08	0.1354428366647514	2059	0.7957852479472245	False
11	87430235	89208935	0.0002566113368562	0.8461303321577021	0.0001871452140482	0.000491471598185	2.9781693574204313e-08	0.1370236956804441	3010	0.8019281538976881	False
10	3352699	4572273	0.0002791339284914	0.7451278701356232	0.0006143232438868	0.0002284371285343	3.5312414965997466e-08	0.1374329168340561	2529	0.8019281538976881	False
2	35345028	36122005	0.0002262188879985	0.9624383125699864	0.0001068394584228	0.000517106792603	2.3312927016133527e-08	0.1384472205653152	2075	0.8050800702736479	False
13	46495214	47431078	0.0002047985988798	1.190291086307815	0.0002358329666217	0.0001255287156645	1.9306913143538217e-08	0.1405061957003984	1500	0.814264574400261	False
10	60289987	61891408	0.0002654774862204	0.7539087444752867	0.0001930295474449	0.0006423830004898	3.252760991183079e-08	0.1410265430222123	2428	0.8145002382711445	False
10	82414679	84383744	0.00027360002189	2.067494946907224	0.0003654568418364	4.7918944696828175e-05	3.4759295194002684e-08	0.1422377589642699	3646	0.8187108973604417	False
15	61265836	63215221	0.0004145601737401	0.3990029451935107	0.001173034360088	0.000920263546374	8.140071595507721e-08	0.1462164611334397	3334	0.836973808482201	False
5	142981248	144943353	0.000261580801373	1.1892811491451405	0.0002436425133771	0.0001985590063038	3.243786770293688e-08	0.1463964788687949	2981	0.836973808482201	False
20	62190180	62965162	0.0002845234796561	1.011262523519588	0.0001418108305713	0.0005582117786492	3.8579894755093455e-08	0.1474594700870732	1425	0.8376244501226598	False
14	43137389	44543226	-0.000265718400986		0.0001090695911629	-3.620444373761883e-05	3.3797532950558306e-08	0.148353897536738	2569	0.8376244501226598	False
8	110484314	111850846	0.0001783584825023	29.974386926519845	0.0004106533184975	8.622070752377186e-08	1.5295780199560492e-08	0.1492623875984917	1458	0.8376244501226598	False
11	1213590	3665480	0.0003914026130377	1.0120316209016234	0.0004862030411785	0.0003076391522808	7.378719035685413e-08	0.1496135056080297	5278	0.8376244501226598	False
5	105893055	107264195	0.0003220989308072	0.4529719245675668	0.0008143825570995	0.0006208798037689	5.0133798719182826e-08	0.1502789861221849	2463	0.8376244501226598	False
10	61891409	62659678	0.00017380368807	2.860933232209175	0.0003195708819388	1.1548759291404531e-05	1.4616202412858432e-08	0.1505441514139959	1443	0.8376244501226598	False
16	9799419	10426031	0.0002266792252478		0.000536613226237	-0.0001100846406936	2.4934169202156004e-08	0.15113424757614	1632	0.8376244501226598	False
6	26791233	28017818	0.0004274425087228	0.634783789266046	0.0010309266072156	0.0004398210558713	8.870930921122859e-08	0.1512482970993917	1536	0.8376244501226598	False
2	209941529	212379517	0.000303977050963	0.8021492967791394	0.0003282817982491	0.0004374459265844	4.4921062591299826e-08	0.1515094795307834	4043	0.8376244501226598	False
14	49005471	50507759	-0.0002533730785113	-0.6307666517363587	0.0002521303720463	0.0006399680946693	3.1346035550719285e-08	0.1524023357997873	2329	0.8376244501226598	False
18	44299246	45939731	-0.0002720916963774	-1.3279192427649784	0.0002678804631059	0.0001567278611956	3.6235454048748744e-08	0.1528943502450031	2664	0.8376244501226598	False
14	71131957	72889614	0.0003665462268127	0.5337613332097741	0.0009159172984285	0.0005148811902942	6.586633506465307e-08	0.1532267541593835	2824	0.8376244501226598	False
6	136224177	137614217	0.0002089937059054	1.954609321927773	4.585755323493594e-05	0.0002493076492813	2.1419311994353008e-08	0.1532897374662551	1218	0.8376244501226598	False
6	32682664	33236496	0.0005913961601914	1.0012708826922991	0.000791233352224	0.0004409092818984	1.7161843049316658e-07	0.1534164923369536	3003	0.8376244501226598	False
3	173477285	175116538	0.0002837531207412	0.8927250350488853	0.0002624577021658	0.0003849342395911	3.9781126548646286e-08	0.1548338038323325	3138	0.8409309496632753	False
1	177433381	178944308	0.0002457356122235	2.9336842962653784	0.0002859742521509	2.453479951911104e-05	2.9913718831422516e-08	0.1553749608293059	2114	0.8409309496632753	False
8	66489090	69863056	0.0003065214930291	0.8224364676983953	0.000443936788414	0.0003128931175095	4.666909017272316e-08	0.1559334343227554	4180	0.8409309496632753	False
16	81772536	82747727	0.0003380886713208	0.7253199150091645	0.0003588864732943	0.000605403522583	5.679563144353693e-08	0.1560030913686288	2453	0.8409309496632753	False
12	29651255	30512405	0.0002227053620586		0.0002476891872923	-6.745282156451602e-05	2.47063478115524e-08	0.1565243800080104	2421	0.8410708773848155	False
20	15958359	17487231	0.0003399415198245	1.0696271221859548	0.0004237250049474	0.0002383743472105	5.7714878831088874e-08	0.157064791659824	3504	0.8413123540642938	False
2	102688765	103588214	0.0002000150118582	1.2747998744681035	9.880122651469748e-05	0.0002491602882005	2.0228452314115193e-08	0.1596319004126486	1752	0.8523741097505575	False
4	184929455	186909089	-0.0003722176229518		0.0004938680990532	-0.0002291086572929	7.023488219217252e-08	0.1601712063014564	4573	0.8525727532911378	False
4	17383322	18841873	0.0002148666874356	2.7218272593260484	0.0001637863325168	3.804866294702512e-05	2.35269273075556e-08	0.1612639030537265	2374	0.8552608886970476	False
22	43714200	44995307	0.0003685051404958	0.8828404159084074	0.0005300688169134	0.0003286929819713	6.933998551780176e-08	0.161683595566403	2974	0.8552608886970476	False
18	3891658	5834179	0.0003507700820841	0.7255634092191834	0.0010076741882813	0.0002319392289399	6.303382102094308e-08	0.1623755370170422	3957	0.8562506063384977	False
2	165178840	167160269	0.0002844949355071	1.2583359211586291	0.0002093897715321	0.0002441183508588	4.163795369603593e-08	0.1632525929306117	2947	0.8562506063384977	False
1	156336133	158027411	0.0002782437865942	1.1543787805618828	0.0001463137067722	0.0003970720030728	3.985303274934906e-08	0.1633835079232469	2642	0.8562506063384977	False
1	108409665	110303930	0.0002718383795955	1.8344288654191063	0.0003155909053742	6.958174485205213e-05	3.8269592384610073e-08	0.1646561610684439	2770	0.8565345898349502	False
9	130055510	132165469	0.000244687444937	0.7888271390872089	0.0007578740631413	0.0001269587506381	3.1067888860806584e-08	0.1650724794646663	2147	0.8565345898349502	False
20	13689864	15958358	0.0003391941676201	0.5847711409452362	0.000218936800462	0.0015367602618719	5.985959318441924e-08	0.1656316689282423	3780	0.8565345898349502	False
7	82022686	83801202	0.0002887342367868	1.2521292435655549	0.0008808053446327	6.036960144248543e-05	4.3529842036697255e-08	0.1663890487951604	3359	0.8565345898349502	False
4	5502388	6773042	0.0003597466815044	0.7612482390178071	0.0005279323296767	0.0004230217842061	6.783608708538616e-08	0.1672078629424445	3135	0.8565345898349502	False
1	181144121	182755355	0.0002654011862058	1.158455503112564	0.0001757282954829	0.0002986794265019	3.6961222356579014e-08	0.1674393163738441	2633	0.8565345898349502	False
11	103959636	104873283	0.0001335560233403		0.0001841856781263	-2.7437806480815935e-05	9.385472466414691e-09	0.1680209219307934	1493	0.8565345898349502	False
15	54508528	55136268	0.000190428865664	1.1930792050621444	9.859604378176182e-05	0.0002583851317986	1.9093540391595532e-08	0.1681637801030253	1381	0.8565345898349502	False
21	9411243	15950981	0.000236062422419	1.6166221200143829	6.997073017186408e-05	0.0003047335556909	2.9373605131926495e-08	0.1684002218189983	2321	0.8565345898349502	False
12	85990426	89682121	0.0002888230826095	2.0441713704383413	0.0004066677315118	4.908959868195267e-05	4.402977474617245e-08	0.1686840958283396	4853	0.8565345898349502	False
7	138744679	139933176	0.0001912353692814		0.0003995223205363	-0.0001461499920248	1.9330169945341933e-08	0.168986506239522	1425	0.8565345898349502	False
11	119215476	120766805	0.0002537637641299	0.9189127301030836	0.0003945701405321	0.0001932797978573	3.451484981694917e-08	0.1719627421180638	2818	0.8639053170272756	False
8	125683719	126410916	0.0001875892316934		-2.75109144694626e-05	0.0004754662847407	1.8872351234498426e-08	0.1720927980193658	1297	0.8639053170272756	False
2	130658085	133042783	0.0002181597577113	1.7594503578215286	5.458106690072943e-05	0.0002816781948041	2.5609437290056783e-08	0.1728046060885807	2366	0.8639053170272756	False
12	118135375	119754109	0.0002928718685547		0.0002687088486227	-4.5821376463967165e-05	4.6304520569334396e-08	0.1735059282676111	3165	0.8639053170272756	False
15	53069096	54508527	0.0002832620251669	1.5851085022694404	7.629348048000581e-05	0.0004185730791864	4.3365965800955193e-08	0.1737556703160846	2892	0.8639053170272756	False
2	57429100	58297314	0.0001946684476356	1.738772716437546	0.0005691916877406	2.202150256189252e-05	2.0492577002369652e-08	0.173871180062719	1770	0.8639053170272756	False
11	69516130	70926291	0.0002544429882087		0.0003544912559772	-0.0005140422453244	3.5030848169484036e-08	0.1740021309913594	2529	0.8639053170272756	False
5	36433954	38802409	0.0003003078208296	0.6963052485456319	0.0003027331009618	0.0006144323001162	4.9637064423157415e-08	0.1776846330582512	3421	0.8796166382883688	False
14	38667725	40341989	0.0002493276200899	1.02837285739458	0.0001464015585925	0.0004015076939838	3.4441317742340544e-08	0.1791172923171758	2928	0.8841312859144318	False
4	42213058	43965044	-0.0002429526119745	-1.8652692629039984	0.0001420400056624	0.0001194398905262	3.291779795864974e-08	0.1805449706491266	3234	0.888143059713953	False
16	60745694	62229848	-0.0002115330534011	-0.7919797584763684	0.0001911557173541	0.0003731994720128	2.5047960257179572e-08	0.1813626886103956	1862	0.888143059713953	False
4	29762208	30454534	0.0001391173881601	1.154119076463469	4.36241283308669e-05	0.0003330694727654	1.084281111746264e-08	0.1815452401738306	1084	0.888143059713953	False
3	151348730	153256570	0.0002615050602459	1.0630216466148683	0.0002930175596195	0.0002065296126851	3.848062522236426e-08	0.1825027071623018	3223	0.888143059713953	False
2	239952643	241560083	0.0003580155072756	0.9301147449325377	0.0003305976385853	0.0004481577086927	7.21390112215242e-08	0.1825453049706535	3985	0.888143059713953	False
1	189904130	191868929	0.0002591055084128	0.52193756067916	0.0004462059595692	0.0005523073493982	3.795678349804673e-08	0.1835381455347848	3357	0.8886214408896156	False
1	81354191	83991747	0.0003457023915551	0.7598431872588097	0.000236281878004	0.0008760449814375	6.777687888479851e-08	0.1842149531324377	4716	0.8886214408896156	False
3	137371083	139954596	0.0002677152876805	1.4659295584311862	0.0001100714202191	0.0003030020522942	4.077429173244064e-08	0.1849039864352268	3617	0.8886214408896156	False
1	200137649	201589974	0.0002828562006175	1.28034239355139	0.0009332259618807	5.2298874599946786e-05	4.555660192678001e-08	0.1850961087497995	2828	0.8886214408896156	False
6	68849483	69523447	0.0002017761785255	0.8601349829305094	0.0004774905833785	0.0001152502168255	2.3199798588264466e-08	0.1852603003974817	1631	0.8886214408896156	False
11	10952027	12564228	0.0003406821390135	0.7420110883999871	0.0004824073229462	0.0004369825033844	6.639949610709069e-08	0.1861321492534593	3992	0.8900951464459284	False
7	132805848	134307595	0.0001905198804363	1.8921133480348868	0.0003898836523232	2.6004665743814145e-05	2.0811380589430183e-08	0.1866159435422559	2174	0.8900951464459284	False
13	82581814	84133143	0.0002001768815854	1.1984794826198155	0.0001212512913226	0.0002300807366707	2.3059357409658538e-08	0.1874275514341474	2597	0.8914621353926674	False
16	55903774	57664329	0.000303945955905	1.0708355649382844	0.0003480303329869	0.0002314888451194	5.35755325609846e-08	0.1891336481610934	2923	0.8960186240750527	False
19	36469295	37527032	0.0001373060043389	2.1574395826794164	5.780458603355191e-05	7.00711875745827e-05	1.0965881823336313e-08	0.1897914179429941	1630	0.8960186240750527	False
18	26875587	27866477	0.000165394433703		0.0003385001428473	-3.118139150881099e-05	1.593857856866998e-08	0.1901705296380728	1767	0.8960186240750527	False
16	59045405	60745693	0.0002610977861257		0.000187768249906	-5.5355498166982425e-05	3.9778880140352985e-08	0.1904963034694311	2860	0.8960186240750527	False
6	39295677	40345114	0.0002095787790494	1.55161413072375	0.0001695955748286	0.0001075753192026	2.5756517273362422e-08	0.1915928922381724	1584	0.897431722720889	False
2	152486782	154005055	0.0002313934357749		0.0003501807245686	-8.977084008553963e-05	3.1496632506761174e-08	0.1922935956309099	2324	0.897431722720889	False
7	105682905	107780177	0.0002727470070368	1.7985059058682011	4.411211289419192e-05	0.0005213608192285	4.3788857732828554e-08	0.1924377565082209	3297	0.897431722720889	False
2	16329735	18647422	0.0002999527802728		0.0003314727502152	-0.0004342165022625	5.3072917372927654e-08	0.1929108237886481	3959	0.897431722720889	False
9	6557589	7154922	0.0001931317249919		0.0002562249092951	-0.0001561325995344	2.2055378078189687e-08	0.1934440059896037	1584	0.8974533392632434	False
4	43965045	45189156	0.0001892576205622	1.4045324085380853	0.000185609080869	9.782368121474226e-05	2.132733172814708e-08	0.1949959320677481	2561	0.8996362599509162	False
17	1172399	1928730	0.0002245517353037	0.6885368722686914	0.0004563500499117	0.0002330667520487	3.0071748257062845e-08	0.1953538580507136	1629	0.8996362599509162	False
11	126311320	127316678	0.0002029078231796	0.3567375318572682	0.0005752092231818	0.0005624373273168	2.462767049126071e-08	0.196022798245129	2099	0.8996362599509162	False
8	32977218	35317231	0.0002024773150742	1.7842194652312182	0.0004173101370914	3.086009551561417e-05	2.4556627244515472e-08	0.1963267522664878	3312	0.8996362599509162	False
7	101199253	103197509	-0.0002395855049073	-1.3142070354043167	0.0001817137727548	0.0001828966108388	3.4440885315111844e-08	0.1967066216263187	2559	0.8996362599509162	False
3	1441779	2992119	0.0003726851292307	1.5705552222594223	0.0008290585035746	6.791919461425971e-05	8.399091101586852e-08	0.1984586154656192	4456	0.8996362599509162	False
22	26791628	27834751	0.0003418594220243	0.6878498293479166	0.0001364438082515	0.0018103144081337	7.069121852160886e-08	0.1985217599760566	2543	0.8996362599509162	False
14	34846251	35859592	0.0001955256208749	1.2225924595607007	0.0002947535537092	8.677305174383904e-05	2.3169992429445386e-08	0.1989602180776246	2004	0.8996362599509162	False
5	73759326	75798865	0.000262628631358	1.5874619379503767	0.0002618116421035	0.0001045414558787	4.190175176239242e-08	0.1994927754920136	3353	0.8996362599509162	False
10	50840915	53616628	0.0002407870306282		0.0002517064419427	-3.246339352614857e-05	3.5305557582904417e-08	0.2000254092555755	3117	0.8996362599509162	False
4	103221356	105305293	0.0001923663326609	0.8895364200964473	0.0005938265193442	7.87537194955798e-05	2.2550925835511172e-08	0.200195999832513	2745	0.8996362599509162	False
5	134777401	136376049	0.0002158632613128	1.125438801545871	0.0002428243544457	0.0001515030783477	2.8416974229350463e-08	0.2003587386812254	2578	0.8996362599509162	False
5	77623332	79393143	0.0002529522628886		0.0003588974452115	-6.118478860814408e-05	3.909787140762594e-08	0.2008022040762057	2756	0.8996362599509162	False
10	65794114	67549614	0.0002080466361981	1.835885566213386	4.882788801021552e-05	0.0002630039323329	2.6524072257323e-08	0.2014468610462986	2967	0.9001493948858291	False
17	1928731	3702311	0.0003047183507266	0.4720402019845965	0.0008032660171846	0.0005187759673591	5.7211682369705934e-08	0.2026771169140305	3277	0.9024760139832484	False
1	165191702	166460516	0.000242799778898		0.0002811601890225	-4.9038772473349405e-06	3.640188975231801e-08	0.2031658413973213	2240	0.9024760139832484	False
6	45406563	47311897	0.000284487318991	0.6689383865599131	0.0002243644873046	0.0008061195818923	5.0062738829753606e-08	0.2035620219997551	2948	0.9024760139832484	False
8	7153079	9154693	0.0002518084561425	1.4207617363564429	0.0002980566675686	0.0001053899684848	3.937581981689149e-08	0.2044474381828041	2760	0.9040410157145868	False
21	34376999	35225464	0.000169243803755		0.0003685118272453	-0.0002998202470153	1.7838823841045584e-08	0.2050999482209915	1210	0.9040603549752944	False
18	11905440	14440798	-0.0003048969895434		0.0002977625639317	-8.501294093994508e-05	5.8002368326774614e-08	0.2055166649119338	4579	0.9040603549752944	False
12	41658586	43984473	0.0002753471124781	0.6742583209977977	0.0003280349506108	0.0005083798224735	4.743915113218556e-08	0.2061621304445778	4490	0.9045563242762096	False
17	43056905	45876021	0.0002770683822743	1.7051962342594074	0.0005612650578141	4.703890491588005e-05	4.8533566757982895e-08	0.2085120031449482	4378	0.9115048584822505	False
7	49212278	51675321	0.0002867180915077	1.498218053672232	0.0003574896147744	0.0001024464025033	5.215973039447693e-08	0.2093280264523301	4630	0.9115048584822505	False
14	67992317	71131956	0.0003452187622889		0.0003148310644164	-0.0001068570154385	7.562540687427495e-08	0.2093562395807289	5280	0.9115048584822505	False
17	69387817	72672202	0.0004505865416524	1.0045269992427222	0.0003217644742864	0.0006253096217553	1.2956320671951824e-07	0.210640203126215	6208	0.9125041078763556	False
4	128996665	130591884	0.0002035220828137		0.0003118336347271	-6.746950875247221e-05	2.644880024985071e-08	0.2107755486262629	2319	0.9125041078763556	False
6	100630146	102636771	-0.0002535756296805	-1.1059968547341317	0.0002170391542328	0.0002421972195009	4.1134073817141694e-08	0.2111979472293332	2683	0.9125041078763556	False
2	110572432	113921855	0.0002676413315081		0.0002397418401468	-0.0003770432759915	4.6148543069461984e-08	0.2128105916510412	3405	0.9164555848496098	False
14	83138097	84241632	0.0002065801966259	4.756529781197918	5.086324255650196e-05	3.708453938784335e-05	2.7539303413705632e-08	0.2131919646734958	2025	0.9164555848496098	False
4	77130707	79093978	0.0002344311482086		0.0001969955405502	-8.640113695138096e-05	3.5651123944677975e-08	0.2143873501870022	3634	0.9178227922399238	False
2	113921856	116772469	0.0002775792086781	0.8374611316991126	0.0002001839649403	0.0005488014630649	5.007607860039298e-08	0.2148169015796202	3970	0.9178227922399238	False
10	19716878	22772282	0.0002816711319158	0.7500740442775431	0.0001276427917434	0.0011047909528344	5.1634160720945915e-08	0.2151316085462248	4541	0.9178227922399238	False
9	86938196	88109332	0.0001926854646138	3.3342214536131727	6.7505788459412065e-06	0.0004947297326848	2.4365846481140693e-08	0.2170514651571443	1897	0.9219692224123817	False
15	67094767	69017998	0.0002573458368015	0.5536788104010893	0.0003605422319323	0.0005991869479167	4.3488914023861215e-08	0.2171894516872513	2966	0.9219692224123817	False
10	85458703	87937576	0.0002694466239181	1.029849355031193	0.0002145590707508	0.0003190444620002	4.8070086075975766e-08	0.219089404519175	4849	0.9232344420343114	False
5	93809984	95963518	0.0002442050223106		0.0001413716669496	-8.951898036099722e-05	3.956139061371529e-08	0.219531410162327	2822	0.9232344420343114	False
16	75977954	77523677	0.0002836366323921		0.0001881063742863	-0.0002258667535085	5.3373992865193025e-08	0.2195540672292167	3781	0.9232344420343114	False
5	14757804	16963612	0.0002567468886188	0.8500602946793676	0.0002471550478889	0.0003690977784048	4.387943494060896e-08	0.2203216941571445	2974	0.9232344420343114	False
18	66125817	67175819	0.0001825145259591		0.0001218951350863	-0.0002725989926433	2.2232458128991392e-08	0.2209285447305212	1594	0.9232344420343114	False
11	78355058	80722372	0.0002859398755849	0.8831912317840971	0.0005900551816881	0.0001776426820871	5.4613114199499126e-08	0.221117212570684	3953	0.9232344420343114	False
13	47431079	49383961	0.0002314179875377	3.706261209465183	1.690371544848593e-05	0.0002306428539425	3.5852687336295585e-08	0.2216384129550196	3091	0.9232344420343114	False
21	36524373	37870778	0.0002167187531218		0.0002272267769126	-0.0001977652871665	3.147141874739076e-08	0.2218490223201823	2520	0.9232344420343114	False
12	43984474	46024228	-0.0001970894675894	-0.738400606660129	0.0003018827009018	0.0002359959315741	2.6088528455713335e-08	0.2223809698421869	2544	0.9232344420343114	False
6	30798168	31571217	0.0006769487825404	0.6063959474336565	0.0013195872812055	0.0009444107493831	3.087970551795542e-07	0.2231472962306471	5386	0.9241563634137531	False
3	63669286	65273537	0.0002714480890247	0.4682338114057785	0.0008851803634123	0.0003796787262132	4.989085075513935e-08	0.2242593353875833	2895	0.9252155722791787	False
2	46482634	47318771	0.00020720872625	0.8255074612298116	0.0001902448725179	0.0003311777229312	2.9113931667363243e-08	0.224599441077398	1676	0.9252155722791787	False
4	86930609	87534647	9.937710177601452e-05	1.1936463518342562	0.0001060857205537	6.533777983299996e-05	6.709320353768163e-09	0.2250377098653126	675	0.9252155722791787	False
1	23086883	23920589	-0.0001503327467743	-3.2151360976475893	3.367611104258624e-05	6.492119862625361e-05	1.5394870949259175e-08	0.2256588016894625	1058	0.9255281286683752	False
2	8422147	10298468	0.0002819780988432		0.0004211219322032	-0.0002061808837303	5.4346146500884234e-08	0.2264439423032072	3436	0.9256396996534757	False
12	40816185	41658585	0.0001589698561764	1.4763981695464414	0.000113227143052	0.0001023934125055	1.738407461212857e-08	0.2279334722827315	1624	0.9256396996534757	False
6	120512128	121905675	0.0002273949762161	1.2218419675973264	0.000173507493373	0.0001996243060769	3.5643652109022345e-08	0.2284146340958558	2458	0.9256396996534757	False
12	6419753	8377535	0.0002705623237472	0.6037871614170142	0.0003641686876723	0.0005513968629898	5.0538059534582816e-08	0.228770090456677	2902	0.9256396996534757	False
1	239925314	240564090	0.0001946810281102		0.0003153202137403	-5.6316765692335295e-05	2.6182663895678538e-08	0.2289215591584269	1568	0.9256396996534757	False
2	19692404	21050489	0.0002528511435061		1.1054470576209302e-05	-2.729349183288793e-05	4.4254910958828484e-08	0.2293852763457499	2794	0.9256396996534757	False
19	44744108	46102696	0.0002366134278829		0.0001783211855575	-0.0001050575244443	3.877287431626103e-08	0.2295019514452964	2224	0.9256396996534757	False
12	110336719	113263517	0.000168266495428		0.0003868781294444	-4.3663138547281664e-05	1.9712143734734905e-08	0.2307302797670257	2077	0.9276961296178945	False
6	29737971	30798167	0.0005730084091841	0.8076176204293182	0.0011537140181784	0.0004363271627294	2.289588909321339e-07	0.2311045128553412	4137	0.9276961296178945	False
6	85209989	87069499	0.0002641995309193	0.8755106422008072	0.0001394218933544	0.0006531459665655	4.9201468924437705e-08	0.2336199461574968	3456	0.9299910752913699	False
6	28917608	29737970	0.0003557263504229	1.0744773924881454	0.0007423334455991	0.0001476517100402	8.973274947810633e-08	0.2350229857982114	1954	0.9299910752913699	False
11	97057058	98705064	0.0002095680445919	1.4591373003221018	0.0003497290821023	5.898289096724167e-05	3.116944689598003e-08	0.2352170614488319	3416	0.9299910752913699	False
7	11299198	12635460	0.0002738928055106	0.9289021234011816	0.000134943470027	0.0006442723067311	5.3249102255338766e-08	0.2352559092771962	3916	0.9299910752913699	False
4	80990297	82125314	0.0001406245343788	0.8128435195145961	0.0001283070223874	0.0002332694542186	1.4049109331735567e-08	0.2354583727652111	1313	0.9299910752913699	False
6	162931203	164383520	0.0002738098564545	0.4632794400918129	0.0004291588157042	0.0008139431318507	5.3408897267404446e-08	0.2360995249696598	3200	0.9299910752913699	False
20	58406572	59561723	0.0002113056185756	1.345981830503906	0.000159687311802	0.0001543381482675	3.18153046298409e-08	0.236152683522822	1922	0.9299910752913699	False
13	30483267	32301814	0.0002923676771328	1.0762218961364474	0.0003124198960178	0.0002362198468875	6.091910403183249e-08	0.2361962722039527	3473	0.9299910752913699	False
6	154974120	156763325	0.0003048095841569	3.1032081643040472	0.0001309551554523	7.367375713069225e-05	6.633006777784435e-08	0.2366055032543415	3139	0.9299910752913699	False
7	15143657	16902068	0.0002878248215057	0.7295401016440812	0.000107876946735	0.0014428776399931	5.93543679566901e-08	0.2374385274233081	3556	0.9311099759001782	False
4	45189157	47411895	0.0001869923100554	0.5371825871447986	0.000247830069472	0.0004889333281741	2.5214947214511445e-08	0.2389594429020455	2828	0.933074831897733	False
2	105125034	106210057	0.0001956416602594	1.9495113562626272	1.2641738835345384e-05	0.0007966440679296	2.7610841172633905e-08	0.2390386053448256	1896	0.933074831897733	False
9	31310383	32019367	-0.0001372652621713	-1.9130962889716976	0.0001594399006017	3.228870404521246e-05	1.3631918298060652e-08	0.2397303204010104	1638	0.9336286331213661	False
2	36122006	38132711	0.0002978889506706	0.4572089560439685	0.001113148695723	0.0003813521063215	6.455038517278745e-08	0.2410049039019048	3949	0.9349775117625284	False
3	14816900	16282441	0.0002009081758636	5.813910137010072	4.136197284109803e-05	2.887070215444284e-05	2.9383580760216367e-08	0.2411779447302635	2399	0.9349775117625284	False
13	75670143	77410554	0.0002469527050243		0.0002307929416506	-8.236452704663307e-05	4.476182227971689e-08	0.2431137366323167	3212	0.9386245869912251	False
4	165823448	167018857	0.0001909526243345		0.0002813105921261	-0.0001735095077436	2.6775351333588593e-08	0.2432242746031443	2261	0.9386245869912251	False
12	49001866	51776493	0.0002029198118428	0.8106894167263632	0.0005469887079712	0.0001145411486601	3.040103136169917e-08	0.2445029655292795	3148	0.9396528149385719	False
18	5834180	7090484	0.0002314844937873		0.0002787259763635	-0.0004832527736307	3.9578311879925866e-08	0.2445974936412537	2288	0.9396528149385719	False
14	78561945	80186578	0.0002135824109742	1.6570755267606747	0.000241447386926	6.880561057320955e-05	3.396306930041121e-08	0.246479482641617	2220	0.9438638825027786	False
17	47517400	49898956	0.0002943914307237	0.365213708296633	0.0007137038492302	0.0009104123670524	6.47523506742869e-08	0.2473115058897027	3406	0.9438638825027786	False
7	68234074	69085363	0.0001606434959029	0.8605372814736534	0.000106268561419	0.0003279307266303	1.9285146006325517e-08	0.2473612648490792	1645	0.9438638825027786	False
5	75798866	77623331	0.0002407182975489	0.5728634614023553	0.0002964667299654	0.0005955798524094	4.3523792362899235e-08	0.2485656105364158	3033	0.9462580358759547	False
19	32746520	34262951	-0.0002234362227536	-0.5309780019845166	0.000371201180199	0.000477028971038	3.758395915734767e-08	0.2491032638613379	3097	0.9462580358759547	False
2	128034347	129474440	0.0002043898197026		7.970237754635586e-05	-9.778288485246774e-05	3.156731963108883e-08	0.2499883927442738	2464	0.9475006492852164	False
1	49894177	51713725	0.0001367694570085	1.2851362918475515	0.0001601080201902	7.074028121458085e-05	1.41942931175826e-08	0.2509790942966222	1333	0.9491369757587182	False
3	126214943	128194860	0.0002151710021385		0.0004450761980034	-0.0001273431459707	3.5312380961372443e-08	0.252193042700538	3003	0.9516084144566966	False
2	50818928	52491132	0.0002273756163259	0.5732320210007774	0.0002272637755182	0.0006923037382088	3.9543771894426005e-08	0.2528652809288068	2921	0.9520293725434898	False
17	45876022	47517399	0.0002085214976787	1.4907550397249756	0.0001906087426545	0.0001026470049712	3.3492601389786135e-08	0.2545361590543993	2543	0.9561999957397567	False
3	20091348	21643706	0.0002531223531212	1.4749989462492934	7.258199312470575e-05	0.0004057408067659	4.9635473507774443e-08	0.2558951695878207	3520	0.9568642434902306	False
16	5891580	6893550	0.0002819886670608		0.0007691717916638	-8.982751723454756e-05	6.163991569251109e-08	0.2560416211565189	2849	0.9568642434902306	False
1	241582220	242071601	0.0001483316919677	2.2105297585536374	0.0001518109948608	2.9660054397287765e-05	1.7127240006406986e-08	0.2570385906564794	948	0.9568642434902306	False
10	119523934	120591352	0.000179751820055		6.269134996493689e-05	-0.000329874725297	2.5193453260644186e-08	0.2574338874500069	1724	0.9568642434902306	False
3	54081390	55348859	0.0002260757085167	0.4841704011824023	0.0004415444283765	0.0004937838935648	3.9868090411611934e-08	0.2575306002797617	2413	0.9568642434902306	False
15	31591821	32441810	0.0001540055027066	2.6321677705334374	6.763134234555611e-05	5.061710888692619e-05	1.8598291770210413e-08	0.2587818474112237	1270	0.9593863122846075	False
1	210787750	212842329	0.0002617465590069	0.9513861156676924	0.0002288874330812	0.0003306940608034	5.3995797316737734e-08	0.2599870731520999	3378	0.9593863122846075	False
5	71240456	73759325	0.0002684106660997	2.231183979170579	6.278814420580761e-05	0.0002304894899723	5.6944760100247025e-08	0.2606764528617321	4182	0.9593863122846075	False
8	2042942	2573278	0.0001647541697972	3.0322622511703368	0.0002174169360176	1.3578316897148675e-05	2.1485290676882517e-08	0.261013589214754	1435	0.9593863122846075	False
1	14891511	16897729	0.000276703575974	1.589120385501912	9.625363887181328e-05	0.0003149914667681	6.096972014717764e-08	0.2624504152557645	4065	0.9593863122846075	False
12	102964986	104848695	0.0002412587701005		0.0010623480915375	-4.566289545879168e-05	4.6457852597588855e-08	0.2630044379954801	3557	0.9593863122846075	False
14	56216880	57481261	0.0002099562239386		0.0004460279743811	-3.899977852960662e-05	3.5396653941023966e-08	0.2644403346607752	2457	0.9593863122846075	False
2	171226245	173138904	0.000218332837529		0.0003269520365805	-0.0002974087368147	3.829858920976088e-08	0.2645723095392844	2984	0.9593863122846075	False
1	4380811	5913892	0.0003085487056926		0.000413378740869	-9.52407383830908e-05	7.649142221297193e-08	0.26458365076826	3848	0.9593863122846075	False
13	58410626	59302270	0.000141095892872	0.628851447756786	0.0002148204895525	0.0002343456584994	1.601808070085172e-08	0.2649227428461058	1443	0.9593863122846075	False
6	40345115	42038720	0.0002720275127879	1.2952341681826731	0.0003590217627555	0.0001228593749002	5.976081039012066e-08	0.2658081223002687	2969	0.9593863122846075	False
17	67858770	69387816	0.0002324165321949	3.6390108518660393	0.0001021156229573	3.994616958409203e-05	4.3649507125082926e-08	0.2659481903612668	2938	0.9593863122846075	False
11	27020461	28481592	0.0001451177754997	0.3805306334793518	0.0004367151392602	0.000333014948935	1.7030391635588642e-08	0.2661342887827995	1673	0.9593863122846075	False
12	67181144	67909728	-0.0001449868124105	-0.4242352164497461	0.000213537400297	0.0005469776968492	1.7067284050157517e-08	0.2670834866740029	1345	0.9593863122846075	False
11	24088517	26045752	0.000207181730081		0.0004733138714004	-0.0001842775950517	3.48752728720801e-08	0.2672527203295669	4709	0.9593863122846075	False
8	13944992	15991659	0.0002993848689465	0.434365358579015	0.0004373747922184	0.0010861644409193	7.2857649264364e-08	0.2673632902298049	5577	0.9593863122846075	False
12	69826542	70957986	0.0001916204309276		0.0003091698308179	-2.1047726154307495e-05	2.9967272245016384e-08	0.2683263453635769	2454	0.9593863122846075	False
14	81579714	83138096	0.0001990874179497	1.5788381280062471	0.0002020385569351	7.870062089456294e-05	3.2355476026618745e-08	0.2683795632127141	2419	0.9593863122846075	False
14	44543227	46081895	-0.0001691764097851	-1.5101554580488286	0.000119203968227	0.0001052799287098	2.3653793616442344e-08	0.2713357443798165	2082	0.9625997396749559	False
15	42776399	44198048	0.0001108764771754		0.0004329301999871	-5.203342569240024e-05	1.0184764018935186e-08	0.2719157112048553	1014	0.9625997396749559	False
14	94325285	95750866	0.0002767558233485		6.119012571911375e-05	-0.0001829238514514	6.350426826224118e-08	0.2721018541251914	3600	0.9625997396749559	False
13	88559882	90521310	0.0001898576596203	0.9402482749705062	0.0001376922314609	0.0002961158929235	3.0004002376349394e-08	0.2730478810535688	3227	0.9625997396749559	False
9	126971887	129059664	0.0001805985921178		0.0002128508162008	-0.0001646022820186	2.7160267930885244e-08	0.273148594086997	2207	0.9625997396749559	False
3	188856214	190226606	0.0002338633653943		0.0002723185004011	-0.0001520272884299	4.560970522295876e-08	0.2734951596218603	3103	0.9625997396749559	False
1	91886317	93536458	0.0001912775773648		0.0003211338635549	-2.7900662880684504e-05	3.064663926831389e-08	0.2745568227157101	2380	0.9625997396749559	False
11	98705065	100417168	0.0002274909441608	0.9830382630549132	0.0001745558566709	0.0003067983057344	4.3428873557796826e-08	0.2749964625173907	3874	0.9625997396749559	False
3	186890344	188856213	0.0002590042943108		0.0004938491918122	-0.0001216448179862	5.6316199153455225e-08	0.2750898967123425	3052	0.9625997396749559	False
10	112561493	115328431	0.0002301151487616	0.5922454597454981	0.0005215251093352	0.0002894754359372	4.4485170800217495e-08	0.2752587027608836	3925	0.9625997396749559	False
9	72753755	74253039	0.0001810396709842	0.6744934651554463	0.0003647465223774	0.0001975153491312	2.756353963080444e-08	0.2755144131225139	2577	0.9625997396749559	False
8	10422	1044216	0.0002023691516207	0.5323635516595575	0.0003659969639472	0.0003948157885691	3.4591145693307596e-08	0.2765586749367195	2088	0.9642641273974326	False
4	27965868	29762207	0.0002109091602875		0.0002516791793184	-6.311747940143463e-05	3.7725542799841396e-08	0.2775366670029081	3800	0.9651954467463107	False
19	18409862	19877470	0.0001555520404963		0.0015142897906085	-0.0001241105390757	2.0557298349468264e-08	0.2779626463244676	1939	0.9651954467463107	False
1	188759945	189904129	-0.0001283819148595	-1.651199044318021	0.0001113021761162	5.431317427713165e-05	1.4071124994889722e-08	0.2791283453031927	1457	0.9664651357682537	False
2	78079264	80050402	0.0002464246903048	0.6722914119975201	0.0003399114057922	0.000395264284733	5.2236438566835275e-08	0.2809466030540007	3911	0.9664651357682537	False
1	191868930	194107441	0.0002084626861872	9.51455596349339	0.0004516909514306	1.0627673871616268e-06	3.738996331243578e-08	0.2809982546058647	3229	0.9664651357682537	False
19	8347513	9238392	0.0001609625458428		6.351428314607352e-05	-4.2742260550695526e-05	2.2348671450697253e-08	0.2816095882990297	1547	0.9664651357682537	False
8	72289454	73817198	-0.0002148513785405		-5.332333377941436e-05	-3.402554552070408e-05	3.9829647669108035e-08	0.2816805686984472	3122	0.9664651357682537	False
9	109298754	110695061	-0.0002181759838737	-1.1483620004543391	0.0002223936217708	0.0001623057599037	4.1124888517562763e-08	0.2819911861877011	2386	0.9664651357682537	False
2	10298469	12419149	0.0003068843227811	1.1552594889637513	0.0003746431189799	0.0001883530065372	8.147959092911005e-08	0.2823283845256576	4890	0.9664651357682537	False
3	175116539	176320286	0.0001577109055776	0.9409561171737452	0.000258871597829	0.000108517631602	2.1568573941298783e-08	0.282881727018152	2093	0.9664651357682537	False
13	96087558	97519209	0.0001489688138483	0.5598836541437956	0.0004367764050795	0.000162082442695	1.9341760249109533e-08	0.2841052384055346	1778	0.9683403598007101	False
8	20060856	21661736	0.0002365404709543		0.0003615135870786	-0.0002155475128288	4.8860345694845826e-08	0.284571165807158	3254	0.9683403598007101	False
12	78570570	80448149	-0.0001522759570837		0.000161885548634	-6.589104564764628e-05	2.0347442025344644e-08	0.2857366350326078	1935	0.9703616125707362	False
7	128778386	130422413	-0.0001888520933097	-0.8112098624367314	9.067597895283394e-05	0.0005977022753033	3.142047955273713e-08	0.2866919539835613	2401	0.9705360324572596	False
9	72512711	72753754	7.439043622915477e-05	0.5787456012578291	0.0001302712007769	0.0001268266111792	4.880165061498271e-09	0.2869311474049142	459	0.9705360324572596	False
15	99244059	100636846	0.0002353589822601	1.6104684124692248	0.0001087552831246	0.0001963843019723	4.911373485094658e-08	0.2882303787726316	2912	0.9712121807476888	False
12	113986709	115036601	0.0002076183722631	11.592562600464394	3.4860901327102237e-05	9.2009792758704e-06	3.82860311010492e-08	0.2886563448434626	2450	0.9712121807476888	False
4	48123600	53877432	0.0001494544239768		0.0001357724251871	-5.272723078779661e-05	1.985499187245338e-08	0.2888469677724281	2438	0.9712121807476888	False
4	139556511	141084630	0.0001960355358926	0.4251497508172673	0.0004552636770956	0.0004670063103268	3.441624225753787e-08	0.2906470012393229	2304	0.9714831321269022	False
1	222230220	224938519	0.0002600408370763		0.000475871826202	-1.8056289672652e-05	6.057487355277631e-08	0.2907111861523351	3780	0.9714831321269022	False
8	121201700	124861458	0.0002923509293527	0.8282453420635858	0.0001159565972625	0.001074472960218	7.65880330267769e-08	0.2907903622991777	5839	0.9714831321269022	False
4	27343722	27965867	0.0001272871668234		0.0001337848115408	-3.7722882869006434e-05	1.4572797944416746e-08	0.2916912102022566	1208	0.9714831321269022	False
10	26888684	29323235	0.0002323890756026	1.254384098744621	0.0003094087330723	0.0001109271281012	4.8593674552565695e-08	0.2917882198967727	5022	0.9714831321269022	False
12	76511314	78570569	0.0002293161180352		0.0001926057515115	-0.0001971974257437	4.796663543818709e-08	0.2950792624465729	3656	0.9805177840201189	False
4	167018858	167852916	0.000122049382771	1.2767955483374829	6.337647314442818e-05	0.0001441784618283	1.3621798439828629e-08	0.2956870475094768	1532	0.9806183724044757	False
4	154477641	155056125	-0.0001443283410064	-0.2686277555157024	0.000323199524003	0.000893163074377	1.9104768233334353e-08	0.2963961545468776	1174	0.9810539384417118	False
6	118963115	119963277	0.0001667373088268	0.6269454121056487	0.0002305527323007	0.0003067862172795	2.557466675656552e-08	0.297122382289174	1655	0.9815443679513958	False
4	31782981	33172765	0.000161053993429	1.5386769642679627	0.0001855665092933	5.90402915686419e-05	2.4249742712045008e-08	0.3010277630700936	3015	0.9846961081902242	False
21	40482902	41389526	0.000159083724039		0.0002838968840053	-1.871817480239807e-05	2.36991684726206e-08	0.3014270563350805	2323	0.9846961081902242	False
3	141339097	143164627	0.0002012063446854	2.34882675716682	0.0001101196259682	6.663718518048663e-05	3.791288358608349e-08	0.3014392248432421	3016	0.9846961081902242	False
8	25483454	26682524	0.0002084154319356	0.5739303375107933	0.0002384286483332	0.0005530736209721	4.0709488510031176e-08	0.3016242371471431	2697	0.9846961081902242	False
5	165642395	166847739	-0.0001814927364673	-0.2534912005235117	0.0004693741418857	0.0010921280480562	3.0932967422144144e-08	0.3021068942303676	1894	0.9846961081902242	False
2	75630086	76913660	0.0001913017258432		0.0003751540136455	-0.0003241798037649	3.4428238529489353e-08	0.3025376791161536	2473	0.9846961081902242	False
1	38731847	40200566	-0.0001941553838852		0.0006202491013601	-0.0002041280197233	3.553879421214734e-08	0.3030535712635851	2054	0.9846961081902242	False
15	69017999	70133340	0.0001494908248848	1.5495276048994695	0.000117772468448	7.902903222275252e-05	2.1130430751084658e-08	0.3037636067531433	1216	0.9846961081902242	False
3	26877769	27840909	0.0001345039624981	2.2245552996492566	9.06302660369306e-06	0.000403376404405	1.7109050527927625e-08	0.3038061828422668	1705	0.9846961081902242	False
6	97842284	100630145	0.0002602090624486	2.68622359239518	0.0002690249020025	3.4879322117614235e-05	6.418060464202967e-08	0.3043647082994353	3978	0.9846961081902242	False
12	115503216	117087470	-0.0002389971456541		4.5571617571845227e-05	-0.0002654047137048	5.416359581621984e-08	0.3044555104828432	2887	0.9846961081902242	False
2	28598777	29217558	0.0001330187943388		0.0002309826007799	-1.061433253700732e-05	1.684334025432241e-08	0.3053909940947453	1080	0.9858439315073716	False
10	53616629	55103571	0.0001871855074401	0.5668003263244237	0.0001206813464642	0.000903741263409	3.35157349468031e-08	0.3065615415775889	3261	0.987744777227222	False
17	64800430	67858769	0.0002830277861823	0.7407913402413684	0.0002725011332169	0.0005356708853707	7.704833229652248e-08	0.3078985714387866	4668	0.9886506610352769	False
3	168580960	170964908	0.000220614293059		0.0004545816626027	-0.0002156586873721	4.6834663193273295e-08	0.3080071847394944	3434	0.9886506610352769	False
18	31780067	33861963	-0.0001794397153497		0.0003950012506195	-5.2034084854113194e-05	3.1301247867987596e-08	0.3104715758030342	2844	0.9946806334217964	False
2	14335308	16329734	0.0002199018996641		0.0002427653764285	-6.415987211790138e-05	4.7310313240738584e-08	0.3120165258746189	3576	0.9975224283743878	False
11	94242260	95726040	0.000166410261249	1.465225556582637	0.0001161267270466	0.0001110756974231	2.723298828785651e-08	0.3132629010824806	2153	0.9975224283743878	False
1	23920590	25516844	0.0002133110771548	0.5798718896864689	0.0001121795979444	0.0012062819413058	4.49328800079e-08	0.3142670372156938	2439	0.9975224283743878	False
14	95750867	96262414	0.0001699216915816	2.0924196762771623	1.1206725084765773e-05	0.0005884659475646	2.852472880356797e-08	0.3143709097948675	1413	0.9975224283743878	False
1	242071602	244109498	0.000243208968124	0.3159858189235338	0.0013306514620252	0.0004452046276694	5.8639747746294395e-08	0.3152116633503729	3405	0.9975224283743878	False
11	74412351	76797208	-0.0001844729042907		0.0003696020285673	-0.0001875595728819	3.376804264909247e-08	0.3154388653103938	3156	0.9975224283743878	False
1	235819436	237555627	0.0002250220006043	5.533952351029737	6.215147810036329e-05	2.660281967799171e-05	5.0295239997100856e-08	0.3156818970479659	3397	0.9975224283743878	False
2	70755198	73174847	0.0002256903962999	2.087648722500492	0.0003999059633733	2.9224926647669326e-05	5.0673247720540954e-08	0.316058343030283	3684	0.9975224283743878	False
12	94514567	96020784	0.0002240061313322	1.3587661971755098	0.0004543736959977	5.9815971578170905e-05	5.009618955270843e-08	0.3169120742031468	3355	0.9983612281947001	False
5	123798100	125785648	0.0002460917715209		0.000851703365387	-0.0005665470989105	6.103440754128393e-08	0.3191939983777148	4089	0.9991993260423716	False
4	79093979	80990296	0.0001719312222175		0.000213139362491	-7.153985504297835e-05	2.9817704638929076e-08	0.3194080323662907	2981	0.9991993260423716	False
6	112345014	114220832	0.0002138629703346	0.3884397659285524	0.0006097188410605	0.0004971577408986	4.619234004632373e-08	0.3197055858930447	2768	0.9991993260423716	False
22	42690818	43714199	0.0002085820871731		0.0005565536205712	-0.0001782142005828	4.3980020439879966e-08	0.3199299108801136	2099	0.9991993260423716	False
3	30717955	32351714	0.0002068664173719		0.0006913779215538	-4.526346377271104e-05	4.32935595072079e-08	0.3201203965648116	2863	0.9991993260423716	False
10	106695048	108726685	0.0001769479971678		0.0003385486746839	-0.0002888738602162	3.198053134659536e-08	0.3224330374128676	3415	0.9995512625110166	False
3	118530251	120523054	-0.0002005696131651	-0.6716536364750988	0.0004217301433236	0.000211448636685	4.1458003420199364e-08	0.3245965369792736	3210	0.9995512625110166	False
7	154964730	156065249	0.0002361842022619		0.0002758013640116	-0.000148502593966	5.753621827464479e-08	0.3247979105418349	2692	0.9995512625110166	False
6	22748307	23936618	0.0002149073583326	0.9220932122131938	0.0001245999370551	0.0004359484104909	4.7738334534382096e-08	0.3253131899261365	2499	0.9995512625110166	False
2	185280173	189882064	0.0002416966962714	0.5737775682168843	0.0003151078298455	0.0005631124150761	6.066284021714114e-08	0.3264364178831391	6038	0.9995512625110166	False
8	104988752	107410753	-0.0002032440109867	-0.5176268606326581	0.0004016333220708	0.000383859388758	4.3048439211606744e-08	0.3272944364893586	3976	0.9995512625110166	False
7	142656310	144968288	0.0001853233318499	0.8778949326475708	0.0002997147629349	0.0001486849391404	3.5901237366782827e-08	0.3280336309404131	2994	0.9995512625110166	False
1	63455089	65041703	-0.0002044697720305		-1.535982946499041e-05	-0.0002295023528929	4.3853299456457884e-08	0.3288660534931221	2947	0.9995512625110166	False
5	168525318	169505663	0.000166383803285		0.000172546952129	-0.0002242833486528	2.9065975074220556e-08	0.3290992315439385	1769	0.9995512625110166	False
15	90475551	92164391	0.0002319813484702		0.0004040153979733	-8.146936292038746e-06	5.6869443907559265e-08	0.330663829865193	3254	0.9995512625110166	False
10	35109355	36572507	0.0001224255393326		0.0002941647316149	-0.00014201433518	1.5909778770351846e-08	0.3317478749394238	2197	0.9995512625110166	False
3	104581613	106982810	0.000215727610231	1.181417753128985	0.0004739223474466	7.03553765232264e-05	4.961139276641276e-08	0.3327775782084083	4260	0.9995512625110166	False
5	5973233	7143217	0.0001952440999217	0.9554257618438384	0.0004112207332328	0.0001015516396461	4.0676170854402876e-08	0.3330081583276842	2580	0.9995512625110166	False
9	9166403	10879252	0.000241881853676		0.0004856134490124	-0.0004598200443952	6.275064875294819e-08	0.3342478021875041	4120	0.9995512625110166	False
16	20150571	22448903	-0.0001732396031506		0.0001997690576607	-0.000203765116052	3.2204839416412806e-08	0.3343675212471271	2173	0.9995512625110166	False
8	54418044	55945580	0.0001404714980611		0.0002573913569927	-0.0001191914215729	2.1184955871619567e-08	0.3344923713924562	2219	0.9995512625110166	False
16	83477208	84445882	0.0002599276498244	0.7374289591865626	0.00020705322156	0.0006000433000942	7.268998803996654e-08	0.3350034731291467	2996	0.9995512625110166	False
15	65104668	67094766	0.0001960418531545	1.9371194179989568	2.631280019886121e-05	0.0003892402485298	4.1436608295131574e-08	0.3355136814496657	2923	0.9995512625110166	False
8	31548360	32977217	0.0001529049980924		2.8924963199497236e-05	-2.631985117387781e-05	2.5559985402959153e-08	0.3388681678182607	2248	0.9995512625110166	False
3	192343814	194059670	0.0002134751982888	0.6987875206874191	0.0002541232058869	0.0003672486810115	4.9847723084873236e-08	0.3389978653791716	3197	0.9995512625110166	False
3	156008700	157312027	0.0001453148450536		0.0001176363573523	-0.000155380144678	2.3167146173297705e-08	0.3397218781237064	2025	0.9995512625110166	False
10	89127064	91013380	-0.0001784957003418	-1.1115496501536055	9.253704313586872e-05	0.0002786648345667	3.507493412424551e-08	0.3405495709174075	2752	0.9995512625110166	False
3	60157	1441778	0.000214076333259	0.7396093930786515	0.0003611300871725	0.000231989754895	5.06231358090756e-08	0.3413669120070954	2828	0.9995512625110166	False
8	9640787	10463196	0.0001937684286225	0.6090547178682063	0.0003446555612726	0.00029367577314	4.1489442573824055e-08	0.3414557524524649	2038	0.9995512625110166	False
10	93335047	95396367	-0.0001655995424278		6.281590410929797e-05	-9.816472538769225e-05	3.0397477916994164e-08	0.3422047814688859	3346	0.9995512625110166	False
11	100417169	101331120	0.0001211091747152		-1.58532405456719e-05	0.0004168172736575	1.6270951747647374e-08	0.3423934940863103	2033	0.9995512625110166	False
10	70195991	72220849	0.0002239944295526	0.545291228693914	0.0002943249799589	0.0005733110195609	5.6264547518834487e-08	0.34500546551586	4081	0.9995512625110166	False
18	67175820	68621178	0.0001845376512699	0.8941842357508031	8.713879085738174e-05	0.0004887698743002	3.822277820581416e-08	0.3452231096050765	2210	0.9995512625110166	False
19	20905757	22732895	0.0001593528371304	1.6240433528633131	0.000112589415089	8.551194813600191e-05	2.8543584209295853e-08	0.3455766644362288	4331	0.9995512625110166	False
8	55945581	56956382	0.0001302291972101		0.0002254602792519	-2.215009027004779e-05	1.9094144827042915e-08	0.3459623669302226	1664	0.9995512625110166	False
8	107410754	108648176	0.0001395194788237	1.3438390419524453	9.078720252228908e-05	0.0001187272880474	2.201799977546096e-08	0.3470864848265602	2137	0.9995512625110166	False
15	29338502	30165567	0.000135558072108	0.5392708744975063	0.0001506246053593	0.0004195086452351	2.0969585359612316e-08	0.349212584901694	1341	0.9995512625110166	False
6	21684065	22748306	0.0001986547794737	3.1311881983446557	3.688537562370489e-05	0.000109125308191	4.516678584177456e-08	0.3499238635567681	2266	0.9995512625110166	False
21	46177105	47492225	-0.0001847037480683		0.000395266284487	-6.778807392226478e-05	3.9233341560769286e-08	0.3510790536940077	2802	0.9995512625110166	False
4	186909090	188472980	0.0002158901433661		0.000253962715677	-0.0003570517163953	5.3679919285205455e-08	0.3514352572176344	3190	0.9995512625110166	False
4	161826435	163243678	0.0001748047395025	1.179602462073719	8.002810419375147e-05	0.0002744053266594	3.5210839570017295e-08	0.3515593264135903	3697	0.9995512625110166	False
6	1452362	2458935	-0.0001669571567258	-1.2298331518775003	0.0001188268350365	0.0001550969147113	3.214237316236423e-08	0.3517244978148147	1693	0.9995512625110166	False
15	76398624	78516052	0.0001827526172258		0.0002144075635933	-5.157788849120156e-05	3.8661874579896066e-08	0.3526602278030047	2993	0.9995512625110166	False
17	15019097	16412341	0.0001515215236086	1.6385214355188682	8.808787161780466e-05	9.707966881960408e-05	2.6608417146769346e-08	0.3529455184172917	1647	0.9995512625110166	False
17	4696261	5741333	0.0001624664290819	0.4356004327224707	0.0004076866480606	0.000341211906006	3.0659869676626315e-08	0.3534845959051926	2171	0.9995512625110166	False
8	76456542	79132860	-0.0001772224727706		0.0001483577642075	-0.0001974872287782	3.655045854167514e-08	0.3539346876955066	4392	0.9995512625110166	False
16	24136875	25986861	0.0002274162045543		0.0004847827623636	-1.8336345936653792e-05	6.026553336725724e-08	0.3542510445318164	3677	0.9995512625110166	False
18	20649472	22996650	0.0002129831016336	0.979996309010884	8.216370620663688e-05	0.0005748590774542	5.3225788297368414e-08	0.3559159471896719	3210	0.9995512625110166	False
8	134570001	136035604	-0.0002088297865388		0.0003212794619623	-0.0002105011284694	5.1193780811955425e-08	0.356026984691084	3400	0.9995512625110166	False
11	133000046	134205992	0.0001966956576352	0.5830301772684354	0.0017038853456889	6.679856125942997e-05	4.551849708921363e-08	0.3565619138944921	1909	0.9995512625110166	False
18	27866478	30264065	0.0002128948300699		0.0003867687840736	-0.0003791750368832	5.3522382162362575e-08	0.3574514616370376	4035	0.9995512625110166	False
8	131639625	133351143	0.0001814929424737	0.4939203168946217	0.0002583710578693	0.0005225908946711	3.894503049040884e-08	0.3577433550001433	3528	0.9995512625110166	False
18	8498931	11075912	-0.0002981872990556	-0.6709957530508044	0.0005338192761925	0.0003699512402427	1.057763608836222e-07	0.3592250746188409	5856	0.9995512625110166	False
8	40703337	41721453	0.0001375900062304	1.1216253489773749	0.0002154271050066	6.985183244851177e-05	2.2545024996299124e-08	0.3594831900496165	1975	0.9995512625110166	False
1	102898745	103914210	0.0001325563761157	1.4032698251448117	3.5603753989130874e-05	0.0002506242443902	2.1065222886113137e-08	0.3610802094959816	1668	0.9995512625110166	False
6	129861031	130935453	0.0001806213173395		0.0003982677289928	-0.0001888447096425	3.9219286243052776e-08	0.3617418281137056	2189	0.9995512625110166	False
1	221858231	222230219	9.519937077062568e-05	1.4219143558052074	3.905925152209441e-05	0.0001147618025683	1.1020490352111126e-08	0.3644881556523914	635	0.9995512625110166	False
7	126519170	126869220	7.676306203167194e-05	0.590773651511749	7.769209199292921e-05	0.0002173129110348	7.180153406442041e-09	0.3649830770284795	483	0.9995512625110166	False
8	3392926	3783016	0.0001545816485251	2.2790473037550405	7.565525800766938e-05	6.0809309698303386e-05	2.9232952055359333e-08	0.3659367181710943	1915	0.9995512625110166	False
3	106982811	109522394	0.0001898772440356	0.4108351948213786	0.0007403565606217	0.0002885158175528	4.4125188894316696e-08	0.3660382259494087	3970	0.9995512625110166	False
1	86454751	88128630	-0.0001771893171608		0.0001334639829159	-4.0877837574085055e-05	3.848614730124944e-08	0.3664182275629003	2901	0.9995512625110166	False
12	65559695	67181143	0.0001473939248551	2.7733300734334896	0.0001970314028098	1.43357558348967e-05	2.6697150903905643e-08	0.3670120871023341	2197	0.9995512625110166	False
14	59448336	61680423	0.0001613146369948	0.3232386766037215	0.0005121270721293	0.0004863211710631	3.200232098191088e-08	0.36719312153214	3088	0.9995512625110166	False
13	111232073	112247591	0.0001796953911441	0.4947590322354822	0.0003959619163289	0.0003331447676468	3.97138105706747e-08	0.3672117422090968	2258	0.9995512625110166	False
20	32813441	34960445	0.000127904314939	1.4563202850015615	0.0001874185047335	4.1157039307346094e-05	2.0147875351777736e-08	0.3675378239690671	2061	0.9995512625110166	False
3	197075987	197946621	-0.0001215829404848	-0.5342895852948285	0.0001232829840725	0.0004200381429836	1.829718723215933e-08	0.3687400015959281	1277	0.9995512625110166	False
16	14464002	16154059	0.0001391034947532		0.0001246762039391	-0.0001089987639709	2.4006173274427983e-08	0.3692955227212081	1344	0.9995512625110166	False
9	107581749	109298753	0.0001698479504994	2.077264864709424	0.0001783198566552	3.7491875336213605e-05	3.582517079580033e-08	0.3695274347223521	2759	0.9995512625110166	False
5	136376050	139265071	0.0001686760895392		0.0006303001082814	-0.0001575502193671	3.5500323406301284e-08	0.3706611300927179	2755	0.9995512625110166	False
15	21131604	24195126	-0.0001781168827213		0.0001331260577383	-0.0001118155084546	3.962255886510988e-08	0.3708853620520839	1865	0.9995512625110166	False
5	104851483	105893054	0.0001136368355972	0.8496959048583809	5.480223642703557e-05	0.0003263720285763	1.6173608479787563e-08	0.3715662222385898	1314	0.9995512625110166	False
13	61591949	63971558	0.0001985666271297	0.6271995733640049	0.0003872030654871	0.0002588583760726	4.9654238024062954e-08	0.3728737040421805	4833	0.9995512625110166	False
7	150711505	152249805	0.0001913814210556	0.7120328311589809	0.0002415879292691	0.0002990365548664	4.6340720630725887e-08	0.3739847929377908	2189	0.9995512625110166	False
22	29651799	31439917	0.0001865044575493	0.4015067331851177	0.0005107192271568	0.000422484284425	4.401052780427557e-08	0.3739929953031232	2489	0.9995512625110166	False
12	4417679	5321471	0.0001521601027185	0.7594603893281096	0.0002637589351014	0.0001521893105738	2.9364056006954076e-08	0.3745629627998617	1622	0.9995512625110166	False
2	138698117	140100270	0.0001447921178233	0.9927392444504236	0.0004215441975224	5.0463380957814795e-05	2.6644868414937885e-08	0.3750629444797982	2245	0.9995512625110166	False
21	18053165	19480374	-0.0001707345096148	-0.4141103925207636	0.0002502782760189	0.0006791836285021	3.708499184924245e-08	0.3753003514167287	2518	0.9995512625110166	False
6	164383521	165586863	0.0001990372636407	1.5515045164193892	0.0005860472445672	2.808213146297873e-05	5.05867583614208e-08	0.3761866395151021	2874	0.9995512625110166	False
1	3582736	4380810	0.0001524364129276		8.747152556061912e-05	-0.0001143929365105	2.9792718107707453e-08	0.3771561291702653	1712	0.9995512625110166	False
10	30458838	31907518	0.0001402774722332	3.539202285833931	8.505618960116232e-05	1.8469671373146393e-05	2.5260995075319743e-08	0.3774537673250752	2590	0.9995512625110166	False
19	37527033	40170618	0.0001652427881013	1.1500314311445434	0.0002911866759209	7.090128549561343e-05	3.5073983815771414e-08	0.3775995643642514	3845	0.9995512625110166	False
4	30454535	31782980	0.0001493443119102	0.4905762825367112	0.0006459955062757	0.0001434613058659	2.8674720415492524e-08	0.3778091997897052	2577	0.9995512625110166	False
2	88038507	89154525	0.0001147985460742	1.0031566654653807	2.2665168122552424e-05	0.0005777983593191	1.697832435292927e-08	0.3783034735312668	1116	0.9995512625110166	False
14	98341162	99138531	0.000140306188276		0.0003911595373039	-4.713345605238852e-05	2.5363967275017633e-08	0.3783262460938997	1890	0.9995512625110166	False
17	32912798	34469035	0.000161121701499		-1.4939762872099064e-05	0.0009899382813447	3.348938355721893e-08	0.378620229513868	2217	0.9995512625110166	False
6	4617817	5791471	-0.0001855164652953	-0.4776121756933499	0.0003516122981	0.0004290916722603	4.4409906975669255e-08	0.3786838288080779	2370	0.9995512625110166	False
13	33776903	35026463	-0.0001366187914483	-3.447896140793159	0.0002293568311942	6.845431799437958e-06	2.4109036056091143e-08	0.3789275366804184	1914	0.9995512625110166	False
6	153094496	154974119	0.0002232188583656	3.883351129490534	0.0001874015567558	1.763093114016575e-05	6.516392880947715e-08	0.3818817106636963	4023	0.9995512625110166	False
11	109866116	111114396	0.0001182801308006	0.5112337140702538	0.0001202298324451	0.0004452176549411	1.8338191341807596e-08	0.3824227823624346	2204	0.9995512625110166	False
15	50008043	51677559	0.0001651232010804		0.0002988128796373	-9.010755413760738e-05	3.5790578315464554e-08	0.38276223511123	2807	0.9995512625110166	False
6	7808936	9020025	-0.0001790078715898	-0.7084220113523789	8.459156512674166e-05	0.0007548021070951	4.220957467468301e-08	0.3835915458203498	2575	0.9995512625110166	False
9	10879253	12276488	0.0001745010621923		0.0001389732827677	-0.000195477557285	4.0138946876939916e-08	0.3837575116465431	3416	0.9995512625110166	False
9	137589364	138938977	0.0002287574602322	0.7335882451141629	9.408788682056288e-05	0.0010335038301839	6.905845609746629e-08	0.384029345189166	3098	0.9995512625110166	False
3	157312028	159477889	0.000159534532269	2.5325688907761337	3.282909508062409e-05	0.0001208726265322	3.3716457193084746e-08	0.3849412948172453	3475	0.9995512625110166	False
6	123856181	125424382	0.0001855818798876		0.0006025471126574	-0.0001054060385739	4.568085702992044e-08	0.3852316026233674	2328	0.9995512625110166	False
9	3190064	4495327	0.0001940911876827	0.387207166339685	0.0003497375135799	0.0007184269971441	5.0434792202236324e-08	0.3874491372543357	2552	0.9995512625110166	False
20	20959710	22491455	0.0001236867972363		0.0002321318121224	-0.0001556070287462	2.0521581975180293e-08	0.3879111530795088	1789	0.9995512625110166	False
3	56433907	58157518	0.0001442165574753	1.270080090805058	0.0002254804159503	5.718198209017935e-05	2.8127420501327808e-08	0.3898417424435125	2665	0.9995512625110166	False
3	170964909	172295730	0.000158390137874		8.86288273919044e-05	-0.0001532690921574	3.4195375779641715e-08	0.3917026495653836	2341	0.9995512625110166	False
2	44313803	46482633	0.0002447076502051		0.0001264400271479	-6.896921408552712e-05	8.163242467905362e-08	0.3917334511290233	4229	0.9995512625110166	False
7	107780178	109647593	0.000153153347936		0.0005126329312906	-0.0002955019440253	3.2021612104065696e-08	0.392072857513795	3029	0.9995512625110166	False
18	24026191	25927681	0.0001802320490851		0.0001925867719519	-0.0001993401100179	4.4514047902372444e-08	0.3929681316813015	2859	0.9995512625110166	False
10	31907519	33707967	0.0001398660487749		0.0003052001780472	-1.7081823553548244e-05	2.6821447196985833e-08	0.3930904636438427	3420	0.9995512625110166	False
9	28811584	30387391	0.000161917652251		0.0001781541333018	-0.0002046605728078	3.5965253365587635e-08	0.393219643396265	3529	0.9995512625110166	False
4	90231564	91560676	-0.0001213086836167	-1.409733956508666	0.0004481211277823	1.6523956314080006e-05	2.0203577838369505e-08	0.3934101692746382	1912	0.9995512625110166	False
11	47006137	49866049	-0.0001242488629679	-1.2094437144563417	6.892257492208484e-05	0.0001531270896651	2.1211295765400632e-08	0.393594177635289	4308	0.9995512625110166	False
1	21736588	23086882	0.0001857010578967		0.0001705429267909	-0.0001794462722698	4.78632232888384e-08	0.3959838495128863	2631	0.9995512625110166	False
20	2469501	3828412	0.0001581574902726	1.0045912895510372	0.0002694477023106	9.198695195686185e-05	3.5193901638494014e-08	0.3991975234073723	2506	0.9995512625110166	False
6	3573593	4617816	-0.0001756192798641		0.0002650060675471	-0.0003915564432136	4.3482361076344434e-08	0.3996755841998731	2393	0.9995512625110166	False
10	8774665	10249395	-0.0001471349211529	-0.6586462338868793	0.0005440710494343	9.172156972868468e-05	3.0589195187811725e-08	0.4002006711565007	2885	0.9995512625110166	False
7	152249806	153674018	0.000187863328429		8.964029619026874e-05	-0.000120217728946	4.9893060732671225e-08	0.4003197896819712	3090	0.9995512625110166	False
15	93780902	94924329	0.0002034244702408		-0.0001011949494492	-3.975811165663378e-05	5.8515554042327576e-08	0.4003788118711742	2830	0.9995512625110166	False
16	86815411	87647348	0.0001583169407782		0.0001108268092183	-3.1307345002408285e-05	3.545029088131721e-08	0.4004331012650268	1592	0.9995512625110166	False
14	57481262	59448335	0.0001796694122039	5.089792332519167	3.014697347851424e-05	4.133371577785081e-05	4.5719016671994944e-08	0.4007495906560919	3141	0.9995512625110166	False
11	95726041	97057057	0.0001221265669269		-3.798010523539567e-05	7.413406545757315e-05	2.1129417413818748e-08	0.4008139251305989	2101	0.9995512625110166	False
9	90136246	92528697	-0.0001990456571212	-1.6669815198681563	0.0002613653420333	5.455013680805529e-05	5.633735099154385e-08	0.4016942040336653	4448	0.9995512625110166	False
5	172678327	173642870	0.0001569155829841	0.4777207857188641	0.0001946865525011	0.0005541762617773	3.5144286429518985e-08	0.402578212131837	2078	0.9995512625110166	False
8	17836399	19492839	0.0002131085014861		0.0006034378212252	-3.4026796200020156e-05	6.494476534758779e-08	0.403022323674685	4084	0.9995512625110166	False
3	149043237	150252003	-0.0001497661706109		3.0614335301619825e-05	-0.0003809023101825	3.2136672224545575e-08	0.403472172009652	2041	0.9995512625110166	False
17	56	1172398	-0.0002150988407556	-0.9979326616177931	0.0002073868479411	0.000224022920573	6.63256178461424e-08	0.4035976049778508	2411	0.9995512625110166	False
5	55417349	56621101	-0.0001518356046284		5.9358155272172313e-05	-0.0001204773970348	3.3126485762016694e-08	0.4041512410119665	2117	0.9995512625110166	False
1	68477895	69687615	0.0001334087019425		0.0001491599601445	-5.322367993570636e-05	2.5602179935343293e-08	0.4044112300739788	1741	0.9995512625110166	False
15	98030910	99244058	0.0002080290806255		0.0003036851033526	-0.0003182456406585	6.226411466891699e-08	0.4044551007785856	2920	0.9995512625110166	False
6	137614218	138822628	-0.000171360778418		0.00023138721575	-0.0005091055495965	4.2354258912371176e-08	0.4050417224865671	2189	0.9995512625110166	False
4	178991910	180122042	-0.0001268692370138		0.0002102918157934	-0.0001522804693271	2.330833066928906e-08	0.4059739331906644	2207	0.9995512625110166	False
2	150210292	151731461	0.0001380806974688	0.2902756503271821	0.0001906450295159	0.0011869139763463	2.775451268071065e-08	0.4071998466268872	2198	0.9995512625110166	False
2	154005056	155391134	0.00015799210911		0.0002046368553653	-0.0001845195886732	3.663025590601346e-08	0.409089570343304	2626	0.9995512625110166	False
14	87635341	89497642	-0.000154945771167		0.0001601109402222	-0.0002256077256635	3.5260164871545444e-08	0.4092814159091654	3073	0.9995512625110166	False
11	70855	1213589	0.0001290254758005	0.6480830697615322	0.0002708474578615	0.0001463405969487	2.4522655715269233e-08	0.4099778211211671	2132	0.9995512625110166	False
5	148662624	150561297	-0.0001840222842468		6.88868095419093e-05	-0.0001217828856304	5.037805966155632e-08	0.4122851579422869	3132	0.9995512625110166	False
12	30512406	32165591	0.0001748875336333	0.4933158987032736	0.0003145303287312	0.000399581113628	4.550292628380146e-08	0.412296469306574	3524	0.9995512625110166	False
4	155056126	157485096	-0.0001937828189192	-0.405388548045091	0.000477327486121	0.0004787085046979	5.5963717457618017e-08	0.4127023916154464	4583	0.9995512625110166	False
13	102300523	104066709	0.0001783575241261		0.0002458986932789	-0.000130857659899	4.786507263066004e-08	0.414938605124144	3364	0.9995512625110166	False
19	34262952	36469294	0.0001827563511763	0.8464186462538278	0.0001214528462221	0.0003838546588452	5.03937667571696e-08	0.4155808870275777	3598	0.9995512625110166	False
12	132807034	133841510	0.0001212874922735		0.0002017959387579	-5.78683595310803e-05	2.22366440009451e-08	0.4160132052929666	1849	0.9995512625110166	False
20	22491456	23293789	0.00010863032591		-3.668650153034586e-05	0.0001681350793612	1.7862534758057542e-08	0.4163371956499642	1376	0.9995512625110166	False
12	20863943	23820633	0.0001922493306217	1.0375213642404306	0.0004043653167728	8.491055466909879e-05	5.628425461634444e-08	0.4177403964722207	4961	0.9995512625110166	False
8	5146927	6142796	0.0001895855588859	0.6434660745107974	0.0003102152314804	0.0002798311643803	5.4763925785579654e-08	0.4178619779562355	4003	0.9995512625110166	False
13	80585676	82581813	0.0001661931493325	0.5728706157598068	0.0001327337079787	0.0006340622763317	4.2345338682063634e-08	0.4193058926745787	3554	0.9995512625110166	False
8	65232872	66489089	0.0001150958502729	1.566801561932243	0.0003392434990903	1.590668956887699e-05	2.0335088852770343e-08	0.4195989356143881	1698	0.9995512625110166	False
5	50163398	52134621	-0.0001512919624342	-0.8320346372998527	7.26670644104809e-05	0.0004549998820401	3.5296289613601814e-08	0.4206533962278468	3077	0.9995512625110166	False
10	80876749	82414678	-0.0001375593186861	-0.6836989438074857	7.274208187515397e-05	0.0005564991277046	2.9818715405316385e-08	0.4256777839363346	3159	0.9995512625110166	False
17	80034408	81194907	0.0001381780475716	0.4916491898595357	0.0002444749285342	0.0003230971448186	3.0360287581449245e-08	0.4277640735628587	2258	0.9995512625110166	False
6	165586864	167024732	-0.0002075477286368	-1.343783992932298	0.0002055096896741	0.0001160766162147	6.865575372993262e-08	0.4283028997444776	3417	0.9995512625110166	False
4	71049152	72140557	0.0001007692028191	0.6026833871610022	0.0001020099746858	0.0002740530029189	1.6218780947049304e-08	0.4287928090649502	1768	0.9995512625110166	False
16	49007926	52035822	-0.0002281269462917	-1.4086428961541138	0.0006314579978167	4.15342991886747e-05	8.320158225223418e-08	0.4290138064676572	4476	0.9995512625110166	False
19	13471127	14486346	0.0001301186855594		0.0001939421056414	-0.0003591442708945	2.7130784756073964e-08	0.4295475294794949	1489	0.9995512625110166	False
3	159477890	161524503	-0.0001346213591038		0.0004839267747292	-0.0002229199217395	2.90977899681394e-08	0.4299984226617649	2859	0.9995512625110166	False
9	26111757	28224282	0.0001984936499235		0.0009122692189198	-8.610578837798168e-05	6.374213964874845e-08	0.4317500509777499	3934	0.9995512625110166	False
4	119933512	120392683	6.82476402891333e-05	2.2016703259192676	1.9465926251599957e-05	4.936232738846318e-05	7.544308695686427e-09	0.4320208288458834	932	0.9995512625110166	False
6	14802924	17386404	0.0002228220577879	0.588095110718374	0.0004281765219088	0.0003352728403493	8.066997941496865e-08	0.4327369711033157	4273	0.9995512625110166	False
3	29142260	30717954	0.0001854946824511	0.2088210066982543	0.001411565671514	0.0005590021397894	5.615992951962091e-08	0.4337791098976946	3316	0.9995512625110166	False
22	24984204	26791627	0.0002173413957895	0.3593958097132927	0.0006685953092855	0.0005469851800571	7.727479243576704e-08	0.434302639648412	3129	0.9995512625110166	False
3	41064528	42540001	0.0001233995580658	6.575556061892386	1.1932782672041791e-06	0.0002951348590336	2.492225841180059e-08	0.434412279425307	2673	0.9995512625110166	False
2	124732250	125840920	-0.0001269042443711	-0.6031825118856485	0.0002241617540311	0.0001974664396148	2.6502589540426258e-08	0.435668461745479	2002	0.9995512625110166	False
8	104123306	104988751	8.550326626290262e-05		8.696257583499674e-05	-7.751559504197441e-05	1.2038769306259582e-08	0.4358167708485556	1931	0.9995512625110166	False
3	7083387	8648560	0.0001738374187023		0.0002528939650966	-0.000220422970902	5.0067352531510746e-08	0.4372168957796885	3780	0.9995512625110166	False
15	71922649	73628713	0.0001034248226473	0.7030712080629422	0.0001545165702979	0.0001400476685928	1.776892834121523e-08	0.4378202542184271	1539	0.9995512625110166	False
9	78900183	79471207	-0.0001128503578273		2.1878974190854935e-05	-0.0001906515606928	2.1184680716958986e-08	0.4381390015670949	1228	0.9995512625110166	False
2	208645399	209941528	-0.0001133001245477	-1.9364071195071904	8.051942266586808e-05	4.251740801601853e-05	2.137237495464579e-08	0.4383372423545909	1802	0.9995512625110166	False
2	146445570	147277161	8.427231564684972e-05		0.0001401132710333	-1.187373297620217e-05	1.1862745968286253e-08	0.4390874443058483	809	0.9995512625110166	False
13	104844114	106247553	0.0001598575774239		0.0002527832636616	-0.000515299502567	4.304714122099119e-08	0.441015530208259	2655	0.9995512625110166	False
3	62355666	63669285	0.0001538631170177	0.589684291009032	0.0004329840534025	0.0001572381892496	3.9913694615140576e-08	0.4412127690313921	2693	0.9995512625110166	False
1	65041704	66939403	0.00016621549936	0.3769407470469411	0.0004080049269025	0.0004765752188819	4.667652996276325e-08	0.4416873712216187	2867	0.9995512625110166	False
20	61301855	62190179	0.0001777408142602	0.2464196635107265	0.0008062728743085	0.000645270129551	5.3436419930790206e-08	0.4419541201168522	2178	0.9995512625110166	False
11	6322869	7436700	0.0001153851742323		0.0001384408576255	-0.0001368066997766	2.2662001683703957e-08	0.4433906959544866	2113	0.9995512625110166	False
12	53039004	54778822	-0.000139958917454		0.000425207378638	-9.53709184618502e-05	3.34347844038732e-08	0.4440199081184586	2395	0.9995512625110166	False
4	18841874	20544556	-0.0001303604542971	-0.2670089259608844	0.0007496534423713	0.0003179652296443	2.910443124374588e-08	0.4447907654570596	3396	0.9995512625110166	False
6	108464380	110304246	0.0001577838491009	0.4138578506123144	0.0002846786920336	0.0005105846276028	4.314662427374046e-08	0.4474893488571159	2436	0.9995512625110166	False
7	73334602	76458563	0.0001529672749795	1.6827129983207612	0.0001668841775423	4.9517852104420695e-05	4.0695762694068696e-08	0.4482893003306243	2765	0.9995512625110166	False
22	31439918	32664985	-0.0001299041959706	-1.8644470694715272	9.243115587898666e-05	5.252037972249525e-05	2.9396757297826777e-08	0.4486554847021664	1634	0.9995512625110166	False
19	9238393	11284027	0.0001332239348371		9.902943893472308e-05	-3.192116080751337e-05	3.095450430933525e-08	0.4489198940442216	3397	0.9995512625110166	False
8	111850847	113064319	-8.265482099229116e-05		0.0001023168657115	-8.230000941022215e-05	1.1929231822651582e-08	0.4491897122240683	1521	0.9995512625110166	False
2	60292000	62429043	0.000142145505816		0.0004260951141242	-3.6792687191893365e-05	3.5299421703680525e-08	0.4493072888470423	2602	0.9995512625110166	False
17	8306425	9965920	0.0001889212868777	0.929054659586194	0.0001239501274976	0.0003336047924362	6.26122681272448e-08	0.450244574733714	3059	0.9995512625110166	False
7	4573428	5416231	-0.0001386609237509	-0.3443954210303777	0.0001516907194945	0.0010686473909818	3.3880400839759487e-08	0.4512573082505017	1867	0.9995512625110166	False
17	53599432	55357540	0.0001494961798994		0.0002672001977718	-0.0001376116712738	3.9530978987592835e-08	0.4521099221296834	2685	0.9995512625110166	False
22	40545797	42690817	0.0001619663198729	0.310905424340239	0.0009402807476697	0.0002886258909349	4.7064908939770656e-08	0.4553173825675589	2328	0.9995512625110166	False
1	238567807	239925313	0.0001502312856349	0.7692707352199215	0.000613284348315	6.218712282819636e-05	4.064273893807327e-08	0.4561549156814561	2506	0.9995512625110166	False
13	90521311	93129690	0.0001772397079943		0.0004971034458922	-0.0004850427851044	5.7068201149183856e-08	0.4581287110937407	4868	0.9995512625110166	False
12	61107	1080330	0.0001223526335754		0.0001513386995301	-0.0001674772939458	2.7205001054779088e-08	0.4582063271250727	1614	0.9995512625110166	False
2	169968236	171226244	0.0001323954007565	1.9727004458066195	0.0003532876205802	1.2749556911468492e-05	3.1932168672129344e-08	0.458755010203203	2534	0.9995512625110166	False
11	127316679	128188536	-8.592511956148071e-05		-2.9414881559111695e-06	-0.0003881430793988	1.3476186030625473e-08	0.4591915049921899	1471	0.9995512625110166	False
3	66270447	68286913	0.0001608102965804		0.0003876780209513	-0.0001705441517486	4.7647860863450225e-08	0.4613032807111312	3455	0.9995512625110166	False
8	63349306	65232871	0.0001239196576464		0.0003331752536751	-1.4588297192515633e-05	2.8448893163046855e-08	0.4625248193585379	2725	0.9995512625110166	False
7	93966601	96073507	0.0001452272118246		0.0002785564947235	-0.0001885516789567	3.9097901906378976e-08	0.4626652105207732	2891	0.9995512625110166	False
3	82643886	84367478	-0.000110572947682	-0.9899501968914306	5.9292971554634216e-05	0.0002104107215418	2.2756512909323657e-08	0.4635666072577878	2430	0.9995512625110166	False
1	199239884	200137648	-0.0001137529802835		0.000229411611664	-0.0003162833463906	2.41186388809782e-08	0.463885303061862	1865	0.9995512625110166	False
1	194107442	196176200	0.0001593653707323	12.770933924185242	8.435817003946846e-05	1.84593093858578e-06	4.738553168582996e-08	0.46410684292448	4061	0.9995512625110166	False
14	29972145	32383264	0.0001503369561921	0.3535297243607834	0.0006293987707193	0.0002873119875094	4.2273486316798105e-08	0.4646615887786384	3103	0.9995512625110166	False
1	61922365	63455088	0.0001436221020672	0.8021688601863465	7.93308227206396e-05	0.0004040815315979	3.865073973998833e-08	0.4650618439340958	2453	0.9995512625110166	False
13	20686720	22242173	-0.0001544018527627		0.0001815325320751	-0.0001327608083963	4.494703021100645e-08	0.4664384844055331	3121	0.9995512625110166	False
3	4431647	6083182	0.0001870732975174		0.0002728652839617	-0.0001042351321749	6.633296067050666e-08	0.4676230356464916	3584	0.9995512625110166	False
19	2098396	3019659	0.000129967596221		0.0006204257484593	-0.0001256784418951	3.212978487829712e-08	0.4684078164196926	1955	0.9995512625110166	False
6	134244243	136224176	-0.0001559679422068	-1.0978744803332878	4.418577422694927e-05	0.000456754500204	4.633211989679532e-08	0.4687016293375694	2597	0.9995512625110166	False
1	229156248	230685254	0.0001436653494709	0.2379600396728103	0.0004341800568946	0.0008395104968559	3.9945301031754555e-08	0.4722528200894471	2431	0.9995512625110166	False
21	35225465	36524372	0.0001314918835904	1.278013530962043	0.0002212399067433	4.784797060078818e-05	3.3600257859352766e-08	0.4731616896104733	2088	0.9995512625110166	False
8	29327896	31133728	-0.0001311797768675		-4.444734193082529e-05	-0.0004918761904733	3.348263672355542e-08	0.4734373482440924	2621	0.9995512625110166	False
7	55691584	57382637	0.0001200704230288		3.873938070526035e-05	-6.734357722840571e-05	2.8154106065237074e-08	0.474243627453634	2927	0.9995512625110166	False
9	138938978	139500341	9.136901342063506e-05	0.9379205581575936	3.6888868604043655e-05	0.0002572589099975	1.6334678918663414e-08	0.47467252831394	926	0.9995512625110166	False
3	130244735	131836515	0.0001175389722651	0.7979647226610066	8.341091180275066e-05	0.0002601198682538	2.7056893825068947e-08	0.474876678142572	2674	0.9995512625110166	False
13	29257551	30483266	0.0001219246182617		0.0001654949231662	-0.0001361679957856	2.9138151078822442e-08	0.4750622733593503	2509	0.9995512625110166	False
5	171074292	172678326	0.000155786745786	0.3685676963349361	0.0004428461846628	0.0004034349949154	4.770117782686256e-08	0.4756665084103278	2759	0.9995512625110166	False
5	63968304	65911285	0.0001316407273015	0.3741376407611359	0.000194082288529	0.0006378694973819	3.406934601405613e-08	0.4757250137564313	2883	0.9995512625110166	False
8	136035605	137524150	0.0001185669586063		0.0002261284555062	-0.000138571759816	2.7741842571955362e-08	0.4765500140280106	2638	0.9995512625110166	False
11	121175943	122591909	0.0001101335730874		0.0001951291759501	-0.0002323514612934	2.3949901060319748e-08	0.4766801018033384	2022	0.9995512625110166	False
12	124977980	126445504	0.000164674717026	0.5925750729455427	0.0003796261556656	0.0002034281114766	5.3675726456575795e-08	0.4772177752102603	3062	0.9995512625110166	False
6	5791472	6785206	-0.0001524041379058	-3.3758671880088493	4.08825232675565e-05	4.985229080969452e-05	4.6945211793228705e-08	0.4818077746323101	2267	0.9995512625110166	False
6	63552888	65765741	0.000144280772068		0.0004125511598346	-0.0001457995171987	4.2077861514859746e-08	0.4818274306229299	3351	0.9995512625110166	False
14	48573586	49005470	6.513725259057622e-05	0.9713806267015046	0.0001264867126338	3.554963061646042e-05	8.579529123908807e-09	0.4819121027511837	846	0.9995512625110166	False
10	29323236	29783691	8.885242417078245e-05		-1.443831270230044e-05	8.398890664504062e-05	1.5973191754018405e-08	0.4820374868503553	1225	0.9995512625110166	False
14	66399555	67992316	0.0001016690098317		9.79711263958577e-05	-3.550786213166584e-05	2.1021366561672184e-08	0.4831618748004249	1916	0.9995512625110166	False
12	101862690	102964985	-9.959395387276644e-05	-1.835119558354	1.041911652972916e-05	0.0002826873178824	2.0215293149391764e-08	0.4836303978802306	1512	0.9995512625110166	False
5	61672995	63218986	0.0001190195866652		0.0002016481928589	-3.4120764918202894e-05	2.9119645383012772e-08	0.485508843665266	2592	0.9995512625110166	False
14	91296860	93132298	0.0001549005752947		0.0001463332923574	-0.0001873019074201	4.944637250261803e-08	0.4860508038464395	3462	0.9995512625110166	False
1	208410364	210787749	0.0001759606742978	0.4445734454218364	0.0002000333900363	0.000783144140578	6.409634436434913e-08	0.4870410779428623	3781	0.9995512625110166	False
1	40200567	41975326	0.0001432821584444	0.2298087823075141	0.0003782242833582	0.001027783351954	4.2565977378281726e-08	0.4873801693108182	2934	0.9995512625110166	False
6	160580497	162169563	-0.0001683566033397		0.0001223142346102	-2.9804424569737635e-05	5.8805269357068876e-08	0.4875192820471851	3249	0.9995512625110166	False
20	42680176	44839055	0.00016000602134	0.3362473526509288	0.0006213020616303	0.0003644618795018	5.3184437691330794e-08	0.4877978782940798	3377	0.9995512625110166	False
16	68841363	71054027	0.0001140370499307		0.0002018641080773	-3.454893374203075e-05	2.7102406132570924e-08	0.488500981018825	2139	0.9995512625110166	False
2	24686918	26894984	0.0001297218754323	0.7037551670960921	0.0001768368995183	0.0001921367112267	3.5108756300911725e-08	0.4887377757876203	2686	0.9995512625110166	False
11	106520894	107844199	0.0001130318545292	1.573210599686649	5.085036351009496e-05	0.00010151586436	2.667683599687441e-08	0.4889097115634483	2413	0.9995512625110166	False
4	2842979	3846039	0.000112855790332		0.0002001929408231	-0.0001574176329086	2.6713549444760793e-08	0.4898854419751534	1653	0.9995512625110166	False
3	47727212	49316971	5.780333245290336e-05		0.0001733265280147	-4.063695039265788e-05	7.013351016074915e-09	0.4900533000598308	952	0.9995512625110166	False
2	6836254	8422146	-0.0001383499969072		0.0004997000305527	-0.0001310922890022	4.018321059912177e-08	0.4900865280500303	2631	0.9995512625110166	False
13	109815112	111232072	-0.0001750806645877	-0.4493371039556788	0.0003601525695763	0.0004215463094606	6.451973216958893e-08	0.4906508447818557	3342	0.9995512625110166	False
6	94441175	97093510	0.0001655119309339		0.0004123638200004	-0.000213356718115	5.777463103691897e-08	0.491081312160875	4109	0.9995512625110166	False
8	124861459	125683718	-9.04000047729614e-05		-4.4768303196604456e-05	0.0003905052494889	1.7333030969172134e-08	0.4923075251659324	1439	0.9995512625110166	False
1	201589975	203334733	0.0001436928709972	0.5975679055522629	8.97068300364807e-05	0.0006445704707567	4.392304450433643e-08	0.4929472628878371	2460	0.9995512625110166	False
2	33363777	35345027	0.0001703373417691	0.9820138116025096	0.0001039845524919	0.0002893448200501	6.183816166928359e-08	0.4933528698641397	4332	0.9995512625110166	False
4	105305294	107501304	0.000114409818974		0.0002327643795644	-0.0002347130069178	2.7950757793864324e-08	0.493765886292936	3007	0.9995512625110166	False
5	8446336	9718831	-0.0001320204560882		0.0002257840691986	-8.663533767122487e-05	3.7235012895109385e-08	0.4938663839410314	2692	0.9995512625110166	False
8	19492840	20060855	-9.881949505496464e-05	-0.9702191034800254	9.461914076315964e-05	0.0001096393918148	2.086773395317126e-08	0.4939265485906544	1372	0.9995512625110166	False
4	163243679	164478233	9.882790794645628e-05		0.0002103898862649	-3.6250367909388474e-05	2.0887656323657282e-08	0.4940958493701406	2017	0.9995512625110166	False
12	59308666	61123728	0.0001060784053362	0.752977634962598	9.36045757574138e-05	0.0002120277631802	2.423635233855241e-08	0.4956271326591183	2497	0.9995512625110166	False
1	159913048	162346720	0.0001648587814803	0.9513304038000828	0.0002343660146644	0.000128134707735	5.8593268289276297e-08	0.4958306981886679	3636	0.9995512625110166	False
3	112815699	113947862	9.52557521126974e-05		5.9993129254322224e-05	-0.0001411418085475	1.957477078867929e-08	0.4959749146438861	1604	0.9995512625110166	False
2	12419150	14335307	0.0001380634812364		3.517343551602548e-05	-0.0001627162563696	4.142915925316176e-08	0.4975775950282443	3504	0.9995512625110166	False
4	158743718	161058863	-0.0001130675992356	-0.4725814273166727	0.0001283915907491	0.0004458476303858	2.7831120727979083e-08	0.4979269553257964	3222	0.9995512625110166	False
5	127344604	129519024	0.0001357684839735	1.1866540255358746	6.116081042881065e-05	0.0002140308971678	4.03016876979583e-08	0.4988522048475609	3779	0.9995512625110166	False
6	11790816	13209387	-0.0001410858531976	-1.1058936467246554	0.0004395579436756	3.7027473391616315e-05	4.357012121521585e-08	0.4990975778519937	2381	0.9995512625110166	False
11	114257728	114830665	6.479421100292899e-05	0.7586681161379354	1.960392247468343e-05	0.0003720709557034	9.189900270484981e-09	0.4991057581625431	982	0.9995512625110166	False
12	84303844	85990425	0.0001005997279073	4.576836340164831	4.146002066151381e-06	0.0001165288154712	2.2179222165506573e-08	0.4993598335747161	2376	0.9995512625110166	False
2	224859419	225840003	-9.563918325498666e-05	-0.5980156594405502	0.0004168690756762	6.135457118218313e-05	2.00554459113253e-08	0.4994625180930189	1703	0.9995512625110166	False
4	134628434	136566406	0.0001168790010142	1.028390237078863	7.779648221161746e-05	0.0001660340387621	2.995862597632489e-08	0.4995061271900897	3320	0.9995512625110166	False
2	242149921	243188919	-0.00012369557181		0.0001767568377756	-7.609177524955941e-05	3.3559440061868164e-08	0.4995345183809038	1810	0.9995512625110166	False
11	81266712	84381271	0.0001477265407689	0.4643395667957468	0.0004786476391835	0.0002114607419526	4.7978363983542346e-08	0.500039030751971	5538	0.9995512625110166	False
19	49282227	51532566	0.0001622302574988		0.001178804877918	-0.0001155913365349	5.7947352004956846e-08	0.500355551168918	3741	0.9995512625110166	False
14	101534307	103012101	-0.0001247724195019	-0.6556363295054629	0.0002709860517376	0.0001336485451413	3.461543266979825e-08	0.5024555407523196	2265	0.9995512625110166	False
2	220454551	222521175	0.0001496767640112		0.0007468418861279	-0.0007351837776348	4.9836585715825765e-08	0.5025573446048739	3841	0.9995512625110166	False
16	53382572	55903773	0.0001933213799702	0.3940170282414378	0.0004051231447068	0.0005942138028214	8.33631887758692e-08	0.503135148239796	4761	0.9995512625110166	False
3	99373762	100592216	-7.856440764430292e-05		8.378095362192462e-05	-0.0001312620288896	1.3853099003831622e-08	0.5044517287917504	1330	0.9995512625110166	False
7	146427960	147815317	-0.0001250923930798		0.0003034099342842	-0.0002527338160373	3.5149899777179204e-08	0.5046318145909221	2934	0.9995512625110166	False
15	44198049	46618786	0.0001181011211913	0.7600912400640576	0.0001230567260268	0.0001961874534999	3.133461576219242e-08	0.5046583274721252	2461	0.9995512625110166	False
18	22996651	24026190	-8.707555593788845e-05	-0.3875652770096434	0.0002764006031463	0.000182626503499	1.708571289194753e-08	0.5053077075776085	1374	0.9995512625110166	False
18	55213838	56530219	0.0001371046938341	0.6831604960374564	9.374901038588912e-05	0.0004296278876513	4.2507639045143885e-08	0.506053249095266	2869	0.9995512625110166	False
12	64032461	65559694	0.0001048946849539		-5.104951742998069e-05	-3.1482900758918695e-05	2.4985113100960863e-08	0.50694005193972	1978	0.9995512625110166	False
4	113870102	115666245	-0.0001186444851795	-0.5682720184993804	0.0001640755979947	0.0002656675877873	3.2137528824281796e-08	0.5080851908204778	3124	0.9995512625110166	False
12	92066155	94514566	0.0001636608951637	0.1642661660408202	0.0005139477398384	0.0019314107410846	6.184833703078985e-08	0.5104845683654027	4165	0.9995512625110166	False
12	96020785	97108838	0.000112921320501		0.000162415000926	-0.0003003968546687	2.9473894395388904e-08	0.5107023602292562	2124	0.9995512625110166	False
21	44506268	46177104	0.0001132771922408		0.0001520104866453	-0.0001673682758492	2.9679261776419825e-08	0.5108398409935185	2144	0.9995512625110166	False
22	48903703	49824533	0.0002128036178245	0.6128729243604027	0.0003646975474441	0.0003305858803493	1.0489439379253541e-07	0.5111444396210447	3801	0.9995512625110166	False
7	90661784	92493751	9.36688096127685e-05	0.7776384050997179	0.0001488797076205	9.74538706739851e-05	2.0489028643995105e-08	0.5128628442800915	1837	0.9995512625110166	False
13	27284362	29257550	0.0001659558907773	0.601224211913983	0.0003091465666322	0.0002464608797639	6.452660836981453e-08	0.5135526191753262	4120	0.9995512625110166	False
10	10249396	12586796	0.0001676302294527	0.2427257431225145	0.0005538900717404	0.0008610917325262	6.59110364637213e-08	0.5137949660459732	4611	0.9995512625110166	False
20	17487232	18972202	0.0001396920634257		0.0001627511068279	-0.0002509560442181	4.57887488425312e-08	0.5138734012997376	3061	0.9995512625110166	False
8	1044217	1163244	5.931332176512618e-05		4.93184365446678e-05	-1.702963997815296e-05	8.315629463545185e-09	0.515410521522637	407	0.9995512625110166	False
4	132954033	134628433	-0.0001021487351979		5.752735210526837e-05	-0.0001544014138152	2.4801364323299223e-08	0.5165793209115102	3204	0.9995512625110166	False
5	132139649	134777400	0.0001560881910453	0.4314641430580007	0.000225957312251	0.0005791942956815	5.81869283099761e-08	0.517580790586804	3577	0.9995512625110166	False
3	128194861	130244734	-0.0001105748511402	-0.4890918522351075	0.0001343838608303	0.0003803511700939	2.944422537604417e-08	0.519315348695069	2735	0.9995512625110166	False
1	144977494	148361252	-0.0001059232248734		0.000205815528006	-0.0001525794904605	2.7049660930073442e-08	0.5195519573267398	1840	0.9995512625110166	False
17	13894637	15019096	0.0001438311875228	0.3845166048588896	0.0003452171702418	0.0004053064788543	5.007081196225104e-08	0.5203684051311785	2833	0.9995512625110166	False
4	83372593	84799655	-0.0001042670623843		0.0001806842514925	-0.0002178719745763	2.6338178420673703e-08	0.5205667012855589	2530	0.9995512625110166	False
22	44995308	46470494	0.0001880579397705		0.0005919084788961	-8.771857963900203e-05	8.589498784888928e-08	0.5210912836617867	3407	0.9995512625110166	False
7	65689809	68234073	0.0001545672510952	0.9504978097977836	0.0001762243172967	0.0001500606726473	5.841288844222067e-08	0.5224760774805604	5811	0.9995512625110166	False
17	13180372	13894636	0.0001177509067073		0.0001224915630814	-0.0003138079469423	3.4007672384541176e-08	0.5231339945189848	1836	0.9995512625110166	False
5	85767290	87389990	8.50972085476441e-05		0.0001447439868739	-2.3685349741132127e-05	1.776650575656921e-08	0.5231928343207926	1474	0.9995512625110166	False
2	195861164	196447455	5.9730074460375256e-05		0.000146358606834	-0.0001295084219076	8.753432377540451e-09	0.5232028199893086	757	0.9995512625110166	False
2	47318772	48213000	-0.0001052897417121	-0.4602018851960576	0.000308331477174	0.0001697686402624	2.74789837237079e-08	0.5253216010596811	1576	0.9995512625110166	False
8	11278998	13491774	0.0001731988537742	0.3990366512357247	0.0004594313505579	0.0004100566181358	7.43687036163588e-08	0.5253557626513277	4537	0.9995512625110166	False
8	4480476	5146926	0.0001215603256975	0.8240931761123869	0.0001373241658815	0.0001584470304749	3.747972318754496e-08	0.5300664345709389	2328	0.9995512625110166	False
4	107501305	108815347	8.301047413417668e-05	3.007351658464082	1.7818250014055992e-05	4.275946982124221e-05	1.7587067852133163e-08	0.531351016884918	1764	0.9995512625110166	False
20	60479	697599	0.0001059175713683		-4.515834010010026e-05	-1.7940955795750276e-05	2.864048382341476e-08	0.5314061649639061	1210	0.9995512625110166	False
5	103320005	104851482	0.000106063758405	0.7123767627312388	0.0003658980425065	6.058351254948786e-05	2.923217743440654e-08	0.5350277190073424	2467	0.9995512625110166	False
12	73818454	76511313	0.0001361029586487	0.5467204479169674	0.0005351746983131	0.0001158000974396	4.8284783985083594e-08	0.535661129607651	4102	0.9995512625110166	False
5	97315601	99260991	0.0001172212889237	0.6789056147572456	0.0001538133516165	0.0001938206958181	3.5927775831483514e-08	0.5362911980044267	3319	0.9995512625110166	False
1	214578266	216243633	0.000118421493812	0.9987687603908356	0.0001574235857851	8.930203791314053e-05	3.6922087982333844e-08	0.53770099528887	2679	0.9995512625110166	False
3	88298373	94255315	0.0001093108006402		0.0001059080389185	-0.0001307465015787	3.15229032449365e-08	0.5381104893404165	3592	0.9995512625110166	False
17	9965921	11102814	0.0001164084403104	0.7104821540156809	0.0001468214166251	0.0001828408296485	3.579682453823206e-08	0.5383797198069622	2117	0.9995512625110166	False
2	217715661	218395479	8.060432848552592e-05		5.597745088149328e-05	-0.0001365039062053	1.72785850421955e-08	0.5397421158823077	1164	0.9995512625110166	False
7	5854526	6573856	8.459797746622214e-05	0.8526746049214463	0.0001573672595976	6.255167175072311e-05	1.906187081225695e-08	0.5400473484190184	1140	0.9995512625110166	False
10	110317705	112561492	-0.0001002398697993		-2.106553790559249e-05	-0.0001805923853817	2.6904900296343737e-08	0.5411217206331015	3510	0.9995512625110166	False
4	176570716	178991909	0.0001459534245389	0.2783881391569699	0.0004927286818511	0.0005578523659375	5.711508381405583e-08	0.5413880009030703	4723	0.9995512625110166	False
11	35502605	37116814	0.0001157614348581		0.00017187774187	-0.0002974356001105	3.6044441486986955e-08	0.5420339928161493	2811	0.9995512625110166	False
12	61123729	64032460	0.0001450755117834	0.4874301437090602	0.000164158466533	0.0005396350741315	5.7273291884790496e-08	0.5443800006030151	5446	0.9995512625110166	False
7	121933630	124156804	0.0001171696851341	0.4042575354361395	0.0001575993533883	0.0005330400566961	3.743658332004935e-08	0.5447977279338423	3604	0.9995512625110166	False
17	74375560	76263412	0.0001768826166141		0.0004800281693599	-0.0008910685030151	8.534865699474301e-08	0.5448721429639308	3943	0.9995512625110166	False
8	73817199	75445063	0.0001081004842364		0.0001792485633315	-1.6105117429548198e-05	3.2005440227806436e-08	0.5456782961591847	2595	0.9995512625110166	False
5	3361941	4632109	0.0001151888060649		0.0003582418920997	-1.8874862891464376e-05	3.637900361412965e-08	0.5458917788844442	2618	0.9995512625110166	False
13	32301815	33776902	0.0001042052565618		-4.144770012405626e-05	-0.0001067400225243	2.9802834722841856e-08	0.5460988831429197	2271	0.9995512625110166	False
10	87937577	89127063	-9.046114293654423e-05		3.899415355378647e-05	-0.0002169509931351	2.2469846635293705e-08	0.5461902161175971	1629	0.9995512625110166	False
6	158218719	160580496	0.0001627808134348	0.8774605442169963	7.743069680836868e-05	0.0004444655110531	7.29402879789614e-08	0.5466913964005345	4978	0.9995512625110166	False
12	12733528	15241483	0.0001571552830968	0.2735143521963201	0.0006026754105566	0.000547790199375	6.800615447603754e-08	0.5467510462751104	4390	0.9995512625110166	False
2	40281483	43309589	0.0001698962350148	0.2578253615270182	0.0002998124432379	0.0014483268607565	7.950138227530319e-08	0.5468050223172811	6057	0.9995512625110166	False
13	73934089	75670142	0.0001285467246694		0.000283958841001	-0.0001274473169317	4.579333248709303e-08	0.5480377377066956	3117	0.9995512625110166	False
8	69863057	70867978	9.733406709032128e-05	0.8932605302295378	4.0059296748772416e-05	0.0002963944937514	2.62777291765971e-08	0.5482118038534052	1785	0.9995512625110166	False
4	91560677	94233298	-0.0001155518872255	-1.100102564015434	7.742073095676773e-05	0.0001425051188429	3.711683334036693e-08	0.5486532279845124	3533	0.9995512625110166	False
3	161524504	163253204	0.0001172603742011		0.0001947448866693	-0.0001775906826127	3.823232441628604e-08	0.5487044618863121	4203	0.9995512625110166	False
5	33500180	35048969	0.0001175586975681		-8.056920607859755e-05	0.000829916676745	3.8446053313701384e-08	0.5488029785914453	2670	0.9995512625110166	False
4	15147446	15927008	-7.063943179776512e-05	-0.7163768075242625	2.8712651600735963e-05	0.0003386398465995	1.3920945931573736e-08	0.5493696786379811	1268	0.9995512625110166	False
19	6684885	8347512	-0.0001483629623221		-8.429048267782968e-05	0.0007388637591878	6.184441618148363e-08	0.5507818101427284	3746	0.9995512625110166	False
16	65938566	68841362	0.0001156825174074	1.5202985741247828	0.0004211909353507	1.374670678861008e-05	3.760163869122603e-08	0.5507918133030671	2879	0.9995512625110166	False
10	4572274	5983761	-0.0001187027172623	-2.076447850901338	5.385640756382186e-05	6.067948462384813e-05	3.9609190156766835e-08	0.5508850697898903	3574	0.9995512625110166	False
6	116131396	117672971	-0.0001085188510709	-0.959079683708384	6.0880759484199726e-05	0.0002102911179444	3.3146909037089435e-08	0.5511409296440246	2243	0.9995512625110166	False
6	47311898	48391124	9.836377766471892e-05		2.179968927781053e-05	-5.690923140516421e-05	2.7350881601819023e-08	0.5519967839793694	1993	0.9995512625110166	False
20	56447959	58406571	-0.00015303225848	-0.9808506321661542	0.0002475436366403	9.833507558084813e-05	6.62547694053334e-08	0.5521570971375638	3186	0.9995512625110166	False
11	42310003	44693798	0.0001299418193175	0.5540028226395508	0.0002169512011706	0.0002535781751541	4.78931357677412e-08	0.55267139370649	4402	0.9995512625110166	False
8	81956395	82693738	6.438644211712532e-05	1.41780567249586	2.2207263496400317e-05	9.286678055611629e-05	1.1836447071760345e-08	0.5539765047390564	1042	0.9995512625110166	False
20	23293790	24717723	0.0001054273927384		8.865039348187863e-05	-7.92735534093731e-05	3.1788172450612384e-08	0.5543077480839951	2682	0.9995512625110166	False
5	65911286	67850859	0.0001257461903008		0.0001841840810107	-0.0005455963104562	4.5405177881608245e-08	0.5551085508261318	3061	0.9995512625110166	False
11	101331121	103959635	0.0001269591422013		9.039395104912266e-05	-0.000333913923814	4.631264902291465e-08	0.555225116129222	5706	0.9995512625110166	False
16	84445883	85148684	-0.0001326250788561	-0.362196622499275	0.0001724240552722	0.0007776150597052	5.061235919249748e-08	0.5555135731276937	2241	0.9995512625110166	False
22	37570269	39307893	0.0001296388828744	2.137192598723035	0.0001292107547967	2.8476366476109984e-05	4.842986684171111e-08	0.55580363815921	2459	0.9995512625110166	False
8	1163245	2042941	0.0001303571015276		0.0003118761229304	-0.0005835429049166	4.89886088842237e-08	0.55588688612408	2377	0.9995512625110166	False
10	44730075	48760449	-0.0001031361272514	-6.038048799694982	2.2332549834737184e-05	1.30644186878457e-05	3.0705370567085535e-08	0.5561447381547526	3762	0.9995512625110166	False
6	91843196	93428643	-0.0001167011866524	-0.3156500514732738	0.0005054446524227	0.0002704364392879	3.9431132971845555e-08	0.5567337178266305	2550	0.9995512625110166	False
5	173642871	175450594	0.000159499125807		0.0005262504543958	-0.0004489693315488	7.373821430826564e-08	0.5569550215921752	3386	0.9995512625110166	False
12	46024229	47714792	9.374837603689704e-05		8.675790573808354e-05	-2.589052047210789e-05	2.54896845279987e-08	0.557073499798352	2305	0.9995512625110166	False
9	14836363	16659654	-0.0001272125930337		8.488627205236008e-05	-0.0001944633968417	4.6978283959610865e-08	0.557255056978418	3389	0.9995512625110166	False
10	95396368	96221242	6.21966029428133e-05		3.504628915167837e-05	-0.0001276978926283	1.1260642056455081e-08	0.557796194539192	1077	0.9995512625110166	False
3	69276762	70449027	9.345549283108752e-05		0.0005935478673977	-0.0003335962793657	2.5508792400315583e-08	0.5584534987489412	2119	0.9995512625110166	False
1	233429284	234599433	0.0001227869157276		3.534811747073332e-05	-0.0001910271487628	4.4038226455841825e-08	0.5584740635521698	2485	0.9995512625110166	False
10	18537267	19716877	0.0001164223351143	0.2621161906882968	0.0008392873713834	0.0002350575621567	3.965862018602079e-08	0.5588088360899586	3032	0.9995512625110166	False
5	161482133	162743907	-9.313236637650727e-05		0.0005400106828683	-0.0001010615190863	2.5424826213337528e-08	0.5591671178702751	1972	0.9995512625110166	False
9	22206559	24158517	-0.000124237434509		0.000655156611191	-0.0001658366071793	4.5304301906787515e-08	0.5594284437972823	2701	0.9995512625110166	False
9	135298842	137041121	0.0001489604504528	0.7480810854061962	0.000124899324442	0.0003174567138031	6.523654058643048e-08	0.5597514398238803	3650	0.9995512625110166	False
2	142518602	144519483	0.0001169135341325	0.5658135118732994	0.0001459779300898	0.0002924797128318	4.029952405274845e-08	0.5603031840076644	3174	0.9995512625110166	False
14	84241633	85746318	0.0001099621867899		0.0004899603067359	-0.0003249137860994	3.5737618029254674e-08	0.5607854623360566	2696	0.9995512625110166	False
6	17386405	19207486	-0.0001338155051455		0.0002308284908672	-0.0004714507602819	5.3026615979068e-08	0.5611652980568893	3437	0.9995512625110166	False
6	151912703	153094495	0.0001106616796344	0.5521587393127684	0.0001242822334386	0.0003231897401783	3.6468657470297786e-08	0.5622663113809053	2230	0.9995512625110166	False
3	49316972	51832014	7.700046460301952e-05	1.1437147630700475	0.0001220750541563	3.7129945483428145e-05	1.766575521615428e-08	0.5623654262215867	1981	0.9995512625110166	False
9	79471208	81079054	0.0001069731495405	2.817070908260264	2.032629803115537e-05	7.094074071871836e-05	3.4205043456317816e-08	0.5629928128569435	2595	0.9995512625110166	False
16	86156599	86815410	-0.0001340488260449	-1.466701822045852	2.047258909436017e-05	0.0004080088628982	5.3765801520770917e-08	0.5631903315091293	1866	0.9995512625110166	False
22	22357325	23712646	0.0001452902591465	1.198051414601693	0.0002196144451351	6.696705212329111e-05	6.323636997231358e-08	0.5634211685196386	2874	0.9995512625110166	False
15	101552694	102520965	-0.0001111027870559		0.0004716958942674	-0.0003797214815743	3.7024197562086817e-08	0.5636644733381893	1789	0.9995512625110166	False
18	36365490	37684366	-7.865980045158406e-05	-0.8615019478103025	8.538758990103263e-05	9.76333964389287e-05	1.8572590976167437e-08	0.5638130910969297	1717	0.9995512625110166	False
15	48136048	50008042	8.858188279332196e-05		0.0002260844340778	-5.1684739811417567e-05	2.35628421144969e-08	0.5638898598509965	1971	0.9995512625110166	False
7	9123423	9987498	-0.0001096137190895		5.743495582780803e-05	-0.0003052297769024	3.6081522423255745e-08	0.5638975646658548	2490	0.9995512625110166	False
10	78706814	80876748	0.0001314373193435	0.9089123044143976	0.000465700137934	4.4904209373328214e-05	5.1895079792906494e-08	0.563957595681474	3637	0.9995512625110166	False
3	6083183	7083386	0.0001037672425664	1.4978202810043877	8.90679942794089e-05	5.388643670758907e-05	3.241904183147648e-08	0.564402047699117	2176	0.9995512625110166	False
3	150252004	151348729	-8.526702617700614e-05		2.9499056766426547e-05	-0.0001383884150066	2.1929830450129253e-08	0.5647577057682691	1580	0.9995512625110166	False
4	180122043	182066806	0.0001528758070374		-5.5081341231411505e-05	0.0009936795705628	7.062217391731176e-08	0.5651118466866079	4786	0.9995512625110166	False
12	70957987	72645074	9.724215580279395e-05		0.0005333046595371	-0.0003672402561147	2.8594208030804088e-08	0.5652485859590508	2531	0.9995512625110166	False
2	56203345	57429099	-9.639765464938702e-05		0.0001330568482685	-3.4704945786297504e-05	2.8161752901780308e-08	0.5656772928280551	2070	0.9995512625110166	False
1	103914211	106087841	0.0001167474861319	0.5912718973717398	0.0001870683748576	0.000208410802889	4.1332335946334286e-08	0.5657972442972874	3717	0.9995512625110166	False
5	177251507	178413463	0.0001178196126486		3.867176923829328e-05	-4.3150964578226576e-05	4.216138136971881e-08	0.566103478815223	2613	0.9995512625110166	False
17	16412342	18856319	-0.0001168923558402		0.0007467835767637	-4.428032183187454e-05	4.1626844434700415e-08	0.5666940535782714	2932	0.9995512625110166	False
7	124167552	126519169	-0.0001161883811861	-0.5817696445238731	0.0002132464182981	0.0001870430356577	4.1192036574222734e-08	0.5670006260953002	4432	0.9995512625110166	False
2	140100271	141805350	0.0001178926180917		0.0002246780546592	-0.0001341927789316	4.256957615408169e-08	0.5677314597325026	3322	0.9995512625110166	False
5	67850860	71240455	9.47700518779375e-05	2.0002562619507276	2.7437087624047133e-05	8.181500271391262e-05	2.757527706859136e-08	0.5682000757124381	2289	0.9995512625110166	False
6	93428644	94118141	-9.14031122176492e-05		0.0002414365865721	-0.0002097472100115	2.5722538317060552e-08	0.5687407050557991	1567	0.9995512625110166	False
5	120452166	122556904	0.0001237518164467	1.710917700505266	8.43409746664581e-05	6.203064689680338e-05	4.73523168926755e-08	0.5695617588818365	3610	0.9995512625110166	False
19	23467746	28557892	-8.583751189447517e-05		2.366578730534732e-05	-3.681947415341237e-05	2.3038639705296207e-08	0.5717194735099436	3799	0.9995512625110166	False
20	44839056	47199979	0.0001521351797355		0.0002905252786047	-9.64026593777496e-05	7.243097449434413e-08	0.5718799063930777	4059	0.9995512625110166	False
12	72645075	73818453	7.440253733450385e-05		0.0001154301697812	-5.169603712566394e-05	1.7402971367352542e-08	0.5727568369235858	1912	0.9995512625110166	False
3	65273538	66270446	0.0001028262591162		-1.103791947968124e-05	-0.0001978719083794	3.331327053533154e-08	0.5731814741493733	1724	0.9995512625110166	False
12	8377536	9031394	6.824804105363254e-05		-4.9060411402252415e-05	0.0001395850512937	1.4703323642695142e-08	0.573546066181396	961	0.9995512625110166	False
7	153674019	154964729	0.0001203444179967	0.1866943358104852	0.0005955891818979	0.0006976583834045	4.5784942912029846e-08	0.5738264938604652	2522	0.9995512625110166	False
7	97099570	98715473	0.0001004442648255		0.0001614743770105	-0.0002617429691685	3.201604452927188e-08	0.574552284710525	2668	0.9995512625110166	False
2	43309590	44313802	8.76448994594452e-05		3.145015672905027e-05	-2.4087861104945888e-05	2.4608967345484965e-08	0.5763653546336337	1917	0.9995512625110166	False
20	24717724	25344230	-6.342343230661411e-05		2.634223056048836e-05	-5.5494967401916496e-05	1.290848702072321e-08	0.5766883051278449	1393	0.9995512625110166	False
2	137042794	138698116	0.0001088849491612		7.22038505940767e-05	-0.0002781651002242	3.8134776455377246e-08	0.5771311617186318	3086	0.9995512625110166	False
8	17387876	17836398	-7.325252294294319e-05		1.17481790065993e-05	-5.8347650332654294e-05	1.7260871956563066e-08	0.5771452170683649	1290	0.9995512625110166	False
10	29783692	30458837	-7.987704081746739e-05	-0.5352123265818681	0.0001062808434435	0.0002095736744411	2.0560127730324623e-08	0.5774802239563576	1542	0.9995512625110166	False
2	101822329	102688764	7.32682498149303e-05		2.4084972747023087e-05	-0.0001515117229839	1.7338389454563988e-08	0.5779161439224955	1402	0.9995512625110166	False
4	167852917	169676824	0.0001063227742862	0.260838723941647	0.0003516213341142	0.0004725342029762	3.6573685450325096e-08	0.5782396076582748	3236	0.9995512625110166	False
7	16161	972751	-0.0001250855368758		0.0004570747901774	-6.209589494569415e-05	5.090054930510601e-08	0.5792853502443818	2325	0.9995512625110166	False
5	56621102	57340072	7.107902611760775e-05		3.422897546476631e-05	-2.0687953190206677e-05	1.646406202916794e-08	0.5796109653177053	1215	0.9995512625110166	False
2	62429044	64625912	-0.0001055306748694	-0.9852426983718704	6.150462079105724e-05	0.0001865362474252	3.6363736049966813e-08	0.5799849047020066	2638	0.9995512625110166	False
7	98715474	100196650	6.589041745196844e-05		3.960050619852417e-05	-4.451596513423912e-05	1.4215279297500882e-08	0.5805079898064947	1286	0.9995512625110166	False
10	134494673	135523864	-8.044496214575486e-05	-1.904231255780912	8.41364390863224e-06	0.0002121163753484	2.1234318572671732e-08	0.5809129884106687	1666	0.9995512625110166	False
1	162346721	165191701	-0.0001519709412639	-0.1829744436890783	0.0009598580649447	0.000718676125247	7.587191729857245e-08	0.5811390766137221	5009	0.9995512625110166	False
12	106436213	106958747	-5.6557116060513685e-05	-0.4007186637512918	7.653810499419161e-05	0.0002602661367341	1.0537868923572642e-08	0.5816691050820408	792	0.9995512625110166	False
4	124286481	125210861	-7.587212563986817e-05	-0.784924612633564	5.619659954034586e-05	0.0001662641326476	1.901665751381264e-08	0.5821869188519355	1616	0.9995512625110166	False
13	63971559	65200601	8.342422211972496e-05	1.066182314326548	4.289731532018301e-05	0.0001427221140314	2.300541159331979e-08	0.5823068023087143	2670	0.9995512625110166	False
11	90966490	92077143	6.606206276414321e-05		8.529221860380788e-05	-0.0002412292019716	1.4496961772597e-08	0.5832298402368833	1859	0.9995512625110166	False
10	60523	751338	-5.008562289459986e-05	-1.0608195441082542	6.367902473380746e-05	3.5006341918168634e-05	8.339233909957252e-09	0.5833717165329408	544	0.9995512625110166	False
3	23804865	25461557	0.0001270674960504		0.0005068018876563	-0.0002037662804985	5.3904460948781356e-08	0.5841755263417375	3306	0.9995512625110166	False
12	47714793	49001865	9.888926008246648e-05		0.0001273033485958	-1.6744724065501215e-05	3.277033116023543e-08	0.5848791776588691	2947	0.9995512625110166	False
20	38436761	39610855	-9.302443617961804e-05	-0.7893147471061407	0.0001336481513574	0.0001039275532801	2.9016979916935252e-08	0.5849982669326452	1924	0.9995512625110166	False
2	157560635	158533217	-5.972231557597127e-05	-6.660272333380974	2.708485320423144e-05	2.968676091772366e-06	1.1998967128319857e-08	0.5856083233693674	701	0.9995512625110166	False
8	137524151	139254829	-0.0001102337414965		1.801446752156532e-05	-9.12065750995694e-05	4.088778672332418e-08	0.5856488627518499	3966	0.9995512625110166	False
4	100678360	103221355	0.0001135850146217		0.0007859034015937	-2.4532559671877644e-05	4.3506420049988166e-08	0.5860573566449687	4453	0.9995512625110166	False
1	18662899	20469148	-0.0001421479502686		0.0001087371654595	-0.0002310593345764	6.833711203141204e-08	0.5866022998956777	3654	0.9995512625110166	False
3	183769683	185068254	-9.908341258344296e-05		0.0002316141744101	-6.730813976353604e-05	3.3313199149870737e-08	0.5872219439398827	2150	0.9995512625110166	False
17	50719055	51826117	-8.071713063318734e-05	-2.2792631479963914	8.170308794335486e-05	1.534984596565193e-05	2.2186698920112295e-08	0.5878872084702811	1982	0.9995512625110166	False
9	28224283	28811583	7.068799736798326e-05	0.4367185740372193	0.0001142124314832	0.0002293900901914	1.7023660579556332e-08	0.5879733081714107	1174	0.9995512625110166	False
4	108815348	111256566	0.0001108217532443		0.0004594615851124	-2.427422507982897e-05	4.211189999338573e-08	0.5891723029821978	3888	0.9995512625110166	False
16	10426032	11520160	-0.0001160796017045		-0.0001003103809043	8.193713453501545e-06	4.639150718046854e-08	0.5899314667080855	2578	0.9995512625110166	False
8	50082470	53302929	0.000106603636488		0.0002941307098818	-0.0002109034697231	3.9366491147389316e-08	0.5910673897574676	5269	0.9995512625110166	False
9	104624437	105967975	-0.0001021665492288		7.49298043185307e-05	-8.255281839691074e-05	3.618025571984195e-08	0.5911833726548756	3439	0.9995512625110166	False
4	38907022	40202608	-8.51098770324525e-05		4.498694831158857e-05	-5.379226963107021e-05	2.521781005685788e-08	0.5919913984672113	2347	0.9995512625110166	False
3	68286914	69276761	-7.52881081356186e-05	-1.4860533676323096	3.906954385065037e-05	6.56970116283742e-05	1.9741833652666916e-08	0.5920712581875263	1628	0.9995512625110166	False
11	89208936	90966489	6.749582404346578e-05	2.2281035505915754	3.0653867453817286e-05	2.9936277175908625e-05	1.5900331929655932e-08	0.5924623965614821	2625	0.9995512625110166	False
6	78957728	80691169	0.0001162560096504		3.685884971362655e-05	-0.0001271629275734	4.7248830674958185e-08	0.5927639076551475	3115	0.9995512625110166	False
20	59561724	61301854	-0.0001441337300846	-0.2790366959167383	0.0003340641938909	0.0007986907992415	7.280306963031809e-08	0.5932143188786767	4118	0.9995512625110166	False
12	3677037	4417678	9.070209916920831e-05		0.0001000319724938	-0.0004731392884529	2.915598262540002e-08	0.5952840655733993	1432	0.9995512625110166	False
15	92164392	93780901	0.0001455762007067	0.4648534920185844	0.0006848219541561	0.0001432091910582	7.55977367918539e-08	0.5964839939511466	3512	0.9995512625110166	False
18	11075913	11905439	8.263103368189908e-05	3.0791731811836147	2.8467916744893484e-06	0.0002529661745398	2.460040480596442e-08	0.5983103325142601	1572	0.9995512625110166	False
1	71372470	71684404	4.1626827429432856e-05		4.999217806824181e-05	-4.2906716996252394e-05	6.286531464873322e-09	0.599576079466253	515	0.9995512625110166	False
6	73450097	75462002	-0.0001180334782608	-0.3389003032788273	0.0001159283928441	0.0010463492816215	5.091525923441032e-08	0.6009075943424338	3475	0.9995512625110166	False
16	2764829	4001195	-9.082403718509976e-05	-0.7203995841703876	8.234587028348213e-05	0.0001930246948571	3.0273162406568305e-08	0.601669155392818	1774	0.9995512625110166	False
1	1892607	3582735	-0.0001397815700512	-0.2412922619532289	0.0007490502625621	0.0004480248246904	7.242803728153388e-08	0.6034863250492326	3120	0.9995512625110166	False
17	27334244	29786490	-7.977715351545308e-05		0.0002698663638036	-1.4560450913030037e-06	2.3631155647595332e-08	0.6037868261730421	2252	0.9995512625110166	False
6	142288479	145319809	0.0001406413571437	0.380383191599746	0.0005386806648955	0.0002537768915394	7.388553100269843e-08	0.6048712018834703	4164	0.9995512625110166	False
11	22374142	24088516	-9.014666776975263e-05	-0.5141113685322609	0.0001220995803155	0.0002518087223722	3.0502743855889794e-08	0.6057460860395578	3699	0.9995512625110166	False
19	14486347	15648609	-9.628599720460566e-05		0.0001785484633974	-3.4017948600717396e-05	3.518215243702803e-08	0.607716134261723	2280	0.9995512625110166	False
19	57521335	59118838	-9.309936552873691e-05	-0.7372623997281406	8.843590788481753e-05	0.0001803103402374	3.299078984556813e-08	0.6082544710549738	2840	0.9995512625110166	False
11	58780549	62223770	-0.0001046162564555		0.0001838949989354	-0.0004362542468161	4.17283785981984e-08	0.6085573862479684	4565	0.9995512625110166	False
5	27984513	29714819	-9.609958776702237e-05	-0.5772736118447291	0.0001387464881669	0.0001997365935037	3.5576741053939986e-08	0.6104065213516748	3351	0.9995512625110166	False
16	16154060	17644748	9.629435424511456e-05		5.650094490054591e-05	-0.0001331028333785	3.576597072129172e-08	0.6106305964488586	1823	0.9995512625110166	False
22	35530985	37570268	-0.0001443994898385	-0.8040373676283483	0.000102004901539	0.0003161970477223	8.095440284144548e-08	0.6117963510609308	3764	0.9995512625110166	False
12	83502666	84303843	5.877278504085833e-05		2.4200237338216336e-05	-4.536597265065093e-05	1.3457822453111836e-08	0.6124161158635304	1548	0.9995512625110166	False
12	5321472	6419752	-9.365532050373368e-05	-0.4736386488974262	0.00014624230664	0.0002673607268626	3.424731712181039e-08	0.6128004882751126	2149	0.9995512625110166	False
12	18087873	20863942	0.0001360343641954	0.4326694440154245	0.0002065211995209	0.0004786523244926	7.244436142651645e-08	0.6132688485400069	5546	0.9995512625110166	False
8	22897057	24674717	0.0001051513365688		0.0004018157154276	-0.0002242595210456	4.3284973349327526e-08	0.6132689439235636	3213	0.9995512625110166	False
8	133351144	134570000	9.598907291954548e-05		0.0001375130138029	-0.0001302428868932	3.6150657355546563e-08	0.6136631026677738	2504	0.9995512625110166	False
13	93129691	93586454	-4.535313042242744e-05		0.0001042693323518	-0.0001066874222408	8.089925669946816e-09	0.6140946037440369	650	0.9995512625110166	False
4	183371275	184929454	0.0001236843410262	0.4250374570777159	0.0003374362995533	0.0002509477060515	6.027538456106481e-08	0.6144128835629554	3462	0.9995512625110166	False
12	131786751	132807033	8.275529281766754e-05		4.943507213562807e-06	-0.0002288635697865	2.7399586322906695e-08	0.6171125508332236	1771	0.9995512625110166	False
10	100241302	100668399	-3.40419965447071e-05		1.265810553930611e-05	-3.730032832782391e-05	4.652065991119403e-09	0.6177052782544558	643	0.9995512625110166	False
6	48391125	50386144	0.0001048276419307	0.5266022377852363	0.000102898080575	0.0003851048240471	4.457023041167648e-08	0.6195141691682693	3381	0.9995512625110166	False
2	236043550	237449031	-9.50285641777862e-05	-0.2981833432029251	0.0003783410321465	0.0002684467380195	3.663586639350226e-08	0.6195564591560672	2505	0.9995512625110166	False
9	38641599	65472189	5.460861103176688e-05		7.696542158547036e-05	-8.106097191086796e-05	1.2165124094517855e-08	0.6205215414352516	507	0.9995512625110166	False
3	13070799	14816899	0.0001144994857801		0.0003279291514179	-0.000516325183631	5.367354914948915e-08	0.6211483551702679	3591	0.9995512625110166	False
1	234599434	235819435	-9.041807666381974e-05	-0.4013774105959516	0.0001857656414123	0.0002731739510627	3.347975854665968e-08	0.6211959846710711	1984	0.9995512625110166	False
3	145664619	146726628	-7.083692738003547e-05		0.0002156841040679	-7.625534298114704e-05	2.0644697681885236e-08	0.6220057438615378	1999	0.9995512625110166	False
6	121905676	123856180	-0.0001116472659409	-2.5491791187992403	0.0001336828989472	1.4348933578683658e-05	5.1570357768822546e-08	0.6229732124394154	3484	0.9995512625110166	False
19	28557893	29790946	8.08438349649244e-05		-5.319005426151579e-05	0.000133617268783	2.7336996852648363e-08	0.6248714723718842	2910	0.9995512625110166	False
11	104873284	106520893	-6.242530471406221e-05		0.0001326255058064	-0.0002077449253682	1.6303523987304613e-08	0.624912583159196	2384	0.9995512625110166	False
3	190226607	192343813	-0.000110182262782		0.0004755859682462	-4.44992877586064e-05	5.1153228256084836e-08	0.6261421341054128	4357	0.9995512625110166	False
10	23175132	25578595	-9.092724395752686e-05		0.000246301867579	-0.000100743588539	3.4885635889272665e-08	0.6263840734968845	3424	0.9995512625110166	False
18	69621618	71038473	9.9353493386201e-05		0.0003974526196626	-0.0001615569081095	4.191670053413353e-08	0.6274799563335862	3011	0.9995512625110166	False
15	35083251	37456501	0.0001279014710947	0.39086924197311	0.0002229446785047	0.0004802761003049	6.985326166547e-08	0.6284358262177645	3953	0.9995512625110166	False
4	84799656	86930608	8.036245373564644e-05		7.96173799206614e-05	-0.0002173073030654	2.769910348398208e-08	0.6291958537242787	3305	0.9995512625110166	False
3	176320287	178107164	9.741813021657752e-05		0.0005118433235808	-0.0002295619980162	4.0766817985701977e-08	0.6294594265870883	2971	0.9995512625110166	False
2	201576284	202818636	6.347969033027984e-05	1.1802566173390012	7.349360711518175e-05	3.9361092803740134e-05	1.734142499878619e-08	0.6297701742715913	1310	0.9995512625110166	False
1	196176201	197311513	-5.5031050849698904e-05		0.0001136411669081	-4.750615807157266e-05	1.3064035855545024e-08	0.630182581238758	1180	0.9995512625110166	False
3	121974097	123517767	8.01789613639743e-05	0.8626395516782375	7.594523340941771e-05	0.0001137526696949	2.7736075022264977e-08	0.6302071580697358	2365	0.9995512625110166	False
18	57630483	59020750	-7.373805558048388e-05		5.4093833201671224e-05	-0.0001251375833635	2.3544276449756553e-08	0.6308281581614944	2027	0.9995512625110166	False
3	120523055	121974096	6.463833231315239e-05		6.07406285247175e-05	-2.713288016816045e-05	1.8116600655027463e-08	0.6310618913185397	2305	0.9995512625110166	False
2	103588215	105125033	7.516271647894794e-05		0.0001122327250974	-9.712090660108616e-05	2.4540781137296362e-08	0.6313711583018957	1579	0.9995512625110166	False
4	131283821	132954032	7.969780948675826e-05	1.6095067689385734	2.6702106038088872e-05	9.182514832620728e-05	2.77105871704772e-08	0.6321049346876485	2814	0.9995512625110166	False
5	111981562	113396284	8.836890731804583e-05		8.66796446527325e-05	-5.742205034023087e-05	3.458608788924359e-08	0.6346660022819459	2696	0.9995512625110166	False
1	93536459	94506190	5.705747569587197e-05		-1.562142365766792e-05	6.519333176314084e-05	1.4449171815278502e-08	0.6350227558022754	1395	0.9995512625110166	False
8	9154694	9640786	5.425016711236157e-05	0.7934827440474442	7.237596426168569e-05	6.458517262327595e-05	1.3075205516293644e-08	0.635189662976464	1162	0.9995512625110166	False
22	49824534	51243297	0.0001179223564388		0.0009404613100799	-1.710639979182466e-05	6.18038146251019e-08	0.6352584379573578	2801	0.9995512625110166	False
2	238760981	239952642	9.163396352748354e-05		4.371486543410156e-05	-0.0004021257833292	3.7362943381944103e-08	0.6354550832178223	2610	0.9995512625110166	False
15	88369943	90475550	0.0001093443923207	0.1377222630451662	0.0006603477357251	0.0009545793536135	5.351309083714378e-08	0.6364420640172284	3224	0.9995512625110166	False
21	24696231	26469121	9.697073285379372e-05	0.2165242792129527	0.00038440115718	0.0005217752395092	4.2533554355574325e-08	0.6382181555538547	3955	0.9995512625110166	False
4	189693511	191043593	8.455372842920731e-05		0.0001485763499939	-5.3331470097074144e-05	3.2435766489929976e-08	0.63872380838598	2779	0.9995512625110166	False
3	32351715	33255591	-7.395725709980939e-05	-0.4590940100871236	0.0001848051172812	0.0001404249720203	2.4863288953244217e-08	0.6390475091393237	1575	0.9995512625110166	False
15	40384132	41177513	6.2974923252437e-05	0.6955841518204503	0.0001772774273316	4.6236238603425e-05	1.8067401149891736e-08	0.6394191978350474	1095	0.9995512625110166	False
11	49866050	54695472	-6.13734550114058e-05	-2.0717605978339484	3.8505652223734166e-05	2.2790692568579553e-05	1.7194470873496883e-08	0.6397535236257552	4130	0.9995512625110166	False
1	212842330	214578265	9.195399687160958e-05	0.4534857170867407	0.0001494410113586	0.000275133959193	3.8676881806286475e-08	0.6400934734279684	2392	0.9995512625110166	False
6	106056733	107450305	-0.0001099931229809	-0.5885492931638084	6.608056789092874e-05	0.0005285567389447	5.573503898187461e-08	0.6412804249018635	2734	0.9995512625110166	False
20	8117011	9730920	9.560687841335856e-05	0.4452121497495308	0.0001138681838406	0.0004049877324233	4.21810772883187e-08	0.6415652873073456	2847	0.9995512625110166	False
7	43159074	44763827	8.118487872337259e-05	0.4445209569510767	0.0003054024749903	0.0001092177584606	3.0528907440662745e-08	0.6421870443779107	2587	0.9995512625110166	False
1	204681068	206073264	-9.040649264387588e-05		0.0005522541518702	-0.0001054389519578	3.795575153475741e-08	0.6426149498242792	2186	0.9995512625110166	False
4	47411896	48123599	4.871180350782364e-05	1.1954928450377391	8.634544009114186e-05	1.9228041401200373e-05	1.1056144448557776e-08	0.643172238251158	1224	0.9995512625110166	False
5	22152073	23494323	6.995394273814242e-05		0.0004238687117057	-2.4162781868090257e-05	2.2882090308993386e-08	0.6437589819374994	2199	0.9995512625110166	False
18	1942911	3891657	-0.000131045556181		0.0003287445518713	-0.0003080301297679	8.065615509883655e-08	0.6444918744290706	4356	0.9995512625110166	False
11	116383348	117747109	-8.618541059592417e-05		0.0002459102987842	-0.0001599944999577	3.493175450474599e-08	0.6447052037654204	2671	0.9995512625110166	False
11	13373124	15742551	7.201893607362992e-05		6.87704641850248e-05	-0.0001494249705103	2.4404646822893056e-08	0.6447913607132059	3352	0.9995512625110166	False
18	47730584	51062184	0.0001202892148436	0.3114980238244254	0.0008047134745627	0.0001853111346635	6.859191954554738e-08	0.6460234812817303	5573	0.9995512625110166	False
13	41069263	43101026	-8.446983451841753e-05		0.0004621088204911	-0.0004661306208375	3.3837996369784635e-08	0.6460924909629855	2982	0.9995512625110166	False
5	60935907	61672994	5.3212812388706394e-05		0.0001332074027321	-5.2090568901673265e-05	1.358957023763497e-08	0.6480511992811445	994	0.9995512625110166	False
11	80722373	81266711	6.14769244480269e-05	0.2378670268380667	0.0005472450453513	0.0001220601609994	1.8143926602321433e-08	0.6481017184835958	1217	0.9995512625110166	False
6	50386145	52210475	9.637294858279664e-05	1.033309136085639	0.0001373718763036	6.332160651338376e-05	4.4818066446368224e-08	0.6489455036426819	2999	0.9995512625110166	False
4	1478711	2842978	-7.102908199740618e-05	-2.294935226042791	1.0062316722030094e-05	9.51992563761336e-05	2.453416099035953e-08	0.6502088108650174	2153	0.9995512625110166	False
17	11102815	12534768	9.63220007293037e-05	0.7579517092927995	0.0002756514541012	5.858785911210006e-05	4.5139637426411956e-08	0.6502870829751122	2451	0.9995512625110166	False
10	25578596	26888683	7.382964004881483e-05		0.0001282045461855	-0.0001492450514101	2.6646863564457346e-08	0.6510670432780032	3518	0.9995512625110166	False
7	63307359	63641124	-3.1099725357777215e-05	-0.6610126595677179	1.3782533693340509e-05	0.0001606070076308	4.729690775424563e-09	0.6511176913341412	571	0.9995512625110166	False
19	15648610	16374415	-6.647071619714226e-05	-8.817738999387974	1.1601516277034912e-05	4.898143259185385e-06	2.1616887364489386e-08	0.6511974901437984	2325	0.9995512625110166	False
8	10463197	11278997	7.405615235963767e-05		6.042212594315445e-05	-4.847912414249185e-06	2.688023144321702e-08	0.6514892009885569	1789	0.9995512625110166	False
2	125840921	127373763	-7.726999141042411e-05	-0.8629397990331985	5.553275180084165e-05	0.0001443814951849	2.9284453465526103e-08	0.6516033440758884	3027	0.9995512625110166	False
3	9543183	11019664	-8.712191101265643e-05		0.000430701565244	-0.0002826194719915	3.731345702133005e-08	0.6519759961845635	2485	0.9995512625110166	False
8	62329099	63349305	5.8170163301739915e-05		1.944227478792091e-05	-0.0001162617150892	1.6658402808119713e-08	0.6522087407081889	1815	0.9995512625110166	False
20	34960446	36909529	7.668791057310979e-05		0.0001275656987767	-0.0001919451845807	2.8981136192690113e-08	0.6523690927084069	2158	0.9995512625110166	False
5	79393144	80481470	8.4508006662628e-05	1.0059012131623857	4.6914340110387e-05	0.0001504455824122	3.531313065423553e-08	0.6529216489737484	2250	0.9995512625110166	False
5	982252	2132441	-0.0001064448626427		-6.404891458926685e-05	0.0008104306945489	5.606441832204641e-08	0.6530326755512479	2745	0.9995512625110166	False
4	96182188	97540702	7.29275257324166e-05	0.3308018943256965	0.0001378629040173	0.0003525328241646	2.6326295437623594e-08	0.653095709615813	2648	0.9995512625110166	False
14	50507760	51493571	6.488969631630355e-05	0.3458076680516156	0.0001666277624951	0.0002113172169005	2.0862903222716337e-08	0.6532511102304357	1523	0.9995512625110166	False
6	81929222	83127148	7.182157423983879e-05		0.0001481364328438	-0.0002630613443838	2.5923635334656594e-08	0.6555437503025308	1755	0.9995512625110166	False
17	5741334	7317397	0.0001136221804584		0.0002667177797769	-1.6629688428705545e-05	6.536957365825631e-08	0.6567524941649012	3160	0.9995512625110166	False
5	18051592	19917715	8.922357859470532e-05	2.4387282556097056	0.0001209741792786	1.1064703262735969e-05	4.0430504818324023e-08	0.6572331750614875	3595	0.9995512625110166	False
9	82590928	84211232	9.287831265341908e-05	0.702432633044029	0.0002796240123865	6.252372029438383e-05	4.383890220939962e-08	0.6573370171712358	3716	0.9995512625110166	False
4	14272001	15147445	-6.589046511482175e-05		6.842184354788779e-05	-0.0002839135279237	2.2457470858534098e-08	0.6601649006670817	1634	0.9995512625110166	False
1	230685255	232090251	9.035176872655994e-05		0.0001574060968822	-9.920961050181533e-05	4.2371699522127736e-08	0.6607097303747269	2523	0.9995512625110166	False
6	2458936	3573592	-9.756364669079013e-05	-0.3802271892201949	9.501896340381864e-05	0.00069291413891	4.9746966114055625e-08	0.6618023356604367	2480	0.9995512625110166	False
7	20124908	22507628	0.00012755148942		0.0005692408939878	-4.892121028881043e-05	8.60184225293847e-08	0.6636347313746844	5111	0.9995512625110166	False
15	41177514	42776398	-7.325318898486596e-05		0.0001053217332875	-0.0001121767486823	2.8559439487315805e-08	0.6646786842950935	2245	0.9995512625110166	False
1	240564091	241582219	9.09331633499664e-05	0.3345240172340465	0.0001124126485317	0.00065731691999	4.403623228507225e-08	0.6647761585875387	1993	0.9995512625110166	False
3	115447080	116800152	7.586746877942776e-05		6.786012043280998e-05	-1.9514606465951256e-05	3.081656300148762e-08	0.6656114406513743	2424	0.9995512625110166	False
3	21643707	22204243	7.327580801981865e-05	0.1809716630944545	0.0003656162360009	0.0004484092924952	2.9000044573549903e-08	0.6669846786210345	1994	0.9995512625110166	False
2	64625913	65933443	7.65315521273651e-05		0.0001392346957452	-0.000312963882675	3.1654101086687366e-08	0.6670824950062808	2088	0.9995512625110166	False
12	54778823	55665836	-5.167145374767332e-05		6.216388260904493e-05	-8.433843500894589e-05	1.4464111462916258e-08	0.6674574686755722	1501	0.9995512625110166	False
18	33861964	35075249	5.967329066979059e-05	2.6474077910058114	2.2159862134650063e-05	2.292721142094156e-05	1.938410945254699e-08	0.6682108299346925	1763	0.9995512625110166	False
5	29714820	31390248	8.436451327745626e-05		5.600266432650036e-05	-0.0001141126984972	3.8874739940222224e-08	0.6687355694145218	3210	0.9995512625110166	False
6	56105313	57599464	6.878533570112402e-05		0.0001481342777238	-1.3996067563939392e-05	2.6002864574434188e-08	0.6696961622593092	1616	0.9995512625110166	False
7	12635461	13884201	9.056421845271112e-05	0.7974243087224006	9.650461421591336e-05	0.0001336553252557	4.5799494870724397e-08	0.6721631092669418	3174	0.9995512625110166	False
8	28162392	29327895	-5.847165444337242e-05		0.0001146579434185	-0.0003539225959911	1.9108787226860263e-08	0.6723034668864855	1573	0.9995512625110166	False
5	166847740	168525317	-9.799356861524596e-05	-0.2572472472874286	0.0002150011374398	0.0006749209625325	5.396365749830073e-08	0.6731424262920676	2663	0.9995512625110166	False
10	122407323	123231464	-5.91331253155234e-05		6.0845043771536184e-05	-0.0002811626947307	1.981489773259588e-08	0.674424956370347	1524	0.9995512625110166	False
3	165055469	167117428	-7.649204355403181e-05		8.253738767780086e-05	-0.0001946140519913	3.32898817268259e-08	0.6750425578248156	3526	0.9995512625110166	False
4	64341001	66600491	-7.842867392244154e-05	-0.1594025931123068	0.0003899287390568	0.0006208314860776	3.501467106590295e-08	0.6751203515676867	4023	0.9995512625110166	False
3	84367479	85582230	5.439455052217554e-05	0.7791314376188679	4.0457009367655214e-05	0.0001204746164086	1.6872464972395805e-08	0.6753908828030069	2085	0.9995512625110166	False
6	125424383	127540460	-7.393095504838001e-05		8.457104855678558e-06	-0.0001596622522734	3.119460373729248e-08	0.6755173977452296	1987	0.9995512625110166	False
4	111256567	113870101	-8.098111825958598e-05		4.22011150382918e-05	-0.0003057375629181	3.7455910324870864e-08	0.6756322090666345	3614	0.9995512625110166	False
16	62229849	63691588	7.812254128707337e-05		0.0002428072027442	-0.000205952640324	3.499149059803841e-08	0.6762152314322822	2319	0.9995512625110166	False
1	224938520	226810859	-8.218425939464365e-05	-0.5237703664091348	0.0001886296992547	0.0001305224966299	3.8764209191975656e-08	0.6763712792596989	2699	0.9995512625110166	False
2	182266031	184357607	-8.035005140903293e-05	-0.5221587073397193	0.0002197389057974	0.0001077606770242	3.737225398752031e-08	0.6776775307075045	3098	0.9995512625110166	False
10	1523544	2254499	-6.912145521280783e-05		0.000204394593515	-0.0001589852328745	2.776520587911044e-08	0.6782717637783728	1984	0.9995512625110166	False
16	87647349	89041164	0.0001109927794832	0.4624189761000141	0.0003214338469928	0.0001792365404456	7.168574416338385e-08	0.6784703727087256	3554	0.9995512625110166	False
9	115693145	117019800	7.93232842031193e-05		0.0001637845110946	-0.0001628830700812	3.6651032741885154e-08	0.6786246226891735	2467	0.9995512625110166	False
3	133252173	135456905	9.083532757844688e-05	0.2940846889804228	0.0002503632480158	0.0003810607059946	4.8185605937166877e-08	0.6790166494101821	3494	0.9995512625110166	False
1	9365199	10806983	6.743054176344777e-05		-1.8203387788510665e-05	-3.434640241780409e-05	2.6621588099553026e-08	0.6794047714385398	1600	0.9995512625110166	False
17	21290357	27334243	-7.841096745968064e-05		-3.529210298263503e-05	-0.0001778684078645	3.61742588754917e-08	0.6801448339580272	2952	0.9995512625110166	False
13	54682864	55817130	5.869286626766434e-05	0.3582478965273618	8.593105031144182e-05	0.0003123584214258	2.028236963517983e-08	0.680249883660089	1983	0.9995512625110166	False
4	170776510	172558634	6.847677114076165e-05		9.51481781473281e-05	-0.0001054390756423	2.7740123975378826e-08	0.680970336534692	2942	0.9995512625110166	False
6	52210476	53279101	7.647852342651781e-05		0.0002352510239434	-0.0005289278573686	3.4728475166853024e-08	0.6815199728077863	1955	0.9995512625110166	False
2	129474441	130067169	4.931600098956438e-05		1.6310293428225989e-06	-5.4564696432213034e-05	1.4445515675413848e-08	0.6815721640049166	1175	0.9995512625110166	False
7	44763828	45952921	-6.565992654692554e-05		0.0002139565140314	-0.0003619709237143	2.5645910574797472e-08	0.6818007715272032	2062	0.9995512625110166	False
6	102636772	103983394	-7.386403031647956e-05		1.4713635008347784e-05	-0.0001884023478074	3.246884997644487e-08	0.6818643292634756	2427	0.9995512625110166	False
6	169382050	170330172	7.683971792969258e-05		8.211514317485354e-06	-6.208225592450305e-05	3.531672497548891e-08	0.6826279464662128	1995	0.9995512625110166	False
10	129154362	130844283	-0.0001089423007609		0.0002553814593564	-0.0004203043945457	7.146399179241399e-08	0.6836233657241054	4346	0.9995512625110166	False
1	186810023	188759944	9.423837947364572e-05		0.000180443415953	-3.0881858408162516e-05	5.348061306292712e-08	0.6836394107767352	4454	0.9995512625110166	False
13	67844453	70724515	0.0001040657395852	0.5984557593517008	0.0002219168549168	0.0001362577331802	6.55332202252702e-08	0.6843639316973116	5779	0.9995512625110166	False
10	15026068	16551766	-7.499691529475215e-05		0.0004761536348968	-2.9562335484188172e-05	3.4095989946664684e-08	0.6846287540501663	2734	0.9995512625110166	False
22	23712647	24984203	-7.863798658952819e-05	-0.1908954602907405	0.0002316667015179	0.0007325039227148	3.813226963567266e-08	0.687165912885316	1910	0.9995512625110166	False
18	39892648	42922105	-9.064933000004104e-05		0.0001945312891695	-0.0002219694472888	5.067256265529916e-08	0.6871712979811375	4584	0.9995512625110166	False
2	141805351	142518601	5.852727103464301e-05	0.6111038885277164	7.458465703825085e-05	0.0001229806991825	2.1293238544407194e-08	0.6883568678626693	1630	0.9995512625110166	False
12	101447641	101862689	3.766151640063153e-05	0.1514962167736367	0.0001066899630382	0.000579253231143	8.842650355909243e-09	0.6887855294298526	661	0.9995512625110166	False
19	11284028	13471126	7.314792813440952e-05		0.0006614333317728	-5.086574062425494e-05	3.337393771767356e-08	0.6888590487726738	2636	0.9995512625110166	False
19	19877471	20905756	-4.945286352265246e-05	-0.6178221519310577	2.3969227134113547e-05	0.000267301813799	1.5273700246451295e-08	0.6890484200235382	1745	0.9995512625110166	False
17	63148128	64800429	8.635105530050867e-05		6.944218794948625e-05	-9.87309813810462e-05	4.6580704131680434e-08	0.6890855284366227	3406	0.9995512625110166	False
8	84225589	85955618	-5.847072460213417e-05		8.13350001641728e-05	-8.7265959964645e-05	2.1403739318088153e-08	0.6894049472802652	2684	0.9995512625110166	False
16	31382943	46399472	4.1298344891178215e-05		-3.0700057256744743e-06	0.0001137418089382	1.0689077237645531e-08	0.6895615814152369	897	0.9995512625110166	False
6	6785207	7808935	8.390621285192212e-05	0.851358682078184	1.851278193362485e-05	0.0005246762607969	4.41791156559784e-08	0.6897491767819107	2239	0.9995512625110166	False
6	127540461	129861030	8.465893588017226e-05	0.4268710127902739	0.000165768151523	0.0002372745655847	4.5217769575019994e-08	0.6905388663418247	3033	0.9995512625110166	False
6	24852275	25684586	0.0001131088964093	1.0801839528194712	0.0004739341859829	2.313556187497551e-05	8.072749627855494e-08	0.6905606325446798	1948	0.9995512625110166	False
3	95311971	98215949	-7.394900764005721e-05		0.0001285469380792	-0.0001173852544786	3.4525418492066315e-08	0.6906438293864137	4091	0.9995512625110166	False
16	25986862	27445754	9.875314604349832e-05		0.0001738349615961	-0.0005183192925214	6.191913930461641e-08	0.6914699230128079	3132	0.9995512625110166	False
9	105967976	107581748	-7.078127483510816e-05		1.5856099409069266e-05	-0.0001664538666819	3.2109684292739854e-08	0.6928406950419096	3229	0.9995512625110166	False
9	88590417	90136245	-7.534024516088215e-05		6.172729892770399e-05	-5.4333940328490105e-05	3.7017418756389424e-08	0.6953662616389553	2500	0.9995512625110166	False
18	56530220	57630482	7.743497215466877e-05	0.7461251233321083	6.489484459694507e-05	0.0001659742706542	3.9118026543934113e-08	0.6954164219654163	2383	0.9995512625110166	False
3	72529329	74321816	8.662814991268829e-05	0.8714364501202104	0.0004136502290949	2.3889846907018755e-05	4.9139706581589684e-08	0.6959529208733135	3117	0.9995512625110166	False
13	25784362	27284361	-7.015291131108871e-05		0.0001233627289244	-0.0001765488425133	3.23340309700206e-08	0.6964361518091747	2580	0.9995512625110166	False
6	89973052	91843195	9.209914014088907e-05		0.0003798057542294	-0.0002214071083366	5.5769548766073926e-08	0.6965415914403164	2980	0.9995512625110166	False
7	92493752	93966600	-6.147006030172837e-05	-0.5177737156257564	5.319789881757718e-05	0.0002649432132348	2.4948650323184036e-08	0.6971498925448858	1652	0.9995512625110166	False
9	10023	1079706	8.145321765030271e-05		2.219975383071475e-05	-0.0002182320850155	4.39317826752509e-08	0.6975614509470068	2541	0.9995512625110166	False
5	99260992	101578768	7.06824997643527e-05		9.486494173500444e-05	-0.0001769823204893	3.3340338828222954e-08	0.6986797200046911	3239	0.9995512625110166	False
22	34494914	35530984	-7.284288017531305e-05	-0.6120257984231967	3.313388006635842e-05	0.0004275259339246	3.5521300726487236e-08	0.6991308962554881	2249	0.9995512625110166	False
5	53703044	55417348	7.357849598096083e-05		-2.3356872937428073e-05	0.0002812446899317	3.63475558729924e-08	0.6995453787953754	3047	0.9995512625110166	False
7	25077259	25909554	6.334940910606289e-05		7.669228145289008e-05	-0.0001896926285375	2.7055620854381043e-08	0.7001368538643873	1810	0.9995512625110166	False
7	46986720	49212277	9.361709588407876e-05	0.6862261742178056	0.000183578213635	0.0001013805473872	5.919602666281825e-08	0.7004027841739551	4731	0.9995512625110166	False
15	70133341	71922648	8.788377369625975e-05	0.3466870648975209	0.0003194520017976	0.0002011576270896	5.227378788012706e-08	0.700692932948875	2906	0.9995512625110166	False
5	158825698	159973943	6.975296869856404e-05	0.5014420199686689	7.863400512190048e-05	0.0002460784298194	3.2967062949895517e-08	0.7008530290873334	1958	0.9995512625110166	False
6	61880512	63552887	7.463324628235191e-05	1.004779022459644	3.4249026310559725e-05	0.0001610924982535	3.8036120484008214e-08	0.7019580517758424	3017	0.9995512625110166	False
10	62659679	63341694	3.292402700595276e-05	1.2107614473471773	1.0004424150733656e-05	7.391228604710795e-05	7.4149772011266364e-09	0.7022037670893122	702	0.9995512625110166	False
11	58457495	58780548	1.8159199298729724e-05	1.1056055880592162	1.667920008653469e-05	1.6174010525216398e-05	2.2734458437223023e-09	0.7033142766569627	427	0.9995512625110166	False
13	93586455	96087557	0.0001033330611774	0.4080186021545319	0.0001947784904684	0.0003292893368888	7.36523837004948e-08	0.7033848732321996	5032	0.9995512625110166	False
12	39227169	40816184	6.174120535983477e-05	0.5373246446973018	0.0002490568116163	5.30124972967414e-05	2.6310445610892078e-08	0.7034726222108847	2305	0.9995512625110166	False
1	37549183	38731846	6.519959504297165e-05		0.0002644567974853	-0.0003479977153916	2.9514648642988107e-08	0.7043073206182019	1883	0.9995512625110166	False
11	33958739	35502604	-6.495813881352327e-05		0.0001257339471305	-0.0001386669589275	2.9338629178359823e-08	0.7045099577488989	3301	0.9995512625110166	False
3	181511166	183769682	-7.757254502405218e-05		0.000357118315411	-0.0003579490695301	4.1860254241343735e-08	0.7045790398841256	3266	0.9995512625110166	False
2	164466638	165178839	-3.896975752590967e-05	-3.803859041039223	4.2458034568452504e-05	2.4719898936406715e-06	1.0583852187993897e-08	0.7048390753528413	794	0.9995512625110166	False
18	42922106	44299245	7.131274795717761e-05		0.000331035137102	-7.682347009021123e-05	3.5584595227425134e-08	0.705401912522756	2573	0.9995512625110166	False
9	134127888	135298841	6.200853378119391e-05		0.0001427129255653	-0.0003758022482533	2.7103613533948928e-08	0.7064337942337946	1847	0.9995512625110166	False
2	175588929	177363635	-6.629486259113363e-05	-0.2678600931817907	0.0001727607440919	0.0003545672773344	3.1244856490079585e-08	0.7076223580353489	2509	0.9995512625110166	False
1	57021728	58865398	8.505748909340524e-05		0.0002332320014651	-0.0003414402422508	5.1493906061430873e-08	0.7077867107542024	3291	0.9995512625110166	False
15	34015425	35083250	8.31821356876701e-05		0.0002919425921286	-6.27434521426315e-06	4.9264070405034135e-08	0.7078314620520056	1926	0.9995512625110166	False
4	127830293	128996664	-3.467336579483202e-05		-1.050035841497131e-05	-8.821298477644267e-05	8.612123024822776e-09	0.7086801559386628	959	0.9995512625110166	False
2	48213001	50022256	-8.254115969377476e-05		0.0003649816829672	-0.0001065429717076	4.905056221189456e-08	0.70937864874529	3524	0.9995512625110166	False
3	40221298	41064527	-3.194700853877201e-05	-1.2289556635462116	9.844673397374211e-06	6.864148211112294e-05	7.349138504544221e-09	0.7094020203515046	670	0.9995512625110166	False
5	162743908	163771581	-5.949849924912949e-05		-8.991539904299725e-05	0.0004017148501926	2.5741075581171033e-08	0.7107528304015607	1961	0.9995512625110166	False
7	51675322	53176311	8.166378852082907e-05		0.0001293781120982	-0.0002349883849292	4.8576418340125284e-08	0.7109918212498123	4123	0.9995512625110166	False
7	83801203	85572181	5.850776030511789e-05	0.5897392152182571	7.874678300152547e-05	0.0001249896670346	2.4967864010488493e-08	0.7111786233313446	2602	0.9995512625110166	False
7	972752	1353066	-4.4356376788385486e-05		1.219688746966564e-05	-4.224390320756403e-05	1.4395923285892622e-08	0.7116143723473861	937	0.9995512625110166	False
12	89682122	92066154	6.831799189311992e-05		0.000360887993726	-1.736012768538821e-05	3.4650568272099056e-08	0.7136102893005357	3121	0.9995512625110166	False
2	127373764	128034346	5.578082794601976e-05		0.0002004683418138	-0.0001075580114464	2.3109558981654476e-08	0.7136675106441126	1613	0.9995512625110166	False
13	44901409	46495213	-6.54454191935893e-05		0.0001076930113647	-2.3709346011151175e-05	3.1831819305647434e-08	0.7137561128757467	2190	0.9995512625110166	False
7	25909555	28360308	-8.739429139195684e-05	-0.3698105428263544	0.0001089817521539	0.0005124526796246	5.690803016002606e-08	0.7141038657902833	3868	0.9995512625110166	False
7	19481547	20124907	4.331659233578747e-05		3.5000694510246406e-06	-0.000193346892849	1.4047055793354483e-08	0.7147543808810111	1358	0.9995512625110166	False
3	153256571	154714217	5.899902037758964e-05	5.9680364719879755	2.681029418523333e-07	0.0003645231250144	2.608272008246748e-08	0.7148757455743711	2573	0.9995512625110166	False
16	7529121	8338518	7.726322020501389e-05	0.4741429098856622	0.0002169131907153	0.0001224168289923	4.485635361914894e-08	0.7152569478166146	2583	0.9995512625110166	False
10	12586797	13321599	6.717641530020122e-05	0.1784285748120744	0.0001152633643538	0.0012297406953137	3.4129237085853155e-08	0.7161381803007809	1788	0.9995512625110166	False
9	32019368	33578333	6.861339298061004e-05	0.1705700014632186	0.0004574208831647	0.0003537500399795	3.564919320003595e-08	0.7163066515632487	3128	0.9995512625110166	False
1	175089768	177433380	7.842712147708435e-05		0.0009267154717449	-4.6316377184840336e-05	4.658925207993886e-08	0.716344546099617	3533	0.9995512625110166	False
3	113947863	115447079	-6.13657599030939e-05		0.0001672613772666	-9.974079039249604e-05	2.8526713108485663e-08	0.7163590164261305	1608	0.9995512625110166	False
5	11173271	13464831	7.416444395190908e-05		0.0001951248436864	-6.237752898423298e-05	4.17215559259879e-08	0.7165368995425836	3292	0.9995512625110166	False
15	59694116	61265835	7.694177062224402e-05	0.6798028303653697	0.0001483933412123	8.632647393510584e-05	4.5270273415482563e-08	0.7176340406312742	2554	0.9995512625110166	False
13	51591091	53339621	5.5431849205274776e-05	0.4416474806082012	0.0001430014559375	0.0001101607185247	2.351479302987176e-08	0.717737845785027	1514	0.9995512625110166	False
9	8456299	9166402	6.156201529435617e-05		-2.0582000567056033e-06	0.0004548439331552	2.9083664881627903e-08	0.7181112155681741	1575	0.9995512625110166	False
1	232090252	233429283	7.263244789012206e-05		0.0001631984371118	-7.750292362735478e-05	4.1037426634211944e-08	0.7199373814521204	2507	0.9995512625110166	False
3	77508835	79024540	5.611685929105783e-05		0.0002018628770997	-0.0003783847656167	2.4774054460052474e-08	0.7214444678578162	2057	0.9995512625110166	False
11	122591910	123500116	5.965358987742705e-05	1.5442438173423476	0.0002221147768125	6.718370858639423e-06	2.8066774338809076e-08	0.7217851052487392	1705	0.9995512625110166	False
12	2544786	3677036	-7.014683921727573e-05		-3.5714498672788716e-06	0.000260322956782	3.8919241121717496e-08	0.7221621150412203	2177	0.9995512625110166	False
9	117019801	117921959	5.7692927130690494e-05		0.0002703615418763	-8.202518268387163e-05	2.6366378157346565e-08	0.7223635512061708	1641	0.9995512625110166	False
9	139500342	141144795	6.546479790563101e-05	0.3443957083529817	2.9570521610781176e-05	0.001221915618186	3.434420671712529e-08	0.7239016871722401	1995	0.9995512625110166	False
14	105001723	106340357	-5.5212568624550406e-05		7.383628422204715e-05	-0.0001436351615575	2.460690666534272e-08	0.7248584558775808	1646	0.9995512625110166	False
3	35283458	36486841	-5.194551736405216e-05		0.0001503718555999	-0.0003090330650604	2.1826542807003825e-08	0.7251341760678075	1903	0.9995512625110166	False
21	19480375	20962338	-6.917234322301944e-05	-0.4238574385110583	0.0003244734370533	8.208167452717731e-05	3.9027413728624596e-08	0.7262300788976762	3300	0.9995512625110166	False
4	55429556	56547643	-4.939873948215135e-05		7.549103225757544e-05	-5.844002886915478e-05	1.9951123982345426e-08	0.7265417628361455	2039	0.9995512625110166	False
10	84383745	85458702	-4.716696504748116e-05		5.604592953581361e-05	-6.054251948981534e-05	1.8271847368923977e-08	0.7271367997710637	2519	0.9995512625110166	False
9	1079707	1916876	6.479420428299334e-05	26.771761739365846	9.747417201602536e-06	6.009368888990113e-07	3.4576430791084644e-08	0.7274988769813377	2163	0.9995512625110166	False
4	36020436	37255046	5.659729136052039e-05		0.0001742818255308	-0.0001808537598852	2.645961699940633e-08	0.7278855383055214	2836	0.9995512625110166	False
14	76444767	77229471	5.340003051972577e-05	0.1521076236716983	0.0003625574021478	0.0003399415662634	2.3641260482914636e-08	0.7283651050608886	1527	0.9995512625110166	False
19	29790947	30727953	4.863249574769131e-05		9.79170198759929e-05	-3.0325982790608993e-06	2.0244402965090224e-08	0.7325002175760784	1799	0.9995512625110166	False
7	42001811	43159073	-5.320558717006856e-05		0.0001373459945691	-2.2762017746206783e-05	2.4551776172284452e-08	0.7341883427295908	2068	0.9995512625110166	False
3	2992120	4431646	7.674745651135614e-05		0.0002850640001234	-8.219228121379393e-05	5.112646457699708e-08	0.7342911869954476	3339	0.9995512625110166	False
6	146665424	148920351	9.294411008783748e-05	0.1913873952248459	0.0003471485412032	0.0006793627633104	7.536169462483594e-08	0.7349348180310229	3767	0.9995512625110166	False
4	148521873	150683579	5.765747315111379e-05		0.0003756396507795	-0.0001039665617313	2.9046971506008204e-08	0.7351352581871806	2727	0.9995512625110166	False
19	43862455	44744107	-4.602356809859147e-05		-5.998854124811511e-05	-0.0001111702037682	1.8521332661723557e-08	0.735229747225389	1492	0.9995512625110166	False
5	175450595	177251506	6.073620701353365e-05		0.0001981862550107	-2.361886851749246e-05	3.246290274911714e-08	0.736044303256568	1675	0.9995512625110166	False
16	71054028	72935149	5.670533592806744e-05	0.3302902440793234	0.0003098176031638	9.513717985154596e-05	2.8311259499194938e-08	0.7361084581811692	2142	0.9995512625110166	False
2	67226166	68010175	-5.31852606795464e-05	-0.4132007566963286	0.0001218407557585	0.0001359777290779	2.494547586533774e-08	0.7363125046972878	1747	0.9995512625110166	False
2	121303783	123302905	-6.521327298929474e-05		0.0002579865339746	-0.0001587030505519	3.751113291811079e-08	0.736335587171064	2883	0.9995512625110166	False
10	100668400	102949238	5.733462778891538e-05	0.2099909377108793	0.0002453323397492	0.0003038631868949	2.9208198035424158e-08	0.7372642055523907	3215	0.9995512625110166	False
1	182755356	184595512	6.267133361821123e-05	0.2813988921246415	0.0002440139643508	0.0002032724050056	3.5015795145125654e-08	0.7376878446629294	2761	0.9995512625110166	False
13	98938919	100574094	7.12507173921043e-05	0.6556367789558116	5.793708252244614e-05	0.0002038427382995	4.5321452362019755e-08	0.7378620878176043	3204	0.9995512625110166	False
13	24531937	25784361	7.26882499130814e-05	0.4916270894502005	5.5796939904456856e-05	0.0003917837632326	4.7362808967578286e-08	0.738380127312978	3253	0.9995512625110166	False
15	25108590	27298111	9.664468533625712e-05		0.0007715926152584	-0.0007070983521238	8.418344109082262e-08	0.7390645848981066	4106	0.9995512625110166	False
3	25461558	26877768	-5.212401279867272e-05	-0.344325320810167	0.0001053135577978	0.0002175972884477	2.4503539422419252e-08	0.7391463223672189	2185	0.9995512625110166	False
10	2254500	3352698	-6.590828022755834e-05	-0.3077934952096422	0.0002229766845548	0.0002056371758213	3.9219086357986726e-08	0.7392806732528231	2852	0.9995512625110166	False
16	1207206	2764828	6.719933564178022e-05		0.0001479086904051	-0.0001958333050547	4.1243113757704846e-08	0.7407243446569673	2629	0.9995512625110166	False
3	103084960	104581612	5.727217632909963e-05		-2.6325099144234156e-05	0.0003056269952196	3.0159779517147395e-08	0.7415631640339928	3340	0.9995512625110166	False
8	82693739	84225588	5.225282836856949e-05		4.4129496678152976e-05	-0.0003542484470263	2.574225324301213e-08	0.7446690681983288	3096	0.9995512625110166	False
4	97540703	99424066	-4.848711431811488e-05	-1.0759328577897116	2.8651677381105205e-05	7.088139932294271e-05	2.225105800360171e-08	0.7451427571386284	3052	0.9995512625110166	False
1	25516845	27401866	5.457780445716987e-05	0.6749299147675198	8.520066581206261e-05	7.674883253694627e-05	2.8749193774480903e-08	0.7475384206496754	2041	0.9995512625110166	False
8	95005527	96534805	5.83822846686165e-05		-2.4107020386723747e-05	-0.0001958016267316	3.29812571987062e-08	0.7478502988007082	2792	0.9995512625110166	False
10	128001098	129154361	5.709933912759412e-05	0.1570020787702308	0.0002550435466794	0.0005186053813395	3.157970308479919e-08	0.7479738989578953	2043	0.9995512625110166	False
1	79661198	81354190	6.161876857469849e-05	1.9144907107430564	0.000116051476478	8.926245613090957e-06	3.6836509264411466e-08	0.7481718804947042	2843	0.9995512625110166	False
5	2132442	3361940	8.156652154052252e-05	0.3592908554422394	0.0002514925886322	0.0002049303893018	6.469841351116366e-08	0.7484566818582016	3612	0.9995512625110166	False
8	119685457	121201699	5.116827124923493e-05	0.4724659416892094	7.882647845157341e-05	0.0001487950038634	2.557251147469505e-08	0.7489883961201349	2545	0.9995512625110166	False
16	77523678	78456291	-7.416243627523524e-05		3.935867063901245e-06	-0.0002445718676214	5.3806627334339585e-08	0.7491826630421468	3074	0.9995512625110166	False
13	106247554	106749999	-4.323882126295586e-05	-0.3117649220914985	5.073725762163854e-05	0.0003791108411053	1.8293858914934393e-08	0.7492077321496076	1207	0.9995512625110166	False
2	50022257	50818927	-4.489599129907814e-05	-0.1768539580012889	0.0001784006405291	0.0003612344435772	1.9929221263514816e-08	0.750465340453797	1686	0.9995512625110166	False
1	203334734	204681067	6.077707767570629e-05	0.3405762578599994	0.0003029284857417	0.0001051261539259	3.673778665838113e-08	0.7511748835502162	2221	0.9995512625110166	False
21	31197025	32668641	4.814622456293089e-05	0.3088810205562997	0.000116305479199	0.0002089016413064	2.3157601395902892e-08	0.7517105415341988	2579	0.9995512625110166	False
8	26682525	28162391	-6.466283004419695e-05	-0.2704975165418635	0.0005133864327266	0.000111311097414	4.2364152414064185e-08	0.7533970165358911	3300	0.9995512625110166	False
12	104848696	106436212	6.304288821538496e-05		4.312410114454453e-05	-0.0001827547192714	4.0310656574132576e-08	0.753522951134765	3052	0.9995512625110166	False
4	15927009	17383321	6.201380441488341e-05	0.3136741894987019	0.0001462633911471	0.0002672289732395	3.9290843646754896e-08	0.7543910473197313	2781	0.9995512625110166	False
6	103983395	106056732	7.233276936545903e-05		0.0003086204131901	-0.0003296853724368	5.372099925423653e-08	0.7549813014419434	3593	0.9995512625110166	False
3	8648561	9543182	-5.605272608781988e-05	-0.1653124719580098	0.0001282976020939	0.0008961149002217	3.247013496074163e-08	0.7557492785038141	1780	0.9995512625110166	False
11	4746709	6322868	6.158360827207748e-05		-0.0001317711828971	-0.0002117723183829	3.9364115612964076e-08	0.7562605062062353	4469	0.9995512625110166	False
1	56413117	57021727	-4.0116031455228504e-05		-1.0512765974173468e-05	-0.0001835062201696	1.6754829424081142e-08	0.7566226863620102	1111	0.9995512625110166	False
5	115831047	117346212	-6.133272146209552e-05	-0.2627084941744838	0.000257504641634	0.0002116660373631	3.9369952597257767e-08	0.7572396204389156	2882	0.9995512625110166	False
14	41615502	43137388	5.0332483920983016e-05	0.4011884432176261	9.782551760330195e-05	0.0001608969250737	2.6655781359328794e-08	0.7578653380902349	2492	0.9995512625110166	False
4	9326479	10699151	5.3054190379225165e-05		2.8047939664351727e-06	-0.0001157836282439	2.9680880014923034e-08	0.758119787192006	3122	0.9995512625110166	False
1	158027412	159913047	-6.643215887365324e-05	-1.001300472254819	0.0001270176247228	3.465484041256045e-05	4.6555402358304054e-08	0.7581672543093569	3446	0.9995512625110166	False
7	53176312	54222975	5.2599095355588926e-05		-1.4199824003917022e-05	0.0001216953339057	2.9366388940177287e-08	0.7588893041266542	2460	0.9995512625110166	False
19	46102697	47150081	-5.409453535747344e-05		6.121758041493197e-05	-6.548702978073282e-06	3.1128861242944685e-08	0.7591480538434313	1940	0.9995512625110166	False
22	27834752	29651798	-6.818573369365073e-05	-0.297541594192211	0.0003390089533213	0.0001549103719036	4.9838023763557874e-08	0.7600379158277307	2236	0.9995512625110166	False
1	170557776	173097906	-7.195242152377551e-05	-0.2151870402604712	0.0001799443652852	0.0006213271806574	5.55312428850099e-08	0.7601109531740254	4314	0.9995512625110166	False
4	188472981	189693510	-7.101628141651268e-05		-5.12717454580196e-05	-0.0003955478749773	5.410633960557324e-08	0.7601339035161115	3374	0.9995512625110166	False
12	80448150	81467766	-3.9220778158384565e-05		9.152481117541094e-05	-4.516845938852722e-05	1.6611936380002733e-08	0.7608971438630072	1559	0.9995512625110166	False
12	57548860	59308665	4.793807995140625e-05	1.696487708951148	0.0001636815115385	4.878206817155697e-06	2.4855953707315084e-08	0.7610789114185017	2162	0.9995512625110166	False
9	4884926	6557588	-5.3356183549698344e-05		0.0001838369761704	-0.0001856728821264	3.0815508506305975e-08	0.7611670821509608	2425	0.9995512625110166	False
22	47596318	48903702	-7.997203986751241e-05		0.0006901644420326	-0.0003207094281856	6.931356165144158e-08	0.7613115519429967	3058	0.9995512625110166	False
15	51677560	53069095	5.0697683522835967e-05		0.0002924180082712	-2.2216849214157415e-05	2.8230619339278548e-08	0.7628529071597651	1839	0.9995512625110166	False
12	129237297	130377920	7.325856041831478e-05		0.0001630575536626	-0.0002216286789977	5.95601316882255e-08	0.7640404911359234	2864	0.9995512625110166	False
17	41772087	43056904	4.6008927245853434e-05	0.573545418433379	0.0001101522385143	5.841915319474613e-05	2.3542869990885564e-08	0.7642871758177836	1639	0.9995512625110166	False
6	94118142	94441174	-2.2217702618667997e-05		-4.734943027203969e-06	-8.532957878954588e-05	5.577176918610951e-09	0.7660822097887149	444	0.9995512625110166	False
20	25344231	31614822	-5.7160522326308346e-05		0.0001084651241179	-8.784840454461359e-06	3.699017220049924e-08	0.7663116239991066	3425	0.9995512625110166	False
9	36743283	38641598	6.318719171299992e-05		0.000652486190895	-0.0004684524324305	4.5317787377741626e-08	0.7666031294498814	3227	0.9995512625110166	False
7	156065250	157634596	6.355213408529815e-05		0.000234242970388	-0.000132615456521	4.589468227177777e-08	0.7667313333534094	3026	0.9995512625110166	False
3	58157519	60272905	7.205801503796464e-05		0.0004727484149847	-0.0001707437674874	5.94312855107264e-08	0.7675510115646786	4102	0.9995512625110166	False
11	3665481	4746708	4.330304176459699e-05		-3.0972682671276186e-05	0.0001753015925849	2.15697818359764e-08	0.7681113757008244	2129	0.9995512625110166	False
5	83972689	85767289	-6.066385103266953e-05	-9.154520893346982	9.953155946474411e-07	4.411922794209035e-05	4.234473515320149e-08	0.7681452212227667	4154	0.9995512625110166	False
14	21589402	23018664	6.382586904901799e-05	0.3233147499344171	6.183974466721865e-05	0.0006301947051544	4.707724836747918e-08	0.7686317190377363	3166	0.9995512625110166	False
9	76973081	78900182	6.98262387266462e-05	0.2573957604293602	0.0002798593036902	0.0002629630751333	5.636627409322613e-08	0.7686742670195904	3562	0.9995512625110166	False
7	36213538	37555183	6.032476638176717e-05	0.1744320386181021	0.000160081709342	0.0007471315416224	4.216521545914549e-08	0.7689279519401333	2482	0.9995512625110166	False
2	184357608	185280172	4.0931710319574954e-05	0.1538729516674501	0.000169612594396	0.0004171931001933	1.941734103949701e-08	0.7689555928611853	1898	0.9995512625110166	False
4	3846040	4684115	-5.427085028176951e-05	-0.5682795037570715	6.580706066903462e-05	0.0001385915569178	3.469303752850812e-08	0.7707680334837518	2040	0.9995512625110166	False
12	9031395	10481533	5.414915197335489e-05		-3.3417883354315783e-05	-0.000153293488847	3.473036461123231e-08	0.771387261762714	2724	0.9995512625110166	False
2	222521176	224859418	6.604153236829256e-05		0.0001570238969493	-0.0001198322274219	5.1666545130653806e-08	0.7713998287695486	3833	0.9995512625110166	False
13	22242174	23594701	6.926036980301481e-05		0.0001466103371376	-0.0001951236594411	5.688667616964841e-08	0.7715189826799949	3152	0.9995512625110166	False
7	96073508	97099569	-4.08566645988149e-05		-6.291945216814465e-05	-0.0001654455033445	1.989372860547331e-08	0.772068048124952	1509	0.9995512625110166	False
16	12613098	13154436	4.4722851183805415e-05		-1.204246889982234e-05	8.103615218105116e-05	2.406357002973645e-08	0.7731146625791325	1637	0.9995512625110166	False
7	87825004	90661783	6.931233017945296e-05		0.0002763228683552	-0.0002118825047568	5.823854514302791e-08	0.7739486518993343	5269	0.9995512625110166	False
18	71038474	71971461	5.506192496726692e-05	0.2201219425250276	0.0002309425219673	0.0002709394238857	3.676922807872908e-08	0.7739973103177185	2186	0.9995512625110166	False
2	38132712	39031336	4.462974693121383e-05		0.0001346124105523	-4.86462965115199e-05	2.426435414372295e-08	0.774487398264612	1523	0.9995512625110166	False
5	144943354	147181997	5.728939990153424e-05		0.0003006584163523	-0.0003596904281823	4.000731076807004e-08	0.7745558255205546	3329	0.9995512625110166	False
14	85746319	86647001	3.926752225227055e-05		-1.7932910276396164e-06	-0.0002127537167649	1.8828532079035932e-08	0.7747473325847514	1468	0.9995512625110166	False
7	45952922	46986719	-4.536373988025952e-05		-7.419550570800045e-06	-0.0001530411735219	2.5384076260251646e-08	0.7758535459044485	2207	0.9995512625110166	False
11	39382003	42310002	-5.830699974791825e-05	-0.3350392434310833	0.0001649192480427	0.0001836448209962	4.206453172365404e-08	0.77618760618127	4769	0.9995512625110166	False
4	12323034	14272000	5.655486193595952e-05		0.0001361156875748	-7.292398023839476e-05	4.001024663467645e-08	0.7773776092772622	3711	0.9995512625110166	False
8	46841315	50082469	3.9092928375764926e-05		1.3255119418342542e-05	-7.029470285112969e-05	1.9273291299026073e-08	0.7782564006586	2596	0.9995512625110166	False
8	79132861	81956394	5.825837735513188e-05		0.0001194143260349	-0.0002816016562511	4.28252207560402e-08	0.7783119257627737	3850	0.9995512625110166	False
12	127875098	129237296	6.752039501280085e-05	0.1319951733448813	0.0002241256479183	0.0011675145168794	5.770222352488445e-08	0.7786446946728741	3186	0.9995512625110166	False
18	63463402	64252800	3.533845637783458e-05		9.36631583036942e-06	-4.410057730264566e-05	1.5852388275071557e-08	0.7789614237726182	1510	0.9995512625110166	False
5	113396285	114830369	5.2868965845706374e-05		4.360909315639171e-05	-8.7745021334059e-05	3.555803880326329e-08	0.7791934657316122	2795	0.9995512625110166	False
1	197311514	199239883	5.200162286668348e-05	0.4213304156355792	0.0001917182063603	7.945565530848058e-05	3.4446060015061485e-08	0.7793344659662017	2396	0.9995512625110166	False
10	57662146	58959527	-3.6550426781188434e-05		-4.799390322745136e-05	3.92780448996144e-06	1.707937233857177e-08	0.7797254509229534	2835	0.9995512625110166	False
4	120392684	122657986	5.94209548334074e-05		0.0002499332538672	-7.821564736784216e-06	4.5671612944472443e-08	0.7809771458914471	4541	0.9995512625110166	False
15	27298112	29338501	5.4712598229937126e-05		1.5597041790065213e-05	-0.0004713052103483	3.873461954928118e-08	0.7810158494583094	2530	0.9995512625110166	False
17	7317398	8306424	4.588001634750325e-05		0.0001944760979402	-5.519549749269694e-05	2.7534176903586644e-08	0.7821677857051467	1476	0.9995512625110166	False
6	117672972	118963114	-4.654197661264216e-05	-0.8490397983065597	0.0002369010402194	1.2684302286714216e-05	2.8479280919459253e-08	0.7827084872963987	1890	0.9995512625110166	False
1	118839067	144977493	5.248342413564108e-05		-3.895458998665031e-05	0.0004321724898203	3.6488527930259355e-08	0.7835052573699363	2775	0.9995512625110166	False
14	24905123	26135685	4.877924779199994e-05	0.8859592179507829	2.9412880484934432e-05	0.0001030635689411	3.2156417509306264e-08	0.7856064325596813	2685	0.9995512625110166	False
1	88128631	90066302	-4.990456943434282e-05		9.38686962074995e-05	-0.0002156261883648	3.37183605190638e-08	0.7857961918115223	2423	0.9995512625110166	False
14	19002084	21589401	6.746137441862726e-05		-1.405385244123737e-06	-0.000124773478274	6.202070373802557e-08	0.7864785787403018	2802	0.9995512625110166	False
6	67329215	68849482	6.291988782944183e-05	1.4578202908935618	1.334897758646294e-05	0.0001395468039002	5.3989970493283645e-08	0.7865531402146673	3817	0.9995512625110166	False
12	119754110	122007650	5.4609576673669326e-05		0.0007081169136942	-0.0003398755427962	4.0903662038528735e-08	0.7871487982748608	3584	0.9995512625110166	False
7	76458564	78093858	-5.58042655394151e-05		0.0003229279614136	-3.9921793430247386e-05	4.3483646070845816e-08	0.7889985449172643	3037	0.9995512625110166	False
4	24135529	25609321	5.188828046131907e-05	0.1231371034077917	0.0003354126196729	0.0005293967760742	3.7856365094192524e-08	0.7897111205377472	2554	0.9995512625110166	False
4	94233299	96182187	4.642393126899524e-05	0.2124988150054447	0.0002661872650617	0.0001793013378034	3.038459847300334e-08	0.789987396491652	3066	0.9995512625110166	False
1	226810860	229156247	5.9766867747583177e-05	0.4941670921922941	9.70760866724194e-05	0.0001506819003233	5.080773028696469e-08	0.7908920449633445	4062	0.9995512625110166	False
1	11777841	12779465	4.3214914973929925e-05	0.2403843155545727	0.0001024864776918	0.0003153468542374	2.664294976527359e-08	0.791198984905247	1444	0.9995512625110166	False
10	96221243	97822356	-3.9582040622166467e-05	-0.5697676607280461	0.0001355009991438	3.5617076701089505e-05	2.2806168646067753e-08	0.7932420234513149	2968	0.9995512625110166	False
11	86619301	87430234	3.081753790771295e-05		9.138356904791144e-05	-0.0001919049066227	1.4002889672503336e-08	0.7945329858045276	1944	0.9995512625110166	False
2	218395480	220454550	4.488697784017343e-05		3.730573642775627e-05	-0.0003911850722888	2.984014917842612e-08	0.7949807962779181	2306	0.9995512625110166	False
6	10540317	11790815	5.1071827766560435e-05		0.0002461979042912	-0.0001597165734602	3.885328998460052e-08	0.7955580442929835	2170	0.9995512625110166	False
2	18647423	19692403	3.9551126826295e-05		-1.559894589617073e-05	2.318774889935099e-05	2.3438406304423547e-08	0.7961430644775023	1624	0.9995512625110166	False
14	86647002	87635340	-3.712063560672219e-05		0.0001351135471898	-0.000233080137482	2.0676732938741057e-08	0.7962900823939717	1641	0.9995512625110166	False
14	40341990	41615501	-4.1897834296725715e-05	-0.668599733820971	8.260600012667752e-05	4.75378085500426e-05	2.651934933599003e-08	0.7969607485786642	2911	0.9995512625110166	False
4	82125315	83372592	-3.809725687754319e-05		0.0001197851809352	-0.0003641578057976	2.2092184002785795e-08	0.7977074526917792	1985	0.9995512625110166	False
4	74592390	77130706	4.8474867211947446e-05		0.0001374852197153	-0.0003992291943243	3.6189828061974555e-08	0.79886672414557	4181	0.9995512625110166	False
2	118367466	121303782	-6.563850836669329e-05		0.0003898976135254	-0.0003395949190837	6.640600849973174e-08	0.7989430062706666	4606	0.9995512625110166	False
5	156628700	158825697	5.753622774546422e-05	0.1348961839820564	0.0002934052502565	0.0006200340786343	5.1050988483384585e-08	0.7989954183023694	3948	0.9995512625110166	False
16	85148685	86156598	6.963170083303895e-05	0.1164366302192725	0.0006706919884321	0.0005332263864184	7.48953342736228e-08	0.7991582611021166	2284	0.9995512625110166	False
4	10699152	12323033	-4.8157133433051914e-05	-0.4213670748674691	0.0001456817173031	8.965923067612634e-05	3.60490241984625e-08	0.7997754393136385	3446	0.9995512625110166	False
9	132165470	133223216	4.0552709638327194e-05	0.3688163889327215	0.0001354981586623	8.922487330662263e-05	2.5624994955665162e-08	0.8000126020880836	1755	0.9995512625110166	False
7	16902069	19481546	6.654744399982445e-05		8.608668891183692e-05	-0.0005181890391449	6.90615257906695e-08	0.8000913232497976	3968	0.9995512625110166	False
4	146178187	148521872	4.876749214107738e-05		0.0001171489129863	-0.0002027424995535	3.7246857629296074e-08	0.8005088786533607	3224	0.9995512625110166	False
13	57554217	58410625	2.8158864722909536e-05		1.4833379394306e-05	-3.800476181567132e-05	1.2452295760224201e-08	0.800776328633258	1206	0.9995512625110166	False
18	51062185	51554174	2.5728536790319963e-05		2.6806482293964284e-05	-8.493610740425933e-05	1.0445132121225538e-08	0.8012393971256414	1356	0.9995512625110166	False
2	123302906	124732249	4.266957197883395e-05	0.7241690682947813	2.1446369680701813e-05	0.0001618835962363	2.8984047538765783e-08	0.8020976347461239	2821	0.9995512625110166	False
9	112778024	114831081	6.1318640761454e-05	0.5230476889555882	4.8826269177698567e-05	0.0002814808945846	6.040597842686432e-08	0.8029820352798883	4189	0.9995512625110166	False
4	66600492	68059496	-3.911983136851268e-05	-0.5776783826191948	8.379805096686875e-05	5.472525555858388e-05	2.468118962447219e-08	0.8033543139634802	2565	0.9995512625110166	False
2	237449032	238760980	-5.026144281881621e-05		-3.810759654886517e-05	0.0001639037535734	4.0825956006853625e-08	0.8035525390255471	2733	0.9995512625110166	False
20	12447499	13689863	4.785776924737753e-05	0.1807570169537667	7.492388015710992e-05	0.0009356088283687	3.704482396652909e-08	0.8036314309466168	2440	0.9995512625110166	False
1	46899501	48002575	-3.4815009728604666e-05		6.671134219409674e-05	-3.191194327326195e-05	1.9689162955043168e-08	0.8040454860297302	1562	0.9995512625110166	False
6	37572596	39295676	5.9401650708087927e-05		0.0001449618859303	-7.732336375865927e-05	5.7510234398335374e-08	0.8043665590997995	3430	0.9995512625110166	False
2	177363636	178553182	3.86573744676397e-05		1.468424373157343e-05	-0.0001865714052855	2.46731328032754e-08	0.805601054006644	1938	0.9995512625110166	False
15	30165568	31591820	-3.878562067926032e-05		-3.39380593985009e-06	-1.0166798443314824e-05	2.484713231326186e-08	0.8056394751470801	1420	0.9995512625110166	False
7	121045273	121933629	3.067363079615382e-05		0.0001554650921471	-0.0002161815340505	1.5636232811282555e-08	0.8062234635962156	1366	0.9995512625110166	False
5	82025648	83972688	-4.880404570178039e-05		0.0002518481356984	-0.0001206366008932	3.95917922756792e-08	0.8062435253765255	2473	0.9995512625110166	False
9	117921960	121321536	6.939491455145598e-05	0.1523082142161662	0.0002610883054382	0.0007950990213125	8.02363844514817e-08	0.8064669643461864	6078	0.9995512625110166	False
7	31137289	33555767	5.960533172375608e-05		0.0003678621392584	-1.633256611162958e-05	5.9852222577522e-08	0.8075112202324639	4845	0.9995512625110166	False
7	22507629	23471441	-3.4355804419738664e-05	-0.6791021239349764	2.993401608084717e-05	8.549979596268033e-05	1.999748030972432e-08	0.8080460470020001	1487	0.9995512625110166	False
2	65933444	67226165	4.114955049125164e-05	0.3539097627335741	0.0001141007714385	0.0001184831315473	2.9416517193977784e-08	0.8103909840087573	1924	0.9995512625110166	False
1	16897730	18662898	-5.281809863372876e-05	-0.3236931002451019	0.0001892674088808	0.000140676905197	4.847068343945616e-08	0.8104022377878295	2843	0.9995512625110166	False
17	38877404	39899809	-3.764891380370428e-05		-4.516764164444857e-06	-0.0001017295437002	2.4869308288172293e-08	0.811309155223565	2074	0.9995512625110166	False
6	77414881	78957727	4.831465150326378e-05	0.2524655688885706	0.0002176252856818	0.0001682844675723	4.1083843312602736e-08	0.8115976567399628	3077	0.9995512625110166	False
20	31614823	32813440	2.941186567097554e-05	0.1340628889861198	0.0001471429793739	0.0003271059577257	1.5273231447348038e-08	0.8118895310158039	1167	0.9995512625110166	False
16	52035823	53382571	3.9866476925518515e-05		0.0001832593599955	-0.0002151631054337	2.8246804903866408e-08	0.8124980314519014	2084	0.9995512625110166	False
12	55665837	57548859	3.650596227128997e-05	0.1188896886237978	0.0001819441735799	0.0005182043679259	2.39372958083071e-08	0.813468823255806	1910	0.9995512625110166	False
16	4001196	5118344	4.462699975260006e-05		0.0006950448904084	-0.0005046459605888	3.6112091720184144e-08	0.8143332155821156	1922	0.9995512625110166	False
5	35048970	36433953	-3.953528430416344e-05		0.0001029817014111	-2.430642937842965e-05	2.8476834378935162e-08	0.8147660218802906	2153	0.9995512625110166	False
3	38356116	40221297	-4.2913392352453865e-05		7.287892873663849e-05	-0.0001486932952585	3.391409306274351e-08	0.815741898332605	3188	0.9995512625110166	False
7	2772227	4573427	-6.009686646672806e-05		0.0009250815629736	-0.0001921222750789	6.674014616105151e-08	0.8160518368209049	4453	0.9995512625110166	False
3	46657500	47727211	2.053367529701102e-05		1.1729162398668678e-05	-7.74265261696934e-05	7.7976464699901e-09	0.8161239241535718	841	0.9995512625110166	False
7	57382638	63307358	-3.555331628406669e-05		3.3191891954749604e-05	-3.3391017699536743e-06	2.3384859183763274e-08	0.816153936377804	2601	0.9995512625110166	False
19	40984601	42131572	-3.67589513422586e-05		6.124531767232313e-06	-0.0004085839778913	2.50075410700055e-08	0.8161893211404571	1781	0.9995512625110166	False
8	53302930	54418043	3.2147340938393696e-05		4.006340471581667e-05	-0.0002313102955727	1.9163573444572024e-08	0.816364159590303	2153	0.9995512625110166	False
1	44969183	46899500	-3.7123037490063175e-05		-2.3962485419179315e-05	-1.053281645884224e-05	2.55919708168583e-08	0.8164950020146302	2449	0.9995512625110166	False
18	74813815	75976316	5.205540892508235e-05		8.734913070327269e-05	-0.0001196655659393	5.0523011765593094e-08	0.816855877143501	3260	0.9995512625110166	False
1	102041016	102898744	-3.1451929106922015e-05	-0.1897669039815486	0.0001152812167626	0.0002382841087592	1.848457066987798e-08	0.8170540367911124	1557	0.9995512625110166	False
7	63641125	65689808	3.571993553117482e-05	0.8003548942163117	7.57065779009199e-06	0.0002631010050729	2.3991940255070173e-08	0.8176178620838628	2727	0.9995512625110166	False
13	77410555	78808812	-3.668508687461964e-05	-0.1439661555365492	0.0001006976413527	0.0006448207296854	2.5338590797778704e-08	0.8177332021773068	2026	0.9995512625110166	False
8	59068651	59728099	2.6933079371497647e-05	0.2386248505271604	0.0001194390058066	0.0001066582622192	1.3684517400166698e-08	0.8179091980433043	1277	0.9995512625110166	False
21	23362875	24696230	3.750206310924956e-05		8.923150719514434e-05	-0.0002149717116782	2.6583487144074203e-08	0.8180829836967124	2357	0.9995512625110166	False
1	41975327	43758456	-4.158798828272539e-05		3.6705691716497586e-05	-8.835872626223566e-05	3.273514271990897e-08	0.8182016324301417	2579	0.9995512625110166	False
6	167024733	168042834	4.5732425558672125e-05		3.716061571137637e-05	-0.0001977606233439	3.9869554376195935e-08	0.8188410197890199	2121	0.9995512625110166	False
13	108189877	109121209	4.243120535784228e-05	0.1996316363058328	0.0001739941482261	0.0002596434449963	3.44645405888162e-08	0.8192113690735137	1895	0.9995512625110166	False
3	154714218	156008699	-3.3418976483056636e-05	-0.2907218419830061	5.2679028220342765e-05	0.0002508379318166	2.142869296155625e-08	0.819417359334303	1840	0.9995512625110166	False
16	18643607	20150570	4.1067872086107245e-05	0.2336601964486485	0.0002883509042627	0.0001071306176134	3.245922493062605e-08	0.819687750883455	2230	0.9995512625110166	False
3	87409732	88298372	-2.590395866987078e-05	-1.16648746233305	5.822509241998714e-06	8.469581274662381e-05	1.2982111761947605e-08	0.8201522037085662	1572	0.9995512625110166	False
17	39899810	41772086	-3.499920664764628e-05	-0.5864325961759589	0.0001651742877229	2.156441857972473e-05	2.379353574553523e-08	0.8205038533553961	1997	0.9995512625110166	False
8	93554386	95005526	-3.265231833132982e-05		0.0002039504284815	-1.1828764543148887e-05	2.1129263541880568e-08	0.8222654808929949	1617	0.9995512625110166	False
5	91840542	93809983	3.236613333574642e-05	0.1005335962005362	0.00023835418375	0.0004348469441046	2.08367884267629e-08	0.8225856881575548	1567	0.9995512625110166	False
18	51554175	55213837	6.18629490040813e-05	0.0813760248380272	0.001233521354446	0.0004685129758301	7.626828796398023e-08	0.8227530483001314	4884	0.9995512625110166	False
11	120766806	121175942	-2.0532489981014803e-05		-2.9489205078483853e-05	0.0003349967121043	8.490867541538627e-09	0.8236710424733176	747	0.9995512625110166	False
5	122556905	123798099	3.803650935788775e-05		-2.2910259002374807e-05	1.3366284034674026e-05	2.94399014437189e-08	0.8245606296913153	2085	0.9995512625110166	False
8	42773823	46841314	1.4794279347976706e-05		9.997106016668793e-06	-3.1965496120478165e-05	4.500835871651778e-09	0.8254664973094212	523	0.9995512625110166	False
15	100636847	101552693	4.271425134306495e-05		0.000205978717742	-0.0001981002465566	3.755064337591699e-08	0.8255388892117892	2046	0.9995512625110166	False
14	77229472	78561944	4.638554758743184e-05		0.0001309747461273	-0.0002111767150488	4.4490189008446395e-08	0.8259390459474609	2909	0.9995512625110166	False
2	241560084	242149920	3.0873790265316274e-05		-4.9577726114713105e-05	-0.0001688562397762	1.9853430443741523e-08	0.8265604423762146	1288	0.9995512625110166	False
8	85955619	87411708	-2.264771222040368e-05		-3.9171006958220405e-05	8.828589526049036e-07	1.0707162661751304e-08	0.8267509631750211	1262	0.9995512625110166	False
7	9987499	11299197	4.261936476566014e-05		0.0001066314978514	-0.0003285090975933	3.7965403630824534e-08	0.8268585699511966	3124	0.9995512625110166	False
9	81079055	82590927	-4.131141794261411e-05	-0.0708522937658183	0.0003846896282457	0.0008837346771141	3.6110018111887444e-08	0.827897915038522	2324	0.9995512625110166	False
10	73508512	75422549	2.416999527118007e-05		-5.755762025089922e-06	-9.0034703525322e-05	1.2366110814668282e-08	0.8279354559042819	1990	0.9995512625110166	False
2	31550450	33363776	3.7737092646022494e-05	0.6909155727025373	3.409873015551362e-05	8.748804403190418e-05	3.014561294925455e-08	0.8279368675949799	2266	0.9995512625110166	False
1	216243634	218705512	5.705856566787096e-05		0.0002241630728123	-8.472670270397312e-05	6.98095914600317e-08	0.8290228098077385	4471	0.9995512625110166	False
6	80691170	81929221	-3.961869894328429e-05		8.434873362184655e-05	-6.264142019618502e-05	3.4118358494663347e-08	0.8301653124382994	2765	0.9995512625110166	False
10	132580245	134336328	5.625855364386584e-05		0.000287391010705	-0.0006543043590349	6.92543863642838e-08	0.8307194485321177	4789	0.9995512625110166	False
2	98995201	101822328	4.51486523974416e-05	0.2043452423226071	0.0001079622212029	0.0004521564302621	4.5173638797564266e-08	0.8317767704087417	4098	0.9995512625110166	False
16	79134815	80297373	4.84128960821474e-05	0.2613995542230377	0.0001119476613852	0.0003064061059439	5.2591648510961984e-08	0.8328037641172199	2902	0.9995512625110166	False
4	157485097	158743717	2.983119856401319e-05	1.317387382141607	2.6590741479226144e-05	1.9283415498612938e-05	2.0016174400416133e-08	0.8330018360532787	2027	0.9995512625110166	False
22	16050408	17674294	3.511651048992864e-05		5.070438349726399e-05	-0.0001295624509131	2.8099808484405932e-08	0.8340671051751076	1114	0.9995512625110166	False
2	89154526	95326451	2.3897929475092154e-05		6.799212960762631e-06	-5.723250068598062e-05	1.3039931122926554e-08	0.8342315822637076	400	0.9995512625110166	False
20	5477850	7084072	5.008352257530501e-05		-8.95214774357057e-05	0.0007555347085676	5.7317960825915454e-08	0.8342966919048567	3239	0.9995512625110166	False
12	106958748	109025900	-4.2194207082542015e-05		0.0002817930677557	-6.088317602315312e-06	4.0962330456241346e-08	0.8348556576986272	3533	0.9995512625110166	False
3	42540002	45165152	3.873424582530597e-05		0.0005151455107349	-0.0002044520830513	3.45673196289042e-08	0.834967399556712	3031	0.9995512625110166	False
4	130591885	131283820	2.0255243242522893e-05		2.6876430817982236e-05	-1.459082628316311e-05	9.553245312919673e-09	0.8358267472055134	1111	0.9995512625110166	False
7	54222976	55691583	3.797680100359039e-05		0.0001446296414491	-0.0002893449907944	3.368176339761524e-08	0.8360654532249538	3051	0.9995512625110166	False
1	244109499	245506745	-4.530017585042514e-05	-0.1402872260270875	0.0003458480811964	0.0003014936362528	4.8022134215837635e-08	0.8362297775763864	2578	0.9995512625110166	False
15	32441811	34015424	4.855359868860684e-05	0.1504166292810086	0.0003217133604795	0.0003238784462587	5.5202562034600397e-08	0.836280831047056	2611	0.9995512625110166	False
10	42372579	43894770	-2.8317169900811387e-05		-1.9847545721710197e-05	3.43469558793324e-05	1.8777419371520024e-08	0.836284515292952	2725	0.9995512625110166	False
19	55728080	57521334	5.8869883437906375e-05		0.0007398984763843	-0.0001284436555849	8.140714508825369e-08	0.8365333184281278	3685	0.9995512625110166	False
14	46749130	48573585	4.2131631811169125e-05	0.1367124453326256	0.0002693286774155	0.0003526288648556	4.178559547148592e-08	0.8367065003897735	3496	0.9995512625110166	False
14	65220298	66399554	-3.244114463673933e-05	-0.1725245978382021	0.0001238489954343	0.000285494537264	2.4882491586849243e-08	0.8370567261303389	1908	0.9995512625110166	False
5	180559933	180885155	1.40947724678334e-05		-2.373143398402127e-06	-3.601840863632975e-05	4.700690474641987e-09	0.8371203401215845	253	0.9995512625110166	False
3	94255316	95311970	2.3988791862177868e-05		5.3016291929974066e-05	-6.254974720454876e-05	1.401902015827598e-08	0.8394440050559024	1887	0.9995512625110166	False
19	80840	610728	2.8921974183919975e-05		3.490189680613184e-05	-0.0004602685562732	2.0607089875493257e-08	0.8403277426226855	861	0.9995512625110166	False
12	115036602	115503215	-2.5061016344594023e-05		-1.572313664932902e-05	-0.0001601931129845	1.5554727428994462e-08	0.8407450996196059	913	0.9995512625110166	False
12	113263518	113986708	2.249536108757093e-05	0.2067387624651615	3.512967863269688e-05	0.0003370295154516	1.2602819104035654e-08	0.8411816878272156	1089	0.9995512625110166	False
12	27799773	29651254	3.751215452824173e-05		-3.50845291014831e-05	0.000474216686101	3.534935131418818e-08	0.8418578512663609	3406	0.9995512625110166	False
18	73526987	74813814	4.400242793080076e-05		0.0001262304068197	-0.0001924954378423	4.911930619242657e-08	0.8426216941244489	2707	0.9995512625110166	False
10	123900545	125869345	4.924578602471997e-05		0.0002381905973077	-0.000331350665458	6.166548894978756e-08	0.8428013244712058	3960	0.9995512625110166	False
8	108648177	109248172	-1.8663653870640728e-05		7.701562773834726e-05	-1.747775129119995e-05	8.939462552074978e-09	0.843516728134738	985	0.9995512625110166	False
6	73924	1452361	-4.8998246540905334e-05		0.000290992613896	-0.0002160679633354	6.197980930229351e-08	0.8439732961379427	2638	0.9995512625110166	False
14	80186579	81579713	-3.329681262278049e-05	-1.203264300846398	1.5679840275951444e-06	0.0004883617326663	2.86853406116248e-08	0.8441444169444697	2427	0.9995512625110166	False
15	38530777	40384131	-4.418580884130006e-05		0.0004233282721008	-0.0001382523573199	5.0936879097930686e-08	0.844782957945281	3211	0.9995512625110166	False
2	116772470	118367465	-3.104675516029607e-05		-2.7404536969317e-05	-0.0001369299525	2.5160747139540755e-08	0.8448225411874208	2546	0.9995512625110166	False
11	9087317	10952026	3.384634121322029e-05		-4.471145099030343e-05	-0.0001071490653943	3.005277240523002e-08	0.8452048344515042	3425	0.9995512625110166	False
4	4684116	5502387	3.5184969094495895e-05	0.2118980318567871	0.00024352994096	0.0001132160864318	3.28934661449698e-08	0.846175663592824	1860	0.9995512625110166	False
1	237555628	238567806	3.408464375212978e-05	0.1383776673071723	0.0002437776380218	0.0002488809426693	3.122473527562337e-08	0.8470452338487588	1984	0.9995512625110166	False
7	118351581	121045272	3.031553065806655e-05	0.3253882213351178	0.0001613210866238	5.380660059213839e-05	2.4851579134699624e-08	0.8475041332498643	2702	0.9995512625110166	False
6	9020026	10540316	-4.499292369729532e-05		5.0173748098507555e-05	-0.0002647151083271	5.513463842851116e-08	0.8480429464629013	2957	0.9995512625110166	False
2	144519484	146445569	-3.703998406791223e-05		0.0005560223820457	-0.0002422503189244	3.75529109291609e-08	0.8484168042871941	1679	0.9995512625110166	False
21	37870779	38711703	2.384324188656725e-05		5.4407322866458154e-05	-0.000170860762974	1.5627630227509146e-08	0.8487372255526147	1533	0.9995512625110166	False
6	87069500	88822139	3.898065752761206e-05		7.808553470038343e-05	-0.0002924575483997	4.225304008273502e-08	0.8495945826512561	2948	0.9995512625110166	False
9	129059665	130055509	2.591914446673567e-05		0.000184533890312	-0.0002520408782609	1.876635932927604e-08	0.8499328184261613	1362	0.9995512625110166	False
6	162169564	162931202	-3.2904802158018485e-05	-0.2306002902229168	0.0001861358344943	0.0001093877975237	3.02620308158831e-08	0.8499739218743636	1715	0.9995512625110166	False
22	46470495	47596317	4.2395719429371765e-05		-3.0274387458744286e-05	-0.0002286359216101	5.0769864509742264e-08	0.8507540456428873	2437	0.9995512625110166	False
13	59302271	60854777	3.275325647259902e-05		-4.744256987443022e-06	2.0975613969650736e-05	3.05560289635605e-08	0.8513685223298436	2633	0.9995512625110166	False
5	95963519	97315600	3.035412038729257e-05		4.8923197241577894e-05	-0.0001085855032615	2.6264851424089613e-08	0.8514279924803143	2723	0.9995512625110166	False
5	117346213	118608819	-2.9547200737719236e-05	-0.3792046479734179	4.536748934318378e-05	0.0001338260426389	2.5056350887366345e-08	0.8519251408009023	1993	0.9995512625110166	False
8	70867979	72289453	-2.6154150252703993e-05		1.4766735350221762e-05	-0.0001662846989709	1.9791172969072945e-08	0.8525146363156296	2258	0.9995512625110166	False
10	751339	1523543	-2.614606098607962e-05		-5.442911504325824e-06	0.0002425622606638	1.99989764819736e-08	0.85331900022371	1589	0.9995512625110166	False
4	172558635	174264131	2.739061085756233e-05	0.3336455202276604	3.2768963220039755e-05	0.0002056696167043	2.198974846452141e-08	0.85345610903324	2136	0.9995512625110166	False
16	82747728	83477207	-4.173964136524521e-05		0.0003821324153353	-0.0002267410425821	5.1487636761965806e-08	0.8540535297389599	2437	0.9995512625110166	False
6	35455756	37572595	-4.536790142996368e-05	-0.2782904581054974	0.0002163459946471	0.0001228434177134	6.143214570252988e-08	0.85476503231955	3393	0.9995512625110166	False
10	75422550	78706813	-3.015369784542656e-05	-0.2470770499012028	0.0001228364964013	0.0001212520031474	2.7152186789720577e-08	0.8548022893555538	3348	0.9995512625110166	False
1	219590571	221858230	-3.9942667765159294e-05	-1.2022817613607082	5.5953960518504047e-05	1.9725625612699095e-05	4.8243271310725395e-08	0.8556986737217144	3614	0.9995512625110166	False
5	114830370	115831046	-2.9447513644637133e-05		0.0003515875602776	-0.0001630141998566	2.6943190776620802e-08	0.8576230865521974	2133	0.9995512625110166	False
21	26469122	27271018	2.026278025240492e-05		7.169630317387167e-05	-0.0001398000718436	1.2873320677126363e-08	0.8582607438921277	1180	0.9995512625110166	False
3	144410816	145664618	2.745242171196592e-05		-1.7590644789152446e-05	0.0002181425253114	2.3787677053361743e-08	0.8587279189450624	2571	0.9995512625110166	False
3	131836516	133252172	-3.0398155454933515e-05		0.0002213984207419	-0.0001343393239255	2.9614560962213546e-08	0.8597894069782255	2733	0.9995512625110166	False
12	32165592	33076988	-2.8473589150211577e-05		7.620989180236781e-05	-7.327656797259605e-05	2.6094165313304512e-08	0.8600843468099639	2342	0.9995512625110166	False
18	14440799	19485843	1.9498564948249632e-05	2.432096725143825	2.2052330999719195e-06	2.914668117628601e-05	1.2282658524833152e-08	0.8603436666704259	1217	0.9995512625110166	False
19	47150082	49282226	3.976359217510989e-05	0.0492103472844154	0.0006250605448079	0.0010445669383719	5.1567610855047656e-08	0.8609975862962064	3438	0.9995512625110166	False
9	76203946	76973080	-1.737255370331364e-05	-0.1418105916618184	0.0001007984281208	0.0001488868110828	9.92471048091999e-09	0.8615642859749391	1023	0.9995512625110166	False
20	40585689	41615459	3.0289952051649672e-05		0.0001785044500339	-6.224773788115277e-05	3.024249758122267e-08	0.8617266907265727	1854	0.9995512625110166	False
10	48760450	50840914	-3.116867477998101e-05		4.001129768951428e-05	-0.000579042218421	3.2189997047629756e-08	0.8620829885394399	2765	0.9995512625110166	False
4	174264132	176570715	-3.862060075137475e-05	-0.2483643333252851	0.00027771338699	8.706884387116776e-05	4.971893722135646e-08	0.8624910203013171	3765	0.9995512625110166	False
3	27840910	29142259	-2.7988486154932717e-05		0.0001577297866796	-5.278617716847448e-05	2.6162470416469898e-08	0.8626220135069549	2046	0.9995512625110166	False
10	13321600	15026067	4.220546128187875e-05	0.2204313953810134	0.0001958516908282	0.0001871815664988	5.969211419774542e-08	0.8628504057976883	3722	0.9995512625110166	False
16	78456292	79134814	-3.841211506223461e-05		0.0001042858407456	-0.0001782145588395	4.982930144460944e-08	0.8633760612180457	2148	0.9995512625110166	False
1	166460517	169086323	-4.863769992435452e-05		0.000261126750919	-0.0001550751778966	7.993578330706808e-08	0.8634144976399944	4738	0.9995512625110166	False
7	6573857	7808751	3.481370365079448e-05		0.0001092447604757	-0.0001315837673176	4.1086012984942516e-08	0.8636320598514613	2787	0.9995512625110166	False
17	55357541	57487511	-3.59105463176463e-05		0.000400583249941	-0.0002072431094647	4.396844936808426e-08	0.864020727077831	2668	0.9995512625110166	False
4	56547644	58935007	4.30817038065666e-05		0.0003222269465742	-0.0005115316104329	6.331874103723194e-08	0.8640593862773625	4771	0.9995512625110166	False
4	35151415	36020435	-2.2535364667831065e-05		-4.693943683471251e-05	1.6958991734753472e-05	1.7412147294174206e-08	0.8643963182254121	2217	0.9995512625110166	False
1	69687616	71372469	3.272061066446319e-05	0.2075530021678917	0.0002340150889924	0.0001062040064097	3.694340978409369e-08	0.8648240769234341	2729	0.9995512625110166	False
5	4632110	5973232	3.761849928727367e-05	0.2378535013075533	0.0001569265475944	0.0001593996687754	4.9053081411735376e-08	0.8651272524618896	2953	0.9995512625110166	False
8	113064320	116096494	-3.355167354020919e-05		0.0002999898273108	-9.78027820186348e-05	3.9065331469630816e-08	0.8652040919915504	5048	0.9995512625110166	False
2	108429177	110572431	-3.068793118733058e-05	-0.1047698176954082	0.0001850752586282	0.0004635691024814	3.2776434622809364e-08	0.8653981372416542	2816	0.9995512625110166	False
22	17674295	18296087	-2.9602164467423596e-05		1.6866161307646776e-05	-0.0001810978973526	3.0644206521100584e-08	0.8657162486266069	1294	0.9995512625110166	False
3	123517768	124936641	-3.15793781549503e-05		0.0003729671665003	-0.0001273204456509	3.4891924439448496e-08	0.8657493715595235	2549	0.9995512625110166	False
11	8333274	9087316	1.754141869776592e-05		-2.7435144788602024e-05	0.0001554631322559	1.0867684667652022e-08	0.8663740724175835	1267	0.9995512625110166	False
13	53339622	54682863	2.931719457457829e-05		0.0005342630565733	-0.0002482380690887	3.0702714917379565e-08	0.8671224624107337	2136	0.9995512625110166	False
10	108726686	110317704	-2.9921693936310467e-05	-0.4408173201327253	1.0283288026032708e-05	0.0004480464621095	3.2089486919083283e-08	0.8673433243305384	3332	0.9995512625110166	False
9	4495328	4884925	2.1828714329801048e-05		-4.711977928855636e-05	0.0003810228693651	1.7155395531240516e-08	0.8676386640608933	924	0.9995512625110166	False
7	7808752	9123422	3.833995145197367e-05	0.204450303537449	0.0004876631789146	7.211201524552143e-05	5.30745724635114e-08	0.8678255947742132	3126	0.9995512625110166	False
15	24195127	25108589	3.024851024106193e-05		-2.8702626396813018e-05	1.719452176889707e-05	3.3429869387544675e-08	0.868598832582522	2817	0.9995512625110166	False
11	19569535	21017137	-3.526407835825688e-05	-0.1858888731613527	0.0001387617465757	0.0002593513593039	4.5746722566147256e-08	0.8690430465240528	2934	0.9995512625110166	False
8	75445064	76456541	-2.237952723868569e-05	-0.166886164306223	0.0001177599058224	0.0001527086719289	1.856855164119826e-08	0.8695472868703614	1568	0.9995512625110166	False
8	6142797	7153078	-3.304249805537235e-05		3.1268874670326476e-05	-0.0001740762468845	4.05152470700976e-08	0.8696062950002101	2501	0.9995512625110166	False
8	24674718	25483453	1.9124086032535048e-05		8.221806386252444e-06	-0.0001149038937909	1.3966723760675842e-08	0.8714472448729387	1371	0.9995512625110166	False
10	33707968	35109354	-2.4986517154674384e-05		0.0003064173768176	-0.0002342366132826	2.398597951115755e-08	0.8718300258745978	2134	0.9995512625110166	False
2	68010176	69139563	-2.695389443691206e-05	-0.4337340108143329	5.589110514858056e-05	6.909607733901164e-05	2.8056951976485408e-08	0.8721589620171786	2097	0.9995512625110166	False
21	29125226	31197024	-3.078715008608524e-05		9.656904078946674e-05	-0.0003407411328203	3.6749988704203126e-08	0.8724098113626106	3752	0.9995512625110166	False
1	106087842	108409664	-3.626084978352662e-05		0.0001335338942827	-1.5956788253903696e-05	5.1116419612877826e-08	0.8725795456425279	3639	0.9995512625110166	False
2	167355970	169968235	-3.936403246900184e-05	-0.1007147840841303	0.0003394245737149	0.0004500589777932	6.035075636095827e-08	0.8726957160300184	4109	0.9995512625110166	False
9	33578334	34642242	2.0338772455345416e-05		0.0001337533101714	-0.0001617271908522	1.6176637862069512e-08	0.8729505257849111	1800	0.9995512625110166	False
7	141226557	142656309	-2.2790432330225012e-05		4.136804413275566e-05	-0.0002227652111169	2.0320812245608456e-08	0.8729791146519307	1917	0.9995512625110166	False
8	109248173	110484313	-1.9778509944548088e-05		0.000257696425381	-2.203287210310088e-05	1.5505071226636706e-08	0.8737958529927616	2026	0.9995512625110166	False
9	98922040	101592858	-3.373646456855443e-05		0.0005766668867756	-0.0004626999342756	4.543250027892466e-08	0.8742389791339503	3669	0.9995512625110166	False
9	1916877	3190063	-3.652369411796053e-05	-0.4055251348303963	7.582966461075638e-06	0.0010697313018111	5.3996717833968976e-08	0.8751047780098571	2979	0.9995512625110166	False
13	97519210	98938918	-2.568888124173154e-05	-0.2417936226060561	6.693654670756752e-05	0.0001686309920408	2.7223644101671742e-08	0.8762741744282105	1832	0.9995512625110166	False
3	163253205	165055468	-2.5055527546807836e-05		1.1004934031833069e-05	-0.0001981201500373	2.6091722961548338e-08	0.8767311146249828	3392	0.9995512625110166	False
13	71526791	73934088	-3.677344334017099e-05		0.000293971766879	-0.0003070017691253	5.6979476408321665e-08	0.8775665729629171	3972	0.9995512625110166	False
6	130935454	132765668	3.382224750160408e-05		0.0002662428023356	-0.0001848102372862	4.8535616627937065e-08	0.8779862053971099	2779	0.9995512625110166	False
16	5118345	5891579	3.0104539618325313e-05	0.2231743102719734	0.0003285555759996	5.538175773070256e-05	3.849672133880651e-08	0.8780564489709428	2110	0.9995512625110166	False
1	74326907	76728134	-3.238879062866684e-05	-0.1159220463862501	0.0001991406378337	0.0003920103125056	4.487567347562491e-08	0.878482200840727	3713	0.9995512625110166	False
8	128659111	130381138	2.8727859729697865e-05		-3.470493947277518e-05	6.418118929812695e-05	3.5588925916648376e-08	0.8789652792597424	2978	0.9995512625110166	False
9	7154923	8456298	3.583918153168538e-05		0.0004594713498003	-4.9825182205402125e-05	5.5748407825239886e-08	0.8793529313173633	3395	0.9995512625110166	False
3	146726629	149043236	-3.2151651441375166e-05		0.0002138968164647	-0.0003257979895415	4.5049282652623036e-08	0.8795959725886202	3663	0.9995512625110166	False
10	58959528	60289986	-2.050306623325093e-05		-2.1408314386136057e-06	-0.0001266819902647	1.833163566504789e-08	0.8796347975001982	2937	0.9995512625110166	False
19	3019660	4348966	3.588383132539503e-05		5.859449711883119e-05	-0.0005957517445292	5.6524010816365656e-08	0.8800290847159126	2650	0.9995512625110166	False
14	53997831	55233680	-2.47399629237374e-05		-2.640634586858244e-05	-0.0003374810870178	2.7482850857006473e-08	0.8813688908123172	1640	0.9995512625110166	False
3	194786674	195971407	-2.5637587655116035e-05	-0.1723310094604467	0.0001600666062182	0.000138269602879	2.9600948691073768e-08	0.8815433249064841	1867	0.9995512625110166	False
2	80050403	81620840	2.7294435620406683e-05		0.00011695406211	-0.000137478700472	3.38803533820207e-08	0.8821170628957902	2420	0.9995512625110166	False
6	114220833	116131395	3.120191940334854e-05	0.1185065023775832	0.0001505580564664	0.0004604412885318	4.47008389559413e-08	0.8826753213998855	3142	0.9995512625110166	False
3	172295731	173477284	2.2962981944967013e-05		0.0003001164058528	-3.037791418419463e-05	2.437718319085862e-08	0.8830734460450802	1744	0.9995512625110166	False
8	35317232	37379388	1.8832867466338075e-05		0.0001290613199522	-0.0002290681111309	1.65313044655437e-08	0.8835465889140005	1653	0.9995512625110166	False
21	20962339	22072763	-2.50623482955498e-05	-0.1793424074113382	9.497681462168194e-05	0.0002056174325074	2.9654608027380582e-08	0.8842863100025858	2443	0.9995512625110166	False
18	37684367	39892647	2.87792345787056e-05	0.0690765923253108	0.0002250976895655	0.000771126505465	3.94966436064227e-08	0.884860731268189	3626	0.9995512625110166	False
3	85582231	87409731	2.2999325224969508e-05		9.306719301357876e-05	-2.9420626022339236e-07	2.5283330642449617e-08	0.8849926053295678	3012	0.9995512625110166	False
19	22732896	23467745	-1.319482394316237e-05		-6.616843307320221e-06	-8.813384520419914e-05	8.344292053644809e-09	0.8851474198666391	1573	0.9995512625110166	False
15	94924330	96141595	-3.0508603556986924e-05	-0.3945773744429059	6.353831094316994e-05	9.409025295146825e-05	4.466998012556828e-08	0.8852247111072481	2371	0.9995512625110166	False
10	123231465	123900544	-1.8385540753336387e-05	-0.1316741554121648	0.0001286633638252	0.0001515293747744	1.6290181423243607e-08	0.8854609386704778	1378	0.9995512625110166	False
3	110513770	112815698	2.851244923854148e-05		-2.010399103163625e-05	0.0002100575174194	3.9426446814007465e-08	0.8858199268916822	3579	0.9995512625110166	False
7	135591083	136876561	2.421375197973212e-05	0.0986098164456145	0.000185478270317	0.000325080441773	2.850756957359708e-08	0.8859657188422017	2173	0.9995512625110166	False
4	89238028	90231563	2.078958186510275e-05		-5.682981222687386e-05	-0.0003349529468677	2.1245277225414213e-08	0.8865814508847557	1686	0.9995512625110166	False
5	129519025	132139648	-2.3404089621830077e-05	-1.2107543127826204	3.3587465835917912e-06	0.0001112485138152	2.692656012442482e-08	0.8865848848152604	2521	0.9995512625110166	False
1	51713726	54226261	-2.634196679713548e-05	-0.3210270473170743	6.728158674543512e-05	0.0001000730006683	3.418913671697647e-08	0.8867137731063787	2526	0.9995512625110166	False
20	11249536	12447498	-2.3874023576691765e-05		-6.287553989049834e-05	0.0006864071788487	2.820475199131725e-08	0.8869569715441347	2316	0.9995512625110166	False
14	72889615	76444766	3.661861513767184e-05	0.1598546950879655	0.0004145932578834	0.0001265700068427	6.689230937374177e-08	0.8874086976154993	5290	0.9995512625110166	False
2	81620841	85140679	-3.287061828143038e-05		-5.773285543856096e-06	-0.0004914169822988	5.394488983434923e-08	0.8874553264115772	6049	0.9995512625110166	False
7	33555768	36213537	3.336633519677579e-05		0.0003292794946682	-0.0002709775826023	5.5631421433426966e-08	0.887502755559422	4508	0.9995512625110166	False
12	97108839	99305986	3.363017633080452e-05		0.0002594531355068	-7.230615853430464e-05	5.7897891181798465e-08	0.8888458348879466	3733	0.9995512625110166	False
20	18972203	20959709	-3.175593009439762e-05		0.0004757082536114	-7.850862539171033e-05	5.2267030679551965e-08	0.8895269778560286	3026	0.9995512625110166	False
3	81427310	82643885	-1.670126887819193e-05	-0.1508484992587544	0.0001260074530915	9.727936219341128e-05	1.5015010311865546e-08	0.8915864076536641	1653	0.9995512625110166	False
17	59312755	61545588	-2.4116787637803084e-05	-0.2170487607192077	0.0001135050406083	0.0001087700051213	3.1325796902555255e-08	0.8916157416318211	2167	0.9995512625110166	False
4	126480886	127275476	-1.805484624304674e-05		-6.2133276918167245e-06	-0.0001528435443387	1.7969596854181232e-08	0.8928596100516937	1641	0.9995512625110166	False
15	56901773	58441365	2.526672686597498e-05	0.2855118900483249	0.0001165633409364	6.718736153798074e-05	3.7079522731144095e-08	0.8956056047515994	2373	0.9995512625110166	False
8	3783017	4480475	3.109601449844808e-05		0.0005363050200573	-1.4536025339402856e-05	5.678801149584143e-08	0.8961789630639769	2858	0.9995512625110166	False
10	36572508	37790028	-1.7008831233399695e-05		5.5917589388261016e-05	-0.0001167231442168	1.7924167412369483e-08	0.8989053845365959	1948	0.9995512625110166	False
12	126445505	127875097	-2.6166419020373632e-05	-0.083454388892271	0.0003097252234065	0.0003174049139398	4.342881862838941e-08	0.9000793174803011	3125	0.9995512625110166	False
9	122260297	124871321	2.4652472278384505e-05		0.0004821963169549	-5.903031497182714e-05	3.89296708344659e-08	0.9005668120467476	3133	0.9995512625110166	False
10	5983762	7171483	-3.0229974096188397e-05	-0.1896409365021121	0.0001860377976669	0.0001365872552165	5.911162247421746e-08	0.901048237352018	2772	0.9995512625110166	False
1	115880593	118839066	2.9270095491682483e-05		0.000428184407015	-0.0001623549600214	5.635086230455307e-08	0.9018671174308616	3994	0.9995512625110166	False
9	25330810	26111756	-2.1107977687164303e-05	-0.0563704263682949	0.0002738677638699	0.0005119761116369	2.9712671468184783e-08	0.9025388492443932	1391	0.9995512625110166	False
4	8152235	9326478	-2.479029546463373e-05		-3.929648223835438e-05	-0.000283477296961	4.20770308285363e-08	0.9038070897253968	2064	0.9995512625110166	False
13	35026464	36046366	-1.569730094559382e-05	-0.3710931832530229	2.5209607045576735e-05	7.097704912033163e-05	1.7275497925861093e-08	0.9049355084282836	1170	0.9995512625110166	False
1	151538881	153180828	1.913089993138652e-05		-3.184830039450287e-06	-3.523048942491007e-05	2.5767998452336024e-08	0.9051345610595296	2283	0.9995512625110166	False
2	85140680	88038506	2.4788521048613487e-05		9.665323850325356e-05	-5.761653963351013e-05	4.3499985698357943e-08	0.9053927048899036	3083	0.9995512625110166	False
4	68059497	68854764	1.422264419615116e-05	0.1575327346536325	7.544643256620324e-05	0.0001080389507123	1.4391916042260109e-08	0.9056276672376776	1506	0.9995512625110166	False
8	96534806	99401580	2.9443404753219787e-05	0.3425208219494404	0.0001511580769796	4.8884451324821864e-05	6.182072895995872e-08	0.9057357628348396	4624	0.9995512625110166	False
2	30463711	31550449	2.1243047831120015e-05		1.6926108007204658e-05	-0.000328401596326	3.3385819893001753e-08	0.9074453222297556	2355	0.9995512625110166	False
6	119963278	120512127	1.4101976501535612e-05		8.747959980694946e-06	-4.141898268541063e-05	1.4750683316614041e-08	0.9075644541572836	1050	0.9995512625110166	False
16	57664330	59045404	-2.378444182646851e-05		0.0005949684510708	-0.0003166124192784	4.2348907626457366e-08	0.9079876992067004	2741	0.9995512625110166	False
18	61820252	63463401	-2.03457839219144e-05		0.0001843189054367	-0.0004322667760396	3.1002884949608444e-08	0.9080084695975984	2886	0.9995512625110166	False
2	167160270	167355969	-8.352648377486877e-06		9.06766640805634e-05	-3.249263143790049e-05	5.2322039096654365e-09	0.908069920979544	384	0.9995512625110166	False
5	179401244	180559932	2.4046102222993267e-05	0.1388422965738808	0.0001015784646547	0.0002952868836405	4.360338801421439e-08	0.9083218937955096	2382	0.9995512625110166	False
10	43894771	44730074	1.384814153383028e-05	0.1433954692660966	6.489858125098464e-05	0.000143706669769	1.4519367305913985e-08	0.9085039116505969	1689	0.9995512625110166	False
19	42131573	43862454	1.468674300924991e-05		3.2626274263247816e-05	-0.000201291092411	1.6477442285042695e-08	0.9089093184994824	2108	0.9995512625110166	False
18	75976317	77149990	2.2054499868703087e-05		-6.071781063240092e-05	-0.0002099374929648	3.7172392765622324e-08	0.9089288715005188	2751	0.9995512625110166	False
5	163771582	165642394	-2.298007508638115e-05		3.890395936287713e-05	-8.110997128664641e-05	4.03634688452874e-08	0.9089350832860246	2882	0.9995512625110166	False
7	37555184	38966702	-2.413296008101096e-05	-0.1500931671056035	7.879605145957183e-05	0.0003280914330339	4.45688456307253e-08	0.9089898279198574	3099	0.9995512625110166	False
15	73628714	76398623	2.292599678654211e-05	0.058318840953789	0.0003572697494277	0.0004325560999072	4.0266087412821435e-08	0.9090391369495472	2853	0.9995512625110166	False
4	115666246	117276928	1.6324022312839867e-05		-4.259135728825082e-06	-7.216634671600913e-05	2.0835534507008527e-08	0.909959068254511	2734	0.9995512625110166	False
7	157634597	159128574	2.272768412269904e-05		-5.704877049190228e-05	0.0001130803261343	4.1400555472202705e-08	0.9110614980315244	3074	0.9995512625110166	False
3	178107165	179374585	1.8366967448864363e-05		2.778818900154336e-05	-0.0001183466030157	2.7197965522333824e-08	0.9113227396987786	2129	0.9995512625110166	False
5	110821144	111981561	-1.9067616250246357e-05	-0.2308040699885906	2.4412210975675863e-05	0.0002795752779666	2.9399670971450817e-08	0.9114536135195044	2081	0.9995512625110166	False
12	51776494	53039003	-1.994304721369474e-05		0.0002847096184538	-0.0001456214517887	3.2711793510295316e-08	0.9121988801691155	2481	0.9995512625110166	False
2	106210058	107408266	2.0178467204574675e-05	0.1322179158541193	5.450260294938391e-05	0.0004273448636673	3.3615576220372084e-08	0.9123641251638578	2301	0.9995512625110166	False
14	46081896	46749129	-1.1925507432829164e-05		-2.541450373041674e-05	-2.3209632821946403e-05	1.17546447096961e-08	0.9124135070059944	1221	0.9995512625110166	False
5	40287729	41888709	1.894670676590679e-05		-6.144952938299953e-06	-0.0001217262148624	3.0028150991441316e-08	0.912934744540124	2931	0.9995512625110166	False
14	26135686	28466532	2.357654129204863e-05	0.1167612450334767	8.263558305321603e-05	0.0004933960377945	4.6963847933483754e-08	0.9133672116166472	3584	0.9995512625110166	False
6	139845436	142288478	2.264160367883241e-05		0.0003090067711302	-0.0001068688976705	4.347918946394849e-08	0.9135323272359815	3049	0.9995512625110166	False
1	66939404	68477894	2.2208998236029253e-05	0.4089593308871235	8.075896327769619e-05	3.651799803315491e-05	4.1940752588350566e-08	0.9136424439335254	2936	0.9995512625110166	False
11	93276157	94242259	1.1884861259948428e-05		7.588289944387489e-05	-5.905234228741312e-05	1.2054806608623094e-08	0.9138001343442772	1466	0.9995512625110166	False
2	163503551	164466637	1.2739613617083122e-05		-3.260587060289761e-05	-3.5099764473764454e-05	1.3901505461120488e-08	0.9139559180119952	1222	0.9995512625110166	False
3	45165153	46657499	-1.9868558243636417e-05	-0.0651560621190436	0.0001605099985399	0.0005793232513771	3.4365510319500544e-08	0.9146479041219048	2901	0.9995512625110166	False
6	148920352	150253403	2.0757385337246494e-05		6.974206586744654e-05	-0.000147798544774	3.8182214345841924e-08	0.9154008567648684	2460	0.9995512625110166	False
1	30161881	32438684	-2.634237878379292e-05		0.0007248453604063	-0.0001470921546385	6.231993794791932e-08	0.9159619088924226	4239	0.9995512625110166	False
5	80481471	82025647	-1.898721500482204e-05		0.0001562433342259	-6.143173769532411e-05	3.2379461010069594e-08	0.9159648051975336	2025	0.9995512625110166	False
1	76728135	79661197	-2.5989318279165964e-05	-0.1141742109519042	0.000181121696143	0.000286077209668	6.450343752239954e-08	0.9184946532582337	4647	0.9995512625110166	False
3	75704949	77508834	1.894981352897102e-05	0.1083725525998825	0.0001764988183366	0.0001732325402023	3.430165576903852e-08	0.91850513673296	2760	0.9995512625110166	False
6	150253404	151912702	2.8763992089192843e-05		8.414189091455535e-05	-0.0002574046922341	8.07092056238703e-08	0.9193533772436464	3824	0.9995512625110166	False
11	124495528	126311319	1.9774356597286677e-05		0.000427044392886	-0.0002985528521317	3.8366821352005566e-08	0.9195868063697862	3454	0.9995512625110166	False
8	2573279	3392925	2.3461103013976335e-05		0.0003422538819094	-0.0003865240452856	5.41396606131879e-08	0.9196852467289264	2997	0.9995512625110166	False
18	68621179	69621617	-1.791472687997319e-05		0.0001332875647703	-0.0002473313851295	3.165993398700124e-08	0.9198022832318046	2300	0.9995512625110166	False
8	126410917	128659110	-2.415952946861615e-05		0.000206384895316	-0.0003307780719445	5.7877031916127016e-08	0.920008115133174	4271	0.9995512625110166	False
11	54695473	55082656	-6.043708840009478e-06	-6.079133737592754	1.4878838960050945e-06	6.642852796873379e-07	3.6339224341776493e-09	0.9201401107985788	831	0.9995512625110166	False
4	138541971	139556510	-1.5270728233576155e-05		0.000152000055653	-0.0002424659026217	2.346317921780048e-08	0.9205877565753292	1947	0.9995512625110166	False
11	7436701	8333273	1.7360947385304846e-05		-1.9274221253357648e-05	4.6860525484966584e-05	3.037958112385115e-08	0.9206576709769008	2105	0.9995512625110166	False
16	80297374	81772535	2.534803674181111e-05		-3.810385011372164e-05	-0.0002124916106457	6.477526606162339e-08	0.9206654649108378	3560	0.9995512625110166	False
20	39610856	40585688	-1.26926764658406e-05		0.0001192629076106	-1.443161317537304e-05	1.636581734468415e-08	0.9209662913960432	1275	0.9995512625110166	False
10	57031140	57662145	8.881900312688757e-06		2.292230812441388e-05	-0.0001077590894376	8.126128773505972e-09	0.9215122508396548	1139	0.9995512625110166	False
3	55348860	56433906	-1.4003508643241703e-05		9.956500599874542e-05	-9.705194353039136e-06	2.0629489153731953e-08	0.9223314715279034	1635	0.9995512625110166	False
12	15241484	16310459	1.103322314338704e-05		9.81724202345583e-05	-3.0151546376496943e-05	1.3057904274077713e-08	0.9230814021603284	1012	0.9995512625110166	False
1	247344518	249239465	-1.9208095051510533e-05		0.0001708703238513	-0.0002908795441344	4.114546636876019e-08	0.9245577384866316	3106	0.9995512625110166	False
9	88109333	88590416	-6.8858820730803556e-06		-2.693429187607341e-07	-1.750711935347987e-05	5.32470693806288e-09	0.9248190827746066	404	0.9995512625110166	False
5	107264196	108633933	1.602723709122921e-05		0.0002875076801842	-0.0002876693189274	3.0216784470550376e-08	0.926538527957578	2503	0.9995512625110166	False
2	225840004	228119841	1.918135383615004e-05		0.0001996044375859	-0.0004671845268696	4.38057341941154e-08	0.9269792588039908	3712	0.9995512625110166	False
4	20544557	22319346	-1.7323655962749772e-05	-0.0813143120953633	0.0001976750697229	0.0002296112777645	3.6253446081243215e-08	0.927505324986513	3388	0.9995512625110166	False
7	39862670	42001810	-1.6747772965853437e-05	-0.0731996196781777	0.0002125996697908	0.0002462259915336	3.414731749525082e-08	0.9277854677457066	2768	0.9995512625110166	False
1	27401867	30161880	1.778055025036847e-05	0.0417626956325037	0.0006435404903932	0.0002816679743274	3.9195021562681444e-08	0.9284373721189568	2925	0.9995512625110166	False
4	58935008	60741086	-1.5728076953302023e-05	-0.0981046641116978	0.0002306797926091	0.0001114198034734	3.074692240153152e-08	0.9285285118091348	3819	0.9995512625110166	False
10	130844284	131741326	1.3964460399563538e-05		3.993102919564811e-05	-0.0002604456753243	2.4342395252895637e-08	0.9286813651140716	1796	0.9995512625110166	False
2	10133	1781021	-2.0587395832794146e-05	-0.0413135306890757	0.0004442566653076	0.0005589645348658	5.291960945138057e-08	0.928689456054332	4200	0.9995512625110166	False
16	60054	1207205	1.8167869048003107e-05		0.0002529119193209	-0.0003881207266687	4.1470640326463093e-08	0.9289117400183882	2357	0.9995512625110166	False
5	159973944	161482132	1.6023969702106717e-05	0.080189351854046	6.743164898755922e-05	0.0005921654211999	3.248172616793353e-08	0.929153443582574	2492	0.9995512625110166	False
4	122657987	124286480	1.2449874886825352e-05		2.6038554953928033e-05	-9.920307535110824e-05	2.0401911584943435e-08	0.9305423659539592	2262	0.9995512625110166	False
7	116780178	118351580	-1.184584597125934e-05		0.0001098985077067	-0.0002249824461396	1.89680819119033e-08	0.9314576136844476	1749	0.9995512625110166	False
5	26857604	27984512	-1.2152288197567797e-05	-0.1491728809593545	6.925424843723888e-05	9.582745314180568e-05	2.050299905557184e-08	0.9323654938106666	1850	0.9995512625110166	False
18	64252801	66125816	-1.886511456648529e-05		0.0001961015265409	-0.0004109431166854	5.05433533250988e-08	0.933125884179676	3936	0.9995512625110166	False
13	104066710	104844113	1.2010534796272502e-05		0.0001738279709094	-0.0003039473767229	2.0984687089347568e-08	0.9339224677722526	1509	0.9995512625110166	False
18	10644	912485	1.5841614029288674e-05	0.1272217057137067	7.457193606551834e-05	0.0002079222704602	3.672013585594685e-08	0.9341140380375385	2057	0.9995512625110166	False
2	135158578	137042793	1.1766801430238702e-05		1.3020358326614588e-05	-0.0001162439890741	2.0847883345787372e-08	0.935048826889845	1963	0.9995512625110166	False
11	32276901	33958738	1.1751045250709909e-05		-6.591322821356097e-05	-2.59974791961451e-05	2.099967580032741e-08	0.9353699472433908	2627	0.9995512625110166	False
4	99424067	100678359	1.2381112874087302e-05		1.933514875389188e-05	-0.0001987222972557	2.3330692434967704e-08	0.9353958291311882	2176	0.9995512625110166	False
11	70926292	72286016	1.01156083602916e-05	0.045270385035232	0.0002171171483283	0.0002299648770924	1.5773168156051493e-08	0.935804699382242	1932	0.9995512625110166	False
5	178413464	179401243	1.4267443260702404e-05		0.0003719767650866	-0.0003759595746049	3.1489206784606954e-08	0.9359177657244548	1751	0.9995512625110166	False
2	173138905	175588928	1.9814872473558834e-05		0.0008193389783924	-0.0003571676001957	6.266051309991652e-08	0.9369070240209584	4016	0.9995512625110166	False
7	139933177	140235209	-9.560420648679194e-06	-0.1301260507458523	0.0001098033200959	4.915979143369521e-05	1.4808542835088522e-08	0.937379818354676	724	0.9995512625110166	False
11	12564229	13373123	-1.0494979562608694e-05		-1.2883325293256654e-05	0.0002855620696227	1.828381857532831e-08	0.9381339569996752	1641	0.9995512625110166	False
4	68854765	71049151	-1.4242168791306865e-05		4.052653760704637e-05	-2.469398750280189e-05	3.5033035412643424e-08	0.939346149364336	4605	0.9995512625110166	False
14	89497643	91296859	-1.711611878651394e-05		0.0003577190632404	-0.0006133097564106	5.1957656138034214e-08	0.940143322686242	3195	0.9995512625110166	False
2	52491133	53508451	1.346351302997017e-05		-3.404745575193915e-05	0.0001212865260811	3.246427112253839e-08	0.9404349340386696	2397	0.9995512625110166	False
14	63790015	65220297	-1.0822176652533492e-05		0.0002382386241342	-0.0001270802095159	2.1392843962000532e-08	0.941017348656046	1815	0.9995512625110166	False
15	96141596	98030909	-1.907761272323991e-05		0.0005392229237905	-0.0004186359756373	6.709479413147772e-08	0.9412879585252312	3127	0.9995512625110166	False
15	37456502	38530776	1.2400131838015895e-05		0.0002568136823066	-8.819480164045377e-05	2.8463486785698237e-08	0.9414089290822588	1806	0.9995512625110166	False
10	134336329	134494672	3.401371519829544e-06		2.1166452260556112e-06	-8.434834856152707e-05	2.160113023166548e-09	0.9416597399053804	169	0.9995512625110166	False
7	140235210	141226556	-8.537302015291983e-06	-0.0398243133091336	0.0004502711851805	0.0001020635201814	1.3890653597635864e-08	0.942254293133255	1149	0.9995512625110166	False
12	37856717	39227168	8.728946594345304e-06	0.5458691207116132	7.135422291889456e-06	3.5836611384158246e-05	1.5312250449239156e-08	0.94376297642437	1965	0.9995512625110166	False
5	87389991	88891529	-1.285057613634472e-05		0.0004190628084149	-0.0001097846985236	3.4017283974133113e-08	0.9444528763434266	1248	0.9995512625110166	False
7	149840658	150711504	-1.0588622854969742e-05	-0.1644205300425669	3.466579094045578e-05	0.0001196370672753	2.4069477938908687e-08	0.9455861890349182	1922	0.9995512625110166	False
11	26045753	27020460	-7.721972550539893e-06	-0.1746258166676161	5.646772482865759e-06	0.0003462894949146	1.2953987629505786e-08	0.9459079435335294	1856	0.9995512625110166	False
8	15991660	17387875	1.4441640871837706e-05		0.0007749690335821	-0.0003658887820878	4.562761681218671e-08	0.9460971218584204	2883	0.9995512625110166	False
1	83991748	84844494	9.100436877698818e-06		0.000348251980279	-6.007547747642735e-05	1.8353967145262732e-08	0.946443668900174	1211	0.9995512625110166	False
1	169086324	170557775	1.2499244648790752e-05	0.279201715231745	9.310108318127812e-05	2.15266594069934e-05	3.5046148810723076e-08	0.946766980093811	3103	0.9995512625110166	False
11	128188537	130342574	1.446843917956394e-05	0.0541687735577373	0.0001625450270052	0.0004389061572656	4.98100068222347e-08	0.9483108573581376	3546	0.9995512625110166	False
5	38802410	40287728	-1.1479146310217058e-05	-0.1115773289875545	4.16125955599131e-05	0.000254356274665	3.2369179531690334e-08	0.949126779940811	2619	0.9995512625110166	False
15	86652905	88369942	-1.478235814891452e-05		0.0002031122313573	-0.0002664762198616	5.41719089032293e-08	0.949358703593055	3295	0.9995512625110166	False
1	48002576	48978187	-8.964476101973044e-06		2.722664199685955e-05	-0.0001473096978733	2.031000128213984e-08	0.9498439097174236	1190	0.9995512625110166	False
1	58865399	59890408	9.33423167270462e-06		9.482884043196635e-06	-0.0001903627842022	2.346703242739443e-08	0.9514129113097372	1748	0.9995512625110166	False
13	85610916	88559881	1.4414971324146884e-05		0.0001482230651188	-0.0001086662314611	5.6064045045103065e-08	0.9514551209392412	5510	0.9995512625110166	False
3	100592217	103084959	-1.1760333367899066e-05		4.944921457818277e-05	-0.0003394964453563	3.8206025358566546e-08	0.9520231418459082	4060	0.9995512625110166	False
4	87534648	89238027	-1.081614485041625e-05		0.000245851132168	-0.0001292763449521	3.2511370767952096e-08	0.9521662403288708	2957	0.9995512625110166	False
9	74253040	76203945	-1.0452265763531215e-05	-0.3372433342255374	5.166479103129175e-05	1.8592571554308572e-05	3.049178544116081e-08	0.9522690807368488	2859	0.9995512625110166	False
6	145319810	146665423	-9.314804430836145e-06		-6.768710058940075e-06	-0.0001123103145803	2.4280635174178466e-08	0.95233219131545	1757	0.9995512625110166	False
13	19020013	20686719	-1.0017900304505467e-05		-5.074957950630176e-05	0.0005526128431269	2.8831126954827696e-08	0.9529527698423236	2906	0.9995512625110166	False
8	130381139	131639624	9.81526324314865e-06		0.0003793055546035	-0.0001163911763692	2.7729470028710378e-08	0.952997624092756	2300	0.9995512625110166	False
9	124871322	126971886	1.21248642211564e-05		7.874231864178845e-05	-0.0004771498905658	4.275635951675051e-08	0.9532407254581892	2787	0.9995512625110166	False
10	72220850	73508511	1.2949307912685337e-05	0.108361911716379	9.058907842799778e-05	0.0001576391039307	4.9628251794693633e-08	0.95364702433787	3100	0.9995512625110166	False
16	6893551	7529120	-1.1513036886914374e-05		0.0003775396537666	-7.846774189367587e-05	4.015800998231351e-08	0.9541852833423348	2286	0.9995512625110166	False
18	59020751	60277714	1.052904668743015e-05		0.0003056975336336	-0.0002997038472486	3.5218062750900575e-08	0.955257671613306	2571	0.9995512625110166	False
2	130067170	130658084	6.3549601372371e-06		-4.474825909405784e-05	-0.0001495371476495	1.3177131023949808e-08	0.9558510208006542	1023	0.9995512625110166	False
3	124936642	126214942	9.028582106902291e-06		7.871844371401223e-05	-4.5531375219931895e-05	2.7352992300861627e-08	0.9564647015441652	2822	0.9995512625110166	False
2	69139564	70755197	8.816740263370037e-06		8.538672169113697e-05	-4.819956248453741e-05	2.6430733015337174e-08	0.9567505425529116	2273	0.9995512625110166	False
12	10481534	11754845	7.84801758814803e-06		-3.0271463764630772e-05	-8.412833248976003e-05	2.1187900228557255e-08	0.9570022529039732	2309	0.9995512625110166	False
1	54226262	56413116	1.3481869990674511e-05	0.110853972724645	0.000330861335908	4.470454995748038e-05	6.432506836119908e-08	0.9576068606716802	3797	0.9995512625110166	False
3	116800153	118530250	1.0080370344324528e-05		0.0006006577025817	-8.351570548813529e-06	3.6205367652934587e-08	0.957749976165046	2918	0.9995512625110166	False
10	115328432	116421405	-7.8221103439972e-06	-0.0576884700999898	0.0001016927515651	0.0001807922603432	2.1902829478965205e-08	0.9578486269095208	1950	0.9995512625110166	False
4	10240	694714	4.00113930294363e-06		-8.863530472125835e-07	-1.522916884024956e-06	6.193593834173859e-09	0.9594523852245694	792	0.9995512625110166	False
5	169505664	171074291	-1.053102233860462e-05	-0.0356989662187804	0.0002786038953143	0.0003123507866395	4.4125652565041474e-08	0.9600162858146966	2729	0.9995512625110166	False
18	912486	1942910	8.153285320920041e-06	0.1472857214285487	8.2501450497178e-05	3.714346405818569e-05	2.6539817860192133e-08	0.9600844183485998	1998	0.9995512625110166	False
4	125210862	126480885	8.948100836842817e-06		3.608511170991386e-05	-0.0003727775126548	3.2122308297483087e-08	0.9601812917905288	2356	0.9995512625110166	False
4	127275477	127830292	5.414082383917358e-06		-3.1909284825218744e-05	-0.0001154578778878	1.1851655503534866e-08	0.9603360081247648	1095	0.9995512625110166	False
6	97093511	97842283	-6.432629150246499e-06		7.790624727541994e-05	-6.402666412634169e-05	1.6907681323514665e-08	0.9605443289442708	1177	0.9995512625110166	False
19	610729	2098395	-1.4365139805139234e-05	-0.0099921372004492	0.0009891997092134	0.0020893873295316	8.476950475997663e-08	0.960649167813964	2906	0.9995512625110166	False
6	43756169	45406562	1.1530530207275132e-05		4.5214374607532554e-07	-0.0002364976442977	5.5087219415977625e-08	0.9608177612475152	2663	0.9995512625110166	False
16	46399473	49007925	-6.432512464333915e-06		2.2009882325064623e-05	-1.82453380885427e-06	1.7509054438088582e-08	0.9612279892055672	1485	0.9995512625110166	False
9	65472190	72512710	-9.045787323105908e-06		0.0002896106236473	-9.960138154523997e-05	3.5214620830106303e-08	0.961553504307456	2495	0.9995512625110166	False
20	3828413	5477849	-1.2334569386561204e-05	-0.0821177332448516	0.0003449740538545	6.540149067078827e-05	6.82130443212915e-08	0.9623323157931166	3856	0.9995512625110166	False
5	11940	982251	-6.483151881436817e-06		-4.133436569219078e-05	-0.0002546676471302	1.899533235046549e-08	0.9624817415173726	1562	0.9995512625110166	False
17	57487512	59312754	5.21894477391685e-06		6.0507746008247e-05	-8.136251419341937e-05	1.240863129564367e-08	0.9626318184855536	1135	0.9995512625110166	False
5	23494324	26184850	-1.1283425404759838e-05	-0.1331622915838173	0.0002166939183937	3.313390942923334e-05	5.898338531409408e-08	0.9629438785517432	5126	0.9995512625110166	False
2	235150987	236043549	9.54008473513337e-06	0.0676829840658855	0.0001213401387049	0.0001637347953031	4.370683343311518e-08	0.9636028886704944	2171	0.9995512625110166	False
14	106340358	107289453	4.279121593018635e-06		2.0411606366068004e-06	-0.0001435745391992	9.246052011200956e-09	0.9645045083870868	813	0.9995512625110166	False
4	143443265	146178186	7.097765086842114e-06	0.0195762114476705	0.0003949260609276	0.0003328665500932	2.5850989794625584e-08	0.9647887003856792	3377	0.9995512625110166	False
1	10583	1892606	7.410411084125776e-06		0.000172528006515	-3.845589398444379e-06	2.8431356719327516e-08	0.9649454994453068	1443	0.9995512625110166	False
10	120591353	122407322	8.820277753229035e-06		-4.134882739492358e-05	-0.0003583434481322	4.0330429240286166e-08	0.9649678902130444	3289	0.9995512625110166	False
4	22319347	24135528	-8.204639134707415e-06	-0.0332565268137379	0.000381987281615	0.0001593368704408	3.527944680083384e-08	0.9651582012141836	3036	0.9995512625110166	False
2	178553183	181312738	1.0992873017431303e-05	0.033134999532112	0.0005026174980964	0.0002189832419442	6.454386132692893e-08	0.9654865559690484	4717	0.9995512625110166	False
20	7084073	8117010	6.313069055747755e-06		-7.003904643665908e-05	-9.469642872291955e-05	2.175471820121093e-08	0.9658593896222368	1914	0.9995512625110166	False
2	5708337	6836253	-8.556504571360443e-06		0.0001129909259006	-0.0002676982062427	4.1458934015687473e-08	0.9664803423059116	2522	0.9995512625110166	False
13	112247592	113572487	7.548303604588475e-06	0.0193040708281981	0.0002881790930291	0.0005305648136525	3.2827886135610476e-08	0.9667690812962076	2233	0.9995512625110166	False
10	67549615	69900147	-8.74098837814782e-06	-0.0986371553313273	5.5779372518641065e-05	0.0001407882411945	4.4422876678582155e-08	0.966919445126351	4791	0.9995512625110166	False
6	132765669	134244242	8.260619064998012e-06		2.7913015048547557e-05	-9.180609067426036e-05	4.0447209511046425e-08	0.9672368030107292	2429	0.9995512625110166	False
10	131741327	132580244	6.473702168819345e-06		0.0001444355042793	-0.0004452700009187	2.5008243789144544e-08	0.9673464882546192	2162	0.9995512625110166	False
2	107408267	108429176	5.882590539629523e-06		1.7974631185871908e-05	-0.0001821105128199	2.1126969532465608e-08	0.9677171749174124	1942	0.9995512625110166	False
1	99800604	100826404	4.927910787303106e-06		-3.237489508421267e-05	0.0001512460340496	1.7182789439658193e-08	0.97001156675823	1338	0.9995512625110166	False
11	55082657	58457494	7.643564885507627e-06	0.1236516184944415	3.4620653650697944e-05	0.0001103715240308	4.2289843426849306e-08	0.9703504578567356	7802	0.9995512625110166	False
19	16374416	18409861	9.226034013353502e-06	0.0303794612611265	0.0002464129409146	0.000374288475149	6.242717487485961e-08	0.9705442837637756	3704	0.9995512625110166	False
12	33076989	37856716	5.752813983894169e-06		-9.81554024188848e-06	4.510360982655607e-05	2.46287309639198e-08	0.9707583334534032	3034	0.9995512625110166	False
20	9730921	11249535	8.065006518465665e-06	0.0343477157257266	0.0001372387952982	0.000401732371653	4.8654599748784354e-08	0.9708333818648542	2924	0.9995512625110166	False
10	69900148	70195990	-2.752774182613745e-06		-1.0821130611271736e-05	-4.015634866625753e-05	5.671050169576793e-09	0.9708403576341056	625	0.9995512625110166	False
18	60277715	61820251	-6.205610768295073e-06		7.351529330463847e-05	-0.0002863561243749	2.9542195575214377e-08	0.9711989140329528	2519	0.9995512625110166	False
21	32668642	34376998	-7.84064650613845e-06		0.0002505639242202	-0.0001296733736529	4.8055535361202573e-08	0.9714683007556546	3193	0.9995512625110166	False
6	88822140	89973051	6.383235720988468e-06		-3.0209308373879975e-06	0.0003926028070422	3.333432357504183e-08	0.9721101195810864	1973	0.9995512625110166	False
2	161769733	163503550	5.659641489180842e-06	0.0615782893922668	6.260540600026574e-05	0.0001349306977911	2.7058441447855722e-08	0.9725531875131332	1633	0.9995512625110166	False
10	7171484	8774664	-7.836899922763995e-06	-0.101501471899613	8.324865719360711e-06	0.0007160884756222	5.395676224090569e-08	0.9730859510640608	3668	0.9995512625110166	False
7	103197510	104159524	5.722326887444052e-06	0.0395202775425428	0.0005139466780877	4.0793154602606766e-05	2.94080274578002e-08	0.9733805433038856	2142	0.9995512625110166	False
11	68005825	69516129	-5.363788762737348e-06	-0.0220169702399077	0.000285351618015	0.0002079925991003	2.6706513031239544e-08	0.9738166528564488	2379	0.9995512625110166	False
4	7539692	8152234	-5.7067605918454905e-06		5.061284495607858e-05	-0.0002733597259127	3.086569878574396e-08	0.9740871434283154	1706	0.9995512625110166	False
8	37379389	38938805	-4.931670777884089e-06		0.0008216018207878	-0.0001122093438513	2.406757596022653e-08	0.9746402585230334	1610	0.9995512625110166	False
8	87411709	89085480	4.851196154607909e-06		0.0001158070450732	-0.0002270591277038	2.478630328258922e-08	0.9754181651924057	2722	0.9995512625110166	False
6	75462003	77414880	-6.0353412608741895e-06		-3.9385054188498696e-05	-1.5106759536503403e-05	3.8531709505444445e-08	0.9754718759876853	2495	0.9995512625110166	False
3	22204244	23804864	-5.889337026306758e-06		0.0001302959677308	-0.0002520807830656	3.75672949693048e-08	0.975759884560216	3094	0.9995512625110166	False
3	109522395	110513769	3.725815986120361e-06		-4.864576931915533e-05	-3.776548156864155e-05	1.5245939408488723e-08	0.9759276512286088	1759	0.9995512625110166	False
10	125869346	128001097	6.968673423098763e-06	0.0192684674909288	0.0003276044242897	0.0003992602894985	5.6110808732485886e-08	0.9765304767122688	4190	0.9995512625110166	False
2	205799241	206735703	-4.469047976537237e-06		0.0001160051196546	-0.0002117944978157	2.4271835040910296e-08	0.9771153531446	1375	0.9995512625110166	False
2	95326452	98995200	-4.368700585171638e-06	-0.0154304736211119	0.0002338058049959	0.0003428394256658	2.4329396857329506e-08	0.9776555385081478	2249	0.9995512625110166	False
1	94506191	96150892	-5.719888017200457e-06	-0.0275417924843354	0.0003440312429315	0.0001253697514125	4.1986476322297144e-08	0.9777301919353236	2712	0.9995512625110166	False
5	26184851	26857603	-3.31892009791899e-06		-2.222805712705922e-05	-0.0001755652700779	1.4460637003584661e-08	0.977981485649704	1273	0.9995512625110166	False
11	107844200	108437036	1.7655167593274415e-06		1.2962416182404996e-05	-7.695942150730923e-05	4.105850099429504e-09	0.9780185967654772	611	0.9995512625110166	False
13	23594702	24531936	5.634204854021923e-06	0.0190306608082322	0.0002217172352872	0.0003953284548286	4.2459327096696155e-08	0.9781861647825176	2635	0.9995512625110166	False
9	96671698	98922039	5.2488903621545685e-06		7.13481959649058e-05	-0.0001370654617331	3.9915250110062916e-08	0.9790401496781408	3331	0.9995512625110166	False
4	117276929	118479917	-3.881869684681872e-06	-0.041827606430688	0.0001436702309813	5.994998626875644e-05	2.2773996132900083e-08	0.9794782921408898	2362	0.9995512625110166	False
9	12276489	14836362	7.531003731697911e-06	0.0512862339148026	0.0005012426092867	4.3018585464947675e-05	8.989931848764226e-08	0.9799613222344248	5224	0.9995512625110166	False
21	41389527	43321527	-6.803946379445942e-06	-0.0096365735997279	0.0006197787143772	0.0008043402884675	7.643679221308936e-08	0.9803661313618934	4357	0.9995512625110166	False
12	117087471	118135374	4.094180476049549e-06	0.0075464679959587	0.0003729208297392	0.0007892777405601	2.8650467377777613e-08	0.9807025980787804	1756	0.9995512625110166	False
9	110695062	112778023	5.750550967545581e-06		0.0003785985956076	-7.976487449345497e-06	6.185886674979208e-08	0.9815536754474316	4386	0.9995512625110166	False
9	30387392	31310382	-2.8634193911372847e-06	-0.0324751890253866	2.2556169112642695e-05	0.0003446681920961	1.5773376506593183e-08	0.9818103197699096	1781	0.9995512625110166	False
1	10806984	11777840	3.416759227419911e-06	0.0177888387347115	0.0001621116682844	0.0002275722381453	2.5981951255140672e-08	0.9830883479887635	1371	0.9995512625110166	False
3	143164628	144410815	2.969316302027262e-06		0.0001168810440123	-0.0003249975059796	2.0131163169602624e-08	0.9833033097932282	1834	0.9995512625110166	False
19	5811852	6684884	3.0942166813438994e-06		5.0659602750491e-05	-0.0001047266771348	2.3793397105326622e-08	0.9839958197839695	1474	0.9995512625110166	False
10	22772283	23175131	-1.5177966501397105e-06		3.617044364335353e-05	-1.2589248049704194e-05	6.273897889008632e-09	0.984711729751974	551	0.9995512625110166	False
14	35859593	38667724	4.051249722126277e-06		2.410375912210423e-05	-0.0002676005611663	4.4953591739363074e-08	0.9847552449386912	3606	0.9995512625110166	False
2	3973779	5708336	4.110560124350082e-06		0.0003687230242561	-0.0002054813645337	4.7472079512411316e-08	0.984947931855674	3206	0.9995512625110166	False
9	16659655	18661050	4.443121935576601e-06	0.0389999038015739	0.00020870304909	6.219000596746413e-05	5.5680455127462665e-08	0.9849771876357064	4323	0.9995512625110166	False
14	53474383	53997830	-1.825627988449628e-06	-0.2881250879644902	2.6299507154920338e-05	1.5265632735577091e-06	1.0435326963230227e-08	0.9857414225623315	1006	0.9995512625110166	False
16	74971503	75977953	-2.621612435294867e-06		8.02625114922097e-05	-0.000124392676951	2.1544825555040096e-08	0.9857500293713692	1632	0.9995512625110166	False
6	23936619	24852274	3.2695086029857967e-06		0.0002294143478307	-0.0001093054575495	3.541454510258962e-08	0.986138511649944	1798	0.9995512625110166	False
19	40170619	40984600	-1.58502373422149e-06		2.533062294259828e-05	-0.0002415873145901	1.2541242498411222e-08	0.9887074753088771	1037	0.9995512625110166	False
15	63215222	65104667	-2.5683543854595093e-06		0.0003774501574114	-0.0002990586923972	3.33101157504594e-08	0.9887722533359192	2493	0.9995512625110166	False
6	168042835	169382049	3.697034918751441e-06		-0.0001190713917973	0.0002893897313891	7.109207439650098e-08	0.98893709699473	3682	0.9995512625110166	False
3	74321817	75704948	-1.7273949261528492e-06	-0.023145690351556	9.709714233264842e-06	0.0005736362042298	1.5770701774281254e-08	0.9890253040643026	1559	0.9995512625110166	False
6	69523448	71609509	2.897716735613593e-06		0.0007099698429214	-0.0002045861913524	5.273401976681583e-08	0.989932096911364	3673	0.9995512625110166	False
18	7090485	8498930	2.5457508968956577e-06	0.0580421806372209	1.204550773088283e-05	0.0001597052743883	4.254638405709068e-08	0.9901527806196933	2502	0.9995512625110166	False
2	158533218	159577081	-1.8577349636542223e-06		0.0002314347726148	-0.000225882943567	2.3985564406957205e-08	0.990429416196216	1760	0.9995512625110166	False
20	697600	2469500	3.3527395683877573e-06	0.0088477057127016	0.0008183987466278	0.0001754580693874	8.179008066413593e-08	0.9906463823034	3993	0.9995512625110166	False
1	90066303	91886316	2.1215592505125218e-06		0.0005725923278332	-5.62365144347539e-05	3.9122117876550416e-08	0.9914419322462285	2597	0.9995512625110166	False
17	49898957	50719054	1.2674445104401857e-06		4.988534238799753e-05	-5.738908030359199e-05	1.4716633766629085e-08	0.9916640159667892	1242	0.9995512625110166	False
5	41888710	43983498	1.4550821613240374e-06	0.0307907679050998	1.3695313618077095e-05	0.0001630654716127	2.3628060478957252e-08	0.99244721616612	2544	0.9995512625110166	False
22	19912358	22357324	-2.1719049289419044e-06		0.0007128621947579	-0.0001276853270378	5.8864634329809385e-08	0.9928575395088456	2913	0.9995512625110166	False
2	231843389	233550002	1.6583360029519928e-06	0.008811670113273	0.0001601565182288	0.0002211484910658	4.00160381148338e-08	0.9933855982089816	2510	0.9995512625110166	False
13	70724516	71526790	-1.235018873849193e-06		3.7190738505132645e-05	-0.0002148970649418	2.3744654291743585e-08	0.993605213033874	1718	0.9995512625110166	False
9	137041122	137589363	1.1625679992226676e-06		-2.3735719138296054e-05	-0.0003701964507426	2.1091672507781977e-08	0.9936129799728528	1047	0.9995512625110166	False
16	11520161	12613097	-1.4637314442530384e-06		0.0002918149830546	-0.0003419220593504	3.513922404290329e-08	0.9937698146500212	2121	0.9995512625110166	False
10	116421406	119523933	1.5431229068803908e-06		0.0002436153408898	-0.0001506680756973	3.9063532147550117e-08	0.9937705398429464	4297	0.9995512625110166	False
6	55468270	56105312	1.028042125920718e-06		1.0066528217831205e-05	-0.0001037350758755	1.7775703194381857e-08	0.9938477599307828	1434	0.9995512625110166	False
8	99401581	101620957	9.528386439420934e-07		6.599742058571983e-06	-6.118660518404148e-07	1.623144967363874e-08	0.9940327158247582	1806	0.9995512625110166	False
2	181312739	182266030	-1.043662297013967e-06		4.665787647732823e-05	-0.0002900724402608	1.95363857066858e-08	0.9940423647565138	1752	0.9995512625110166	False
6	19207487	21684064	2.071887992976992e-06		0.0007152737763283	-0.0008475870670033	8.479185916039854e-08	0.9943229124511396	4540	0.9995512625110166	False
3	194059671	194786673	-1.3754717201629157e-06	-0.0063150845021403	8.265189275320081e-05	0.0005739739674051	3.749183041262361e-08	0.9943321316696624	2183	0.9995512625110166	False
13	36046367	37498184	-1.3475756423192162e-06	-0.007389538943323	8.230765962532366e-05	0.0004040465170738	3.642053230359885e-08	0.994366004958733	2718	0.9995512625110166	False
7	71874885	73334601	-8.26561670197956e-07		0.000132433963812	-0.0001041479404229	1.5086807203374668e-08	0.9946307530947314	1187	0.9995512625110166	False
21	47492226	48119751	7.59303503823988e-07		0.0001395837112408	-0.0001352493703387	1.578180966384888e-08	0.9951774757460772	1524	0.9995512625110166	False
4	60741087	62371762	9.395598661964248e-07	0.0138642555148519	7.684349332369133e-05	5.97652454636171e-05	2.8638370782143964e-08	0.9955701590460184	3131	0.9995512625110166	False
5	13464832	14757803	8.434883627743195e-07	0.0090777437640171	0.0001552138278522	5.56252455640603e-05	3.306627772457092e-08	0.9962989500646188	2317	0.9995512625110166	False
1	218705513	219590570	6.10489103582225e-07	0.0095465213858612	1.3412198760897075e-05	0.0003049057069486	2.1781053798658815e-08	0.9966995185525108	1706	0.9995512625110166	False
7	144968289	146427959	-5.001395502809081e-07	-0.0102683812320841	6.3366976837942204e-06	0.0003743824155228	2.4565161033899582e-08	0.9974539277940416	2534	0.9995512625110166	False
10	37790029	42372578	-2.3786465510123027e-07		-1.2306765643634165e-05	-5.00579975215553e-05	1.1703987839640716e-08	0.9982457047213152	2372	0.9995512625110166	False
6	57599465	61880511	2.875163163861114e-07	0.0086180037209205	1.5413450386787144e-05	7.221239814908054e-05	2.1054583581720604e-08	0.9984190106485552	1868	0.9995512625110166	False
13	106750000	108189876	-3.795233150551034e-07		0.0005131180134111	-6.246624802947457e-05	4.34010475986301e-08	0.9985464560231144	2448	0.9995512625110166	False
3	98215950	99373761	-1.9753515265832938e-07		-1.5861821475650717e-05	-0.0001600261677416	1.8512101031927583e-08	0.9988416056106764	2075	0.9995512625110166	False
5	147181998	148662623	-2.35665268736706e-07		-9.330699169085928e-05	7.169405033817896e-05	2.6458782895752753e-08	0.998844019359016	2330	0.9995512625110166	False
12	81467767	83502665	-1.7632653395993062e-07		6.768321174491386e-05	-0.0003921335126448	3.6762269171748693e-08	0.99926623580551	3204	0.9995512625110166	False
1	12779466	14891510	1.2204429918090737e-07	0.0015830910678552	0.0002984407727454	1.991429988901536e-05	4.709018168823336e-08	0.9995512625110166	2644	0.9995512625110166	False
