chr	start	end	rho_PGC_ADHD	var_PGC_ADHD	rho_FG_ADHD	var_FG_ADHD	z_PGC_ADHD	z_FG_ADHD	informative_block	sign_concordant	top5pct_abs_rho_PGC_ADHD	top5pct_abs_rho_FG_ADHD
1	10583	1892606	-1.5557141375369873e-05	1.6761475503929926e-09	3.3508564245201908e-06	3.194796098906821e-09	-0.37999131888555543	0.05928355615296368	False	False	False	False
1	1892607	3582735	-8.655342197881201e-05	6.525134343718883e-09	-5.3167398317399185e-06	1.5659780147984996e-08	-1.071493433842842	-0.042486658785625464	False	True	False	False
1	3582736	4380810	6.0329580707520066e-05	5.329857936301869e-09	0.0001047262795745	1.393666709056378e-08	0.8263660951734738	0.8871074211452772	False	True	False	False
1	4380811	5913892	-7.649463820005995e-06	1.877528574647877e-08	8.949731825580057e-06	5.4981589966387956e-08	-0.055826155016231754	0.03816817323866277	False	False	False	False
1	5913893	7247334	-1.1591530158407915e-05	7.509794767078743e-09	2.4304777804234292e-05	1.828186163475025e-08	-0.13376014634530772	0.17975519322506142	False	False	False	False
1	7247335	9365198	-0.0002593295997071	1.471654895635136e-08	-0.0003875054605074	3.8052733107748184e-08	-2.1377115312961923	-1.9864832121804925	True	True	True	True
1	9365199	10806983	2.74975204801532e-05	6.446032480630453e-09	-2.4203276698065775e-05	1.5179121033978232e-08	0.3424895220259764	-0.19644946654750237	False	False	False	False
1	10806984	11777840	8.168494699009009e-05	4.772988897916356e-09	8.041050080122902e-05	1.264266152999142e-08	1.1823520792669935	0.7151440198761883	False	True	False	False
1	11777841	12779465	-0.0001037620057191	5.787783028000227e-09	5.702948188949283e-05	1.4990167027960545e-08	-1.3638990820646768	0.4657964668982244	False	False	False	False
1	12779466	14891510	0.0002282310503384	1.4001327188739472e-08	-0.0001554849266348	3.1012990427301174e-08	1.9288130097522531	-0.8829100706832149	False	False	False	False
1	14891511	16897729	-4.996169684764938e-05	1.5269098098494894e-08	-9.678547965058936e-05	3.5069445674928076e-08	-0.40432489946780403	-0.5168276689484074	False	True	False	False
1	16897730	18662898	-5.401468308453925e-05	1.1416758417065091e-08	5.060649515473677e-05	2.9646794752080274e-08	-0.5055224261646436	0.29391204675582927	False	False	False	False
1	18662899	20469148	2.246843560536691e-07	1.658472615020027e-08	-0.0001117647972572	4.643477434674986e-08	0.0017446916507766234	-0.5186607275786772	False	False	False	False
1	20469149	21736587	-0.0001275262623286	9.966461907251388e-09	-0.0002447215618844	2.0908933189224107e-08	-1.2774065112461146	-1.6924127883536955	False	True	False	False
1	21736588	23086882	3.0000818214328523e-05	1.1929501497687792e-08	6.016822378901513e-05	3.3563356162753035e-08	0.27467678242439886	0.32842370808731264	False	True	False	False
1	23086883	23920589	1.1223717531406254e-05	3.975481345263899e-09	4.681604756162677e-05	9.488844327550425e-09	0.17800896221212928	0.4806047787780183	False	True	False	False
1	23920590	25516844	8.613801647545199e-05	1.0599316341219129e-08	4.6724217942969656e-05	2.9127040765992543e-08	0.836673357665136	0.27377504510793593	False	True	False	False
1	25516845	27401866	-3.225952756092626e-05	7.183485783943022e-09	-6.0329848197923286e-05	2.438525213108659e-08	-0.38061893046685513	-0.38633904984191414	False	True	False	False
1	27401867	30161880	-3.108746911021932e-05	1.0473644790320783e-08	2.756498076545156e-05	2.3182811973870323e-08	-0.3037641002257973	0.18104004018495617	False	False	False	False
1	30161881	32438684	0.0003505300290497	1.9809072820099548e-08	-9.453017981862867e-05	3.9996658014798964e-08	2.490537897434431	-0.4726706452343644	True	False	True	False
1	32438685	34799757	-8.145698164292373e-05	9.321605626940492e-09	-0.0002107438945597	2.2727944832946057e-08	-0.8436900957772715	-1.3978961806313215	False	True	False	False
1	34799758	37549182	0.0004636075984594	1.1440371549885029e-08	4.799216002219172e-06	2.9665099222421362e-08	4.334414900958096	0.027864252334614238	True	True	True	False
1	37549183	38731846	0.0001544673715499	8.28161844870699e-09	-6.630248499468057e-06	2.0103888121421177e-08	1.6973802619884202	-0.04676164457022811	False	False	False	False
1	38731847	40200566	8.973703463873998e-05	9.521619876449492e-09	-5.481660095967303e-05	2.2734716958761523e-08	0.9196367001073853	-0.36355266006296344	False	False	False	False
1	40200567	41975326	0.000134984512961	1.2285251519223932e-08	7.239618926334897e-05	2.6627421234758757e-08	1.2178447204373117	0.44366089643832196	False	True	False	False
1	41975327	43758456	3.890638589330403e-05	8.791354921567257e-09	-7.413358803345159e-06	2.0177568431799346e-08	0.41494733839845843	-0.05218919593556181	False	False	False	False
1	43758457	44969182	0.0009108777516942	2.34478111843913e-08	8.043397483331464e-05	1.8108891468326034e-08	5.948520195607432	0.5977142335837135	True	True	True	False
1	44969183	46899500	1.0593470607807462e-05	8.327700463440424e-09	-2.643899115932263e-05	1.3629777895848434e-08	0.1160848963825056	-0.22646468637636946	False	False	False	False
1	46899501	48002575	-3.476585020583568e-06	5.336207387817607e-09	-6.527094907212553e-05	1.1795849920820811e-08	-0.04759227931071935	-0.6009734809880968	False	True	False	False
1	48002576	48978187	3.819138261134257e-05	5.157319433171379e-09	-2.3986470365544457e-05	1.3664723581794871e-08	0.5318061621871342	-0.20519459660563832	False	False	False	False
1	48978188	49894176	5.647401461104586e-05	3.080401678166496e-09	2.987599531238493e-05	6.7571733678704095e-09	1.0175247605609872	0.3634459650993001	False	True	False	False
1	49894177	51713725	0.0001204049678352	4.348057247154574e-09	8.585748552694119e-05	7.825928551515773e-09	1.8259832076402933	0.9705328194274306	False	True	False	False
1	51713726	54226261	-2.7265116144338048e-05	9.261392569423044e-09	1.1409839450348149e-05	2.0836135160844693e-08	-0.28331476299101743	0.07904437146685363	False	False	False	False
1	54226262	56413116	0.0001472177422109	1.6525297491644336e-08	-8.3879402608783e-05	4.408171977994041e-08	1.1452109969213724	-0.39950853692327015	False	False	False	False
1	56413117	57021727	-1.1291180353756626e-05	4.3077662134668175e-09	4.0244341404548354e-08	1.1395450098606924e-08	-0.17203360160141826	0.00037699803169345594	False	False	False	False
1	57021728	58865398	0.0001657251331602	1.3308061599947349e-08	0.0002258031080531	3.454747307044088e-08	1.4365838354826028	1.2148475214369856	False	True	False	False
1	58865399	59890408	2.0764752760367243e-05	6.339302111356884e-09	4.238463297249306e-06	1.4788985376891434e-08	0.26079907083279025	0.03485292542272046	False	True	False	False
1	59890409	61922364	-8.435450104395494e-05	1.3583121643427382e-08	-2.8726783529759865e-05	3.0800156227892733e-08	-0.7237831459808728	-0.16368562541056353	False	True	False	False
1	61922365	63455088	2.955326386305024e-05	1.0310660857814371e-08	0.0002620176224992	2.4379601166585456e-08	0.2910463788938153	1.6780975499609658	False	True	False	False
1	63455089	65041703	3.249988483373216e-05	1.1526135407929273e-08	-9.602593447999282e-05	2.8142301247519493e-08	0.302719197455799	-0.5724120114792504	False	False	False	False
1	65041704	66939403	0.0001550977615163	1.0636057504190304e-08	-4.491266308752967e-05	2.62541365260607e-08	1.503886952444119	-0.27718513597885214	False	False	False	False
1	66939404	68477894	-8.607734934506799e-06	1.1119430470344176e-08	-3.1150307362310264e-05	2.8552814691786665e-08	-0.08162958961772866	-0.18434776338101322	False	True	False	False
1	68477895	69687615	4.099277599606505e-05	6.782815065242812e-09	6.394112106263404e-05	1.6474720524241202e-08	0.4977397683249459	0.49816271355317104	False	True	False	False
1	69687616	71372469	5.326017856603932e-05	1.003729947135264e-08	0.0001794979543119	2.3858975455699005e-08	0.5316112674837054	1.1620735283314048	False	True	False	False
1	71372470	71684404	-2.1190281315913207e-05	1.736293898345023e-09	7.404217515306652e-08	4.0883404209869975e-09	-0.5085399813569678	0.0011579922244929475	False	False	False	False
1	71684405	74326906	0.0005135790343554	1.8459576471217913e-08	0.0001832423787187	2.4312194701081298e-08	3.780040214054866	1.1752055622286282	True	True	True	False
1	74326907	76728134	-1.8852052171722036e-06	1.216440745942594e-08	-0.0002506734543633	2.8753354007896216e-08	-0.01709279773650815	-1.4783051508268004	False	True	False	False
1	76728135	79661197	0.0001766250724084	1.7102754930638804e-08	0.0001628306872827	4.273664619537311e-08	1.3505768975321237	0.7876550054714461	False	True	False	False
1	79661198	81354190	-6.92926552479748e-05	9.968425473444622e-09	-5.959641339512033e-06	2.37956346714736e-08	-0.6940230912576428	-0.0386341603196301	False	True	False	False
1	81354191	83991747	0.0001332387585716	1.7270189073476663e-08	0.0001401129375526	4.2261594715261906e-08	1.0138694369382204	0.6815618890896142	False	True	False	False
1	83991748	84844494	0.0002331362172351	1.2363857811166677e-08	-2.9218724860418457e-05	1.2131353584870691e-08	2.0966828583299195	-0.265281294662646	True	False	False	False
1	84844495	86454750	3.066868504017589e-05	1.0928053370253896e-08	2.994407686091415e-06	2.7108750892668063e-08	0.29337543852267234	0.018186795166574708	False	True	False	False
1	86454751	88128630	-7.664252313154083e-05	1.0455891269673887e-08	4.720910508095668e-05	2.3571697792599232e-08	-0.7495304214884883	0.30748953206262847	False	False	False	False
1	88128631	90066302	-6.927197246968159e-05	8.925610457055835e-09	-8.108168515307528e-05	2.125883829149088e-08	-0.7332272376463077	-0.5561001369381814	False	True	False	False
1	90066303	91886316	0.000155043051093	1.1454009561774956e-08	2.25758850607062e-05	2.636626373395832e-08	1.448683573139103	0.13903383090564758	False	True	False	False
1	91886317	93536458	-5.5168511323937304e-05	8.738350395873941e-09	-5.404492223309651e-05	1.9578243908711325e-08	-0.5901691956023734	-0.38624958774933094	False	True	False	False
1	93536459	94506190	-1.719241536628001e-05	4.464712432129621e-09	-5.811237657188611e-05	8.068289693078468e-09	-0.25730021510632806	-0.6469606927832567	False	True	False	False
1	94506191	96150892	3.8463467606057974e-05	1.2463548898472909e-08	-3.632207347048895e-05	2.9104564083871632e-08	0.34453042015524843	-0.2129070698910383	False	False	False	False
1	96150893	97885248	-1.8567579742704593e-06	1.3132206716489544e-08	2.6520569570261957e-05	2.0843659583296026e-08	-0.016202664618267477	0.18369437642811942	False	False	False	False
1	97885249	99800603	-0.0001770399132337	1.036362354148782e-08	-0.0002829439909822	2.515267082125523e-08	-1.7390632339718295	-1.7840557497860359	False	True	False	True
1	99800604	100826404	1.144016674202396e-06	4.7346035940105854e-09	-0.0001343319727838	1.0485051443086954e-08	0.01662610591047713	-1.311879996465034	False	False	False	False
1	100826405	102041015	0.0001756007949993	7.523254439601274e-09	6.010218878783737e-05	1.7904364206254332e-08	2.0245271381125445	0.44917009767766514	True	True	False	False
1	102041016	102898744	-4.260385876464298e-05	4.954048709287742e-09	0.000141153453118	1.1401066922132243e-08	-0.6052973883960016	1.3219613549507756	False	False	False	False
1	102898745	103914210	-2.5974056510431906e-05	5.838972576688941e-09	-0.0001301211089364	1.3130480219969938e-08	-0.3399159654002664	-1.1355531096862992	False	True	False	False
1	103914211	106087841	-1.936227383558679e-05	1.1787123157038457e-08	6.21121373528873e-05	2.4067007525715785e-08	-0.1783415132306369	0.4003735946045123	False	False	False	False
1	106087842	108409664	5.555407463780981e-05	1.3251449547698404e-08	-0.0002775153599687	3.27270633783133e-08	0.48259656263293116	-1.53402877738635	False	False	False	True
1	108409665	110303930	9.1074265349288e-05	1.0306443733611378e-08	-0.0001088689678852	2.456896855839289e-08	0.897100829760226	-0.6945613992410332	False	False	False	False
1	110303931	111741736	-3.4664873445191114e-06	9.657138090012677e-09	-0.0002213972810965	2.485506832195819e-08	-0.035274868077851275	-1.4043158659135433	False	True	False	False
1	111741737	113273305	3.081171000743751e-05	1.1536009249875432e-08	4.759821238134369e-05	2.8218736774305763e-08	0.2868718961044637	0.28334911352038494	False	True	False	False
1	113273306	114873844	-7.600232032148823e-06	8.825240398451687e-09	2.601392541610341e-05	2.100490591933641e-08	-0.0809028049540213	0.17949217510311535	False	False	False	False
1	114873845	115880592	-4.850816396443048e-05	9.74675031712663e-09	-2.5313828164931685e-05	1.2490063211286128e-08	-0.4913431620776428	-0.22650380890888688	False	True	False	False
1	115880593	118839066	-3.918526286894487e-05	1.5166629175507603e-08	3.6961808178323615e-05	3.5250522726644163e-08	-0.3181839216986639	0.19686586893765126	False	False	False	False
1	118839067	144977493	-0.0001111918016502	9.692629696709412e-09	-0.0001558415631055	2.3069582006824822e-08	-1.1294108528818694	-1.0260379699097224	False	True	False	False
1	144977494	148361252	-6.136211431847197e-05	6.806170331305652e-09	-1.248569651059695e-05	1.5500119924733216e-08	-0.7437875569737238	-0.10028713975718027	False	True	False	False
1	148361253	151538880	4.4400309142611055e-05	5.98031339994429e-09	-4.015781075229657e-06	1.069758809743912e-08	0.5741482190186671	-0.038826397178387276	False	False	False	False
1	151538881	153180828	-2.0145819069909283e-05	7.503898454524106e-09	-3.6710638586090744e-05	1.4614662079256637e-08	-0.23256344657883035	-0.30366696586517405	False	True	False	False
1	153180829	154770402	0.0002012656727622	8.752352425803012e-09	0.000250742785231	1.7225825234313982e-08	2.151331374423109	1.9104621034046	True	True	False	False
1	154770403	156336132	-4.974666824053868e-05	5.0012898484564365e-09	-5.4939038348274064e-05	1.096597071137041e-08	-0.7034334026883686	-0.5246353045857716	False	True	False	False
1	156336133	158027411	3.6850099247777925e-05	1.0192191116897632e-08	0.0001110136182274	2.5768053793827506e-08	0.3650101006662969	0.691568890026856	False	True	False	False
1	158027412	159913047	6.252938720130054e-06	1.3084008614611606e-08	0.0001865520213736	2.8339876561380444e-08	0.054665555017906965	1.1081562035993575	False	True	False	False
1	159913048	162346720	-0.0001802363048462	1.5079444683393006e-08	-0.0002678881371104	3.7221915526748095e-08	-1.4677415906486724	-1.3885263398735537	False	True	False	False
1	162346721	165191701	-0.0001949259007077	1.9066841763447538e-08	-0.0001266279252403	5.0263793973841664e-08	-1.4116601935017217	-0.5648093244223191	False	True	False	False
1	165191702	166460516	1.9764602531799823e-05	9.44515154408664e-09	1.5121494066105928e-07	2.5652708976343397e-08	0.20336846931397132	0.0009441219316370276	False	True	False	False
1	166460517	169086323	6.47295423394349e-05	1.9866411610432828e-08	-0.0001167573055608	5.3087590750053915e-08	0.4592432923204885	-0.5067427639689525	False	False	False	False
1	169086324	170557775	-9.919483851874166e-05	1.0332393180755344e-08	-6.399026714222424e-05	2.1010663402814132e-08	-0.9758624623718413	-0.44146272589320196	False	True	False	False
1	170557776	173097906	2.173480073539437e-05	1.4960683693999613e-08	-0.0002720196903133	3.656093500226376e-08	0.17769693724767963	-1.4226291228629808	False	False	False	True
1	173097907	175089767	-0.0001332145581779	8.405740471845154e-09	-6.015562619298214e-05	1.3895012348066208e-08	-1.4529935962209262	-0.5103249285488414	False	True	False	False
1	175089768	177433380	0.0001523125081549	1.2487749405991445e-08	9.12770622295474e-05	2.9158430863100153e-08	1.3629925506897604	0.53453922448782	False	True	False	False
1	177433381	178944308	-0.0001081224189454	1.2011208784642525e-08	-4.2616966147407086e-05	1.9240201250164272e-08	-0.9865574834184557	-0.30723997730561636	False	True	False	False
1	178954470	181144120	-0.0001408391259042	1.3983468253852713e-08	-0.0003115343683657	2.9423016591087953e-08	-1.1910112688989984	-1.8161945433385522	False	True	False	True
1	181144121	182755355	-2.7764633134867268e-05	9.88026375559274e-09	-0.0001577636557523	2.437450856092113e-08	-0.27932362538479566	-1.0105063040912152	False	True	False	False
1	182755356	184595512	3.428726763230254e-05	1.010979906740501e-08	-0.0001442383346568	2.1617430297438477e-08	0.3410056818956957	-0.9810218170635366	False	False	False	False
1	184595513	186810022	-5.444045491723667e-05	8.530923971812159e-09	-0.0001169662128259	1.812616691836707e-08	-0.5894184280513781	-0.8687752516747829	False	True	False	False
1	186810023	188759944	8.565591636705599e-05	1.4845082234744294e-08	0.0001495099772968	3.2112202528922135e-08	0.7030173799740841	0.8343247527665911	False	True	False	False
1	188759945	189904129	8.389917045790576e-06	4.2371795780789754e-09	-7.522913246061301e-06	6.723379576611196e-09	0.1288900023464996	-0.09174707731259532	False	False	False	False
1	189904130	191868929	0.0002542304521845	1.113756596581672e-08	0.0001351938449944	2.331073214078875e-08	2.408975733785781	0.8854804208715535	True	True	True	False
1	191868930	194107441	9.065445982668242e-05	1.0504939459366954e-08	0.000208065944936	2.2788397110019124e-08	0.8844889213226003	1.3783011348016672	False	True	False	False
1	194107442	196176200	-7.546664213288635e-05	1.3263808550377057e-08	-0.0001832041689048	2.8445783220160042e-08	-0.6552709339982793	-1.0862415324300851	False	True	False	False
1	196176201	197311513	6.8690493508873495e-06	3.783064606198681e-09	-0.0001315477214877	8.000244102315445e-09	0.11167983342884553	-1.4707257998563728	False	False	False	False
1	197311514	199239883	0.0001173477538354	9.264959690287493e-09	-1.8680810855492153e-05	2.2688745043914258e-08	1.2191384093455677	-0.12401964553467072	False	False	False	False
1	199239884	200137648	-2.255470706949967e-05	6.722883355675586e-09	-8.031235146049176e-05	1.5706391676830154e-08	-0.2750802453113005	-0.6408319113308723	False	True	False	False
1	200137649	201589974	-3.70242838320147e-05	1.1518151965674976e-08	9.89798225411146e-05	3.038735912441688e-08	-0.34498106975804727	0.5678062800549724	False	False	False	False
1	201589975	203334733	3.4262952772584907e-05	1.0970681079652984e-08	0.0001005055421726	2.9514984032983504e-08	0.32712067412390056	0.5850173340276348	False	True	False	False
1	203334734	204681067	-9.714355629532332e-06	8.92920202759227e-09	-2.753366530741464e-05	2.2930975628910923e-08	-0.10280344628188588	-0.18182465096051298	False	True	False	False
1	204681068	206073264	0.0001390497243002	1.1025547469589287e-08	2.7620548460884295e-06	2.595426423570524e-08	1.3242502097652384	0.017144622902516116	False	True	False	False
1	206073265	208410363	-4.39519763485462e-05	1.1066656895301845e-08	-2.2219191249475815e-05	2.8506552411354733e-08	-0.4178016835082912	-0.1316000028590972	False	True	False	False
1	208410364	210787749	7.700298108132605e-05	1.634356806638287e-08	0.0002005021967741	4.285454637320473e-08	0.6023294538724016	0.9685469639358356	False	True	False	False
1	210787750	212842329	7.195041585416287e-05	1.4169305030832548e-08	-2.6019359641367664e-05	3.7731620838842034e-08	0.6044481233242972	-0.13395035631605187	False	False	False	False
1	212842330	214578265	-7.78005265101241e-05	1.014574986230677e-08	4.9339129436234046e-05	2.4948360523386193e-08	-0.7723967907402233	0.3123708336720374	False	False	False	False
1	214578266	216243633	2.2894060309718765e-05	9.658756856332882e-09	-0.0002182406991592	2.3956668020541413e-08	0.23294972697394906	-1.4100111175149956	False	False	False	False
1	216243634	218705512	3.305455725722429e-07	1.7937818157332724e-08	0.0003111528635687	4.6989711795415305e-08	0.0024680078454219615	1.4353982470278417	False	True	False	True
1	218705513	219590570	2.038924588215165e-05	5.990963017697211e-09	-1.9390274649732863e-05	1.4181715359965613e-08	0.26342248592696627	-0.1628244344501371	False	False	False	False
1	219590571	221858230	-2.101460002854929e-05	1.2957601148954117e-08	6.590135723919803e-05	3.1433525326308113e-08	-0.18461153128899474	0.37170449554258694	False	False	False	False
1	221858231	222230219	-7.146804946569003e-06	2.7872114625896153e-09	-6.185721095324252e-05	8.148879362910851e-09	-0.1353714153525448	-0.6852379232315413	False	True	False	False
1	222230220	224938519	2.7245055160879314e-05	1.5192418952673486e-08	-1.8556518300996983e-05	3.948056279297245e-08	0.22104170784406188	-0.09339095723246509	False	False	False	False
1	224938520	226810859	5.346969191132837e-05	1.074833954737308e-08	-9.775263321425446e-05	2.5323886590706142e-08	0.5157473354459153	-0.6142756286883937	False	False	False	False
1	226810860	229156247	-7.568939016913878e-06	1.5217728683805166e-08	-2.3350232821919792e-05	3.0428553182493646e-08	-0.061356430749242866	-0.1338599207997659	False	True	False	False
1	229156248	230685254	4.138593204412414e-05	9.642683143759531e-09	7.630195229166057e-05	2.5899763699312943e-08	0.42145750536625354	0.4741194252469048	False	True	False	False
1	230685255	232090251	8.122591644742699e-06	1.1477397374496644e-08	-4.377633527571536e-05	2.8141465816586523e-08	0.07581810246900621	-0.2609552535061418	False	False	False	False
1	232090252	233429283	3.441848230188856e-05	1.0531946316971401e-08	8.826700707102276e-05	2.7350315940011073e-08	0.33538018319971624	0.5337246083076911	False	True	False	False
1	233429284	234599433	8.390760681817489e-05	1.0991727702192217e-08	-3.914811411975128e-05	3.049124463996229e-08	0.8003286315408512	-0.22419363029678058	False	False	False	False
1	234599434	235819435	-1.74453200063124e-05	8.038106832213151e-09	4.0111251240547886e-05	1.831114566237015e-08	-0.19458172685149697	0.29642064707524984	False	False	False	False
1	235819436	237555627	-5.638739697618374e-05	1.2469405006802713e-08	-3.416870209285757e-05	2.8777875923377517e-08	-0.5049625624997313	-0.20141838732620956	False	True	False	False
1	237555628	238567806	4.508666077294727e-05	7.943331275068328e-09	3.0879943439453534e-05	2.0753822277849532e-08	0.5058790962847372	0.21435195531839307	False	True	False	False
1	238567807	239925313	-0.0002792511846997	1.158618472990864e-08	-4.707816509480333e-05	2.5863452061969135e-08	-2.5943275043473206	-0.29273609968969455	True	True	True	False
1	239925314	240564090	2.015910960454376e-05	6.694884504962556e-09	-4.6723406519194995e-05	1.7680142193012133e-08	0.24637679503987187	-0.3513917995532955	False	False	False	False
1	240564091	241582219	-2.317346201704371e-05	9.424218183242713e-09	0.000140411264721	2.845489475973264e-08	-0.23870870369960143	0.8323834933524962	False	False	False	False
1	241582220	242071601	3.18643959876155e-05	3.8467823641763245e-09	0.0001035446745932	1.0588002072906707e-08	0.5137559709715145	1.0062844433641247	False	True	False	False
1	242071602	244109498	0.0004578668775488	1.5313754533751696e-08	0.0001979059703201	3.6084688898570616e-08	3.699971567486394	1.0418313296197268	True	True	True	False
1	244109499	245506745	-5.069552219623986e-05	1.021242995451485e-08	9.298923604293375e-06	2.6486575815179053e-08	-0.5016548963955786	0.05713730756155088	False	False	False	False
1	245506746	247344517	-0.0001744339957533	1.6178344954685943e-08	-0.0004301735434079	3.8496103220584524e-08	-1.3713998059269497	-2.1924783409960042	True	True	False	True
1	247344518	249239465	-7.686755951965272e-05	1.1119702530265269e-08	8.860986036063731e-05	2.4285963508189548e-08	-0.7289479318638675	0.5685967632098476	False	False	False	False
2	10133	1781021	0.0001976990996723	1.4936642974682693e-08	0.0001132579201587	3.472443524135392e-08	1.617626270681897	0.6077864120062456	False	True	False	False
2	1781022	3973778	-0.0001391982186075	2.0282109300185483e-08	-2.2670900697268767e-05	5.765179785937351e-08	-0.9774107651564433	-0.09441964147920473	False	True	False	False
2	3973779	5708336	-1.4516678066698945e-05	1.1623206148762642e-08	-0.0001057113417176	2.988546894514207e-08	-0.13464935439232942	-0.6114930812817502	False	True	False	False
2	5708337	6836253	0.0001378522861825	1.3299196459442154e-08	-7.109345307029584e-05	3.0845915907454745e-08	1.1953670272465915	-0.40479093074171574	False	False	False	False
2	6836254	8422146	0.0001550543491061	9.400615473776225e-09	-1.5604157738192254e-05	2.5848840228261943e-08	1.5992111458641334	-0.09705542166025843	False	False	False	False
2	8422147	10298468	8.299503536674319e-05	1.2879557551653195e-08	2.035164021957686e-05	3.44849181456154e-08	0.7313102193380724	0.10959350501802166	False	True	False	False
2	10298469	12419149	0.0001095871618835	2.039931746774328e-08	0.0001598016319032	5.1767306356936244e-08	0.7672764369221717	0.7023497403811881	False	True	False	False
2	12419150	14335307	2.2131335909989926e-05	1.1566088788316244e-08	-3.991147732028856e-05	2.5532447019696305e-08	0.20578530982396442	-0.24977650460282516	False	False	False	False
2	14335308	16329734	0.0001858389116544	1.3019648541706682e-08	0.000120577310984	2.9478370835919448e-08	1.6286847239285631	0.7022857485430989	False	True	False	False
2	16329735	18647422	7.967296786366509e-05	1.3858805815013189e-08	5.953497293141641e-05	3.500114868327159e-08	0.6767808949496369	0.3182225941435813	False	True	False	False
2	18647423	19692403	-1.987980349896184e-05	6.251311202378015e-09	4.051061743156894e-06	1.6788134771751512e-08	-0.25143546073444784	0.031265662743301365	False	False	False	False
2	19692404	21050489	1.7705448926493257e-05	1.1245422933623496e-08	-2.1040589567199953e-05	3.088328999436231e-08	0.16696254117068451	-0.11972810949249184	False	False	False	False
2	21050490	23341382	0.0002337878634191	1.3975474460706734e-08	-3.940895534142341e-05	2.4814957002488193e-08	1.9776010387338259	-0.25017168814602986	True	False	True	False
2	23341383	24686917	-6.80179649511805e-05	7.66141484766685e-09	-1.773070081611113e-05	1.6680432410133654e-08	-0.7770861068889247	-0.1372847348633651	False	True	False	False
2	24686918	26894984	-9.372826804959354e-05	9.977413044730228e-09	9.460311163879404e-05	2.3332320346812346e-08	-0.9383429951293205	0.6193361869334454	False	False	False	False
2	26894985	28598776	0.0002369799797599	7.104116017709495e-09	7.337987254926398e-05	1.2862777458816791e-08	2.8116200741374247	0.6470078876390679	True	True	True	False
2	28598777	29217558	0.0002105964005722	4.010184350920285e-09	2.9423949830661503e-05	9.586409503320509e-09	3.3255905329496187	0.30051972515738623	True	True	False	False
2	29217559	30463710	0.0001297118216008	1.0610755278490225e-08	0.0003189586985528	3.0388228677544295e-08	1.259233906823981	1.8297078766311945	False	True	False	True
2	30463711	31550449	-8.635259430733709e-06	8.714768580020256e-09	1.7579149492586084e-05	2.2371176117544872e-08	-0.09250121989892257	0.11753127594563532	False	False	False	False
2	31550450	33363776	3.1690287660747026e-05	8.663999016175175e-09	-5.4976883897751775e-06	2.004482167846705e-08	0.3404606972725159	-0.03883103995404723	False	False	False	False
2	33363777	35345027	0.000125422405532	1.628157169864124e-08	0.0001520788650325	4.270473987478451e-08	0.9829398965842653	0.7359203668026536	False	True	False	False
2	35345028	36122005	-1.74486858702508e-05	6.6010760199725605e-09	1.515795189938371e-05	1.5222678364100137e-08	-0.2147609700554377	0.12285560894826442	False	False	False	False
2	36122006	38132711	-0.0001460837156245	1.6498894022158577e-08	-6.408234151380855e-05	4.6419258494537794e-08	-1.1372983003285835	-0.29743308300814514	False	True	False	False
2	38132712	39031336	-6.018606032680914e-05	6.422766011597264e-09	9.479372571575772e-05	1.7756194713383026e-08	-0.7509912308296615	0.7113849014977034	False	False	False	False
2	39031337	40281482	1.2786528892005711e-05	4.928887486340876e-09	-0.0001255437185604	1.1641855442471413e-08	0.18212862634535917	-1.1635468827631894	False	False	False	False
2	40281483	43309589	-6.002196363247317e-05	2.277921065308756e-08	-4.693396953428498e-05	5.243115052071312e-08	-0.39768651413601064	-0.2049710817864981	False	True	False	False
2	43309590	44313802	2.2952818749730272e-05	6.829154959561868e-09	9.729506356692628e-05	1.6405784175796618e-08	0.2777490252977615	0.75961286101631	False	True	False	False
2	44313803	46482633	0.0001790158263285	2.1246721513682177e-08	0.0002846046231309	5.9197311718998505e-08	1.2281331802356168	1.169744355064604	False	True	False	True
2	46482634	47318771	-5.2899756469136825e-05	7.512463180648173e-09	-6.949661237609691e-05	2.1483384571618303e-08	-0.6103268756409947	-0.47414621055360956	False	True	False	False
2	47318772	48213000	4.857152002435694e-05	7.133859095534524e-09	-6.343177234564115e-05	1.947849168997831e-08	0.5750683038725677	-0.4544950776100889	False	False	False	False
2	48213001	50022256	3.586220257175846e-05	1.3593576071809542e-08	0.0001936009448443	3.4413043191900485e-08	0.3075885029928846	1.043628505193964	False	True	False	False
2	50022257	50818927	8.903388960759199e-05	5.611958358579366e-09	-5.264889811502691e-05	1.3465305769875313e-08	1.18849710122731	-0.45371295125216343	False	False	False	False
2	50818928	52491132	-4.966762534248335e-05	1.095964943178226e-08	-0.0003786043122186	2.7687583031862943e-08	-0.47443319192507893	-2.2753228758393975	True	True	False	True
2	52491133	53508451	-4.509766336898921e-05	8.758361038327732e-09	5.055723120444978e-06	2.2538225992021448e-08	-0.48188412422495397	0.033676226117351084	False	False	False	False
2	53508452	54685225	-5.9748707435184934e-05	8.24544029769457e-09	-7.925425443035314e-05	2.098932719373606e-08	-0.6579934777227743	-0.547045343922823	False	True	False	False
2	54685226	56203344	8.338539028783536e-05	1.038311578420464e-08	4.126470419178026e-05	2.619866586488499e-08	0.8183255618658474	0.2549406849003285	False	True	False	False
2	56203345	57429099	8.758267462554189e-05	7.879214653296044e-09	-7.512157524363993e-05	1.8560373176775947e-08	0.9866809370952279	-0.5514058054161886	False	False	False	False
2	57429100	58297314	-2.063638612345882e-06	6.055794396466767e-09	-2.4265762565814648e-05	1.3564270707513153e-08	-0.02651844684752981	-0.20835106251080543	False	True	False	False
2	58297315	60291999	3.298265643908737e-05	1.1616913070458829e-08	-6.355301337096246e-06	3.2663594338464264e-08	0.30601327108702975	-0.03516447686173473	False	False	False	False
2	60292000	62429043	-0.0001018690099298	1.0860017468903928e-08	2.5750852180806877e-05	2.43291626426266e-08	-0.977522636913082	0.16509275883260566	False	False	False	False
2	62429044	64625912	7.255330894959446e-05	1.0332660864889134e-08	-0.0001146552303528	2.4515143627356432e-08	0.7137582424228736	-0.7322791187192998	False	False	False	False
2	64625913	65933443	-6.641480353655791e-05	7.921789417418919e-09	-2.0884439842826076e-05	2.09124595780703e-08	-0.7461965650559793	-0.14441765006418125	False	True	False	False
2	65933444	67226165	-5.273340894873359e-06	7.552890687487742e-09	-0.0001410165289575	2.0876155125691064e-08	-0.06067771916370774	-0.9759886403536626	False	True	False	False
2	67226166	68010175	-1.413327963640684e-05	6.690020549367849e-09	-5.458599699697333e-05	1.7763966891578875e-08	-0.17279422589426408	-0.4095540919627158	False	True	False	False
2	68010176	69139563	-0.0001082211969431	7.694060159840641e-09	1.6724424301840778e-05	1.9191539426213423e-08	-1.2337709609660068	0.12072473781246541	False	False	False	False
2	69139564	70755197	2.2522098993812807e-05	7.632504125874706e-09	3.405184360093093e-05	1.7477586804419732e-08	0.2577955041571737	0.25757273894139754	False	True	False	False
2	70755198	73174847	-2.4504006872956614e-06	1.4164580711858202e-08	-0.0001292402280408	3.343861820228197e-08	-0.02058899953962802	-0.7067625912289286	False	True	False	False
2	73174848	75630085	7.606840631189322e-05	1.0824939810563444e-08	-2.084781573335203e-05	2.6253753186772957e-08	0.7311248957485905	-0.12866631434958345	False	False	False	False
2	75630086	76913660	-0.0001711123702827	9.344179470784002e-09	-2.0574210935299285e-06	2.4149988922472137e-08	-1.7701530660954898	-0.013239290758304831	False	True	False	False
2	76913661	78079263	3.276760683615456e-05	8.707575456761176e-09	5.1810181550616006e-05	2.2883954902221485e-08	0.35115277176158166	0.3424913225042244	False	True	False	False
2	78079264	80050402	1.2173299086236351e-05	1.4351516530684662e-08	-5.162126406927273e-05	3.5521164399606835e-08	0.10161536806176735	-0.27389558904971867	False	False	False	False
2	80050403	81620840	5.259391142277992e-05	9.218527841309275e-09	0.0001300889806602	2.3387868811202e-08	0.5477781245627518	0.8506387959617556	False	True	False	False
2	81620841	85140679	4.550488636530885e-06	1.7728989612968372e-08	6.335015182194812e-05	3.173702332567491e-08	0.034175591615478784	0.3556023026431275	False	True	False	False
2	85140680	88038506	-3.5103764274922477e-06	1.1114835842378032e-08	-0.000201383009962	2.8103215113882044e-08	-0.03329677436481872	-1.2012815968112829	False	True	False	False
2	88038507	89154525	-1.0770938026869282e-05	4.030502043845121e-09	-2.4105343096688427e-05	1.1172282213650516e-08	-0.16965784810438722	-0.22805645464343438	False	True	False	False
2	95326452	98995200	-5.992742677325562e-05	6.611414021306631e-09	-4.3068646685526216e-05	1.4491825295067852e-08	-0.7370186075590148	-0.35776650678752986	False	True	False	False
2	98995201	101822328	0.0001486722151455	1.3434607388781844e-08	3.048196729873059e-05	2.9528675028042113e-08	1.2826770451793532	0.1773866829462305	False	True	False	False
2	101822329	102688764	2.4089532007961484e-05	4.749303318927707e-09	-3.9144871534562784e-05	1.2273254302231209e-08	0.3495533023397322	-0.35334179071242355	False	False	False	False
2	102688765	103588214	9.122106339930244e-05	5.767280504980666e-09	0.0001690342023012	1.3512900914417245e-08	1.201184150943911	1.4541201491530489	False	True	False	False
2	103588215	105125033	3.977448467608974e-05	1.1656449490013637e-08	-0.0002441782742654	1.2171917375285162e-08	0.36840152433681467	-2.2132349627639107	True	False	False	False
2	105125034	106210057	3.464680806547949e-05	7.227343278580476e-09	-0.0001441254638092	1.9083099594712372e-08	0.40754342289121753	-1.0433169412589218	False	False	False	False
2	106210058	107408266	-3.0146561157885268e-05	8.991165414403748e-09	-0.0001173446430669	2.4739774711308367e-08	-0.3179287372831489	-0.7460456424309554	False	True	False	False
2	107408267	108429176	-1.0514001453358768e-05	6.162897206082929e-09	4.298376594875678e-05	1.3650429542569725e-08	-0.13392929129791392	0.3679012843359188	False	False	False	False
2	108429177	110572431	1.2970166803041468e-05	9.316424355477856e-09	7.8429528808262e-05	2.1108667788429663e-08	0.13437575900822968	0.5398202765748717	False	True	False	False
2	110572432	113921855	5.2654677238605835e-06	1.1637084037707328e-08	-0.0001029743589088	2.9475984752009344e-08	0.04881068131061196	-0.5997840815072814	False	False	False	False
2	113921856	116772469	-4.940003777906247e-05	1.3508026495370724e-08	-5.060757495507731e-05	3.3339502937873214e-08	-0.4250414937252709	-0.2771634551883822	False	True	False	False
2	116772470	118367465	1.4035999746521433e-07	7.6139573231386e-09	0.0001173462144608	1.5384781786779333e-08	0.0016085632137177615	0.946070310369149	False	True	False	False
2	118367466	121303782	0.0002078641196801	1.7338479988830435e-08	3.12609390152013e-05	4.465890308537361e-08	1.5786069830132563	0.1479271851668008	False	True	False	False
2	121303783	123302905	-2.3886244143592897e-05	1.0263250888200546e-08	1.561581645015751e-05	2.210126657067436e-08	-0.23577914810306866	0.10504033888606873	False	False	False	False
2	123302906	124732249	-1.242616151383703e-05	8.402071921613986e-09	-2.0851619496365177e-05	1.8691239875510723e-08	-0.13556381958966202	-0.15251787149053717	False	True	False	False
2	124732250	125840920	0.0001182615293549	7.139926382276454e-09	3.513112805295106e-05	1.9156590195998367e-08	1.3995764429713689	0.2538241793567026	False	True	False	False
2	125840921	127373763	-1.1562909238469164e-05	8.85796523326185e-09	0.0001904558998673	1.87392808704079e-08	-0.12285706359099842	1.3912909825076516	False	False	False	False
2	127373764	128034346	8.77516260096605e-05	6.091609995231278e-09	-0.0001261022696904	1.675117591277411e-08	1.1243179057738932	-0.9743169405178683	False	False	False	False
2	128034347	129474440	-2.993307559423609e-05	8.47281836326906e-09	-0.0001106801130785	2.170314351357179e-08	-0.32519015896287695	-0.7512911501055186	False	True	False	False
2	129474441	130067169	1.596922693567389e-05	3.9489780362421e-09	-6.23997691191056e-05	9.900459596228545e-09	0.2541215721553385	-0.6271267196284157	False	False	False	False
2	130067170	130658084	1.3333957267176457e-06	3.517089485521969e-09	-2.870763888701696e-06	9.010836561949504e-09	0.022483677633648322	-0.030242307040450653	False	False	False	False
2	130658085	133042783	9.502340745811208e-05	5.231350920083216e-09	8.009805362946985e-05	1.0786982704501069e-08	1.3137831061622505	0.7712087915008998	False	True	False	False
2	133042784	135158577	-1.4108584648530836e-05	1.4824837434015925e-08	1.1036457994540392e-05	4.329876339094344e-08	-0.1158746614674082	0.053038589759741475	False	False	False	False
2	135158578	137042793	-4.06213405043879e-05	3.78449773714234e-09	-8.074444140445128e-05	9.482630218296217e-09	-0.6603134234223215	-0.8291788706611918	False	True	False	False
2	137042794	138698116	-8.200300798917414e-06	1.0640447585741054e-08	1.981371896545023e-05	2.54585339577265e-08	-0.0794968343367861	0.12417932740854705	False	False	False	False
2	138698117	140100270	-3.8013536810412504e-05	7.2104874227878e-09	-5.0101721348671415e-05	1.8462018945304273e-08	-0.44766791271104706	-0.3687338866119287	False	True	False	False
2	140100271	141805350	4.145169422500449e-06	1.1705327695897669e-08	-6.303794706099432e-05	2.95733899427806e-08	0.038313382695672256	-0.3665654309416592	False	False	False	False
2	141805351	142518601	0.0001212711443834	5.933662620919002e-09	8.847976494679992e-05	1.4885257547768398e-08	1.5743310144135876	0.725213339017259	False	True	False	False
2	142518602	144519483	5.7967289773938794e-05	1.0978990030703517e-08	4.184715367584707e-05	2.7457447650818588e-08	0.5532250036184507	0.2525432945360421	False	True	False	False
2	144519484	146445569	-0.0001886545185873	1.3569216409044641e-08	0.0001054943159697	2.0324859125434965e-08	-1.6195330953361786	0.7399720030271022	False	False	False	False
2	146445570	147277161	1.27633733482748e-05	2.6911496231997606e-09	5.033330763636621e-05	6.850913026039009e-09	0.24603480648180248	0.6081087378781217	False	True	False	False
2	147277162	150210291	-0.0001323168477452	1.0653100706632354e-08	-0.0002137166324521	2.4377585211785684e-08	-1.2819678376706292	-1.3688094056616469	False	True	False	False
2	150210292	151731461	-3.529629228988369e-05	7.411208883692596e-09	1.7116062480719322e-05	1.8556702041651055e-08	-0.4100006641326098	0.1256473883357512	False	False	False	False
2	151731462	152486781	3.899165163596345e-05	4.448912399573574e-09	9.280964206653831e-06	1.0711059823909378e-08	0.584581011655562	0.08967613359154972	False	True	False	False
2	152486782	154005055	-2.5752376531332565e-05	8.554902724129543e-09	-2.02227783196368e-05	2.201246593017565e-08	-0.27842599209262836	-0.13630333209018475	False	True	False	False
2	154005056	155391134	0.0001349219400076	9.916648931951655e-09	-6.787812273505628e-06	2.5815035056506032e-08	1.3548777408052866	-0.04224676541632277	False	False	False	False
2	155391135	157560634	-5.174262829319541e-06	1.0587834838452396e-08	6.766645368862146e-05	2.5443879912660587e-08	-0.05028574701465156	0.4242108260206968	False	False	False	False
2	157560635	158533217	6.229650930728594e-05	2.791495983246595e-09	8.335849175300183e-06	7.976080422501927e-09	1.1790852558349594	0.09333726824020432	False	True	False	False
2	158533218	159577081	1.767612427302325e-05	6.523425496827983e-09	-5.970885807878898e-05	1.642787223006451e-08	0.21885133132212164	-0.4658521532890137	False	False	False	False
2	159577082	161769732	-7.270084988039657e-05	1.2717093665017454e-08	0.0001285426587679	2.8716016489161463e-08	-0.6446820122890414	0.7585516922690282	False	False	False	False
2	161769733	163503550	3.052590247769751e-05	4.960897048190457e-09	-8.315196612696966e-06	1.2325773802295542e-08	0.4333994992977461	-0.0748971730520344	False	False	False	False
2	163503551	164466637	-3.84175725292307e-05	3.788466706194555e-09	2.3143231638250515e-06	8.835280212357292e-09	-0.62416323283655	0.02462146205206946	False	False	False	False
2	164466638	165178839	0.000110064560313	2.8361427756699383e-09	-0.0001440277277011	7.3872379773311145e-09	2.0667286406730763	-1.6757339328385767	True	False	False	False
2	165178840	167160269	-0.0001095653763715	1.1090379701297031e-08	-0.0002315229894908	2.9962275866293383e-08	-1.0403994819109468	-1.3375398264519045	False	True	False	False
2	167160270	167355969	-6.8376556124975125e-06	1.3810726338036995e-09	1.1606101194855672e-05	3.888005330205758e-09	-0.18399200978823727	0.18613280710880184	False	False	False	False
2	167355970	169968235	6.152822544461137e-05	1.4633097805800324e-08	-0.0001646354307868	3.522559626935943e-08	0.5086350123873403	-0.8771909204572464	False	False	False	False
2	169968236	171226244	1.463335490332388e-05	9.055919263582056e-09	-0.0001285705295189	2.0598729378038832e-08	0.15377213162315925	-0.8958209536555303	False	False	False	False
2	171226245	173138904	-3.708418215440363e-05	1.1049220629972998e-08	-5.5344821128342666e-05	2.513373270742204e-08	-0.35279537478900874	-0.34909890943282534	False	True	False	False
2	173138905	175588928	0.0002679007667142	2.5312051913165586e-08	-7.89325345464017e-05	4.2493720310154e-08	1.6838766715894378	-0.38290732178002523	False	False	True	False
2	175588929	177363635	7.664069774564675e-05	8.519703353581293e-09	-7.674443024360731e-05	2.056116322142084e-08	0.8303232775800019	-0.5352085292523628	False	False	False	False
2	177363636	178553182	-4.442477175961855e-05	6.904123012193456e-09	-8.324606059967695e-05	1.6794304419496252e-08	-0.5346516911465257	-0.642366198659501	False	True	False	False
2	178553183	181312738	-5.591032028152583e-05	1.7822137954788855e-08	-8.150406762213413e-07	4.519864332686107e-08	-0.41880521371767726	-0.0038336863977886638	False	True	False	False
2	181312739	182266030	-7.432578438482128e-06	5.786606942894451e-09	4.8555601852858275e-06	1.2775320222703968e-08	-0.09770741179636712	0.04295892886936216	False	False	False	False
2	182266031	184357607	4.8752662724012614e-05	1.0034814562436272e-08	-4.066907925275919e-05	2.5022608983297585e-08	0.48668018542746216	-0.2570976135202767	False	False	False	False
2	184357608	185280172	1.802144022691584e-05	5.775303907619509e-09	-0.0001961221373571	1.2287920492390992e-08	0.2371385032695724	-1.7692427362711252	False	False	False	False
2	185280173	189882064	-8.525607156949336e-05	1.8750943801148033e-08	4.6240306660591354e-05	3.789175213219645e-08	-0.6226066445859108	0.23754635003706454	False	False	False	False
2	189882065	191973356	-0.0001349623593581	7.990930352112305e-09	-0.0003329855639853	1.6930913751328134e-08	-1.5097811162876236	-2.559087922285569	True	True	False	True
2	191973357	195861163	-0.0003736075571716	1.2268973041353614e-08	-0.0001852243475225	2.5294731647317675e-08	-3.37296275992606	-1.1646167591578587	True	True	True	False
2	195861164	196447455	4.965752109104845e-05	2.389496595956287e-09	6.552849262342048e-06	5.432259496949318e-09	1.0158552459007604	0.08890781228940282	False	True	False	False
2	196447456	198078109	0.0001083185044473	6.999077408084252e-09	0.0001029629724599	1.6611006663637305e-08	1.2947390797265272	0.7988828454734866	False	True	False	False
2	198078110	199311124	0.0002083818003256	4.476906156915331e-09	7.240308730809023e-05	8.680585362563055e-09	3.114374181190275	0.7771101458018175	True	True	False	False
2	199311125	201576283	-0.0001044428973068	9.48790201116848e-09	-0.000112602647646	2.1818598870811418e-08	-1.0722444710866894	-0.7623162425139608	False	True	False	False
2	201576284	202818636	6.963281440321515e-05	4.684367788611694e-09	-8.969792290185075e-05	1.1492781044450996e-08	1.0173923219347438	-0.8367000982562678	False	False	False	False
2	202818637	205799240	0.0002406999315672	1.2614566124305392e-08	0.0003492717351664	2.9120167430214257e-08	2.1430870302086733	2.046758053528503	True	True	True	True
2	205799241	206735703	-4.649854806107319e-05	6.420984431439491e-09	4.577745470031797e-05	1.6685732158409344e-08	-0.5802813110539224	0.3543879998624044	False	False	False	False
2	206735704	208645398	4.316210321581103e-05	1.1490651171976734e-08	-9.469267199675564e-05	3.0310861829295605e-08	0.4026523875329106	-0.5438977084321939	False	False	False	False
2	208645399	209941528	-9.282559697509926e-05	5.986481918216692e-09	0.0001769979351234	1.3668257169748891e-08	-1.1997255650751	1.513950337466819	False	False	False	False
2	209941529	212379517	0.000115180595588	1.2888253316317506e-08	0.0002196541590901	2.9276545292298085e-08	1.0145706347673271	1.2837472230327096	False	True	False	False
2	212379518	214014281	-0.0001002876832363	1.2526636055475516e-08	8.375095508275296e-05	3.2854561345055264e-08	-0.8960461307513496	0.4620531462289697	False	False	False	False
2	214014282	215573794	-2.549593021892357e-05	7.705533292389973e-09	-5.7843735581003296e-05	1.4968164545300285e-08	-0.29044874965299	-0.4727941103070155	False	True	False	False
2	215573795	217715660	0.0001748556306121	1.3615190867396336e-08	0.0001857964227094	3.829169810862609e-08	1.4985379811435886	0.9494782808374023	False	True	False	False
2	217715661	218395479	1.9054843595844687e-05	4.380267561293927e-09	-7.593388106805638e-05	1.198966910697173e-08	0.28790888569256934	-0.6934768997593821	False	False	False	False
2	218395480	220454550	3.8780109892185336e-05	8.301529542390921e-09	3.815268267548477e-05	1.7830786816450932e-08	0.4256277904539196	0.2857194639214886	False	True	False	False
2	220454551	222521175	-6.684265383169673e-05	1.3078216339726584e-08	9.598853765322788e-06	3.3465801163564566e-08	-0.5844931497757218	0.05247093005933556	False	False	False	False
2	222521176	224859418	5.886026532304886e-05	1.3613032124736058e-08	-0.0001787215610922	3.5816599262097395e-08	0.5044809610323732	-0.9443538937879217	False	False	False	False
2	224859419	225840003	0.0001212525228347	7.1060262514882445e-09	-0.0002085799600782	1.3666557553265062e-08	1.4383923999856507	-1.7841978540689483	False	False	False	False
2	225840004	228119841	-9.02524495201388e-05	1.2178761569908004e-08	-1.4992725765440508e-05	2.8518659307632813e-08	-0.8178194475317284	-0.088780184821934	False	True	False	False
2	228119842	229370786	-0.0001201483080974	9.708323089865188e-09	-1.983097722115623e-05	2.375935580709247e-08	-1.2193981982967688	-0.128655034327725	False	True	False	False
2	229370787	231843388	1.7312206247150153e-05	1.6980754766288353e-08	2.025259369061257e-05	4.50647798766741e-08	0.13285378206906126	0.09540299810307747	False	True	False	False
2	231843389	233550002	-0.0001391836294677	9.693611445707833e-09	-9.37347651490128e-05	2.532692703990782e-08	-1.4136612494053813	-0.5889920677488665	False	True	False	False
2	233550003	235150986	-0.0006274067543163	1.1390363539988888e-08	-0.0002247701984847	2.9280556551471802e-08	-5.878687804839035	-1.313557430325463	True	True	True	False
2	235150987	236043549	-6.185484474763248e-05	9.750165303163232e-09	-0.0001539563803191	2.8941237822817232e-08	-0.6264230529886149	-0.9049803320643668	False	True	False	False
2	236043550	237449031	-0.0001707524254746	9.407229015690168e-09	8.629357066239518e-05	2.5356358532478352e-08	-1.7604999737819111	0.5419197733394283	False	False	False	False
2	237449032	238760980	-3.5165416549110444e-05	1.0486795220782316e-08	0.0001700849188283	2.8133105254410768e-08	-0.3433953203229567	1.014044401268599	False	False	False	False
2	238760981	239952642	-0.000100535430057	8.336866787592145e-09	-1.740314620151838e-05	2.0750112352653578e-08	-1.1010770458312757	-0.12081407757425433	False	True	False	False
2	239952643	241560083	-0.0001502786310143	1.6363419518395043e-08	-0.0001546760297317	4.7581665079007545e-08	-1.1747898827703698	-0.7090929999102945	False	True	False	False
2	241560084	242149920	1.974002352293202e-05	4.525049438916132e-09	-6.887721319376521e-06	1.2080509898419521e-08	0.2934512755476039	-0.06266613850807373	False	False	False	False
2	242149921	243188919	5.784365123705581e-05	4.418273945102941e-09	0.0001042000167498	1.2426616875925997e-08	0.8702206385486162	0.9347410904839771	False	True	False	False
3	60157	1441778	2.119816525282067e-05	1.3058354134717916e-08	3.841992379753815e-05	3.7541499874095017e-08	0.18550433044275733	0.19828994361032695	False	True	False	False
3	1441779	2992119	0.0003346904896004	1.9190959877702782e-08	0.000157188351288	5.5083353616941696e-08	2.415989392154745	0.6697460672028234	True	True	True	False
3	2992120	4431646	0.000157792122189	1.3726771637424211e-08	4.17926119029893e-06	3.4995831070556356e-08	1.3467938135623994	0.022340421268679137	False	True	False	False
3	4431647	6083182	0.0001135181978656	1.6247115396238846e-08	0.0003297016528298	4.711004892867307e-08	0.8905890588860415	1.5190229893804945	False	True	False	True
3	6083183	7083386	9.484543127607524e-05	8.310366068181233e-09	-0.0003008386517981	2.2238045481272e-08	1.0404143613027312	-2.017368924448177	True	False	False	True
3	7083387	8648560	0.0002063840778672	1.4029781603874609e-08	3.8778171820853464e-05	3.6931074501122954e-08	1.742411520812431	0.20178615213712134	False	True	False	False
3	8648561	9543182	-4.716706879860443e-05	7.949299524006967e-09	2.937036633243067e-05	2.0838587649160922e-08	-0.5290228821141687	0.20345821170737635	False	False	False	False
3	9543183	11019664	-9.383788482416845e-05	1.3259532148560749e-08	0.0001752853140954	2.4733185494703187e-08	-0.8149183732754326	1.1145652638563635	False	False	False	False
3	11019665	13070798	-1.3568342067703718e-05	1.302985101969008e-08	-3.9611501677663933e-05	3.1961205258833066e-08	-0.1188658386566331	-0.22156937506405555	False	True	False	False
3	13070799	14816899	0.000141479808624	1.4959192693989962e-08	-4.871847338268636e-05	3.805247315644665e-08	1.1567523366098382	-0.2497481195132093	False	False	False	False
3	14816900	16282441	-8.808368300607133e-05	8.874476112612996e-09	-9.623446137171527e-05	2.1077767406061183e-08	-0.9350268947680218	-0.6628546633778882	False	True	False	False
3	16282442	17891117	0.0004342246335071	1.2606264184752764e-08	0.0001452199643976	1.9900806889395062e-08	3.867419255176459	1.0294161637714199	True	True	True	False
3	17891118	19125143	4.64272136093153e-06	6.35728189729096e-09	0.0001566439890812	1.8294083622856508e-08	0.05822867193302851	1.1581329138725038	False	True	False	False
3	19125144	20091347	-7.687225538550196e-05	3.404527612351534e-09	-0.0001504656999409	8.171898923522755e-09	-1.3174713895278478	-1.6644701710927223	False	True	False	False
3	20091348	21643706	3.4317207818968906e-05	1.3848480735845725e-08	0.0002270307629856	3.806409902350948e-08	0.29161568476456107	1.1636622116764335	False	True	False	False
3	21643707	22204243	0.0001200781415467	8.192461216217365e-09	-0.000148895985556	2.0680187345660392e-08	1.3266512197571882	-1.0353942631177955	False	False	False	False
3	22204244	23804864	-6.007764559186458e-05	1.1297830628493373e-08	-1.5165804391138586e-05	2.6520709177275072e-08	-0.565217207057778	-0.09312641476947814	False	True	False	False
3	23804865	25461557	-6.561241832401911e-05	1.4642841867978634e-08	8.107830191197578e-05	4.102957455942255e-08	-0.5422172861540612	0.4002728536946085	False	False	False	False
3	25461558	26877768	-2.353297312946969e-05	7.15857773648838e-09	5.164348028208997e-05	1.5984688636609357e-08	-0.2781399845628129	0.4084730529841237	False	False	False	False
3	26877769	27840909	4.099260318430683e-05	5.3419818575733315e-09	3.257794382051907e-05	1.1429723561949091e-08	0.5608597759483241	0.3047234009044226	False	True	False	False
3	27840910	29142259	0.000145944986698	7.885933619885621e-09	0.0002263500894292	1.881526986229188e-08	1.6434731859740344	1.6501576784529235	False	True	False	False
3	29142260	30717954	0.0001503543440464	1.4669421932500012e-08	5.611763142070591e-05	4.226519905079722e-08	1.2413935374135232	0.2729655708793371	False	True	False	False
3	30717955	32351714	8.744198631770083e-05	1.0886720381095686e-08	1.3599069774575943e-05	2.8206451906134862e-08	0.8380529905577255	0.08097201973123075	False	True	False	False
3	32351715	33255591	-6.636660460750705e-05	6.631890093958821e-09	-0.0001760919422944	1.879580830405288e-08	-0.8149499529972455	-1.2844256806761465	False	True	False	False
3	33255592	35283457	0.0001264985753655	1.0826239829055755e-08	-0.0001395951005663	2.529067565610231e-08	1.2157570948732985	-0.8777886478279733	False	False	False	False
3	35283458	36486841	-0.0001388891979071	7.339756266261328e-09	-1.9912251855049943e-05	1.5584764880759924e-08	-1.6211666112497216	-0.1595035117868903	False	True	False	False
3	36486842	38356115	-0.0003813570754262	9.78804807798673e-09	-0.0001546114690175	1.9686261549798457e-08	-3.854639446415457	-1.1019454123346777	True	True	True	False
3	38356116	40221297	5.696749321704629e-05	1.0486638711656706e-08	-0.0001085012771127	2.328394745383763e-08	0.5562998673397819	-0.7110604851345665	False	False	False	False
3	40221298	41064527	-1.4179171341700591e-08	2.168864397503847e-09	-8.276515707882584e-06	4.402830052539745e-09	-0.0003044630899817596	-0.12473306165988762	False	True	False	False
3	41064528	42540001	1.865615805653503e-05	8.8037063964405e-09	3.987685930948237e-06	1.5706553805062395e-08	0.19883344503715183	0.03181855793515022	False	True	False	False
3	42540002	45165152	0.0001919805973099	1.0603210123325398e-08	-0.0003104345579441	2.4413434598451473e-08	1.864398112648829	-1.9868067201959683	True	False	False	True
3	45165153	46657499	-8.116224796861483e-05	1.0269404162943522e-08	3.777868577424213e-05	2.4644658985886393e-08	-0.8009058099208418	0.240649763542757	False	False	False	False
3	46657500	47727211	2.948763381427818e-05	3.4418611702304686e-09	-2.2688006168041823e-05	4.972391330751802e-09	0.5026240327141167	-0.3217463888584926	False	False	False	False
3	47727212	49316971	5.4368145155735845e-05	5.0270318795402595e-09	-2.187622508718276e-05	4.851935675647918e-09	0.7668116404982984	-0.31406161956177076	False	False	False	False
3	49316972	51832014	-1.2707740884794569e-05	1.6382678890627912e-08	-7.304733589995906e-05	1.1770508582049298e-08	-0.09928322855088255	-0.6732971362897501	False	True	False	False
3	51832015	54081389	0.0001811597067682	8.705444663968332e-09	0.0001392526443492	1.902271802426221e-08	1.9416284610577395	1.0096414359205463	False	True	False	False
3	54081390	55348859	0.0001220765049222	1.062940198285992e-08	-0.0002712839376353	3.0161568077934764e-08	1.1840707995488102	-1.562057880896271	False	False	False	True
3	55348860	56433906	-6.337146182971337e-05	5.923651962416469e-09	-3.500295540801893e-05	1.4636755374910871e-08	-0.8233774303137321	-0.28932256552087265	False	True	False	False
3	56433907	58157518	0.0001086136793049	9.043340959053921e-09	2.654404018208577e-05	1.9618155530723393e-08	1.1421419236399384	0.1895125343560639	False	True	False	False
3	58157519	60272905	6.889047029858076e-05	1.7087309161180376e-08	0.0001268150868205	4.238987003342817e-08	0.5270141925682242	0.6159420878952928	False	True	False	False
3	60272906	62355665	3.909046012286523e-05	1.727484225699584e-08	0.0002100014613823	4.873276629111931e-08	0.2974155951421516	0.9512874880632576	False	True	False	False
3	62355666	63669285	3.77665184140175e-05	1.056018169028226e-08	0.000243846521195	2.778823488032038e-08	0.36751177227279747	1.4628038126680518	False	True	False	False
3	63669286	65273537	-0.0003090020932894	1.3322032706640509e-08	0.0002309626124725	3.759180047155128e-08	-2.6771713808911706	1.1912286222004882	True	False	True	False
3	65273538	66270446	-6.339737537881992e-05	8.422009881864415e-09	1.3793588312115397e-05	2.54340980334156e-08	-0.6908176187023136	0.08649063572954178	False	False	False	False
3	66270447	68286913	-6.22589251985373e-05	1.2736741162284992e-08	2.6219265926234203e-05	3.3752837892372896e-08	-0.5516612224368983	0.1427136065940749	False	False	False	False
3	68286914	69276761	-2.796862520733112e-05	5.869877083903673e-09	0.0001593589760855	1.4422117259314176e-08	-0.36505358321618714	1.3269727958291995	False	False	False	False
3	69276762	70449027	-8.572049658493065e-05	8.061035703555365e-09	5.692259145672326e-05	1.8595908433953472e-08	-0.954749096183352	0.41742260497566785	False	False	False	False
3	70449028	72529328	0.0006712720783949	1.8915952856369305e-08	0.0002775937568404	4.761513714162813e-08	4.880726496393358	1.2721466385981117	True	True	True	True
3	72529329	74321816	1.2476798350521134e-06	1.2937771647153131e-08	-3.081844717752139e-06	3.615384713815893e-08	0.01096916111195755	-0.016208151736466926	False	False	False	False
3	74321817	75704948	-2.9042543380261377e-05	5.070440798949169e-09	7.622762974015187e-05	8.964170728495409e-09	-0.4078606326340315	0.8051139583684007	False	False	False	False
3	75704949	77508834	0.0001093333547539	9.517424923599306e-09	0.0002447106797533	2.4942072534228205e-08	1.1207092184355967	1.5494824244715621	False	True	False	False
3	77508835	79024540	6.198301738463254e-05	7.229805059506302e-09	-2.68024390068024e-05	1.8153361814840808e-08	0.728969605207351	-0.19892793964809036	False	False	False	False
3	79024541	81427309	0.0001970822340095	1.1174958485437714e-08	6.431640837849629e-05	2.284706419923406e-08	1.8643374231706729	0.4255068765937358	False	True	False	False
3	81427310	82643885	9.160683193860168e-05	4.901367675479389e-09	1.0431930411457992e-05	1.0181800632269632e-08	1.3084864297405945	0.10338377517209393	False	True	False	False
3	82643886	84367478	7.775885890222819e-05	7.399119480155697e-09	1.9107283527266743e-05	1.572054327589117e-08	0.9039821575222217	0.15239305409203915	False	True	False	False
3	84367479	85582230	8.235943127587947e-06	6.015661171320833e-09	7.660338329864261e-05	1.1079996941572856e-08	0.10618707439649938	0.7277431580048037	False	True	False	False
3	85582231	87409731	-7.623568517460767e-05	8.814745393569736e-09	7.118231727188296e-05	1.6344389429890763e-08	-0.8119951245385172	0.5567853134591915	False	False	False	False
3	87409732	88298372	4.966229544971226e-05	4.396043164263504e-09	-4.216942528453663e-05	8.224074391189635e-09	0.7490241410774846	-0.4650013000880314	False	False	False	False
3	88298373	94255315	-9.117309297325436e-05	9.37965834164499e-09	-3.4078526230914294e-05	1.9335585418863032e-08	-0.9413977987965335	-0.24507676671108733	False	True	False	False
3	94255316	95311970	6.919828438519504e-06	5.691055854029749e-09	2.6118439445851815e-06	8.342144111770349e-09	0.09172736189775196	0.028596203607545466	False	True	False	False
3	95311971	98215949	8.64827313885597e-06	1.2111086011932917e-08	-1.5208767004486632e-05	2.1541733181109593e-08	0.07858467352787388	-0.10362240923057212	False	False	False	False
3	98215950	99373761	1.0764227141539044e-05	6.441019609179124e-09	2.090179539067811e-05	1.1956803140205326e-08	0.13412370531782306	0.19115077035106426	False	True	False	False
3	99373762	100592216	-1.856317120487514e-05	4.3105498555348244e-09	5.394160992391116e-05	9.894590783032911e-09	-0.28273907567136286	0.5422817455923759	False	False	False	False
3	100592217	103084959	1.7353007152463786e-05	1.264506953205938e-08	9.525049199328204e-05	2.5204237447489066e-08	0.15431712901629946	0.5999712589018821	False	True	False	False
3	103084960	104581612	-2.1424939774056843e-05	1.0088584218073026e-08	0.0002148733485988	2.0312420543350865e-08	-0.2133067004764251	1.5076540969486216	False	False	False	False
3	104581613	106982810	0.0001279345798939	1.4318995025797357e-08	-0.0001743097118	3.5228415690732094e-08	1.0691328609029955	-0.9286991085569316	False	False	False	False
3	106982811	109522394	0.0002608318909083	1.3821857133923094e-08	0.0001290304992777	3.107373246417443e-08	2.2185922418215847	0.7319740195539455	True	True	True	False
3	109522395	110513769	3.12712383788853e-05	4.976583425654543e-09	4.633274699676553e-06	1.0053661864352885e-08	0.443281325477315	0.04620893001406009	False	True	False	False
3	110513770	112815698	5.477341196010691e-06	1.2113175384929451e-08	1.68060855454967e-05	2.763295448982756e-08	0.049766923270568246	0.101100408169051	False	True	False	False
3	112815699	113947862	3.673635658227241e-06	5.6946424494041504e-09	-2.758464411537927e-05	1.3771197103726025e-08	0.048681376680334225	-0.23506151890291965	False	False	False	False
3	113947863	115447079	0.0001127650143838	7.877593261549206e-09	-6.524563833959154e-05	2.0647419124207513e-08	1.270508581920872	-0.45406559647433004	False	False	False	False
3	115447080	116800152	1.0728392985196667e-05	8.617022849170098e-09	7.93275968115178e-06	2.28193257675146e-08	0.11557291073593057	0.05251373322510426	False	True	False	False
3	116800153	118530250	0.0004340643814545	1.9848849926717905e-08	0.0002521239647102	2.5746761104073812e-08	3.080962950369044	1.5712772632786107	True	True	True	False
3	118530251	120523054	-0.0002393658197603	1.1746859340822357e-08	-1.24303024415952e-05	3.123443792187371e-08	-2.208519566123844	-0.07033392404235897	True	True	True	False
3	120523055	121974096	-1.0403531112961269e-05	6.68608583164405e-09	-9.095099679282129e-05	1.1805658799635993e-08	-0.12723154372050582	-0.8370711026455337	False	True	False	False
3	121974097	123517767	3.706395532577009e-05	7.955998452460047e-09	-5.142075794341796e-05	1.8616781549742177e-08	0.415531946838713	-0.37686531823581665	False	False	False	False
3	123517768	124936641	5.298383462520551e-05	9.529754055669071e-09	-0.0001090962205769	2.5358391327095113e-08	0.5427533844435146	-0.685091936321001	False	False	False	False
3	124936642	126214942	6.544009027173855e-05	8.76491741311305e-09	-3.605794881894847e-05	1.8031029233162945e-08	0.6989884113882654	-0.26852873082747847	False	False	False	False
3	126214943	128194860	0.0001924211888543	1.0543353377967474e-08	-6.858811922051703e-05	2.37877239394552e-08	1.8739737887959018	-0.4447054472216489	False	False	False	False
3	128194861	130244734	-0.0001189906399826	8.839496931104701e-09	4.2259830807024e-05	1.9592609804015323e-08	-1.2656074588295292	0.30191285794682116	False	False	False	False
3	130244735	131836515	9.660103481891557e-05	8.338811190470031e-09	8.348060799520439e-05	1.8622739665893532e-08	1.0578636845242468	0.611735687746841	False	True	False	False
3	131836516	133252172	-3.235825701396964e-05	8.930820223473025e-09	0.0001625534274379	2.0392945222604442e-08	-0.3424044865306936	1.1382984767461723	False	False	False	False
3	133252173	135456905	-3.4896832833450566e-05	1.4018776493666961e-08	1.9839054766013255e-05	3.528099376868732e-08	-0.29473448795943974	0.10562107212213166	False	False	False	False
3	135456906	137371082	3.5666563786351196e-05	8.875987271633074e-09	1.031715136517978e-06	1.4196373003193278e-08	0.3785758750463851	0.008659067026461034	False	True	False	False
3	137371083	139954596	-0.0001977036613716	1.2339232135240437e-08	-0.000287802768365	2.87724413265811e-08	-1.7797977155811744	-1.696706058226913	False	True	False	True
3	139954597	141339096	-0.0001253339574623	6.390445092007057e-09	-8.69566598511291e-05	1.5448814756130177e-08	-1.5678452661527724	-0.6996088048380149	False	True	False	False
3	141339097	143164627	7.99764525011571e-05	1.1267956498166872e-08	-5.0271197311761365e-05	2.6233414356753013e-08	0.7534241823935585	-0.3103786354575389	False	False	False	False
3	143164628	144410815	7.414083196804301e-06	6.120660223379401e-09	1.854176958763933e-05	1.3620678814303998e-08	0.09476725901493843	0.15887362463733293	False	True	False	False
3	144410816	145664618	-0.0001341597660557	7.743432752804888e-09	-0.0001402077447974	1.5703698601307448e-08	-1.524598635455868	-1.1188478410766736	False	True	False	False
3	145664619	146726628	-9.49658294403148e-05	6.304963048056195e-09	-4.0995567096152355e-05	1.4585416797177276e-08	-1.1959859918644513	-0.33945130009079383	False	True	False	False
3	146726629	149043236	8.054840735396011e-05	1.2731839538151804e-08	6.0160773550211225e-05	3.0570735615840606e-08	0.7138572580274449	0.3440808221183509	False	True	False	False
3	149043237	150252003	-0.0002023472507062	8.622204939639293e-09	-0.0001852247991708	2.4317367245675524e-08	-2.1791550767514525	-1.1877932577079688	True	True	False	False
3	150252004	151348729	-4.980091338556289e-05	5.778603408580199e-09	8.421001940744956e-06	1.54632407026874e-08	-0.6551275503863545	0.067719463583253	False	False	False	False
3	151348730	153256570	-1.38172203986738e-06	1.129959618048626e-08	-5.860971309314296e-05	2.8321721893127257e-08	-0.012998379830774625	-0.3482649499889865	False	True	False	False
3	153256571	154714217	-4.0929835339908214e-05	8.174078614355552e-09	-2.4952942736218615e-06	1.7755670644048606e-08	-0.452710525951238	-0.018726354030731758	False	True	False	False
3	154714218	156008699	-4.540641926344121e-05	6.195387697015798e-09	7.369393050751617e-05	1.459335941373053e-08	-0.5768767162457138	0.6100340565226179	False	False	False	False
3	156008700	157312027	5.891165177783169e-05	6.91749430612089e-09	1.4405003723243743e-06	1.622791404664432e-08	0.7083155800051778	0.011307901726103724	False	True	False	False
3	157312028	159477889	0.000214756377303	1.1197671901490498e-08	0.0001846519975134	2.2532092037792353e-08	2.029467963911171	1.2301363497468722	True	True	False	False
3	159477890	161524503	-0.0001460868891587	8.935130475751012e-09	-4.2745729236930193e-07	2.0230146188000108e-08	-1.545470756624576	-0.0030053372889853294	False	True	False	False
3	161524504	163253204	0.0001023267093572	1.3514214368616442e-08	6.128371472802874e-05	2.5327091016606493e-08	0.8802248120208191	0.3850812977597104	False	True	False	False
3	163253205	165055468	-2.766309864055811e-05	9.58411723264086e-09	-3.11915451111381e-05	1.6686366132257374e-08	-0.2825691639590201	-0.24146600911824673	False	True	False	False
3	165055469	167117428	3.638605678688188e-05	1.0813347595519661e-08	1.8294439386874952e-05	2.2719063650634445e-08	0.34990883729408123	0.12137350438884552	False	True	False	False
3	167117429	168580959	-1.0990183840779288e-05	6.0177305338584735e-09	4.13144708000694e-05	1.3530508678098065e-08	-0.14167348882607284	0.3551772432940462	False	False	False	False
3	168580960	170964908	-5.678483811514209e-05	1.30370841347575e-08	-0.0001405212125202	3.4123577801300265e-08	-0.49732713749299284	-0.7607020884398932	False	True	False	False
3	170964909	172295730	9.680618738380908e-05	9.156905789397356e-09	0.0003085264767667	2.3741980895925144e-08	1.011646406532976	2.0023222077716603	True	True	False	True
3	172295731	173477284	-1.6151917802299447e-05	5.791763567520251e-09	-6.726024043576391e-05	1.5479042680575908e-08	-0.21223581992889784	-0.5406128527671141	False	True	False	False
3	173477285	175116538	0.0001581475132891	1.0942829872451298e-08	0.0001761124264941	2.8348322496204666e-08	1.51181114911985	1.0459870759741907	False	True	False	False
3	175116539	176320286	-0.0001151011593698	6.316552793447028e-09	3.170410525433035e-05	1.4332128688292248e-08	-1.448236980684193	0.26482571385073	False	False	False	False
3	176320287	178107164	0.0002108744448387	1.1313263095672968e-08	-1.8082540049425244e-05	3.032220193160765e-08	1.9825767496668047	-0.10384344032658029	True	False	False	False
3	178107165	179374585	2.283870443839631e-05	7.50863138660509e-09	-3.710338116267666e-05	2.0049003806207866e-08	0.2635670234610015	-0.26203969708907465	False	False	False	False
3	179374586	181511165	6.659305527282731e-05	9.616527061064484e-09	-3.7658416642171485e-05	1.9733281445211842e-08	0.6790782356902271	-0.2680787569268889	False	False	False	False
3	181511166	183769682	-0.0001711419999781	1.1214699964151197e-08	0.0001762992891025	2.7933766106277183e-08	-1.616079693837819	1.054838117161105	False	False	False	False
3	183769683	185068254	-8.992913091368763e-05	8.761808034079697e-09	-8.31035477292311e-05	2.2766937331597776e-08	-0.960734816212587	-0.5507661723524604	False	True	False	False
3	185068255	186890343	0.0001729097192415	1.3613658548183888e-08	0.0002491151616156	4.1063295544471984e-08	1.4819446348996854	1.2293435300236752	False	True	False	False
3	186890344	188856213	1.6386074571244272e-05	1.3573776788391441e-08	0.0001458585660128	4.104685829668486e-08	0.14064509001263262	0.7199328300384539	False	True	False	False
3	188856214	190226606	0.0001253914410741	1.2114186213097333e-08	8.450704298752887e-05	3.2680684654073685e-08	1.139254548049205	0.46746309729045243	False	True	False	False
3	190226607	192343813	-9.392121793794674e-05	1.4502009050772069e-08	0.0001528423971261	3.4673958479195334e-08	-0.7799192321392826	0.8208090344904165	False	False	False	False
3	192343814	194059670	-4.662208197139848e-05	1.1540136919617424e-08	-1.667550114714011e-05	3.0110672222360785e-08	-0.4339964557252871	-0.09609895585691162	False	True	False	False
3	194059671	194786673	-3.0212413272442775e-05	8.50428117251366e-09	-0.0001321016998656	2.4187791721221612e-08	-0.32761713750755317	-0.8493961652285041	False	True	False	False
3	194786674	195971407	6.881928724193948e-05	8.301121560626891e-09	0.0001483295315242	2.065454658473589e-08	0.7553387818080679	1.0320952807657868	False	True	False	False
3	195971408	197075986	-0.0002448689015517	6.902709200837999e-09	-7.327913325446592e-05	1.6702462818112153e-08	-2.947296607500757	-0.5670091496711295	True	True	True	False
3	197075987	197946621	-1.1986438803653403e-05	4.567599515036994e-09	-7.918449458451372e-05	1.1968551992572566e-08	-0.17735611353444194	-0.7238012748271326	False	True	False	False
4	10240	694714	5.428682942390543e-06	1.4882174876991035e-09	2.4870582662522757e-05	3.522012868837789e-09	0.14072176578420048	0.4190737812844253	False	True	False	False
4	694715	1478710	-6.530586406885287e-05	4.140516591475549e-09	-0.0001944887488138	1.0891124487777746e-08	-1.0149038860176818	-1.863623256077496	False	True	False	False
4	1478711	2842978	8.932250956517792e-06	4.678406356961831e-09	4.3607963419377395e-05	1.2296780435215736e-08	0.13059060857980045	0.39325123520917976	False	True	False	False
4	2842979	3846039	8.769376432288905e-05	4.289252243685034e-09	5.347056065464877e-05	1.2931374368303912e-08	1.3389918060151718	0.4702105785075566	False	True	False	False
4	3846040	4684115	-0.0001087809514949	4.678633195361222e-09	-2.648365198510012e-06	1.4295489950064556e-08	-1.5903523475752215	-0.022150235604243944	False	True	False	False
4	4684116	5502387	5.611744862088043e-05	7.364228583989442e-09	-0.0001795497614604	2.4049660013622e-08	0.6539345558600247	-1.1577915134427381	False	False	False	False
4	5502388	6773042	5.8679479619666064e-05	1.3781813945795851e-08	0.0001882954177373	4.5775976804776966e-08	0.499842364692668	0.8800775469769713	False	True	False	False
4	6773043	7539691	-8.778167567761089e-05	8.411224894291035e-09	-0.0002795567142744	2.646552329804807e-08	-0.9571373070615381	-1.7184214480851514	False	True	False	True
4	7539692	8152234	-1.301737540611652e-05	7.244700330739498e-09	-3.993124727343173e-05	2.2518846993111573e-08	-0.1529372287941191	-0.2660968912341461	False	True	False	False
4	8152235	9326478	2.785985943360338e-05	4.30296475185613e-09	6.050181929037632e-05	1.3678357748998158e-08	0.4247124837759707	0.5173106923297972	False	True	False	False
4	9326479	10699151	-7.688952940668388e-07	7.89214555217927e-09	-6.15277091774469e-05	1.9786338046331532e-08	-0.008655051567151522	-0.43740932082242845	False	True	False	False
4	10699152	12323033	-2.5929147120987063e-05	9.794499506560565e-09	0.0002608669353899	2.6082199075627236e-08	-0.26199747603917	1.6152767186100045	False	False	False	False
4	12323034	14272000	-3.721066347283881e-05	1.0355255866190226e-08	-7.351857056466834e-06	2.860977552070489e-08	-0.36566803374826207	-0.043465014543004374	False	True	False	False
4	14272001	15147445	3.991295106134605e-05	5.842912936882633e-09	-0.000106658945413	1.7282063547958176e-08	0.5221546285011393	-0.8113336457769114	False	False	False	False
4	15147446	15927008	0.0001073886179798	3.7155765204936563e-09	-0.0001399840655707	1.060627883917264e-08	1.7617535221471112	-1.3592429288049546	False	False	False	False
4	15927009	17383321	5.357504918769575e-05	9.646244079640729e-09	-1.5838135047412075e-05	2.966002877080655e-08	0.5454858069102339	-0.09196408576138441	False	False	False	False
4	17383322	18841873	2.4915970345181045e-05	6.7102258143858754e-09	2.479688494136392e-05	1.6776546573695643e-08	0.3041649992258902	0.19144580016256948	False	True	False	False
4	18841874	20544556	0.0002021215388651	8.327054112159106e-09	0.0001681167884255	2.072404198925463e-08	2.2149651765143243	1.1678144728595612	True	True	False	False
4	20544557	22319346	-2.305808078958191e-05	9.841521235277345e-09	0.000201142576601	2.6864924249134123e-08	-0.23242992365284035	1.2271882797499303	False	False	False	False
4	22319347	24135528	-0.0002655223791165	9.125201795341025e-09	8.757444011157059e-05	2.6287405690298853e-08	-2.779584569780823	0.5401364747310646	True	False	True	False
4	24135529	25609321	6.734105038949205e-05	9.446251040120354e-09	-0.0001364048277534	2.8213764167576652e-08	0.6928674268697376	-0.8120807681686084	False	False	False	False
4	25609322	27343721	-0.000280692341375	9.4704496419323e-09	-0.0002866546403698	3.0038154971203765e-08	-2.8843321021738832	-1.6539498985144956	True	True	True	True
4	27343722	27965867	-1.4041221571495284e-05	3.785547734481036e-09	-0.0002189204570952	1.1382474606191721e-08	-0.22821307834350824	-2.051955797919489	True	True	False	False
4	27965868	29762207	0.0001022367767171	1.0153454086402237e-08	0.0001267256291093	2.7357623643780173e-08	1.0146125831675488	0.7661702252865797	False	True	False	False
4	29762208	30454534	6.705050205291657e-07	2.829874136408129e-09	-0.0001427367635893	7.541814996570476e-09	0.01260429253085978	-1.6436067189051402	False	False	False	False
4	30454535	31782980	0.0002660580968728	1.0304185292416451e-08	-3.199407061076738e-05	2.0514828622411324e-08	2.621015868923653	-0.22337550754968655	True	False	True	False
4	31782981	33172765	-8.442344874927442e-05	6.7911766889903264e-09	-0.0001274854130758	1.6289105431079682e-08	-1.0244495463156449	-0.9988766897561581	False	True	False	False
4	33172766	35151414	0.0003467495267722	6.109617625076497e-09	0.0003430551341911	1.1761244077043765e-08	4.436176958942509	3.1632774978796	True	True	True	True
4	35151415	36020435	9.003249184602226e-06	5.477387071747049e-09	1.8599121489344615e-05	1.1157082816378836e-08	0.1216501234985165	0.1760828678242666	False	True	False	False
4	36020436	37255046	-1.4080060237756002e-05	7.378119496843305e-09	-0.0001185817041323	1.915199991808268e-08	-0.16391989620957684	-0.8568614839681331	False	True	False	False
4	37255047	38907021	1.349691690232674e-05	1.4632327277453029e-08	-9.047893752801416e-05	4.5877064559060534e-08	0.11157781972482451	-0.42242506660761053	False	False	False	False
4	38907022	40202608	6.708390431226992e-05	6.908856793806519e-09	-0.000141149526872	1.849906462528239e-08	0.8070774913754855	-1.0377781963564063	False	False	False	False
4	40202609	42213057	0.0002100389533987	1.3374765532990961e-08	0.000713593377874	3.9017899817382774e-08	1.8161710843894143	3.612591589423182	True	True	False	True
4	42213058	43965044	8.632101603939834e-06	9.092414213211321e-09	-0.0001419210437159	2.4242071915563652e-08	0.0905267517544986	-0.9115110309079206	False	False	False	False
4	43965045	45189156	-2.081809394825932e-05	6.160281248118878e-09	8.113162065844055e-06	1.508695283861777e-08	-0.26524102278829376	0.06605251905361847	False	False	False	False
4	45189157	47411895	-0.0001269216526905	7.23960876376249e-09	-0.0003300938523071	1.7648609611223834e-08	-1.491688597613145	-2.4847470735766284	True	True	False	True
4	47411896	48123599	1.8331716102136025e-05	3.148921188096366e-09	3.4342664120768766e-05	7.983658937719338e-09	0.3266797595503432	0.3843554066528768	False	True	False	False
4	48123600	53877432	-2.591773857942887e-05	5.451618243384776e-09	-3.5364967483679266e-05	1.3121945594025968e-08	-0.35102204087440514	-0.3087266687097079	False	True	False	False
4	53877433	55429555	0.0001456289077453	6.9958771476244125e-09	-6.156473626312704e-05	1.9592716330146435e-08	1.7411111832374964	-0.4398298476213653	False	False	False	False
4	55429556	56547643	5.357772128507319e-05	5.537054434668346e-09	-0.0001452087272669	1.3557648836136768e-08	0.7200204677679567	-1.2470978442476102	False	False	False	False
4	56547644	58935007	-3.234419382464106e-05	1.6036523839990514e-08	2.3035379991853503e-05	4.7727613568072454e-08	-0.2554119505578267	0.1054412439540391	False	False	False	False
4	58935008	60741086	8.009025342502334e-05	8.961778688417433e-09	-7.952237972673057e-05	2.1621181953408103e-08	0.8460237608016445	-0.5408161500016277	False	False	False	False
4	60741087	62371762	-3.8665557254545415e-05	7.615753178347564e-09	-1.1557261233128933e-05	1.9557260545715625e-08	-0.4430654073326434	-0.08264201907324674	False	True	False	False
4	62371763	64341000	-3.1469251749044245e-05	8.712929227446598e-09	-0.0001336709267486	2.0279332035204684e-08	-0.33713537413411404	-0.938663943991696	False	True	False	False
4	64341001	66600491	0.000231335794238	9.9982931149846e-09	-0.0001485654095494	2.4625119978765674e-08	2.3135553994584543	-0.9467352049505163	True	False	False	False
4	66600492	68059496	2.5753601850179346e-05	6.691384964638138e-09	3.023376823521317e-05	1.7771849564220372e-08	0.3148327980549112	0.22679107802159185	False	True	False	False
4	68059497	68854764	4.241297578666039e-05	3.95957071092251e-09	-0.0001088441409621	1.0271494333183985e-08	0.6740229636883426	-1.0739603324519815	False	False	False	False
4	68854765	71049151	-4.416466118097979e-05	1.0296832537277648e-08	-4.6217213834771845e-05	2.2870773077661652e-08	-0.43523426412648236	-0.30560702870308415	False	True	False	False
4	71049152	72140557	-5.209707713374734e-05	4.167495660385713e-09	4.003020241112415e-05	1.0637496138662912e-08	-0.8070041723262426	0.3881218371153129	False	False	False	False
4	72140558	74592389	7.036816583494166e-06	7.222731781972667e-09	0.0003946622309821	1.8651372301008708e-08	0.08279907545272681	2.8898158649745933	True	True	False	True
4	74592390	77130706	-5.9778739629375e-05	9.932749282799581e-09	-7.356613061566955e-05	2.525654030581839e-08	-0.5998076734620182	-0.4629040537827568	False	True	False	False
4	77130707	79093978	-3.4656278094567456e-05	1.022847122355762e-08	2.433687781228186e-05	2.4675730261270137e-08	-0.3426703720154906	0.15492797861649382	False	False	False	False
4	79093979	80990296	0.0001261365147214	7.897163787645156e-09	0.0003410833958199	2.2099916597433546e-08	1.4194014813122509	2.294379537870409	True	True	False	True
4	80990297	82125314	-1.1688279513092383e-05	3.578675665460342e-09	1.1792666427749336e-05	9.963417459865293e-09	-0.19538418994993753	0.11814296075578014	False	False	False	False
4	82125315	83372592	6.940177771449978e-05	5.646355575682252e-09	1.669705071447853e-05	1.5803077967438106e-08	0.9236054414850877	0.1328216664656004	False	True	False	False
4	83372593	84799655	9.316663443994483e-06	6.853660777327298e-09	-7.296156391550255e-05	1.8480141942432732e-08	0.11253797719379907	-0.5367122194908087	False	False	False	False
4	84799656	86930608	4.4805116525952145e-05	7.557766604541836e-09	5.101643087048938e-05	1.8451442913239573e-08	0.5153839302888619	0.3755734685048298	False	True	False	False
4	86930609	87534647	-4.686621566970312e-05	1.8010179118546891e-09	-6.853045833731634e-05	5.0274633496021565e-09	-1.1043350867039696	-0.9665162936049732	False	True	False	False
4	87534648	89238027	5.5349765346600475e-05	8.827938919093838e-09	1.5238854342851908e-05	2.4342911757544065e-08	0.5890960683451104	0.09767109475612033	False	True	False	False
4	89238028	90231563	2.614586997176265e-05	5.045426216453479e-09	3.0902156439911274e-05	1.4741073674511637e-08	0.36809012565960003	0.25452135603586185	False	True	False	False
4	90231564	91560676	-0.0001455505043185	5.191844146401519e-09	7.920671331476414e-05	1.4473339567300696e-08	-2.0200070775578784	0.6583814967050472	True	False	False	False
4	91560677	94233298	-2.4554738972188816e-05	1.00105667202951e-08	3.329582923266567e-05	2.7555316042718478e-08	-0.2454177609148786	0.2005797738077571	False	False	False	False
4	94233299	96182187	0.0001499312036644	8.373991027607555e-09	4.0262762836396734e-05	2.1887445951121404e-08	1.6384220419158442	0.2721485530392491	False	True	False	False
4	96182188	97540702	0.0001165925066278	7.3661200294812115e-09	0.0001282666289623	1.798557108649399e-08	1.3584737273645113	0.956426420925711	False	True	False	False
4	97540703	99424066	1.1304362567282143e-05	7.6652183983258e-09	8.779554277564154e-05	1.4015668033053409e-08	0.1291171144144155	0.7415929061923779	False	True	False	False
4	99424067	100678359	1.741351418543211e-05	6.283346003226769e-09	3.0272469485409683e-05	1.7157942231508278e-08	0.2196802106142485	0.23110814381037043	False	True	False	False
4	100678360	103221355	6.701476771634469e-05	1.6411189882407456e-08	0.0002336410542776	3.095126824034138e-08	0.5231189846175002	1.3280362593274202	False	True	False	False
4	103221356	105305293	-0.0003802365614517	7.191096981194631e-09	-0.0002813171741043	1.5295788813134694e-08	-4.483903950229088	-2.2746276120613533	True	True	True	True
4	105305294	107501304	2.4721440660361458e-05	7.666194598513038e-09	0.0001022268336358	1.9528270874748727e-08	0.2823474412924341	0.73153147004828	False	True	False	False
4	107501305	108815347	-3.623396764774782e-05	4.873780217341655e-09	-7.785043801519183e-05	1.2823435937137586e-08	-0.5190185999186896	-0.687478082789992	False	True	False	False
4	108815348	111256566	0.0002391149888461	1.0971040329321684e-08	2.8872288737955217e-05	3.0495193320018254e-08	2.282879009131699	0.16533527299936984	True	True	True	False
4	111256567	113870101	0.0001454262035617	1.1164215429456144e-08	-9.79957060770873e-05	2.7202548097523595e-08	1.376348971404577	-0.5941584158619966	False	False	False	False
4	113870102	115666245	-0.0001171624210033	8.683551932281221e-09	-0.0001000747464286	2.2015099471416515e-08	-1.2573020806278152	-0.6744723839268135	False	True	False	False
4	115666246	117276928	-2.203556224188435e-06	6.1490398691250805e-09	1.8948854242478534e-05	1.4282758904860324e-08	-0.02810091631623592	0.15855389033094788	False	False	False	False
4	117276929	118479917	0.0001524463402566	7.756133445996537e-09	-5.388200461481229e-05	1.6836688881559132e-08	1.7309892330362044	-0.4152555076630751	False	False	False	False
4	118479918	119933511	-0.000123326324666	6.782120523519035e-09	-2.6114838757246347e-05	1.7100554577634243e-08	-1.4975214001881716	-0.19970192499586498	False	True	False	False
4	119933512	120392683	-9.462059214470143e-06	2.3638664279724815e-09	-2.5910384078628782e-05	4.944286485538506e-09	-0.19461405206041618	-0.3684868866459641	False	True	False	False
4	120392684	122657986	9.30145999048362e-05	1.2560723759141105e-08	4.499046237937007e-05	3.3755446261298147e-08	0.8299344458678374	0.2448773008330948	False	True	False	False
4	122657987	124286480	-6.045933441174538e-05	5.835802843082126e-09	2.7409653349050715e-05	1.4308317099450426e-08	-0.7914309977593041	0.22914440883619375	False	False	False	False
4	124286481	125210861	8.212261171072347e-06	5.039887340040457e-09	-1.240063914849249e-05	1.4596770472279574e-08	0.11567841739125145	-0.10263977243105879	False	False	False	False
4	125210862	126480885	-2.203558016251876e-05	8.24394464503897e-09	-4.859953219326652e-05	2.5519505129104392e-08	-0.24269283551125348	-0.3042257459841845	False	True	False	False
4	126480886	127275476	-9.95307813685495e-06	4.7338838753197154e-09	8.248155495938728e-05	1.3369171844660162e-08	-0.14466005084148	0.7133531559261389	False	False	False	False
4	127275477	127830292	-3.3761694674328434e-05	3.2059681899384564e-09	-1.7681091379943525e-05	8.843191591811423e-09	-0.5962722986207859	-0.1880202178468219	False	True	False	False
4	127830293	128996664	-5.419676634196026e-06	2.4452646901690595e-09	2.245778338697946e-05	6.201990636822522e-09	-0.1095999703706099	0.2851683583356266	False	False	False	False
4	128996665	130591884	4.346871331381457e-05	6.908787781379625e-09	6.966462152516898e-05	1.9535138435052368e-08	0.5229688950783231	0.49842984074302144	False	True	False	False
4	130591885	131283820	-9.977224133776963e-07	2.5524548451379934e-09	-0.0001044650396331	6.4416898848162366e-09	-0.019748344498953123	-1.3015805997538443	False	True	False	False
4	131283821	132954032	2.94978567642083e-06	6.976746213567463e-09	-2.986203559553804e-05	1.884100240708739e-08	0.03531538943813038	-0.2175541670801471	False	False	False	False
4	132954033	134628433	1.493489997793636e-05	7.189372611229829e-09	4.559191176424273e-05	1.6744409393834655e-08	0.1761395254616436	0.3523326469789931	False	True	False	False
4	134628434	136566406	9.59726990020756e-05	8.392172113311456e-09	-0.0001427985219364	2.124849044283064e-08	1.0476362501401753	-0.979624574796984	False	False	False	False
4	136566407	138541970	-5.1706933477467995e-05	1.0887071982889804e-08	-0.0001506334313275	2.9142377821588436e-08	-0.49555656639201257	-0.8823865445356792	False	True	False	False
4	138541971	139556510	-7.172934143272039e-06	6.031237929647456e-09	7.784798670283398e-05	1.7824110372379923e-08	-0.09236206043688042	0.5831005539087022	False	False	False	False
4	139556511	141084630	-8.805356666664655e-05	1.3644243258106524e-08	-0.0001078447847793	2.9209217924381548e-08	-0.7538279313678403	-0.6310142743117833	False	True	False	False
4	141084631	143443264	0.0002024217263252	1.0091955856138843e-08	0.000365547263472	2.8048770894735373e-08	2.0149740307546966	2.182662663666778	True	True	False	True
4	143443265	146178186	-3.729549084813829e-05	7.967038434551037e-09	-6.367703216226328e-05	1.6655165167554465e-08	-0.417837939474174	-0.49341044837762293	False	True	False	False
4	146178187	148521872	0.0001257426146236	9.617792595163785e-09	-0.000184796788638	2.7089715022576887e-08	1.2821675548176168	-1.1227736239031878	False	False	False	False
4	148521873	150683579	-1.3404785718769777e-05	7.605825535192624e-09	-4.933900653188062e-05	2.1093918264489592e-08	-0.15370454030460534	-0.339712690601741	False	True	False	False
4	150683580	152782183	-5.906375379314419e-05	6.475636376569861e-09	-0.0001197447606674	1.645162109306967e-08	-0.7339725501779201	-0.9335813581299276	False	True	False	False
4	152782184	154477640	0.0002181898539091	8.691117288018192e-09	-0.0001624029132204	2.7465586973436e-08	2.3404358727558217	-0.9799397463709081	True	False	False	False
4	154477641	155056125	7.529902103926688e-05	3.3345052429523604e-09	-0.0001070140702407	9.282385927383448e-09	1.3039880987163284	-1.110736573413294	False	False	False	False
4	155056126	157485096	2.5235759781459852e-05	1.4169234973037649e-08	-0.0001578618512391	4.2382495503401796e-08	0.2120035745359208	-0.7668032221603096	False	False	False	False
4	157485097	158743717	-1.7776655111448264e-05	5.227730041744604e-09	-0.0001014296684929	1.4090750893286367e-08	-0.2458631663190282	-0.8544721996530009	False	True	False	False
4	158743718	161058863	-0.0001063260107512	7.946222502070318e-09	0.0001976339238085	1.9418283096860408e-08	-1.192776733460197	1.4182607334808686	False	False	False	False
4	161058864	161826434	-3.595573189437176e-05	5.662269483170273e-09	-0.000189305740683	1.709341774000407e-08	-0.4778293982600371	-1.4479358828049589	False	True	False	False
4	161826435	163243678	-5.295451334745528e-05	9.854195242668788e-09	-0.0004202652973296	2.5583594283859556e-08	-0.5334483790856671	-2.6275001577253403	True	True	False	True
4	163243679	164478233	5.6814562641062614e-05	5.3942468516263565e-09	-2.188593212563816e-05	1.5178468180824642e-08	0.7735604536908737	-0.17764421767298136	False	False	False	False
4	164478234	165823447	0.000167081612013	7.695974796499756e-09	0.0001778237298202	2.1650997294692555e-08	1.9045695575485966	1.2085114302570616	False	True	False	False
4	165823448	167018857	3.671440636397832e-05	7.0733616695338505e-09	0.0001184291885472	2.0142566201436185e-08	0.4365395316399748	0.834451988164675	False	True	False	False
4	167018858	167852916	-1.971303419312238e-05	3.529392105869441e-09	2.8336406997256417e-05	9.656466558401087e-09	-0.33182073442853915	0.28836042788214106	False	False	False	False
4	167852917	169676824	2.452124671800414e-05	9.554351084870284e-09	-0.0002079646545965	2.7366077841208196e-08	0.25086608311661784	-1.257138856688808	False	False	False	False
4	169676825	170776509	8.795316529366355e-05	4.1282107534303635e-09	0.0001035615453844	1.119154232655906e-08	1.3688962798514486	0.9789343137738733	False	True	False	False
4	170776510	172558634	-5.375413039834259e-05	7.546827610429728e-09	-1.5586379706325585e-05	1.9526316940447394e-08	-0.6187705359286944	-0.11154114155905288	False	True	False	False
4	172558635	174264131	2.615996899582204e-05	5.573550451965332e-09	-0.000148180667005	1.532096903449961e-08	0.35040577617475627	-1.1971496087557831	False	False	False	False
4	174264132	176570715	3.51086024708112e-05	1.2217597700253666e-08	-1.3272216319841154e-05	3.597248020520756e-08	0.31762935450795626	-0.06997747380821134	False	False	False	False
4	176570716	178991909	-9.237181146578476e-07	1.4072729032374853e-08	-5.633206972122883e-05	4.0920209519354766e-08	-0.007786643609603259	-0.2784753662323264	False	True	False	False
4	178991910	180122042	-4.77954805228482e-06	5.845160337403864e-09	7.446982855773655e-05	1.6310930657414028e-08	-0.06251563082940474	0.5830972367216896	False	False	False	False
4	180122043	182066806	8.471947143243013e-05	1.7549490444039438e-08	0.0004238252940318	5.3968233260031235e-08	0.6395153630660402	1.8243903714700462	False	True	False	True
4	182066807	183371274	0.0001330583737162	1.4504851448223174e-08	0.0001996258169981	4.806749995217821e-08	1.1048048405812119	0.9105230391097684	False	True	False	False
4	183371275	184929454	2.646685257513835e-05	1.2209380869168518e-08	-0.0001904737946538	3.8609681217858344e-08	0.23952755281797877	-0.9693645336216148	False	False	False	False
4	184929455	186909089	4.711088286370136e-05	1.6217468072075826e-08	-4.072554006700009e-05	4.5889421559577116e-08	0.3699386584110405	-0.19011245081976938	False	False	False	False
4	186909090	188472980	0.0001307644712147	1.3086035602758193e-08	4.9637877874299126e-05	4.2353859459963436e-08	1.1431039176694906	0.24119411697174076	False	True	False	False
4	188472981	189693510	8.685999127297149e-05	1.2655579508473015e-08	0.0001052204064289	3.9636814690434263e-08	0.7721092636442237	0.5285068272012796	False	True	False	False
4	189693511	191043593	9.419944715145331e-06	7.891432227468956e-09	5.500542993485327e-05	2.1451723407072573e-08	0.10604017564179256	0.37555579631135955	False	True	False	False
5	11940	982251	2.2147030306004437e-05	3.7891289983562406e-09	1.9694242402628696e-05	8.512157169674008e-09	0.3597872795105808	0.2134614534007746	False	True	False	False
5	982252	2132441	-6.592130655597301e-05	1.1053828362130389e-08	0.0001889559206363	3.516971805270657e-08	-0.6270027535104207	1.0075719325313541	False	False	False	False
5	2132442	3361940	8.674609721145145e-05	1.4153377634034344e-08	1.774077210359584e-05	4.4104017418250924e-08	0.7291550657152358	0.0844760194527969	False	True	False	False
5	3361941	4632109	0.0001380887026512	8.271574530852748e-09	8.069344893123615e-05	2.2884046924130442e-08	1.5183225975014099	0.5334231544415341	False	True	False	False
5	4632110	5973232	0.0001128083080458	1.1054078982350162e-08	8.873051825575682e-05	3.2888720642461005e-08	1.0729507899565613	0.48927105981627933	False	True	False	False
5	5973233	7143217	-4.188154633220197e-05	9.901918410491518e-09	0.0001449757018073	2.9437638065145538e-08	-0.42088460096493163	0.844974765154253	False	False	False	False
5	7143218	8446335	8.649120269262298e-07	8.953050713191405e-09	-2.311451492650734e-05	2.5588369649108263e-08	0.009140846456381751	-0.1444985456287065	False	False	False	False
5	8446336	9718831	-5.233284614939096e-05	8.598327567395408e-09	1.0542567137414829e-05	2.3364097839988357e-08	-0.5643744723035087	0.06897184876738148	False	False	False	False
5	9718832	11173270	4.046953666908753e-06	1.1100533590740117e-08	2.215074037791103e-05	3.353767900005399e-08	0.038411061091331494	0.12095442049882699	False	True	False	False
5	11173271	13464831	-3.46501961790681e-06	1.0416780048681013e-08	8.507703566640368e-05	2.651609882602028e-08	-0.03394993528394528	0.5224654001264122	False	False	False	False
5	13464832	14757803	0.0001061111298427	7.97627985499871e-09	-5.857169531219533e-05	2.2493409742059452e-08	1.1881212055278532	-0.3905351668807161	False	False	False	False
5	14757804	16963612	9.219466527760116e-06	1.0300800273021436e-08	0.0003631290390343	2.8497059660488816e-08	0.09083857414157746	2.151101754776123	True	True	False	True
5	16963613	18051591	1.8819541898007773e-05	5.504730704972401e-09	-6.82052650631477e-06	1.6145669184483274e-08	0.25365358733353743	-0.053677202816936546	False	False	False	False
5	18051592	19917715	2.097721119038835e-05	1.0292284564564426e-08	-6.418490144940114e-05	2.5606010200795266e-08	0.20677206162836725	-0.4011085519989876	False	False	False	False
5	19917716	22152072	2.6283201010922053e-06	8.212434651454605e-09	-9.057784515873874e-05	2.0721115299838855e-08	0.02900295796208116	-0.6292386939715684	False	False	False	False
5	22152073	23494323	-4.945088972979449e-06	5.658354159784541e-09	4.50546328530194e-05	1.3420777362397478e-08	-0.06573990112461531	0.38891135112865094	False	False	False	False
5	23494324	26184850	-7.070782449081881e-06	1.4958785152283414e-08	-0.0001407678237459	3.7006465806392134e-08	-0.05781217557455654	-0.7317531337588762	False	True	False	False
5	26184851	26857603	1.821990269083536e-05	3.643992020045678e-09	3.210769702592828e-05	8.627163500558166e-09	0.301826483940883	0.34568070724332856	False	True	False	False
5	26857604	27984512	-3.3440463150821086e-05	4.930504459715821e-09	-2.4559485211970473e-05	1.2467196744576742e-08	-0.4762408073787452	-0.21995551357720053	False	True	False	False
5	27984513	29714819	4.022745289487276e-05	9.27110841588606e-09	-4.432321990988103e-05	2.2295549152219373e-08	0.41778871513574034	-0.29683985843881555	False	False	False	False
5	29714820	31390248	2.8609206450579674e-06	9.955410257882118e-09	-3.094162204036683e-05	2.4877767816968e-08	0.02867320441111791	-0.1961721589475692	False	False	False	False
5	31390249	33500179	0.000168206669811	1.3893674609627389e-08	0.0001693354885654	3.983878387618419e-08	1.4270350854547653	0.8483888434870998	False	True	False	False
5	33500180	35048969	-2.3797672369473448e-05	9.221804813423221e-09	-0.0001403190988764	2.6292122676225323e-08	-0.24781438829735394	-0.8653742376267359	False	True	False	False
5	35048970	36433953	3.680632794337078e-05	6.987550751770105e-09	-4.227751295660518e-05	1.9709464825683095e-08	0.44031147492481576	-0.3011424749348545	False	False	False	False
5	36433954	38802409	2.837260293574155e-05	1.209702645129408e-08	-9.983634491122894e-05	3.221784630259808e-08	0.25796445301077664	-0.556212084226674	False	False	False	False
5	38802410	40287728	1.352523838095086e-05	8.245894123811526e-09	2.5845973855098245e-05	2.1888733114503283e-08	0.14894504196423045	0.17469584978852923	False	True	False	False
5	40287729	41888709	-3.320679593291145e-05	7.849022432683375e-09	-0.0001000415171619	1.8880018292363408e-08	-0.37481692046200277	-0.7280799372927561	False	True	False	False
5	41888710	43983498	2.1300519492816696e-06	6.343874110388149e-09	-0.0001447165432441	1.3903572457005062e-08	0.02674317199200537	-1.2273119928218903	False	False	False	False
5	43983499	50163397	-9.269606950024042e-05	6.986249552392654e-09	-0.0001888485364016	1.4107169249517456e-08	-1.1090197291018764	-1.589987408139447	False	True	False	False
5	50163398	52134621	1.1140147408480757e-05	8.993025659361114e-09	-5.913048106750623e-05	2.3299787125584895e-08	0.11747298957109263	-0.38737843091756297	False	False	False	False
5	52134622	53703043	9.237958613544528e-05	9.710366839443014e-09	0.0001361368648793	2.5675724852100278e-08	0.9374717592176974	0.8495997744188989	False	True	False	False
5	53703044	55417348	-1.735498914659449e-05	9.646080305868936e-09	3.597822385394476e-05	2.196701281993048e-08	-0.17670502906759236	0.2427471936787563	False	False	False	False
5	55417349	56621101	-6.548029108571603e-05	8.131759564677572e-09	9.17032927294854e-05	2.2752714059836823e-08	-0.7261366156999692	0.607950647580751	False	False	False	False
5	56621102	57340072	-4.7018856653869555e-05	4.070534685690108e-09	-7.179173487966375e-05	1.0998135091110044e-08	-0.7369641033260339	-0.6845653663457928	False	True	False	False
5	57340073	58524621	-8.003705515967864e-05	8.786389869679187e-09	7.577560170255296e-05	2.4205461094025212e-08	-0.8538584214105623	0.48704906460216135	False	False	False	False
5	58524622	60935906	-2.3803452796831228e-05	1.0899491787387928e-08	-0.0001079690097835	2.2428600541083363e-08	-0.2280010430157039	-0.7209381873926148	False	True	False	False
5	60935907	61672994	7.722162985390089e-05	3.300804616060563e-09	3.597372021624146e-05	9.425320818244874e-09	1.3440921810649433	0.37054186394826033	False	True	False	False
5	61672995	63218986	0.000132439299712	7.523086091275471e-09	-7.334679445333347e-06	1.9045611814654963e-08	1.526929057568633	-0.05314760199119764	False	False	False	False
5	63218987	63968303	-1.5258215920140929e-05	2.5396479107993042e-09	-3.026816403646443e-05	5.322734967953328e-09	-0.3027728999940144	-0.41487633019495085	False	True	False	False
5	63968304	65911285	2.2819729653531225e-05	8.688486021180647e-09	-2.6116824210369323e-06	2.1915778938953533e-08	0.2448152355192788	-0.01764176002879465	False	False	False	False
5	65911286	67850859	5.0763285562281485e-05	1.0837158172028754e-08	-0.0001409980363483	3.1777498711519416e-08	0.48763179734988954	-0.7909576111111853	False	False	False	False
5	67850860	71240455	-1.308819609460878e-05	6.728124562077566e-09	5.817095503493622e-05	1.7033620621396274e-08	-0.1595632162417966	0.4457103394735525	False	False	False	False
5	71240456	73759325	0.000149492021052	1.4082845041390878e-08	1.506449573769302e-05	3.6697334070403454e-08	1.2597164860426981	0.07863888391679841	False	True	False	False
5	73759326	75798865	-1.918646348137251e-05	1.0185091874395373e-08	8.445970013593044e-06	2.6383804515562052e-08	-0.19011328052128662	0.05199730380512601	False	False	False	False
5	75798866	77623331	-4.65910947189911e-06	1.0753779201080146e-08	-0.0001305223643141	2.8483598112027975e-08	-0.04492854530888538	-0.7733703314513823	False	True	False	False
5	77623332	79393143	-0.0001144271716171	9.4427392935934e-09	-0.0001413052809764	2.5918937866740564e-08	-1.1775521876560493	-0.8777074661501806	False	True	False	False
5	79393144	80481470	-8.682071057915116e-06	9.061254454587486e-09	-0.0001017198221119	2.388830018574773e-08	-0.09120721038774421	-0.6581319398353029	False	True	False	False
5	80481471	82025647	3.641129601873254e-06	7.875709093712336e-09	-4.93259374085569e-06	2.3176965972794237e-08	0.0410290351735024	-0.03240015261812672	False	False	False	False
5	82025648	83972688	2.843753283097448e-05	9.553079882819012e-09	0.0002058617195486	2.6328272814731425e-08	0.2909512388488583	1.2687159838665911	False	True	False	False
5	83972689	85767289	3.897923590795827e-05	1.1479058073794212e-08	4.428697211595103e-06	2.5259689067169064e-08	0.36381465999335566	0.027865188711873278	False	True	False	False
5	85767290	87389990	1.7974127375947183e-05	4.55946069397319e-09	3.66214135203556e-05	1.0985927678938377e-08	0.26618959593223973	0.3493950399651564	False	True	False	False
5	87389991	88891529	0.0002460813600591	2.087407023219523e-08	5.1252039055196255e-05	2.043105846708029e-08	1.7032372564205982	0.35856320003291786	False	True	True	False
5	88891530	90422653	0.0001369003404789	6.651615848750353e-09	0.0001641780633898	1.654716805869713e-08	1.67857576493986	1.2763015293261457	False	True	False	False
5	90422654	91840541	0.0001883253029807	4.999566162135051e-09	0.0001741886080533	1.2507364666318914e-08	2.6634375286449745	1.5575315136202241	True	True	False	False
5	91840542	93809983	0.0002547089319977	7.748297906550251e-09	-0.0002876031703695	1.3319120363945949e-08	2.8936168170198204	-2.492045097666957	True	False	True	True
5	93809984	95963518	-2.034081289903688e-05	9.787662862895904e-09	0.0001145847757817	2.6435483421465708e-08	-0.20560269558514385	0.7047470894047707	False	False	False	False
5	95963519	97315600	5.751980031790316e-05	6.893972381232181e-09	-8.881647828847629e-05	1.4624095626215936e-08	0.6927596754910977	-0.7344445959125728	False	False	False	False
5	97315601	99260991	-7.738388999155232e-06	9.123467445405832e-09	1.468859854129526e-05	2.2449559934821868e-08	-0.08101596213857838	0.0980339372220687	False	False	False	False
5	99260992	101578768	-2.0450857563943267e-05	8.751185653179863e-09	-1.821321427054327e-06	2.0925614165993653e-08	-0.21861405267616077	-0.01259063083154603	False	True	False	False
5	101578769	103320004	8.59955444522694e-05	7.304438611038446e-09	-3.2597838095392395e-06	1.5482970016479874e-08	1.0061958660420103	-0.026197609363456387	False	False	False	False
5	103320005	104851482	0.0004889630399543	1.0403065737482614e-08	9.509973101440417e-05	1.9110484687402765e-08	4.7939705439359015	0.6879287146313449	True	True	True	False
5	104851483	105893054	-1.9429054656809925e-07	4.1510239554029655e-09	0.0001195704773318	1.0619074473106937e-08	-0.003015602190941964	1.16032761875868	False	False	False	False
5	105893055	107264195	0.0002371961572348	1.4882866683242216e-08	0.0001109359045188	2.8103633603522066e-08	1.9443048213005476	0.6617453395036699	False	True	True	False
5	107264196	108633933	-0.0001043472988264	7.715080395703727e-09	5.129813405257488e-05	2.005663705420956e-08	-1.187985071469949	0.3622200701489809	False	False	False	False
5	108633934	110821143	-0.0002101448750161	9.549082282522562e-09	-0.0001118672814999	2.4581892669072622e-08	-2.150492761973637	-0.7135023786974872	True	True	False	False
5	110821144	111981561	4.774666463959641e-06	7.237787851251931e-09	4.817160469244366e-05	2.06209957527643e-08	0.05612290137344803	0.33545656638137766	False	True	False	False
5	111981562	113396284	-5.372116172759278e-05	8.748535575051927e-09	-6.381770141654078e-05	2.26423430806684e-08	-0.5743514405702702	-0.42411191571382506	False	True	False	False
5	113396285	114830369	-4.032562905961638e-05	9.09129823291719e-09	-7.497948859065016e-05	2.3227705334571013e-08	-0.4229297138698985	-0.49197079222981915	False	True	False	False
5	114830370	115831046	-1.6342077984770277e-05	6.896494783090114e-09	-1.891429935949078e-05	1.6708195679081417e-08	-0.19678549004425738	-0.14632734137255463	False	True	False	False
5	115831047	117346212	2.2469271003590887e-05	9.613498153315241e-09	0.0001834532219997	2.5709100246336048e-08	0.2291649838843308	1.1441472072173557	False	True	False	False
5	117346213	118608819	5.15227174262719e-05	6.4438749727510985e-09	2.3774201166863694e-05	1.6753298008005348e-08	0.6418376778410306	0.18367742244960783	False	True	False	False
5	118608820	119669041	-0.0001519418170706	5.424021781093386e-09	-0.000131540210877	1.3677963871113058e-08	-2.0630825389736405	-1.124728778573054	True	True	False	False
5	119669042	120452165	1.0162259574338024e-05	4.4422264448977155e-09	0.0001585017326009	1.2404280559861504e-08	0.15247194391694346	1.4231419600878168	False	True	False	False
5	120452166	122556904	-5.091425858170812e-05	1.1860376918169918e-08	5.779228391446044e-05	2.999598186342966e-08	-0.467509218047168	0.33368625411496283	False	False	False	False
5	122556905	123798099	-1.7843104988548293e-05	7.242537564035e-09	6.136571290796895e-05	2.0487078070428455e-08	-0.20966457237545216	0.42873187446636335	False	False	False	False
5	123798100	125785648	0.0001158193436212	1.514795761260915e-08	4.193932589642055e-05	4.282570788023236e-08	0.9410312779916352	0.2026605283212603	False	True	False	False
5	125785649	127344603	-0.0002878521213995	6.58951933996551e-09	-0.0002480226318523	1.7366746495656527e-08	-3.5460313103545	-1.8820539961755212	True	True	True	False
5	127344604	129519024	2.22947549444132e-05	1.0611014749214806e-08	4.7220904437587214e-05	2.4719663445235938e-08	0.21643338110403645	0.30033989473062084	False	True	False	False
5	129519025	132139648	3.6864685287673178e-06	6.94500718732527e-09	2.9994506055942903e-05	1.563086791549825e-08	0.044235830056828775	0.23991100379632152	False	True	False	False
5	132139649	134777400	1.9101037545165296e-05	1.4079166993375478e-08	-7.233938549677209e-07	3.976509877747395e-08	0.16097872308761924	-0.0036276366626258384	False	False	False	False
5	134777401	136376049	0.0001182197228145	7.2444319168758425e-09	4.696187736832086e-06	1.7739605170896095e-08	1.388953700272502	0.03525928289568322	False	True	False	False
5	136376050	139265071	0.0001076872721394	1.1101648285648805e-08	2.4383343425195396e-05	2.2687220599491076e-08	1.0220464727477494	0.1618835085890927	False	True	False	False
5	139265072	140645970	-2.5944996903143543e-05	3.991243405730611e-09	-7.017173968275418e-05	1.0847505458440343e-08	-0.41067618237163545	-0.6737477144291308	False	True	False	False
5	140645971	142981247	4.119334496337664e-05	1.3843421395116854e-08	6.9259195396301585e-06	4.1982268999023935e-08	0.3501106640997059	0.033802162746589516	False	True	False	False
5	142981248	144943353	0.0002678659265166	1.0276072015024164e-08	0.0004943884846044	2.107092658260741e-08	2.6424325093919694	3.4058579416373607	True	True	True	True
5	144943354	147181997	0.0001113246625516	9.59550685934554e-09	8.00334160675315e-05	2.3787246747358165e-08	1.1364685642629075	0.5189186331874006	False	True	False	False
5	147181998	148662623	5.815748113510009e-08	6.552407239892167e-09	3.0387566730133e-05	1.6058036022128328e-08	0.0007184642247588469	0.239800294235978	False	True	False	False
5	148662624	150561297	5.099037126255547e-05	1.2207905377390024e-08	5.4648454861348364e-06	3.3945384357230084e-08	0.461495634162742	0.029661118361572408	False	True	False	False
5	150561298	152867773	-4.263055627190609e-05	1.2265952766236878e-08	0.0001031347217966	3.0130387402396534e-08	-0.38491989234836277	0.5941588134223936	False	False	False	False
5	152867774	153773087	0.0001406894826153	5.545908042149277e-09	0.0001672998894417	1.3941515050804314e-08	1.8891885312859356	1.4169047884365529	False	True	False	False
5	153773088	155373504	0.0001693882966241	9.495808951482088e-09	0.0003068822140242	2.5402751155474425e-08	1.7382707269932125	1.9254459940389148	False	True	False	True
5	155373505	156628699	0.0002783148390232	5.758041015769939e-09	0.0005223904709663	1.581447276867143e-08	3.6677437468857588	4.154013345098494	True	True	True	True
5	156628700	158825697	-5.298150067526182e-05	1.3014034754276905e-08	-0.0001301351352144	3.547682669909164e-08	-0.4644278707002155	-0.6909111229202801	False	True	False	False
5	158825698	159973943	1.5945833529627323e-05	7.645098788403763e-09	-1.702778951320007e-05	2.234556856022713e-08	0.1823709561366912	-0.11391018794103425	False	False	False	False
5	159973944	161482132	-4.19016468024888e-05	8.077433270640122e-09	0.0001200828545969	2.260053259412948e-08	-0.46622375975933333	0.7987698549711488	False	False	False	False
5	161482133	162743907	9.070851376423984e-05	6.001258750945142e-09	3.3124067809484844e-05	1.6510328187389803e-08	1.1709190590456269	0.2577898489072079	False	True	False	False
5	162743908	163771581	-4.788994159445755e-06	6.4473300027458185e-09	0.0002226558500486	1.7252576597200943e-08	-0.059642296503637234	1.695146073937088	False	False	False	False
5	163771582	165642394	8.698106627796003e-05	9.637704039532985e-09	-2.845334217264714e-05	2.5099123092438236e-08	0.8860085940872752	-0.17959904060140938	False	False	False	False
5	165642395	166847739	8.6218016472082e-06	7.533444834118583e-09	-5.14711667974299e-05	2.2273333429816798e-08	0.09933475411234952	-0.34488269546502376	False	False	False	False
5	166847740	168525317	0.0001159083637065	1.2278155891803956e-08	-0.0007705035188077	3.824657456822668e-08	1.0460397862594293	-3.939837902350172	True	False	False	True
5	168525318	169505663	-2.78976023506768e-05	7.029815189107919e-09	-2.0281570167044527e-05	2.0304288875963953e-08	-0.3327322721528009	-0.14233368146140657	False	True	False	False
5	169505664	171074291	0.0001127671078813	1.0487971178853364e-08	-0.0001425258699329	2.6324962568464064e-08	1.101125194439427	-0.8784353802902868	False	False	False	False
5	171074292	172678326	-0.0002724814655654	1.1847389890711167e-08	7.424322644290723e-05	3.183618555013267e-08	-2.5033733580757267	0.41609866600479206	True	False	True	False
5	172678327	173642870	0.0001641975512202	7.852826872177502e-09	4.7213861144202194e-05	2.3247812130413213e-08	1.8529071812523092	0.3096552693749503	False	True	False	False
5	173642871	175450594	-0.0001384338487005	1.5588188043833354e-08	0.0002049143481249	5.0442118931519256e-08	-1.1087776806174228	0.9123798975885095	False	False	False	False
5	175450595	177251506	-4.4266211766933714e-05	6.044508195726749e-09	4.163661473926539e-05	1.7919554507501075e-08	-0.5693664490027249	0.31103682329929067	False	False	False	False
5	177251507	178413463	-3.511365953568042e-05	1.028289327118431e-08	-6.349114348888553e-05	2.8221039636098183e-08	-0.34627284071834474	-0.37794329455944853	False	True	False	False
5	178413464	179401243	0.0001172723285333	6.7352023447233185e-09	0.0002270042822054	1.880336969286509e-08	1.4289605021622473	1.6554505307071314	False	True	False	False
5	179401244	180559932	5.053568020279106e-05	8.816925052035092e-09	7.965218148108376e-05	2.6044189503789358e-08	0.5381948542028393	0.49356260894452997	False	True	False	False
5	180559933	180885155	-2.353400188841493e-05	1.011165699739008e-09	7.621928343958336e-05	3.1709190424748743e-09	-0.7400901418080722	1.3535437083465025	False	False	False	False
6	73924	1452361	4.892678334276442e-05	1.2842478750457341e-08	2.297025670517062e-05	3.5609086900231916e-08	0.4317399495203039	0.12172658268912488	False	True	False	False
6	1452362	2458935	-3.852287369180345e-05	6.385916477604313e-09	0.0001843223056544	1.5783581290013063e-08	-0.48206661920495963	1.4671520291503994	False	False	False	False
6	2458936	3573592	0.000197322869763	1.0826675693903744e-08	-0.0001702826292354	2.7688267886961384e-08	1.896399617330599	-1.0233458982389794	False	False	False	False
6	3573593	4617816	0.000100246024721	9.547670945590066e-09	-9.70055644711985e-05	2.2269517072641395e-08	1.025931673909	-0.6500417451067185	False	False	False	False
6	4617817	5791471	0.0001076540935044	9.719164609248288e-09	-0.0001707498034486	2.4822753911149524e-08	1.0919835084245004	-1.0837652747699518	False	False	False	False
6	5791472	6785206	9.090950062417754e-06	1.0504174249152889e-08	2.793656722758853e-05	2.6972650924959284e-08	0.08870095861895862	0.17010270667123678	False	True	False	False
6	6785207	7808935	-2.0649009050580193e-05	1.0052871983578891e-08	2.296219526650004e-05	2.4145619992831108e-08	-0.20594636859879809	0.14777270564354564	False	False	False	False
6	7808936	9020025	8.061170923385364e-06	9.797214329538389e-09	-3.18953230930705e-05	1.9097295907246144e-08	0.08144169901244465	-0.23080279677066398	False	False	False	False
6	9020026	10540316	3.299520971630125e-06	1.2131013650822968e-08	-7.527133728756626e-05	2.9996749517299277e-08	0.02995727784211351	-0.43460281357230734	False	False	False	False
6	10540317	11790815	8.999825360805984e-06	8.836375438491403e-09	6.624722510079009e-05	2.054136175950488e-08	0.09574078901289862	0.46222462216621907	False	True	False	False
6	11790816	13209387	1.1077373828950426e-06	9.82965014476669e-09	5.524524273278228e-05	2.5025387557073196e-08	0.011172948108555526	0.3492243197960418	False	True	False	False
6	13209388	14802923	-6.128346173417428e-05	1.0504036096776872e-08	8.125752015712985e-05	2.5654648931185704e-08	-0.5979504356763228	0.5073182974174064	False	False	False	False
6	14802924	17386404	-6.927333601035779e-05	1.818291257472759e-08	0.0001496640735302	4.7037172236128475e-08	-0.5137293488504248	0.690076056589791	False	False	False	False
6	17386405	19207486	-8.959633612940328e-05	1.2336222594955467e-08	-1.6159582939272593e-05	2.7083676710359697e-08	-0.806676029089689	-0.0981920523257499	False	True	False	False
6	19207487	21684064	-3.973864469318977e-05	1.9020607099667097e-08	-0.0001453916444959	4.747686032201704e-08	-0.28813821663210093	-0.667265165697301	False	True	False	False
6	21684065	22748306	2.9849538992312857e-05	9.978141160392288e-09	0.0001044606381304	2.6350876686365917e-08	0.2988221638808834	0.6435097630384503	False	True	False	False
6	22748307	23936618	9.975899371188057e-05	1.07564096813853e-08	0.0001342335758855	2.5661004871172763e-08	0.9618744574730479	0.8379620104934498	False	True	False	False
6	23936619	24852274	-2.5752011026446774e-05	8.196480499393955e-09	8.318363539895789e-05	2.0893732323065542e-08	-0.28444443709345546	0.575479534041941	False	False	False	False
6	24852275	25684586	-2.5994723709139768e-05	1.0747575592760653e-08	7.199823394069346e-05	1.842675523860991e-08	-0.2507436546937437	0.5303925436786745	False	False	False	False
6	25684587	26791232	-1.066690904378066e-06	1.869560117386654e-08	-7.22804403707789e-05	1.2948994914407748e-08	-0.007801334047501743	-0.635188694593691	False	True	False	False
6	26791233	28017818	7.831917720307168e-05	8.371437406065973e-09	-2.6182790084533867e-05	9.360311012478e-09	0.8559888331317165	-0.27062678877871593	False	False	False	False
6	28017819	28917607	-2.882380920123077e-05	1.0910957788440994e-08	-4.3643635910999506e-05	9.040409309375085e-09	-0.2759433526138836	-0.45901499919911376	False	True	False	False
6	28917608	29737970	-7.989766756341475e-05	1.318078097334811e-08	-8.270262810504353e-05	1.1919267894265964e-08	-0.6959267489380302	-0.7575207267479213	False	True	False	False
6	29737971	30798167	-0.0001285838788536	1.6129884518860893e-08	-0.0001023486927174	2.4593908318484225e-08	-1.012443726068587	-0.6526322413362639	False	True	False	False
6	30798168	31571217	-0.0001002348110406	1.9679517000126433e-08	-7.738701432294695e-05	3.7379876627864014e-08	-0.7145150130093212	-0.4002664224985946	False	True	False	False
6	31571218	32682663	-0.0001044324281105	3.1971733045451835e-08	-1.7680927612327625e-05	2.3768126624843548e-08	-0.5840530371531135	-0.11468525111435418	False	True	False	False
6	32682664	33236496	-6.514629895970002e-05	2.5007291637425344e-08	-3.31690621262299e-06	1.6895206078073362e-08	-0.4119612986173549	-0.02551828274005056	False	True	False	False
6	33236497	35455755	-0.0001984049281134	3.1986114116916046e-08	-0.0002393592566927	2.565441164738802e-08	-1.1093579859372091	-1.4944080488064588	False	True	False	False
6	35455756	37572595	4.304356411671417e-05	1.4192696989674645e-08	-0.0002446404987629	3.19435256695994e-08	0.36130648729400094	-1.3687903327942226	False	False	False	False
6	37572596	39295676	0.0001008578387685	1.3519002822601088e-08	0.0001168798064463	2.8895140954277496e-08	0.8674357726518421	0.6875860786225199	False	True	False	False
6	39295677	40345114	1.0612373008272492e-08	6.003174039303772e-09	-4.024192302876897e-05	1.3605157160723394e-08	0.00013696892247736512	-0.3450062356436575	False	False	False	False
6	40345115	42038720	7.44032339071949e-06	1.2774789338786776e-08	0.0001057341604532	3.243978462703273e-08	0.06582864849017421	0.5870516866676838	False	True	False	False
6	42038721	43756168	3.0610779988414636e-05	1.1083343851505552e-08	5.961560020560307e-05	2.0948569471604803e-08	0.2907629004259583	0.41189141022692577	False	True	False	False
6	43756169	45406562	-3.0935617323972764e-05	1.2237809640971962e-08	2.810058851286704e-05	2.670472896937869e-08	-0.2796449236830298	0.17195758142732373	False	False	False	False
6	45406563	47311897	1.625735040304266e-05	1.136408154125321e-08	-0.0001673653328889	2.7581229250378778e-08	0.15250447788654117	-1.0077636669718018	False	False	False	False
6	47311898	48391124	2.396693624789501e-05	6.508795529151345e-09	-7.687316773338603e-06	1.1938251653553574e-08	0.29707233263936417	-0.07035653016425164	False	False	False	False
6	48391125	50386144	8.539559405452574e-05	1.0760999395427074e-08	-4.162839840966238e-05	1.931704349219243e-08	0.8232072006024481	-0.29951554925129753	False	False	False	False
6	50386145	52210475	0.0001654155700948	1.0634518634107085e-08	1.613288999020431e-05	2.2090575378220043e-08	1.6040483976203694	0.108544708951632	False	True	False	False
6	52210476	53279101	1.943000994155554e-05	7.834064096795297e-09	-4.9770581380357206e-05	1.9156472613476147e-08	0.21952271360471926	-0.3595960746410354	False	False	False	False
6	53279102	55468269	-0.0001210083073111	1.561399304358877e-08	-0.0001107949998591	3.3329977117347446e-08	-0.9684076136331917	-0.6068797598784713	False	True	False	False
6	55468270	56105312	3.4383737242781143e-06	4.224298239044247e-09	2.906404070072774e-05	7.419963039453695e-09	0.05290245095531504	0.3374078030386066	False	True	False	False
6	56105313	57599464	7.867097836807013e-06	5.68414735722527e-09	2.1884729115034327e-06	1.2233783993737637e-08	0.10434746121471737	0.019786126042927156	False	True	False	False
6	57599465	61880511	6.1988153338434215e-06	4.495643346837702e-09	-3.432130971303582e-05	6.089020332944908e-09	0.0924512470598326	-0.4398353591896887	False	False	False	False
6	61880512	63552887	-1.9101992669077474e-05	8.794081625899614e-09	-4.497706353669712e-05	1.3205862632344018e-08	-0.20369643481996966	-0.39138818391851493	False	True	False	False
6	63552888	65765741	4.5797464879039366e-05	1.004182906676357e-08	4.6427627153978145e-05	1.4767087493629926e-08	0.45701981063955716	0.3820577942947954	False	True	False	False
6	65765742	67329214	7.763891203649501e-05	1.2067993328782648e-08	0.0001286655900843	2.2287132926363312e-08	0.7067436420686204	0.8618572006762677	False	True	False	False
6	67329215	68849482	-7.458011599023468e-05	1.269789698474185e-08	3.799739716676651e-05	2.5385882866064112e-08	-0.6618463143837321	0.23848315713131282	False	False	False	False
6	68849483	69523447	-0.0001167155083657	5.4643720317994445e-09	3.4118790107716125e-05	1.0958484560874112e-08	-1.578913856369947	0.32592552377468065	False	False	False	False
6	69523448	71609509	7.680143889714256e-05	1.2501034269523568e-08	4.37882849075278e-05	2.3589409451539012e-08	0.6869045353859754	0.28510143339656074	False	True	False	False
6	71609510	73450096	0.0001079981288979	1.24670875900884e-08	0.000149151085214	2.901193421312593e-08	0.9672388363730219	0.8756651696602081	False	True	False	False
6	73450097	75462002	-5.567169046837392e-05	1.2073176484593257e-08	-0.00010389487215	2.3511433744996563e-08	-0.5066681845142369	-0.6775706041484392	False	True	False	False
6	75462003	77414880	2.2404519689555903e-05	8.616352833078528e-09	1.561948824301673e-05	1.5607830631670253e-08	0.24136478139818304	0.1250246158223441	False	True	False	False
6	77414881	78957727	8.967034200121756e-05	9.769648999250716e-09	-1.9816467347074432e-05	1.8679157452921075e-08	0.9072131689732622	-0.14499318654250615	False	False	False	False
6	78957728	80691169	-6.53858449646173e-05	1.1201276135275523e-08	2.953497400861837e-05	2.3364800205490448e-08	-0.6178029654247816	0.193221548005882	False	False	False	False
6	80691170	81929221	-2.912912003998577e-05	8.19686254524376e-09	2.1786373938245888e-05	1.4223404873863625e-08	-0.32173887510254806	0.18267670405885297	False	False	False	False
6	81929222	83127148	-7.566737538963034e-05	6.113146724816391e-09	-2.366933036474144e-05	1.2986896010929048e-08	-0.9677791478669608	-0.20769846641263118	False	True	False	False
6	83127149	85209988	-4.975456749364088e-05	8.545808219446951e-09	0.0001223015418217	1.76317702131224e-08	-0.5382157272450921	0.9210516257787029	False	False	False	False
6	85209989	87069499	-7.23904311743268e-05	1.1693511734722657e-08	-8.266056346926385e-05	2.1530192419559225e-08	-0.6694354172662603	-0.5633449503476451	False	True	False	False
6	87069500	88822139	-4.703834671667509e-05	9.975062947585357e-09	-5.2815481785652744e-06	1.9002815693756762e-08	-0.4709710652264692	-0.0383135388526703	False	True	False	False
6	88822140	89973051	7.859853993144623e-06	7.878402269135872e-09	2.7552459429415183e-05	1.6229046368723604e-08	0.08855139403601164	0.21627876003482335	False	True	False	False
6	89973052	91843195	-9.878459207008896e-05	1.228167846994372e-08	-9.962582111500964e-05	3.0410412992309095e-08	-0.8913747938497764	-0.5712954362986524	False	True	False	False
6	91843196	93428643	3.614782596375339e-05	9.181543857146771e-09	-0.0003476193306027	2.044158437460327e-08	0.37724572427201664	-2.431345301316158	True	False	False	True
6	93428644	94118141	2.127884651190417e-05	6.952352543083585e-09	1.6999649534347658e-05	1.4043991884181133e-08	0.2552008924112506	0.14344806129644344	False	True	False	False
6	94118142	94441174	2.2867017515914768e-05	1.3205051355189226e-09	-3.35705874859701e-05	2.5413621821047406e-09	0.6292735493502816	-0.6659255223171189	False	False	False	False
6	94441175	97093510	8.010826530485628e-05	1.3326021754026824e-08	0.0002228780723908	2.7851540603926113e-08	0.6939482238179538	1.3354964300993397	False	True	False	False
6	97093511	97842283	3.323187188353649e-05	3.963821395847271e-09	-1.2707648001543372e-05	8.558455893443132e-09	0.527834491738896	-0.13736227279916394	False	False	False	False
6	97842284	100630145	0.0001560752496165	1.4753641239845245e-08	8.290734201243522e-05	3.3416926051291223e-08	1.2849446747784177	0.45353388816027956	False	True	False	False
6	100630146	102636771	0.0001020891213948	9.042533033814e-09	-0.0001074370466438	1.82780030595554e-08	1.073580004632809	-0.7946752525045074	False	False	False	False
6	102636772	103983394	-1.680473843518645e-05	7.414937101753169e-09	1.2099253448128875e-05	1.4315956796691481e-08	-0.19515425348227863	0.1011226366127134	False	False	False	False
6	103983395	106056732	-7.866466085093493e-05	1.2181307051439757e-08	-9.50212305694648e-05	2.56625788497224e-08	-0.712742620345109	-0.5931581500805904	False	True	False	False
6	106056733	107450305	6.63529039219204e-05	1.2715300606033923e-08	7.370353789887743e-06	3.278758702081374e-08	0.588432455324571	0.04070367360572444	False	True	False	False
6	107450306	108464379	-4.141084164766169e-05	5.5313516632148e-09	-2.478044844849901e-05	1.3555214733994885e-08	-0.5567989687340656	-0.21284132828367588	False	True	False	False
6	108464380	110304246	-2.800970611018889e-05	8.155432186866269e-09	-2.8226657478121013e-05	1.46909677171935e-08	-0.31015948123256315	-0.23288110389095426	False	True	False	False
6	110304247	112345013	-0.0001593661677156	1.0822127082503391e-08	-0.0002255090413772	2.1333661855651543e-08	-1.5319331514863272	-1.5439429731291976	False	True	False	False
6	112345014	114220832	0.0002458243978364	1.0985862766550432e-08	0.0001167819915488	2.1754352731126716e-08	2.345351279458709	0.7917768400620754	True	True	True	False
6	114220833	116131395	1.1818949904605858e-05	1.0566603904194428e-08	2.8887288184304497e-05	2.0880479563718333e-08	0.114977054308057	0.19991093001984425	False	True	False	False
6	116131396	117672971	-1.2426406468027006e-05	7.834686304503343e-09	-0.000108114847483	1.659781853988778e-08	-0.14038953938955934	-0.8391890992051105	False	True	False	False
6	117672972	118963114	0.0001270425082453	6.711442035428817e-09	-8.768642557550008e-06	1.4364182710927325e-08	1.5507476716039361	-0.07316306764189864	False	False	False	False
6	118963115	119963277	-0.0001571667698853	6.0298950911995904e-09	-0.0002158572726187	1.2600175766023841e-08	-2.023978288358521	-1.9229960126497558	True	True	False	False
6	119963278	120512127	-2.748285228689317e-05	3.5647198409646863e-09	-7.04220564868923e-05	7.166235765533264e-09	-0.4603086137893779	-0.8318847391073019	False	True	False	False
6	120512128	121905675	-2.664006205099767e-05	8.261395893385067e-09	-5.645099506845247e-05	1.7047338839511668e-08	-0.2930950709434585	-0.4323578066160467	False	True	False	False
6	121905676	123856180	-1.872763582809949e-05	1.2143212744256704e-08	-4.310779041412765e-05	2.5198657271049418e-08	-0.16994803744872042	-0.2715607896433431	False	True	False	False
6	123856181	125424382	0.0001415261205696	9.994593108063948e-09	6.0064973060838285e-05	2.5536460063584006e-08	1.4156439691400633	0.37587283502851293	False	True	False	False
6	125424383	127540460	6.665331201533679e-05	7.105434799290296e-09	3.4815637405765135e-06	1.4461166758223456e-08	0.7907267027842795	0.028951607580127416	False	True	False	False
6	127540461	129861030	-4.339454241637241e-05	1.0082143252984434e-08	-0.0002925751801227	2.078504341780125e-08	-0.4321740452977447	-2.0293736312667354	True	True	False	True
6	129861031	130935453	7.087416785872551e-05	9.11812420018158e-09	-7.769075276242003e-06	1.8778626780140342e-08	0.7422243893227259	-0.05669404109402281	False	False	False	False
6	130935454	132765668	-3.85355958410632e-05	1.1133511059144031e-08	7.357579949423576e-05	2.7226008470276677e-08	-0.36521281323887467	0.4459056777711622	False	False	False	False
6	132765669	134244242	2.352141647202573e-05	9.312597926121697e-09	5.396872318381029e-06	2.2314958982646557e-08	0.24374069511333538	0.03612801470433666	False	True	False	False
6	134244243	136224176	-1.375832699576812e-05	1.0261228939752856e-08	-0.0001827330624578	2.3471147344472252e-08	-0.1358206918922618	-1.1927515038415795	False	True	False	False
6	136224177	137614217	-1.7893246942352976e-05	4.3345470526219086e-09	-0.0001055064006645	1.0044999930165957e-08	-0.2717798751310466	-1.0526980982548182	False	True	False	False
6	137614218	138822628	4.845938916777832e-05	8.971924977362297e-09	-8.216051697634982e-05	2.2997961736846745e-08	0.5116053988618947	-0.5417744123763105	False	False	False	False
6	138822629	139845435	-1.0444599737548864e-05	8.133372246142426e-09	0.0001463186618707	2.1393859628816853e-08	-0.11581277734425899	1.0003573093337865	False	False	False	False
6	139845436	142288478	-8.786073900329934e-06	1.0287039365790156e-08	6.587313179779662e-05	2.0012603315195757e-08	-0.08662627722564871	0.4656466877295635	False	False	False	False
6	142288479	145319809	0.0002602344671746	1.6777752244065635e-08	-0.0001871277505843	3.930652807598905e-08	2.009083229254552	-0.9438562475027121	True	False	True	False
6	145319810	146665423	-2.94192885608902e-06	5.775748635555099e-09	-4.7883487925039946e-05	9.269258574830523e-09	-0.03871043253616549	-0.49735132470979426	False	True	False	False
6	146665424	148920351	9.69357855669676e-05	1.6862795183348733e-08	2.398001154466445e-05	4.3630693079385265e-08	0.7464820200042236	0.11480302506992296	False	True	False	False
6	148920352	150253403	-0.0001753746937424	8.631642291866466e-09	-7.02313935219459e-05	1.6350133763912112e-08	-1.8876445065410452	-0.5492507146661005	False	True	False	False
6	150253404	151912702	5.983864832809497e-05	1.8300234361107963e-08	-0.0001190909480086	4.8085021172726635e-08	0.4423371842803935	-0.5430925516492463	False	False	False	False
6	151912703	153094495	-1.7139499765651697e-05	8.354327508673156e-09	-0.0001791982509087	1.7430902685205537e-08	-0.18751775466472348	-1.357293681032008	False	True	False	False
6	153094496	154974119	-4.092460413213664e-05	1.4914132397188327e-08	-5.0227572549308114e-05	3.2700900792170885e-08	-0.33510853568233606	-0.2777552852195071	False	True	False	False
6	154974120	156763325	2.274281033358006e-05	1.4305730185398327e-08	-8.508511056306505e-05	3.7329981700402936e-08	0.19014684099563048	-0.4403770511558445	False	False	False	False
6	156763326	158218718	0.0001063586037128	8.194064242595807e-09	0.0002657174064923	2.0852695129673988e-08	1.1749596295962736	1.8400893341352613	False	True	False	False
6	158218719	160580496	-0.000153994606735	1.719788971552944e-08	1.5013649008055626e-05	3.391256920773167e-08	-1.1742699066603004	0.08152783546200021	False	False	False	False
6	160580497	162169563	7.810994052508379e-05	1.3316671384089792e-08	-8.81129769753896e-06	3.007382954721571e-08	0.6768749871635935	-0.050809568603524966	False	False	False	False
6	162169564	162931202	3.50538329969908e-05	6.743482361541478e-09	-3.341221492826703e-05	1.6365890559464713e-08	0.42686780442842337	-0.2611773103118686	False	False	False	False
6	162931203	164383520	0.0001948399267995	1.2331288426649414e-08	0.000446669058493	2.7562336859425506e-08	1.7545822427435773	2.690468124572426	True	True	False	True
6	164383521	165586863	-1.9131293560542337e-05	1.0778096447905505e-08	9.745213025657358e-05	2.4666105622993068e-08	-0.18427792060227813	0.6204989395197927	False	False	False	False
6	165586864	167024732	6.980741537081442e-05	1.4877503960589382e-08	8.47685995009774e-05	3.9396154589986744e-08	0.5723168351564202	0.4270788765036733	False	True	False	False
6	167024733	168042834	2.709706036421427e-05	7.966308038988949e-09	-5.54488527773478e-05	1.760318914580519e-08	0.3035943123232955	-0.4179235914361562	False	False	False	False
6	168042835	169382049	-3.335286070871535e-05	1.4028496538703123e-08	-0.0001744462598882	3.4908464505326925e-08	-0.2815966766630675	-0.9336762022233371	False	True	False	False
6	169382050	170330172	4.3429935366336306e-05	7.906636315041006e-09	1.152440974296889e-06	1.792572139038987e-08	0.4884198451775502	0.008607566167600554	False	True	False	False
6	170330173	171051269	0.0001199028736619	4.963493614594582e-09	0.0001017070855669	1.1646543862931453e-08	1.7019071311539373	0.9424377556966979	False	True	False	False
7	16161	972751	-4.511025026800942e-05	2.916653121488769e-09	-3.7590756484904006e-05	8.235086075039105e-09	-0.835281467629158	-0.41423519382254503	False	True	False	False
7	972752	1353066	-9.811011878697133e-06	2.3841055310060622e-09	-1.139771738308057e-05	5.883779460493915e-09	-0.2009329053553962	-0.1485900370899383	False	True	False	False
7	1353067	2062397	0.0001922529470982	8.604882818503872e-09	6.7325240502059985e-06	1.0343767258308653e-08	2.072528568351365	0.06619703589342442	True	True	False	False
7	2062398	2772226	-7.973464730984473e-05	9.99261040976426e-09	-0.0001667471543724	1.57462385615224e-08	-0.7976412396594241	-1.3288318158124615	False	True	False	False
7	2772227	4573427	0.0002782066336046	1.7003525953257e-08	0.000218415623719	4.251568211921888e-08	2.133526231582403	1.0592759826790892	True	True	True	False
7	4573428	5416231	-9.475198553384072e-05	7.3252893319723875e-09	-0.0001723132723437	2.1478853427380336e-08	-1.1070721558847256	-1.175745114610704	False	True	False	False
7	5416232	5854525	0.0001095486034906	2.185962821514439e-09	0.0001645065537219	6.603990688896393e-09	2.3430710600963427	2.024323786314585	True	True	False	False
7	5854526	6573856	-2.1673665110149364e-05	4.448051843772291e-09	-0.000272554499944	1.238246744719177e-08	-0.3249731187742632	-2.4493438592547383	True	True	False	True
7	6573857	7808751	-2.733361111120948e-05	8.261700040190615e-09	-6.430748942454198e-06	2.170869417986466e-08	-0.3007199910401027	-0.0436460257641873	False	True	False	False
7	7808752	9123422	2.490337291062109e-05	1.245597667761984e-08	8.690979655197804e-05	3.379612849833379e-08	0.2231358125508862	0.47275404877356986	False	True	False	False
7	9123423	9987498	3.8209234738956307e-05	8.666516710749856e-09	3.238428600758712e-05	2.3610661493644237e-08	0.4104365706599131	0.21075614637706655	False	True	False	False
7	9987499	11299197	1.786268919038772e-06	9.792860103837808e-09	-4.6893591747725534e-05	2.497448561854411e-08	0.018050617622817	-0.2967325727921677	False	False	False	False
7	11299198	12635460	5.263683625478965e-05	1.3417139006056152e-08	0.0001595566106968	3.661062284577493e-08	0.4544224914271001	0.8338947578365893	False	True	False	False
7	12635461	13884201	1.166524181550065e-05	1.161862247699906e-08	0.0002614396292769	2.9165480914945304e-08	0.10822221681594052	1.5308648381674983	False	True	False	False
7	13884202	15143656	-9.430251607983298e-05	8.949478397621303e-09	4.344243572374043e-05	2.4691616558410594e-08	-0.9968376168490333	0.2764645206505815	False	False	False	False
7	15143657	16902068	-3.795197175373665e-05	1.4610386590044194e-08	-0.0002511401893706	4.2885368471148824e-08	-0.31398108824449766	-1.2127230841975698	False	True	False	False
7	16902069	19481546	-0.000119673120749	1.66659936146379e-08	-0.0002104616535806	4.7232574167029934e-08	-0.9270027251200099	-0.9683941800135076	False	True	False	False
7	19481547	20124907	1.226513618978617e-05	3.765951316944671e-09	-9.161264795603246e-07	8.085215368296043e-09	0.199864206710321	-0.01018848568693729	False	False	False	False
7	20124908	22507628	6.0504637044411826e-05	2.130812821010569e-08	-0.0001767321939356	6.082452243574954e-08	0.41449186318054754	-0.7165991932535724	False	False	False	False
7	22507629	23471441	3.530590386050163e-05	5.242505139278929e-09	1.0605183910117574e-05	1.3126243240605265e-08	0.4876159486618996	0.0925652504075889	False	True	False	False
7	23471442	25077258	6.026047966503292e-06	1.2069524743009012e-08	2.1873587640415815e-05	2.942475813083004e-08	0.05485137256898617	0.12751567369839822	False	True	False	False
7	25077259	25909554	0.0001301511880698	7.086539514734306e-09	-4.187396322851e-06	1.8311103865764592e-08	1.5460766825348804	-0.030944737593482062	False	False	False	False
7	25909555	28360308	0.0001915113977864	1.4910239524457207e-08	-0.000327090082718	3.7861694628812074e-08	1.5683836851533652	-1.6809986027009904	False	False	False	True
7	28360309	31137288	9.079276091486552e-05	2.057515498956542e-08	-8.717655762067637e-05	5.8627853317376803e-08	0.6329649545755587	-0.3600374851757809	False	False	False	False
7	31137289	33555767	9.177595128784293e-05	1.5823080335146444e-08	0.0001300116008883	3.7843028501288345e-08	0.7295975690334239	0.6683272413756471	False	True	False	False
7	33555768	36213537	-0.0001889338734418	1.4224975303336648e-08	4.152811796699225e-05	3.625596308057953e-08	-1.5841053760212482	0.21809842362087858	False	False	False	False
7	36213538	37555183	8.955930171396858e-06	9.91901636893128e-09	-0.0003053605183989	2.8870986569363933e-08	0.08992416116125643	-1.7971406672103314	False	False	False	True
7	37555184	38966702	-1.5387750648259968e-05	1.1418602697014484e-08	6.336050884431011e-06	3.1185444604365155e-08	-0.1440020447992265	0.03587919465902203	False	False	False	False
7	38966703	39862669	5.527982557713614e-05	5.236365701956201e-09	0.0001522123203136	1.3958042995301256e-08	0.7639266823085135	1.28836091299437	False	True	False	False
7	39862670	42001810	4.413981068327202e-05	8.520021673004173e-09	4.053765789549525e-05	2.1773043562012428e-08	0.47820059964943007	0.2747255696235941	False	True	False	False
7	42001811	43159073	6.0854690556518506e-05	6.791505516416488e-09	-5.265870662033787e-05	1.4718773181445111e-08	0.7384328856852086	-0.4340446240554992	False	False	False	False
7	43159074	44763827	7.24187173072174e-05	8.17778010665597e-09	0.0001267709692651	1.8743811786773572e-08	0.8008166866215473	0.9259570731816325	False	True	False	False
7	44763828	45952921	7.67096066639417e-05	6.559629592566703e-09	-7.249772638206959e-05	1.6545089890346565e-08	0.9471311006586525	-0.5636244457600994	False	False	False	False
7	45952922	46986719	-1.88003515201471e-05	6.641396676786524e-09	-8.652970100107339e-05	1.662158859461493e-08	-0.23069397874471345	-0.6711644403829662	False	True	False	False
7	46986720	49212277	2.157715209749139e-05	1.580117935755598e-08	0.0002823061039938	3.8701366108891665e-08	0.17165219904128118	1.4350172473637193	False	True	False	True
7	49212278	51675321	4.86225566341652e-05	1.41237792618607e-08	5.3970058542950625e-05	3.2398245355703425e-08	0.40913094606042455	0.29984177775078186	False	True	False	False
7	51675322	53176311	-6.234309283544118e-05	1.3089664799812997e-08	2.4630915378754995e-06	3.1187115135186055e-08	-0.5449091256596904	0.013947390175808693	False	False	False	False
7	53176312	54222975	-2.9887720729234937e-05	7.764571583609029e-09	-8.283067236630652e-05	1.9310263283719403e-08	-0.3391829768277064	-0.5960697593051372	False	True	False	False
7	54222976	55691583	6.765091547593962e-05	9.183358691718113e-09	-9.137067464456543e-05	2.1195633725067018e-08	0.7059483120453351	-0.6276010024160162	False	False	False	False
7	55691584	57382637	3.401221950493258e-05	7.555657405154928e-09	6.740503306641761e-05	1.4845436704989851e-08	0.3912900859944347	0.5532174076473148	False	True	False	False
7	57382638	63307358	-1.0272653539025002e-05	2.532872548856263e-09	-3.624825570606773e-05	6.184980377095778e-09	-0.2041154940662263	-0.4609119304885575	False	True	False	False
7	63307359	63641124	-1.0050750291854337e-05	1.170407549220703e-09	-1.4416633992030684e-05	2.086506117512866e-09	-0.29378520841320327	-0.3156123882628355	False	True	False	False
7	63641125	65689808	3.587536139854301e-07	7.283056717347987e-09	4.69687426235456e-06	1.3339988705409164e-08	0.004203774763802058	0.040665976291882525	False	True	False	False
7	65689809	68234073	1.046899936700958e-05	1.782623803717531e-08	-6.170188770796058e-05	3.168159769371122e-08	0.0784106985285866	-0.34665296058589606	False	False	False	False
7	68234074	69085363	6.439317922393844e-05	4.941883327848863e-09	-7.306353047837951e-05	1.317740385652439e-08	0.915996097981722	-0.6364814131025603	False	False	False	False
7	69085364	71874884	-0.0004154524944007	1.8788836887447537e-08	-0.000290574538841	3.6257600704668776e-08	-3.030898709226513	-1.5260122723728224	True	True	True	True
7	71874885	73334601	-1.0353338216046772e-05	3.3223224238329723e-09	-5.833124292084186e-05	7.176051142919063e-09	-0.17962199381025146	-0.6885864427851206	False	True	False	False
7	73334602	76458563	9.602153237375998e-05	8.717962276352321e-09	0.0001169611955631	2.2500106570770194e-08	1.0283978019235152	0.779739457146531	False	True	False	False
7	76458564	78093858	1.706671155452018e-05	1.1068605956033812e-08	-8.426896561649548e-05	2.8728009677319848e-08	0.1622196220154896	-0.49718142397868004	False	False	False	False
7	78093859	79888068	0.000106461655604	9.944540041507106e-09	7.937761301197966e-06	2.3296230911523924e-08	1.0675810721507581	0.05200620981588245	False	True	False	False
7	79888069	82022685	4.766758568008319e-05	1.1381613200943745e-08	4.865630331117264e-05	3.150594488673182e-08	0.4468083130602435	0.27412134598259924	False	True	False	False
7	82022686	83801202	0.0003321429000456	1.4039882725080514e-08	0.0001630882478556	2.9168883326703225e-08	2.803129960289504	0.9549107120668618	True	True	True	False
7	83801203	85572181	-3.3670045250386244e-05	6.773482919748588e-09	-3.506103202369402e-05	1.4128537833793126e-08	-0.4091077248882102	-0.29496880311361123	False	True	False	False
7	85572182	87825003	5.516010476143937e-05	8.238080187567887e-09	0.0001045665290079	1.8976781193797722e-08	0.6077319583165782	0.7590692827375012	False	True	False	False
7	87825004	90661783	4.706069263913792e-05	1.5643696872852384e-08	-6.487247942798849e-05	3.635877201051933e-08	0.37626049179009285	-0.34021690825379697	False	False	False	False
7	90661784	92493751	-1.7362671671857104e-05	5.636865714694492e-09	1.716110449480435e-05	1.0953300580360112e-08	-0.23125850212996782	0.1639731474118995	False	False	False	False
7	92493752	93966600	2.2489809799464614e-05	5.713561148313706e-09	1.482219917012683e-05	1.6219713419365913e-08	0.2975310827392245	0.11638340429014689	False	True	False	False
7	93966601	96073507	-3.6822671556031e-05	9.963814975573821e-09	-0.0001423441197927	2.6690562153227036e-08	-0.36889474368888775	-0.8712858696101604	False	True	False	False
7	96073508	97099569	4.472514356069322e-05	4.995793182063011e-09	-1.5058187498641922e-05	1.3037560445515722e-08	0.632775299089683	-0.13187866222950853	False	False	False	False
7	97099570	98715473	3.5441843461573516e-05	7.852827209152279e-09	6.491973058303494e-05	1.857044250498059e-08	0.39994777248352614	0.47639323164803626	False	True	False	False
7	98715474	100196650	-4.087073208773308e-06	3.6994250339042572e-09	4.614016609943582e-05	8.84123103754122e-09	-0.06719629088490962	0.49070759940126013	False	False	False	False
7	100196651	101199252	8.675963078230645e-05	6.68577629781527e-09	0.0001509899067785	1.7544107073474023e-08	1.0610644753595002	1.1399407592035522	False	True	False	False
7	101199253	103197509	2.1948165920354168e-05	8.824717043135127e-09	7.843859342895026e-05	2.1626085751460544e-08	0.23364034569108777	0.5333850475371821	False	True	False	False
7	103197510	104159524	2.5188327774294655e-05	7.574833780663336e-09	-3.215822476574488e-05	1.9965082966252163e-08	0.2894094996949159	-0.22759174553245853	False	False	False	False
7	104159525	105682904	0.0006121489264917	1.1265260679441722e-08	8.6159488759349e-05	1.9635458610440933e-08	5.76748494199269	0.6148689873613059	True	True	True	False
7	105682905	107780177	1.960002754855699e-05	1.1104503444810731e-08	6.912932265749445e-05	2.6307661628889357e-08	0.18599750141529328	0.4262075885220423	False	True	False	False
7	107780178	109647593	0.0002440845804867	8.561296015734226e-09	9.42233885896062e-05	1.9196075378373104e-08	2.6379744684501385	0.6800682436120445	True	True	True	False
7	109647594	112618683	-0.000218288117338	1.8285725534092172e-08	-0.0001355831364501	3.3592656204554656e-08	-1.6142619008397436	-0.7397474956924522	False	True	False	False
7	112618684	113712386	0.0002316808697738	3.783426244112673e-09	0.0002003444707566	8.654691461898092e-09	3.7665829738291743	2.1535331728783205	True	True	False	False
7	113712387	116780177	0.0001338202152444	1.6853372079030035e-08	-0.0002224821215692	2.5242210624708212e-08	1.0308092797650497	-1.4003333247362786	False	False	False	False
7	116780178	118351580	-0.0001056607793448	5.161210039382458e-09	5.594684277963346e-05	1.0730901460908455e-08	-1.4707472431473683	0.5400792349673971	False	False	False	False
7	118351581	121045272	-5.8947411321401056e-05	6.761837158340565e-09	8.236300175963633e-05	1.3269713480647921e-08	-0.7168567582328408	0.7149923472579185	False	False	False	False
7	121045273	121933629	-1.18497597630716e-05	3.997950091541591e-09	7.115780655334317e-05	1.017383290152481e-08	-0.18740918049770464	0.7054727648888782	False	False	False	False
7	121933630	124156804	0.000101742516314	1.0140278606962834e-08	3.6663815821127014e-05	2.3504412269723665e-08	1.01036322556916	0.239145913748492	False	True	False	False
7	124167552	126519169	-3.216490983994838e-05	1.2002455527444078e-08	-8.387737035958238e-05	2.2573172551220023e-08	-0.29359407418141253	-0.5582754184420194	False	True	False	False
7	126519170	126869220	-1.630197141093142e-05	1.5945022926162272e-09	1.1816817695522056e-05	4.496189740789986e-09	-0.40825127821172846	0.17622934226319076	False	False	False	False
7	126869221	128778385	-0.0001247962665899	8.589714193105404e-09	-0.0001825268079926	1.936438200728202e-08	-1.346518226192583	-1.3116707628226318	False	True	False	False
7	128778386	130422413	-5.609298427619389e-05	8.180132003857802e-09	-3.39758270697626e-05	2.0125032826442533e-08	-0.6201951848665149	-0.2394979160348894	False	True	False	False
7	130422414	132805847	6.212273030593333e-05	1.5313086447299578e-08	4.437180909329371e-05	4.267891249640836e-08	0.5020178595462105	0.21478327663592128	False	True	False	False
7	132805848	134307595	0.0001676029946824	5.854352896706217e-09	5.6805159872993095e-05	1.251865823401581e-08	2.19049529794442	0.5077020241594318	True	True	False	False
7	134307596	135591082	8.12718041202137e-05	7.6218860090633e-09	-0.0001965562069156	1.8858859555423993e-08	0.9309121013756686	-1.4312946552247483	False	False	False	False
7	135591083	136876561	-5.451384829309191e-06	6.694925158123376e-09	9.210779507281685e-05	1.7333472739241694e-08	-0.06662450233772593	0.6996061123039855	False	False	False	False
7	136876562	138744678	-0.000127325476234	1.0966314243147464e-08	-0.000117075159371	3.2052193976956386e-08	-1.2158639052103275	-0.6539369485803028	False	True	False	False
7	138744679	139933176	-4.923867288938061e-05	4.804888839411252e-09	4.9920336200203754e-05	1.1197545806689278e-08	-0.710337376018162	0.47175452840522725	False	False	False	False
7	139933177	140235209	-3.322839339388975e-05	3.034571070828494e-09	-3.8484005391774185e-05	8.845322419118708e-09	-0.6031991027136815	-0.4091885124754687	False	True	False	False
7	140235210	141226556	-7.223000108369381e-05	4.535423360020857e-09	4.95738789814685e-05	8.364909832662871e-09	-1.0725281633518828	0.54202868447956	False	False	False	False
7	141226557	142656309	-8.909001361553945e-06	5.4268927528235605e-09	7.455837068080461e-05	1.1578703185297876e-08	-0.12093538896742904	0.6928934378029523	False	False	False	False
7	142656310	144968288	-2.0588496081888703e-05	9.051418265003584e-09	-7.20730197757461e-05	2.2434200944444233e-08	-0.21640450977995512	-0.4811909116044142	False	True	False	False
7	144968289	146427959	-2.9097284325194823e-05	6.813675813671605e-09	-0.0001740342314089	1.3685822179330294e-08	-0.3525021129279496	-1.4876447473265089	False	True	False	False
7	146427960	147815317	0.000160116795366	9.088843976808977e-09	-0.0001231911155517	2.2266717765413755e-08	1.6795098889151738	-0.8255650249164054	False	False	False	False
7	147815318	149840657	-4.890456371642155e-05	1.084141683166516e-08	-0.0001269487430491	2.783627428980017e-08	-0.4696846506281609	-0.7608917084450746	False	True	False	False
7	149840658	150711504	1.1526830433370872e-05	5.693924172044189e-09	-2.336060179859774e-05	1.3825237289582325e-08	0.15275803558901146	-0.19867706219502304	False	False	False	False
7	150711505	152249805	5.523205391401034e-05	8.946710722796341e-09	3.959144443272437e-05	2.6630017533706596e-08	0.5839282625734435	0.24261386719356393	False	True	False	False
7	152249806	153674018	3.22932765615385e-06	1.0691458798255184e-08	-0.0001184479457994	2.912490162991817e-08	0.031231556479508357	-0.694057257300592	False	False	False	False
7	153674019	154964729	-1.7399685836674105e-05	9.354939800718554e-09	2.321398624868712e-05	2.7196731393160072e-08	-0.17989575204773597	0.14076392462036819	False	False	False	False
7	154964730	156065249	0.0002143853868566	1.0626407885966326e-08	0.0003186115531261	2.9012239994101338e-08	2.079705968850538	1.8705567515243111	True	True	False	True
7	156065250	157634596	7.375126065185846e-05	1.1397310309143953e-08	-3.284169448466926e-05	2.9874700506988055e-08	0.6908253438394644	-0.1900088268662413	False	False	False	False
7	157634597	159128574	-3.703866306643672e-05	1.0228340292886808e-08	-1.0024400641877124e-06	2.5717117568458732e-08	-0.36622898890312033	-0.006250967925510531	False	True	False	False
8	10422	1044216	-5.099530972331771e-05	8.863176399068017e-09	-0.0002756586849686	2.5488052011685365e-08	-0.5416709406885661	-1.7266462019503175	False	True	False	True
8	1044217	1163244	2.0806365165570894e-05	2.122172692160439e-09	7.76021312008254e-06	6.541260438087782e-09	0.45165399442311843	0.09594954688348661	False	True	False	False
8	1163245	2042941	8.14245090332033e-06	1.1374772639487865e-08	7.644073201125148e-05	3.331655620368315e-08	0.07634556021207967	0.4187885366558614	False	True	False	False
8	2042942	2573278	0.0001208087174071	6.199702143236102e-09	7.550862106663316e-05	1.529332788312944e-08	1.5343091009748397	0.6105841683436918	False	True	False	False
8	2573279	3392925	3.555114160881435e-05	1.3729346759832615e-08	-6.734254328580384e-05	4.108643690792457e-08	0.3034091083690312	-0.3322310923067465	False	False	False	False
8	3392926	3783016	-2.2455070901957253e-05	7.778287325625439e-09	6.776211431060786e-06	2.2170047258837692e-08	-0.2546082312198434	0.045509665030111376	False	False	False	False
8	3783017	4480475	-5.65718801343066e-05	1.4149444867244258e-08	-0.0001737472649977	4.352040814833488e-08	-0.4755880261371559	-0.8328590268207358	False	True	False	False
8	4480476	5146926	0.0001137598313364	9.768260045657384e-09	2.689319255004232e-05	2.7426187434861593e-08	1.1510132767108112	0.16239013448535977	False	True	False	False
8	5146927	6142796	-1.5557612821928494e-05	1.5177258308475745e-08	-5.606526880593781e-05	4.024831467191702e-08	-0.12628340877070832	-0.27946026004873786	False	True	False	False
8	6142797	7153078	1.6643977749554758e-07	9.500078188782424e-09	9.072470770539812e-05	2.5547156102927858e-08	0.001707629059143951	0.5676155660021525	False	True	False	False
8	7153079	9154693	0.0001872816670483	1.1635894124725774e-08	0.0001210131124041	2.8619487939274553e-08	1.7361825464502574	0.7153218670186454	False	True	False	False
8	9154694	9640786	7.74263208695091e-05	4.120415069530125e-09	5.1754126140771486e-05	8.638944906586169e-09	1.2061967101130942	0.556819745922363	False	True	False	False
8	9640787	10463196	0.0001754255164688	9.889683862027868e-09	0.0001419541225555	2.4094806455262368e-08	1.7640120980918927	0.9145054300599489	False	True	False	False
8	10463197	11278997	9.192279469617248e-05	7.039997678241697e-09	0.0001141573354112	1.8534376271677023e-08	1.0955620036768625	0.8385227219546079	False	True	False	False
8	11278998	13491774	0.0002169834745223	1.8237511825413613e-08	0.0001619133484798	5.2541307116497407e-08	1.6067335637944409	0.7063699540414826	False	True	False	False
8	13491775	13944991	1.6599412034534087e-05	6.767620941791832e-09	1.8198703138131782e-05	1.6978605100730365e-08	0.20177840856361667	0.1396655953788857	False	True	False	False
8	13944992	15991659	0.000284275338163	2.0862117397035275e-08	2.5754730652046977e-05	5.2386300984339304e-08	1.9681581473076402	0.11252477297151507	True	True	True	False
8	15991660	17387875	-0.0002098784999205	1.1145957391366664e-08	1.1280628935406834e-05	3.214550824621313e-08	-1.9879674180689237	0.0629177473937145	True	False	False	False
8	17387876	17836398	2.0301744163712495e-05	4.650952739377736e-09	-4.393564049899239e-05	1.2250004865136536e-08	0.29768872596333734	-0.39696190527293934	False	False	False	False
8	17836399	19492839	-0.0001010631720384	1.7294824168991673e-08	-6.810913618351236e-05	4.8297500257688975e-08	-0.7684840351007026	-0.3099153202208976	False	True	False	False
8	19492840	20060855	5.187095184763645e-05	5.6405973334675064e-09	-0.0001692581239901	1.556766836001986e-08	0.6906558084829868	-1.3565560336972862	False	False	False	False
8	20060856	21661736	0.0001820409226965	1.2413944831212496e-08	3.193845660419069e-07	3.3859419488391895e-08	1.6338572990475175	0.0017356980336425078	False	True	False	False
8	21661737	22897056	7.011706861741268e-05	7.624067613076292e-09	4.664579978401746e-05	2.0378819516441658e-08	0.80302743264556	0.32675559472620996	False	True	False	False
8	22897057	24674717	0.0001569717041742	1.165379572606863e-08	0.0001782440783417	3.1223418545264736e-08	1.4540778959806875	1.0087298794059734	False	True	False	False
8	24674718	25483453	3.783986677000043e-05	4.203882076236082e-09	7.078211812301608e-05	9.343930938383841e-09	0.5836121652792451	0.7322489281147648	False	True	False	False
8	25483454	26682524	-4.820707526654864e-05	1.0988976971438263e-08	0.0002429565081515	3.080216222667324e-08	-0.4598669006065168	1.3843245957394117	False	False	False	False
8	26682525	28162391	0.0001982940324823	1.3086524336724146e-08	6.322858892299882e-06	2.6076641007573418e-08	1.7333947866277053	0.03915503942990163	False	True	False	False
8	28162392	29327895	3.857319668039952e-05	4.778254072400778e-09	2.8747512802380103e-05	1.2142600449259992e-08	0.5580216030444171	0.2608821852496185	False	True	False	False
8	29327896	31133728	-1.4263172953387323e-05	8.682644706096045e-09	-8.8153207768417e-05	2.2591611106627303e-08	-0.15307001804995424	-0.586495276210761	False	True	False	False
8	31133729	31548359	-6.158443709022568e-05	2.792340435554795e-09	1.592316859137569e-06	7.097847503979851e-09	-1.1654316104774924	0.018900189612376446	False	False	False	False
8	31548360	32977217	0.0001055090103232	7.4304464212825194e-09	0.0001547832135522	1.8195677431586123e-08	1.2240019110617475	1.147465784572105	False	True	False	False
8	32977218	35317231	0.0001735968007318	1.3679953618739589e-08	8.50651062980373e-05	1.5116656222060843e-08	1.4842238456075412	0.6918685360435548	False	True	False	False
8	35317232	37379388	1.4665308373284411e-05	4.672444326988386e-09	-7.360646742473615e-05	1.0824586516877322e-08	0.21454536265548155	-0.7074737284761984	False	False	False	False
8	37379389	38938805	0.0001802524842661	6.182185422211166e-09	5.311043073122155e-06	1.5828648357085198e-08	2.2925047573849637	0.04221413630147579	True	True	False	False
8	38938806	40703336	-2.4053009147106587e-05	9.806021145967982e-09	5.207933829928103e-05	2.3019506903354228e-08	-0.24289747697205338	0.34325545629132964	False	False	False	False
8	40703337	41721453	-9.960564905962624e-06	6.6443342580176355e-09	1.9772042917525937e-05	1.5676340538109083e-08	-0.12219634995116303	0.15791711452037058	False	False	False	False
8	41721454	42773822	-1.0080961684296514e-05	2.6686264312680515e-09	-8.478711433861096e-06	6.544208825132408e-09	-0.19514528947426157	-0.10480965225686721	False	True	False	False
8	42773823	46841314	-1.053996018751054e-05	8.720171452189765e-10	-1.285719460636971e-05	1.5511696089232336e-09	-0.3569245810791111	-0.32644992546400203	False	True	False	False
8	46841315	50082469	-3.091741369093488e-05	6.656995465474291e-09	7.477499842299379e-07	9.857638469068422e-09	-0.3789343946088374	0.007531300379438854	False	False	False	False
8	50082470	53302929	0.000130242337351	1.3537014472509432e-08	-2.275108681800818e-05	2.3631913413768893e-08	1.119414002060789	-0.1479969292215731	False	False	False	False
8	53302930	54418043	-4.446544605598331e-05	5.854376262185266e-09	-1.5155267761681032e-05	1.2687811915898933e-08	-0.5811420990483855	-0.13454583175629353	False	True	False	False
8	54418044	55945580	-4.2780257989900534e-05	6.407626974707579e-09	-8.56087702564931e-05	1.4036551091946668e-08	-0.5344348727185508	-0.7225835213633413	False	True	False	False
8	55945581	56956382	3.0364735880839e-05	5.396785005516715e-09	0.000125005058176	1.3972772791453025e-08	0.41333477887322495	1.0575143955810555	False	True	False	False
8	56956383	59068650	0.0001322420034094	1.219861539349143e-08	3.4528215774099304e-05	2.3733867378327802e-08	1.197330789545214	0.22412478263820904	False	True	False	False
8	59068651	59728099	-7.512537450362304e-06	3.9816900482400535e-09	-9.606499727686332e-05	9.312958763264428e-09	-0.11905644902745507	-0.9954543180438081	False	True	False	False
8	62329099	63349305	2.930363202730846e-05	5.252609819723357e-09	3.14598781258632e-05	1.109198875226104e-08	0.4043280595387953	0.29871176336498517	False	True	False	False
8	63349306	65232871	-4.5484762481068986e-05	8.220901071617026e-09	7.34794009237928e-05	2.0265234052800578e-08	-0.5016562416799057	0.5161664763734891	False	False	False	False
8	65232872	66489089	-7.298944953138799e-05	5.374006801993758e-09	-0.0001476840923622	1.3894164783636857e-08	-0.9956598222002788	-1.2529031341244388	False	True	False	False
8	66489090	69863056	0.0003528831250299	1.34667479225501e-08	0.0001386861863785	3.250002115664784e-08	3.040881702203336	0.7692922975843098	True	True	True	False
8	69863057	70867978	8.124644244120954e-05	6.914382417830713e-09	8.640086920527041e-05	1.9173818373967778e-08	0.9770744473550126	0.6239701398687212	False	True	False	False
8	70867979	72289453	-1.7174963237008e-05	6.882033000646626e-09	2.6546785686911144e-05	1.2172287776987161e-08	-0.20703198242823892	0.24061673978733752	False	False	False	False
8	72289454	73817198	4.2712315089302753e-05	1.0554023858144462e-08	-1.694154647771606e-05	2.8472302595576055e-08	0.41576131349156137	-0.10040185950377957	False	False	False	False
8	73817199	75445063	0.0001445522298836	9.028344859068664e-09	6.061044835417916e-05	2.281979932119631e-08	1.521320528892833	0.4012283263211523	False	True	False	False
8	75445064	76456541	5.8864514321642944e-05	5.19851647477511e-09	-4.658645425124141e-05	1.3658172721953566e-08	0.8164204090718677	-0.39862392108204314	False	False	False	False
8	76456542	79132860	8.822176154279143e-05	1.2031463582835523e-08	-0.0001074001672441	2.3242102031076266e-08	0.8042970850902946	-0.7044777093146792	False	False	False	False
8	79132861	81956394	8.199450340976543e-05	1.2438078441163605e-08	4.6137744578715025e-05	2.9404431023508077e-08	0.7352043944955295	0.2690605157405983	False	True	False	False
8	81956395	82693738	1.7245277799574023e-05	3.2844786479222743e-09	5.78985184750923e-06	7.983998769411472e-09	0.30091024427647617	0.06479734631951962	False	True	False	False
8	82693739	84225588	2.1247022782813025e-05	8.211191126086945e-09	-2.696131581945365e-05	1.7052080571174362e-08	0.23447416777178492	-0.20646783111571618	False	False	False	False
8	84225589	85955618	2.5383189644132843e-05	7.049598038392731e-09	-0.0001014055945971	1.3874036667051544e-08	0.3023180079152911	-0.8609154404603888	False	False	False	False
8	85955619	87411708	7.024930680879109e-06	3.4075162221878372e-09	-2.1855509153405364e-05	6.861400413147401e-09	0.12034362165379976	-0.26384844940734176	False	False	False	False
8	87411709	89085480	9.143833578859104e-05	9.406235800134633e-09	0.0001512600227729	1.6372751326985916e-08	0.9428017550698973	1.182124800059619	False	True	False	False
8	89085481	90638161	-9.128938632268904e-06	6.780500457059533e-09	-9.25140786405638e-06	1.3095457850028872e-08	-0.11086371124460494	-0.08084394249150957	False	True	False	False
8	90638162	93554385	3.653443670941187e-05	9.288595706717247e-09	0.0001133571829994	3.433143347127053e-08	0.3790769569049056	0.6117909892839983	False	True	False	False
8	93554386	95005526	-0.0001062323486225	5.699681763117978e-09	-0.0001317981460064	1.5322563101242732e-08	-1.4071211122353129	-1.064740053843284	False	True	False	False
8	95005527	96534805	2.569383549743675e-05	9.667895352338021e-09	3.558208551903368e-05	2.3414635013959938e-08	0.26131417508717353	0.23253466426569966	False	True	False	False
8	96534806	99401580	-4.34613503025155e-05	1.7129001405027985e-08	-0.000196509700258	4.4684885348682495e-08	-0.3320757734216155	-0.9296161697272799	False	True	False	False
8	99401581	101620957	9.22016149615726e-06	5.418445788484031e-09	-2.9844062190052425e-05	8.98392131406912e-09	0.12525675655234683	-0.3148654196929035	False	False	False	False
8	101620958	104123305	-1.9537452399301027e-05	1.5755948177956982e-08	-0.0001085134675114	4.348024216826883e-08	-0.15564875853090787	-0.5204004510397249	False	True	False	False
8	104123306	104988751	4.947438837134934e-05	5.2095152660909395e-09	2.547750438970226e-05	6.808579029125691e-09	0.6854594630411601	0.30876541136260555	False	True	False	False
8	104988752	107410753	-0.0001018816124006	1.236616383345214e-08	5.5788471705242305e-05	3.055142587206279e-08	-0.9161747357828017	0.3191748935881835	False	False	False	False
8	107410754	108648176	-1.3159208866940728e-05	6.514289548194036e-09	3.0752049279656895e-06	1.544673603470306e-08	-0.16304078253048546	0.02474319053355479	False	False	False	False
8	108648177	109248172	2.512581823250907e-05	2.761668320619387e-09	-1.9328633419744897e-05	5.976684309064347e-09	0.47811729587800256	-0.2500178355269853	False	False	False	False
8	109248173	110484313	9.245689875278004e-05	5.349662512640547e-09	2.392923807296174e-05	9.782101476972048e-09	1.2640845678366674	0.24194284803559812	False	True	False	False
8	110484314	111850846	0.0001569873148532	5.3761449084645255e-09	8.373179453457962e-05	1.0349957153479986e-08	2.1410611844314493	0.8230403421658892	True	True	False	False
8	111850847	113064319	6.391549217707544e-05	4.758240454420662e-09	-2.8633556244626276e-05	7.522858432602394e-09	0.926580049457382	-0.3301291285575361	False	False	False	False
8	113064320	116096494	0.0001225562175259	1.3057305166617274e-08	-0.0001221517221763	2.5116932126644105e-08	1.072527833844596	-0.7707549069808817	False	False	False	False
8	116096495	119685456	0.0001341894869839	1.561831779794562e-08	-0.0001321715368687	4.086948058608624e-08	1.0737455199287478	-0.6537901614228903	False	False	False	False
8	119685457	121201699	-7.667739198746914e-06	7.485881455550692e-09	-0.0001128275149273	1.7566919479459603e-08	-0.08862288017461875	-0.8512697822656994	False	True	False	False
8	121201700	124861458	4.0210909976129486e-05	2.091267959810031e-08	-0.0002913077850292	5.4598611868389874e-08	0.2780603464130119	-1.246698079445793	False	False	False	True
8	124861459	125683718	9.228594053724456e-06	4.602852024307449e-09	1.6434875632867513e-05	1.1910118592274142e-08	0.13602603408823183	0.1505942462346477	False	True	False	False
8	125683719	126410916	1.924616877071243e-05	4.81088200594611e-09	7.817086722779896e-05	1.3834852326763292e-08	0.2774801605882792	0.6645959128686378	False	True	False	False
8	126410917	128659110	-0.0001143268962518	1.532894599190442e-08	8.291377466648393e-05	3.905421604736764e-08	-0.9234050947525031	0.41955869385139427	False	False	False	False
8	128659111	130381138	2.5611176123817614e-06	9.737070811862772e-09	-9.61928253289243e-05	2.442014322117873e-08	0.025954660862796936	-0.6155574295598503	False	False	False	False
8	130381139	131639624	-6.6645225950568895e-06	7.742667148932968e-09	-5.95106263906047e-05	1.9977844205346762e-08	-0.07573972952307699	-0.42103694956222193	False	True	False	False
8	131639625	133351143	-1.4238704239989592e-05	1.0916057922573192e-08	0.0002298091255657	2.7294772518163377e-08	-0.1362817034614256	1.3910012833307466	False	False	False	False
8	133351144	134570000	6.0699583442264224e-05	9.851048180214325e-09	-7.783548631503122e-05	2.6333837142637043e-08	0.6115676282777652	-0.4796457167029379	False	False	False	False
8	134570001	136035604	0.0001209106392342	1.3366491000594698e-08	0.0001429023632391	3.853074667627964e-08	1.0458172768004461	0.7280072400225369	False	True	False	False
8	136035605	137524150	0.0002190674769005	7.900821755509772e-09	-1.088038597760618e-05	1.8937282943677322e-08	2.4645734987254007	-0.07906521714878695	True	False	False	False
8	137524151	139254829	2.9095078393546376e-05	1.1336537910084687e-08	-3.8086321644433995e-05	2.7737704599963275e-08	0.2732620420000781	-0.22868294234105987	False	False	False	False
8	139254830	140725642	-0.000120042012236	9.893351290583213e-09	-0.000167120762063	2.670042019770668e-08	-1.2068729452101012	-1.0227544064074359	False	True	False	False
8	140725643	143044913	0.0001462019416333	1.526933788953094e-08	0.0002949220451087	3.8512600157622886e-08	1.1831587980838134	1.5028160215191388	False	True	False	True
8	143044914	144236880	-9.210989011589392e-05	9.995858332257773e-09	3.8309685476007406e-05	1.7011497876472797e-08	-0.9212897047096702	0.2937225627355702	False	False	False	False
8	144236881	146303866	5.463622432593605e-07	6.3218723231495206e-09	-8.89476668381704e-05	1.0537423376373552e-08	0.006871599180341324	-0.8664975635564565	False	False	False	False
9	10023	1079706	4.1058632675297906e-05	1.0802867417409096e-08	0.0001069994937179	3.26722730775392e-08	0.39503443946746547	0.5919595721611264	False	True	False	False
9	1079707	1916876	-1.8713460856744716e-05	8.604537939469737e-09	1.7678514122841135e-05	2.5067018279489097e-08	-0.20173921945847142	0.11165917660126372	False	False	False	False
9	1916877	3190063	5.348423650527293e-05	1.3331224774630932e-08	0.000228261914034	4.0963997582490685e-08	0.4632237041429856	1.1278005153293504	False	True	False	False
9	3190064	4495327	8.391618614781033e-05	1.2584952850522471e-08	-0.0001710026861154	3.9064617570865154e-08	0.7480315941215555	-0.865189308052436	False	False	False	False
9	4495328	4884925	3.16844382866452e-05	4.022870545163925e-09	-0.0001089981372211	1.272169935415042e-08	0.49954887301315737	-0.9663768372857997	False	False	False	False
9	4884926	6557588	6.957786769529851e-05	8.971809888312699e-09	-1.1982188746441783e-05	2.2183787984896768e-08	0.734566441665091	-0.08044856530886643	False	False	False	False
9	6557589	7154922	-6.238950287557767e-05	6.041823394189101e-09	-5.451219180425328e-05	1.6970379826882478e-08	-0.8026524061239416	-0.41845413425127054	False	True	False	False
9	7154923	8456298	3.569481729825346e-05	1.4383657734103729e-08	-0.0001769627915836	4.3158867829777725e-08	0.2976257434507199	-0.8518182469258747	False	False	False	False
9	8456299	9166402	-1.3427156437071896e-05	7.2606047809691824e-09	-0.000115596723945	2.2656324088036848e-08	-0.15757874966491286	-0.7679815770781941	False	True	False	False
9	9166403	10879252	0.0001244056181692	1.6345098999088163e-08	5.4275640230381966e-05	4.7039099802946454e-08	0.9730747781394324	0.2502507882271006	False	True	False	False
9	10879253	12276488	0.0001129185375884	1.1178990444285548e-08	8.906263473221227e-05	2.8875394616811737e-08	1.06798204777563	0.5241210164968254	False	True	False	False
9	12276489	14836362	0.0002312649433062	2.1849465523357586e-08	-6.819228677163915e-05	6.487329683951823e-08	1.5645498150283994	-0.267733225274067	False	False	False	False
9	14836363	16659654	-9.448535850468048e-05	1.3271094284400069e-08	-0.0001804779268415	3.3777981802476464e-08	-0.8201837262317945	-0.9819904062373522	False	True	False	False
9	16659655	18661050	0.0001961213921183	1.6184869189140502e-08	8.221006862421014e-05	4.071909180585082e-08	1.5415952748312731	0.4074046383994464	False	True	False	False
9	18661051	20463533	4.276585522270544e-05	1.3395130616814776e-08	0.0001994120692958	3.8571351832436145e-08	0.36950786344002	1.015357567859922	False	True	False	False
9	20463534	22206558	-1.0136953623879962e-05	9.996743893938102e-09	-4.772284972669946e-06	2.443368537992589e-08	-0.10138604376825097	-0.030530356854071114	False	True	False	False
9	22206559	24158517	-2.6302816606303983e-05	1.3549105281059933e-08	0.0001804852837313	3.3513578624062816e-08	-0.22596800334359735	0.9858966572139365	False	False	False	False
9	24158518	25330809	0.0001077794022661	5.578669498060832e-09	0.0001853845111946	1.439507224870884e-08	1.4430136998492393	1.5451353257223122	False	True	False	False
9	25330810	26111756	-6.203140917059406e-05	5.81165245958275e-09	-9.76666192019686e-05	1.6882253545161436e-08	-0.813695341290156	-0.7516764523223698	False	True	False	False
9	26111757	28224282	9.021967207491983e-06	1.6151526198721572e-08	0.0001886567692449	4.776948191112732e-08	0.07098955619717995	0.8631715692023442	False	True	False	False
9	28224283	28811583	9.129264017948956e-07	4.312524720264138e-09	0.0001057303867381	1.2419744666160317e-08	0.013901765815714947	0.9487318641545847	False	True	False	False
9	28811584	30387391	-8.456447316222773e-05	1.1156430855800606e-08	-2.479069353951468e-05	2.5951708412740745e-08	-0.8006179235199163	-0.1538883347866597	False	True	False	False
9	30387392	31310382	6.0014692870167035e-05	5.332344180399994e-09	0.0001277144327926	1.079272470986472e-08	0.8218612439331157	1.2293468396512894	False	True	False	False
9	31310383	32019367	0.0001121354902207	4.064324239798827e-09	-1.778325713068166e-05	8.827554160581254e-09	1.7589314421456055	-0.18927406638295607	False	False	False	False
9	32019368	33578333	0.0001041303688071	1.001841090075449e-08	-0.0001173607098791	2.4482376398559883e-08	1.0403464427067801	-0.7500598910085061	False	False	False	False
9	33578334	34642242	2.5626244670263384e-05	5.2187532359128075e-09	-2.6211642951892292e-05	1.1076875394112144e-08	0.35473299631482147	-0.24904946225213578	False	False	False	False
9	34642243	36743282	-0.0001478936077075	9.469355761539172e-09	4.9873526042325966e-05	2.6300948388305223e-08	-1.5198096111391117	0.30752779142040926	False	False	False	False
9	36743283	38641598	-1.8899732619438703e-05	1.2133753423085017e-08	3.733740020961648e-05	3.1895551403084255e-08	-0.17157660791643037	0.20906388551197178	False	False	False	False
9	38641599	65472189	-2.922173989864831e-06	2.027042213965545e-09	4.41875268363173e-05	6.748747956893485e-09	-0.06490447991471228	0.537883336810442	False	False	False	False
9	65472190	72512710	0.0001840069074554	8.644139625345953e-09	-9.21540701559539e-05	2.410285440981552e-08	1.9791250680894614	-0.5935813984864012	True	False	False	False
9	72512711	72753754	3.3545545885492e-05	1.373841850071253e-09	3.708094120720991e-05	3.740356400029738e-09	0.9050373295182949	0.6063093367482292	False	True	False	False
9	72753755	74253039	-2.778156580241472e-05	8.394389109461532e-09	1.217679555181613e-05	1.983818831422696e-08	-0.3032230216634931	0.0864533865380346	False	False	False	False
9	74253040	76203945	2.769779637145367e-05	8.89629033954241e-09	-0.0001375955719533	2.1495273503695133e-08	0.29365726121499963	-0.9384971759730548	False	False	False	False
9	76203946	76973080	0.0001194861909435	3.1192578077342173e-09	-0.0001041983330946	6.7542739431456755e-09	2.139400442132697	-1.2678603956551453	True	False	False	False
9	76973081	78900182	-7.852873593259488e-05	1.5244406924038752e-08	2.994198521847254e-06	4.328046930318242e-08	-0.6360237604113722	0.014392446076230645	False	False	False	False
9	78900183	79471207	-4.703516799320667e-05	5.273081142221871e-09	5.8263710380037944e-05	1.6252770499744866e-08	-0.6477247206194083	0.45701919047752315	False	False	False	False
9	79471208	81079054	1.898896151838955e-05	9.501226669298609e-09	-9.564460962505686e-05	2.452281283078299e-08	0.19481005763270978	-0.6107667093221327	False	False	False	False
9	81079055	82590927	2.9211678955217256e-05	9.258273837475354e-09	5.019149929225331e-05	2.7243277219361363e-08	0.303592828196073	0.30408884849128887	False	True	False	False
9	82590928	84211232	2.0205308609198008e-05	1.2797637478834678e-08	-7.808351374334807e-05	3.2910460093633155e-08	0.1786078679324481	-0.43041992882630753	False	False	False	False
9	84211233	85440800	0.0001886144786083	4.9383957613964045e-09	0.0001185842526053	1.3372374657722724e-08	2.683997344500172	1.0254695115661763	True	True	False	False
9	85440801	86938195	-4.469056509179896e-05	9.97288391229678e-09	-0.0001182832867207	2.7060410369970466e-08	-0.44751280260703746	-0.719045205015158	False	True	False	False
9	86938196	88109332	-6.053034850683656e-05	6.588714307081059e-09	-0.000139353031024	1.8030336056245732e-08	-0.745714926421074	-1.0378020128395233	False	True	False	False
9	88109333	88590416	1.305135717680002e-05	1.3644075524146092e-09	2.2511913485970665e-05	3.678049372783816e-09	0.35333252568288753	0.3711962958036041	False	True	False	False
9	88590417	90136245	-5.11554371907405e-05	9.769778256329893e-09	0.0001778621597444	2.853754693095436e-08	-0.517546585031176	1.0528711901829397	False	False	False	False
9	90136246	92528697	0.0001110590299664	1.5296570836019213e-08	-0.0001347129569123	4.0935594792104104e-08	0.8979596763836901	-0.6658230354703153	False	False	False	False
9	92528698	94167202	5.455747025558715e-05	1.1141602145423476e-08	0.0001189963567897	3.1346884874640655e-08	0.5168688999971168	0.6721039854939801	False	True	False	False
9	94167203	96671697	0.0002635729958085	1.3679179298623124e-08	0.0001583757347871	3.3262791272809335e-08	2.253569165746813	0.8683789703231722	True	True	True	False
9	96671698	98922039	-1.0897778861383257e-05	1.1424276755315678e-08	-1.8110600749424142e-05	2.996024347754768e-08	-0.10195854593090586	-0.1046309545445761	False	True	False	False
9	98922040	101592858	0.0003716860971782	1.2774903971236273e-08	4.42124435361021e-05	3.301848054790418e-08	3.2884973377829336	0.24331337127665528	True	True	True	False
9	101592859	104624436	-7.339693752335123e-05	1.4531977425453585e-08	-4.808458497467029e-06	3.4838906198102545e-08	-0.6088573907000268	-0.025761646478979223	False	True	False	False
9	104624437	105967975	8.059005418896839e-05	1.0821472046797392e-08	-2.004653764533824e-06	2.6921237875502373e-08	0.7747084211638146	-0.012217767634033387	False	False	False	False
9	105967976	107581748	8.163848871787302e-05	9.831542998219805e-09	-9.19432033373553e-05	2.319048188506315e-08	0.8233492894455775	-0.6037605659857368	False	False	False	False
9	107581749	109298753	-3.771130568480806e-05	1.0192170062801311e-08	-0.0002204453726061	2.6054261895079462e-08	-0.37354096685012766	-1.365719781077977	False	True	False	False
9	109298754	110695061	0.0001793873755062	1.0142539747823342e-08	-0.0001374520908332	3.0578220674437016e-08	1.781223912828353	-0.7860410827050356	False	False	False	False
9	110695062	112778023	0.0002038218397884	1.6813721299218142e-08	3.1348746537091916e-05	4.7173824253961706e-08	1.5718778538512863	0.1443343291838884	False	True	False	False
9	112778024	114831081	4.1483041150434774e-05	1.6588895792512987e-08	9.10034789255836e-06	4.66609925635012e-08	0.32207858370644676	0.04212898623513246	False	True	False	False
9	114831082	115693144	2.4378276265885517e-05	4.542700410912551e-09	-7.617237860771094e-05	9.738953223644728e-09	0.3616978658302228	-0.7718650515243498	False	False	False	False
9	115693145	117019800	-5.890178691936664e-05	9.537543073866458e-09	0.0002221562835089	2.5782113792694856e-08	-0.6031290043728537	1.383564279454741	False	False	False	False
9	117019801	117921959	-0.0001179434861949	6.897375965980046e-09	-0.0001429671152352	2.0735754434870615e-08	-1.4201427822738966	-0.9928330679407842	False	True	False	False
9	117921960	121321536	-2.0591595508121063e-05	2.233207764285784e-08	0.0001739577874396	6.055065489314362e-08	-0.13779245377126326	0.706943088517686	False	False	False	False
9	121321537	122260296	-7.870151856083418e-05	5.76303273029991e-09	-0.0001571009089667	1.2700773460444264e-08	-1.0367106718970536	-1.3940026936613243	False	True	False	False
9	122260297	124871321	0.0002765946626681	1.7840775378709637e-08	-0.0002932778283811	2.740733922910831e-08	2.070794165999841	-1.771518916806672	True	False	True	True
9	124871322	126971886	6.601432278823955e-05	1.0905528720034824e-08	-0.0001383931650804	3.06722540274265e-08	0.6321422377687032	-0.790208679647767	False	False	False	False
9	126971887	129059664	-0.0001920299824793	7.955075871351597e-09	-0.0001220965161132	1.9305505988388524e-08	-2.1530141259941282	-0.8787446169834685	True	True	False	False
9	129059665	130055509	-2.2950400560874636e-05	5.381020722200825e-09	-2.960332441989143e-05	1.36861930023368e-08	-0.31286568865915143	-0.2530458123191898	False	True	False	False
9	130055510	132165469	7.341389821149228e-05	9.673192366110528e-09	-0.0002960288736541	1.8149242772083892e-08	0.7464373684263464	-2.197378231065161	True	False	False	True
9	132165470	133223216	-6.536597008621375e-05	6.4463713804241715e-09	-0.0001163997448023	1.587523753685929e-08	-0.8141305463931275	-0.9238296826882838	False	True	False	False
9	133223217	134127887	7.794451102045849e-05	5.584694091824832e-09	-4.117750033154908e-06	1.6975191150485e-08	1.0430036837986079	-0.03160477061981624	False	False	False	False
9	134127888	135298841	3.187279470419264e-05	8.06568244247412e-09	-0.0001277613671767	1.8096171398503617e-08	0.3548947589746717	-0.9497432158926332	False	False	False	False
9	135298842	137041121	0.0001348520212248	1.3498499218700072e-08	0.0001938943628615	3.8791095827721285e-08	1.1606859232780486	0.9844624569845665	False	True	False	False
9	137041122	137589363	-3.095130716024783e-05	1.8308176592075533e-09	1.5446904658160345e-05	5.6962354916192e-09	-0.7233632631394706	0.2046668466179103	False	False	False	False
9	137589364	138938977	1.6426511399680664e-05	1.01404331559796e-08	1.2685200561409892e-05	3.5507084688746076e-08	0.16312370844584884	0.06731933699365426	False	True	False	False
9	138938978	139500341	-2.157065106323919e-05	1.3742907418162142e-09	-3.6569225854289245e-05	4.087648033243944e-09	-0.5818672891558072	-0.571977598258277	False	True	False	False
9	139500342	141144795	-1.3779366192740896e-05	3.296051097835283e-09	3.204448887452909e-05	8.680298307951237e-09	-0.24001162312144272	0.34394264244767303	False	False	False	False
10	60523	751338	1.645853893026734e-05	2.061038985772056e-09	-5.893753818548502e-05	6.426841193802184e-09	0.36253352656442495	-0.7351791928936022	False	False	False	False
10	751339	1523543	-2.243729786431903e-06	5.263365415832043e-09	1.9363152017992786e-05	1.5674471237994804e-08	-0.030927071056836872	0.15466056964317368	False	False	False	False
10	1523544	2254499	-7.764810631845863e-05	7.116138946286572e-09	-7.007311008513781e-05	2.2376170324876922e-08	-0.9204679238594008	-0.4684448986006468	False	True	False	False
10	2254500	3352698	-1.2563040769237748e-05	9.3616882596057e-09	-2.463618006886845e-05	2.9021885797572526e-08	-0.1298427429722834	-0.14461407210472538	False	True	False	False
10	3352699	4572273	0.00011875441362	8.437667125317064e-09	6.882491390079891e-05	2.7294892273420752e-08	1.2928214988621374	0.4165863009456037	False	True	False	False
10	4572274	5983761	2.2190885082732968e-05	1.111275613589998e-08	5.142865174152155e-05	3.1535925195659943e-08	0.21050563813151768	0.2896025293267893	False	True	False	False
10	5983762	7171483	-6.140149062276718e-05	1.3645984154307053e-08	-0.0001121867130606	4.6882178508422136e-08	-0.5256255688675322	-0.5181285599032946	False	True	False	False
10	7171484	8774664	3.2783765199475304e-05	1.3089003878143212e-08	9.832305823414602e-05	4.1880216526871465e-08	0.2865533779767768	0.4804530106841945	False	True	False	False
10	8774665	10249395	0.0001962679296747	9.599507652768161e-09	0.0002824872365514	2.4161584052315076e-08	2.003202538016025	1.8173397604553778	True	True	False	True
10	10249396	12586796	3.2201171793624416e-05	1.6221551465212875e-08	0.0001142719382526	5.0908784886341874e-08	0.25282818181156885	0.5064577581338798	False	True	False	False
10	12586797	13321599	0.0001997852628786	8.431329123314364e-09	0.0003261972043849	2.8644488358729784e-08	2.175782243155688	1.927346058322987	True	True	False	True
10	13321600	15026067	-8.72677378718916e-05	1.4907766286678557e-08	0.0002586880843747	4.8272317650149776e-08	-0.7147389185112842	1.1774089953623348	False	False	False	False
10	15026068	16551766	8.303840725848849e-05	9.027032879389027e-09	8.449944855918672e-06	2.705774505662456e-08	0.8739900699586352	0.0513698236171998	False	True	False	False
10	16551767	18537266	6.44090555267832e-05	1.1320734308713376e-08	5.999349660337574e-05	3.46868028921375e-08	0.6053543003407529	0.32212322499033996	False	True	False	False
10	18537267	19716877	0.0001356743004237	1.261620300455166e-08	-6.900135750028857e-05	1.9879037372999863e-08	1.2079063285252403	-0.489395486635059	False	False	False	False
10	19716878	22772282	-2.5437230980939352e-05	1.3933664115437112e-08	-0.0003276869446494	4.0681790182774264e-08	-0.21549498363746414	-1.6246473677116475	False	True	False	True
10	22772283	23175131	1.7167583404507043e-05	1.6161134244954124e-09	2.1227830826580502e-06	4.979296864379228e-09	0.42704461230642166	0.03008303216894087	False	True	False	False
10	23175132	25578595	-5.1433692241697606e-05	9.550484148622062e-09	-0.0001284675282962	2.6857680267294232e-08	-0.5263019848054649	-0.7838972099877795	False	True	False	False
10	25578596	26888683	-2.5473489868052808e-05	8.202432924799012e-09	-5.916471004932112e-05	1.940176224049924e-08	-0.28126591361505227	-0.42475857133299405	False	True	False	False
10	26888684	29323235	-2.3986645111322096e-05	1.4197983836430912e-08	-0.0001478351806795	3.8866262043799064e-08	-0.2013057457943819	-0.7498793757835422	False	True	False	False
10	29323236	29783691	6.908594219927451e-06	4.351881794894677e-09	-2.445745990807907e-05	1.3275520808660782e-08	0.10472518581353839	-0.21226850753692628	False	False	False	False
10	29783692	30458837	-1.8956865428204817e-05	5.4198048931732145e-09	-0.0001055695945538	1.6529718828090613e-08	-0.25749849837065014	-0.8211190360119867	False	True	False	False
10	30458838	31907518	9.571418527323376e-06	6.945282800039783e-09	0.0001557532327184	1.9231846066229626e-08	0.11485009000157574	1.1231210893791135	False	True	False	False
10	31907519	33707967	-0.0001343557720156	8.718937838375605e-09	-0.0002235157304055	2.0725130366859122e-08	-1.438879874102637	-1.5525995552790453	False	True	False	False
10	33707968	35109354	-1.4100743376250578e-05	6.628449803008491e-09	-4.351637652586386e-05	1.8951606678085092e-08	-0.17319526831247198	-0.316103794122556	False	True	False	False
10	35109355	36572507	2.6362254743733485e-05	5.094796810441492e-09	6.943847075016707e-05	1.1494871176566685e-08	0.3693338542942491	0.6476615181666899	False	True	False	False
10	36572508	37790028	3.863666500400898e-05	5.294582959695967e-09	1.6837920984576402e-05	1.423203497334122e-08	0.5309868351062921	0.141141577145444	False	True	False	False
10	37790029	42372578	4.188783364933462e-06	4.152236855415407e-09	-1.1666730550163148e-05	7.421089518713845e-09	0.06500501168224009	-0.135430141586081	False	False	False	False
10	42372579	43894770	-4.280607596947031e-06	5.694457872582023e-09	5.5611632479092096e-05	1.4205562059977932e-08	-0.05672561665237483	0.4665910812070164	False	False	False	False
10	43894771	44730074	1.0951722695302509e-06	4.180875808290726e-09	3.38060949908139e-05	1.1585622713693941e-08	0.016937480377330588	0.3140764089198315	False	True	False	False
10	44730075	48760449	3.709865229563578e-05	8.82857659494783e-09	-0.000128265741961	2.164065347995764e-08	0.3948324042728438	-0.8719176964885565	False	False	False	False
10	48760450	50840914	0.0001064797976972	8.548352749173786e-09	-1.3950124545549857e-05	2.5987148780734524e-08	1.1516645526611526	-0.08653638892014051	False	False	False	False
10	50840915	53616628	1.803587323590586e-05	8.956191534133763e-09	-4.396724881323202e-05	2.7010123815940695e-08	0.19057919487666253	-0.2675260046235781	False	False	False	False
10	53616629	55103571	-3.432685822357103e-05	9.069074477345398e-09	-0.0002445598271378	2.6194008947884662e-08	-0.36045625985253854	-1.5110684328015993	False	True	False	False
10	55103572	57031139	7.116667999946088e-05	1.1876326476535028e-08	0.0001810581289528	3.2096918206652746e-08	0.6530337727772688	1.010616443630115	False	True	False	False
10	57031140	57662145	7.292304882590169e-06	2.467059455828175e-09	6.889323446142201e-06	6.357179439128742e-09	0.14681654836872485	0.08640608735424002	False	True	False	False
10	57662146	58959527	1.9034903650542423e-05	5.853610847473834e-09	-0.000111098856494	1.26531373696274e-08	0.24879334515935653	-0.9876668500553323	False	False	False	False
10	58959528	60289986	-1.520526935350041e-05	5.9107285211125455e-09	6.113096802282715e-05	1.360981716214107e-08	-0.19777601020394328	0.5240046339195155	False	False	False	False
10	60289987	61891408	-1.250717921370572e-05	7.1127301591324575e-09	7.157210663739119e-05	2.0948776029640177e-08	-0.14830001891050004	0.49449792496411027	False	False	False	False
10	61891409	62659678	1.900680210282039e-05	4.079002283527263e-09	7.249996018484956e-05	1.1737624935813767e-08	0.29759941877623836	0.6691872443304795	False	True	False	False
10	62659679	63341694	-5.326589047391519e-05	2.015443043747697e-09	-6.690231731210368e-05	5.990133102339935e-09	-1.1864895758309766	-0.864416253915861	False	True	False	False
10	63341695	65794113	1.0227043634151306e-05	1.3066477099325994e-08	0.0001114009601132	2.905261459250609e-08	0.08946864356914466	0.653576340628236	False	True	False	False
10	65794114	67549614	3.3020580594475e-05	7.824616220394034e-09	-0.0001723290046781	2.080011081163086e-08	0.37329586761810346	-1.194883476021989	False	False	False	False
10	67549615	69900147	1.0442455244731665e-05	1.2633338561795069e-08	0.0001111854091824	3.5272040043087864e-08	0.09290595568783176	0.5920147254524125	False	True	False	False
10	69900148	70195990	8.845033900733846e-06	1.534730334680581e-09	-9.751679129280022e-06	4.171357623488607e-09	0.2257789573689075	-0.15098739432781078	False	False	False	False
10	70195991	72220849	-9.052659540908408e-05	1.4715821653549046e-08	-0.0001841242441252	4.54735489059133e-08	-0.746249287531285	-0.8634387837849542	False	True	False	False
10	72220850	73508511	-1.846814021197635e-05	1.2266046318600872e-08	0.0001792239047853	3.9904082983911656e-08	-0.16675192760478896	0.8971958739540046	False	False	False	False
10	73508512	75422549	4.943090044525565e-07	5.185157712349598e-09	1.2191192619101972e-05	8.33633888290049e-09	0.006864636362898373	0.13352374744367612	False	True	False	False
10	75422550	78706813	6.308809389479891e-05	8.179955503324727e-09	4.152292502412399e-05	1.9729946371141685e-08	0.697544526884837	0.29561399238117075	False	True	False	False
10	78706814	80876748	-6.819665075280095e-05	1.3300993972472616e-08	-5.328654027386885e-05	4.248276869977846e-08	-0.591317861968994	-0.2585301018673454	False	True	False	False
10	80876749	82414678	4.056591160892833e-05	8.554893227026343e-09	-0.0001551214347039	2.2375766521290568e-08	0.43858517059164637	-1.0370097793630269	False	False	False	False
10	82414679	84383744	-9.444713287943938e-05	9.573970661231331e-09	0.0001885105246453	2.7144479893662722e-08	-0.9652564948028233	1.144181284715193	False	False	False	False
10	84383745	85458702	2.566638171342628e-05	5.680503138757361e-09	-9.612170391894985e-05	1.4057615100356224e-08	0.340542442620327	-0.8107101992518031	False	False	False	False
10	85458703	87937576	-9.234863743812329e-05	1.4058159752736745e-08	-9.134915036786896e-05	3.857471860422704e-08	-0.7788722930857005	-0.4651072711843787	False	True	False	False
10	87937577	89127063	-1.23919420797439e-05	4.6630466934078e-09	-4.4832602174918504e-05	1.3736880114383024e-08	-0.1814698552082007	-0.3825162529803752	False	True	False	False
10	89127064	91013380	-8.047057472999763e-07	9.360037121353976e-09	-0.0003741256342072	2.8551981573607592e-08	-0.008317605488782007	-2.2141107407527962	True	True	False	True
10	91013381	92006580	-1.3006486561414911e-05	4.818028164837152e-09	2.751788508092211e-05	1.2545969829089933e-08	-0.1873809037894658	0.2456761135669866	False	False	False	False
10	92006581	93335046	-0.0001135817907596	5.746570584870095e-09	-7.2390207837554926e-06	1.4046067904803912e-08	-1.4983191796256525	-0.06108048005628153	False	True	False	False
10	93335047	95396367	-5.295050121404017e-06	8.796578040390163e-09	0.000107376139089	2.3837538068915937e-08	-0.05645640180971391	0.6954678915344877	False	False	False	False
10	95396368	96221242	2.9198947173981663e-05	3.129267854480587e-09	1.976986498515191e-05	9.025456905391738e-09	0.521970336681769	0.20809857435022774	False	True	False	False
10	96221243	97822356	5.9335976454310536e-05	7.228707220479656e-09	3.251374634214353e-05	1.7458232325120148e-08	0.6978912866547788	0.24607465163650594	False	True	False	False
10	97822357	100241301	6.82782840409663e-05	1.1382039092650804e-08	0.0001322914205476	3.3902338514098385e-08	0.6399890766683137	0.7184835876065743	False	True	False	False
10	100241302	100668399	3.857656145942349e-06	1.4504038650724687e-09	8.063223023167341e-07	3.4899290895174882e-09	0.10129290808961013	0.013648985451635795	False	True	False	False
10	100668400	102949238	6.507318011330369e-05	8.83812547008673e-09	-0.0001014827845489	2.2128358968064962e-08	0.6921846272094242	-0.6822095131263368	False	False	False	False
10	102949239	104380409	2.1608660554519608e-05	3.915578446286418e-09	-6.537718407251746e-05	9.766822851617962e-09	0.3453264807312727	-0.6615300173733705	False	False	False	False
10	104380410	106695047	0.0003990434114913	1.5165606389874322e-08	0.0001275405054442	2.3977868797482005e-08	3.2403375580732883	0.8236502679010452	True	True	True	False
10	106695048	108726685	0.0002805913378684	1.0341861626993332e-08	2.216884042982388e-05	2.5119531840357433e-08	2.7591473768767694	0.1398740683375589	True	True	True	False
10	108726686	110317704	9.46022867245344e-06	8.945486953976438e-09	0.0001045214217288	2.5512402834322903e-08	0.10002294580813079	0.6543794112186755	False	True	False	False
10	110317705	112561492	-2.749705114177642e-07	8.798495747541381e-09	-8.879508972965343e-05	2.0362260750196816e-08	-0.0029314460586945504	-0.6222658294391223	False	True	False	False
10	112561493	115328431	-0.0001993251581227	1.1511231360110628e-08	-8.48794435678561e-05	3.261666972136227e-08	-1.85780969928073	-0.46998361333223904	False	True	False	False
10	115328432	116421405	-4.707924315739068e-05	5.969876298019327e-09	0.0002383462009069	1.7055698526373852e-08	-0.6093219263798048	1.8250445847603578	False	False	False	False
10	116421406	119523933	0.0004149437334988	1.1165191152713496e-08	0.0001315587360932	2.863613209892244e-08	3.926956846802941	0.7774321811332295	True	True	True	False
10	119523934	120591352	2.284714724871117e-06	5.966135052477248e-09	5.146654851040698e-06	1.9264835180961192e-08	0.029579133036142805	0.03708022795359844	False	True	False	False
10	120591353	122407322	-7.94496698383904e-06	1.1018552183781852e-08	7.897482649996027e-05	3.21929098378441e-08	-0.0756884881379647	0.44015796366415316	False	False	False	False
10	122407323	123231464	1.7379121716072172e-05	5.258801404030413e-09	-4.6166295863052e-05	1.6038400984651402e-08	0.23965386627088395	-0.3645394187988941	False	False	False	False
10	123231465	123900544	7.523038667420368e-05	4.66832263882848e-09	-8.82381626133122e-06	1.2869582029066312e-08	1.1010647579141806	-0.07778112762678048	False	False	False	False
10	123900545	125869345	5.050726224453509e-05	1.5039790998711495e-08	4.368631889487087e-05	4.871477238189466e-08	0.41184417476764723	0.1979315897336739	False	True	False	False
10	125869346	128001097	0.0001216420811929	1.4025992309793182e-08	1.993038538538447e-05	4.328970928009481e-08	1.0271102037869666	0.09579070331049759	False	True	False	False
10	128001098	129154361	9.923704350859e-06	9.44798161426866e-09	0.0002316061434418	2.4369453282728325e-08	0.10209495862325504	1.4836353822513617	False	True	False	False
10	129154362	130844283	-4.382067445145764e-05	1.709926045513782e-08	-0.0001619459673847	5.507212445910358e-08	-0.33511231951975673	-0.690087598889545	False	True	False	False
10	130844284	131741326	5.170495225141393e-05	5.531961081882736e-09	0.0001252374406604	1.7062323097765864e-08	0.6951724993714694	0.9587714715242023	False	True	False	False
10	131741327	132580244	-2.6557484872772883e-05	6.74137268685967e-09	-7.794397310219208e-05	1.9820528501413036e-08	-0.3234541846959944	-0.5536367676890663	False	True	False	False
10	132580245	134336328	0.0001510721155524	1.6903585858213826e-08	-0.0001750674719425	5.287158670651528e-08	1.1619699291481465	-0.7613674192353487	False	False	False	False
10	134336329	134494672	1.2901585317438027e-05	5.128474995794455e-10	1.1871886249613182e-05	1.621454020802711e-09	0.5697035917057455	0.29482710485003355	False	True	False	False
10	134494673	135523864	2.3313242079976187e-05	3.095240743938211e-09	6.091063498506179e-05	9.067662306488354e-09	0.41903997633474066	0.6396544977686096	False	True	False	False
11	70855	1213589	-6.253245491160085e-05	4.587548456170607e-09	-0.0001389039603299	1.3246338688309705e-08	-0.9232411352905271	-1.2068872538720885	False	True	False	False
11	1213590	3665480	0.0001866200760315	1.1447430763678335e-08	0.0001013138785608	3.4626233499510715e-08	1.7442323992213755	0.5444604213706093	False	True	False	False
11	3665481	4746708	1.4481682830821712e-05	5.792360681433892e-09	-4.8484832790746295e-05	1.7199475312460035e-08	0.19027916333767456	-0.36969902306411345	False	False	False	False
11	4746709	6322868	-1.380497783778116e-05	1.1493469202606446e-08	-0.0001936877531056	3.2294183672166946e-08	-0.1287686508702539	-1.0778045325244776	False	True	False	False
11	6322869	7436700	0.0001142357208836	6.318257582951044e-09	5.606246843816237e-05	1.8686294134022632e-08	1.4371538511950341	0.4101196948586559	False	True	False	False
11	7436701	8333273	2.6991544431145353e-06	7.663988833746709e-09	9.901022565358303e-05	2.48417405843988e-08	0.03083190105158636	0.628187136727952	False	True	False	False
11	8333274	9087316	1.5001127771891382e-05	3.243572205804515e-09	7.781443192017488e-05	8.70405345937946e-09	0.2633977889485596	0.8340639997452176	False	True	False	False
11	9087317	10952026	1.2763181882437606e-05	8.734974048807772e-09	8.694099669873972e-07	2.4515267984782763e-08	0.1365614591983623	0.005552726619765442	False	True	False	False
11	10952027	12564228	-0.0001357204607629	1.6354488776563243e-08	-0.0004995856317027	5.578915705091623e-08	-1.061272324097328	-2.1151201354873335	True	True	False	True
11	12564229	13373123	-0.0001016311111304	4.877185999153759e-09	0.0001264402256384	1.5405212352987878e-08	-1.455264765783957	1.0187119896332084	False	False	False	False
11	13373124	15742551	-7.39858549808753e-05	7.369038226996155e-09	8.860173095411402e-06	1.9980759016019575e-08	-0.8618730326110895	0.06268104316141013	False	False	False	False
11	15742552	17578401	0.0004372257454571	9.134725770187692e-09	0.0004623884799006	1.5667041628465334e-08	4.57465102609352	3.6941413308076836	True	True	True	True
11	17578402	19569534	0.0001465801683069	1.0501850196112285e-08	0.0001744981800647	3.218269980153224e-08	1.430349954608725	0.9727016772412829	False	True	False	False
11	19569535	21017137	4.782656453664816e-05	1.0871504792028337e-08	-1.4521785865531889e-05	3.7012110264280046e-08	0.45869536853918974	-0.07548281791364836	False	False	False	False
11	21017138	22374141	-7.309667456682505e-05	6.686069797468863e-09	8.60470275577841e-05	1.9867239553385413e-08	-0.893947814122817	0.6104739102412642	False	False	False	False
11	22374142	24088516	6.773446597167933e-05	8.524749974527795e-09	0.0001184970317655	2.5149362880849075e-08	0.7336161543057902	0.7472122412669949	False	True	False	False
11	24088517	26045752	0.0001840981714903	1.0442954797852821e-08	0.0001681095307379	2.8216700854063315e-08	1.8015145576662923	1.00078138551702	False	True	False	False
11	26045753	27020460	-3.977367030855883e-05	3.861192913980534e-09	-4.9411026110202784e-05	1.0221187932476178e-08	-0.6400809754059735	-0.4887347126540663	False	True	False	False
11	27020461	28481592	0.0004606754524603	7.067494994357391e-09	0.0002489092161448	1.7187732598932572e-08	5.479769821686521	1.8985921588923715	True	True	True	False
11	28481593	30141356	0.0005076478887978	1.4493592647522674e-08	0.0001949564486071	2.0436285316272706e-08	4.216718010263072	1.3637558492377715	True	True	True	False
11	30141357	32276900	2.0616253785143068e-05	6.125387492205806e-09	0.0002725802412146	1.6430232748370672e-08	0.2634164957651457	2.1265348955626635	True	True	False	True
11	32276901	33958738	6.281223784992404e-06	6.104509290041756e-09	-8.131815410630496e-05	1.662715224077067e-08	0.08039312063058278	-0.6306357330911242	False	False	False	False
11	33958739	35502604	-3.9181103863528085e-05	8.320926012670026e-09	-2.1001248687541552e-05	2.321288783454532e-08	-0.42952736441330314	-0.1378416716326042	False	True	False	False
11	35502605	37116814	-4.4640085767936806e-05	9.382701644710124e-09	-0.0001748289451356	2.9552832455465765e-08	-0.46085156540014777	-1.0169832062736008	False	True	False	False
11	37116815	39382002	9.31465612774311e-05	6.493770621223168e-09	0.0001306113544007	1.4997940686491322e-08	1.155894918539072	1.0665104548108564	False	True	False	False
11	39382003	42310002	7.949384018590557e-05	1.1881680989834165e-08	0.0001689819549264	3.452345952481366e-08	0.7292803861255132	0.9094591057818265	False	True	False	False
11	42310003	44693798	-0.0001494352558846	1.3195057719396552e-08	0.0001757560623845	4.010985857145277e-08	-1.300910516210876	0.877576022637552	False	False	False	False
11	44693799	47006136	0.0001154201599487	1.0635963857275418e-08	-4.21164750602064e-05	2.850411170118769e-08	1.1191627464881941	-0.249458473305747	False	False	False	False
11	47006137	49866049	5.770741623868553e-05	8.355680480608811e-09	-6.476314445642157e-05	1.5950288606283105e-08	0.6313071640643869	-0.5127948491023726	False	False	False	False
11	49866050	54695472	9.141189172070184e-06	2.256013711256674e-09	-8.570700472461685e-06	3.985268535891531e-09	0.19245616570922633	-0.13576490576565065	False	False	False	False
11	54695473	55082656	-3.250104393489462e-07	4.827974034749963e-10	8.631886302133897e-07	9.846212935589783e-10	-0.014791589575410304	0.027508765389907465	False	False	False	False
11	55082657	58457494	4.476438084643578e-05	1.6233357098778522e-08	6.535347780778187e-05	3.305582142665986e-08	0.351340658409565	0.3594551637170681	False	True	False	False
11	58457495	58780548	-7.947492346519012e-06	8.018804466714053e-10	-2.3437606946413534e-05	2.975235391530288e-09	-0.280656630296563	-0.4296873824494555	False	True	False	False
11	58780549	62223770	0.00019985435425	1.1608658062069436e-08	-4.358810995474445e-05	3.3033295642631437e-08	1.8549089862436532	-0.23982369263403117	False	False	False	False
11	62223771	63804568	-5.335493315374943e-05	4.800956914538294e-09	-5.144073977714627e-05	8.35739039641619e-09	-0.7700353732516643	-0.5626934512362716	False	True	False	False
11	63804569	65898630	7.129282225995287e-05	6.871952843247645e-09	-0.0001538950881938	1.80557498160991e-08	0.8600143980516243	-1.1452940240033695	False	False	False	False
11	65898631	68005824	-1.3645386377880585e-05	4.715006750986347e-09	-4.074413563548556e-05	1.4083476210439903e-08	-0.19872141827011527	-0.3433287534272633	False	True	False	False
11	68005825	69516129	1.0560981344702435e-05	7.123514228508354e-09	-0.0002422270288327	2.1491636666632583e-08	0.12512875613957572	-1.6522960217380358	False	False	False	False
11	69516130	70926291	0.000129223976439	7.9164504393324e-09	-4.2255334888807347e-05	2.5796894584957154e-08	1.4523719485867421	-0.263086057899215	False	False	False	False
11	70926292	72286016	-2.1897580996279645e-05	3.9918435361994775e-09	3.334401079216256e-05	1.1063349595159053e-08	-0.3465846994967475	0.31701113701813427	False	False	False	False
11	72286017	74412350	0.0002427735511524	6.57498693509523e-09	-1.1310141972994896e-05	1.8140621142910312e-08	2.994014669469647	-0.08397344681753317	True	False	True	False
11	74412351	76797208	9.251602776343472e-05	9.311054376579525e-09	-0.0001174209693236	2.661462580710809e-08	0.9587768654844906	-0.7197563066626447	False	False	False	False
11	76797209	78355057	-2.4421244374747457e-05	4.216665808915598e-09	6.631990838354495e-05	9.680049614113675e-09	-0.37608256329978523	0.6740701971321261	False	False	False	False
11	78355058	80722372	0.0001863176536991	1.4053610053439932e-08	-0.0003549956137316	4.5610897377693726e-08	1.571665272115147	-1.6622206701011628	False	False	False	True
11	80722373	81266711	-0.0001164216843542	5.231010630518814e-09	-0.0001386830129909	1.3885689756626672e-08	-1.6096856666960728	-1.1768999369690563	False	True	False	False
11	81266712	84381271	9.761410608673368e-05	1.4048754254892643e-08	7.521001537671635e-05	4.0380444480249355e-08	0.8235570203464353	0.37427440614357954	False	True	False	False
11	84381272	86619300	9.50225209216695e-05	9.658041578230791e-09	0.0001212223882928	2.9088706127689782e-08	0.9669010071154396	0.7107561627909365	False	True	False	False
11	86619301	87430234	-3.567546119388626e-05	4.293470943862958e-09	-6.033569391249095e-05	1.1383364767053564e-08	-0.5444591892008476	-0.5655083027464767	False	True	False	False
11	87430235	89208935	3.3779438963342966e-05	8.159892070553866e-09	2.3755800281364982e-05	2.494549659261399e-08	0.3739471476809088	0.150408918488676	False	True	False	False
11	89208936	90966489	2.940070035176678e-05	5.346072467822238e-09	9.482998060570476e-05	1.2589307529888131e-08	0.40210572375885634	0.8451712988943383	False	True	False	False
11	90966490	92077143	5.6600571332620815e-05	4.169608088314074e-09	1.0419069210752158e-05	1.1875980706126495e-08	0.8765429413265688	0.0956079885207138	False	True	False	False
11	92077144	93276156	-0.000109996548875	4.0758666415912244e-09	-0.0001518787447393	1.1619061992700084e-08	-1.722935726351015	-1.4090015298649492	False	True	False	False
11	93276157	94242259	-7.22283994975585e-05	3.435530732888401e-09	1.9908546003362023e-05	1.0032390900394091e-08	-1.232284745923841	0.19876381333970605	False	False	False	False
11	94242260	95726040	4.5797923914199536e-05	6.895712113348149e-09	-1.0737610832246889e-05	2.1990187299426935e-08	0.5515136049630857	-0.07240910764783337	False	False	False	False
11	95726041	97057057	8.19387039826185e-06	5.973676767348482e-09	-4.5609687150797576e-05	1.681347673020854e-08	0.10601522288755974	-0.3517453215439772	False	False	False	False
11	97057058	98705064	7.399904914810757e-05	8.912298816194027e-09	0.0001655690227671	2.5761401153800554e-08	0.7838469442564507	1.0315596478624238	False	True	False	False
11	98705065	100417168	-2.99695365693251e-05	1.1964544521540774e-08	-0.0002917519637415	3.6227673794984854e-08	-0.27398825239941194	-1.532828489190768	False	True	False	True
11	100417169	101331120	8.90297046659096e-05	4.799491904565687e-09	1.3154033551593598e-05	1.3297724996259982e-08	1.2851011167111308	0.11406969271424805	False	True	False	False
11	101331121	103959635	2.3185397044322305e-05	1.3626742658496594e-08	-2.7485756527371397e-05	3.808218042463658e-08	0.198617956967146	-0.1408467376046292	False	False	False	False
11	103959636	104873283	-5.7652711367926624e-05	2.871580711001058e-09	-0.0001008820780538	7.573144496974197e-09	-1.0758685763955826	-1.1592467792378136	False	True	False	False
11	104873284	106520893	-3.5997085722752316e-05	5.175870866216692e-09	1.3951817499865932e-06	1.30874452496822e-08	-0.5003519838056241	0.012195604947337723	False	False	False	False
11	106520894	107844199	4.012964934630725e-05	7.257109872389797e-09	-9.874825798566533e-05	2.237183977248088e-08	0.4710679050003437	-0.6602046713029702	False	False	False	False
11	107844200	108437036	-7.691393047927545e-06	1.3299798464877747e-09	2.041673471585156e-06	3.3495120500255084e-09	-0.21090286301704725	0.035277314231294855	False	False	False	False
11	108437037	109866115	-8.649726241791216e-05	3.768623480170489e-09	-6.593039741435402e-05	1.0503565445350485e-08	-1.4089999825288584	-0.6433055833085716	False	True	False	False
11	109866116	111114396	6.0182723348167425e-06	5.1815491347310796e-09	-7.665692822606572e-07	1.5135780147806154e-08	0.083606881716914	-0.006230874542862178	False	False	False	False
11	111114397	112459487	1.8801834396248528e-05	3.824061829481232e-09	-0.0001317375794761	1.1461710293599912e-08	0.30404493315277614	-1.230509485956052	False	False	False	False
11	112459488	114257727	0.0006575125941667	2.1172668201407432e-08	0.0001690436152889	3.1215553977529284e-08	4.518728829799351	0.956782556543754	True	True	True	False
11	114257728	114830665	4.312599231932553e-06	2.516013959217127e-09	2.3150931255352384e-05	7.831694137083392e-09	0.08597705758416979	0.26160172680113447	False	True	False	False
11	114830666	116383347	4.6827189752457715e-05	9.01453764485135e-09	2.44685757282363e-05	3.0196957031685245e-08	0.49320374637456665	0.1408079254795657	False	True	False	False
11	116383348	117747109	-1.9344478719934248e-05	9.4658250474124e-09	-5.124507583866532e-05	2.9203453736369144e-08	-0.19882811469433118	-0.299871389549386	False	True	False	False
11	117747110	119215475	-4.732791142054534e-05	5.664279656139237e-09	8.818661131331401e-05	1.609161492617927e-08	-0.6288470036445913	0.6951889156249896	False	False	False	False
11	119215476	120766805	0.0001100854560107	9.035511084207106e-09	0.00022321125297	2.7919671351831184e-08	1.15812006021523	1.3358599648585268	False	True	False	False
11	120766806	121175942	-3.408778717215088e-05	2.2396616359238715e-09	-1.6088948979436122e-05	6.976169842641909e-09	-0.7202903629964202	-0.1926278830128414	False	True	False	False
11	121175943	122591909	2.9923148912544413e-05	6.239557943932611e-09	7.396013072922714e-05	1.980760871197382e-08	0.3788178045389384	0.5255108002524371	False	True	False	False
11	122591910	123500116	0.0001179710436238	6.764451168014681e-09	5.638094089462426e-05	2.2291758577273164e-08	1.434363213055058	0.37762449170256934	False	True	False	False
11	123500117	124495527	-1.1083676743230813e-05	5.524146410949561e-09	6.0164630391495544e-05	1.5566185039981856e-08	-0.14912527610850335	0.4822254851417521	False	False	False	False
11	124495528	126311319	5.887301388708421e-05	1.0630724376507631e-08	0.0001128692631523	3.1982895587001144e-08	0.570998332632394	0.6311270577715276	False	True	False	False
11	126311320	127316678	9.559129315596864e-05	6.754528081302639e-09	-0.0002035638504973	1.94008648781262e-08	1.1631101107108432	-1.461470695838956	False	False	False	False
11	127316679	128188536	2.319781814026764e-05	3.658507229232495e-09	1.371147071006506e-05	1.1036744689335752e-08	0.38352632648365054	0.13051593596408254	False	True	False	False
11	128188537	130342574	4.798547038961615e-05	1.2455383170998064e-08	-4.2918666984565e-05	4.043317331969567e-08	0.4299631244956072	-0.21344073658262616	False	False	False	False
11	130342575	131074611	0.0003404383693942	6.7594519257142085e-09	0.0002505428676109	1.428364215031745e-08	4.140785748118594	2.0963440649521368	True	True	True	False
11	131074612	133000045	-7.246731263706575e-05	1.5409472142599043e-08	-6.671311010869542e-05	4.7738045415114137e-08	-0.5837787406202819	-0.305336603945531	False	True	False	False
11	133000046	134205992	0.0001054815904054	1.5863226929820674e-08	0.0001042031155227	2.2262006959767384e-08	0.8374924503815244	0.6983908597062348	False	True	False	False
11	134205993	134946451	0.0002132368329908	1.0843866135807097e-08	0.0001195960698639	2.2832118614225743e-08	2.0477180094316663	0.7914870294577259	True	True	False	False
12	61107	1080330	3.914298038321705e-05	5.911113473392802e-09	8.447699963724704e-05	1.642346685109682e-08	0.5091189261769815	0.6591830955324007	False	True	False	False
12	1080331	2544785	-0.0001805830471493	9.659028243156596e-09	-0.0001039456673437	2.0522365325970592e-08	-1.837427699044023	-0.7255923322277157	False	True	False	False
12	2544786	3677036	-8.083890062232311e-05	9.269849197259069e-09	0.000135018198093	2.6915355201849884e-08	-0.8396224921361958	0.8229856258612108	False	False	False	False
12	3677037	4417678	-4.457222915635597e-05	6.200905700857563e-09	-0.0001178496612311	1.8742177128049293e-08	-0.5660265350637614	-0.8608318348020574	False	True	False	False
12	4417679	5321471	2.954881325838589e-05	7.154629730898166e-09	9.367412289317704e-05	2.2158490272124313e-08	0.34933850870250227	0.6292881471047569	False	True	False	False
12	5321472	6419752	0.0001440373578665	8.437691081119141e-09	-0.0002180083435849	2.4900107615546167e-08	1.5680623807378014	-1.381568755959907	False	False	False	False
12	6419753	8377535	-1.4439144236353211e-05	1.0970273890258016e-08	-7.096766397630045e-05	3.2535503706605914e-08	-0.13785823674610848	-0.3934429271881946	False	True	False	False
12	8377536	9031394	1.0482061496001988e-05	2.2115288997446876e-09	-5.943115192861283e-05	5.984056218446661e-09	0.22289503455483187	-0.7682743177317776	False	False	False	False
12	9031395	10481533	1.5937269421608795e-05	9.174476948175e-09	3.2150479098972967e-05	2.546517049672074e-08	0.16638848123939914	0.20147174822337754	False	True	False	False
12	10481534	11754845	-8.35492454929932e-06	6.267991396154908e-09	6.179781796215934e-05	1.2211939141378392e-08	-0.10553058276936866	0.5592175919710597	False	False	False	False
12	11754846	12733527	8.731088545542399e-05	1.1257295284106773e-08	0.0002300618355156	2.3105849712261135e-08	0.8229081501005735	1.5135041227848012	False	True	False	False
12	12733528	15241483	-8.282324468131128e-06	1.7231487756331098e-08	-0.0001094143481777	4.92277747942819e-08	-0.06309440548493903	-0.4931388009690866	False	True	False	False
12	15241484	16310459	-9.210188490250756e-06	3.1494828431959463e-09	2.0635870265376437e-05	8.186092055907484e-09	-0.16411523345036227	0.22807856758689296	False	False	False	False
12	16310460	18087872	6.218452735861594e-05	7.966000281281613e-09	-4.706492466622706e-05	1.9735782015608387e-08	0.6967262590676447	-0.3350195863325315	False	False	False	False
12	18087873	20863942	9.485045005626824e-05	1.9045011939672927e-08	-0.0001073453126407	5.1602796534319424e-08	0.6873038414919278	-0.4725485839786512	False	False	False	False
12	20863943	23820633	-3.660084882895377e-05	1.546436466089672e-08	-6.702266415881832e-05	3.820459235655294e-08	-0.2943236199897384	-0.34289717097254363	False	True	False	False
12	23820634	25371082	0.0001639991851192	1.9048850904032517e-08	0.0001257969973391	3.5345987328767775e-08	1.188248565956471	0.6691141532988294	False	True	False	False
12	25371083	27799772	-0.0001101629086693	1.6693098798987532e-08	-0.0001165673767015	4.7007453057119674e-08	-0.8526423744649418	-0.5376425873954324	False	True	False	False
12	27799773	29651254	1.4293428798604218e-06	1.0077213374402056e-08	3.509769774959945e-06	2.3233097091544745e-08	0.014238564122993113	0.02302634863876271	False	True	False	False
12	29651255	30512405	3.4021736481301344e-05	7.187672750181304e-09	3.39703590001544e-05	1.6506136381041093e-08	0.4012936878078008	0.2644097234777832	False	True	False	False
12	30512406	32165591	0.0001393792577626	1.2499873522931312e-08	-0.0001503993318922	3.2526515217211685e-08	1.2466522869755863	-0.8339252783312093	False	False	False	False
12	32165592	33076988	6.119945328390812e-05	7.415569576030464e-09	-0.0001329785675305	1.7909740950266798e-08	0.7106819502489382	-0.993658148328755	False	False	False	False
12	33076989	37856716	-2.452064681880244e-05	6.332632998156041e-09	1.63974186865361e-05	1.4313327934310958e-08	-0.3081340997049257	0.13705824774334463	False	False	False	False
12	37856717	39227168	3.9741520257215915e-06	2.717010605075034e-09	-9.005603441086919e-06	5.428011699842796e-09	0.07624279514674553	-0.12223411471605965	False	False	False	False
12	39227169	40816184	2.1738395875111952e-05	7.452687171138817e-09	-8.802428008394457e-05	1.7790439096130216e-08	0.2518088834903175	-0.6599471355607065	False	False	False	False
12	40816185	41658585	-1.878195829999029e-05	4.846303387995756e-09	2.3030311174293735e-05	1.211782773741096e-08	-0.2697960411831901	0.2092123986554516	False	False	False	False
12	41658586	43984473	0.0002308381127592	1.3529195593570993e-08	-1.1596061088015884e-05	3.2231437247256616e-08	1.98459332946806	-0.06459079926549505	True	False	False	False
12	43984474	46024228	4.017857301160563e-05	7.056025817712058e-09	1.2289857491743485e-06	1.7437857401722135e-08	0.4783154703054108	0.009306797961890977	False	True	False	False
12	46024229	47714792	-5.941495417572627e-05	6.966454689283822e-09	-3.0801211528178456e-05	1.7270203097910143e-08	-0.7118522435292538	-0.23437920500168885	False	True	False	False
12	47714793	49001865	5.063616909217399e-05	9.021968031631712e-09	-7.060183359087939e-05	2.2628163531000473e-08	0.5331018621203766	-0.46934406004686174	False	False	False	False
12	49001866	51776493	-4.212001327881258e-05	8.27499096259837e-09	-0.0001639794014255	1.9399067729554532e-08	-0.46302531446107414	-1.1773317797706548	False	True	False	False
12	51776494	53039003	0.0001267332958071	8.423853375414795e-09	0.0001334257217277	2.2316260950013965e-08	1.3808144707118872	0.893159136418159	False	True	False	False
12	53039004	54778822	4.883142168454371e-05	8.715848873538055e-09	-1.0316699441017372e-05	2.4500500965377533e-08	0.5230515855507611	-0.06591030116095371	False	False	False	False
12	54778823	55665836	-2.631723578355491e-05	4.3394591341619314e-09	-6.36072208955698e-06	8.717246506450552e-09	-0.3995052308334654	-0.06812660663026006	False	True	False	False
12	55665837	57548859	7.98719143957006e-05	6.646816037547529e-09	-8.460929716779111e-05	1.34721202530049e-08	0.9796868175845223	-0.7289539810349089	False	False	False	False
12	57548860	59308665	7.760513042188838e-05	8.284459079367999e-09	-1.7970672718679064e-05	1.5606715955402075e-08	0.8526255733112015	-0.14384957124907047	False	False	False	False
12	59308666	61123728	-0.0001035872546103	6.866641644812696e-09	-0.0001518179000868	1.6219145238150646e-08	-1.2500694205201988	-1.192089873179398	False	True	False	False
12	61123729	64032460	-4.046733888129148e-05	1.6265971835050653e-08	-0.0002728087203622	3.893248311438044e-08	-0.3172960300228009	-1.382617968026052	False	True	False	True
12	64032461	65559694	-2.9173505779692894e-05	6.531613699098291e-09	-2.2306264943098547e-05	1.8179209285740004e-08	-0.3609760395794903	-0.16543955815147302	False	True	False	False
12	65559695	67181143	2.812976713170037e-05	6.935866867597748e-09	-2.6444509838249974e-06	1.8732477097581552e-08	0.3377658693486138	-0.01932136996396068	False	False	False	False
12	67181144	67909728	-3.98504696287929e-07	4.512192034130932e-09	-2.706935870987713e-05	1.1968203099365346e-08	-0.005932526086637402	-0.2474363450283885	False	True	False	False
12	67909729	69826541	0.00023320968795	1.3521407543845583e-08	0.0004446218956058	4.076295111821318e-08	2.005559894520121	2.202206483248515	True	True	False	True
12	69826542	70957986	-0.0001460191894971	8.163627309911744e-09	2.5411100734546472e-05	2.1987910839648063e-08	-1.616100440194159	0.17136869684674844	False	False	False	False
12	70957987	72645074	4.39151585874513e-05	7.581663884270767e-09	-4.335364401310857e-05	1.9180572307530493e-08	0.5043501936237351	-0.3130363899414507	False	False	False	False
12	72645075	73818453	1.8434747057626704e-05	5.892860738772299e-09	-9.117655337240608e-05	1.1276853514300348e-08	0.24014530156712832	-0.8585966736334449	False	False	False	False
12	73818454	76511313	0.0001709671332654	1.3004674683953734e-08	-0.0001237223441212	3.2663975187292374e-08	1.499211425388423	-0.6845633138358198	False	False	False	False
12	76511314	78570569	0.0001608189337379	1.268648031196962e-08	3.897963389222266e-05	3.4662978352749713e-08	1.4277974547003782	0.20936535498181444	False	True	False	False
12	78570570	80448149	0.0001367630811328	5.241116831771362e-09	-0.0001779955360456	1.2596227095080177e-08	1.8891087344728688	-1.5859477306929002	False	False	False	False
12	80448150	81467766	3.0620162567454915e-05	4.423064117498422e-09	-6.238710977417538e-05	1.1343998104532212e-08	0.4604111945176199	-0.5857493209154864	False	False	False	False
12	81467767	83502665	-7.843099471207376e-05	9.544049664429571e-09	2.2778831269164153e-06	2.5984869844586546e-08	-0.8028259053741087	0.014130943655294456	False	False	False	False
12	83502666	84303843	2.7117001205604323e-05	3.975463553423302e-09	3.471957023655154e-05	8.615123141354646e-09	0.4300785395711587	0.3740620038514634	False	True	False	False
12	84303844	85990425	7.874508814713444e-06	6.490582257193177e-09	-1.6019131272742734e-05	1.4707146250318124e-08	0.09774209520716243	-0.13209146435638316	False	False	False	False
12	85990426	89682121	7.109123184204116e-05	1.2630845655016565e-08	5.7402611490937994e-05	2.8467358579370593e-08	0.6325572321467653	0.3402186091865702	False	True	False	False
12	89682122	92066154	-8.604216342991473e-05	9.393496651889554e-09	-9.305640089760466e-07	2.4452052512478564e-08	-0.8877643053805638	-0.005950981382716606	False	True	False	False
12	92066155	94514566	0.0001333188672502	1.5688682005824804e-08	-0.0005469837388984	4.473084391537834e-08	1.0643841158629792	-2.586252179043275	True	False	False	True
12	94514567	96020784	-7.201660091822758e-05	1.3074488777389889e-08	-0.0002026610344226	3.6881337046562985e-08	-0.6298255304685353	-1.0552781028	False	True	False	False
12	96020785	97108838	0.0001693786751202	7.471640157703519e-09	6.317491032990537e-05	2.0700052275723892e-08	1.9595247699529765	0.43909542590676615	False	True	False	False
12	97108839	99305986	-4.058936364813816e-05	1.4935717676598653e-08	-4.988913578561949e-05	4.392351898189007e-08	-0.33212318549340186	-0.23804409760236064	False	True	False	False
12	99305987	101447640	0.0001080734235231	1.0313316852783114e-08	0.0001594558663297	2.7819701510851848e-08	1.064191360489338	0.9560140357893818	False	True	False	False
12	101447641	101862689	8.910438941888778e-05	2.1715461968128806e-09	-0.0001026047599898	6.292355580702699e-09	1.9121174379701857	-1.2934834624709972	False	False	False	False
12	101862690	102964985	7.72101376913449e-05	5.1838037113897854e-09	-0.0003089438902133	1.4079395060772753e-08	1.0723833262132523	-2.6036800370533495	True	False	False	True
12	102964986	104848695	0.000163175443032	1.2180707547895817e-08	-1.5279416782816698e-05	3.305313186460726e-08	1.4784905139914553	-0.08404279154011386	False	False	False	False
12	104848696	106436212	0.0001263237784234	1.0578980836451721e-08	0.0001227133353662	2.9320274095820392e-08	1.228183311763106	0.7166510598719719	False	True	False	False
12	106436213	106958747	3.651640218497672e-05	2.8521306162949774e-09	-3.012060309668269e-05	7.0929524513567515e-09	0.6837593472777675	-0.3576433375790303	False	False	False	False
12	106958748	109025900	-2.549353185362551e-05	1.1088240107379669e-08	-3.104733653812985e-05	2.8578995142174754e-08	-0.2421021775243999	-0.18365420305307428	False	True	False	False
12	109025901	110336718	1.353061431199487e-05	7.2471917142562744e-09	7.915553190340481e-05	1.740673042564879e-08	0.1589397917555754	0.5999605157775364	False	True	False	False
12	110336719	113263517	0.0001494032420657	6.165927187811018e-09	3.834940095622792e-05	1.1808878339283422e-08	1.9026584133570885	0.352902114218576	False	True	False	False
12	113263518	113986708	3.0436972925643463e-05	3.05693471532578e-09	0.0001543215549066	7.396629818132348e-09	0.5505013343962941	1.7943602857862035	False	True	False	False
12	113986709	115036601	-7.108407152935202e-05	9.71189191288679e-09	-0.0001750455581692	2.9064150385157296e-08	-0.7213073789788239	-1.0267678907632911	False	True	False	False
12	115036602	115503215	4.762392577164635e-05	3.5816124447927342e-09	-0.000102413447809	1.0718381224362118e-08	0.7957669490611025	-0.9892188588438847	False	False	False	False
12	115503216	117087470	6.881101345638844e-05	1.319441155468303e-08	-1.4899911370611964e-05	4.0722722627573034e-08	0.599049818728843	-0.07383551050650178	False	False	False	False
12	117087471	118135374	-7.863536455228949e-05	6.979441772164097e-09	-5.8158962785486225e-05	2.072109220973477e-08	-0.9412555723987736	-0.40402694623227964	False	True	False	False
12	118135375	119754109	0.0001866451846637	1.2221917584380996e-08	0.0002320420240591	3.1661160050664375e-08	1.6882902579836052	1.3040769944960302	False	True	False	False
12	119754110	122007650	0.0003866612948018	1.0962486930722168e-08	-3.38252673492649e-05	2.8496755119518e-08	3.692973205394443	-0.2003749987604643	True	False	True	False
12	122007651	124977979	-0.0006989872596683	1.9290597552228772e-08	-0.0004698782659072	2.5337746827936054e-08	-5.032646426045531	-2.951898097390352	True	True	True	True
12	124977980	126445504	-4.289622197796021e-05	1.5103825993309533e-08	-4.979061739619733e-05	3.8390670217813116e-08	-0.34904028710872986	-0.2541175528809376	False	True	False	False
12	126445505	127875097	-5.082810880931875e-06	1.0711529961688962e-08	-0.0001183331266081	3.0814909535891086e-08	-0.049110934430274714	-0.6741024275173639	False	True	False	False
12	127875098	129237296	-7.355718536404848e-05	1.2494616551022177e-08	-0.0002239444784476	3.535135667848514e-08	-0.6580571867823272	-1.1910700830771	False	True	False	False
12	129237297	130377920	1.376451807604632e-06	1.3529465019268386e-08	5.937155382052014e-05	4.3015798998593546e-08	0.01183370390365187	0.2862624724657478	False	True	False	False
12	130377921	131786750	-6.349518057488443e-05	1.5772407601462424e-08	-8.946446494501429e-05	4.9390081957517334e-08	-0.5055821898953587	-0.40256007051448744	False	True	False	False
12	131786751	132807033	-3.4875292319068644e-05	5.682901105843725e-09	4.385195169992747e-05	1.6613928799396823e-08	-0.46262895110922364	0.34021444927876315	False	False	False	False
12	132807034	133841510	-1.824714663389436e-05	2.862524876796045e-09	-2.2305515834356103e-05	6.676287242667713e-09	-0.34105178528348734	-0.2729887590470289	False	True	False	False
13	19020013	20686719	3.31117102431878e-06	6.2493644418685075e-09	-0.0001291885425453	1.3184083319847262e-08	0.04188549834446916	-1.1251204779984103	False	False	False	False
13	20686720	22242173	-5.4799661707071733e-05	1.0618233409557722e-08	-8.988044477549149e-05	2.9258917625509378e-08	-0.5318041763524399	-0.5254556724646805	False	True	False	False
13	22242174	23594701	-0.0001205971807195	1.2625232665411484e-08	-0.0001932003947172	3.6600681718922634e-08	-1.0732909316593178	-1.0098652358690456	False	True	False	False
13	23594702	24531936	1.0378179201847446e-05	1.0241526957623075e-08	-0.0002755329614812	3.017538339765948e-08	0.10255074251785092	-1.5861606140713622	False	False	False	True
13	24531937	25784361	1.2953033009773972e-05	1.1863292340231946e-08	0.0001174937254484	3.117894869808457e-08	0.11892382139287808	0.6654017531245052	False	True	False	False
13	25784362	27284361	0.0001285496148749	7.978363000461966e-09	-1.0723224966979833e-05	2.0997431674573632e-08	1.4391759199815697	-0.07400180774164121	False	False	False	False
13	27284362	29257550	0.0001922261008784	1.5140446920150243e-08	-7.661070742308411e-05	4.376710724803769e-08	1.5622229346359127	-0.36619764835404245	False	False	False	False
13	29257551	30483266	-5.696115377315456e-05	7.243121391482096e-09	-6.755834816181572e-05	1.8356982680827025e-08	-0.6692924032727912	-0.4986299643954246	False	True	False	False
13	30483267	32301814	-5.8035838878585685e-05	1.3774927199476116e-08	0.0002137356897007	4.1664987005734554e-08	-0.49448327867640424	1.047107864823877	False	False	False	False
13	32301815	33776902	-7.569495539453028e-05	7.595968816124641e-09	-0.0001195096067112	1.896049880687923e-08	-0.868511055011373	-0.8679164862986992	False	True	False	False
13	33776903	35026463	-7.752948339146402e-05	6.00854934934476e-09	-8.965366216923605e-05	1.6267758412194273e-08	-1.0001889999431826	-0.7029172110220482	False	True	False	False
13	35026464	36046366	-4.944477879680985e-06	4.197341795666009e-09	7.604120655587875e-05	1.1587055669221984e-08	-0.07631910528938196	0.7064191315845756	False	False	False	False
13	36046367	37498184	-2.2608690380076e-05	9.059711708201056e-09	4.790833088728439e-05	2.2482000110385545e-08	-0.23752986247742403	0.3195167040509903	False	False	False	False
13	37498185	38878162	8.843105815028515e-05	8.016178350561517e-09	0.0001487488704328	2.0577975620875666e-08	0.9876910903439532	1.0369369547139107	False	True	False	False
13	38878163	41069262	0.0001316604819318	1.2687629973593254e-08	4.479661888480022e-05	3.4068826510857875e-08	1.1688672441994135	0.2426982521310921	False	True	False	False
13	41069263	43101026	6.326360126718262e-06	8.462218588758313e-09	-6.769222554577683e-05	2.1024317304351377e-08	0.06877202156281753	-0.466850514332396	False	False	False	False
13	43101027	44901408	0.0003974355778733	1.0382683435182137e-08	0.0001377745023379	2.8802134047033213e-08	3.900425037526396	0.8118139639621783	True	True	True	False
13	44901409	46495213	-9.85705222037038e-05	7.852097435596921e-09	0.0001301481008146	2.0919993177578243e-08	-1.112382677745589	0.8998229502300716	False	False	False	False
13	46495214	47431078	-1.3706023249349588e-05	4.571274212268225e-09	-2.49573610486034e-06	1.1914622638898906e-08	-0.2027182401580889	-0.022864331908234354	False	True	False	False
13	47431079	49383961	-2.274894052336048e-05	9.347846259938095e-09	-3.7137107010141125e-05	2.2535444074340127e-08	-0.23529104289962124	-0.24738593750999494	False	True	False	False
13	49383962	51591090	-0.0001685443027757	1.0507236671026204e-08	-0.0003121189205301	2.7078301945264423e-08	-1.6442574546539548	-1.8967468998193067	False	True	False	True
13	51591091	53339621	7.877735357210441e-05	5.957384683195554e-09	5.992419964490666e-07	1.6002692453140044e-08	1.0206423033074992	0.004737025393439721	False	True	False	False
13	53339622	54682863	8.522760908112424e-05	7.740500110379954e-09	0.0001326182186239	2.182679001015867e-08	0.9687144870359835	0.8976525209723322	False	True	False	False
13	54682864	55817130	-1.925215329668758e-05	5.436073980491287e-09	8.032073170423548e-05	1.2897900233211585e-08	-0.2611178925043879	0.7072421724302235	False	False	False	False
13	55817131	57554216	6.594569235625563e-05	5.509086686972516e-09	6.69148688499548e-05	1.0647624461504728e-08	0.8884778989900411	0.6484795252473519	False	True	False	False
13	57554217	58410625	-1.9043575425869887e-05	3.314220394455138e-09	1.385561878327698e-05	7.995998396907412e-09	-0.33079413252704276	0.15494928504204947	False	False	False	False
13	58410626	59302270	-1.961717207936059e-06	4.103815416932106e-09	4.795181013190973e-05	1.0792076714263844e-08	-0.030622630376766068	0.46158585755879195	False	False	False	False
13	59302271	60854777	-1.4862582890390985e-05	8.092128738062544e-09	-0.0001119521193093	1.9607918917901312e-08	-0.16522010661122896	-0.7994965025203238	False	True	False	False
13	60854778	61591948	-1.874815321400785e-05	4.457855175660598e-09	3.767555644741866e-05	1.1082811264060008e-08	-0.2807989738548867	0.3578777568949911	False	False	False	False
13	61591949	63971558	-0.0001821138853619	1.3564860287794051e-08	-2.1897205521927605e-05	3.0996268540663884e-08	-1.5636350522426539	-0.12437525585984163	False	True	False	False
13	63971559	65200601	-1.915054332049309e-05	6.333774799338157e-09	-6.002529372543476e-05	1.2244202044703388e-08	-0.24063001104053192	-0.5424616619680589	False	True	False	False
13	65200602	67844452	2.0744098348745407e-05	1.1162468319768472e-08	-1.73975478071116e-05	2.6559022038805346e-08	0.19634255724096214	-0.10675346959089808	False	False	False	False
13	67844453	70724515	0.0001881119987637	1.7371970288518515e-08	-0.000108636797091	4.382140999451938e-08	1.4272234048979684	-0.5189598737880146	False	False	False	False
13	70724516	71526790	7.735063858808664e-05	5.832224767843065e-09	-0.0001214108527741	1.5905444866950886e-08	1.0128538355081125	-0.9626858740448018	False	False	False	False
13	71526791	73934088	0.0001114038330101	1.3773981583885925e-08	6.23170014092836e-05	3.828487041176221e-08	0.9492276595319004	0.3184879144262984	False	True	False	False
13	73934089	75670142	2.7640329268199795e-06	1.1049980992187953e-08	-0.000169970933614	3.1166541210989925e-08	0.026294350445989916	-0.9627873066453639	False	False	False	False
13	75670143	77410554	6.234137176736252e-05	1.1292008079453944e-08	0.0001961110065114	3.183443200198724e-08	0.5866657901209953	1.0991410196065143	False	True	False	False
13	77410555	78808812	6.90103637787325e-05	6.6653889068212485e-09	-3.3674504745601404e-05	1.6356326153678563e-08	0.8452819000357588	-0.2633045331906558	False	False	False	False
13	78808813	80585675	-0.0001599977386964	7.232739333083618e-09	8.527312169553143e-06	1.741510067480588e-08	-1.8813189841668891	0.06461735356549289	False	False	False	False
13	80585676	82581813	4.360734888773983e-05	1.0984525859230256e-08	-6.857787744600098e-05	2.7639324467191426e-08	0.41607251373905907	-0.41249655610582125	False	False	False	False
13	82581814	84133143	4.9769800818228805e-05	6.738740596122134e-09	0.0002065556573499	1.3289949200769088e-08	0.6062845947712064	1.7917418343759162	False	True	False	False
13	84133144	85610915	0.0001451564708168	8.033920845533499e-09	3.859536217472223e-05	2.0758291141492215e-08	1.6194689525965615	0.2678794023097766	False	True	False	False
13	85610916	88559881	-3.0163815302285352e-05	1.53948253867422e-08	0.00023889283549	3.4315102152565595e-08	-0.24310779775690414	1.2896161915608735	False	False	False	False
13	88559882	90521310	1.8884182380167555e-05	8.25005242365214e-09	3.299863849313769e-07	1.8149386964299623e-08	0.2079073447857181	0.002449430048676889	False	True	False	False
13	90521311	93129690	0.0001435196937032	1.4346703860900305e-08	-6.306085868773539e-05	3.696927164143106e-08	1.1982168757065816	-0.32797401241524504	False	False	False	False
13	93129691	93586454	1.3748059317451715e-05	2.020466820350816e-09	-3.389248911420037e-05	5.4237705279056625e-09	0.3058549656545741	-0.4602065671949799	False	False	False	False
13	93586455	96087557	-1.9087794053386344e-06	1.7993977258140975e-08	-0.000273187567099	5.06357448149286e-08	-0.014229582466628978	-1.214038136015276	False	True	False	True
13	96087558	97519209	6.307492136784305e-05	5.123406204137742e-09	-9.575625344432962e-05	1.2386258070924733e-08	0.8812057510769151	-0.8603934258395116	False	False	False	False
13	97519210	98938918	7.615909337094818e-05	6.371747693946484e-09	-0.0001109057576408	1.8717379325014268e-08	0.9540968898989456	-0.8106466122603095	False	False	False	False
13	98938919	100574094	-4.919012021148027e-05	1.1354681271794957e-08	8.328560428283956e-05	3.0715873010465196e-08	-0.4616261577882039	0.4752132151982544	False	False	False	False
13	100574095	102300522	8.274418746974642e-05	1.001325629684622e-08	-7.130427862273411e-06	2.7737038906505663e-08	0.8268939786121151	-0.04281397416691498	False	False	False	False
13	102300523	104066709	0.0001092494815772	1.1984893903088349e-08	-1.7016484257593593e-05	3.3263812197778725e-08	0.997935076392639	-0.09330046887489434	False	False	False	False
13	104066710	104844113	-9.247336505679237e-05	5.093107952243512e-09	6.830148122606469e-06	1.4287705018341816e-08	-1.2957619445439597	0.0571411378881428	False	False	False	False
13	104844114	106247553	-1.397528977385477e-05	9.825296357753488e-09	-1.536455141400906e-05	2.9147026988921783e-08	-0.14098989667267173	-0.089995906015642	False	True	False	False
13	106247554	106749999	-3.612692626918308e-06	4.394837121425337e-09	7.21765700418117e-05	1.2602814995182397e-08	-0.05449537188918828	0.6429281765194996	False	False	False	False
13	106750000	108189876	2.5919499910469168e-05	1.012238209165148e-08	0.0002317788581749	3.007668487148949e-08	0.2576233686322561	1.3364688360774128	False	True	False	False
13	108189877	109121209	4.43412580895675e-05	7.598689876655677e-09	0.0001412362158728	2.3782229544508543e-08	0.5086729588628977	0.9158403838180909	False	True	False	False
13	109121210	109815111	5.962751966438111e-05	5.767578293916336e-09	8.989890575153795e-05	1.6398841252147192e-08	0.7851452270892606	0.7020173161244392	False	True	False	False
13	109815112	111232072	-1.2582105296133111e-05	1.4329473669039837e-08	0.0001507626646788	4.433094746908218e-08	-0.10510858655648618	0.7160449697463148	False	False	False	False
13	111232073	112247591	0.0003291445022556	9.83189790337207e-09	0.0002062242122489	2.5104724527954832e-08	3.3194637121058035	1.3015531968000644	True	True	True	False
13	112247592	113572487	8.821042385691198e-05	7.360521724926959e-09	4.084832421151257e-06	1.8922357566858503e-08	1.028171613675776	0.02969522511940225	False	True	False	False
13	113572488	115109852	3.3334002163555606e-05	6.510027539575796e-09	-9.24964387527167e-05	1.4609445146914892e-08	0.4131388595970847	-0.7652584803664156	False	False	False	False
14	19002084	21589401	2.518282992292009e-05	1.3769715363153048e-08	-2.185960065114756e-05	4.1798718829531584e-08	0.21460609439494815	-0.10692044027634834	False	False	False	False
14	21589402	23018664	1.4641714142518334e-05	1.1507544346502557e-08	7.131789627032085e-05	3.0347750881465897e-08	0.13648992497646062	0.40938815107783166	False	True	False	False
14	23018665	24905122	-0.0001181432086107	1.3336406394562718e-08	-0.0002394583344676	3.7770856937797664e-08	-1.0230323121719056	-1.2321158330354534	False	True	False	False
14	24905123	26135685	0.0001086141516688	8.960660052630843e-09	-7.912308793179946e-05	2.153568600855042e-08	1.1474041431866981	-0.5391677072808444	False	False	False	False
14	26135686	28466532	-6.671302914593638e-05	1.2387320643558982e-08	-0.0001106833783956	3.1869080912938786e-08	-0.5994072213808133	-0.6200084910854886	False	True	False	False
14	28466533	29972144	0.000176929916057	1.301961265737852e-08	0.0003921189635394	1.7839477311797455e-08	1.5506087828230741	2.9358021434479777	True	True	False	True
14	29972145	32383264	0.0001777367167404	1.491652901835432e-08	-0.0002576605297867	2.785317935465641e-08	1.4552689549339164	-1.5438692156299192	False	False	False	False
14	32383265	34846250	0.0007121770463614	4.7049958594051775e-08	0.0005417486230817	7.037896054391768e-08	3.2832832370070157	2.0420971163048183	True	True	True	True
14	34846251	35859592	-1.7835889730400515e-05	6.457307774077909e-09	-0.0001367390186873	1.5458959097769317e-08	-0.22195709667496366	-1.099771180461765	False	True	False	False
14	35859593	38667724	-9.698932236954323e-06	1.2263122099223752e-08	8.82586946612495e-05	2.9577670729127492e-08	-0.08758372233242454	0.51318684484458	False	False	False	False
14	38667725	40341989	5.557296054025937e-05	9.589682826385889e-09	-6.462570856442609e-05	2.394616131127297e-08	0.5674941799721619	-0.4176258435879224	False	False	False	False
14	40341990	41615501	4.691107096402844e-05	8.417271475993495e-09	-4.76415622079878e-05	1.6736771742082722e-08	0.5113163506988448	-0.36825626777120046	False	False	False	False
14	41615502	43137388	4.861529640996249e-05	7.602057973189928e-09	-0.000213102595929	1.8075489023406884e-08	0.5575802078291668	-1.5850527219284853	False	False	False	False
14	43137389	44543226	-3.2717923211860467e-06	8.849315035305653e-09	-9.676133861315855e-05	2.3318131452594952e-08	-0.03478010595148097	-0.6336581057235106	False	True	False	False
14	44543227	46081895	-1.6166374753928594e-05	6.754765021773143e-09	4.3324496499819984e-05	1.5942309723732602e-08	-0.19670143085169803	0.34312937806373933	False	False	False	False
14	46081896	46749129	1.4808669209230804e-05	3.640609542676843e-09	-5.15670635393665e-05	7.536362456554251e-09	0.2454307534110403	-0.5940069313764826	False	False	False	False
14	46749130	48573585	-2.4699585929720323e-06	1.1873558383100008e-08	-0.0002027940830609	2.8842205985064097e-08	-0.022667270466810486	-1.1941009457701335	False	True	False	False
14	48573586	49005470	3.039703087855419e-05	2.6112599773422173e-09	3.301133822898418e-05	5.46078521578902e-09	0.5948481407089798	0.44672019146105346	False	True	False	False
14	49005471	50507759	5.088785910112929e-05	8.291061779009989e-09	0.000144593427639	2.211852574536987e-08	0.558867821456556	0.9722332384938117	False	True	False	False
14	50507760	51493571	-8.773465566592545e-05	5.7531410687392695e-09	4.113635295254883e-05	1.4136039620998873e-08	-1.156694483478108	0.3459886950254207	False	False	False	False
14	51493572	53474382	6.703982448224043e-05	1.5101288087480934e-08	-0.0001364012179136	4.1523670046447345e-08	0.5455390866327194	-0.6693763782716666	False	False	False	False
14	53474383	53997830	2.75406897333566e-05	3.103010021131161e-09	-6.5003094772594934e-06	7.069369831229353e-09	0.4944054204530034	-0.07731142578242156	False	False	False	False
14	53997831	55233680	7.902176106597231e-06	6.888390017510039e-09	-4.065074170051833e-06	1.99624736967866e-08	0.0952111563448264	-0.02877141991571624	False	False	False	False
14	55233681	56216879	-1.3821534860137483e-05	5.133963821884967e-09	-6.245402455458992e-05	1.078654193164718e-08	-0.19289895346560756	-0.6013389177258369	False	True	False	False
14	56216880	57481261	0.0001587027157922	1.0212159453054677e-08	-3.410373666306032e-05	2.4037738161777426e-08	1.5704552474663938	-0.2199658018082049	False	False	False	False
14	57481262	59448335	6.732001931182045e-05	1.1844007479445707e-08	8.731578788977174e-05	3.32213434901054e-08	0.6185786058172837	0.4790536807905611	False	True	False	False
14	59448336	61680423	2.568723999834131e-05	9.709084364231144e-09	5.319209177981281e-07	2.077221553698957e-08	0.26069236139909513	0.0036906737775272568	False	True	False	False
14	61680424	63790014	0.0001514828847011	1.3682621351303109e-08	0.0001970455010848	3.7757676581320666e-08	1.2950272666577343	1.0140605612321039	False	True	False	False
14	63790015	65220297	-2.154859604583536e-06	5.910803170045086e-09	-4.0262170315238165e-05	1.4221477269701112e-08	-0.02802823376992336	-0.3376174037763746	False	True	False	False
14	65220298	66399554	4.916349081760641e-05	6.941858625871362e-09	0.0001552134980761	1.6929811663028714e-08	0.5900717589728849	1.1928983102519457	False	True	False	False
14	66399555	67992316	-6.127728780037955e-06	6.995714306539847e-09	4.233047640769745e-06	1.2074933671183263e-08	-0.073262798193433	0.03852217318331703	False	False	False	False
14	67992317	71131956	1.3406834213232636e-05	2.054439002762341e-08	-1.9749651802358215e-05	5.2933269766074496e-08	0.09353617652688735	-0.08584106205976365	False	False	False	False
14	71131957	72889614	-9.234909398582151e-06	9.864939121603926e-09	-8.108427624386479e-05	2.3813408935339653e-08	-0.09297912060136031	-0.5254433011232225	False	True	False	False
14	72889615	76444766	7.592558423689687e-05	1.9072060295607732e-08	2.2483113941289453e-05	4.482242834543624e-08	0.549780506311344	0.10619614959840885	False	True	False	False
14	76444767	77229471	8.489726900966878e-06	5.979386312815606e-09	-0.0002004440099383	1.6467901790730023e-08	0.1097906644728165	-1.561974531076512	False	False	False	False
14	77229472	78561944	0.000170260314228	1.1775925959772131e-08	6.900762417750174e-05	3.2483896420633393e-08	1.5689745439628042	0.3828802960644818	False	True	False	False
14	78561945	80186578	-7.77036313365923e-05	8.778044454417799e-09	-7.41949675355035e-05	2.4089400427480826e-08	-0.8293587429650913	-0.4780369356123285	False	True	False	False
14	80186579	81579713	-1.9467092734715064e-05	7.980312396146034e-09	0.0002132225095801	1.9843037665361737e-08	-0.2179170200673757	1.5136622229849455	False	False	False	False
14	81579714	83138096	1.8512772901507835e-05	8.649649562707036e-09	9.20961156109624e-05	2.33203740487941e-08	0.19905459958743632	0.6030780988442647	False	True	False	False
14	83138097	84241632	3.3888501215990375e-05	7.577528766258914e-09	3.857266041264421e-05	1.97109452040229e-08	0.3893037300741907	0.27474251439502195	False	True	False	False
14	84241633	85746318	-1.3542077096027504e-05	9.786213777844648e-09	5.2883476069647105e-05	2.5985534266092282e-08	-0.1368919571419625	0.32806067089656354	False	False	False	False
14	85746319	86647001	-2.1961238971754456e-05	5.022497715243105e-09	6.843073979238891e-06	1.317341500566448e-08	-0.3098824377905259	0.059621383324182986	False	False	False	False
14	86647002	87635340	-3.398181550943348e-06	5.553408027597969e-09	9.698376163086684e-05	1.3868325862100932e-08	-0.045600204032832624	0.8235443763301532	False	False	False	False
14	87635341	89497642	-6.456437347469533e-05	9.699230998711382e-09	8.413535775848364e-05	2.302041753764648e-08	-0.6555778772428487	0.5545260432207618	False	False	False	False
14	89497643	91296859	0.0001176903379772	1.2759579444345108e-08	-7.301542639662647e-05	3.5618720057927915e-08	1.0418918237043324	-0.38687928017277456	False	False	False	False
14	91296860	93132298	4.751900356894539e-06	1.3496612413864952e-08	8.896215857494936e-05	3.4406209250375754e-08	0.040902978806029534	0.4796085303970776	False	True	False	False
14	93132299	94325284	-0.0001129563143058	7.375341442278511e-09	-0.0001366150730984	1.7805233550791837e-08	-1.3152837294583628	-1.0238227638443873	False	True	False	False
14	94325285	95750866	3.3378937977651914e-05	1.5844660687762984e-08	-9.314067134555098e-05	4.6660250192373156e-08	0.26517406299946966	-0.43118717243849525	False	False	False	False
14	95750867	96262414	-1.9726076808302467e-06	6.730026155296714e-09	4.148773557953057e-05	1.9206532694061342e-08	-0.02404541870018569	0.2993610176753789	False	False	False	False
14	96262415	98341161	1.1686449526308245e-05	1.44963508077267e-08	-0.0001778655396538	4.119742497043399e-08	0.09706289547181934	-0.8763080043543789	False	False	False	False
14	98341162	99138531	0.0003585608258062	1.218526718641084e-08	-0.0001727474559478	1.828862071972674e-08	3.2482190662038355	-1.277383151454806	True	False	True	False
14	99138532	101534306	0.0003052438178365	1.718648119403252e-08	0.000351850526284	4.9162526201236826e-08	2.32837749670057	1.5868691219898106	True	True	True	True
14	101534307	103012101	4.465602519237905e-05	8.281579964101193e-09	3.485447664686986e-05	2.038997049648201e-08	0.49070836835876813	0.2440901573426743	False	True	False	False
14	103012102	105001722	0.000145894936944	8.671995722689516e-09	0.0001441124825056	2.0931813222462922e-08	1.566681420695375	0.9960890686603243	False	True	False	False
14	105001723	106340357	1.1008892893686052e-05	2.85773832165171e-09	3.07570306108164e-05	7.561387801158088e-09	0.20593606836386052	0.35370699508288794	False	True	False	False
14	106340358	107289453	5.029197903185104e-06	9.778710312629823e-10	1.0205316664659997e-08	2.0179901931021963e-09	0.16082662028164343	0.00022717835969999958	False	True	False	False
15	21131604	24195126	-3.424597301620382e-06	6.138076063840613e-09	-5.6069767449140704e-05	1.6744769043269746e-08	-0.0437112652062576	-0.43330048381285846	False	True	False	False
15	24195127	25108589	2.84464259645404e-05	1.0651593393666142e-08	8.444689962184544e-05	1.969111736869809e-08	0.2756261502203377	0.6017949363260787	False	True	False	False
15	25108590	27298111	0.0001967530247208	1.9383859933256757e-08	-2.3163713167938534e-05	5.287850758569782e-08	1.413192376952427	-0.10073226140539854	False	False	False	False
15	27298112	29338501	-5.907863170883688e-05	8.00289442982045e-09	-2.15957752929761e-05	1.9193994529011123e-08	-0.6603997258559193	-0.15587846360957897	False	True	False	False
15	29338502	30165567	3.176594136668163e-05	5.922057755328741e-09	-0.0002364424873845	1.198721987555274e-08	0.4127864289252848	-2.159565017470018	True	False	False	False
15	30165568	31591820	-1.880701876328464e-05	6.330415505998368e-09	-6.825850561211099e-05	1.567877546621801e-08	-0.2363762560451395	-0.545130781451168	False	True	False	False
15	31591821	32441810	-1.836689424135689e-05	5.253666979297787e-09	-2.4827711876011072e-05	1.1057395080508064e-08	-0.2533987424139553	-0.23610777206622127	False	True	False	False
15	32441811	34015424	-6.142691373860692e-05	1.3549176804596288e-08	-4.26597620213485e-05	3.776768211063961e-08	-0.5277184044764226	-0.21951199783600886	False	True	False	False
15	34015425	35083250	1.813969556457174e-05	8.612510052993002e-09	-7.425719962531398e-05	1.8276967611084682e-08	0.1954632534158798	-0.5492707799103873	False	False	False	False
15	35083251	37456501	8.194916654371095e-05	1.825365803427868e-08	0.0002045547794545	4.7424019450046046e-08	0.6065541603534716	0.939313255864839	False	True	False	False
15	37456502	38530776	0.000116435851984	7.499979339005076e-09	0.0001172731112618	2.1052753539355985e-08	1.344487261623291	0.8082468003392533	False	True	False	False
15	38530777	40384131	-9.78738986110749e-05	1.3406200818964296e-08	-5.157034136100789e-05	3.198760064722189e-08	-0.8453061478765448	-0.2883428411872648	False	True	False	False
15	40384132	41177513	4.650161044294378e-05	5.407024970041962e-09	4.12867403446537e-05	8.586537803555632e-09	0.6323955511376916	0.4455552371442344	False	True	False	False
15	41177514	42776398	5.504998630688978e-05	8.595286974998581e-09	1.7897963963805437e-05	1.7589128807706396e-08	0.5937819951601706	0.13495266481047694	False	True	False	False
15	42776399	44198048	0.0002384006450533	3.360773823076229e-09	4.959646380329148e-05	5.224692814398244e-09	4.112328345333848	0.6861519976369237	True	True	True	False
15	44198049	46618786	-4.915441477502573e-05	8.861747534204781e-09	-0.0002685288656333	1.7818152806038015e-08	-0.52215909056016	-2.0116834253541707	True	True	False	False
15	46618787	48136047	6.733841943301157e-05	1.4842354590631765e-08	-0.0001257399313016	2.2392647342525172e-08	0.5527280654483917	-0.8402731734212301	False	False	False	False
15	48136048	50008042	2.1803365058601652e-06	7.021306789787212e-09	-6.58934677747852e-05	1.3687036762365313e-08	0.02602043493389983	-0.5632324223112479	False	False	False	False
15	50008043	51677559	-0.0001094470644066	1.0814959415118494e-08	-1.410517827061088e-06	2.2266352882299765e-08	-1.0524262463829148	-0.00945265996677285	False	True	False	False
15	51677560	53069095	-5.1137264743986054e-05	1.068303061291916e-08	6.879091056927754e-05	1.1522863266547785e-08	-0.4947550754322945	0.6408418329275807	False	False	False	False
15	53069096	54508527	1.9674475219900467e-05	1.1692931214000381e-08	6.218231879617995e-05	2.8492978527595222e-08	0.1819455590569193	0.3683816489733092	False	True	False	False
15	54508528	55136268	2.002929331232415e-06	5.409615265683933e-09	-2.2552961606405184e-05	1.272597754674774e-08	0.02723218175337913	-0.19992081070936754	False	False	False	False
15	55136269	56901772	-7.922414186304438e-05	1.2841714303712861e-08	-0.0001853495787209	2.5322143437455045e-08	-0.6991108492758356	-1.1647732040237149	False	True	False	False
15	56901773	58441365	-6.884710777842006e-05	1.0455161461184689e-08	0.0001641371176575	2.3360905950058464e-08	-0.6733181608661691	1.07389535082555	False	False	False	False
15	58441366	59694115	0.0001127434361245	9.501646034133362e-09	5.099311753235631e-05	2.4489624284723963e-08	1.1566230502154211	0.32585208393174325	False	True	False	False
15	59694116	61265835	0.0001677211160536	1.2518003874278914e-08	-2.026160672565904e-06	2.9958768528822775e-08	1.4990640970153815	-0.011706091185857222	False	False	False	False
15	61265836	63215221	-9.013898761020348e-05	1.917110310828085e-08	5.142644479681454e-05	4.2214021340685075e-08	-0.6510121957805085	0.250298437848318	False	False	False	False
15	63215222	65104667	0.0001298227398833	1.0066784128878337e-08	6.022588606342279e-05	2.0475020457688945e-08	1.2939139428331552	0.4208923439879938	False	True	False	False
15	65104668	67094766	-1.5063107942808496e-05	1.18453287052055e-08	-0.000133399833982	2.60177403732556e-08	-0.1384015741991743	-0.827028548316413	False	True	False	False
15	67094767	69017998	0.000204168424598	1.1888678214550936e-08	1.3095979259612063e-05	2.6976626246575682e-08	1.8724998497144374	0.07973411186770707	False	True	False	False
15	69017999	70133340	-0.000201255058959	4.844155554926104e-09	-3.496013783604323e-05	1.2505588255729349e-08	-2.8915970013849766	-0.31262310591059167	True	True	False	False
15	70133341	71922648	-3.9674494532321994e-05	1.3424792710963582e-08	8.111787937402006e-05	3.4625791260073524e-08	-0.3424188056287241	0.4359299777200881	False	False	False	False
15	71922649	73628713	9.044507304180426e-06	5.2451426308596345e-09	8.049287817696393e-05	1.0301176275992905e-08	0.12488384529493342	0.7930746116315468	False	True	False	False
15	73628714	76398623	7.389986647113839e-05	1.141016287773642e-08	-0.0001695402577827	2.5837272743605244e-08	0.6918273575431108	-1.0547499277134884	False	False	False	False
15	76398624	78516052	-0.0001371261108904	1.153732782815079e-08	-6.357721479353713e-05	2.2874171211483343e-08	-1.2766373386349466	-0.420367192854178	False	True	False	False
15	78516053	80860977	0.0004215913538777	2.0311348741327336e-08	0.000101185595684	5.0706807002953895e-08	2.958164453960526	0.44935084296878686	True	True	True	False
15	80860978	84260467	1.0186968106507324e-05	1.6438031993505648e-08	0.0001084146631634	4.1335084637387746e-08	0.0794547811500184	0.5332472313107024	False	True	False	False
15	84260468	86652904	-5.9490486688316446e-05	1.5988501686060736e-08	-0.0001167823940349	3.61327949462964e-08	-0.47048267792396975	-0.6143651832944279	False	True	False	False
15	86652905	88369942	6.295472565878424e-05	1.4551289251461861e-08	-4.574353921597367e-05	3.6881154712734974e-08	0.5218883458582334	-0.23819218500005598	False	False	False	False
15	88369943	90475550	5.5372681104566665e-05	1.325367971461906e-08	0.0002394166395633	3.289652725870037e-08	0.48098033065968254	1.3200163298466876	False	True	False	False
15	90475551	92164391	-1.3097746869683997e-05	1.6703282728492885e-08	-3.7802440998283574e-05	3.613571281553271e-08	-0.10134344813596435	-0.19886187558776877	False	True	False	False
15	92164392	93780901	0.0001558342637677	1.7140163134266345e-08	0.0001718391582559	4.9410430264304285e-08	1.1902973808950614	0.7730593171662065	False	True	False	False
15	93780902	94924329	-1.142037293826816e-05	1.3643042769154945e-08	-0.0001369625436696	3.7148423855807635e-08	-0.09777428887597743	-0.7106104946399713	False	True	False	False
15	94924330	96141595	4.492245207731482e-05	1.0931986174708765e-08	-2.9791031452072974e-05	2.9354723512996202e-08	0.42964911065236483	-0.1738787634103536	False	False	False	False
15	96141596	98030909	0.0001367420628211	1.5557047154237804e-08	-7.32792188470724e-05	4.4964575085325566e-08	1.0963230448181298	-0.3455776000814985	False	False	False	False
15	98030910	99244058	0.0001001864362202	1.4210144695919213e-08	-0.0001218438330892	3.9999489076181905e-08	0.8404457362951308	-0.6092230562905494	False	False	False	False
15	99244059	100636846	-1.186732741999476e-05	1.277779205667575e-08	-5.9934950376425776e-05	3.307649636009656e-08	-0.10498445948913401	-0.329549304812946	False	True	False	False
15	100636847	101552693	-8.268396961158894e-05	9.467144104923248e-09	-9.27636903949233e-05	2.477537442071175e-08	-0.8497904081912399	-0.5893426946256796	False	True	False	False
15	101552694	102520965	0.0001042520254854	7.524982525368664e-09	-7.593048544896637e-05	2.088985588364854e-08	1.2017987657362978	-0.5253496588240171	False	False	False	False
16	60054	1207205	-0.0001111688780132	3.380488744403448e-09	-0.000173891492955	1.1354641236508843e-08	-1.9120245990964126	-1.631892805639048	False	True	False	False
16	1207206	2764828	-5.3058735899016806e-05	6.887308795962329e-09	-1.1050941719236252e-05	1.1279815263965445e-08	-0.6393403600379969	-0.10405148793919455	False	True	False	False
16	2764829	4001195	3.6026184389029595e-05	7.595142416865866e-09	-6.062393514376529e-05	1.8379050350091004e-08	0.41338080496813656	-0.4471802244047115	False	False	False	False
16	4001196	5118344	-0.0002419698472529	9.274682376739665e-09	-3.8137752810554153e-05	2.2889573129691324e-08	-2.512532727995659	-0.25207875938499524	True	True	True	False
16	5118345	5891579	-0.0002424334984201	9.138470610475036e-09	1.6839160425096722e-05	2.2500202318604585e-08	-2.536038654731507	0.11226056478176126	True	False	True	False
16	5891580	6893550	0.000344592788422	1.5464562169925208e-08	2.2746959103225736e-05	4.358275457535578e-08	2.771005386168057	0.10895972763705744	True	True	True	False
16	6893551	7529120	0.0001762368590771	1.1363559718472856e-08	0.000104658491687	2.8632521066170672e-08	1.6532538579755622	0.618507082441161	False	True	False	False
16	7529121	8338518	6.151314614929982e-05	1.2272460558603325e-08	-0.0001076405749923	2.9777049622512963e-08	0.5552673244256955	-0.6237853583509833	False	False	False	False
16	8338519	9799418	0.0002241869463791	1.932908461802003e-08	0.0002525805431857	5.027298474436001e-08	1.6125183960863783	1.1265035318979852	False	True	False	False
16	9799419	10426031	0.0002909313592711	7.12009669491161e-09	5.043420121581957e-05	1.6065903472909054e-08	3.4478438616238924	0.3978987457251275	True	True	True	False
16	10426032	11520160	5.3738602101582696e-05	1.2157386896792482e-08	-5.483969754177506e-05	2.8985630093061664e-08	0.4873783642349072	-0.32210960708970976	False	False	False	False
16	11520161	12613097	5.42630855339208e-05	9.452702864080228e-09	0.0001248681983885	2.3511668217472373e-08	0.5581185817147728	0.814348167461125	False	True	False	False
16	12613098	13154436	2.081031335679225e-05	6.784036235422491e-09	3.598456403226392e-05	1.5504922868499952e-08	0.25265886467015863	0.2889890852664331	False	True	False	False
16	13154437	14464001	0.0002537303837646	1.659217248191443e-08	2.7224933141789193e-05	2.8215084222461585e-08	1.9697941778750294	0.16207877529911754	True	True	True	False
16	14464002	16154059	0.0001185066195519	5.728463161072699e-09	0.0002465667671624	1.4619583650066709e-08	1.5657540639726568	2.0392338836917308	True	True	False	False
16	16154060	17644748	-2.1429944454366115e-05	8.911954064633025e-09	-9.415495836037417e-05	2.3307220179737333e-08	-0.22700455709638215	-0.6167340920700286	False	True	False	False
16	17644749	18643606	-0.0002930192795175	4.346833455888771e-09	-0.000603148562696	9.945017320440671e-09	-4.444364763206142	-6.048135680422221	True	True	True	True
16	18643607	20150570	0.0001184766379111	9.096146399247876e-09	8.752597573906439e-05	1.9907502539365116e-08	1.2422356845258664	0.6203382650402188	False	True	False	False
16	20150571	22448903	1.2072576661337751e-06	9.065894620428393e-09	-4.29529003769641e-05	2.0273936808345683e-08	0.012679281341910051	-0.30166397572811143	False	False	False	False
16	22448904	24136874	-2.4749649086399453e-05	1.1005266984849945e-08	-0.0001108818883391	2.4909406970388793e-08	-0.2359221700180827	-0.7025527196886229	False	True	False	False
16	24136875	25986861	4.359979921558983e-05	1.8296451405014765e-08	-6.183653723597669e-05	4.0419173149065224e-08	0.3223302433088009	-0.3075752949879395	False	False	False	False
16	25986862	27445754	0.0001402670581795	1.6032754463075764e-08	9.287817812549875e-05	4.366748829027361e-08	1.1077751479360358	0.4444619441143147	False	True	False	False
16	27445755	29036612	-6.578050380875017e-05	6.484525986179725e-09	-8.161624249931525e-05	1.1688790461076233e-08	-0.8168796514892164	-0.7549041448604868	False	True	False	False
16	29036613	31382942	1.188560407133032e-05	6.486976037187861e-09	6.082361209707221e-06	1.4476686319224662e-08	0.1475706914814265	0.050551916577196605	False	True	False	False
16	31382943	46399472	-1.7040149826689906e-05	2.433011552581847e-09	-2.7055467779241887e-05	4.512768928764261e-09	-0.3454628276694161	-0.4027480986915953	False	True	False	False
16	46399473	49007925	-3.540052016500774e-05	5.4493367815757094e-09	5.179605874837998e-05	9.476229125543988e-09	-0.4795543324505436	0.5320824545775238	False	False	False	False
16	49007926	52035822	7.228650855913387e-05	2.2446512022380525e-08	-5.5575724127592526e-05	5.9505052988905076e-08	0.4824838891309711	-0.22782858190328859	False	False	False	False
16	52035823	53382571	-4.603202325699742e-05	9.039052658649972e-09	6.578886961892621e-05	1.8255206106571435e-08	-0.48417081319416977	0.4869216153668026	False	False	False	False
16	53382572	55903773	-7.814663844099507e-05	2.2146080554500624e-08	-0.000221533441256	5.637742782467085e-08	-0.5251239951238851	-0.9330107872193109	False	True	False	False
16	55903774	57664329	-4.246541253282968e-06	1.584646712792017e-08	-4.2332367932039817e-08	3.7102947690132115e-08	-0.03373409940852725	-0.00021976997314800383	False	True	False	False
16	57664330	59045404	-7.774531475564246e-05	1.2114139890693222e-08	-0.000200319822008	2.7167821164898777e-08	-0.706362986241784	-1.2153364427943572	False	True	False	False
16	59045405	60745693	0.000107850604726	1.2020496878051216e-08	0.0001255770699698	2.7225155494789376e-08	0.9836970626405646	0.7610709779179351	False	True	False	False
16	60745694	62229848	0.0002895957428013	7.55233357798529e-09	-0.0002643425315255	1.642246291227136e-08	3.3323575327693535	-2.062756194141694	True	False	True	False
16	62229849	63691588	0.0001214190677404	1.028126549977362e-08	-5.581578242417064e-05	2.3970184102132696e-08	1.1974671460013937	-0.360513334000571	False	False	False	False
16	63691589	65938565	-9.959852577644322e-05	1.6757877314821706e-08	-0.0001347271347042	3.55475273631772e-08	-0.7693844541424802	-0.714579207207727	False	True	False	False
16	65938566	68841362	-4.618103173915326e-05	1.2073390248484796e-08	-2.060674927689771e-05	2.393096596474865e-08	-0.42028995658765506	-0.1332077131206596	False	True	False	False
16	68841363	71054027	9.804805863740216e-05	8.223593524682031e-09	7.253584395896513e-05	1.6165027524243615e-08	1.0812053377021855	0.570511554092616	False	True	False	False
16	71054028	72935149	0.0001324062616761	9.353636044961642e-09	-8.06413149922899e-05	1.8217429264630644e-08	1.369046786995296	-0.5974671819941879	False	False	False	False
16	72935150	74971502	0.0001233700801188	2.00616445993657e-08	0.0001060234779048	4.5075035769849e-08	0.8710168980392977	0.49938329014290395	False	True	False	False
16	74971503	75977953	-1.3196522842499867e-05	7.0773845126558845e-09	-7.840965055928362e-06	1.3256207692841071e-08	-0.15686393965207926	-0.06810200033557261	False	True	False	False
16	75977954	77523677	0.0001328139123948	1.648127398060828e-08	2.2090060684084785e-05	3.5218418230104467e-08	1.0345421285930116	0.11770962758474028	False	True	False	False
16	77523678	78456291	0.0001078535318281	1.5645184142118084e-08	-0.0001820292915036	3.7324742512074015e-08	0.8622714996329462	-0.9421994980409863	False	False	False	False
16	78456292	79134814	3.720222756273349e-05	1.2311979443996248e-08	-0.0001496063672079	3.4256125541137774e-08	0.33527795902512014	-0.8083155927580749	False	False	False	False
16	79134815	80297373	-0.0001137792503289	1.3974074719709713e-08	-0.0003118267463055	3.5499170199761286e-08	-0.962501771259865	-1.655023872179154	False	True	False	True
16	80297374	81772535	-2.4609497031806396e-05	1.7919042563127577e-08	-0.0002606612970243	4.422994465111543e-08	-0.18384225447497582	-1.2394195835810438	False	True	False	False
16	81772536	82747727	-0.0001613710760031	1.3467422623276626e-08	0.0002224113710168	3.272327106439818e-08	-1.3905398851396513	1.2295002809470637	False	False	False	False
16	82747728	83477207	3.368448588945783e-05	1.3928454902545834e-08	-4.0910932358706435e-05	3.8112722285031486e-08	0.28541608987118333	-0.20955807096684653	False	False	False	False
16	83477208	84445882	5.588665723606496e-05	1.8100394548984996e-08	0.0001312114431123	5.24745734715284e-08	0.4153977243142663	0.5727924085425437	False	True	False	False
16	84445883	85148684	-0.0001459465429446	1.2941065611407344e-08	-4.789988823606372e-05	3.67227631254392e-08	-1.2829472279434178	-0.24995787531161176	False	True	False	False
16	85148685	86156598	4.649689946028868e-05	1.330824598888874e-08	-0.0001577413926786	4.241450707847415e-08	0.40305432342857617	-0.7659289037415435	False	False	False	False
16	86156599	86815410	1.4564863064306096e-05	1.2532551897469337e-08	-3.040362217656714e-05	3.8502333027826653e-08	0.13010280200109076	-0.15494651185522704	False	False	False	False
16	86815411	87647348	2.3042322765376113e-05	9.228505493499172e-09	-1.2358631957391984e-05	2.5373277584209186e-08	0.23986151265378952	-0.07758577697877961	False	False	False	False
16	87647349	89041164	-1.6149292763447132e-05	1.0931313015960984e-08	-0.000216798135289	1.897180769233688e-08	-0.15446046663392804	-1.5739871612360052	False	True	False	False
16	89041165	90292811	2.6076728994393184e-05	1.421364253366658e-08	-0.0001008513689627	2.2281402469956344e-08	0.21872600419026406	-0.6756325058100165	False	False	False	False
17	56	1172398	4.617193924573996e-05	7.091535287965383e-09	-3.443173933241784e-05	2.006059480065289e-08	0.5482870411327662	-0.24310117553457283	False	False	False	False
17	1172399	1928730	4.055358928817171e-05	5.198874754800161e-09	4.964868932779116e-05	1.3704509497264056e-08	0.562437955591888	0.42410758526300596	False	True	False	False
17	1928731	3702311	-8.106665580359403e-05	1.2826384003938194e-08	-2.308669529805524e-05	2.9532138215193687e-08	-0.715797436506853	-0.13434277810504963	False	True	False	False
17	3702312	4696260	6.506214275500738e-05	6.528531546849645e-09	0.0001030568038517	1.4489538050332861e-08	0.8052312272874012	0.85614909021676	False	True	False	False
17	4696261	5741333	7.952825770761992e-05	7.931490006838953e-09	3.947336556646414e-05	1.737535711453184e-08	0.8929848222696789	0.2994589427582146	False	True	False	False
17	5741334	7317397	5.711787788555183e-05	1.2541221904871191e-08	-0.0003148134733843	4.0167145345044074e-08	0.5100375341841861	-1.5707889125313752	False	False	False	True
17	7317398	8306424	4.6195424387694583e-05	6.193301609444653e-09	9.236769767014024e-05	1.599812591411988e-08	0.5869996550779387	0.7302735370150131	False	True	False	False
17	8306425	9965920	-9.718717726993456e-05	1.2935918456260322e-08	-0.0003055303099722	3.570044593861566e-08	-0.8544965899494594	-1.6170277769403143	False	True	False	True
17	9965921	11102814	4.833080369296865e-05	8.405700251215721e-09	5.346776614643712e-05	1.991129235562215e-08	0.5271534675749643	0.3789154514527364	False	True	False	False
17	11102815	12534768	-9.86713617505092e-05	1.0485005056905949e-08	3.717361440359715e-05	2.881252223365199e-08	-0.9636222066654703	0.21900001814431255	False	False	False	False
17	12534769	13180371	-0.0001846225065844	6.549222918329063e-09	-8.515704705567104e-05	1.8035314863376716e-08	-2.281338640899523	-0.6341014245869868	True	True	False	False
17	13180372	13894636	8.845357937650112e-05	7.629244127419079e-09	5.925589893047055e-05	2.0913914989206862e-08	1.012685649611234	0.40974524436260273	False	True	False	False
17	13894637	15019096	0.0001164690904781	1.1253797160912642e-08	1.7119046198071166e-05	3.0686766454244473e-08	1.0978958474323195	0.09772462214460385	False	True	False	False
17	15019097	16412341	-5.616125774258323e-05	6.38975887442313e-09	1.569016342010307e-05	1.5093075558638646e-08	-0.7025780710753504	0.12771402548864866	False	False	False	False
17	16412342	18856319	-0.0003562425146034	9.84386895206726e-09	-3.4064673062902313e-06	2.1283449098281862e-08	-3.5905653537161	-0.02334980298753795	True	True	True	False
17	18856320	21290356	7.194209783175223e-05	5.366431231454165e-09	3.631713486112581e-05	1.0116788848468063e-08	0.9820651810475823	0.36106902719063483	False	True	False	False
17	21290357	27334243	1.2532660750124152e-05	8.751483145564219e-09	4.9956020429124234e-05	1.629370282981476e-08	0.13396842556140956	0.3913613549223052	False	True	False	False
17	27334244	29786490	0.0001627606494873	7.894969688588282e-09	4.925366056839355e-05	1.0219292219120752e-08	1.8317836602639783	0.4872233619312168	False	True	False	False
17	29786491	31538424	2.3054233534645875e-05	1.0190257470888622e-08	-5.6537682882325005e-05	2.4163900368635173e-08	0.2283800215308914	-0.36370936810059573	False	False	False	False
17	31538425	32912797	0.0002011983489628	1.2144213217441217e-08	0.0001417008985047	3.3595015125828854e-08	1.8257433219069719	0.7730991282754043	False	True	False	False
17	32912798	34469035	-6.886424916510434e-05	8.100282877061812e-09	-6.623514138397933e-05	1.8944819242131664e-08	-0.765144963558599	-0.48121951906543	False	True	False	False
17	34469036	36809343	-7.181497429239653e-05	9.671240511960964e-09	-5.5323137864539194e-05	2.4385486305224212e-08	-0.7302539544785058	-0.3542754793871091	False	True	False	False
17	36809344	38877403	0.0001060969172482	9.386603423624377e-09	0.0001756286623024	1.5279761439386713e-08	1.095086765494274	1.420813603636484	False	True	False	False
17	38877404	39899809	-5.566507559828694e-06	6.4936228597943196e-09	6.928641019390898e-05	1.3397283790262445e-08	-0.06907792321589282	0.5986040931477787	False	False	False	False
17	39899810	41772086	0.0002025143082383	6.378692721977025e-09	-0.0001091633001188	1.1110288533784013e-08	2.5356532993120333	-1.0356523322230808	True	False	False	False
17	41772087	43056904	2.828417599581488e-05	5.9807746374812965e-09	-6.302453795784587e-05	1.4325355275593215e-08	0.3657335587944579	-0.5265710392138873	False	False	False	False
17	43056905	45876021	-0.0001847144624916	2.094474286589553e-08	-8.971230947478868e-05	2.2356416262446722e-08	-1.2763311949463063	-0.599999575692855	False	True	False	False
17	45876022	47517399	4.084851329568668e-05	8.87463470201308e-09	7.867687212230943e-05	1.9163737989277322e-08	0.43361171979837476	0.5683383649827362	False	True	False	False
17	47517400	49898956	8.633508895043467e-05	1.4097557367309904e-08	-3.6251645459665793e-05	3.6751346862773996e-08	0.727135596040859	-0.1890998106978913	False	False	False	False
17	49898957	50719054	-2.317547544261226e-05	3.794002743495083e-09	-4.800505225979221e-05	8.194258132650101e-09	-0.3762528793315607	-0.5303128204193925	False	True	False	False
17	50719055	51826117	-7.205572108466076e-05	5.889733758622653e-09	9.583630880853812e-05	1.1776424970675478e-08	-0.938902806096192	0.8831273676412348	False	False	False	False
17	51826118	53599431	7.449381236028507e-05	1.0360272562443981e-08	0.0001680580080875	2.1883107106747353e-08	0.7318711201271405	1.1360690245042944	False	True	False	False
17	53599432	55357540	-5.9355768670018224e-05	8.848314868959403e-09	-8.969056973173483e-05	2.08614511425106e-08	-0.6310047801295033	-0.6209755848870013	False	True	False	False
17	55357541	57487511	9.28969028596919e-06	1.069905442119618e-08	8.287162315595502e-05	2.189323184593701e-08	0.0898107941745242	0.5600810864453173	False	True	False	False
17	57487512	59312754	-1.3075996524712812e-05	3.112429984203834e-09	1.7431375433881713e-05	5.513815496868938e-09	-0.2343824022889672	0.2347499680963094	False	False	False	False
17	59312755	61545588	5.823393954918084e-05	7.3339458493836535e-09	0.0001622432727809	1.6169241576397012e-08	0.6799975090266219	1.2759153830436418	False	True	False	False
17	61545589	63148127	-9.027057300453568e-05	4.2922053364192236e-09	-5.837759424885712e-05	8.097599060428997e-09	-1.3778627335607452	-0.6487360899001203	False	True	False	False
17	63148128	64800429	1.1465315367868968e-05	1.2014439910894494e-08	5.820545679699561e-05	2.2207570825036843e-08	0.10460061553745388	0.3905828535602335	False	True	False	False
17	64800430	67858769	-1.8367672648431816e-05	1.8282740050594762e-08	-0.0001582046581233	4.510770674678493e-08	-0.13584181904425113	-0.7448929988099021	False	True	False	False
17	67858770	69387816	-3.332589805916377e-05	1.071979077278567e-08	0.0001928359062708	2.631599059450964e-08	-0.3218760825616565	1.188715818464986	False	False	False	False
17	69387817	72672202	9.535401367327564e-05	2.8289981806394872e-08	0.0004038239130822	7.766597103220308e-08	0.5669211300770339	1.4490275563511847	False	True	False	True
17	72672203	74375559	9.837236627718118e-05	8.846898415578457e-09	-5.3418022615049653e-05	2.168381479604963e-08	1.0458697402431565	-0.36276047591654287	False	False	False	False
17	74375560	76263412	0.000159692314116	1.7234876396534225e-08	-3.726763524996663e-05	5.047953407659934e-08	1.2164098487358896	-0.16587241485771587	False	False	False	False
17	76263413	77298635	6.0845606622007615e-05	9.158142329580062e-09	-8.406482737366886e-05	2.548676151396428e-08	0.6358073307363898	-0.5265710733667649	False	False	False	False
17	77298636	78837587	-0.0001058955270645	1.2226180840565115e-08	-0.0002648806674354	3.109910418484747e-08	-0.957706000815516	-1.5020220990220081	False	True	False	False
17	78837588	80034407	-4.707373443308534e-05	5.002056995572131e-09	-1.0608815150346497e-05	1.2450483634422904e-08	-0.6655862399516905	-0.09507662817351181	False	True	False	False
17	80034408	81194907	4.2240683461365806e-05	6.033315407036816e-09	5.021096972690344e-05	1.1269207447058455e-08	0.543817177714179	0.4729899599987221	False	True	False	False
18	10644	912485	-7.266114720994109e-06	7.348920568497542e-09	0.000133480934577	2.0060327808790664e-08	-0.08475990744224016	0.9424324381267893	False	False	False	False
18	912486	1942910	7.19272339967806e-05	7.130631753417169e-09	6.99648075195689e-05	1.8419479308304877e-08	0.8517837591485892	0.515514599474016	False	True	False	False
18	1942911	3891657	0.0002986897904954	1.9124647944902364e-08	-3.583701839980632e-05	5.4388546056892866e-08	2.159850312736399	-0.15366612686808345	True	False	True	False
18	3891658	5834179	-9.78959210470102e-06	1.4901510530072017e-08	-5.282774830057858e-05	3.985932257105607e-08	-0.08019539849451539	-0.26460444975101405	False	True	False	False
18	5834180	7090484	9.424192122535148e-05	1.1863734940598009e-08	-1.6879956249361567e-05	2.6743477754550363e-08	0.8652336743041958	-0.10321964837094488	False	False	False	False
18	7090485	8498930	-4.740432608145114e-05	1.0062514560121186e-08	-5.727711174354446e-05	2.8655435872696008e-08	-0.4725684417518775	-0.3383588971155758	False	True	False	False
18	8498931	11075912	0.0001768525730483	2.6811360531928757e-08	-0.0003588405505742	7.791309009250902e-08	1.080070132264579	-1.285571688994129	False	False	False	True
18	11075913	11905439	-7.838990938436535e-06	5.400819018101348e-09	5.0655728115386894e-05	1.3935888412213556e-08	-0.10666706619467693	0.4291026850781699	False	False	False	False
18	11905440	14440798	8.495036987115576e-05	1.541008745597492e-08	2.1538819056479876e-05	3.585363061352199e-08	0.6843254984049241	0.11375102479542758	False	True	False	False
18	14440799	19485843	1.3135563795018166e-05	2.580925088052405e-09	1.7086956425456376e-05	5.523723225572368e-09	0.25855980905843556	0.22990518036634677	False	True	False	False
18	19485844	20649471	-2.570099160050655e-05	4.7407022449135244e-09	-4.247616812662941e-05	9.698936491895194e-09	-0.3732746872248335	-0.4313037888935972	False	True	False	False
18	20649472	22996650	-8.649601136847744e-07	1.3892780302143574e-08	8.745667896050412e-05	3.906119172283447e-08	-0.007338401970939216	0.44250709363761387	False	False	False	False
18	22996651	24026190	0.0001815863931532	4.954267149367968e-09	-5.8932105757101906e-05	1.2443279294516217e-08	2.5798448681339075	-0.5283047737391677	True	False	False	False
18	24026191	25927681	-8.456856353194717e-05	1.1942307744134585e-08	-0.0001636715187589	3.2252910817755805e-08	-0.7738643220725738	-0.9113572536001985	False	True	False	False
18	25927682	26875586	1.2611126554263644e-05	3.9603540182435e-09	6.466394010625698e-05	8.396233222282265e-09	0.20039499898492114	0.7056996739712911	False	True	False	False
18	26875587	27866477	5.408751645915257e-05	5.049378416155779e-09	3.999643924674162e-05	1.07502478993736e-08	0.761163721330489	0.3857554669689584	False	True	False	False
18	27866478	30264065	0.0001731531492553	1.5227598161671164e-08	0.0003482799861644	3.941830384333667e-08	1.4031842162627153	1.7542017993176384	False	True	False	True
18	30264066	31780066	-1.7205297952701054e-05	5.280960583982105e-09	-3.4323058631374925e-05	1.0817954605922188e-08	-0.23675858455527268	-0.32999959344049284	False	True	False	False
18	31780067	33861963	4.2130307734003845e-05	9.478290397157426e-09	-8.61168821905701e-05	2.1768559634651572e-08	0.43274257611388095	-0.5836781705760823	False	False	False	False
18	33861964	35075249	-2.7341571070332313e-05	6.8875772364370085e-09	-6.755932319609172e-05	1.2923280655491704e-08	-0.32945054086981906	-0.594290656355232	False	True	False	False
18	35075250	36365489	1.5935107828550968e-05	7.978032673501286e-09	-0.0001509160678681	2.0494649883846683e-08	0.17840503264641416	-1.0541811089167052	False	False	False	False
18	36365490	37684366	5.734452089798618e-06	5.6994131008972614e-09	-4.194924665106799e-05	1.3289682590577018e-08	0.07595858405893595	-0.3638872691122398	False	False	False	False
18	37684367	39892647	0.0002130270112712	1.2222154467043941e-08	-0.0003623629011077	2.6988023278552533e-08	1.9269071590068179	-2.2057596604280945	True	False	False	True
18	39892648	42922105	8.569308277503145e-05	1.5628303836646596e-08	-0.0001432100727625	3.59396849551213e-08	0.6854721960095477	-0.7554164407463795	False	False	False	False
18	42922106	44299245	4.347414164345818e-05	9.990181935133174e-09	-0.0001329903360026	2.5734851314171505e-08	0.43495498968449925	-0.8290090117309491	False	False	False	False
18	44299246	45939731	-0.0001913201570762	1.0472610250979142e-08	7.808023164382405e-05	2.5508904568777297e-08	-1.8695335282388463	0.4888720277827391	False	False	False	False
18	45939732	47730583	6.48312573109239e-05	1.4141699632245324e-08	0.0001177992753737	3.0203875600504445e-08	0.5451721223810502	0.6778151669919267	False	True	False	False
18	47730584	51062184	0.0006817349797952	2.0953264761126396e-08	-0.0003190485729981	4.87302852033236e-08	4.709661867515615	-1.4452977610867601	True	False	True	True
18	51062185	51554174	-3.428290255522481e-06	3.85394620708453e-09	-4.465598707509841e-06	6.611289734724668e-09	-0.055223605763261234	-0.05492076757741568	False	True	False	False
18	51554175	55213837	0.0001871375862377	3.502613484005051e-08	-0.0003919760773293	4.1135058947840995e-08	0.9999192190949885	-1.9326512876446595	False	False	False	True
18	55213838	56530219	0.0001741760495543	1.1522632312848656e-08	0.0001934245966666	3.1102908381178956e-08	1.6226041571331722	1.0967589810080887	False	True	False	False
18	56530220	57630482	-2.510577005882707e-05	1.0079016303788547e-08	0.0001822094127478	2.8970129718367344e-08	-0.2500716576886178	1.0705219795721685	False	False	False	False
18	57630483	59020750	0.0001060173317051	6.985275737160383e-09	2.1984960824551145e-05	1.5920531634516583e-08	1.2684842885556016	0.17423961911650587	False	True	False	False
18	59020751	60277714	5.859612488022181e-05	1.0009987193349044e-08	2.3511033390485973e-05	2.4281526878434632e-08	0.585668862378639	0.15088071099543568	False	True	False	False
18	60277715	61820251	3.4772833869849975e-06	8.554333586285124e-09	-3.416328186910188e-05	1.950811381563064e-08	0.03759646346269196	-0.2445974605581146	False	False	False	False
18	61820252	63463401	-0.0001199231264794	9.02736268599119e-09	-7.580552924153094e-05	2.0982727877548943e-08	-1.26218349490167	-0.5233231055660706	False	True	False	False
18	63463402	64252800	-2.2586121598062793e-05	5.049889772031511e-09	-1.2557847777052234e-05	1.0971026734606009e-08	-0.3178342627816231	-0.11989237893619868	False	True	False	False
18	64252801	66125816	-8.5669605686771e-06	1.4063889060911061e-08	-7.613173562017441e-05	3.61768478255779e-08	-0.07223938699411371	-0.40026753737231535	False	True	False	False
18	66125817	67175819	2.5390357630699485e-05	5.6689105296450495e-09	5.714547384724794e-05	1.504206816913367e-08	0.33722442025404875	0.46593792573024345	False	True	False	False
18	67175820	68621178	-7.140095712963538e-05	9.457335874267372e-09	-0.0002463646006177	2.7630246715057543e-08	-0.7342088700621303	-1.4821287240755086	False	True	False	False
18	68621179	69621617	-0.0001093076639424	8.631995057854365e-09	-8.048264255961854e-05	2.3062764253893332e-08	-1.1765083705339774	-0.5299642176184315	False	True	False	False
18	69621618	71038473	-0.0001090736476717	1.1432517388392789e-08	0.0001065650616405	2.9670610078349942e-08	-1.020114455765465	0.6186593805158398	False	False	False	False
18	71038474	71971461	-2.911323188970507e-05	8.883655325227296e-09	4.3602334220186574e-05	2.4811232561903255e-08	-0.30888340031337186	0.2768124185154741	False	False	False	False
18	71971462	73526986	0.0001570724782319	9.730788110529488e-09	0.0001043851083918	2.5885463451432134e-08	1.5923043737080356	0.6487996008705668	False	True	False	False
18	73526987	74813814	-0.0001345556359894	1.1387761112379968e-08	7.409073868534224e-05	3.2745728068182996e-08	-1.2609060230471159	0.4094365407025318	False	False	False	False
18	74813815	75976316	3.0942502788847126e-05	1.2646610270751665e-08	2.130654646331705e-06	3.3434912370470744e-08	0.27514927396485284	0.011652335131308261	False	True	False	False
18	75976317	77149990	-2.5824109629657676e-05	1.0080024046041572e-08	9.382656861673558e-05	2.5125450358040813e-08	-0.2572139818719232	0.5919280305347094	False	False	False	False
18	77149991	78017157	-2.676481008356513e-06	1.7384068661049424e-08	1.0078530983878668e-05	1.170638643968727e-08	-0.0202996454079907	0.09315063226018419	False	False	False	False
19	80840	610728	2.6588332780112345e-05	4.5663043187472085e-10	3.5380538885894556e-05	1.312979600582545e-09	1.2442529527932695	0.976417274236822	False	True	False	False
19	610729	2098395	-0.0001941202595207	3.283368058371126e-09	0.0004443214648188	1.1055949280029724e-08	-3.3877478536109673	4.225705973186506	True	False	False	True
19	2098396	3019659	7.195080103052642e-05	4.328864643466727e-09	-8.555486986581497e-05	1.3177111960288436e-08	1.093575142992674	-0.7453059992728942	False	False	False	False
19	3019660	4348966	8.317669946339171e-05	4.440114199071806e-09	3.035311983884223e-05	1.4283958308112058e-08	1.2482587326325902	0.2539680296532665	False	True	False	False
19	4348967	5811851	0.0002120362479931	1.0346216806940077e-08	1.7721936202070784e-05	2.8635249694408266e-08	2.084583631464637	0.1047274867762952	True	True	False	False
19	5811852	6684884	-4.857109391217302e-05	3.944363900281968e-09	-2.8986867061655208e-05	1.1492363755895269e-08	-0.7733736964641221	-0.270393717600003	False	True	False	False
19	6684885	8347512	-6.279760015719028e-05	1.0265024191035651e-08	5.810363776010048e-05	3.06779163920559e-08	-0.6198163934704494	0.33173431199133613	False	False	False	False
19	8347513	9238392	3.5881132632531595e-06	4.482370804199183e-09	6.334621049344831e-06	1.3293307111998317e-08	0.05359351642390525	0.05494195646376342	False	True	False	False
19	9238393	11284027	7.153938272971875e-06	8.610656254517988e-09	-8.395750547512674e-05	1.6921244162232142e-08	0.07709515084095694	-0.6454214287656835	False	False	False	False
19	11284028	13471126	-4.2480987362322226e-05	7.448428280863399e-09	-6.571335062956388e-05	1.6671378150038412e-08	-0.4922234295871352	-0.5089414942251285	False	True	False	False
19	13471127	14486346	0.0001320056506618	5.165118700661331e-09	-4.6771571335828626e-05	1.266859186485994e-08	1.8367598132001062	-0.4155447388935024	False	False	False	False
19	14486347	15648609	1.7996744766909018e-05	8.064068533123482e-09	-0.0002928041917355	2.45074219543042e-08	0.20040882993214484	-1.8703740811153704	False	False	False	True
19	15648610	16374415	-1.480056527380042e-05	5.729330783831301e-09	1.5896454296761364e-05	1.4104217752847822e-08	-0.19553583220771129	0.133852277028522	False	False	False	False
19	16374416	18409861	3.682374749524799e-05	1.2096064957543864e-08	-0.0001819056986831	3.6861436746963127e-08	0.3348157880343028	-0.9474584542139797	False	False	False	False
19	18409862	19877470	0.0005698486492374	7.903751558871671e-09	2.71276944356458e-06	1.1816250187862021e-08	6.409776446695319	0.024955889042895824	True	True	True	False
19	19877471	20905756	-1.2191711439748588e-05	3.718407575220201e-09	2.2849313274844672e-05	8.609777165840211e-09	-0.19993378114037838	0.24625054275657854	False	False	False	False
19	20905757	22732895	-3.538152420753538e-05	8.346100443553966e-09	-0.000120388805881	1.5083862185765132e-08	-0.3872886187016103	-0.980234150474942	False	True	False	False
19	22732896	23467745	-1.6987948500670356e-06	2.750135787769274e-09	-1.0355533457287906e-05	3.671942700000932e-09	-0.03239394697274902	-0.17089310017806605	False	True	False	False
19	23467746	28557892	-2.331716357923133e-05	5.382395087894656e-09	3.6098550364714854e-05	9.547909416873232e-09	-0.31782491004925345	0.3694329406841887	False	False	False	False
19	28557893	29790946	-2.6300699835186037e-05	7.287795512802303e-09	0.00014100947608	1.882791713264609e-08	-0.30808405059125615	1.0276545747091992	False	False	False	False
19	29790947	30727953	1.3912903530119304e-05	5.2958132400319764e-09	-0.0001098305835569	1.1317307125500962e-08	0.1911839557582654	-1.0324089010701332	False	False	False	False
19	30727954	32746519	1.5769027379229913e-05	7.596313915430675e-09	-0.0001051628228683	1.893911567881213e-08	0.18092703056445386	-0.7641566325241254	False	False	False	False
19	32746520	34262951	-3.784493505212736e-05	8.899690279424776e-09	-0.0002038745576976	2.41048821558359e-08	-0.4011624895433451	-1.3131384724978614	False	True	False	False
19	34262952	36469294	0.000134822623212	1.1710573340331012e-08	0.0001450083315189	3.3246055945688886e-08	1.2458727693587424	0.7952851805999444	False	True	False	False
19	36469295	37527032	3.8016225249341474e-05	4.24863596891548e-09	6.155735855137356e-05	6.418145381012813e-09	0.5832358773357628	0.7683784934549054	False	True	False	False
19	37527033	40170618	6.554002380152889e-05	9.458390759204944e-09	7.128515071131805e-05	2.230084382288193e-08	0.6739038983094416	0.4773516455180665	False	True	False	False
19	40170619	40984600	7.228644046757251e-05	3.1422417184956487e-09	6.0798239010753195e-05	8.593232692014067e-09	1.2895466113704053	0.6558623704546109	False	True	False	False
19	40984601	42131572	-7.722830512872621e-05	5.605405942787957e-09	-4.352489138245872e-05	1.6285152079011672e-08	-1.0315088751129116	-0.3410686378280649	False	True	False	False
19	42131573	43862454	1.7027977807979877e-05	2.7189372106454e-09	9.637050198780484e-05	6.899044101551824e-09	0.32656037516610065	1.1602448800406242	False	True	False	False
19	43862455	44744107	-5.522676209593015e-07	4.4376798889778244e-09	7.59294782744251e-05	1.2414547775291336e-08	-0.008290325758296031	0.6814672098060333	False	False	False	False
19	44744108	46102696	4.011794687902726e-05	8.589466730040111e-09	-3.3306385654034304e-05	2.6321251503661552e-08	0.4328681161206794	-0.20529304620072428	False	False	False	False
19	46102697	47150081	3.967145210121315e-05	7.401081698122397e-09	0.0001121919888549	2.2367162241905754e-08	0.46113756097324593	0.7501643182138286	False	True	False	False
19	47150082	49282226	3.775696050079985e-05	1.0874548350983704e-08	6.78250574786516e-05	3.219717990147217e-08	0.3620690573282763	0.3779908207079319	False	True	False	False
19	49282227	51532566	-0.0001340880457112	1.1319216117343611e-08	-9.740217748088505e-06	3.211710806790668e-08	-1.2603230674575379	-0.05435011274947904	False	True	False	False
19	51532567	52985289	8.908946056383102e-05	1.1417835051517332e-08	-9.781376036833594e-05	3.2561372113757235e-08	0.8337473123916918	-0.5420615549617711	False	False	False	False
19	52985290	54602361	-3.094270780129491e-05	1.4223720561181462e-08	-9.028761588283238e-05	4.4689110713330655e-08	-0.2594488263325301	-0.4270977947334081	False	True	False	False
19	54602362	55728079	-1.3119058675084518e-05	7.735169219042486e-09	0.0001324653541988	2.3487126750696675e-08	-0.14916528593247885	0.8643454682306182	False	False	False	False
19	55728080	57521334	8.041200873218082e-06	1.6227666487031955e-08	1.5603756793319595e-06	5.2771818781296235e-08	0.06312376210288721	0.0067924764505462795	False	True	False	False
19	57521335	59118838	0.000111307698927	8.164192208198615e-09	-6.0148023016334736e-05	2.219091401558808e-08	1.231880538762228	-0.40376973417290873	False	False	False	False
20	60479	697599	1.881474081651108e-05	4.679076484216299e-09	4.688060706006542e-05	1.4711246291745208e-08	0.2750541284608074	0.38651690522720894	False	True	False	False
20	697600	2469500	-0.0002598636690821	1.8323557622809205e-08	-7.65036479266359e-05	5.775817026353055e-08	-1.9197322773404886	-0.31832843255923576	False	True	True	False
20	2469501	3828412	-0.0001589673559509	8.922413702946689e-09	-3.33975359324289e-05	2.281008720205037e-08	-1.6829327919363128	-0.22113167368910294	False	True	False	False
20	3828413	5477849	4.803723639756065e-05	1.5756110572935204e-08	-0.0002568582689118	4.71697635386169e-08	0.38269563113998756	-1.1826648838071265	False	False	False	False
20	5477850	7084072	2.2911170687896876e-05	1.3079837374578389e-08	0.0003046455601519	3.9270942957126666e-08	0.20033005426493003	1.5373019867036246	False	True	False	True
20	7084073	8117010	-1.174062162130174e-06	5.611757932885623e-09	-9.212601270756785e-05	1.4878978757735736e-08	-0.015672620844816403	-0.7552586588700294	False	True	False	False
20	8117011	9730920	8.312866119149791e-05	1.0813845368604828e-08	-0.0001175868867824	3.0649193792643483e-08	0.7993936766055674	-0.6716598136113593	False	False	False	False
20	9730921	11249535	-0.0001318560602689	1.1770356761827572e-08	-1.945725386325736e-05	3.5257196008201945e-08	-1.2153609606759284	-0.10362335761781284	False	True	False	False
20	11249536	12447498	-3.59895516491598e-05	7.426343300444331e-09	6.790433947182555e-05	1.964290966836925e-08	-0.417627343330484	0.48450093479176937	False	False	False	False
20	12447499	13689863	-7.157317806479709e-05	9.127284671597444e-09	-0.0001853587045781	2.6663741411057473e-08	-0.7491684916490386	-1.1351478769134113	False	True	False	False
20	13689864	15958358	-0.0001381276165491	1.4755677577251458e-08	8.714244429635063e-05	4.3650911681077514e-08	-1.1371059694354428	0.41709316991418943	False	False	False	False
20	15958359	17487231	0.0002809304328983	1.4509190545100326e-08	6.79442546426616e-05	4.4191675640623745e-08	2.3322612482536558	0.32320829937650986	True	True	True	False
20	17487232	18972202	-0.0001600992614679	1.180815493985805e-08	-3.712337162953323e-05	3.202054685607589e-08	-1.473324147792652	-0.20745936326828054	False	True	False	False
20	18972203	20959709	0.0001217156919555	1.3436907635981516e-08	-0.0001134601850755	3.807382202940129e-08	1.050018392659873	-0.5814739322627351	False	False	False	False
20	20959710	22491455	0.0003523328232919	9.038873916237422e-09	0.0002316912923024	1.4812516070689032e-08	3.7059191445147164	1.9036859062321665	True	True	True	False
20	22491456	23293789	-3.0060190052565916e-05	4.550724065962347e-09	5.6516870649823015e-05	1.3013086171525258e-08	-0.4456064522385669	0.49543644877320225	False	False	False	False
20	23293790	24717723	-1.6825293590484778e-05	8.550542521154462e-09	-8.38609032647032e-05	2.2366725621277937e-08	-0.18195576310600453	-0.5607358599210915	False	True	False	False
20	24717724	25344230	-1.4634547602137298e-05	3.891039223216731e-09	1.527794126178584e-05	8.230461513486491e-09	-0.2346099879937937	0.16840413142853242	False	False	False	False
20	25344231	31614822	7.883870214840688e-06	9.729181734006157e-09	-0.0001795438792309	2.2298631991224747e-08	0.07992843478194017	-1.2023516238486212	False	False	False	False
20	31614823	32813440	0.0001279338406028	4.0008438641010195e-09	-8.796086024702816e-05	1.081981176687262e-08	2.0225982920789014	-0.8456285076087118	True	False	False	False
20	32813441	34960445	2.155796438118132e-05	6.019834425905794e-09	2.808230363123429e-05	1.2701596088656783e-08	0.2778532473689263	0.24917449209702786	False	True	False	False
20	34960446	36909529	-8.84243366190725e-05	7.447246561904547e-09	7.084591865822625e-05	2.018701208686142e-08	-1.0246462241571255	0.49863047121526455	False	False	False	False
20	36909530	38436760	-0.0002173389155111	7.152315271437788e-09	-0.0001789162254866	1.8270369127174525e-08	-2.569887848056462	-1.3236588467041566	True	True	False	False
20	38436761	39610855	8.402734911150915e-05	7.016422065770611e-09	-1.914119638465715e-05	2.0484514654430323e-08	1.0031429142189003	-0.13373843591687087	False	False	False	False
20	39610856	40585688	-6.176644536767257e-05	4.350854167676604e-09	-6.851141656229305e-05	1.1907607142103968e-08	-0.9364084955873027	-0.6278424820563091	False	True	False	False
20	40585689	41615459	-0.0001043925469496	7.644933259165877e-09	-1.649103667989508e-05	2.2774364059739883e-08	-1.1939403903151558	-0.10927600976158998	False	True	False	False
20	41615460	42680175	-1.7232256811479563e-05	9.420588040633386e-09	-0.0001097245265026	1.9887610003140077e-08	-0.17754283563102055	-0.7780587980998253	False	True	False	False
20	42680176	44839055	9.372084227425227e-05	1.4568326618599269e-08	-4.422223874650945e-06	3.2262556021954545e-08	0.776481920503223	-0.024620186536872504	False	False	False	False
20	44839056	47199979	4.2071640989718346e-05	1.7631599037497057e-08	8.249925524294276e-05	5.4234119516103835e-08	0.31684262403574476	0.35425315850178984	False	True	False	False
20	47199980	49239657	-1.667130353028282e-05	1.2775417384587732e-08	6.766487836451042e-05	3.381065927573651e-08	-0.14749660013833468	0.367990397259477	False	False	False	False
20	49239658	52472548	0.0002593878423847	2.399058982179659e-08	0.0003704473606146	6.894784281574474e-08	1.6746696663791345	1.4108023142617339	False	True	True	True
20	52472549	54055265	-1.6880346983252295e-05	9.844403004164022e-09	0.0002082778194798	2.9480821572068083e-08	-0.1701322624471852	1.213034718674854	False	False	False	False
20	54055266	56447958	-9.509296697413523e-05	1.9266850967913917e-08	-1.5967439374701683e-05	5.682499469346399e-08	-0.6850827445401441	-0.0669831510544888	False	True	False	False
20	56447959	58406571	6.677249072923159e-06	1.4658378334224285e-08	-8.81182789665531e-05	4.605259273414714e-08	0.05515115513553947	-0.41061892672791134	False	False	False	False
20	58406572	59561723	7.377900256503283e-06	7.460700112787954e-09	-3.000952600154785e-05	2.248777694302875e-08	0.08541673913345783	-0.20011787077539286	False	False	False	False
20	59561724	61301854	-7.019853376465603e-05	1.3190144133710997e-08	3.352365826370192e-05	3.9569651607280974e-08	-0.6112280417809788	0.16852731111873318	False	False	False	False
20	61301855	62190179	0.0001527514694981	4.436769599359989e-09	7.363719721995517e-05	1.3895389921872144e-08	2.293252938631148	0.6246861553349085	True	True	False	False
20	62190180	62965162	-1.3304971878345458e-05	4.436486397419339e-09	-0.0001796516185902	8.380448884922195e-09	-0.19975349366662512	-1.96244499856915	True	True	False	False
21	9411243	15950981	2.165586640957796e-05	5.521223066735873e-09	-0.0001425571180964	1.4462515496447581e-08	0.2914458776555367	-1.185405638104044	False	False	False	False
21	15950982	18053164	0.0001359730057986	9.647183405080008e-09	-1.265071876899065e-05	2.5292876514675017e-08	1.3843708007880549	-0.0795455867081664	False	False	False	False
21	18053165	19480374	-7.799290684809374e-05	8.504558940743998e-09	-0.0002262737359761	2.3113093903483865e-08	-0.8457250792420459	-1.4883501159112749	False	True	False	False
21	19480375	20962338	9.897679567275117e-05	1.0391305223810457e-08	-8.288579945187253e-05	2.6141745166186188e-08	0.9709532926893667	-0.5126404157862424	False	False	False	False
21	20962339	22072763	0.0001456618877939	8.049199342650116e-09	6.759338422065367e-05	2.0530813371955084e-08	1.6235646717202203	0.47173827360578413	False	True	False	False
21	22072764	23362874	-2.793206629173947e-05	9.015302363424684e-09	-0.0001258098317776	2.411732356169941e-08	-0.2941798455091597	-0.8101212546891824	False	True	False	False
21	23362875	24696230	7.032459565147567e-05	7.469064048485745e-09	0.0001039434524771	1.9191425055624663e-08	0.8137184290044007	0.7503148217473663	False	True	False	False
21	24696231	26469121	9.956001306437658e-05	1.2242840644017536e-08	3.4269358752610044e-05	2.9149226628833668e-08	0.8997955616085908	0.20072083713836256	False	True	False	False
21	26469122	27271018	3.579567987935071e-05	3.665085467599649e-09	4.0361483521735666e-05	9.226883418969829e-09	0.5912737004609038	0.42018408995156104	False	True	False	False
21	27271019	29125225	5.308962659426708e-06	1.4415060977688882e-08	4.108461531918296e-05	3.9294675117771495e-08	0.04421823758390257	0.2072585110022958	False	True	False	False
21	29125226	31197024	-1.4533073450207374e-05	1.0495802240793049e-08	2.1121211756271904e-05	2.4598392297417503e-08	-0.1418566334268645	0.13466832828772612	False	False	False	False
21	31197025	32668641	2.98485770719391e-05	6.859556108374843e-09	2.263199431149993e-05	1.4485238261653288e-08	0.36039240175695275	0.18804422643765753	False	True	False	False
21	32668642	34376998	-7.169148002673129e-07	1.2589302680525478e-08	0.0001567798916981	3.5997161649718955e-08	-0.006389497559388297	0.8263351578405814	False	False	False	False
21	34376999	35225464	0.0001579335427257	4.802176985779437e-09	7.541962794702487e-05	1.3185551620594649e-08	2.2790575733459493	0.6568031606173815	True	True	False	False
21	35225465	36524372	9.95628840096994e-05	9.36415312154174e-09	5.214461541825673e-05	2.4245433401486942e-08	1.028876421915863	0.33488407281770727	False	True	False	False
21	36524373	37870778	7.628530351693597e-05	8.414640013487055e-09	-7.862236152495226e-05	2.2453234041468246e-08	0.8316165198957925	-0.5246946459824303	False	False	False	False
21	37870779	38711703	-2.8033512372823904e-05	4.511014010299578e-09	-5.007836523585636e-05	9.645776225133602e-09	-0.4173884497367962	-0.5098959377993514	False	True	False	False
21	38711704	40482901	-0.0001350999412125	1.2755093178681065e-08	-0.00012758500003	3.5185840410616006e-08	-1.196226288325724	-0.6801671512063062	False	True	False	False
21	40482902	41389526	-8.501279148355829e-05	7.1175908910515625e-09	-1.0254351820397389e-05	1.585513200005164e-08	-1.00766869359519	-0.08143728429079351	False	True	False	False
21	41389527	43321527	-4.94551929495635e-05	1.8369841034786565e-08	0.0002092985742891	5.321022381112852e-08	-0.3648876811537544	0.9073372214269838	False	False	False	False
21	43321528	44506267	-0.0001120812463133	1.1663541438694565e-08	-0.0001922348837382	2.9693107831654933e-08	-1.0378097182668682	-1.1155893808918869	False	True	False	False
21	44506268	46177104	-0.0001781800492859	7.63173760625807e-09	-0.0001174185878308	1.4551055701431132e-08	-2.039611066487839	-0.9733960987310137	True	True	False	False
21	46177105	47492225	3.0380584615332785e-05	8.263567532345716e-09	-0.0001263257542184	2.1134789473996192e-08	0.33420453321121385	-0.8689462969101946	False	False	False	False
21	47492226	48119751	7.841305185330555e-05	3.306320016867943e-09	5.838849864280724e-06	7.202182254823161e-09	1.3636908101741048	0.06880107985372853	False	True	False	False
22	16050408	17674294	3.5840769817277906e-06	4.49341041691564e-09	-2.324635907962482e-05	1.1931545938532071e-08	0.053467427021597944	-0.21281713048337647	False	False	False	False
22	17674295	18296087	-6.285009884644912e-06	5.6985600474627705e-09	-8.258266766922284e-06	1.2634859119463332e-08	-0.08325750662215758	-0.07346892848333021	False	True	False	False
22	18296088	19912357	0.0002330127286901	1.1960413817608305e-08	-0.0001020693941821	2.530645728787668e-08	2.130622665293322	-0.6416229081272072	True	False	False	False
22	19912358	22357324	-1.64032488867894e-05	1.1345054693817033e-08	-1.844147813183821e-05	2.2770960813678613e-08	-0.15400207678864086	-0.12220952327456781	False	True	False	False
22	22357325	23712646	-7.723004013727824e-06	8.300161854364206e-09	9.116084939023656e-05	1.8991136958568725e-08	-0.08477015551915099	0.6615046176911297	False	False	False	False
22	23712647	24984203	-2.3722843275166064e-06	8.068853079658567e-09	-0.0001241174373426	1.7195586508424288e-08	-0.026409539942984016	-0.9465080313940786	False	True	False	False
22	24984204	26791627	-0.0002519582298499	1.667852190364246e-08	-0.0001312705011269	4.4776836593940176e-08	-1.9509663046078685	-0.620355217314558	False	True	True	False
22	26791628	27834751	2.7456918288964095e-05	1.6569770522367e-08	0.0001255052701891	4.6159385137697094e-08	0.21330132063377744	0.5841601880278288	False	True	False	False
22	27834752	29651798	0.0002185336310877	1.3214106774389622e-08	-8.511457544391791e-05	2.916347887229904e-08	1.9010755486264501	-0.49840715995883184	False	False	False	False
22	29651799	31439917	0.0001265011336995	1.2737424192242971e-08	-3.4192754661977332e-06	2.591845656761443e-08	1.1208657829737427	-0.021238777841060433	False	False	False	False
22	31439918	32664985	-5.5339591850619236e-06	8.829537821733744e-09	0.0001041994449328	1.6110865051689952e-08	-0.05889344592277754	0.8209297141169085	False	False	False	False
22	32664986	34494913	0.0002238871241698	2.1034155990307255e-08	9.836384327402256e-05	5.2764150905422326e-08	1.543713039859061	0.4282190782215357	False	True	False	False
22	34494914	35530984	-5.748390915697155e-05	1.0771157738619248e-08	0.0001069418025458	1.972382847340036e-08	-0.5538792575743849	0.7614684107539318	False	False	False	False
22	35530985	37570268	-8.645348226947881e-05	1.9651870202863757e-08	5.725716406161281e-05	4.538126733687577e-08	-0.6167093707004394	0.2687766419745467	False	False	False	False
22	37570269	39307893	-7.218601253975639e-05	1.2267306216236571e-08	1.0936569046262485e-05	2.4800819981682195e-08	-0.6517461126493479	0.06944613482479886	False	False	False	False
22	39307894	40545796	-5.163847718452213e-05	1.3491551614485862e-08	-8.439103302727411e-05	2.1273466629655644e-08	-0.44457237911855835	-0.5785983221369935	False	True	False	False
22	40545797	42690817	-1.2514936823340664e-05	1.3189284266444791e-08	-7.195961849371769e-05	1.8319789094339853e-08	-0.10897278425650797	-0.5316534267013168	False	True	False	False
22	42690818	43714199	0.0002610763285653	1.3952136215622929e-08	-0.0001191957492223	2.479988019133454e-08	2.2102792312888737	-0.7568955927372072	True	False	True	False
22	43714200	44995307	-1.544895969100243e-05	1.625572193559732e-08	-0.0002286629362854	3.8926508478573956e-08	-0.12117027935213967	-1.1589722842822778	False	True	False	False
22	44995308	46470494	0.00014575378106	1.555927426562277e-08	-7.664913424935282e-05	3.9254854368961037e-08	1.1684904349096936	-0.3868660048993264	False	False	False	False
22	46470495	47596317	-6.928463217460376e-05	1.065372829887354e-08	-2.878789985846628e-05	2.4716908173983915e-08	-0.6712527953439894	-0.18311035778655688	False	True	False	False
22	47596318	48903702	0.000269713320793	1.621018665754511e-08	-1.6412770604615127e-05	4.0007594832413284e-08	2.118402051675207	-0.08205606336719305	True	False	True	False
22	48903703	49824533	0.0002014776287989	2.3608672100273952e-08	0.0002992641006265	6.042892014233087e-08	1.311266755873527	1.2173969398518607	False	True	False	True
22	49824534	51243297	0.0001298918312778	1.3083298845765398e-08	-7.185531872055363e-05	2.3946922514114477e-08	1.1355943130564352	-0.4643378280284863	False	False	False	False
