Annotation	annotation_key	annotation_basename	annotation_class	published_label	domain	PGC_enrichment	FinnGen_enrichment	delta_FinnGen_minus_PGC	SE	z	P_two_sided	alpha_492	Bonferroni_significant_492	Annotation_model_warning	Annotation_model_error	QC_warning_free	contrast_status	PGC_enrichment_from_enrich	FinnGen_enrichment_from_enrich	Bonferroni_significant_492_warning_free
/public/home/zhengxiaoyang/MDD_SIN_analysis/13_ldsc_seg_official/reference/Multi_tissue_chromatin_1000Gv3_ldscores/Roadmap.13.	/public/home/zhengxiaoyang/MDD_SIN_analysis/13_ldsc_seg_official/reference/Multi_tissue_chromatin_1000Gv3_ldscores/Roadmap.13.	Roadmap.13.	chromatin	Fetal Adrenal Gland DNase	COMP	5.6456778360117	6.96556763402894	1.31988979801724	3.37274963891968	0.391339393468889	0.69554638416833	0.000101626016260163	FALSE	TRUE	FALSE	FALSE	sandwich captured	5.6456778360117	6.96556763402894	FALSE
/public/home/zhengxiaoyang/MDD_SIN_analysis/13_ldsc_seg_official/reference/Multi_tissue_chromatin_1000Gv3_ldscores/Roadmap.13.	/public/home/zhengxiaoyang/MDD_SIN_analysis/13_ldsc_seg_official/reference/Multi_tissue_chromatin_1000Gv3_ldscores/Roadmap.13.	Roadmap.13.	chromatin	Fetal Adrenal Gland DNase	INT	1.68819443924688	2.0927317284566	0.404537289209715	4.30837069381216	0.0938956552161879	0.925192045226072	0.000101626016260163	FALSE	TRUE	FALSE	FALSE	sandwich captured	1.68819443924688	2.0927317284566	FALSE
/public/home/zhengxiaoyang/MDD_SIN_analysis/13_ldsc_seg_official/reference/Multi_tissue_chromatin_1000Gv3_ldscores/Roadmap.13.	/public/home/zhengxiaoyang/MDD_SIN_analysis/13_ldsc_seg_official/reference/Multi_tissue_chromatin_1000Gv3_ldscores/Roadmap.13.	Roadmap.13.	chromatin	Fetal Adrenal Gland DNase	SUD	3.68240029154702	108.025859151995	104.343458860448	86.6414337227851	1.20431362198254	0.228468383617872	0.000101626016260163	FALSE	TRUE	FALSE	FALSE	sandwich captured	3.68240029154702	108.025859151995	FALSE
/public/home/zhengxiaoyang/MDD_SIN_analysis/13_ldsc_seg_official/reference/Multi_tissue_chromatin_1000Gv3_ldscores/Roadmap.139.	/public/home/zhengxiaoyang/MDD_SIN_analysis/13_ldsc_seg_official/reference/Multi_tissue_chromatin_1000Gv3_ldscores/Roadmap.139.	Roadmap.139.	chromatin	Angular Gyrus H3K36me3	COMP	5.85100815128168	7.86209823901444	2.01109008773276	3.3132671319377	0.606980967018079	0.543863543256381	0.000101626016260163	FALSE	TRUE	FALSE	FALSE	sandwich captured	5.85100815128168	7.86209823901444	FALSE
/public/home/zhengxiaoyang/MDD_SIN_analysis/13_ldsc_seg_official/reference/Multi_tissue_chromatin_1000Gv3_ldscores/Roadmap.139.	/public/home/zhengxiaoyang/MDD_SIN_analysis/13_ldsc_seg_official/reference/Multi_tissue_chromatin_1000Gv3_ldscores/Roadmap.139.	Roadmap.139.	chromatin	Angular Gyrus H3K36me3	INT	3.37507779129465	2.71071067390759	-0.664367117387053	4.13842220640089	-0.160536331058604	0.872458604693709	0.000101626016260163	FALSE	TRUE	FALSE	FALSE	sandwich captured	3.37507779129465	2.71071067390759	FALSE
/public/home/zhengxiaoyang/MDD_SIN_analysis/13_ldsc_seg_official/reference/Multi_tissue_chromatin_1000Gv3_ldscores/Roadmap.139.	/public/home/zhengxiaoyang/MDD_SIN_analysis/13_ldsc_seg_official/reference/Multi_tissue_chromatin_1000Gv3_ldscores/Roadmap.139.	Roadmap.139.	chromatin	Angular Gyrus H3K36me3	SUD	2.59614540020793	25.4534435978492	22.8572981976412	77.0959709074733	0.296478505019068	0.766864679990372	0.000101626016260163	FALSE	TRUE	FALSE	FALSE	sandwich captured	2.59614540020793	25.4534435978492	FALSE
/public/home/zhengxiaoyang/MDD_SIN_analysis/13_ldsc_seg_official/reference/Multi_tissue_chromatin_1000Gv3_ldscores/Roadmap.14.	/public/home/zhengxiaoyang/MDD_SIN_analysis/13_ldsc_seg_official/reference/Multi_tissue_chromatin_1000Gv3_ldscores/Roadmap.14.	Roadmap.14.	chromatin	Fetal Male Brain DNAse	COMP	7.2963244227122	6.39332297100098	-0.903001451711219	3.56727278141493	-0.25313495968566	0.800163924479852	0.000101626016260163	FALSE	TRUE	FALSE	FALSE	sandwich captured	7.2963244227122	6.39332297100098	FALSE
/public/home/zhengxiaoyang/MDD_SIN_analysis/13_ldsc_seg_official/reference/Multi_tissue_chromatin_1000Gv3_ldscores/Roadmap.14.	/public/home/zhengxiaoyang/MDD_SIN_analysis/13_ldsc_seg_official/reference/Multi_tissue_chromatin_1000Gv3_ldscores/Roadmap.14.	Roadmap.14.	chromatin	Fetal Male Brain DNAse	INT	5.6219363396317	0.842458463598713	-4.77947787603299	4.70917063152616	-1.01492985708272	0.310139264622233	0.000101626016260163	FALSE	TRUE	FALSE	FALSE	sandwich captured	5.6219363396317	0.842458463598713	FALSE
/public/home/zhengxiaoyang/MDD_SIN_analysis/13_ldsc_seg_official/reference/Multi_tissue_chromatin_1000Gv3_ldscores/Roadmap.14.	/public/home/zhengxiaoyang/MDD_SIN_analysis/13_ldsc_seg_official/reference/Multi_tissue_chromatin_1000Gv3_ldscores/Roadmap.14.	Roadmap.14.	chromatin	Fetal Male Brain DNAse	SUD	6.87623743695425	-123.338628967872	-130.214866404827	81.6962366890309	-1.59389063293671	0.110960532810124	0.000101626016260163	FALSE	TRUE	FALSE	FALSE	sandwich captured	6.87623743695425	-123.338628967872	FALSE
/public/home/zhengxiaoyang/MDD_SIN_analysis/13_ldsc_seg_official/reference/Multi_tissue_chromatin_1000Gv3_ldscores/Roadmap.140.	/public/home/zhengxiaoyang/MDD_SIN_analysis/13_ldsc_seg_official/reference/Multi_tissue_chromatin_1000Gv3_ldscores/Roadmap.140.	Roadmap.140.	chromatin	Anterior Caudate H3K36me3	COMP	2.08403155516959	4.1871249036327	2.10309334846311	2.13174921532992	0.98655758066627	0.323859574213785	0.000101626016260163	FALSE	FALSE	FALSE	TRUE	sandwich captured	2.08403155516959	4.1871249036327	FALSE
/public/home/zhengxiaoyang/MDD_SIN_analysis/13_ldsc_seg_official/reference/Multi_tissue_chromatin_1000Gv3_ldscores/Roadmap.140.	/public/home/zhengxiaoyang/MDD_SIN_analysis/13_ldsc_seg_official/reference/Multi_tissue_chromatin_1000Gv3_ldscores/Roadmap.140.	Roadmap.140.	chromatin	Anterior Caudate H3K36me3	INT	2.21531431390838	0.844454924347136	-1.37085938956125	2.89676782473939	-0.473237578052904	0.636043690833362	0.000101626016260163	FALSE	FALSE	FALSE	TRUE	sandwich captured	2.21531431390838	0.844454924347136	FALSE
/public/home/zhengxiaoyang/MDD_SIN_analysis/13_ldsc_seg_official/reference/Multi_tissue_chromatin_1000Gv3_ldscores/Roadmap.140.	/public/home/zhengxiaoyang/MDD_SIN_analysis/13_ldsc_seg_official/reference/Multi_tissue_chromatin_1000Gv3_ldscores/Roadmap.140.	Roadmap.140.	chromatin	Anterior Caudate H3K36me3	SUD	1.7171889167858	-45.1037478362081	-46.8209367529939	54.8497492399602	-0.853621710249917	0.393314625364174	0.000101626016260163	FALSE	FALSE	FALSE	TRUE	sandwich captured	1.7171889167858	-45.1037478362081	FALSE
/public/home/zhengxiaoyang/MDD_SIN_analysis/13_ldsc_seg_official/reference/Multi_tissue_chromatin_1000Gv3_ldscores/Roadmap.141.	/public/home/zhengxiaoyang/MDD_SIN_analysis/13_ldsc_seg_official/reference/Multi_tissue_chromatin_1000Gv3_ldscores/Roadmap.141.	Roadmap.141.	chromatin	Cingulate Gyrus H3K36me3	COMP	2.77678502561523	4.70315740419614	1.92637237858091	2.91007024386712	0.661967656155613	0.507991950428797	0.000101626016260163	FALSE	TRUE	FALSE	FALSE	sandwich captured	2.77678502561523	4.70315740419614	FALSE
/public/home/zhengxiaoyang/MDD_SIN_analysis/13_ldsc_seg_official/reference/Multi_tissue_chromatin_1000Gv3_ldscores/Roadmap.141.	/public/home/zhengxiaoyang/MDD_SIN_analysis/13_ldsc_seg_official/reference/Multi_tissue_chromatin_1000Gv3_ldscores/Roadmap.141.	Roadmap.141.	chromatin	Cingulate Gyrus H3K36me3	INT	2.70054747728576	4.51174150118127	1.81119402389551	3.1178433123757	0.580912458527442	0.561299455246805	0.000101626016260163	FALSE	TRUE	FALSE	FALSE	sandwich captured	2.70054747728576	4.51174150118127	FALSE
/public/home/zhengxiaoyang/MDD_SIN_analysis/13_ldsc_seg_official/reference/Multi_tissue_chromatin_1000Gv3_ldscores/Roadmap.141.	/public/home/zhengxiaoyang/MDD_SIN_analysis/13_ldsc_seg_official/reference/Multi_tissue_chromatin_1000Gv3_ldscores/Roadmap.141.	Roadmap.141.	chromatin	Cingulate Gyrus H3K36me3	SUD	1.93068571705961	82.3324565347816	80.4017708177221	62.8275073459822	1.27972243710006	0.200642770695874	0.000101626016260163	FALSE	TRUE	FALSE	FALSE	sandwich captured	1.93068571705961	82.3324565347816	FALSE
/public/home/zhengxiaoyang/MDD_SIN_analysis/13_ldsc_seg_official/reference/Multi_tissue_chromatin_1000Gv3_ldscores/Roadmap.142.	/public/home/zhengxiaoyang/MDD_SIN_analysis/13_ldsc_seg_official/reference/Multi_tissue_chromatin_1000Gv3_ldscores/Roadmap.142.	Roadmap.142.	chromatin	Germinal Matrix H3K6me3	COMP	2.57756364693242	3.43282694721681	0.855263300284397	3.0692009168675	0.278659925970992	0.780505819149967	0.000101626016260163	FALSE	TRUE	FALSE	FALSE	sandwich captured	2.57756364693242	3.43282694721681	FALSE
/public/home/zhengxiaoyang/MDD_SIN_analysis/13_ldsc_seg_official/reference/Multi_tissue_chromatin_1000Gv3_ldscores/Roadmap.142.	/public/home/zhengxiaoyang/MDD_SIN_analysis/13_ldsc_seg_official/reference/Multi_tissue_chromatin_1000Gv3_ldscores/Roadmap.142.	Roadmap.142.	chromatin	Germinal Matrix H3K6me3	INT	3.5681773089763	0.617580945889946	-2.95059636308635	3.80565003378639	-0.77531994189983	0.438150628483	0.000101626016260163	FALSE	TRUE	FALSE	FALSE	sandwich captured	3.5681773089763	0.617580945889946	FALSE
/public/home/zhengxiaoyang/MDD_SIN_analysis/13_ldsc_seg_official/reference/Multi_tissue_chromatin_1000Gv3_ldscores/Roadmap.142.	/public/home/zhengxiaoyang/MDD_SIN_analysis/13_ldsc_seg_official/reference/Multi_tissue_chromatin_1000Gv3_ldscores/Roadmap.142.	Roadmap.142.	chromatin	Germinal Matrix H3K6me3	SUD	4.85490055355418	-6.77201727064441	-11.6269178241986	74.9050584714942	-0.155222064590248	0.876646254076758	0.000101626016260163	FALSE	TRUE	FALSE	FALSE	sandwich captured	4.85490055355418	-6.77201727064441	FALSE
/public/home/zhengxiaoyang/MDD_SIN_analysis/13_ldsc_seg_official/reference/Multi_tissue_chromatin_1000Gv3_ldscores/Roadmap.143.	/public/home/zhengxiaoyang/MDD_SIN_analysis/13_ldsc_seg_official/reference/Multi_tissue_chromatin_1000Gv3_ldscores/Roadmap.143.	Roadmap.143.	chromatin	Middle Hippocampus H3K36me3	COMP	2.12706996484315	2.50074849375628	0.373678528913129	1.84795670221219	0.20221173389279	0.839751200293536	0.000101626016260163	FALSE	FALSE	FALSE	TRUE	sandwich captured	2.12706996484315	2.50074849375628	FALSE
/public/home/zhengxiaoyang/MDD_SIN_analysis/13_ldsc_seg_official/reference/Multi_tissue_chromatin_1000Gv3_ldscores/Roadmap.143.	/public/home/zhengxiaoyang/MDD_SIN_analysis/13_ldsc_seg_official/reference/Multi_tissue_chromatin_1000Gv3_ldscores/Roadmap.143.	Roadmap.143.	chromatin	Middle Hippocampus H3K36me3	INT	1.91892023046059	1.64197830991205	-0.276941920548537	2.10789042431219	-0.131383452078115	0.895471978515481	0.000101626016260163	FALSE	FALSE	FALSE	TRUE	sandwich captured	1.91892023046059	1.64197830991205	FALSE
/public/home/zhengxiaoyang/MDD_SIN_analysis/13_ldsc_seg_official/reference/Multi_tissue_chromatin_1000Gv3_ldscores/Roadmap.143.	/public/home/zhengxiaoyang/MDD_SIN_analysis/13_ldsc_seg_official/reference/Multi_tissue_chromatin_1000Gv3_ldscores/Roadmap.143.	Roadmap.143.	chromatin	Middle Hippocampus H3K36me3	SUD	2.91016388164745	-23.4836009761541	-26.3937648578015	37.8305572824162	-0.697683744407051	0.485374996302722	0.000101626016260163	FALSE	FALSE	FALSE	TRUE	sandwich captured	2.91016388164745	-23.4836009761541	FALSE
/public/home/zhengxiaoyang/MDD_SIN_analysis/13_ldsc_seg_official/reference/Multi_tissue_chromatin_1000Gv3_ldscores/Roadmap.144.	/public/home/zhengxiaoyang/MDD_SIN_analysis/13_ldsc_seg_official/reference/Multi_tissue_chromatin_1000Gv3_ldscores/Roadmap.144.	Roadmap.144.	chromatin	Interior Temporal Lobe H3K36me3	COMP	2.06775138979884	7.72326958837092	5.65551819857208	2.51564534329199	2.24813812235203	0.0245673838479578	0.000101626016260163	FALSE	TRUE	FALSE	FALSE	sandwich captured	2.06775138979884	7.72326958837092	FALSE
/public/home/zhengxiaoyang/MDD_SIN_analysis/13_ldsc_seg_official/reference/Multi_tissue_chromatin_1000Gv3_ldscores/Roadmap.144.	/public/home/zhengxiaoyang/MDD_SIN_analysis/13_ldsc_seg_official/reference/Multi_tissue_chromatin_1000Gv3_ldscores/Roadmap.144.	Roadmap.144.	chromatin	Interior Temporal Lobe H3K36me3	INT	1.15951835166738	4.34781562787872	3.18829727621134	2.71437682182446	1.17459641217697	0.240156219385286	0.000101626016260163	FALSE	TRUE	FALSE	FALSE	sandwich captured	1.15951835166738	4.34781562787872	FALSE
/public/home/zhengxiaoyang/MDD_SIN_analysis/13_ldsc_seg_official/reference/Multi_tissue_chromatin_1000Gv3_ldscores/Roadmap.144.	/public/home/zhengxiaoyang/MDD_SIN_analysis/13_ldsc_seg_official/reference/Multi_tissue_chromatin_1000Gv3_ldscores/Roadmap.144.	Roadmap.144.	chromatin	Interior Temporal Lobe H3K36me3	SUD	1.05138915974141	68.5779902024499	67.5266010427085	52.6696713104013	1.28207750993451	0.199815457482381	0.000101626016260163	FALSE	TRUE	FALSE	FALSE	sandwich captured	1.05138915974141	68.5779902024499	FALSE
/public/home/zhengxiaoyang/MDD_SIN_analysis/13_ldsc_seg_official/reference/Multi_tissue_chromatin_1000Gv3_ldscores/Roadmap.145.	/public/home/zhengxiaoyang/MDD_SIN_analysis/13_ldsc_seg_official/reference/Multi_tissue_chromatin_1000Gv3_ldscores/Roadmap.145.	Roadmap.145.	chromatin	dLPFC H3K36me3	COMP	2.38922670914655	5.47884150893115	3.08961479978461	2.74137104087055	1.12703269777135	0.2597286566194	0.000101626016260163	FALSE	FALSE	FALSE	TRUE	sandwich captured	2.38922670914655	5.47884150893115	FALSE
/public/home/zhengxiaoyang/MDD_SIN_analysis/13_ldsc_seg_official/reference/Multi_tissue_chromatin_1000Gv3_ldscores/Roadmap.145.	/public/home/zhengxiaoyang/MDD_SIN_analysis/13_ldsc_seg_official/reference/Multi_tissue_chromatin_1000Gv3_ldscores/Roadmap.145.	Roadmap.145.	chromatin	dLPFC H3K36me3	INT	4.40373567455574	2.97125933931979	-1.43247633523595	3.35155083087359	-0.427407014699094	0.669082899051008	0.000101626016260163	FALSE	FALSE	FALSE	TRUE	sandwich captured	4.40373567455574	2.97125933931979	FALSE
/public/home/zhengxiaoyang/MDD_SIN_analysis/13_ldsc_seg_official/reference/Multi_tissue_chromatin_1000Gv3_ldscores/Roadmap.145.	/public/home/zhengxiaoyang/MDD_SIN_analysis/13_ldsc_seg_official/reference/Multi_tissue_chromatin_1000Gv3_ldscores/Roadmap.145.	Roadmap.145.	chromatin	dLPFC H3K36me3	SUD	5.33336313109632	-37.8878234545295	-43.2211865856259	72.8247607959058	-0.593495757668946	0.552849421270219	0.000101626016260163	FALSE	FALSE	FALSE	TRUE	sandwich captured	5.33336313109632	-37.8878234545295	FALSE
/public/home/zhengxiaoyang/MDD_SIN_analysis/13_ldsc_seg_official/reference/Multi_tissue_chromatin_1000Gv3_ldscores/Roadmap.146.	/public/home/zhengxiaoyang/MDD_SIN_analysis/13_ldsc_seg_official/reference/Multi_tissue_chromatin_1000Gv3_ldscores/Roadmap.146.	Roadmap.146.	chromatin	Substantia Nigra H3K36me3	COMP	1.18442113217924	3.91779198259296	2.73337085041373	4.27665097411089	0.639138163708109	0.522733054781423	0.000101626016260163	FALSE	TRUE	FALSE	FALSE	sandwich captured	1.18442113217924	3.91779198259296	FALSE
/public/home/zhengxiaoyang/MDD_SIN_analysis/13_ldsc_seg_official/reference/Multi_tissue_chromatin_1000Gv3_ldscores/Roadmap.146.	/public/home/zhengxiaoyang/MDD_SIN_analysis/13_ldsc_seg_official/reference/Multi_tissue_chromatin_1000Gv3_ldscores/Roadmap.146.	Roadmap.146.	chromatin	Substantia Nigra H3K36me3	INT	3.31351226768078	1.62903514212235	-1.68447712555843	4.52277414667807	-0.372443343604868	0.709562787766043	0.000101626016260163	FALSE	TRUE	FALSE	FALSE	sandwich captured	3.31351226768078	1.62903514212235	FALSE
/public/home/zhengxiaoyang/MDD_SIN_analysis/13_ldsc_seg_official/reference/Multi_tissue_chromatin_1000Gv3_ldscores/Roadmap.146.	/public/home/zhengxiaoyang/MDD_SIN_analysis/13_ldsc_seg_official/reference/Multi_tissue_chromatin_1000Gv3_ldscores/Roadmap.146.	Roadmap.146.	chromatin	Substantia Nigra H3K36me3	SUD	4.64323659353859	105.31423920107	100.671002607532	101.890480218305	0.988031486276629	0.323137228081604	0.000101626016260163	FALSE	TRUE	FALSE	FALSE	sandwich captured	4.64323659353859	105.31423920107	FALSE
/public/home/zhengxiaoyang/MDD_SIN_analysis/13_ldsc_seg_official/reference/Multi_tissue_chromatin_1000Gv3_ldscores/Roadmap.15.	/public/home/zhengxiaoyang/MDD_SIN_analysis/13_ldsc_seg_official/reference/Multi_tissue_chromatin_1000Gv3_ldscores/Roadmap.15.	Roadmap.15.	chromatin	Fetal Female Brain Dnase	COMP	7.90277024443193	-0.917477702767329	-8.82024794719926	3.90199154856915	-2.26044773224423	0.0237934768989605	0.000101626016260163	FALSE	TRUE	FALSE	FALSE	sandwich captured	7.90277024443193	-0.917477702767329	FALSE
/public/home/zhengxiaoyang/MDD_SIN_analysis/13_ldsc_seg_official/reference/Multi_tissue_chromatin_1000Gv3_ldscores/Roadmap.15.	/public/home/zhengxiaoyang/MDD_SIN_analysis/13_ldsc_seg_official/reference/Multi_tissue_chromatin_1000Gv3_ldscores/Roadmap.15.	Roadmap.15.	chromatin	Fetal Female Brain Dnase	INT	6.86484313004196	2.19254558204888	-4.67229754799308	4.36141015786753	-1.07128139268551	0.28404292378806	0.000101626016260163	FALSE	TRUE	FALSE	FALSE	sandwich captured	6.86484313004195	2.19254558204888	FALSE
/public/home/zhengxiaoyang/MDD_SIN_analysis/13_ldsc_seg_official/reference/Multi_tissue_chromatin_1000Gv3_ldscores/Roadmap.15.	/public/home/zhengxiaoyang/MDD_SIN_analysis/13_ldsc_seg_official/reference/Multi_tissue_chromatin_1000Gv3_ldscores/Roadmap.15.	Roadmap.15.	chromatin	Fetal Female Brain Dnase	SUD	7.72871236939807	-4.33675204338011	-12.0654644127782	84.7996256253205	-0.142282048108188	0.886857225792441	0.000101626016260163	FALSE	TRUE	FALSE	FALSE	sandwich captured	7.72871236939807	-4.33675204338011	FALSE
/public/home/zhengxiaoyang/MDD_SIN_analysis/13_ldsc_seg_official/reference/Multi_tissue_chromatin_1000Gv3_ldscores/Roadmap.152.	/public/home/zhengxiaoyang/MDD_SIN_analysis/13_ldsc_seg_official/reference/Multi_tissue_chromatin_1000Gv3_ldscores/Roadmap.152.	Roadmap.152.	chromatin	Fetal Adrenal Gland H3K36me3	COMP	2.15092066700151	3.41117806377075	1.26025739676924	1.05439372996271	1.19524363713147	0.231991853857994	0.000101626016260163	FALSE	FALSE	FALSE	TRUE	sandwich captured	2.15092066700151	3.41117806377075	FALSE
/public/home/zhengxiaoyang/MDD_SIN_analysis/13_ldsc_seg_official/reference/Multi_tissue_chromatin_1000Gv3_ldscores/Roadmap.152.	/public/home/zhengxiaoyang/MDD_SIN_analysis/13_ldsc_seg_official/reference/Multi_tissue_chromatin_1000Gv3_ldscores/Roadmap.152.	Roadmap.152.	chromatin	Fetal Adrenal Gland H3K36me3	INT	2.05913468504477	1.88596642454358	-0.173168260501185	1.29412011319274	-0.133811582662106	0.893551567930555	0.000101626016260163	FALSE	FALSE	FALSE	TRUE	sandwich captured	2.05913468504477	1.88596642454358	FALSE
/public/home/zhengxiaoyang/MDD_SIN_analysis/13_ldsc_seg_official/reference/Multi_tissue_chromatin_1000Gv3_ldscores/Roadmap.152.	/public/home/zhengxiaoyang/MDD_SIN_analysis/13_ldsc_seg_official/reference/Multi_tissue_chromatin_1000Gv3_ldscores/Roadmap.152.	Roadmap.152.	chromatin	Fetal Adrenal Gland H3K36me3	SUD	1.90758480090447	3.91919018341545	2.01160538251098	22.9242223157851	0.0877502126266609	0.930075209608925	0.000101626016260163	FALSE	FALSE	FALSE	TRUE	sandwich captured	1.90758480090447	3.91919018341545	FALSE
/public/home/zhengxiaoyang/MDD_SIN_analysis/13_ldsc_seg_official/reference/Multi_tissue_chromatin_1000Gv3_ldscores/Roadmap.153.	/public/home/zhengxiaoyang/MDD_SIN_analysis/13_ldsc_seg_official/reference/Multi_tissue_chromatin_1000Gv3_ldscores/Roadmap.153.	Roadmap.153.	chromatin	Fetal Male Brain H3K36me3	COMP	NA	NA	NA	NA	NA	NA	0.000101626016260163	FALSE	TRUE	FALSE	FALSE	no sandwich capture	NA	NA	FALSE
/public/home/zhengxiaoyang/MDD_SIN_analysis/13_ldsc_seg_official/reference/Multi_tissue_chromatin_1000Gv3_ldscores/Roadmap.153.	/public/home/zhengxiaoyang/MDD_SIN_analysis/13_ldsc_seg_official/reference/Multi_tissue_chromatin_1000Gv3_ldscores/Roadmap.153.	Roadmap.153.	chromatin	Fetal Male Brain H3K36me3	INT	NA	NA	NA	NA	NA	NA	0.000101626016260163	FALSE	TRUE	FALSE	FALSE	no sandwich capture	NA	NA	FALSE
/public/home/zhengxiaoyang/MDD_SIN_analysis/13_ldsc_seg_official/reference/Multi_tissue_chromatin_1000Gv3_ldscores/Roadmap.153.	/public/home/zhengxiaoyang/MDD_SIN_analysis/13_ldsc_seg_official/reference/Multi_tissue_chromatin_1000Gv3_ldscores/Roadmap.153.	Roadmap.153.	chromatin	Fetal Male Brain H3K36me3	SUD	NA	NA	NA	NA	NA	NA	0.000101626016260163	FALSE	TRUE	FALSE	FALSE	no sandwich capture	NA	NA	FALSE
/public/home/zhengxiaoyang/MDD_SIN_analysis/13_ldsc_seg_official/reference/Multi_tissue_chromatin_1000Gv3_ldscores/Roadmap.154.	/public/home/zhengxiaoyang/MDD_SIN_analysis/13_ldsc_seg_official/reference/Multi_tissue_chromatin_1000Gv3_ldscores/Roadmap.154.	Roadmap.154.	chromatin	Fetal Female Brain H3K36me3	COMP	2.77284033053936	3.82549319855437	1.05265286801501	2.07654576747372	0.506924954173125	0.612207475725146	0.000101626016260163	FALSE	FALSE	FALSE	TRUE	sandwich captured	2.77284033053936	3.82549319855437	FALSE
/public/home/zhengxiaoyang/MDD_SIN_analysis/13_ldsc_seg_official/reference/Multi_tissue_chromatin_1000Gv3_ldscores/Roadmap.154.	/public/home/zhengxiaoyang/MDD_SIN_analysis/13_ldsc_seg_official/reference/Multi_tissue_chromatin_1000Gv3_ldscores/Roadmap.154.	Roadmap.154.	chromatin	Fetal Female Brain H3K36me3	INT	2.32130470278872	6.48872287427846	4.16741817148974	2.32662034499649	1.79118960274373	0.0732628741145064	0.000101626016260163	FALSE	FALSE	FALSE	TRUE	sandwich captured	2.32130470278872	6.48872287427846	FALSE
/public/home/zhengxiaoyang/MDD_SIN_analysis/13_ldsc_seg_official/reference/Multi_tissue_chromatin_1000Gv3_ldscores/Roadmap.154.	/public/home/zhengxiaoyang/MDD_SIN_analysis/13_ldsc_seg_official/reference/Multi_tissue_chromatin_1000Gv3_ldscores/Roadmap.154.	Roadmap.154.	chromatin	Fetal Female Brain H3K36me3	SUD	1.58369416701044	-1.05287721859709	-2.63657138560753	48.6469588558062	-0.0541980721430615	0.956777356635864	0.000101626016260163	FALSE	FALSE	FALSE	TRUE	sandwich captured	1.58369416701044	-1.05287721859709	FALSE
/public/home/zhengxiaoyang/MDD_SIN_analysis/13_ldsc_seg_official/reference/Multi_tissue_chromatin_1000Gv3_ldscores/Roadmap.169.	/public/home/zhengxiaoyang/MDD_SIN_analysis/13_ldsc_seg_official/reference/Multi_tissue_chromatin_1000Gv3_ldscores/Roadmap.169.	Roadmap.169.	chromatin	Ovary H3K36me3	COMP	2.82782347565043	7.07140760695875	4.24358413130833	2.18962370566139	1.93804265104379	0.0526180192214217	0.000101626016260163	FALSE	FALSE	FALSE	TRUE	sandwich captured	2.82782347565043	7.07140760695875	FALSE
/public/home/zhengxiaoyang/MDD_SIN_analysis/13_ldsc_seg_official/reference/Multi_tissue_chromatin_1000Gv3_ldscores/Roadmap.169.	/public/home/zhengxiaoyang/MDD_SIN_analysis/13_ldsc_seg_official/reference/Multi_tissue_chromatin_1000Gv3_ldscores/Roadmap.169.	Roadmap.169.	chromatin	Ovary H3K36me3	INT	2.62493273182592	-0.567002121237218	-3.19193485306313	2.71747238847418	-1.17459697717678	0.240155993235999	0.000101626016260163	FALSE	FALSE	FALSE	TRUE	sandwich captured	2.62493273182592	-0.567002121237218	FALSE
/public/home/zhengxiaoyang/MDD_SIN_analysis/13_ldsc_seg_official/reference/Multi_tissue_chromatin_1000Gv3_ldscores/Roadmap.169.	/public/home/zhengxiaoyang/MDD_SIN_analysis/13_ldsc_seg_official/reference/Multi_tissue_chromatin_1000Gv3_ldscores/Roadmap.169.	Roadmap.169.	chromatin	Ovary H3K36me3	SUD	2.44952416782725	-32.3471105669198	-34.796634734747	52.6607221693393	-0.66077017749306	0.50875971082662	0.000101626016260163	FALSE	FALSE	FALSE	TRUE	sandwich captured	2.44952416782725	-32.3471105669198	FALSE
/public/home/zhengxiaoyang/MDD_SIN_analysis/13_ldsc_seg_official/reference/Multi_tissue_chromatin_1000Gv3_ldscores/Roadmap.223.	/public/home/zhengxiaoyang/MDD_SIN_analysis/13_ldsc_seg_official/reference/Multi_tissue_chromatin_1000Gv3_ldscores/Roadmap.223.	Roadmap.223.	chromatin	Monoculear Peripheral Blood Cells H3K4me1	COMP	8.68641513885066	5.36196282962474	-3.32445230922592	3.35061568048848	-0.992191473520847	0.321104131033668	0.000101626016260163	FALSE	TRUE	FALSE	FALSE	sandwich captured	8.68641513885066	5.36196282962474	FALSE
/public/home/zhengxiaoyang/MDD_SIN_analysis/13_ldsc_seg_official/reference/Multi_tissue_chromatin_1000Gv3_ldscores/Roadmap.223.	/public/home/zhengxiaoyang/MDD_SIN_analysis/13_ldsc_seg_official/reference/Multi_tissue_chromatin_1000Gv3_ldscores/Roadmap.223.	Roadmap.223.	chromatin	Monoculear Peripheral Blood Cells H3K4me1	INT	4.72278043183926	-2.98710152543905	-7.70988195727831	4.43256370282885	-1.7393730748546	0.0819691611429791	0.000101626016260163	FALSE	TRUE	FALSE	FALSE	sandwich captured	4.72278043183926	-2.98710152543905	FALSE
/public/home/zhengxiaoyang/MDD_SIN_analysis/13_ldsc_seg_official/reference/Multi_tissue_chromatin_1000Gv3_ldscores/Roadmap.223.	/public/home/zhengxiaoyang/MDD_SIN_analysis/13_ldsc_seg_official/reference/Multi_tissue_chromatin_1000Gv3_ldscores/Roadmap.223.	Roadmap.223.	chromatin	Monoculear Peripheral Blood Cells H3K4me1	SUD	6.93413215747216	-32.5988408691928	-39.532973026665	91.4076346433111	-0.432490931210831	0.665384642000402	0.000101626016260163	FALSE	TRUE	FALSE	FALSE	sandwich captured	6.93413215747216	-32.5988408691929	FALSE
/public/home/zhengxiaoyang/MDD_SIN_analysis/13_ldsc_seg_official/reference/Multi_tissue_chromatin_1000Gv3_ldscores/Roadmap.224.	/public/home/zhengxiaoyang/MDD_SIN_analysis/13_ldsc_seg_official/reference/Multi_tissue_chromatin_1000Gv3_ldscores/Roadmap.224.	Roadmap.224.	chromatin	Adipose Nuclei H3K4me1	COMP	2.76787927040373	0.929110138204599	-1.83876913219913	1.32044532765455	-1.3925371188713	0.163759809495691	0.000101626016260163	FALSE	FALSE	FALSE	TRUE	sandwich captured	2.76787927040373	0.929110138204599	FALSE
/public/home/zhengxiaoyang/MDD_SIN_analysis/13_ldsc_seg_official/reference/Multi_tissue_chromatin_1000Gv3_ldscores/Roadmap.224.	/public/home/zhengxiaoyang/MDD_SIN_analysis/13_ldsc_seg_official/reference/Multi_tissue_chromatin_1000Gv3_ldscores/Roadmap.224.	Roadmap.224.	chromatin	Adipose Nuclei H3K4me1	INT	2.09071465830651	0.504764377910583	-1.58595028039593	1.45038294971709	-1.0934700250753	0.27418748285613	0.000101626016260163	FALSE	FALSE	FALSE	TRUE	sandwich captured	2.09071465830651	0.504764377910583	FALSE
/public/home/zhengxiaoyang/MDD_SIN_analysis/13_ldsc_seg_official/reference/Multi_tissue_chromatin_1000Gv3_ldscores/Roadmap.224.	/public/home/zhengxiaoyang/MDD_SIN_analysis/13_ldsc_seg_official/reference/Multi_tissue_chromatin_1000Gv3_ldscores/Roadmap.224.	Roadmap.224.	chromatin	Adipose Nuclei H3K4me1	SUD	1.32736352527752	-40.7478156023537	-42.0751791276313	29.7695003845864	-1.41336530959775	0.157548340094568	0.000101626016260163	FALSE	FALSE	FALSE	TRUE	sandwich captured	1.32736352527752	-40.7478156023537	FALSE
/public/home/zhengxiaoyang/MDD_SIN_analysis/13_ldsc_seg_official/reference/Multi_tissue_chromatin_1000Gv3_ldscores/Roadmap.227.	/public/home/zhengxiaoyang/MDD_SIN_analysis/13_ldsc_seg_official/reference/Multi_tissue_chromatin_1000Gv3_ldscores/Roadmap.227.	Roadmap.227.	chromatin	Angular Gyrus H3K4me1	COMP	5.39396157230025	-0.142001126211853	-5.5359626985121	2.46512376522714	-2.24571389745294	0.0247223394309952	0.000101626016260163	FALSE	FALSE	FALSE	TRUE	sandwich captured	5.39396157230025	-0.142001126211853	FALSE
/public/home/zhengxiaoyang/MDD_SIN_analysis/13_ldsc_seg_official/reference/Multi_tissue_chromatin_1000Gv3_ldscores/Roadmap.227.	/public/home/zhengxiaoyang/MDD_SIN_analysis/13_ldsc_seg_official/reference/Multi_tissue_chromatin_1000Gv3_ldscores/Roadmap.227.	Roadmap.227.	chromatin	Angular Gyrus H3K4me1	INT	4.91497685276537	4.82480915624706	-0.0901676965183107	3.18148785691906	-0.0283413612037573	0.977389892367071	0.000101626016260163	FALSE	FALSE	FALSE	TRUE	sandwich captured	4.91497685276537	4.82480915624706	FALSE
/public/home/zhengxiaoyang/MDD_SIN_analysis/13_ldsc_seg_official/reference/Multi_tissue_chromatin_1000Gv3_ldscores/Roadmap.227.	/public/home/zhengxiaoyang/MDD_SIN_analysis/13_ldsc_seg_official/reference/Multi_tissue_chromatin_1000Gv3_ldscores/Roadmap.227.	Roadmap.227.	chromatin	Angular Gyrus H3K4me1	SUD	5.84535079979636	9.16316931707288	3.31781851727651	60.3244353608648	0.0549995784863812	0.956138799605267	0.000101626016260163	FALSE	FALSE	FALSE	TRUE	sandwich captured	5.84535079979636	9.16316931707288	FALSE
/public/home/zhengxiaoyang/MDD_SIN_analysis/13_ldsc_seg_official/reference/Multi_tissue_chromatin_1000Gv3_ldscores/Roadmap.228.	/public/home/zhengxiaoyang/MDD_SIN_analysis/13_ldsc_seg_official/reference/Multi_tissue_chromatin_1000Gv3_ldscores/Roadmap.228.	Roadmap.228.	chromatin	Anterior Caudate H3K4me1	COMP	3.79905763697435	1.81379050124618	-1.98526713572817	2.28072661353294	-0.870453794833791	0.384052459341443	0.000101626016260163	FALSE	FALSE	FALSE	TRUE	sandwich captured	3.79905763697435	1.81379050124618	FALSE
/public/home/zhengxiaoyang/MDD_SIN_analysis/13_ldsc_seg_official/reference/Multi_tissue_chromatin_1000Gv3_ldscores/Roadmap.228.	/public/home/zhengxiaoyang/MDD_SIN_analysis/13_ldsc_seg_official/reference/Multi_tissue_chromatin_1000Gv3_ldscores/Roadmap.228.	Roadmap.228.	chromatin	Anterior Caudate H3K4me1	INT	4.45001010806338	2.15085668426711	-2.29915342379627	2.54126569394789	-0.904727683245316	0.365609671438498	0.000101626016260163	FALSE	FALSE	FALSE	TRUE	sandwich captured	4.45001010806338	2.15085668426711	FALSE
/public/home/zhengxiaoyang/MDD_SIN_analysis/13_ldsc_seg_official/reference/Multi_tissue_chromatin_1000Gv3_ldscores/Roadmap.228.	/public/home/zhengxiaoyang/MDD_SIN_analysis/13_ldsc_seg_official/reference/Multi_tissue_chromatin_1000Gv3_ldscores/Roadmap.228.	Roadmap.228.	chromatin	Anterior Caudate H3K4me1	SUD	4.00725747145704	9.08314013652809	5.07588266507105	49.133774003707	0.103307404488979	0.917718999132572	0.000101626016260163	FALSE	FALSE	FALSE	TRUE	sandwich captured	4.00725747145704	9.08314013652809	FALSE
/public/home/zhengxiaoyang/MDD_SIN_analysis/13_ldsc_seg_official/reference/Multi_tissue_chromatin_1000Gv3_ldscores/Roadmap.229.	/public/home/zhengxiaoyang/MDD_SIN_analysis/13_ldsc_seg_official/reference/Multi_tissue_chromatin_1000Gv3_ldscores/Roadmap.229.	Roadmap.229.	chromatin	Cingulate Gyrus H3K4me1	COMP	2.50867870048865	0.0427698860484147	-2.46590881444023	2.18768143141311	-1.12717911256732	0.259666759821472	0.000101626016260163	FALSE	FALSE	FALSE	TRUE	sandwich captured	2.50867870048865	0.0427698860484147	FALSE
/public/home/zhengxiaoyang/MDD_SIN_analysis/13_ldsc_seg_official/reference/Multi_tissue_chromatin_1000Gv3_ldscores/Roadmap.229.	/public/home/zhengxiaoyang/MDD_SIN_analysis/13_ldsc_seg_official/reference/Multi_tissue_chromatin_1000Gv3_ldscores/Roadmap.229.	Roadmap.229.	chromatin	Cingulate Gyrus H3K4me1	INT	3.62771999585455	2.7728082293362	-0.854911766518346	2.85908494118988	-0.299015868399683	0.76492793792809	0.000101626016260163	FALSE	FALSE	FALSE	TRUE	sandwich captured	3.62771999585455	2.7728082293362	FALSE
/public/home/zhengxiaoyang/MDD_SIN_analysis/13_ldsc_seg_official/reference/Multi_tissue_chromatin_1000Gv3_ldscores/Roadmap.229.	/public/home/zhengxiaoyang/MDD_SIN_analysis/13_ldsc_seg_official/reference/Multi_tissue_chromatin_1000Gv3_ldscores/Roadmap.229.	Roadmap.229.	chromatin	Cingulate Gyrus H3K4me1	SUD	3.56995482662633	93.5292784878434	89.9593236612171	51.5960664113827	1.74353065879012	0.0812409637112164	0.000101626016260163	FALSE	FALSE	FALSE	TRUE	sandwich captured	3.56995482662633	93.5292784878434	FALSE
/public/home/zhengxiaoyang/MDD_SIN_analysis/13_ldsc_seg_official/reference/Multi_tissue_chromatin_1000Gv3_ldscores/Roadmap.230.	/public/home/zhengxiaoyang/MDD_SIN_analysis/13_ldsc_seg_official/reference/Multi_tissue_chromatin_1000Gv3_ldscores/Roadmap.230.	Roadmap.230.	chromatin	Germinal Matrix H3K4me1	COMP	3.7443933698573	0.672049695321816	-3.07234367453549	3.71792642744689	-0.826359459900684	0.408600213190631	0.000101626016260163	FALSE	TRUE	FALSE	FALSE	sandwich captured	3.7443933698573	0.672049695321816	FALSE
/public/home/zhengxiaoyang/MDD_SIN_analysis/13_ldsc_seg_official/reference/Multi_tissue_chromatin_1000Gv3_ldscores/Roadmap.230.	/public/home/zhengxiaoyang/MDD_SIN_analysis/13_ldsc_seg_official/reference/Multi_tissue_chromatin_1000Gv3_ldscores/Roadmap.230.	Roadmap.230.	chromatin	Germinal Matrix H3K4me1	INT	5.56228759618955	3.83684721165176	-1.72544038453779	4.68888934032054	-0.367984880705211	0.712884507873803	0.000101626016260163	FALSE	TRUE	FALSE	FALSE	sandwich captured	5.56228759618955	3.83684721165176	FALSE
/public/home/zhengxiaoyang/MDD_SIN_analysis/13_ldsc_seg_official/reference/Multi_tissue_chromatin_1000Gv3_ldscores/Roadmap.230.	/public/home/zhengxiaoyang/MDD_SIN_analysis/13_ldsc_seg_official/reference/Multi_tissue_chromatin_1000Gv3_ldscores/Roadmap.230.	Roadmap.230.	chromatin	Germinal Matrix H3K4me1	SUD	4.8567206857852	-45.4949310133131	-50.3516516990983	95.2614475420027	-0.528562739684353	0.597108813602312	0.000101626016260163	FALSE	TRUE	FALSE	FALSE	sandwich captured	4.8567206857852	-45.4949310133131	FALSE
/public/home/zhengxiaoyang/MDD_SIN_analysis/13_ldsc_seg_official/reference/Multi_tissue_chromatin_1000Gv3_ldscores/Roadmap.231.	/public/home/zhengxiaoyang/MDD_SIN_analysis/13_ldsc_seg_official/reference/Multi_tissue_chromatin_1000Gv3_ldscores/Roadmap.231.	Roadmap.231.	chromatin	Middle Hippocampus H3K4me1	COMP	4.00554010232101	2.90685286427461	-1.0986872380464	1.49474390601278	-0.735033763059213	0.462318931991598	0.000101626016260163	FALSE	TRUE	FALSE	FALSE	sandwich captured	4.00554010232101	2.90685286427461	FALSE
/public/home/zhengxiaoyang/MDD_SIN_analysis/13_ldsc_seg_official/reference/Multi_tissue_chromatin_1000Gv3_ldscores/Roadmap.231.	/public/home/zhengxiaoyang/MDD_SIN_analysis/13_ldsc_seg_official/reference/Multi_tissue_chromatin_1000Gv3_ldscores/Roadmap.231.	Roadmap.231.	chromatin	Middle Hippocampus H3K4me1	INT	4.07993392405028	6.19728556959947	2.11735164554919	1.72566131809583	1.22697983859635	0.219830168746224	0.000101626016260163	FALSE	TRUE	FALSE	FALSE	sandwich captured	4.07993392405028	6.19728556959947	FALSE
/public/home/zhengxiaoyang/MDD_SIN_analysis/13_ldsc_seg_official/reference/Multi_tissue_chromatin_1000Gv3_ldscores/Roadmap.231.	/public/home/zhengxiaoyang/MDD_SIN_analysis/13_ldsc_seg_official/reference/Multi_tissue_chromatin_1000Gv3_ldscores/Roadmap.231.	Roadmap.231.	chromatin	Middle Hippocampus H3K4me1	SUD	3.83402718111696	57.2654259689708	53.4313987878539	36.9631538972759	1.44553137798644	0.14830868591738	0.000101626016260163	FALSE	TRUE	FALSE	FALSE	sandwich captured	3.83402718111696	57.2654259689708	FALSE
/public/home/zhengxiaoyang/MDD_SIN_analysis/13_ldsc_seg_official/reference/Multi_tissue_chromatin_1000Gv3_ldscores/Roadmap.232.	/public/home/zhengxiaoyang/MDD_SIN_analysis/13_ldsc_seg_official/reference/Multi_tissue_chromatin_1000Gv3_ldscores/Roadmap.232.	Roadmap.232.	chromatin	Inferior Temporal Lobe H3K4me1	COMP	3.80381301296792	-0.461919801426667	-4.26573281439458	2.81140639787889	-1.51729498005444	0.129192225069028	0.000101626016260163	FALSE	FALSE	FALSE	TRUE	sandwich captured	3.80381301296792	-0.461919801426667	FALSE
/public/home/zhengxiaoyang/MDD_SIN_analysis/13_ldsc_seg_official/reference/Multi_tissue_chromatin_1000Gv3_ldscores/Roadmap.232.	/public/home/zhengxiaoyang/MDD_SIN_analysis/13_ldsc_seg_official/reference/Multi_tissue_chromatin_1000Gv3_ldscores/Roadmap.232.	Roadmap.232.	chromatin	Inferior Temporal Lobe H3K4me1	INT	3.11093047975952	-0.575619948531964	-3.68655042829148	3.57155421646094	-1.03219780657411	0.301979462381564	0.000101626016260163	FALSE	FALSE	FALSE	TRUE	sandwich captured	3.11093047975952	-0.575619948531964	FALSE
/public/home/zhengxiaoyang/MDD_SIN_analysis/13_ldsc_seg_official/reference/Multi_tissue_chromatin_1000Gv3_ldscores/Roadmap.232.	/public/home/zhengxiaoyang/MDD_SIN_analysis/13_ldsc_seg_official/reference/Multi_tissue_chromatin_1000Gv3_ldscores/Roadmap.232.	Roadmap.232.	chromatin	Inferior Temporal Lobe H3K4me1	SUD	0.826016787117581	-80.4478601654722	-81.2738769525898	59.6745096635912	-1.36195299149943	0.173212720975044	0.000101626016260163	FALSE	FALSE	FALSE	TRUE	sandwich captured	0.826016787117581	-80.4478601654722	FALSE
/public/home/zhengxiaoyang/MDD_SIN_analysis/13_ldsc_seg_official/reference/Multi_tissue_chromatin_1000Gv3_ldscores/Roadmap.233.	/public/home/zhengxiaoyang/MDD_SIN_analysis/13_ldsc_seg_official/reference/Multi_tissue_chromatin_1000Gv3_ldscores/Roadmap.233.	Roadmap.233.	chromatin	dLPFC H3K4me1	COMP	2.37453190491169	4.80553020756092	2.43099830264924	2.47901767529945	0.980629677178718	0.326775393949945	0.000101626016260163	FALSE	TRUE	FALSE	FALSE	sandwich captured	2.37453190491169	4.80553020756092	FALSE
/public/home/zhengxiaoyang/MDD_SIN_analysis/13_ldsc_seg_official/reference/Multi_tissue_chromatin_1000Gv3_ldscores/Roadmap.233.	/public/home/zhengxiaoyang/MDD_SIN_analysis/13_ldsc_seg_official/reference/Multi_tissue_chromatin_1000Gv3_ldscores/Roadmap.233.	Roadmap.233.	chromatin	dLPFC H3K4me1	INT	3.49641667789042	1.14094177612824	-2.35547490176219	3.07345712684847	-0.766392633619553	0.443442714587215	0.000101626016260163	FALSE	TRUE	FALSE	FALSE	sandwich captured	3.49641667789042	1.14094177612824	FALSE
/public/home/zhengxiaoyang/MDD_SIN_analysis/13_ldsc_seg_official/reference/Multi_tissue_chromatin_1000Gv3_ldscores/Roadmap.233.	/public/home/zhengxiaoyang/MDD_SIN_analysis/13_ldsc_seg_official/reference/Multi_tissue_chromatin_1000Gv3_ldscores/Roadmap.233.	Roadmap.233.	chromatin	dLPFC H3K4me1	SUD	3.32675554204801	-35.4328365630867	-38.7595921051347	59.2455077048582	-0.654219933403598	0.512970121007165	0.000101626016260163	FALSE	TRUE	FALSE	FALSE	sandwich captured	3.32675554204801	-35.4328365630867	FALSE
/public/home/zhengxiaoyang/MDD_SIN_analysis/13_ldsc_seg_official/reference/Multi_tissue_chromatin_1000Gv3_ldscores/Roadmap.234.	/public/home/zhengxiaoyang/MDD_SIN_analysis/13_ldsc_seg_official/reference/Multi_tissue_chromatin_1000Gv3_ldscores/Roadmap.234.	Roadmap.234.	chromatin	Substantia Nigra H3K4me1	COMP	2.97500889236725	3.48526950790823	0.510260615540981	2.257514082452	0.226027655600164	0.821179910804968	0.000101626016260163	FALSE	FALSE	FALSE	TRUE	sandwich captured	2.97500889236725	3.48526950790823	FALSE
/public/home/zhengxiaoyang/MDD_SIN_analysis/13_ldsc_seg_official/reference/Multi_tissue_chromatin_1000Gv3_ldscores/Roadmap.234.	/public/home/zhengxiaoyang/MDD_SIN_analysis/13_ldsc_seg_official/reference/Multi_tissue_chromatin_1000Gv3_ldscores/Roadmap.234.	Roadmap.234.	chromatin	Substantia Nigra H3K4me1	INT	3.24720899149965	-0.762797187048417	-4.01000617854807	2.37913577518392	-1.68548857966632	0.0918943463587049	0.000101626016260163	FALSE	FALSE	FALSE	TRUE	sandwich captured	3.24720899149965	-0.762797187048417	FALSE
/public/home/zhengxiaoyang/MDD_SIN_analysis/13_ldsc_seg_official/reference/Multi_tissue_chromatin_1000Gv3_ldscores/Roadmap.234.	/public/home/zhengxiaoyang/MDD_SIN_analysis/13_ldsc_seg_official/reference/Multi_tissue_chromatin_1000Gv3_ldscores/Roadmap.234.	Roadmap.234.	chromatin	Substantia Nigra H3K4me1	SUD	3.03055440146756	-65.6584677862518	-68.6890221877193	45.9326782299361	-1.49542819697703	0.134802726205257	0.000101626016260163	FALSE	FALSE	FALSE	TRUE	sandwich captured	3.03055440146756	-65.6584677862518	FALSE
/public/home/zhengxiaoyang/MDD_SIN_analysis/13_ldsc_seg_official/reference/Multi_tissue_chromatin_1000Gv3_ldscores/Roadmap.240.	/public/home/zhengxiaoyang/MDD_SIN_analysis/13_ldsc_seg_official/reference/Multi_tissue_chromatin_1000Gv3_ldscores/Roadmap.240.	Roadmap.240.	chromatin	Fetal Adrenal Gland H3K4me1	COMP	2.29396452883899	0.75470320796047	-1.53926132087852	1.44174201103932	-1.06763991691475	0.285682970479314	0.000101626016260163	FALSE	TRUE	FALSE	FALSE	sandwich captured	2.29396452883899	0.75470320796047	FALSE
/public/home/zhengxiaoyang/MDD_SIN_analysis/13_ldsc_seg_official/reference/Multi_tissue_chromatin_1000Gv3_ldscores/Roadmap.240.	/public/home/zhengxiaoyang/MDD_SIN_analysis/13_ldsc_seg_official/reference/Multi_tissue_chromatin_1000Gv3_ldscores/Roadmap.240.	Roadmap.240.	chromatin	Fetal Adrenal Gland H3K4me1	INT	2.97735111319587	2.45911390695146	-0.518237206244405	2.05463008042097	-0.252228958965802	0.800864095506959	0.000101626016260163	FALSE	TRUE	FALSE	FALSE	sandwich captured	2.97735111319587	2.45911390695146	FALSE
/public/home/zhengxiaoyang/MDD_SIN_analysis/13_ldsc_seg_official/reference/Multi_tissue_chromatin_1000Gv3_ldscores/Roadmap.240.	/public/home/zhengxiaoyang/MDD_SIN_analysis/13_ldsc_seg_official/reference/Multi_tissue_chromatin_1000Gv3_ldscores/Roadmap.240.	Roadmap.240.	chromatin	Fetal Adrenal Gland H3K4me1	SUD	2.0634517402906	-19.2438008468076	-21.3072525870983	33.1588715311112	-0.642580751492305	0.52049617624035	0.000101626016260163	FALSE	TRUE	FALSE	FALSE	sandwich captured	2.0634517402906	-19.2438008468076	FALSE
/public/home/zhengxiaoyang/MDD_SIN_analysis/13_ldsc_seg_official/reference/Multi_tissue_chromatin_1000Gv3_ldscores/Roadmap.241.	/public/home/zhengxiaoyang/MDD_SIN_analysis/13_ldsc_seg_official/reference/Multi_tissue_chromatin_1000Gv3_ldscores/Roadmap.241.	Roadmap.241.	chromatin	Fetal Male Brain H3K4me1	COMP	5.15108803110704	2.14635407840577	-3.00473395270127	1.44301784897883	-2.08225695532983	0.037319005391886	0.000101626016260163	FALSE	TRUE	FALSE	FALSE	sandwich captured	5.15108803110704	2.14635407840577	FALSE
/public/home/zhengxiaoyang/MDD_SIN_analysis/13_ldsc_seg_official/reference/Multi_tissue_chromatin_1000Gv3_ldscores/Roadmap.241.	/public/home/zhengxiaoyang/MDD_SIN_analysis/13_ldsc_seg_official/reference/Multi_tissue_chromatin_1000Gv3_ldscores/Roadmap.241.	Roadmap.241.	chromatin	Fetal Male Brain H3K4me1	INT	4.87524606472442	3.98914281334673	-0.886103251377689	1.84886325566212	-0.479269220513745	0.631747115890592	0.000101626016260163	FALSE	TRUE	FALSE	FALSE	sandwich captured	4.87524606472442	3.98914281334673	FALSE
/public/home/zhengxiaoyang/MDD_SIN_analysis/13_ldsc_seg_official/reference/Multi_tissue_chromatin_1000Gv3_ldscores/Roadmap.241.	/public/home/zhengxiaoyang/MDD_SIN_analysis/13_ldsc_seg_official/reference/Multi_tissue_chromatin_1000Gv3_ldscores/Roadmap.241.	Roadmap.241.	chromatin	Fetal Male Brain H3K4me1	SUD	5.11081361147016	-0.69541117158667	-5.80622478305683	31.2449413897335	-0.185829274269807	0.852578646817141	0.000101626016260163	FALSE	TRUE	FALSE	FALSE	sandwich captured	5.11081361147016	-0.69541117158667	FALSE
/public/home/zhengxiaoyang/MDD_SIN_analysis/13_ldsc_seg_official/reference/Multi_tissue_chromatin_1000Gv3_ldscores/Roadmap.242.	/public/home/zhengxiaoyang/MDD_SIN_analysis/13_ldsc_seg_official/reference/Multi_tissue_chromatin_1000Gv3_ldscores/Roadmap.242.	Roadmap.242.	chromatin	Fetal Female Brain H3K4me1	COMP	5.62937934075226	1.34039698588117	-4.28898235487109	2.79188755649732	-1.53623033452393	0.124481898659711	0.000101626016260163	FALSE	FALSE	FALSE	TRUE	sandwich captured	5.62937934075226	1.34039698588117	FALSE
/public/home/zhengxiaoyang/MDD_SIN_analysis/13_ldsc_seg_official/reference/Multi_tissue_chromatin_1000Gv3_ldscores/Roadmap.242.	/public/home/zhengxiaoyang/MDD_SIN_analysis/13_ldsc_seg_official/reference/Multi_tissue_chromatin_1000Gv3_ldscores/Roadmap.242.	Roadmap.242.	chromatin	Fetal Female Brain H3K4me1	INT	5.6371964322257	9.42484540188805	3.78764896966235	3.80016312065676	0.996706943729236	0.318906778265281	0.000101626016260163	FALSE	FALSE	FALSE	TRUE	sandwich captured	5.6371964322257	9.42484540188805	FALSE
/public/home/zhengxiaoyang/MDD_SIN_analysis/13_ldsc_seg_official/reference/Multi_tissue_chromatin_1000Gv3_ldscores/Roadmap.242.	/public/home/zhengxiaoyang/MDD_SIN_analysis/13_ldsc_seg_official/reference/Multi_tissue_chromatin_1000Gv3_ldscores/Roadmap.242.	Roadmap.242.	chromatin	Fetal Female Brain H3K4me1	SUD	4.62060438436826	50.6914487907978	46.0708444064296	71.4176452423248	0.645090498995146	0.518868540510899	0.000101626016260163	FALSE	FALSE	FALSE	TRUE	sandwich captured	4.62060438436826	50.6914487907978	FALSE
/public/home/zhengxiaoyang/MDD_SIN_analysis/13_ldsc_seg_official/reference/Multi_tissue_chromatin_1000Gv3_ldscores/Roadmap.257.	/public/home/zhengxiaoyang/MDD_SIN_analysis/13_ldsc_seg_official/reference/Multi_tissue_chromatin_1000Gv3_ldscores/Roadmap.257.	Roadmap.257.	chromatin	Ovary H3K4me1	COMP	1.93809759621073	0.782915717451905	-1.15518187875882	2.45529204470911	-0.47048654812698	0.638007442695841	0.000101626016260163	FALSE	TRUE	FALSE	FALSE	sandwich captured	1.93809759621073	0.782915717451905	FALSE
/public/home/zhengxiaoyang/MDD_SIN_analysis/13_ldsc_seg_official/reference/Multi_tissue_chromatin_1000Gv3_ldscores/Roadmap.257.	/public/home/zhengxiaoyang/MDD_SIN_analysis/13_ldsc_seg_official/reference/Multi_tissue_chromatin_1000Gv3_ldscores/Roadmap.257.	Roadmap.257.	chromatin	Ovary H3K4me1	INT	1.70560734481402	1.93101076815341	0.225403423339386	2.76677470494373	0.0814679355484316	0.935069823818489	0.000101626016260163	FALSE	TRUE	FALSE	FALSE	sandwich captured	1.70560734481402	1.93101076815341	FALSE
/public/home/zhengxiaoyang/MDD_SIN_analysis/13_ldsc_seg_official/reference/Multi_tissue_chromatin_1000Gv3_ldscores/Roadmap.257.	/public/home/zhengxiaoyang/MDD_SIN_analysis/13_ldsc_seg_official/reference/Multi_tissue_chromatin_1000Gv3_ldscores/Roadmap.257.	Roadmap.257.	chromatin	Ovary H3K4me1	SUD	1.30511131034352	-23.6580692140722	-24.9631805244157	55.0814512067873	-0.453204844416657	0.650401244423313	0.000101626016260163	FALSE	TRUE	FALSE	FALSE	sandwich captured	1.30511131034352	-23.6580692140722	FALSE
/public/home/zhengxiaoyang/MDD_SIN_analysis/13_ldsc_seg_official/reference/Multi_tissue_chromatin_1000Gv3_ldscores/Roadmap.261.	/public/home/zhengxiaoyang/MDD_SIN_analysis/13_ldsc_seg_official/reference/Multi_tissue_chromatin_1000Gv3_ldscores/Roadmap.261.	Roadmap.261.	chromatin	Rectal Mucosa H3K4me1	COMP	2.06316829728948	0.359091357900076	-1.7040769393894	2.17089303214648	-0.784965870798565	0.432473579210652	0.000101626016260163	FALSE	TRUE	FALSE	FALSE	sandwich captured	2.06316829728948	0.359091357900076	FALSE
/public/home/zhengxiaoyang/MDD_SIN_analysis/13_ldsc_seg_official/reference/Multi_tissue_chromatin_1000Gv3_ldscores/Roadmap.261.	/public/home/zhengxiaoyang/MDD_SIN_analysis/13_ldsc_seg_official/reference/Multi_tissue_chromatin_1000Gv3_ldscores/Roadmap.261.	Roadmap.261.	chromatin	Rectal Mucosa H3K4me1	INT	1.93781977914454	1.90237519394325	-0.0354445852012943	2.66405537265906	-0.0133047479286875	0.989384660224643	0.000101626016260163	FALSE	TRUE	FALSE	FALSE	sandwich captured	1.93781977914454	1.90237519394325	FALSE
/public/home/zhengxiaoyang/MDD_SIN_analysis/13_ldsc_seg_official/reference/Multi_tissue_chromatin_1000Gv3_ldscores/Roadmap.261.	/public/home/zhengxiaoyang/MDD_SIN_analysis/13_ldsc_seg_official/reference/Multi_tissue_chromatin_1000Gv3_ldscores/Roadmap.261.	Roadmap.261.	chromatin	Rectal Mucosa H3K4me1	SUD	1.96070268537195	-48.2478523503019	-50.2085550356739	49.0281345653631	-1.02407638962353	0.30579919527958	0.000101626016260163	FALSE	TRUE	FALSE	FALSE	sandwich captured	1.96070268537195	-48.2478523503019	FALSE
/public/home/zhengxiaoyang/MDD_SIN_analysis/13_ldsc_seg_official/reference/Multi_tissue_chromatin_1000Gv3_ldscores/Roadmap.27.	/public/home/zhengxiaoyang/MDD_SIN_analysis/13_ldsc_seg_official/reference/Multi_tissue_chromatin_1000Gv3_ldscores/Roadmap.27.	Roadmap.27.	chromatin	Ovary DNAse	COMP	2.79608349017376	-0.724107067079557	-3.52019055725331	2.83313022714141	-1.24250926538069	0.214048724098426	0.000101626016260163	FALSE	TRUE	FALSE	FALSE	sandwich captured	2.79608349017376	-0.724107067079557	FALSE
/public/home/zhengxiaoyang/MDD_SIN_analysis/13_ldsc_seg_official/reference/Multi_tissue_chromatin_1000Gv3_ldscores/Roadmap.27.	/public/home/zhengxiaoyang/MDD_SIN_analysis/13_ldsc_seg_official/reference/Multi_tissue_chromatin_1000Gv3_ldscores/Roadmap.27.	Roadmap.27.	chromatin	Ovary DNAse	INT	2.71733293605979	0.951017770168416	-1.76631516589138	3.26783509635216	-0.540515391325312	0.588841649489465	0.000101626016260163	FALSE	TRUE	FALSE	FALSE	sandwich captured	2.71733293605979	0.951017770168416	FALSE
/public/home/zhengxiaoyang/MDD_SIN_analysis/13_ldsc_seg_official/reference/Multi_tissue_chromatin_1000Gv3_ldscores/Roadmap.27.	/public/home/zhengxiaoyang/MDD_SIN_analysis/13_ldsc_seg_official/reference/Multi_tissue_chromatin_1000Gv3_ldscores/Roadmap.27.	Roadmap.27.	chromatin	Ovary DNAse	SUD	3.28961611383218	-21.4929728345852	-24.7825889484174	66.9021783185175	-0.370430224714491	0.711061956932583	0.000101626016260163	FALSE	TRUE	FALSE	FALSE	sandwich captured	3.28961611383218	-21.4929728345852	FALSE
/public/home/zhengxiaoyang/MDD_SIN_analysis/13_ldsc_seg_official/reference/Multi_tissue_chromatin_1000Gv3_ldscores/Roadmap.315.	/public/home/zhengxiaoyang/MDD_SIN_analysis/13_ldsc_seg_official/reference/Multi_tissue_chromatin_1000Gv3_ldscores/Roadmap.315.	Roadmap.315.	chromatin	Angular Gyrus H3K4me3	COMP	8.55659748321155	1.21369974769601	-7.34289773551553	3.59757965819471	-2.04106605917386	0.0412442614454881	0.000101626016260163	FALSE	TRUE	FALSE	FALSE	sandwich captured	8.55659748321155	1.21369974769601	FALSE
/public/home/zhengxiaoyang/MDD_SIN_analysis/13_ldsc_seg_official/reference/Multi_tissue_chromatin_1000Gv3_ldscores/Roadmap.315.	/public/home/zhengxiaoyang/MDD_SIN_analysis/13_ldsc_seg_official/reference/Multi_tissue_chromatin_1000Gv3_ldscores/Roadmap.315.	Roadmap.315.	chromatin	Angular Gyrus H3K4me3	INT	3.54599569121094	1.21093253250519	-2.33506315870575	4.14976645318817	-0.562697487930139	0.573640895126265	0.000101626016260163	FALSE	TRUE	FALSE	FALSE	sandwich captured	3.54599569121094	1.21093253250519	FALSE
/public/home/zhengxiaoyang/MDD_SIN_analysis/13_ldsc_seg_official/reference/Multi_tissue_chromatin_1000Gv3_ldscores/Roadmap.315.	/public/home/zhengxiaoyang/MDD_SIN_analysis/13_ldsc_seg_official/reference/Multi_tissue_chromatin_1000Gv3_ldscores/Roadmap.315.	Roadmap.315.	chromatin	Angular Gyrus H3K4me3	SUD	4.49166214857635	-22.1149892085476	-26.6066513571239	90.9468417898495	-0.292551680008898	0.769864852243235	0.000101626016260163	FALSE	TRUE	FALSE	FALSE	sandwich captured	4.49166214857635	-22.1149892085476	FALSE
/public/home/zhengxiaoyang/MDD_SIN_analysis/13_ldsc_seg_official/reference/Multi_tissue_chromatin_1000Gv3_ldscores/Roadmap.316.	/public/home/zhengxiaoyang/MDD_SIN_analysis/13_ldsc_seg_official/reference/Multi_tissue_chromatin_1000Gv3_ldscores/Roadmap.316.	Roadmap.316.	chromatin	Anterior Caudate H3K4me3	COMP	6.52444758784941	3.0631656581257	-3.46128192972371	3.47533176130725	-0.995957268960631	0.319270907660099	0.000101626016260163	FALSE	TRUE	FALSE	FALSE	sandwich captured	6.52444758784941	3.0631656581257	FALSE
/public/home/zhengxiaoyang/MDD_SIN_analysis/13_ldsc_seg_official/reference/Multi_tissue_chromatin_1000Gv3_ldscores/Roadmap.316.	/public/home/zhengxiaoyang/MDD_SIN_analysis/13_ldsc_seg_official/reference/Multi_tissue_chromatin_1000Gv3_ldscores/Roadmap.316.	Roadmap.316.	chromatin	Anterior Caudate H3K4me3	INT	3.22257754775058	2.66275885474359	-0.559818693006987	3.50414589607735	-0.159758956849846	0.873070956418093	0.000101626016260163	FALSE	TRUE	FALSE	FALSE	sandwich captured	3.22257754775058	2.66275885474359	FALSE
/public/home/zhengxiaoyang/MDD_SIN_analysis/13_ldsc_seg_official/reference/Multi_tissue_chromatin_1000Gv3_ldscores/Roadmap.316.	/public/home/zhengxiaoyang/MDD_SIN_analysis/13_ldsc_seg_official/reference/Multi_tissue_chromatin_1000Gv3_ldscores/Roadmap.316.	Roadmap.316.	chromatin	Anterior Caudate H3K4me3	SUD	3.59837220015484	-27.8049250686992	-31.403297268854	75.0267059536894	-0.418561589099192	0.675536566427759	0.000101626016260163	FALSE	TRUE	FALSE	FALSE	sandwich captured	3.59837220015484	-27.8049250686992	FALSE
/public/home/zhengxiaoyang/MDD_SIN_analysis/13_ldsc_seg_official/reference/Multi_tissue_chromatin_1000Gv3_ldscores/Roadmap.317.	/public/home/zhengxiaoyang/MDD_SIN_analysis/13_ldsc_seg_official/reference/Multi_tissue_chromatin_1000Gv3_ldscores/Roadmap.317.	Roadmap.317.	chromatin	Cingulate Gyrus H3K4me3	COMP	6.71888071302332	0.593482051490327	-6.12539866153299	3.55181087639687	-1.72458469065417	0.0846023443668828	0.000101626016260163	FALSE	FALSE	FALSE	TRUE	sandwich captured	6.71888071302332	0.593482051490327	FALSE
/public/home/zhengxiaoyang/MDD_SIN_analysis/13_ldsc_seg_official/reference/Multi_tissue_chromatin_1000Gv3_ldscores/Roadmap.317.	/public/home/zhengxiaoyang/MDD_SIN_analysis/13_ldsc_seg_official/reference/Multi_tissue_chromatin_1000Gv3_ldscores/Roadmap.317.	Roadmap.317.	chromatin	Cingulate Gyrus H3K4me3	INT	4.96347574490634	-0.279126368161047	-5.24260211306739	3.91348323809684	-1.33962554433143	0.180367114797544	0.000101626016260163	FALSE	FALSE	FALSE	TRUE	sandwich captured	4.96347574490634	-0.279126368161047	FALSE
/public/home/zhengxiaoyang/MDD_SIN_analysis/13_ldsc_seg_official/reference/Multi_tissue_chromatin_1000Gv3_ldscores/Roadmap.317.	/public/home/zhengxiaoyang/MDD_SIN_analysis/13_ldsc_seg_official/reference/Multi_tissue_chromatin_1000Gv3_ldscores/Roadmap.317.	Roadmap.317.	chromatin	Cingulate Gyrus H3K4me3	SUD	2.92477773116076	-74.840589388751	-77.7653671199118	81.789513377652	-0.950798750456439	0.341706547032267	0.000101626016260163	FALSE	FALSE	FALSE	TRUE	sandwich captured	2.92477773116076	-74.840589388751	FALSE
/public/home/zhengxiaoyang/MDD_SIN_analysis/13_ldsc_seg_official/reference/Multi_tissue_chromatin_1000Gv3_ldscores/Roadmap.318.	/public/home/zhengxiaoyang/MDD_SIN_analysis/13_ldsc_seg_official/reference/Multi_tissue_chromatin_1000Gv3_ldscores/Roadmap.318.	Roadmap.318.	chromatin	Germinal Matrix H3K4me3	COMP	NA	NA	NA	NA	NA	NA	0.000101626016260163	FALSE	TRUE	FALSE	FALSE	no sandwich capture	NA	NA	FALSE
/public/home/zhengxiaoyang/MDD_SIN_analysis/13_ldsc_seg_official/reference/Multi_tissue_chromatin_1000Gv3_ldscores/Roadmap.318.	/public/home/zhengxiaoyang/MDD_SIN_analysis/13_ldsc_seg_official/reference/Multi_tissue_chromatin_1000Gv3_ldscores/Roadmap.318.	Roadmap.318.	chromatin	Germinal Matrix H3K4me3	INT	NA	NA	NA	NA	NA	NA	0.000101626016260163	FALSE	TRUE	FALSE	FALSE	no sandwich capture	NA	NA	FALSE
/public/home/zhengxiaoyang/MDD_SIN_analysis/13_ldsc_seg_official/reference/Multi_tissue_chromatin_1000Gv3_ldscores/Roadmap.318.	/public/home/zhengxiaoyang/MDD_SIN_analysis/13_ldsc_seg_official/reference/Multi_tissue_chromatin_1000Gv3_ldscores/Roadmap.318.	Roadmap.318.	chromatin	Germinal Matrix H3K4me3	SUD	NA	NA	NA	NA	NA	NA	0.000101626016260163	FALSE	TRUE	FALSE	FALSE	no sandwich capture	NA	NA	FALSE
/public/home/zhengxiaoyang/MDD_SIN_analysis/13_ldsc_seg_official/reference/Multi_tissue_chromatin_1000Gv3_ldscores/Roadmap.319.	/public/home/zhengxiaoyang/MDD_SIN_analysis/13_ldsc_seg_official/reference/Multi_tissue_chromatin_1000Gv3_ldscores/Roadmap.319.	Roadmap.319.	chromatin	Middle Hippocampus H3K4me3	COMP	6.02593662328499	3.67116699152048	-2.35476963176451	2.60904613591334	-0.902540433973656	0.366769852486564	0.000101626016260163	FALSE	TRUE	FALSE	FALSE	sandwich captured	6.02593662328499	3.67116699152048	FALSE
/public/home/zhengxiaoyang/MDD_SIN_analysis/13_ldsc_seg_official/reference/Multi_tissue_chromatin_1000Gv3_ldscores/Roadmap.319.	/public/home/zhengxiaoyang/MDD_SIN_analysis/13_ldsc_seg_official/reference/Multi_tissue_chromatin_1000Gv3_ldscores/Roadmap.319.	Roadmap.319.	chromatin	Middle Hippocampus H3K4me3	INT	4.60204503271084	6.36769816633705	1.76565313362621	2.98706308037423	0.591100049150953	0.554453386942953	0.000101626016260163	FALSE	TRUE	FALSE	FALSE	sandwich captured	4.60204503271084	6.36769816633705	FALSE
/public/home/zhengxiaoyang/MDD_SIN_analysis/13_ldsc_seg_official/reference/Multi_tissue_chromatin_1000Gv3_ldscores/Roadmap.319.	/public/home/zhengxiaoyang/MDD_SIN_analysis/13_ldsc_seg_official/reference/Multi_tissue_chromatin_1000Gv3_ldscores/Roadmap.319.	Roadmap.319.	chromatin	Middle Hippocampus H3K4me3	SUD	5.03779783102369	-27.838776471858	-32.8765743028817	63.484506810834	-0.517867680705856	0.6045505928398	0.000101626016260163	FALSE	TRUE	FALSE	FALSE	sandwich captured	5.03779783102369	-27.838776471858	FALSE
/public/home/zhengxiaoyang/MDD_SIN_analysis/13_ldsc_seg_official/reference/Multi_tissue_chromatin_1000Gv3_ldscores/Roadmap.320.	/public/home/zhengxiaoyang/MDD_SIN_analysis/13_ldsc_seg_official/reference/Multi_tissue_chromatin_1000Gv3_ldscores/Roadmap.320.	Roadmap.320.	chromatin	Interior Temporal Lobe H3K4me3	COMP	6.70362230814555	2.00573705900905	-4.69788524913651	3.37006628150289	-1.39400381378893	0.16331645297716	0.000101626016260163	FALSE	TRUE	FALSE	FALSE	sandwich captured	6.70362230814555	2.00573705900905	FALSE
/public/home/zhengxiaoyang/MDD_SIN_analysis/13_ldsc_seg_official/reference/Multi_tissue_chromatin_1000Gv3_ldscores/Roadmap.320.	/public/home/zhengxiaoyang/MDD_SIN_analysis/13_ldsc_seg_official/reference/Multi_tissue_chromatin_1000Gv3_ldscores/Roadmap.320.	Roadmap.320.	chromatin	Interior Temporal Lobe H3K4me3	INT	4.81892683658274	1.96798854964631	-2.85093828693643	3.82917536052937	-0.744530615213794	0.456555526714723	0.000101626016260163	FALSE	TRUE	FALSE	FALSE	sandwich captured	4.81892683658274	1.96798854964631	FALSE
/public/home/zhengxiaoyang/MDD_SIN_analysis/13_ldsc_seg_official/reference/Multi_tissue_chromatin_1000Gv3_ldscores/Roadmap.320.	/public/home/zhengxiaoyang/MDD_SIN_analysis/13_ldsc_seg_official/reference/Multi_tissue_chromatin_1000Gv3_ldscores/Roadmap.320.	Roadmap.320.	chromatin	Interior Temporal Lobe H3K4me3	SUD	4.39008934109284	-33.153715186204	-37.5438045272969	79.1609197183083	-0.474271959710617	0.63530598443056	0.000101626016260163	FALSE	TRUE	FALSE	FALSE	sandwich captured	4.39008934109284	-33.153715186204	FALSE
/public/home/zhengxiaoyang/MDD_SIN_analysis/13_ldsc_seg_official/reference/Multi_tissue_chromatin_1000Gv3_ldscores/Roadmap.321.	/public/home/zhengxiaoyang/MDD_SIN_analysis/13_ldsc_seg_official/reference/Multi_tissue_chromatin_1000Gv3_ldscores/Roadmap.321.	Roadmap.321.	chromatin	dLPFC H3K4me3	COMP	NA	NA	NA	NA	NA	NA	0.000101626016260163	FALSE	TRUE	FALSE	FALSE	no sandwich capture	NA	NA	FALSE
/public/home/zhengxiaoyang/MDD_SIN_analysis/13_ldsc_seg_official/reference/Multi_tissue_chromatin_1000Gv3_ldscores/Roadmap.321.	/public/home/zhengxiaoyang/MDD_SIN_analysis/13_ldsc_seg_official/reference/Multi_tissue_chromatin_1000Gv3_ldscores/Roadmap.321.	Roadmap.321.	chromatin	dLPFC H3K4me3	INT	NA	NA	NA	NA	NA	NA	0.000101626016260163	FALSE	TRUE	FALSE	FALSE	no sandwich capture	NA	NA	FALSE
/public/home/zhengxiaoyang/MDD_SIN_analysis/13_ldsc_seg_official/reference/Multi_tissue_chromatin_1000Gv3_ldscores/Roadmap.321.	/public/home/zhengxiaoyang/MDD_SIN_analysis/13_ldsc_seg_official/reference/Multi_tissue_chromatin_1000Gv3_ldscores/Roadmap.321.	Roadmap.321.	chromatin	dLPFC H3K4me3	SUD	NA	NA	NA	NA	NA	NA	0.000101626016260163	FALSE	TRUE	FALSE	FALSE	no sandwich capture	NA	NA	FALSE
/public/home/zhengxiaoyang/MDD_SIN_analysis/13_ldsc_seg_official/reference/Multi_tissue_chromatin_1000Gv3_ldscores/Roadmap.322.	/public/home/zhengxiaoyang/MDD_SIN_analysis/13_ldsc_seg_official/reference/Multi_tissue_chromatin_1000Gv3_ldscores/Roadmap.322.	Roadmap.322.	chromatin	Substantia Nigra H3K4me3	COMP	5.28085792745671	1.85168660575239	-3.42917132170432	3.80094396709041	-0.902189390686892	0.366956269648573	0.000101626016260163	FALSE	FALSE	FALSE	TRUE	sandwich captured	5.28085792745671	1.85168660575239	FALSE
/public/home/zhengxiaoyang/MDD_SIN_analysis/13_ldsc_seg_official/reference/Multi_tissue_chromatin_1000Gv3_ldscores/Roadmap.322.	/public/home/zhengxiaoyang/MDD_SIN_analysis/13_ldsc_seg_official/reference/Multi_tissue_chromatin_1000Gv3_ldscores/Roadmap.322.	Roadmap.322.	chromatin	Substantia Nigra H3K4me3	INT	2.62124301294441	-0.559450810838038	-3.18069382378245	4.31902335462575	-0.736438208970524	0.461464058902677	0.000101626016260163	FALSE	FALSE	FALSE	TRUE	sandwich captured	2.62124301294441	-0.559450810838038	FALSE
/public/home/zhengxiaoyang/MDD_SIN_analysis/13_ldsc_seg_official/reference/Multi_tissue_chromatin_1000Gv3_ldscores/Roadmap.322.	/public/home/zhengxiaoyang/MDD_SIN_analysis/13_ldsc_seg_official/reference/Multi_tissue_chromatin_1000Gv3_ldscores/Roadmap.322.	Roadmap.322.	chromatin	Substantia Nigra H3K4me3	SUD	3.20227485067801	-44.1685359014134	-47.3708107520914	86.778982303563	-0.54587884640526	0.585149220074997	0.000101626016260163	FALSE	FALSE	FALSE	TRUE	sandwich captured	3.20227485067801	-44.1685359014134	FALSE
/public/home/zhengxiaoyang/MDD_SIN_analysis/13_ldsc_seg_official/reference/Multi_tissue_chromatin_1000Gv3_ldscores/Roadmap.328.	/public/home/zhengxiaoyang/MDD_SIN_analysis/13_ldsc_seg_official/reference/Multi_tissue_chromatin_1000Gv3_ldscores/Roadmap.328.	Roadmap.328.	chromatin	Fetal Adrenal Gland H3K4me3	COMP	5.30365038395058	1.35764314989493	-3.94600723405564	3.84908802069392	-1.02517978618329	0.305278364195901	0.000101626016260163	FALSE	FALSE	FALSE	TRUE	sandwich captured	5.30365038395058	1.35764314989493	FALSE
/public/home/zhengxiaoyang/MDD_SIN_analysis/13_ldsc_seg_official/reference/Multi_tissue_chromatin_1000Gv3_ldscores/Roadmap.328.	/public/home/zhengxiaoyang/MDD_SIN_analysis/13_ldsc_seg_official/reference/Multi_tissue_chromatin_1000Gv3_ldscores/Roadmap.328.	Roadmap.328.	chromatin	Fetal Adrenal Gland H3K4me3	INT	1.65910283268756	0.657296908081896	-1.00180592460567	4.36320047085698	-0.229603459959497	0.818399918041827	0.000101626016260163	FALSE	FALSE	FALSE	TRUE	sandwich captured	1.65910283268756	0.657296908081896	FALSE
/public/home/zhengxiaoyang/MDD_SIN_analysis/13_ldsc_seg_official/reference/Multi_tissue_chromatin_1000Gv3_ldscores/Roadmap.328.	/public/home/zhengxiaoyang/MDD_SIN_analysis/13_ldsc_seg_official/reference/Multi_tissue_chromatin_1000Gv3_ldscores/Roadmap.328.	Roadmap.328.	chromatin	Fetal Adrenal Gland H3K4me3	SUD	1.81291361217234	-82.4104792365084	-84.2233928486808	88.4255962407504	-0.952477522677613	0.340854860065623	0.000101626016260163	FALSE	FALSE	FALSE	TRUE	sandwich captured	1.81291361217234	-82.4104792365084	FALSE
/public/home/zhengxiaoyang/MDD_SIN_analysis/13_ldsc_seg_official/reference/Multi_tissue_chromatin_1000Gv3_ldscores/Roadmap.329.	/public/home/zhengxiaoyang/MDD_SIN_analysis/13_ldsc_seg_official/reference/Multi_tissue_chromatin_1000Gv3_ldscores/Roadmap.329.	Roadmap.329.	chromatin	Fetal Male Brain H3K4me3	COMP	11.4500767331338	-2.36880291058748	-13.8188796437212	12.2695768772457	-1.12627189853211	0.26005044864855	0.000101626016260163	FALSE	TRUE	FALSE	FALSE	sandwich captured	11.4500767331338	-2.36880291058748	FALSE
/public/home/zhengxiaoyang/MDD_SIN_analysis/13_ldsc_seg_official/reference/Multi_tissue_chromatin_1000Gv3_ldscores/Roadmap.329.	/public/home/zhengxiaoyang/MDD_SIN_analysis/13_ldsc_seg_official/reference/Multi_tissue_chromatin_1000Gv3_ldscores/Roadmap.329.	Roadmap.329.	chromatin	Fetal Male Brain H3K4me3	INT	0.598702455869029	-10.7535092780656	-11.3522117339346	14.5128892289696	-0.782215832756043	0.434087741247618	0.000101626016260163	FALSE	TRUE	FALSE	FALSE	sandwich captured	0.598702455869028	-10.7535092780656	FALSE
/public/home/zhengxiaoyang/MDD_SIN_analysis/13_ldsc_seg_official/reference/Multi_tissue_chromatin_1000Gv3_ldscores/Roadmap.329.	/public/home/zhengxiaoyang/MDD_SIN_analysis/13_ldsc_seg_official/reference/Multi_tissue_chromatin_1000Gv3_ldscores/Roadmap.329.	Roadmap.329.	chromatin	Fetal Male Brain H3K4me3	SUD	2.68692616760746	-362.329299843159	-365.016226010766	265.818579825946	-1.37317800076192	0.169697017002963	0.000101626016260163	FALSE	TRUE	FALSE	FALSE	sandwich captured	2.68692616760746	-362.329299843159	FALSE
/public/home/zhengxiaoyang/MDD_SIN_analysis/13_ldsc_seg_official/reference/Multi_tissue_chromatin_1000Gv3_ldscores/Roadmap.330.	/public/home/zhengxiaoyang/MDD_SIN_analysis/13_ldsc_seg_official/reference/Multi_tissue_chromatin_1000Gv3_ldscores/Roadmap.330.	Roadmap.330.	chromatin	Fetal Female Brain H3K4me3	COMP	9.05948025526516	5.88961941327713	-3.16986084198803	3.15319958562373	-1.00528392063739	0.314760155400068	0.000101626016260163	FALSE	FALSE	FALSE	TRUE	sandwich captured	9.05948025526516	5.88961941327713	FALSE
/public/home/zhengxiaoyang/MDD_SIN_analysis/13_ldsc_seg_official/reference/Multi_tissue_chromatin_1000Gv3_ldscores/Roadmap.330.	/public/home/zhengxiaoyang/MDD_SIN_analysis/13_ldsc_seg_official/reference/Multi_tissue_chromatin_1000Gv3_ldscores/Roadmap.330.	Roadmap.330.	chromatin	Fetal Female Brain H3K4me3	INT	5.21864568027607	6.20132415104023	0.982678470764161	3.93181247883925	0.249930146987647	0.802641368971272	0.000101626016260163	FALSE	FALSE	FALSE	TRUE	sandwich captured	5.21864568027607	6.20132415104023	FALSE
/public/home/zhengxiaoyang/MDD_SIN_analysis/13_ldsc_seg_official/reference/Multi_tissue_chromatin_1000Gv3_ldscores/Roadmap.330.	/public/home/zhengxiaoyang/MDD_SIN_analysis/13_ldsc_seg_official/reference/Multi_tissue_chromatin_1000Gv3_ldscores/Roadmap.330.	Roadmap.330.	chromatin	Fetal Female Brain H3K4me3	SUD	5.91649133368412	20.8171393661865	14.9006480325023	74.522953296327	0.199947095135275	0.841521957462329	0.000101626016260163	FALSE	FALSE	FALSE	TRUE	sandwich captured	5.91649133368412	20.8171393661865	FALSE
/public/home/zhengxiaoyang/MDD_SIN_analysis/13_ldsc_seg_official/reference/Multi_tissue_chromatin_1000Gv3_ldscores/Roadmap.345.	/public/home/zhengxiaoyang/MDD_SIN_analysis/13_ldsc_seg_official/reference/Multi_tissue_chromatin_1000Gv3_ldscores/Roadmap.345.	Roadmap.345.	chromatin	Ovary H3K4me3	COMP	7.48499770450275	1.52589467446971	-5.95910303003304	3.75749482005677	-1.58592448304241	0.112756441211188	0.000101626016260163	FALSE	TRUE	FALSE	FALSE	sandwich captured	7.48499770450275	1.52589467446971	FALSE
/public/home/zhengxiaoyang/MDD_SIN_analysis/13_ldsc_seg_official/reference/Multi_tissue_chromatin_1000Gv3_ldscores/Roadmap.345.	/public/home/zhengxiaoyang/MDD_SIN_analysis/13_ldsc_seg_official/reference/Multi_tissue_chromatin_1000Gv3_ldscores/Roadmap.345.	Roadmap.345.	chromatin	Ovary H3K4me3	INT	3.54149716277372	1.40220831195009	-2.13928885082363	4.45068065028017	-0.480665547344755	0.630754221191145	0.000101626016260163	FALSE	TRUE	FALSE	FALSE	sandwich captured	3.54149716277372	1.40220831195009	FALSE
/public/home/zhengxiaoyang/MDD_SIN_analysis/13_ldsc_seg_official/reference/Multi_tissue_chromatin_1000Gv3_ldscores/Roadmap.345.	/public/home/zhengxiaoyang/MDD_SIN_analysis/13_ldsc_seg_official/reference/Multi_tissue_chromatin_1000Gv3_ldscores/Roadmap.345.	Roadmap.345.	chromatin	Ovary H3K4me3	SUD	3.25235907729474	-129.496812069903	-132.749171147198	84.4080246145211	-1.5727079475375	0.115786458738327	0.000101626016260163	FALSE	TRUE	FALSE	FALSE	sandwich captured	3.25235907729474	-129.496812069903	FALSE
/public/home/zhengxiaoyang/MDD_SIN_analysis/13_ldsc_seg_official/reference/Multi_tissue_chromatin_1000Gv3_ldscores/Roadmap.373.	/public/home/zhengxiaoyang/MDD_SIN_analysis/13_ldsc_seg_official/reference/Multi_tissue_chromatin_1000Gv3_ldscores/Roadmap.373.	Roadmap.373.	chromatin	Angular Gyrus H3K9ac	COMP	9.22759248194673	4.35886054976968	-4.86873193217705	3.69338266040509	-1.31823111219216	0.187426293499802	0.000101626016260163	FALSE	FALSE	FALSE	TRUE	sandwich captured	9.22759248194673	4.35886054976968	FALSE
/public/home/zhengxiaoyang/MDD_SIN_analysis/13_ldsc_seg_official/reference/Multi_tissue_chromatin_1000Gv3_ldscores/Roadmap.373.	/public/home/zhengxiaoyang/MDD_SIN_analysis/13_ldsc_seg_official/reference/Multi_tissue_chromatin_1000Gv3_ldscores/Roadmap.373.	Roadmap.373.	chromatin	Angular Gyrus H3K9ac	INT	2.85477937508389	2.35173672627569	-0.503042648808204	3.77672383750558	-0.133195507654711	0.894038763564539	0.000101626016260163	FALSE	FALSE	FALSE	TRUE	sandwich captured	2.85477937508389	2.35173672627569	FALSE
/public/home/zhengxiaoyang/MDD_SIN_analysis/13_ldsc_seg_official/reference/Multi_tissue_chromatin_1000Gv3_ldscores/Roadmap.373.	/public/home/zhengxiaoyang/MDD_SIN_analysis/13_ldsc_seg_official/reference/Multi_tissue_chromatin_1000Gv3_ldscores/Roadmap.373.	Roadmap.373.	chromatin	Angular Gyrus H3K9ac	SUD	3.59845426192176	-76.5752851517446	-80.1737394136664	71.8759605017192	-1.1154458160145	0.264659425451087	0.000101626016260163	FALSE	FALSE	FALSE	TRUE	sandwich captured	3.59845426192176	-76.5752851517447	FALSE
/public/home/zhengxiaoyang/MDD_SIN_analysis/13_ldsc_seg_official/reference/Multi_tissue_chromatin_1000Gv3_ldscores/Roadmap.374.	/public/home/zhengxiaoyang/MDD_SIN_analysis/13_ldsc_seg_official/reference/Multi_tissue_chromatin_1000Gv3_ldscores/Roadmap.374.	Roadmap.374.	chromatin	Anterior Caudate H3K9ac	COMP	4.52611102763557	1.86865454600948	-2.65745648162609	3.01337013656035	-0.881888503965691	0.377837104419659	0.000101626016260163	FALSE	FALSE	FALSE	TRUE	sandwich captured	4.52611102763557	1.86865454600948	FALSE
/public/home/zhengxiaoyang/MDD_SIN_analysis/13_ldsc_seg_official/reference/Multi_tissue_chromatin_1000Gv3_ldscores/Roadmap.374.	/public/home/zhengxiaoyang/MDD_SIN_analysis/13_ldsc_seg_official/reference/Multi_tissue_chromatin_1000Gv3_ldscores/Roadmap.374.	Roadmap.374.	chromatin	Anterior Caudate H3K9ac	INT	2.75266139825224	3.79517804297819	1.04251664472595	3.67066183021329	0.284013263260857	0.776400216392931	0.000101626016260163	FALSE	FALSE	FALSE	TRUE	sandwich captured	2.75266139825224	3.79517804297819	FALSE
/public/home/zhengxiaoyang/MDD_SIN_analysis/13_ldsc_seg_official/reference/Multi_tissue_chromatin_1000Gv3_ldscores/Roadmap.374.	/public/home/zhengxiaoyang/MDD_SIN_analysis/13_ldsc_seg_official/reference/Multi_tissue_chromatin_1000Gv3_ldscores/Roadmap.374.	Roadmap.374.	chromatin	Anterior Caudate H3K9ac	SUD	1.90820381874655	-1.59251950862375	-3.5007233273703	70.5124043186154	-0.0496469147690955	0.960403760123928	0.000101626016260163	FALSE	FALSE	FALSE	TRUE	sandwich captured	1.90820381874655	-1.59251950862375	FALSE
/public/home/zhengxiaoyang/MDD_SIN_analysis/13_ldsc_seg_official/reference/Multi_tissue_chromatin_1000Gv3_ldscores/Roadmap.375.	/public/home/zhengxiaoyang/MDD_SIN_analysis/13_ldsc_seg_official/reference/Multi_tissue_chromatin_1000Gv3_ldscores/Roadmap.375.	Roadmap.375.	chromatin	Cingular Gyrus H3K9ac	COMP	5.45408038605193	2.30019668845399	-3.15388369759794	3.47856300904862	-0.906662805702784	0.364585138036509	0.000101626016260163	FALSE	FALSE	FALSE	TRUE	sandwich captured	5.45408038605193	2.30019668845399	FALSE
/public/home/zhengxiaoyang/MDD_SIN_analysis/13_ldsc_seg_official/reference/Multi_tissue_chromatin_1000Gv3_ldscores/Roadmap.375.	/public/home/zhengxiaoyang/MDD_SIN_analysis/13_ldsc_seg_official/reference/Multi_tissue_chromatin_1000Gv3_ldscores/Roadmap.375.	Roadmap.375.	chromatin	Cingular Gyrus H3K9ac	INT	3.34789035328984	2.34264673747822	-1.00524361581162	3.55442923860155	-0.28281435592937	0.777319148977617	0.000101626016260163	FALSE	FALSE	FALSE	TRUE	sandwich captured	3.34789035328984	2.34264673747822	FALSE
/public/home/zhengxiaoyang/MDD_SIN_analysis/13_ldsc_seg_official/reference/Multi_tissue_chromatin_1000Gv3_ldscores/Roadmap.375.	/public/home/zhengxiaoyang/MDD_SIN_analysis/13_ldsc_seg_official/reference/Multi_tissue_chromatin_1000Gv3_ldscores/Roadmap.375.	Roadmap.375.	chromatin	Cingular Gyrus H3K9ac	SUD	4.21042835759345	1.71977308523939	-2.49065527235406	75.4772454426016	-0.0329987568802857	0.973675578968669	0.000101626016260163	FALSE	FALSE	FALSE	TRUE	sandwich captured	4.21042835759345	1.71977308523939	FALSE
/public/home/zhengxiaoyang/MDD_SIN_analysis/13_ldsc_seg_official/reference/Multi_tissue_chromatin_1000Gv3_ldscores/Roadmap.376.	/public/home/zhengxiaoyang/MDD_SIN_analysis/13_ldsc_seg_official/reference/Multi_tissue_chromatin_1000Gv3_ldscores/Roadmap.376.	Roadmap.376.	chromatin	Inferior Temporal Lobe H3K9ac	COMP	6.09247496737555	2.97939798328435	-3.11307698409121	2.85996573668372	-1.08850149642037	0.27637377632273	0.000101626016260163	FALSE	FALSE	FALSE	TRUE	sandwich captured	6.09247496737555	2.97939798328434	FALSE
/public/home/zhengxiaoyang/MDD_SIN_analysis/13_ldsc_seg_official/reference/Multi_tissue_chromatin_1000Gv3_ldscores/Roadmap.376.	/public/home/zhengxiaoyang/MDD_SIN_analysis/13_ldsc_seg_official/reference/Multi_tissue_chromatin_1000Gv3_ldscores/Roadmap.376.	Roadmap.376.	chromatin	Inferior Temporal Lobe H3K9ac	INT	2.06059215237104	0.873070454107566	-1.18752169826347	3.53541982906374	-0.335892696109575	0.736951785062014	0.000101626016260163	FALSE	FALSE	FALSE	TRUE	sandwich captured	2.06059215237104	0.873070454107566	FALSE
/public/home/zhengxiaoyang/MDD_SIN_analysis/13_ldsc_seg_official/reference/Multi_tissue_chromatin_1000Gv3_ldscores/Roadmap.376.	/public/home/zhengxiaoyang/MDD_SIN_analysis/13_ldsc_seg_official/reference/Multi_tissue_chromatin_1000Gv3_ldscores/Roadmap.376.	Roadmap.376.	chromatin	Inferior Temporal Lobe H3K9ac	SUD	1.62508505894817	-56.7133335584373	-58.3384186173854	66.620965168456	-0.875676575232323	0.381205883331621	0.000101626016260163	FALSE	FALSE	FALSE	TRUE	sandwich captured	1.62508505894817	-56.7133335584373	FALSE
/public/home/zhengxiaoyang/MDD_SIN_analysis/13_ldsc_seg_official/reference/Multi_tissue_chromatin_1000Gv3_ldscores/Roadmap.377.	/public/home/zhengxiaoyang/MDD_SIN_analysis/13_ldsc_seg_official/reference/Multi_tissue_chromatin_1000Gv3_ldscores/Roadmap.377.	Roadmap.377.	chromatin	dLPFC H3K9ac	COMP	6.28816263667099	1.92167868296495	-4.36648395370604	3.6739255845135	-1.18850636825957	0.234633972371671	0.000101626016260163	FALSE	TRUE	FALSE	FALSE	sandwich captured	6.28816263667099	1.92167868296495	FALSE
/public/home/zhengxiaoyang/MDD_SIN_analysis/13_ldsc_seg_official/reference/Multi_tissue_chromatin_1000Gv3_ldscores/Roadmap.377.	/public/home/zhengxiaoyang/MDD_SIN_analysis/13_ldsc_seg_official/reference/Multi_tissue_chromatin_1000Gv3_ldscores/Roadmap.377.	Roadmap.377.	chromatin	dLPFC H3K9ac	INT	5.35323291311538	-4.17797838767815	-9.53121130079353	4.58629603301121	-2.07819365173766	0.0376915265714123	0.000101626016260163	FALSE	TRUE	FALSE	FALSE	sandwich captured	5.35323291311538	-4.17797838767815	FALSE
/public/home/zhengxiaoyang/MDD_SIN_analysis/13_ldsc_seg_official/reference/Multi_tissue_chromatin_1000Gv3_ldscores/Roadmap.377.	/public/home/zhengxiaoyang/MDD_SIN_analysis/13_ldsc_seg_official/reference/Multi_tissue_chromatin_1000Gv3_ldscores/Roadmap.377.	Roadmap.377.	chromatin	dLPFC H3K9ac	SUD	3.53151686621924	-106.530330943061	-110.061847809281	87.9764676765038	-1.25103735937645	0.21092084750195	0.000101626016260163	FALSE	TRUE	FALSE	FALSE	sandwich captured	3.53151686621924	-106.530330943061	FALSE
/public/home/zhengxiaoyang/MDD_SIN_analysis/13_ldsc_seg_official/reference/Multi_tissue_chromatin_1000Gv3_ldscores/Roadmap.378.	/public/home/zhengxiaoyang/MDD_SIN_analysis/13_ldsc_seg_official/reference/Multi_tissue_chromatin_1000Gv3_ldscores/Roadmap.378.	Roadmap.378.	chromatin	Subtantia Nigra H3K9ac	COMP	4.63308641036692	0.988492561797078	-3.64459384856985	4.02483238192042	-0.905526864905329	0.365186334151313	0.000101626016260163	FALSE	FALSE	FALSE	TRUE	sandwich captured	4.63308641036692	0.988492561797078	FALSE
/public/home/zhengxiaoyang/MDD_SIN_analysis/13_ldsc_seg_official/reference/Multi_tissue_chromatin_1000Gv3_ldscores/Roadmap.378.	/public/home/zhengxiaoyang/MDD_SIN_analysis/13_ldsc_seg_official/reference/Multi_tissue_chromatin_1000Gv3_ldscores/Roadmap.378.	Roadmap.378.	chromatin	Subtantia Nigra H3K9ac	INT	4.07818301661459	4.1454783632186	0.0672953466040083	4.02255503637147	0.016729503013764	0.986652410450582	0.000101626016260163	FALSE	FALSE	FALSE	TRUE	sandwich captured	4.07818301661459	4.1454783632186	FALSE
/public/home/zhengxiaoyang/MDD_SIN_analysis/13_ldsc_seg_official/reference/Multi_tissue_chromatin_1000Gv3_ldscores/Roadmap.378.	/public/home/zhengxiaoyang/MDD_SIN_analysis/13_ldsc_seg_official/reference/Multi_tissue_chromatin_1000Gv3_ldscores/Roadmap.378.	Roadmap.378.	chromatin	Subtantia Nigra H3K9ac	SUD	3.18174697750302	-107.095040506387	-110.27678748389	87.1720979165973	-1.26504684548717	0.205854535556638	0.000101626016260163	FALSE	FALSE	FALSE	TRUE	sandwich captured	3.18174697750302	-107.095040506387	FALSE
/public/home/zhengxiaoyang/MDD_SIN_analysis/13_ldsc_seg_official/reference/Multi_tissue_chromatin_1000Gv3_ldscores/Roadmap.51.	/public/home/zhengxiaoyang/MDD_SIN_analysis/13_ldsc_seg_official/reference/Multi_tissue_chromatin_1000Gv3_ldscores/Roadmap.51.	Roadmap.51.	chromatin	Foreskin H3K27ac	COMP	3.4836538267555	1.33236073605721	-2.15129309069829	1.83815280819193	-1.17035595795454	0.241857751547848	0.000101626016260163	FALSE	TRUE	FALSE	FALSE	sandwich captured	3.4836538267555	1.33236073605721	FALSE
/public/home/zhengxiaoyang/MDD_SIN_analysis/13_ldsc_seg_official/reference/Multi_tissue_chromatin_1000Gv3_ldscores/Roadmap.51.	/public/home/zhengxiaoyang/MDD_SIN_analysis/13_ldsc_seg_official/reference/Multi_tissue_chromatin_1000Gv3_ldscores/Roadmap.51.	Roadmap.51.	chromatin	Foreskin H3K27ac	INT	2.89826773271747	2.77904833714453	-0.119219395572945	2.06971453763696	-0.0576018544610796	0.954065772481351	0.000101626016260163	FALSE	TRUE	FALSE	FALSE	sandwich captured	2.89826773271747	2.77904833714453	FALSE
/public/home/zhengxiaoyang/MDD_SIN_analysis/13_ldsc_seg_official/reference/Multi_tissue_chromatin_1000Gv3_ldscores/Roadmap.51.	/public/home/zhengxiaoyang/MDD_SIN_analysis/13_ldsc_seg_official/reference/Multi_tissue_chromatin_1000Gv3_ldscores/Roadmap.51.	Roadmap.51.	chromatin	Foreskin H3K27ac	SUD	2.24276205764674	-52.991908310939	-55.2346703685858	37.7852568026922	-1.46180481601624	0.143794704003195	0.000101626016260163	FALSE	TRUE	FALSE	FALSE	sandwich captured	2.24276205764674	-52.991908310939	FALSE
/public/home/zhengxiaoyang/MDD_SIN_analysis/13_ldsc_seg_official/reference/Multi_tissue_chromatin_1000Gv3_ldscores/Roadmap.60.	/public/home/zhengxiaoyang/MDD_SIN_analysis/13_ldsc_seg_official/reference/Multi_tissue_chromatin_1000Gv3_ldscores/Roadmap.60.	Roadmap.60.	chromatin	Angular Gyrus H3K27ac	COMP	4.62168791572848	1.2033143476776	-3.41837356805088	2.29521154266378	-1.48935011196553	0.136395198201246	0.000101626016260163	FALSE	FALSE	FALSE	TRUE	sandwich captured	4.62168791572848	1.2033143476776	FALSE
/public/home/zhengxiaoyang/MDD_SIN_analysis/13_ldsc_seg_official/reference/Multi_tissue_chromatin_1000Gv3_ldscores/Roadmap.60.	/public/home/zhengxiaoyang/MDD_SIN_analysis/13_ldsc_seg_official/reference/Multi_tissue_chromatin_1000Gv3_ldscores/Roadmap.60.	Roadmap.60.	chromatin	Angular Gyrus H3K27ac	INT	4.57622683629032	4.15660132319428	-0.419625513096042	2.70237832428004	-0.155280076562869	0.876600521695268	0.000101626016260163	FALSE	FALSE	FALSE	TRUE	sandwich captured	4.57622683629032	4.15660132319428	FALSE
/public/home/zhengxiaoyang/MDD_SIN_analysis/13_ldsc_seg_official/reference/Multi_tissue_chromatin_1000Gv3_ldscores/Roadmap.60.	/public/home/zhengxiaoyang/MDD_SIN_analysis/13_ldsc_seg_official/reference/Multi_tissue_chromatin_1000Gv3_ldscores/Roadmap.60.	Roadmap.60.	chromatin	Angular Gyrus H3K27ac	SUD	1.97811237778596	-8.54419261232019	-10.5223049901061	50.7469380799233	-0.207348568962607	0.835737645690108	0.000101626016260163	FALSE	FALSE	FALSE	TRUE	sandwich captured	1.97811237778596	-8.54419261232019	FALSE
/public/home/zhengxiaoyang/MDD_SIN_analysis/13_ldsc_seg_official/reference/Multi_tissue_chromatin_1000Gv3_ldscores/Roadmap.61.	/public/home/zhengxiaoyang/MDD_SIN_analysis/13_ldsc_seg_official/reference/Multi_tissue_chromatin_1000Gv3_ldscores/Roadmap.61.	Roadmap.61.	chromatin	Anterior Caudate H3K27ac	COMP	4.79079428788389	3.56803261765854	-1.22276167022535	1.67112221490142	-0.731700924876689	0.464351131790066	0.000101626016260163	FALSE	FALSE	FALSE	TRUE	sandwich captured	4.79079428788389	3.56803261765853	FALSE
/public/home/zhengxiaoyang/MDD_SIN_analysis/13_ldsc_seg_official/reference/Multi_tissue_chromatin_1000Gv3_ldscores/Roadmap.61.	/public/home/zhengxiaoyang/MDD_SIN_analysis/13_ldsc_seg_official/reference/Multi_tissue_chromatin_1000Gv3_ldscores/Roadmap.61.	Roadmap.61.	chromatin	Anterior Caudate H3K27ac	INT	3.32141120062454	2.01748577122482	-1.30392542939973	2.21141818452754	-0.58963313159076	0.555436634388961	0.000101626016260163	FALSE	FALSE	FALSE	TRUE	sandwich captured	3.32141120062454	2.01748577122482	FALSE
/public/home/zhengxiaoyang/MDD_SIN_analysis/13_ldsc_seg_official/reference/Multi_tissue_chromatin_1000Gv3_ldscores/Roadmap.61.	/public/home/zhengxiaoyang/MDD_SIN_analysis/13_ldsc_seg_official/reference/Multi_tissue_chromatin_1000Gv3_ldscores/Roadmap.61.	Roadmap.61.	chromatin	Anterior Caudate H3K27ac	SUD	3.81758399416618	14.3217441441343	10.5041601499681	42.9321809192772	0.244668682676953	0.806712978725314	0.000101626016260163	FALSE	FALSE	FALSE	TRUE	sandwich captured	3.81758399416618	14.3217441441343	FALSE
/public/home/zhengxiaoyang/MDD_SIN_analysis/13_ldsc_seg_official/reference/Multi_tissue_chromatin_1000Gv3_ldscores/Roadmap.62.	/public/home/zhengxiaoyang/MDD_SIN_analysis/13_ldsc_seg_official/reference/Multi_tissue_chromatin_1000Gv3_ldscores/Roadmap.62.	Roadmap.62.	chromatin	Cingulate Gyrus H3K27ac	COMP	5.38088088531798	3.02251534664164	-2.35836553867634	1.85671258566428	-1.27018341820125	0.204019302787416	0.000101626016260163	FALSE	FALSE	FALSE	TRUE	sandwich captured	5.38088088531798	3.02251534664164	FALSE
/public/home/zhengxiaoyang/MDD_SIN_analysis/13_ldsc_seg_official/reference/Multi_tissue_chromatin_1000Gv3_ldscores/Roadmap.62.	/public/home/zhengxiaoyang/MDD_SIN_analysis/13_ldsc_seg_official/reference/Multi_tissue_chromatin_1000Gv3_ldscores/Roadmap.62.	Roadmap.62.	chromatin	Cingulate Gyrus H3K27ac	INT	4.06009765886568	3.04347948837885	-1.01661817048683	2.36795480082145	-0.429323300484519	0.667687962412173	0.000101626016260163	FALSE	FALSE	FALSE	TRUE	sandwich captured	4.06009765886568	3.04347948837886	FALSE
/public/home/zhengxiaoyang/MDD_SIN_analysis/13_ldsc_seg_official/reference/Multi_tissue_chromatin_1000Gv3_ldscores/Roadmap.62.	/public/home/zhengxiaoyang/MDD_SIN_analysis/13_ldsc_seg_official/reference/Multi_tissue_chromatin_1000Gv3_ldscores/Roadmap.62.	Roadmap.62.	chromatin	Cingulate Gyrus H3K27ac	SUD	3.54243652196383	-49.1396045058215	-52.6820410277854	42.241628793193	-1.24715931967744	0.212339085792987	0.000101626016260163	FALSE	FALSE	FALSE	TRUE	sandwich captured	3.54243652196383	-49.1396045058215	FALSE
/public/home/zhengxiaoyang/MDD_SIN_analysis/13_ldsc_seg_official/reference/Multi_tissue_chromatin_1000Gv3_ldscores/Roadmap.63.	/public/home/zhengxiaoyang/MDD_SIN_analysis/13_ldsc_seg_official/reference/Multi_tissue_chromatin_1000Gv3_ldscores/Roadmap.63.	Roadmap.63.	chromatin	Middle Hippocampus H3K27ac	COMP	3.86985647573167	2.06699664767251	-1.80285982805916	1.59331759274767	-1.13151316238851	0.25783916661726	0.000101626016260163	FALSE	TRUE	FALSE	FALSE	sandwich captured	3.86985647573167	2.06699664767251	FALSE
/public/home/zhengxiaoyang/MDD_SIN_analysis/13_ldsc_seg_official/reference/Multi_tissue_chromatin_1000Gv3_ldscores/Roadmap.63.	/public/home/zhengxiaoyang/MDD_SIN_analysis/13_ldsc_seg_official/reference/Multi_tissue_chromatin_1000Gv3_ldscores/Roadmap.63.	Roadmap.63.	chromatin	Middle Hippocampus H3K27ac	INT	2.58934031341853	1.54896338973605	-1.04037692368248	1.97956870854035	-0.525557369741215	0.599195782853583	0.000101626016260163	FALSE	TRUE	FALSE	FALSE	sandwich captured	2.58934031341853	1.54896338973605	FALSE
/public/home/zhengxiaoyang/MDD_SIN_analysis/13_ldsc_seg_official/reference/Multi_tissue_chromatin_1000Gv3_ldscores/Roadmap.63.	/public/home/zhengxiaoyang/MDD_SIN_analysis/13_ldsc_seg_official/reference/Multi_tissue_chromatin_1000Gv3_ldscores/Roadmap.63.	Roadmap.63.	chromatin	Middle Hippocampus H3K27ac	SUD	2.27893447157179	-23.5324104588608	-25.8113449304326	36.0064135429828	-0.71685409321926	0.473464130389755	0.000101626016260163	FALSE	TRUE	FALSE	FALSE	sandwich captured	2.27893447157179	-23.5324104588608	FALSE
/public/home/zhengxiaoyang/MDD_SIN_analysis/13_ldsc_seg_official/reference/Multi_tissue_chromatin_1000Gv3_ldscores/Roadmap.64.	/public/home/zhengxiaoyang/MDD_SIN_analysis/13_ldsc_seg_official/reference/Multi_tissue_chromatin_1000Gv3_ldscores/Roadmap.64.	Roadmap.64.	chromatin	Inferior Temporal Lobe H3K27ac	COMP	4.33336475941769	2.50212487428176	-1.83123988513593	1.65203495898073	-1.10847526269406	0.267656616740157	0.000101626016260163	FALSE	FALSE	FALSE	TRUE	sandwich captured	4.33336475941769	2.50212487428176	FALSE
/public/home/zhengxiaoyang/MDD_SIN_analysis/13_ldsc_seg_official/reference/Multi_tissue_chromatin_1000Gv3_ldscores/Roadmap.64.	/public/home/zhengxiaoyang/MDD_SIN_analysis/13_ldsc_seg_official/reference/Multi_tissue_chromatin_1000Gv3_ldscores/Roadmap.64.	Roadmap.64.	chromatin	Inferior Temporal Lobe H3K27ac	INT	3.37009454149035	4.25312448389632	0.88302994240597	1.96061844965119	0.450383368861529	0.652434034803205	0.000101626016260163	FALSE	FALSE	FALSE	TRUE	sandwich captured	3.37009454149035	4.25312448389632	FALSE
/public/home/zhengxiaoyang/MDD_SIN_analysis/13_ldsc_seg_official/reference/Multi_tissue_chromatin_1000Gv3_ldscores/Roadmap.64.	/public/home/zhengxiaoyang/MDD_SIN_analysis/13_ldsc_seg_official/reference/Multi_tissue_chromatin_1000Gv3_ldscores/Roadmap.64.	Roadmap.64.	chromatin	Inferior Temporal Lobe H3K27ac	SUD	4.56155572184123	-43.0128096305199	-47.5743653523611	40.2287776743588	-1.18259534847076	0.236969556889167	0.000101626016260163	FALSE	FALSE	FALSE	TRUE	sandwich captured	4.56155572184123	-43.0128096305199	FALSE
/public/home/zhengxiaoyang/MDD_SIN_analysis/13_ldsc_seg_official/reference/Multi_tissue_chromatin_1000Gv3_ldscores/Roadmap.65.	/public/home/zhengxiaoyang/MDD_SIN_analysis/13_ldsc_seg_official/reference/Multi_tissue_chromatin_1000Gv3_ldscores/Roadmap.65.	Roadmap.65.	chromatin	dLPFC H3K27ac	COMP	5.90102915725689	2.59918775738113	-3.30184139987576	2.19740037331478	-1.50261255981082	0.132938982671835	0.000101626016260163	FALSE	TRUE	FALSE	FALSE	sandwich captured	5.90102915725689	2.59918775738113	FALSE
/public/home/zhengxiaoyang/MDD_SIN_analysis/13_ldsc_seg_official/reference/Multi_tissue_chromatin_1000Gv3_ldscores/Roadmap.65.	/public/home/zhengxiaoyang/MDD_SIN_analysis/13_ldsc_seg_official/reference/Multi_tissue_chromatin_1000Gv3_ldscores/Roadmap.65.	Roadmap.65.	chromatin	dLPFC H3K27ac	INT	5.12135829018745	3.84220490004275	-1.27915339014469	2.64747665823713	-0.483159459089033	0.628982518463077	0.000101626016260163	FALSE	TRUE	FALSE	FALSE	sandwich captured	5.12135829018745	3.84220490004275	FALSE
/public/home/zhengxiaoyang/MDD_SIN_analysis/13_ldsc_seg_official/reference/Multi_tissue_chromatin_1000Gv3_ldscores/Roadmap.65.	/public/home/zhengxiaoyang/MDD_SIN_analysis/13_ldsc_seg_official/reference/Multi_tissue_chromatin_1000Gv3_ldscores/Roadmap.65.	Roadmap.65.	chromatin	dLPFC H3K27ac	SUD	4.34843992929844	-7.08868729134492	-11.4371272206434	46.260713349008	-0.247231968395244	0.804728705868446	0.000101626016260163	FALSE	TRUE	FALSE	FALSE	sandwich captured	4.34843992929844	-7.08868729134491	FALSE
/public/home/zhengxiaoyang/MDD_SIN_analysis/13_ldsc_seg_official/reference/Multi_tissue_chromatin_1000Gv3_ldscores/Roadmap.66.	/public/home/zhengxiaoyang/MDD_SIN_analysis/13_ldsc_seg_official/reference/Multi_tissue_chromatin_1000Gv3_ldscores/Roadmap.66.	Roadmap.66.	chromatin	Substantia Nigra H3K27ac	COMP	4.75667609336585	4.30220919164017	-0.454466901725686	1.69816888708138	-0.267621733729189	0.788990499911728	0.000101626016260163	FALSE	FALSE	FALSE	TRUE	sandwich captured	4.75667609336585	4.30220919164016	FALSE
/public/home/zhengxiaoyang/MDD_SIN_analysis/13_ldsc_seg_official/reference/Multi_tissue_chromatin_1000Gv3_ldscores/Roadmap.66.	/public/home/zhengxiaoyang/MDD_SIN_analysis/13_ldsc_seg_official/reference/Multi_tissue_chromatin_1000Gv3_ldscores/Roadmap.66.	Roadmap.66.	chromatin	Substantia Nigra H3K27ac	INT	3.10259709969785	-0.0891874690026925	-3.19178456870055	1.80516566380809	-1.76813941938565	0.0770375988453866	0.000101626016260163	FALSE	FALSE	FALSE	TRUE	sandwich captured	3.10259709969785	-0.0891874690026925	FALSE
/public/home/zhengxiaoyang/MDD_SIN_analysis/13_ldsc_seg_official/reference/Multi_tissue_chromatin_1000Gv3_ldscores/Roadmap.66.	/public/home/zhengxiaoyang/MDD_SIN_analysis/13_ldsc_seg_official/reference/Multi_tissue_chromatin_1000Gv3_ldscores/Roadmap.66.	Roadmap.66.	chromatin	Substantia Nigra H3K27ac	SUD	3.16132381605718	-32.7162358654581	-35.8775596815153	37.114444274103	-0.966673767672421	0.333707144778477	0.000101626016260163	FALSE	FALSE	FALSE	TRUE	sandwich captured	3.16132381605718	-32.7162358654581	FALSE
/public/home/zhengxiaoyang/MDD_SIN_analysis/13_ldsc_seg_official/reference/Multi_tissue_chromatin_1000Gv3_ldscores/Roadmap.71.	/public/home/zhengxiaoyang/MDD_SIN_analysis/13_ldsc_seg_official/reference/Multi_tissue_chromatin_1000Gv3_ldscores/Roadmap.71.	Roadmap.71.	chromatin	Fetal Adrenal Gland H3K27ac	COMP	3.46833071847539	3.84425068821589	0.375919969740496	1.47933882728908	0.25411350179281	0.799407872747352	0.000101626016260163	FALSE	FALSE	FALSE	TRUE	sandwich captured	3.46833071847539	3.84425068821589	FALSE
/public/home/zhengxiaoyang/MDD_SIN_analysis/13_ldsc_seg_official/reference/Multi_tissue_chromatin_1000Gv3_ldscores/Roadmap.71.	/public/home/zhengxiaoyang/MDD_SIN_analysis/13_ldsc_seg_official/reference/Multi_tissue_chromatin_1000Gv3_ldscores/Roadmap.71.	Roadmap.71.	chromatin	Fetal Adrenal Gland H3K27ac	INT	2.79748321116108	2.91608233117189	0.118599120010811	1.86095942204009	0.0637300945986213	0.949185141423279	0.000101626016260163	FALSE	FALSE	FALSE	TRUE	sandwich captured	2.79748321116108	2.91608233117189	FALSE
/public/home/zhengxiaoyang/MDD_SIN_analysis/13_ldsc_seg_official/reference/Multi_tissue_chromatin_1000Gv3_ldscores/Roadmap.71.	/public/home/zhengxiaoyang/MDD_SIN_analysis/13_ldsc_seg_official/reference/Multi_tissue_chromatin_1000Gv3_ldscores/Roadmap.71.	Roadmap.71.	chromatin	Fetal Adrenal Gland H3K27ac	SUD	2.48732991176469	-35.7644170461271	-38.2517469578918	36.1706409946638	-1.05753577780209	0.290267135063601	0.000101626016260163	FALSE	FALSE	FALSE	TRUE	sandwich captured	2.48732991176469	-35.7644170461271	FALSE
/public/home/zhengxiaoyang/MDD_SIN_analysis/13_ldsc_seg_official/reference/Multi_tissue_chromatin_1000Gv3_ldscores/Roadmap.83.	/public/home/zhengxiaoyang/MDD_SIN_analysis/13_ldsc_seg_official/reference/Multi_tissue_chromatin_1000Gv3_ldscores/Roadmap.83.	Roadmap.83.	chromatin	Ovary H3K27ac	COMP	3.61233546643885	2.13235060617026	-1.47998486026859	2.65725107140523	-0.556960866887874	0.577554166608417	0.000101626016260163	FALSE	TRUE	FALSE	FALSE	sandwich captured	3.61233546643885	2.13235060617026	FALSE
/public/home/zhengxiaoyang/MDD_SIN_analysis/13_ldsc_seg_official/reference/Multi_tissue_chromatin_1000Gv3_ldscores/Roadmap.83.	/public/home/zhengxiaoyang/MDD_SIN_analysis/13_ldsc_seg_official/reference/Multi_tissue_chromatin_1000Gv3_ldscores/Roadmap.83.	Roadmap.83.	chromatin	Ovary H3K27ac	INT	0.20884947621348	1.47431121874089	1.26546174252741	3.05699139954697	0.413956592326344	0.678905896963293	0.000101626016260163	FALSE	TRUE	FALSE	FALSE	sandwich captured	0.20884947621348	1.47431121874089	FALSE
/public/home/zhengxiaoyang/MDD_SIN_analysis/13_ldsc_seg_official/reference/Multi_tissue_chromatin_1000Gv3_ldscores/Roadmap.83.	/public/home/zhengxiaoyang/MDD_SIN_analysis/13_ldsc_seg_official/reference/Multi_tissue_chromatin_1000Gv3_ldscores/Roadmap.83.	Roadmap.83.	chromatin	Ovary H3K27ac	SUD	0.887173580937064	-55.770335991929	-56.6575095728661	61.8259047017588	-0.916404051767225	0.359455010986062	0.000101626016260163	FALSE	TRUE	FALSE	FALSE	sandwich captured	0.887173580937064	-55.770335991929	FALSE
/public/home/zhengxiaoyang/MDD_SIN_analysis/13_ldsc_seg_official/reference/Multi_tissue_chromatin_1000Gv3_ldscores/Roadmap.98.	/public/home/zhengxiaoyang/MDD_SIN_analysis/13_ldsc_seg_official/reference/Multi_tissue_chromatin_1000Gv3_ldscores/Roadmap.98.	Roadmap.98.	chromatin	Mammry Epithelial Cells H3K27ac	COMP	3.46762570282483	0.838014915756495	-2.62961078706834	1.8505470195287	-1.42099106875871	0.155319355907089	0.000101626016260163	FALSE	TRUE	FALSE	FALSE	sandwich captured	3.46762570282483	0.838014915756495	FALSE
/public/home/zhengxiaoyang/MDD_SIN_analysis/13_ldsc_seg_official/reference/Multi_tissue_chromatin_1000Gv3_ldscores/Roadmap.98.	/public/home/zhengxiaoyang/MDD_SIN_analysis/13_ldsc_seg_official/reference/Multi_tissue_chromatin_1000Gv3_ldscores/Roadmap.98.	Roadmap.98.	chromatin	Mammry Epithelial Cells H3K27ac	INT	2.32357374065078	0.22215200432282	-2.10142173632796	2.27207812096341	-0.924889737258203	0.35502326549772	0.000101626016260163	FALSE	TRUE	FALSE	FALSE	sandwich captured	2.32357374065078	0.22215200432282	FALSE
/public/home/zhengxiaoyang/MDD_SIN_analysis/13_ldsc_seg_official/reference/Multi_tissue_chromatin_1000Gv3_ldscores/Roadmap.98.	/public/home/zhengxiaoyang/MDD_SIN_analysis/13_ldsc_seg_official/reference/Multi_tissue_chromatin_1000Gv3_ldscores/Roadmap.98.	Roadmap.98.	chromatin	Mammry Epithelial Cells H3K27ac	SUD	1.72421155801425	-52.3155011375316	-54.0397126955459	46.63919934616	-1.15867582319453	0.246588349241544	0.000101626016260163	FALSE	TRUE	FALSE	FALSE	sandwich captured	1.72421155801425	-52.3155011375317	FALSE
/public/home/zhengxiaoyang/MDD_SIN_analysis/13_ldsc_seg_official/reference/Multi_tissue_gene_expr_1000Gv3_ldscores/Franke.13.	/public/home/zhengxiaoyang/MDD_SIN_analysis/13_ldsc_seg_official/reference/Multi_tissue_gene_expr_1000Gv3_ldscores/Franke.13.	Franke.13.	expression	Brain Stem	COMP	1.77957049621811	1.77343943662423	-0.00613105959387994	0.576513774036685	-0.0106347148498308	0.991514885153479	0.000101626016260163	FALSE	FALSE	FALSE	TRUE	sandwich captured	1.77957049621811	1.77343943662423	FALSE
/public/home/zhengxiaoyang/MDD_SIN_analysis/13_ldsc_seg_official/reference/Multi_tissue_gene_expr_1000Gv3_ldscores/Franke.13.	/public/home/zhengxiaoyang/MDD_SIN_analysis/13_ldsc_seg_official/reference/Multi_tissue_gene_expr_1000Gv3_ldscores/Franke.13.	Franke.13.	expression	Brain Stem	INT	1.67654270330309	1.89694308201537	0.220400378712273	0.760679710393702	0.289741366439498	0.772014107231136	0.000101626016260163	FALSE	FALSE	FALSE	TRUE	sandwich captured	1.67654270330309	1.89694308201537	FALSE
/public/home/zhengxiaoyang/MDD_SIN_analysis/13_ldsc_seg_official/reference/Multi_tissue_gene_expr_1000Gv3_ldscores/Franke.13.	/public/home/zhengxiaoyang/MDD_SIN_analysis/13_ldsc_seg_official/reference/Multi_tissue_gene_expr_1000Gv3_ldscores/Franke.13.	Franke.13.	expression	Brain Stem	SUD	1.56482558414464	-0.816885512304427	-2.38171109644907	12.6041956038537	-0.188961768866937	0.850122780948339	0.000101626016260163	FALSE	FALSE	FALSE	TRUE	sandwich captured	1.56482558414464	-0.816885512304427	FALSE
/public/home/zhengxiaoyang/MDD_SIN_analysis/13_ldsc_seg_official/reference/Multi_tissue_gene_expr_1000Gv3_ldscores/Franke.14.	/public/home/zhengxiaoyang/MDD_SIN_analysis/13_ldsc_seg_official/reference/Multi_tissue_gene_expr_1000Gv3_ldscores/Franke.14.	Franke.14.	expression	Whole Brain	COMP	1.81538505137113	1.53190698325725	-0.283478068113877	0.596696134604202	-0.475079444417572	0.6347303491703	0.000101626016260163	FALSE	FALSE	FALSE	TRUE	sandwich captured	1.81538505137113	1.53190698325725	FALSE
/public/home/zhengxiaoyang/MDD_SIN_analysis/13_ldsc_seg_official/reference/Multi_tissue_gene_expr_1000Gv3_ldscores/Franke.14.	/public/home/zhengxiaoyang/MDD_SIN_analysis/13_ldsc_seg_official/reference/Multi_tissue_gene_expr_1000Gv3_ldscores/Franke.14.	Franke.14.	expression	Whole Brain	INT	1.75059683589269	1.98677780005758	0.236180964164885	0.784186875061701	0.301179440355083	0.763277666613104	0.000101626016260163	FALSE	FALSE	FALSE	TRUE	sandwich captured	1.75059683589269	1.98677780005758	FALSE
/public/home/zhengxiaoyang/MDD_SIN_analysis/13_ldsc_seg_official/reference/Multi_tissue_gene_expr_1000Gv3_ldscores/Franke.14.	/public/home/zhengxiaoyang/MDD_SIN_analysis/13_ldsc_seg_official/reference/Multi_tissue_gene_expr_1000Gv3_ldscores/Franke.14.	Franke.14.	expression	Whole Brain	SUD	1.65265069358041	-4.30682978216289	-5.9594804757433	12.9657453539591	-0.459632694692987	0.64577988738584	0.000101626016260163	FALSE	FALSE	FALSE	TRUE	sandwich captured	1.65265069358041	-4.30682978216289	FALSE
/public/home/zhengxiaoyang/MDD_SIN_analysis/13_ldsc_seg_official/reference/Multi_tissue_gene_expr_1000Gv3_ldscores/Franke.147.	/public/home/zhengxiaoyang/MDD_SIN_analysis/13_ldsc_seg_official/reference/Multi_tissue_gene_expr_1000Gv3_ldscores/Franke.147.	Franke.147.	expression	Embryoid Bodies	COMP	1.29847228933966	1.45126836208071	0.152796072741044	0.514700652851594	0.296863957514933	0.766570374094065	0.000101626016260163	FALSE	FALSE	FALSE	TRUE	sandwich captured	1.29847228933966	1.45126836208071	FALSE
/public/home/zhengxiaoyang/MDD_SIN_analysis/13_ldsc_seg_official/reference/Multi_tissue_gene_expr_1000Gv3_ldscores/Franke.147.	/public/home/zhengxiaoyang/MDD_SIN_analysis/13_ldsc_seg_official/reference/Multi_tissue_gene_expr_1000Gv3_ldscores/Franke.147.	Franke.147.	expression	Embryoid Bodies	INT	1.26184285757911	1.22601957306246	-0.0358232845166417	0.67480902523351	-0.0530865521608065	0.957662946165286	0.000101626016260163	FALSE	FALSE	FALSE	TRUE	sandwich captured	1.26184285757911	1.22601957306246	FALSE
/public/home/zhengxiaoyang/MDD_SIN_analysis/13_ldsc_seg_official/reference/Multi_tissue_gene_expr_1000Gv3_ldscores/Franke.147.	/public/home/zhengxiaoyang/MDD_SIN_analysis/13_ldsc_seg_official/reference/Multi_tissue_gene_expr_1000Gv3_ldscores/Franke.147.	Franke.147.	expression	Embryoid Bodies	SUD	1.34098924691802	-2.27447482362804	-3.61546407054606	11.0434573875675	-0.327385160612498	0.74337658873586	0.000101626016260163	FALSE	FALSE	FALSE	TRUE	sandwich captured	1.34098924691802	-2.27447482362804	FALSE
/public/home/zhengxiaoyang/MDD_SIN_analysis/13_ldsc_seg_official/reference/Multi_tissue_gene_expr_1000Gv3_ldscores/Franke.152.	/public/home/zhengxiaoyang/MDD_SIN_analysis/13_ldsc_seg_official/reference/Multi_tissue_gene_expr_1000Gv3_ldscores/Franke.152.	Franke.152.	expression	Endocrine Cells	COMP	1.27568222041556	1.60388420820629	0.328201987790731	0.503105267295384	0.652352517704883	0.514173787866352	0.000101626016260163	FALSE	FALSE	FALSE	TRUE	sandwich captured	1.27568222041556	1.60388420820629	FALSE
/public/home/zhengxiaoyang/MDD_SIN_analysis/13_ldsc_seg_official/reference/Multi_tissue_gene_expr_1000Gv3_ldscores/Franke.152.	/public/home/zhengxiaoyang/MDD_SIN_analysis/13_ldsc_seg_official/reference/Multi_tissue_gene_expr_1000Gv3_ldscores/Franke.152.	Franke.152.	expression	Endocrine Cells	INT	1.15516485729835	1.40974431246336	0.254579455165004	0.655873274232005	0.388153421044795	0.697902500670708	0.000101626016260163	FALSE	FALSE	FALSE	TRUE	sandwich captured	1.15516485729835	1.40974431246336	FALSE
/public/home/zhengxiaoyang/MDD_SIN_analysis/13_ldsc_seg_official/reference/Multi_tissue_gene_expr_1000Gv3_ldscores/Franke.152.	/public/home/zhengxiaoyang/MDD_SIN_analysis/13_ldsc_seg_official/reference/Multi_tissue_gene_expr_1000Gv3_ldscores/Franke.152.	Franke.152.	expression	Endocrine Cells	SUD	1.11978278595508	-1.52935720291583	-2.64913998887092	10.8740790229652	-0.243619710991262	0.807525361012284	0.000101626016260163	FALSE	FALSE	FALSE	TRUE	sandwich captured	1.11978278595508	-1.52935720291583	FALSE
/public/home/zhengxiaoyang/MDD_SIN_analysis/13_ldsc_seg_official/reference/Multi_tissue_gene_expr_1000Gv3_ldscores/Franke.30.	/public/home/zhengxiaoyang/MDD_SIN_analysis/13_ldsc_seg_official/reference/Multi_tissue_gene_expr_1000Gv3_ldscores/Franke.30.	Franke.30.	expression	Epithelial Cells	COMP	1.31170317086055	1.54420808747085	0.232504916610302	0.575378127537851	0.404090641410429	0.686146066612396	0.000101626016260163	FALSE	FALSE	FALSE	TRUE	sandwich captured	1.31170317086055	1.54420808747085	FALSE
/public/home/zhengxiaoyang/MDD_SIN_analysis/13_ldsc_seg_official/reference/Multi_tissue_gene_expr_1000Gv3_ldscores/Franke.30.	/public/home/zhengxiaoyang/MDD_SIN_analysis/13_ldsc_seg_official/reference/Multi_tissue_gene_expr_1000Gv3_ldscores/Franke.30.	Franke.30.	expression	Epithelial Cells	INT	1.27743421247471	1.80916971761699	0.53173550514228	0.696937928205888	0.762959631872978	0.445487471007819	0.000101626016260163	FALSE	FALSE	FALSE	TRUE	sandwich captured	1.27743421247471	1.80916971761699	FALSE
/public/home/zhengxiaoyang/MDD_SIN_analysis/13_ldsc_seg_official/reference/Multi_tissue_gene_expr_1000Gv3_ldscores/Franke.30.	/public/home/zhengxiaoyang/MDD_SIN_analysis/13_ldsc_seg_official/reference/Multi_tissue_gene_expr_1000Gv3_ldscores/Franke.30.	Franke.30.	expression	Epithelial Cells	SUD	1.21095673514499	0.719927640485777	-0.491029094659211	12.3646922045064	-0.0397121971609009	0.968322577420484	0.000101626016260163	FALSE	FALSE	FALSE	TRUE	sandwich captured	1.21095673514499	0.719927640485777	FALSE
/public/home/zhengxiaoyang/MDD_SIN_analysis/13_ldsc_seg_official/reference/Multi_tissue_gene_expr_1000Gv3_ldscores/Franke.31.	/public/home/zhengxiaoyang/MDD_SIN_analysis/13_ldsc_seg_official/reference/Multi_tissue_gene_expr_1000Gv3_ldscores/Franke.31.	Franke.31.	expression	Epidermis	COMP	1.32539873833289	1.7715097162721	0.446110977939208	0.535142598324538	0.833630100343204	0.404489458329548	0.000101626016260163	FALSE	FALSE	FALSE	TRUE	sandwich captured	1.32539873833289	1.7715097162721	FALSE
/public/home/zhengxiaoyang/MDD_SIN_analysis/13_ldsc_seg_official/reference/Multi_tissue_gene_expr_1000Gv3_ldscores/Franke.31.	/public/home/zhengxiaoyang/MDD_SIN_analysis/13_ldsc_seg_official/reference/Multi_tissue_gene_expr_1000Gv3_ldscores/Franke.31.	Franke.31.	expression	Epidermis	INT	1.20862476647712	1.30290904456056	0.0942842780834379	0.694097123384958	0.135837298422495	0.891949904449806	0.000101626016260163	FALSE	FALSE	FALSE	TRUE	sandwich captured	1.20862476647712	1.30290904456056	FALSE
/public/home/zhengxiaoyang/MDD_SIN_analysis/13_ldsc_seg_official/reference/Multi_tissue_gene_expr_1000Gv3_ldscores/Franke.31.	/public/home/zhengxiaoyang/MDD_SIN_analysis/13_ldsc_seg_official/reference/Multi_tissue_gene_expr_1000Gv3_ldscores/Franke.31.	Franke.31.	expression	Epidermis	SUD	1.29229140641159	-0.0632474117072363	-1.35553881811882	11.3221250228725	-0.119724770339527	0.904701177600977	0.000101626016260163	FALSE	FALSE	FALSE	TRUE	sandwich captured	1.29229140641159	-0.0632474117072363	FALSE
/public/home/zhengxiaoyang/MDD_SIN_analysis/13_ldsc_seg_official/reference/Multi_tissue_gene_expr_1000Gv3_ldscores/Franke.39.	/public/home/zhengxiaoyang/MDD_SIN_analysis/13_ldsc_seg_official/reference/Multi_tissue_gene_expr_1000Gv3_ldscores/Franke.39.	Franke.39.	expression	Fibroblasts	COMP	1.37809566583666	1.51382718784285	0.135731522006191	0.511126663167618	0.265553593242463	0.790583029803452	0.000101626016260163	FALSE	FALSE	FALSE	TRUE	sandwich captured	1.37809566583666	1.51382718784285	FALSE
/public/home/zhengxiaoyang/MDD_SIN_analysis/13_ldsc_seg_official/reference/Multi_tissue_gene_expr_1000Gv3_ldscores/Franke.39.	/public/home/zhengxiaoyang/MDD_SIN_analysis/13_ldsc_seg_official/reference/Multi_tissue_gene_expr_1000Gv3_ldscores/Franke.39.	Franke.39.	expression	Fibroblasts	INT	1.24628670722321	1.50464511179952	0.258358404576307	0.661475998744557	0.390578652992181	0.69610870716862	0.000101626016260163	FALSE	FALSE	FALSE	TRUE	sandwich captured	1.24628670722321	1.50464511179952	FALSE
/public/home/zhengxiaoyang/MDD_SIN_analysis/13_ldsc_seg_official/reference/Multi_tissue_gene_expr_1000Gv3_ldscores/Franke.39.	/public/home/zhengxiaoyang/MDD_SIN_analysis/13_ldsc_seg_official/reference/Multi_tissue_gene_expr_1000Gv3_ldscores/Franke.39.	Franke.39.	expression	Fibroblasts	SUD	1.27348087368583	5.14307583661735	3.86959496293152	11.3612022671358	0.340597312849976	0.733406752657337	0.000101626016260163	FALSE	FALSE	FALSE	TRUE	sandwich captured	1.27348087368583	5.14307583661735	FALSE
/public/home/zhengxiaoyang/MDD_SIN_analysis/13_ldsc_seg_official/reference/Multi_tissue_gene_expr_1000Gv3_ldscores/GTEx.1.	/public/home/zhengxiaoyang/MDD_SIN_analysis/13_ldsc_seg_official/reference/Multi_tissue_gene_expr_1000Gv3_ldscores/GTEx.1.	GTEx.1.	expression	Adipose Subcutaneous	COMP	1.22089497808579	1.426896312104	0.206001334018216	0.491119781906808	0.419452324274948	0.674885590693375	0.000101626016260163	FALSE	FALSE	FALSE	TRUE	sandwich captured	1.22089497808579	1.426896312104	FALSE
/public/home/zhengxiaoyang/MDD_SIN_analysis/13_ldsc_seg_official/reference/Multi_tissue_gene_expr_1000Gv3_ldscores/GTEx.1.	/public/home/zhengxiaoyang/MDD_SIN_analysis/13_ldsc_seg_official/reference/Multi_tissue_gene_expr_1000Gv3_ldscores/GTEx.1.	GTEx.1.	expression	Adipose Subcutaneous	INT	1.25207923418022	1.24433326735095	-0.00774596682927231	0.641203832801057	-0.012080350167956	0.990361509544425	0.000101626016260163	FALSE	FALSE	FALSE	TRUE	sandwich captured	1.25207923418022	1.24433326735095	FALSE
/public/home/zhengxiaoyang/MDD_SIN_analysis/13_ldsc_seg_official/reference/Multi_tissue_gene_expr_1000Gv3_ldscores/GTEx.1.	/public/home/zhengxiaoyang/MDD_SIN_analysis/13_ldsc_seg_official/reference/Multi_tissue_gene_expr_1000Gv3_ldscores/GTEx.1.	GTEx.1.	expression	Adipose Subcutaneous	SUD	1.26588845316416	2.49536321880885	1.22947476564469	10.5817192689056	0.116188563918673	0.90750310003711	0.000101626016260163	FALSE	FALSE	FALSE	TRUE	sandwich captured	1.26588845316416	2.49536321880885	FALSE
/public/home/zhengxiaoyang/MDD_SIN_analysis/13_ldsc_seg_official/reference/Multi_tissue_gene_expr_1000Gv3_ldscores/GTEx.10.	/public/home/zhengxiaoyang/MDD_SIN_analysis/13_ldsc_seg_official/reference/Multi_tissue_gene_expr_1000Gv3_ldscores/GTEx.10.	GTEx.10.	expression	Caudate	COMP	1.58023734557681	1.48889382192022	-0.091343523656584	0.53194819538068	-0.171715073854543	0.863661534619396	0.000101626016260163	FALSE	FALSE	FALSE	TRUE	sandwich captured	1.58023734557681	1.48889382192022	FALSE
/public/home/zhengxiaoyang/MDD_SIN_analysis/13_ldsc_seg_official/reference/Multi_tissue_gene_expr_1000Gv3_ldscores/GTEx.10.	/public/home/zhengxiaoyang/MDD_SIN_analysis/13_ldsc_seg_official/reference/Multi_tissue_gene_expr_1000Gv3_ldscores/GTEx.10.	GTEx.10.	expression	Caudate	INT	1.55402223236047	1.83624839531822	0.282226162957742	0.699038475758682	0.403734805371672	0.686407742314369	0.000101626016260163	FALSE	FALSE	FALSE	TRUE	sandwich captured	1.55402223236047	1.83624839531822	FALSE
/public/home/zhengxiaoyang/MDD_SIN_analysis/13_ldsc_seg_official/reference/Multi_tissue_gene_expr_1000Gv3_ldscores/GTEx.10.	/public/home/zhengxiaoyang/MDD_SIN_analysis/13_ldsc_seg_official/reference/Multi_tissue_gene_expr_1000Gv3_ldscores/GTEx.10.	GTEx.10.	expression	Caudate	SUD	1.42357784032337	-2.19252432378967	-3.61610216411304	11.3517004875203	-0.318551583358675	0.750066572907041	0.000101626016260163	FALSE	FALSE	FALSE	TRUE	sandwich captured	1.42357784032337	-2.19252432378967	FALSE
/public/home/zhengxiaoyang/MDD_SIN_analysis/13_ldsc_seg_official/reference/Multi_tissue_gene_expr_1000Gv3_ldscores/GTEx.11.	/public/home/zhengxiaoyang/MDD_SIN_analysis/13_ldsc_seg_official/reference/Multi_tissue_gene_expr_1000Gv3_ldscores/GTEx.11.	GTEx.11.	expression	Cerebellar Hemispher	COMP	1.70265713354458	1.75614619032489	0.0534890567803039	0.570518134531067	0.093755226245821	0.925303599234242	0.000101626016260163	FALSE	FALSE	FALSE	TRUE	sandwich captured	1.70265713354458	1.75614619032489	FALSE
/public/home/zhengxiaoyang/MDD_SIN_analysis/13_ldsc_seg_official/reference/Multi_tissue_gene_expr_1000Gv3_ldscores/GTEx.11.	/public/home/zhengxiaoyang/MDD_SIN_analysis/13_ldsc_seg_official/reference/Multi_tissue_gene_expr_1000Gv3_ldscores/GTEx.11.	GTEx.11.	expression	Cerebellar Hemispher	INT	1.588651183931	1.80970982562089	0.221058641689893	0.722611889575494	0.305916142370362	0.759668494970978	0.000101626016260163	FALSE	FALSE	FALSE	TRUE	sandwich captured	1.588651183931	1.80970982562089	FALSE
/public/home/zhengxiaoyang/MDD_SIN_analysis/13_ldsc_seg_official/reference/Multi_tissue_gene_expr_1000Gv3_ldscores/GTEx.11.	/public/home/zhengxiaoyang/MDD_SIN_analysis/13_ldsc_seg_official/reference/Multi_tissue_gene_expr_1000Gv3_ldscores/GTEx.11.	GTEx.11.	expression	Cerebellar Hemispher	SUD	1.47254173107322	-4.07654940286497	-5.54909113393819	12.5130367364529	-0.443464784033808	0.657429585872888	0.000101626016260163	FALSE	FALSE	FALSE	TRUE	sandwich captured	1.47254173107322	-4.07654940286497	FALSE
/public/home/zhengxiaoyang/MDD_SIN_analysis/13_ldsc_seg_official/reference/Multi_tissue_gene_expr_1000Gv3_ldscores/GTEx.12.	/public/home/zhengxiaoyang/MDD_SIN_analysis/13_ldsc_seg_official/reference/Multi_tissue_gene_expr_1000Gv3_ldscores/GTEx.12.	GTEx.12.	expression	Cerebellum	COMP	1.6576075225657	1.63690876485189	-0.0206987577138122	0.572137911136444	-0.0361779167416088	0.971140494347687	0.000101626016260163	FALSE	FALSE	FALSE	TRUE	sandwich captured	1.6576075225657	1.63690876485189	FALSE
/public/home/zhengxiaoyang/MDD_SIN_analysis/13_ldsc_seg_official/reference/Multi_tissue_gene_expr_1000Gv3_ldscores/GTEx.12.	/public/home/zhengxiaoyang/MDD_SIN_analysis/13_ldsc_seg_official/reference/Multi_tissue_gene_expr_1000Gv3_ldscores/GTEx.12.	GTEx.12.	expression	Cerebellum	INT	1.60782186306768	1.86707178340408	0.259249920336398	0.731361180632876	0.354475910400465	0.722982254253227	0.000101626016260163	FALSE	FALSE	FALSE	TRUE	sandwich captured	1.60782186306768	1.86707178340408	FALSE
/public/home/zhengxiaoyang/MDD_SIN_analysis/13_ldsc_seg_official/reference/Multi_tissue_gene_expr_1000Gv3_ldscores/GTEx.12.	/public/home/zhengxiaoyang/MDD_SIN_analysis/13_ldsc_seg_official/reference/Multi_tissue_gene_expr_1000Gv3_ldscores/GTEx.12.	GTEx.12.	expression	Cerebellum	SUD	1.44113538954763	-2.66243742084476	-4.10357281039239	12.2783656148047	-0.334211648286845	0.73821985481758	0.000101626016260163	FALSE	FALSE	FALSE	TRUE	sandwich captured	1.44113538954763	-2.66243742084476	FALSE
/public/home/zhengxiaoyang/MDD_SIN_analysis/13_ldsc_seg_official/reference/Multi_tissue_gene_expr_1000Gv3_ldscores/GTEx.13.	/public/home/zhengxiaoyang/MDD_SIN_analysis/13_ldsc_seg_official/reference/Multi_tissue_gene_expr_1000Gv3_ldscores/GTEx.13.	GTEx.13.	expression	Cortex	COMP	1.68373957880684	1.61500553998956	-0.0687340388172761	0.557111829683004	-0.123375658449733	0.901809631538661	0.000101626016260163	FALSE	FALSE	FALSE	TRUE	sandwich captured	1.68373957880684	1.61500553998956	FALSE
/public/home/zhengxiaoyang/MDD_SIN_analysis/13_ldsc_seg_official/reference/Multi_tissue_gene_expr_1000Gv3_ldscores/GTEx.13.	/public/home/zhengxiaoyang/MDD_SIN_analysis/13_ldsc_seg_official/reference/Multi_tissue_gene_expr_1000Gv3_ldscores/GTEx.13.	GTEx.13.	expression	Cortex	INT	1.60333398625998	1.81253984646983	0.209205860209849	0.722892507551521	0.289401063124089	0.772274481534167	0.000101626016260163	FALSE	FALSE	FALSE	TRUE	sandwich captured	1.60333398625998	1.81253984646983	FALSE
/public/home/zhengxiaoyang/MDD_SIN_analysis/13_ldsc_seg_official/reference/Multi_tissue_gene_expr_1000Gv3_ldscores/GTEx.13.	/public/home/zhengxiaoyang/MDD_SIN_analysis/13_ldsc_seg_official/reference/Multi_tissue_gene_expr_1000Gv3_ldscores/GTEx.13.	GTEx.13.	expression	Cortex	SUD	1.48953636180309	-6.48780856969436	-7.97734493149745	11.9386813586232	-0.668193135562284	0.504010316647702	0.000101626016260163	FALSE	FALSE	FALSE	TRUE	sandwich captured	1.48953636180309	-6.48780856969436	FALSE
/public/home/zhengxiaoyang/MDD_SIN_analysis/13_ldsc_seg_official/reference/Multi_tissue_gene_expr_1000Gv3_ldscores/GTEx.14.	/public/home/zhengxiaoyang/MDD_SIN_analysis/13_ldsc_seg_official/reference/Multi_tissue_gene_expr_1000Gv3_ldscores/GTEx.14.	GTEx.14.	expression	Frontal Cortex	COMP	1.70503067782651	1.68547731147817	-0.0195533663483451	0.550411167341414	-0.0355250174933613	0.971661097887776	0.000101626016260163	FALSE	FALSE	FALSE	TRUE	sandwich captured	1.70503067782651	1.68547731147817	FALSE
/public/home/zhengxiaoyang/MDD_SIN_analysis/13_ldsc_seg_official/reference/Multi_tissue_gene_expr_1000Gv3_ldscores/GTEx.14.	/public/home/zhengxiaoyang/MDD_SIN_analysis/13_ldsc_seg_official/reference/Multi_tissue_gene_expr_1000Gv3_ldscores/GTEx.14.	GTEx.14.	expression	Frontal Cortex	INT	1.57036092575804	1.77770409332676	0.207343167568721	0.705594373874808	0.29385603860485	0.768867911799624	0.000101626016260163	FALSE	FALSE	FALSE	TRUE	sandwich captured	1.57036092575804	1.77770409332676	FALSE
/public/home/zhengxiaoyang/MDD_SIN_analysis/13_ldsc_seg_official/reference/Multi_tissue_gene_expr_1000Gv3_ldscores/GTEx.14.	/public/home/zhengxiaoyang/MDD_SIN_analysis/13_ldsc_seg_official/reference/Multi_tissue_gene_expr_1000Gv3_ldscores/GTEx.14.	GTEx.14.	expression	Frontal Cortex	SUD	1.44917761285969	-6.10919420702853	-7.55837181988822	11.839992802597	-0.638376386363204	0.523228698579422	0.000101626016260163	FALSE	FALSE	FALSE	TRUE	sandwich captured	1.44917761285969	-6.10919420702853	FALSE
/public/home/zhengxiaoyang/MDD_SIN_analysis/13_ldsc_seg_official/reference/Multi_tissue_gene_expr_1000Gv3_ldscores/GTEx.15.	/public/home/zhengxiaoyang/MDD_SIN_analysis/13_ldsc_seg_official/reference/Multi_tissue_gene_expr_1000Gv3_ldscores/GTEx.15.	GTEx.15.	expression	Hippocampus	COMP	1.62398078399844	1.67790961251336	0.0539288285149242	0.544792951279576	0.0989895856549896	0.921146538933681	0.000101626016260163	FALSE	FALSE	FALSE	TRUE	sandwich captured	1.62398078399844	1.67790961251336	FALSE
/public/home/zhengxiaoyang/MDD_SIN_analysis/13_ldsc_seg_official/reference/Multi_tissue_gene_expr_1000Gv3_ldscores/GTEx.15.	/public/home/zhengxiaoyang/MDD_SIN_analysis/13_ldsc_seg_official/reference/Multi_tissue_gene_expr_1000Gv3_ldscores/GTEx.15.	GTEx.15.	expression	Hippocampus	INT	1.49188224992825	1.88277511180366	0.390892861875412	0.705337530255232	0.554192631340579	0.579447020707298	0.000101626016260163	FALSE	FALSE	FALSE	TRUE	sandwich captured	1.49188224992825	1.88277511180366	FALSE
/public/home/zhengxiaoyang/MDD_SIN_analysis/13_ldsc_seg_official/reference/Multi_tissue_gene_expr_1000Gv3_ldscores/GTEx.15.	/public/home/zhengxiaoyang/MDD_SIN_analysis/13_ldsc_seg_official/reference/Multi_tissue_gene_expr_1000Gv3_ldscores/GTEx.15.	GTEx.15.	expression	Hippocampus	SUD	1.47354027273454	-1.07134004628152	-2.54488031901607	11.2741682924562	-0.225726656991532	0.821414023836897	0.000101626016260163	FALSE	FALSE	FALSE	TRUE	sandwich captured	1.47354027273454	-1.07134004628152	FALSE
/public/home/zhengxiaoyang/MDD_SIN_analysis/13_ldsc_seg_official/reference/Multi_tissue_gene_expr_1000Gv3_ldscores/GTEx.16.	/public/home/zhengxiaoyang/MDD_SIN_analysis/13_ldsc_seg_official/reference/Multi_tissue_gene_expr_1000Gv3_ldscores/GTEx.16.	GTEx.16.	expression	Hypothalamus	COMP	1.55357648628299	1.55728225919724	0.0037057729142429	0.520157398811438	0.00712432990996688	0.994315655244652	0.000101626016260163	FALSE	FALSE	FALSE	TRUE	sandwich captured	1.55357648628299	1.55728225919724	FALSE
/public/home/zhengxiaoyang/MDD_SIN_analysis/13_ldsc_seg_official/reference/Multi_tissue_gene_expr_1000Gv3_ldscores/GTEx.16.	/public/home/zhengxiaoyang/MDD_SIN_analysis/13_ldsc_seg_official/reference/Multi_tissue_gene_expr_1000Gv3_ldscores/GTEx.16.	GTEx.16.	expression	Hypothalamus	INT	1.47546675656715	1.77069265891984	0.295225902352684	0.679433390694897	0.434517800266983	0.663912471627089	0.000101626016260163	FALSE	FALSE	FALSE	TRUE	sandwich captured	1.47546675656715	1.77069265891984	FALSE
/public/home/zhengxiaoyang/MDD_SIN_analysis/13_ldsc_seg_official/reference/Multi_tissue_gene_expr_1000Gv3_ldscores/GTEx.16.	/public/home/zhengxiaoyang/MDD_SIN_analysis/13_ldsc_seg_official/reference/Multi_tissue_gene_expr_1000Gv3_ldscores/GTEx.16.	GTEx.16.	expression	Hypothalamus	SUD	1.35702770691309	-0.581512785755222	-1.93854049266831	11.2989261878498	-0.171568559740916	0.863776726579195	0.000101626016260163	FALSE	FALSE	FALSE	TRUE	sandwich captured	1.35702770691309	-0.581512785755222	FALSE
/public/home/zhengxiaoyang/MDD_SIN_analysis/13_ldsc_seg_official/reference/Multi_tissue_gene_expr_1000Gv3_ldscores/GTEx.17.	/public/home/zhengxiaoyang/MDD_SIN_analysis/13_ldsc_seg_official/reference/Multi_tissue_gene_expr_1000Gv3_ldscores/GTEx.17.	GTEx.17.	expression	Nucleus Accumbens	COMP	1.59907527953105	1.56064779517734	-0.0384274843537062	0.52698217579004	-0.0729198939150013	0.941869863031021	0.000101626016260163	FALSE	FALSE	FALSE	TRUE	sandwich captured	1.59907527953105	1.56064779517734	FALSE
/public/home/zhengxiaoyang/MDD_SIN_analysis/13_ldsc_seg_official/reference/Multi_tissue_gene_expr_1000Gv3_ldscores/GTEx.17.	/public/home/zhengxiaoyang/MDD_SIN_analysis/13_ldsc_seg_official/reference/Multi_tissue_gene_expr_1000Gv3_ldscores/GTEx.17.	GTEx.17.	expression	Nucleus Accumbens	INT	1.54160308482981	1.76677472852972	0.225171643699914	0.691922711008823	0.32542889562277	0.744856489106896	0.000101626016260163	FALSE	FALSE	FALSE	TRUE	sandwich captured	1.54160308482981	1.76677472852972	FALSE
/public/home/zhengxiaoyang/MDD_SIN_analysis/13_ldsc_seg_official/reference/Multi_tissue_gene_expr_1000Gv3_ldscores/GTEx.17.	/public/home/zhengxiaoyang/MDD_SIN_analysis/13_ldsc_seg_official/reference/Multi_tissue_gene_expr_1000Gv3_ldscores/GTEx.17.	GTEx.17.	expression	Nucleus Accumbens	SUD	1.42284360472218	-5.10508306471294	-6.52792666943512	11.4133949228315	-0.571953105414461	0.567353744965469	0.000101626016260163	FALSE	FALSE	FALSE	TRUE	sandwich captured	1.42284360472218	-5.10508306471294	FALSE
/public/home/zhengxiaoyang/MDD_SIN_analysis/13_ldsc_seg_official/reference/Multi_tissue_gene_expr_1000Gv3_ldscores/GTEx.18.	/public/home/zhengxiaoyang/MDD_SIN_analysis/13_ldsc_seg_official/reference/Multi_tissue_gene_expr_1000Gv3_ldscores/GTEx.18.	GTEx.18.	expression	Putamen	COMP	1.60013222188054	1.50564072823795	-0.0944914936425898	0.533544875873878	-0.17710130471748	0.859428817109703	0.000101626016260163	FALSE	FALSE	FALSE	TRUE	sandwich captured	1.60013222188054	1.50564072823795	FALSE
/public/home/zhengxiaoyang/MDD_SIN_analysis/13_ldsc_seg_official/reference/Multi_tissue_gene_expr_1000Gv3_ldscores/GTEx.18.	/public/home/zhengxiaoyang/MDD_SIN_analysis/13_ldsc_seg_official/reference/Multi_tissue_gene_expr_1000Gv3_ldscores/GTEx.18.	GTEx.18.	expression	Putamen	INT	1.57572979578132	1.89000948489859	0.314279689117277	0.702010463343707	0.447685192070143	0.654380410050298	0.000101626016260163	FALSE	FALSE	FALSE	TRUE	sandwich captured	1.57572979578132	1.89000948489859	FALSE
/public/home/zhengxiaoyang/MDD_SIN_analysis/13_ldsc_seg_official/reference/Multi_tissue_gene_expr_1000Gv3_ldscores/GTEx.18.	/public/home/zhengxiaoyang/MDD_SIN_analysis/13_ldsc_seg_official/reference/Multi_tissue_gene_expr_1000Gv3_ldscores/GTEx.18.	GTEx.18.	expression	Putamen	SUD	1.45971194889081	-2.29838027781213	-3.75809222670294	11.3900643866397	-0.329944774597682	0.741441690887626	0.000101626016260163	FALSE	FALSE	FALSE	TRUE	sandwich captured	1.45971194889081	-2.29838027781213	FALSE
/public/home/zhengxiaoyang/MDD_SIN_analysis/13_ldsc_seg_official/reference/Multi_tissue_gene_expr_1000Gv3_ldscores/GTEx.19.	/public/home/zhengxiaoyang/MDD_SIN_analysis/13_ldsc_seg_official/reference/Multi_tissue_gene_expr_1000Gv3_ldscores/GTEx.19.	GTEx.19.	expression	Spinal Cord	COMP	1.50146721636532	1.58913395481197	0.087666738446651	0.531143319336035	0.165052887337904	0.868902354775579	0.000101626016260163	FALSE	FALSE	FALSE	TRUE	sandwich captured	1.50146721636532	1.58913395481197	FALSE
/public/home/zhengxiaoyang/MDD_SIN_analysis/13_ldsc_seg_official/reference/Multi_tissue_gene_expr_1000Gv3_ldscores/GTEx.19.	/public/home/zhengxiaoyang/MDD_SIN_analysis/13_ldsc_seg_official/reference/Multi_tissue_gene_expr_1000Gv3_ldscores/GTEx.19.	GTEx.19.	expression	Spinal Cord	INT	1.34448000306908	1.76298132501496	0.418501321945882	0.697975062767421	0.599593515972554	0.5487771694877	0.000101626016260163	FALSE	FALSE	FALSE	TRUE	sandwich captured	1.34448000306908	1.76298132501496	FALSE
/public/home/zhengxiaoyang/MDD_SIN_analysis/13_ldsc_seg_official/reference/Multi_tissue_gene_expr_1000Gv3_ldscores/GTEx.19.	/public/home/zhengxiaoyang/MDD_SIN_analysis/13_ldsc_seg_official/reference/Multi_tissue_gene_expr_1000Gv3_ldscores/GTEx.19.	GTEx.19.	expression	Spinal Cord	SUD	1.45885411097588	4.00068269865759	2.54182858768171	11.0670120500604	0.229676138074489	0.818343438316162	0.000101626016260163	FALSE	FALSE	FALSE	TRUE	sandwich captured	1.45885411097588	4.00068269865759	FALSE
/public/home/zhengxiaoyang/MDD_SIN_analysis/13_ldsc_seg_official/reference/Multi_tissue_gene_expr_1000Gv3_ldscores/GTEx.20.	/public/home/zhengxiaoyang/MDD_SIN_analysis/13_ldsc_seg_official/reference/Multi_tissue_gene_expr_1000Gv3_ldscores/GTEx.20.	GTEx.20.	expression	Substantia Nigra	COMP	1.56141195263188	1.59761094069666	0.0361989880647746	0.527413931395978	0.0686348727439979	0.945280259871038	0.000101626016260163	FALSE	FALSE	FALSE	TRUE	sandwich captured	1.56141195263188	1.59761094069666	FALSE
/public/home/zhengxiaoyang/MDD_SIN_analysis/13_ldsc_seg_official/reference/Multi_tissue_gene_expr_1000Gv3_ldscores/GTEx.20.	/public/home/zhengxiaoyang/MDD_SIN_analysis/13_ldsc_seg_official/reference/Multi_tissue_gene_expr_1000Gv3_ldscores/GTEx.20.	GTEx.20.	expression	Substantia Nigra	INT	1.46870717607036	1.97181255687046	0.503105380800101	0.691945041523583	0.727088642318067	0.467171655904512	0.000101626016260163	FALSE	FALSE	FALSE	TRUE	sandwich captured	1.46870717607036	1.97181255687046	FALSE
/public/home/zhengxiaoyang/MDD_SIN_analysis/13_ldsc_seg_official/reference/Multi_tissue_gene_expr_1000Gv3_ldscores/GTEx.20.	/public/home/zhengxiaoyang/MDD_SIN_analysis/13_ldsc_seg_official/reference/Multi_tissue_gene_expr_1000Gv3_ldscores/GTEx.20.	GTEx.20.	expression	Substantia Nigra	SUD	1.46426184878551	2.93648704991001	1.4722252011245	11.2005411689252	0.13144232755548	0.895425406555922	0.000101626016260163	FALSE	FALSE	FALSE	TRUE	sandwich captured	1.46426184878551	2.93648704991001	FALSE
/public/home/zhengxiaoyang/MDD_SIN_analysis/13_ldsc_seg_official/reference/Multi_tissue_gene_expr_1000Gv3_ldscores/GTEx.40.	/public/home/zhengxiaoyang/MDD_SIN_analysis/13_ldsc_seg_official/reference/Multi_tissue_gene_expr_1000Gv3_ldscores/GTEx.40.	GTEx.40.	expression	Ovary	COMP	1.37964328142334	1.55321938866912	0.173576107245779	0.510201216021143	0.340211081030795	0.733697573928557	0.000101626016260163	FALSE	FALSE	FALSE	TRUE	sandwich captured	1.37964328142334	1.55321938866912	FALSE
/public/home/zhengxiaoyang/MDD_SIN_analysis/13_ldsc_seg_official/reference/Multi_tissue_gene_expr_1000Gv3_ldscores/GTEx.40.	/public/home/zhengxiaoyang/MDD_SIN_analysis/13_ldsc_seg_official/reference/Multi_tissue_gene_expr_1000Gv3_ldscores/GTEx.40.	GTEx.40.	expression	Ovary	INT	1.27767713167921	1.26509874736265	-0.0125783843165566	0.679481167407892	-0.0185117482571901	0.985230605418165	0.000101626016260163	FALSE	FALSE	FALSE	TRUE	sandwich captured	1.27767713167921	1.26509874736265	FALSE
/public/home/zhengxiaoyang/MDD_SIN_analysis/13_ldsc_seg_official/reference/Multi_tissue_gene_expr_1000Gv3_ldscores/GTEx.40.	/public/home/zhengxiaoyang/MDD_SIN_analysis/13_ldsc_seg_official/reference/Multi_tissue_gene_expr_1000Gv3_ldscores/GTEx.40.	GTEx.40.	expression	Ovary	SUD	1.34168494548924	-1.58796654342191	-2.92965148891115	10.9964264126821	-0.266418505336644	0.789916914885105	0.000101626016260163	FALSE	FALSE	FALSE	TRUE	sandwich captured	1.34168494548924	-1.58796654342191	FALSE
/public/home/zhengxiaoyang/MDD_SIN_analysis/13_ldsc_seg_official/reference/Multi_tissue_gene_expr_1000Gv3_ldscores/GTEx.42.	/public/home/zhengxiaoyang/MDD_SIN_analysis/13_ldsc_seg_official/reference/Multi_tissue_gene_expr_1000Gv3_ldscores/GTEx.42.	GTEx.42.	expression	Pituitary	COMP	1.20086097735246	1.42108878011624	0.220227802763774	0.509220087519239	0.432480587787994	0.665392158026277	0.000101626016260163	FALSE	FALSE	FALSE	TRUE	sandwich captured	1.20086097735246	1.42108878011624	FALSE
/public/home/zhengxiaoyang/MDD_SIN_analysis/13_ldsc_seg_official/reference/Multi_tissue_gene_expr_1000Gv3_ldscores/GTEx.42.	/public/home/zhengxiaoyang/MDD_SIN_analysis/13_ldsc_seg_official/reference/Multi_tissue_gene_expr_1000Gv3_ldscores/GTEx.42.	GTEx.42.	expression	Pituitary	INT	1.21738105818372	1.44920291823931	0.23182186005559	0.654844098175118	0.354010764854747	0.723330815802472	0.000101626016260163	FALSE	FALSE	FALSE	TRUE	sandwich captured	1.21738105818372	1.44920291823931	FALSE
/public/home/zhengxiaoyang/MDD_SIN_analysis/13_ldsc_seg_official/reference/Multi_tissue_gene_expr_1000Gv3_ldscores/GTEx.42.	/public/home/zhengxiaoyang/MDD_SIN_analysis/13_ldsc_seg_official/reference/Multi_tissue_gene_expr_1000Gv3_ldscores/GTEx.42.	GTEx.42.	expression	Pituitary	SUD	1.16619152479355	-0.440139276734632	-1.60633080152818	10.9459897522961	-0.146750621723469	0.88332886074894	0.000101626016260163	FALSE	FALSE	FALSE	TRUE	sandwich captured	1.16619152479355	-0.440139276734632	FALSE
/public/home/zhengxiaoyang/MDD_SIN_analysis/13_ldsc_seg_official/reference/Multi_tissue_gene_expr_1000Gv3_ldscores/GTEx.49.	/public/home/zhengxiaoyang/MDD_SIN_analysis/13_ldsc_seg_official/reference/Multi_tissue_gene_expr_1000Gv3_ldscores/GTEx.49.	GTEx.49.	expression	Testis	COMP	0.888165048569189	0.857764843524515	-0.0304002050446739	0.317042170172515	-0.095886944718212	0.9236103634059	0.000101626016260163	FALSE	FALSE	FALSE	TRUE	sandwich captured	0.888165048569189	0.857764843524515	FALSE
/public/home/zhengxiaoyang/MDD_SIN_analysis/13_ldsc_seg_official/reference/Multi_tissue_gene_expr_1000Gv3_ldscores/GTEx.49.	/public/home/zhengxiaoyang/MDD_SIN_analysis/13_ldsc_seg_official/reference/Multi_tissue_gene_expr_1000Gv3_ldscores/GTEx.49.	GTEx.49.	expression	Testis	INT	0.895762912080193	0.82148557063887	-0.0742773414413229	0.411928824090711	-0.180315960179	0.856904526620466	0.000101626016260163	FALSE	FALSE	FALSE	TRUE	sandwich captured	0.895762912080193	0.82148557063887	FALSE
/public/home/zhengxiaoyang/MDD_SIN_analysis/13_ldsc_seg_official/reference/Multi_tissue_gene_expr_1000Gv3_ldscores/GTEx.49.	/public/home/zhengxiaoyang/MDD_SIN_analysis/13_ldsc_seg_official/reference/Multi_tissue_gene_expr_1000Gv3_ldscores/GTEx.49.	GTEx.49.	expression	Testis	SUD	0.974829177030611	0.580915350186586	-0.393913826844026	6.90334583048354	-0.05706129122267	0.954496371286755	0.000101626016260163	FALSE	FALSE	FALSE	TRUE	sandwich captured	0.974829177030611	0.580915350186586	FALSE
/public/home/zhengxiaoyang/MDD_SIN_analysis/13_ldsc_seg_official/reference/Multi_tissue_gene_expr_1000Gv3_ldscores/GTEx.8.	/public/home/zhengxiaoyang/MDD_SIN_analysis/13_ldsc_seg_official/reference/Multi_tissue_gene_expr_1000Gv3_ldscores/GTEx.8.	GTEx.8.	expression	Amygdala	COMP	1.60558046992374	1.48843812837568	-0.117142341548063	0.536650830815117	-0.218284096141501	0.827207765140902	0.000101626016260163	FALSE	FALSE	FALSE	TRUE	sandwich captured	1.60558046992374	1.48843812837568	FALSE
/public/home/zhengxiaoyang/MDD_SIN_analysis/13_ldsc_seg_official/reference/Multi_tissue_gene_expr_1000Gv3_ldscores/GTEx.8.	/public/home/zhengxiaoyang/MDD_SIN_analysis/13_ldsc_seg_official/reference/Multi_tissue_gene_expr_1000Gv3_ldscores/GTEx.8.	GTEx.8.	expression	Amygdala	INT	1.52099773933118	1.80963121912867	0.288633479797481	0.692897477023334	0.4165601540901	0.677000159464651	0.000101626016260163	FALSE	FALSE	FALSE	TRUE	sandwich captured	1.52099773933118	1.80963121912867	FALSE
/public/home/zhengxiaoyang/MDD_SIN_analysis/13_ldsc_seg_official/reference/Multi_tissue_gene_expr_1000Gv3_ldscores/GTEx.8.	/public/home/zhengxiaoyang/MDD_SIN_analysis/13_ldsc_seg_official/reference/Multi_tissue_gene_expr_1000Gv3_ldscores/GTEx.8.	GTEx.8.	expression	Amygdala	SUD	1.45273274005065	-1.95824418827662	-3.41097692832727	11.2632818607702	-0.302840412811442	0.762011483701863	0.000101626016260163	FALSE	FALSE	FALSE	TRUE	sandwich captured	1.45273274005065	-1.95824418827662	FALSE
/public/home/zhengxiaoyang/MDD_SIN_analysis/13_ldsc_seg_official/reference/Multi_tissue_gene_expr_1000Gv3_ldscores/GTEx.9.	/public/home/zhengxiaoyang/MDD_SIN_analysis/13_ldsc_seg_official/reference/Multi_tissue_gene_expr_1000Gv3_ldscores/GTEx.9.	GTEx.9.	expression	Cingulate Cortex	COMP	1.68002296851151	1.60469205948521	-0.0753309090262999	0.54641437263956	-0.137864069465083	0.890347847604761	0.000101626016260163	FALSE	FALSE	FALSE	TRUE	sandwich captured	1.68002296851151	1.60469205948521	FALSE
/public/home/zhengxiaoyang/MDD_SIN_analysis/13_ldsc_seg_official/reference/Multi_tissue_gene_expr_1000Gv3_ldscores/GTEx.9.	/public/home/zhengxiaoyang/MDD_SIN_analysis/13_ldsc_seg_official/reference/Multi_tissue_gene_expr_1000Gv3_ldscores/GTEx.9.	GTEx.9.	expression	Cingulate Cortex	INT	1.56954145770719	1.83659338712712	0.267051929419934	0.705935761913925	0.37829494385708	0.705211501059994	0.000101626016260163	FALSE	FALSE	FALSE	TRUE	sandwich captured	1.56954145770719	1.83659338712712	FALSE
/public/home/zhengxiaoyang/MDD_SIN_analysis/13_ldsc_seg_official/reference/Multi_tissue_gene_expr_1000Gv3_ldscores/GTEx.9.	/public/home/zhengxiaoyang/MDD_SIN_analysis/13_ldsc_seg_official/reference/Multi_tissue_gene_expr_1000Gv3_ldscores/GTEx.9.	GTEx.9.	expression	Cingulate Cortex	SUD	1.47167322762624	-4.95945733314545	-6.43113056077169	11.6154486850554	-0.553670437978524	0.579804410310288	0.000101626016260163	FALSE	FALSE	FALSE	TRUE	sandwich captured	1.47167322762624	-4.95945733314545	FALSE
ASC1L2	ASC1	ASC1L2	custom	ASC1	COMP	5.42407480184052	6.0206951867171	0.596620384876574	4.65917864285371	0.12805269568096	0.898107271138039	0.000101626016260163	FALSE	FALSE	FALSE	TRUE	sandwich captured	5.42407480184052	6.0206951867171	FALSE
ASC1L2	ASC1	ASC1L2	custom	ASC1	INT	10.3234390460989	5.31749035088278	-5.0059486952161	7.01072735649912	-0.714041274273127	0.475201657595846	0.000101626016260163	FALSE	FALSE	FALSE	TRUE	sandwich captured	10.3234390460989	5.31749035088278	FALSE
ASC1L2	ASC1	ASC1L2	custom	ASC1	SUD	7.5823872252698	-90.988352108855	-98.5707393341248	102.805400659497	-0.958808960441698	0.337654994349593	0.000101626016260163	FALSE	FALSE	FALSE	TRUE	sandwich captured	7.5823872252698	-90.988352108855	FALSE
ASC2L2	ASC2	ASC2L2	custom	ASC2	COMP	6.33865041090368	0.645917269145651	-5.69273314175803	4.87662127084008	-1.16735190731294	0.243068284378941	0.000101626016260163	FALSE	FALSE	FALSE	TRUE	sandwich captured	6.33865041090368	0.645917269145651	FALSE
ASC2L2	ASC2	ASC2L2	custom	ASC2	INT	9.77588569375934	14.7736706856007	4.99778499184132	7.24389061852626	0.689931040518403	0.490237554468457	0.000101626016260163	FALSE	FALSE	FALSE	TRUE	sandwich captured	9.77588569375935	14.7736706856007	FALSE
ASC2L2	ASC2	ASC2L2	custom	ASC2	SUD	8.80985095552608	13.8113516448639	5.00150068933787	109.852889514183	0.0455290772182387	0.963685598654668	0.000101626016260163	FALSE	FALSE	FALSE	TRUE	sandwich captured	8.80985095552608	13.8113516448639	FALSE
Ancient_Sequence_Age_Human_EnhancerL2	Ancient_Sequence_Age_Human_Enhancer	Ancient_Sequence_Age_Human_EnhancerL2	baseline	NA	COMP	6.12656910782607	11.0252861373316	4.89871702950557	8.20351534325024	0.597148517987009	0.550408227431398	0.000101626016260163	FALSE	TRUE	FALSE	FALSE	sandwich captured	6.12656910782607	11.0252861373316	FALSE
Ancient_Sequence_Age_Human_EnhancerL2	Ancient_Sequence_Age_Human_Enhancer	Ancient_Sequence_Age_Human_EnhancerL2	baseline	NA	INT	10.6479888908401	15.3945463729919	4.74655748215189	9.83597576015619	0.482571083733183	0.629400314893629	0.000101626016260163	FALSE	TRUE	FALSE	FALSE	sandwich captured	10.6479888908401	15.3945463729919	FALSE
Ancient_Sequence_Age_Human_EnhancerL2	Ancient_Sequence_Age_Human_Enhancer	Ancient_Sequence_Age_Human_EnhancerL2	baseline	NA	SUD	11.462904034655	109.553495319815	98.0905912851604	211.844320519917	0.463031489559987	0.643341795945218	0.000101626016260163	FALSE	TRUE	FALSE	FALSE	sandwich captured	11.462904034655	109.553495319815	FALSE
Ancient_Sequence_Age_Human_PromoterL2	Ancient_Sequence_Age_Human_Promoter	Ancient_Sequence_Age_Human_PromoterL2	baseline	NA	COMP	14.4386872679012	-1.71852466110634	-16.1572119290076	6.85370528356201	-2.35744188880709	0.0184013351386361	0.000101626016260163	FALSE	FALSE	FALSE	TRUE	sandwich captured	14.4386872679012	-1.71852466110634	FALSE
Ancient_Sequence_Age_Human_PromoterL2	Ancient_Sequence_Age_Human_Promoter	Ancient_Sequence_Age_Human_PromoterL2	baseline	NA	INT	6.45814062367964	3.83252273996089	-2.62561788371875	8.8222135399859	-0.297614410693911	0.765997474586212	0.000101626016260163	FALSE	FALSE	FALSE	TRUE	sandwich captured	6.45814062367964	3.83252273996089	FALSE
Ancient_Sequence_Age_Human_PromoterL2	Ancient_Sequence_Age_Human_Promoter	Ancient_Sequence_Age_Human_PromoterL2	baseline	NA	SUD	9.72411568444989	35.8649912675904	26.1408755831405	166.519992216869	0.156983406227258	0.875257925859845	0.000101626016260163	FALSE	FALSE	FALSE	TRUE	sandwich captured	9.72411568444989	35.8649912675904	FALSE
BivFlnkL2	BivFlnk	BivFlnkL2	baseline	NA	COMP	NA	NA	NA	NA	NA	NA	0.000101626016260163	FALSE	TRUE	FALSE	FALSE	no sandwich capture	NA	NA	FALSE
BivFlnkL2	BivFlnk	BivFlnkL2	baseline	NA	INT	NA	NA	NA	NA	NA	NA	0.000101626016260163	FALSE	TRUE	FALSE	FALSE	no sandwich capture	NA	NA	FALSE
BivFlnkL2	BivFlnk	BivFlnkL2	baseline	NA	SUD	NA	NA	NA	NA	NA	NA	0.000101626016260163	FALSE	TRUE	FALSE	FALSE	no sandwich capture	NA	NA	FALSE
CTCF_HoffmanL2	CTCF_Hoffman	CTCF_HoffmanL2	baseline	NA	COMP	2.65617480687308	3.06343911529402	0.407264308420937	2.83151422368087	0.14383269030219	0.885632588138411	0.000101626016260163	FALSE	FALSE	FALSE	TRUE	sandwich captured	2.65617480687308	3.06343911529402	FALSE
CTCF_HoffmanL2	CTCF_Hoffman	CTCF_HoffmanL2	baseline	NA	INT	1.17660415912793	1.57602578934011	0.399421630212189	2.87112152944722	0.139116936052892	0.889357745327119	0.000101626016260163	FALSE	FALSE	FALSE	TRUE	sandwich captured	1.17660415912793	1.57602578934011	FALSE
CTCF_HoffmanL2	CTCF_Hoffman	CTCF_HoffmanL2	baseline	NA	SUD	1.80121014820259	42.876664205439	41.0754540572364	62.1058897190571	0.661377757295578	0.508370086592551	0.000101626016260163	FALSE	FALSE	FALSE	TRUE	sandwich captured	1.80121014820259	42.876664205439	FALSE
Coding_UCSCL2	Coding_UCSC	Coding_UCSCL2	baseline	NA	COMP	2.22487658253514	12.8719288554882	10.6470522729531	5.7885246408301	1.83933781638463	0.0658655141381894	0.000101626016260163	FALSE	TRUE	FALSE	FALSE	sandwich captured	2.22487658253514	12.8719288554882	FALSE
Coding_UCSCL2	Coding_UCSC	Coding_UCSCL2	baseline	NA	INT	5.65731712105951	7.95698614012351	2.29966901906401	6.78444692532607	0.338961899824057	0.734638432355469	0.000101626016260163	FALSE	TRUE	FALSE	FALSE	sandwich captured	5.65731712105951	7.95698614012351	FALSE
Coding_UCSCL2	Coding_UCSC	Coding_UCSCL2	baseline	NA	SUD	4.55913635853851	-61.6267891838155	-66.185925542354	120.331823720554	-0.550028442152238	0.582299865606612	0.000101626016260163	FALSE	TRUE	FALSE	FALSE	sandwich captured	4.55913635853851	-61.6267891838155	FALSE
Conserved_LindbladTohL2	Conserved_LindbladToh	Conserved_LindbladTohL2	baseline	NA	COMP	6.21240515320229	3.90630269716976	-2.30610245603253	4.72678538973247	-0.487879661522574	0.625635081379805	0.000101626016260163	FALSE	FALSE	FALSE	TRUE	sandwich captured	6.21240515320229	3.90630269716976	FALSE
Conserved_LindbladTohL2	Conserved_LindbladToh	Conserved_LindbladTohL2	baseline	NA	INT	10.1504830117066	2.61194968231085	-7.53853332939576	6.15729490049863	-1.22432552788486	0.22082945055103	0.000101626016260163	FALSE	FALSE	FALSE	TRUE	sandwich captured	10.1504830117066	2.61194968231085	FALSE
Conserved_LindbladTohL2	Conserved_LindbladToh	Conserved_LindbladTohL2	baseline	NA	SUD	9.12180149811635	34.0754159448351	24.9536144467188	129.799967165242	0.192246693059263	0.847548972206872	0.000101626016260163	FALSE	FALSE	FALSE	TRUE	sandwich captured	9.12180149811635	34.0754159448351	FALSE
Conserved_Mammal_phastCons46wayL2	Conserved_Mammal_phastCons46way	Conserved_Mammal_phastCons46wayL2	baseline	NA	COMP	4.59586347962057	5.34518571572666	0.749322236106086	5.06620824421369	0.147905928849632	0.882417009128179	0.000101626016260163	FALSE	FALSE	FALSE	TRUE	sandwich captured	4.59586347962057	5.34518571572666	FALSE
Conserved_Mammal_phastCons46wayL2	Conserved_Mammal_phastCons46way	Conserved_Mammal_phastCons46wayL2	baseline	NA	INT	9.97070446915297	3.33669291274071	-6.63401155641226	6.60309224131923	-1.00468255083574	0.315049732925324	0.000101626016260163	FALSE	FALSE	FALSE	TRUE	sandwich captured	9.97070446915297	3.33669291274071	FALSE
Conserved_Mammal_phastCons46wayL2	Conserved_Mammal_phastCons46way	Conserved_Mammal_phastCons46wayL2	baseline	NA	SUD	11.3281470781509	38.6006822177378	27.2725351395869	130.751217623781	0.208583412340066	0.834773460790219	0.000101626016260163	FALSE	FALSE	FALSE	TRUE	sandwich captured	11.3281470781509	38.6006822177378	FALSE
Conserved_Primate_phastCons46wayL2	Conserved_Primate_phastCons46way	Conserved_Primate_phastCons46wayL2	baseline	NA	COMP	8.25672161274122	5.64831212406699	-2.60840948867423	5.45584835760877	-0.47809420601592	0.632583155738389	0.000101626016260163	FALSE	FALSE	FALSE	TRUE	sandwich captured	8.25672161274122	5.64831212406699	FALSE
Conserved_Primate_phastCons46wayL2	Conserved_Primate_phastCons46way	Conserved_Primate_phastCons46wayL2	baseline	NA	INT	13.1049077242748	5.20406339161397	-7.90084433266084	8.25236955633143	-0.957403116611412	0.33836382599341	0.000101626016260163	FALSE	FALSE	FALSE	TRUE	sandwich captured	13.1049077242748	5.20406339161397	FALSE
Conserved_Primate_phastCons46wayL2	Conserved_Primate_phastCons46way	Conserved_Primate_phastCons46wayL2	baseline	NA	SUD	14.6138036169348	-41.5776187376464	-56.1914223545812	156.634738700785	-0.358741763293786	0.719788282550545	0.000101626016260163	FALSE	FALSE	FALSE	TRUE	sandwich captured	14.6138036169348	-41.5776187376464	FALSE
Conserved_Vertebrate_phastCons46wayL2	Conserved_Vertebrate_phastCons46way	Conserved_Vertebrate_phastCons46wayL2	baseline	NA	COMP	2.96802265645817	2.16918067085145	-0.798841985606713	3.38839940991095	-0.235757916634658	0.813620525356124	0.000101626016260163	FALSE	FALSE	FALSE	TRUE	sandwich captured	2.96802265645817	2.16918067085145	FALSE
Conserved_Vertebrate_phastCons46wayL2	Conserved_Vertebrate_phastCons46way	Conserved_Vertebrate_phastCons46wayL2	baseline	NA	INT	8.57966879321556	3.38775241400316	-5.19191637921239	4.54330627345059	-1.1427616952773	0.253137546586562	0.000101626016260163	FALSE	FALSE	FALSE	TRUE	sandwich captured	8.57966879321556	3.38775241400316	FALSE
Conserved_Vertebrate_phastCons46wayL2	Conserved_Vertebrate_phastCons46way	Conserved_Vertebrate_phastCons46wayL2	baseline	NA	SUD	8.80512272312844	-10.6563693929604	-19.4614921160888	94.9455557677409	-0.20497528250502	0.837591436702753	0.000101626016260163	FALSE	FALSE	FALSE	TRUE	sandwich captured	8.80512272312844	-10.6563693929604	FALSE
DGF_ENCODEL2	DGF_ENCODE	DGF_ENCODEL2	baseline	NA	COMP	3.03520485990477	3.27488432383353	0.239679463928763	1.39032160388345	0.172391382870906	0.863129846237952	0.000101626016260163	FALSE	TRUE	FALSE	FALSE	sandwich captured	3.03520485990477	3.27488432383353	FALSE
DGF_ENCODEL2	DGF_ENCODE	DGF_ENCODEL2	baseline	NA	INT	2.05284799821264	0.0492186902545872	-2.00362930795805	1.87003261694699	-1.07144083466799	0.283971260296162	0.000101626016260163	FALSE	TRUE	FALSE	FALSE	sandwich captured	2.05284799821264	0.0492186902545872	FALSE
DGF_ENCODEL2	DGF_ENCODE	DGF_ENCODEL2	baseline	NA	SUD	2.53926073553781	-1.95393010181627	-4.49319083735408	36.8056445684399	-0.122078852035834	0.902836570223634	0.000101626016260163	FALSE	TRUE	FALSE	FALSE	sandwich captured	2.53926073553781	-1.95393010181627	FALSE
DHS_TrynkaL2	DHS_Trynka	DHS_TrynkaL2	baseline	NA	COMP	2.82815032913909	1.26821139058376	-1.55993893855532	1.24458159873644	-1.25338422176501	0.210065910822622	0.000101626016260163	FALSE	FALSE	FALSE	TRUE	sandwich captured	2.82815032913909	1.26821139058376	FALSE
DHS_TrynkaL2	DHS_Trynka	DHS_TrynkaL2	baseline	NA	INT	1.86951647838432	0.211340450578236	-1.65817602780608	1.62613771747324	-1.01970208918259	0.307869770559449	0.000101626016260163	FALSE	FALSE	FALSE	TRUE	sandwich captured	1.86951647838432	0.211340450578236	FALSE
DHS_TrynkaL2	DHS_Trynka	DHS_TrynkaL2	baseline	NA	SUD	2.09373467240931	16.7059213601506	14.6121866877413	29.6427350961462	0.492943267223711	0.622052674266635	0.000101626016260163	FALSE	FALSE	FALSE	TRUE	sandwich captured	2.09373467240931	16.7059213601506	FALSE
DHS_peaks_TrynkaL2	DHS_peaks_Trynka	DHS_peaks_TrynkaL2	baseline	NA	COMP	3.44169023507683	0.95814087107171	-2.48354936400512	1.7426118664051	-1.42518791010446	0.154102890150062	0.000101626016260163	FALSE	FALSE	FALSE	TRUE	sandwich captured	3.44169023507683	0.95814087107171	FALSE
DHS_peaks_TrynkaL2	DHS_peaks_Trynka	DHS_peaks_TrynkaL2	baseline	NA	INT	2.06592776029467	-0.909138511284945	-2.97506627157962	2.07023083702712	-1.43706982736855	0.150698153548571	0.000101626016260163	FALSE	FALSE	FALSE	TRUE	sandwich captured	2.06592776029467	-0.909138511284945	FALSE
DHS_peaks_TrynkaL2	DHS_peaks_Trynka	DHS_peaks_TrynkaL2	baseline	NA	SUD	2.0519951926033	-13.3690960433882	-15.4210912359915	40.0529948196589	-0.385017182995326	0.700224684872674	0.000101626016260163	FALSE	FALSE	FALSE	TRUE	sandwich captured	2.0519951926033	-13.3690960433882	FALSE
ENDL2	END	ENDL2	custom	Endothelial Cells	COMP	7.77763021139027	13.2973966372596	5.51976642586938	5.49513308912225	1.00448275525772	0.315145979196163	0.000101626016260163	FALSE	TRUE	FALSE	FALSE	sandwich captured	7.77763021139027	13.2973966372596	FALSE
ENDL2	END	ENDL2	custom	Endothelial Cells	INT	9.06061847682035	9.97802846154141	0.917409984721063	6.59352581447305	0.139137998475309	0.889341101807212	0.000101626016260163	FALSE	TRUE	FALSE	FALSE	sandwich captured	9.06061847682035	9.97802846154141	FALSE
ENDL2	END	ENDL2	custom	Endothelial Cells	SUD	8.42337161336363	-60.5721704139298	-68.9955420272934	121.713982963029	-0.566866191933354	0.570805095116435	0.000101626016260163	FALSE	TRUE	FALSE	FALSE	sandwich captured	8.42337161336363	-60.5721704139298	FALSE
Enhancer_AnderssonL2	Enhancer_Andersson	Enhancer_AnderssonL2	baseline	NA	COMP	NA	NA	NA	NA	NA	NA	0.000101626016260163	FALSE	TRUE	FALSE	FALSE	no sandwich capture	NA	NA	FALSE
Enhancer_AnderssonL2	Enhancer_Andersson	Enhancer_AnderssonL2	baseline	NA	INT	NA	NA	NA	NA	NA	NA	0.000101626016260163	FALSE	TRUE	FALSE	FALSE	no sandwich capture	NA	NA	FALSE
Enhancer_AnderssonL2	Enhancer_Andersson	Enhancer_AnderssonL2	baseline	NA	SUD	NA	NA	NA	NA	NA	NA	0.000101626016260163	FALSE	TRUE	FALSE	FALSE	no sandwich capture	NA	NA	FALSE
Enhancer_HoffmanL2	Enhancer_Hoffman	Enhancer_HoffmanL2	baseline	NA	COMP	1.97439213514643	1.26370666588602	-0.710685469260402	1.75506446170518	-0.404934111975533	0.685525943208765	0.000101626016260163	FALSE	FALSE	FALSE	TRUE	sandwich captured	1.97439213514643	1.26370666588602	FALSE
Enhancer_HoffmanL2	Enhancer_Hoffman	Enhancer_HoffmanL2	baseline	NA	INT	1.75160702075066	1.00497732568825	-0.746629695062409	1.97758645892122	-0.37754591800234	0.705767947100184	0.000101626016260163	FALSE	FALSE	FALSE	TRUE	sandwich captured	1.75160702075066	1.00497732568825	FALSE
Enhancer_HoffmanL2	Enhancer_Hoffman	Enhancer_HoffmanL2	baseline	NA	SUD	1.43476021375095	-33.8716801954509	-35.3064404092019	37.6597392893334	-0.937511546162028	0.34849548735924	0.000101626016260163	FALSE	FALSE	FALSE	TRUE	sandwich captured	1.43476021375095	-33.8716801954509	FALSE
FetalDHS_TrynkaL2	FetalDHS_Trynka	FetalDHS_TrynkaL2	baseline	NA	COMP	2.76421127474809	-1.1651110093067	-3.92932228405479	1.9422905508874	-2.02303526743696	0.0430695115747686	0.000101626016260163	FALSE	TRUE	FALSE	FALSE	sandwich captured	2.76421127474809	-1.1651110093067	FALSE
FetalDHS_TrynkaL2	FetalDHS_Trynka	FetalDHS_TrynkaL2	baseline	NA	INT	2.47534466259523	0.128532769514045	-2.34681189308119	2.45299942203922	-0.956711147991318	0.338713069734278	0.000101626016260163	FALSE	TRUE	FALSE	FALSE	sandwich captured	2.47534466259523	0.128532769514045	FALSE
FetalDHS_TrynkaL2	FetalDHS_Trynka	FetalDHS_TrynkaL2	baseline	NA	SUD	3.07389980651534	-32.8307167233535	-35.9046165298689	46.9439441964686	-0.764840218359195	0.444366695652712	0.000101626016260163	FALSE	TRUE	FALSE	FALSE	sandwich captured	3.07389980651534	-32.8307167233535	FALSE
GABA1L2	GABA1	GABA1L2	custom	GABA1	COMP	8.74539598282223	4.72386928810768	-4.02152669471454	4.947041456523	-0.812915503146208	0.416266505281452	0.000101626016260163	FALSE	TRUE	FALSE	FALSE	sandwich captured	8.74539598282223	4.72386928810768	FALSE
GABA1L2	GABA1	GABA1L2	custom	GABA1	INT	10.8287899727917	11.7622839131535	0.933493940361743	5.61900188560888	0.166131629667639	0.868053363139975	0.000101626016260163	FALSE	TRUE	FALSE	FALSE	sandwich captured	10.8287899727917	11.7622839131535	FALSE
GABA1L2	GABA1	GABA1L2	custom	GABA1	SUD	7.99467993767294	-40.7710951363728	-48.7657750740457	111.221789544186	-0.438455227828104	0.661056318974634	0.000101626016260163	FALSE	TRUE	FALSE	FALSE	sandwich captured	7.99467993767294	-40.7710951363728	FALSE
GABA2L2	GABA2	GABA2L2	custom	GABA2	COMP	9.90548080442444	11.5572893587331	1.65180855430864	4.27854356680069	0.386067952451351	0.699446343615069	0.000101626016260163	FALSE	TRUE	FALSE	FALSE	sandwich captured	9.90548080442444	11.5572893587331	FALSE
GABA2L2	GABA2	GABA2L2	custom	GABA2	INT	10.3557069373159	17.5089219277251	7.15321499040914	5.69595663778831	1.25584084382824	0.209173679857789	0.000101626016260163	FALSE	TRUE	FALSE	FALSE	sandwich captured	10.3557069373159	17.5089219277251	FALSE
GABA2L2	GABA2	GABA2L2	custom	GABA2	SUD	8.7989075294571	1.63693137643846	-7.16197615301864	113.755315301685	-0.0629594857525974	0.949798765969587	0.000101626016260163	FALSE	TRUE	FALSE	FALSE	sandwich captured	8.7989075294571	1.63693137643846	FALSE
GERP.RSsup4L2	GERP.RSsup4	GERP.RSsup4L2	baseline	NA	COMP	10.1914925732043	5.80628873583172	-4.38520383737254	8.90930496745066	-0.492204931068527	0.622574478885419	0.000101626016260163	FALSE	TRUE	FALSE	FALSE	sandwich captured	10.1914925732043	5.80628873583172	FALSE
GERP.RSsup4L2	GERP.RSsup4	GERP.RSsup4L2	baseline	NA	INT	20.675524327289	10.8089911650018	-9.8665331622872	13.2207692654285	-0.746290398402729	0.455492010298532	0.000101626016260163	FALSE	TRUE	FALSE	FALSE	sandwich captured	20.675524327289	10.8089911650018	FALSE
GERP.RSsup4L2	GERP.RSsup4	GERP.RSsup4L2	baseline	NA	SUD	22.2571418556763	80.1281437517765	57.8710018961002	276.209928243197	0.209518181566399	0.834043743506354	0.000101626016260163	FALSE	TRUE	FALSE	FALSE	sandwich captured	22.2571418556763	80.1281437517766	FALSE
H3K27ac_HniszL2	H3K27ac_Hnisz	H3K27ac_HniszL2	baseline	NA	COMP	1.40921248106254	1.47722489574595	0.0680124146834067	0.477234070092067	0.142513745236768	0.886674223056504	0.000101626016260163	FALSE	FALSE	FALSE	TRUE	sandwich captured	1.40921248106254	1.47722489574595	FALSE
H3K27ac_HniszL2	H3K27ac_Hnisz	H3K27ac_HniszL2	baseline	NA	INT	1.31403225497305	1.21159471783554	-0.102437537137507	0.602472530070459	-0.170028560680645	0.864987675499053	0.000101626016260163	FALSE	FALSE	FALSE	TRUE	sandwich captured	1.31403225497305	1.21159471783554	FALSE
H3K27ac_HniszL2	H3K27ac_Hnisz	H3K27ac_HniszL2	baseline	NA	SUD	1.34816245894409	-0.567201841020118	-1.91536429996421	9.94353037938281	-0.192624171384398	0.847253313404719	0.000101626016260163	FALSE	FALSE	FALSE	TRUE	sandwich captured	1.34816245894409	-0.567201841020118	FALSE
H3K27ac_PGC2L2	H3K27ac_PGC2	H3K27ac_PGC2L2	baseline	NA	COMP	1.80807834080269	1.38047545649139	-0.4276028843113	0.570584278539317	-0.749412313647957	0.453608731466812	0.000101626016260163	FALSE	FALSE	FALSE	TRUE	sandwich captured	1.80807834080269	1.38047545649139	FALSE
H3K27ac_PGC2L2	H3K27ac_PGC2	H3K27ac_PGC2L2	baseline	NA	INT	1.47485211175974	0.474117672332298	-1.00073443942744	0.7465560234957	-1.34046797284089	0.180093249925592	0.000101626016260163	FALSE	FALSE	FALSE	TRUE	sandwich captured	1.47485211175974	0.474117672332298	FALSE
H3K27ac_PGC2L2	H3K27ac_PGC2	H3K27ac_PGC2L2	baseline	NA	SUD	1.43252596015672	-2.28578153191562	-3.71830749207233	13.2916500123776	-0.279747622651042	0.779671138806018	0.000101626016260163	FALSE	FALSE	FALSE	TRUE	sandwich captured	1.43252596015672	-2.28578153191562	FALSE
H3K4me1_TrynkaL2	H3K4me1_Trynka	H3K4me1_TrynkaL2	baseline	NA	COMP	1.63109041852963	1.44140446074221	-0.189685957787421	0.559921524509221	-0.338772398424376	0.734781195879645	0.000101626016260163	FALSE	FALSE	FALSE	TRUE	sandwich captured	1.63109041852963	1.44140446074221	FALSE
H3K4me1_TrynkaL2	H3K4me1_Trynka	H3K4me1_TrynkaL2	baseline	NA	INT	1.48199983864167	1.41953823697128	-0.0624616016703925	0.694865239866643	-0.0898902378285321	0.928374438830511	0.000101626016260163	FALSE	FALSE	FALSE	TRUE	sandwich captured	1.48199983864167	1.41953823697128	FALSE
H3K4me1_TrynkaL2	H3K4me1_Trynka	H3K4me1_TrynkaL2	baseline	NA	SUD	1.34120287834578	-10.4480190016322	-11.7892218799779	11.937665292048	-0.98756512195321	0.323365674808602	0.000101626016260163	FALSE	FALSE	FALSE	TRUE	sandwich captured	1.34120287834578	-10.4480190016322	FALSE
H3K4me1_peaks_TrynkaL2	H3K4me1_peaks_Trynka	H3K4me1_peaks_TrynkaL2	baseline	NA	COMP	2.29654263212373	3.90056187666657	1.60401924454284	1.05559035400132	1.51954708420993	0.128624845821931	0.000101626016260163	FALSE	TRUE	FALSE	FALSE	sandwich captured	2.29654263212373	3.90056187666657	FALSE
H3K4me1_peaks_TrynkaL2	H3K4me1_peaks_Trynka	H3K4me1_peaks_TrynkaL2	baseline	NA	INT	2.1913003357719	1.73252948285375	-0.458770852918152	1.46853920003321	-0.31239945989033	0.754736960789342	0.000101626016260163	FALSE	TRUE	FALSE	FALSE	sandwich captured	2.1913003357719	1.73252948285375	FALSE
H3K4me1_peaks_TrynkaL2	H3K4me1_peaks_Trynka	H3K4me1_peaks_TrynkaL2	baseline	NA	SUD	2.02379193687103	-21.9069340768463	-23.9307260137173	24.9944296239147	-0.95744237311262	0.338344019762957	0.000101626016260163	FALSE	TRUE	FALSE	FALSE	sandwich captured	2.02379193687103	-21.9069340768463	FALSE
H3K4me3_TrynkaL2	H3K4me3_Trynka	H3K4me3_TrynkaL2	baseline	NA	COMP	2.12447060565721	2.26758778650461	0.143117180847396	0.833782282322365	0.171648143504281	0.863714156072493	0.000101626016260163	FALSE	FALSE	FALSE	TRUE	sandwich captured	2.12447060565721	2.26758778650461	FALSE
H3K4me3_TrynkaL2	H3K4me3_Trynka	H3K4me3_TrynkaL2	baseline	NA	INT	2.03366579873473	1.31912610439485	-0.71453969433988	1.0347213204279	-0.690562454095743	0.489840549247346	0.000101626016260163	FALSE	FALSE	FALSE	TRUE	sandwich captured	2.03366579873473	1.31912610439485	FALSE
H3K4me3_TrynkaL2	H3K4me3_Trynka	H3K4me3_TrynkaL2	baseline	NA	SUD	2.04168366278145	-7.94185626730495	-9.9835399300864	18.6270948011563	-0.535968707770074	0.591980177369053	0.000101626016260163	FALSE	FALSE	FALSE	TRUE	sandwich captured	2.04168366278145	-7.94185626730495	FALSE
H3K4me3_peaks_TrynkaL2	H3K4me3_peaks_Trynka	H3K4me3_peaks_TrynkaL2	baseline	NA	COMP	1.66991550499523	1.40768038355171	-0.262235121443524	2.57131290168043	-0.101984912560484	0.918768650669854	0.000101626016260163	FALSE	TRUE	FALSE	FALSE	sandwich captured	1.66991550499523	1.40768038355171	FALSE
H3K4me3_peaks_TrynkaL2	H3K4me3_peaks_Trynka	H3K4me3_peaks_TrynkaL2	baseline	NA	INT	2.22777239992521	-0.208489357331792	-2.43626175725701	2.89505612671756	-0.841524879180585	0.400053953308962	0.000101626016260163	FALSE	TRUE	FALSE	FALSE	sandwich captured	2.22777239992521	-0.208489357331792	FALSE
H3K4me3_peaks_TrynkaL2	H3K4me3_peaks_Trynka	H3K4me3_peaks_TrynkaL2	baseline	NA	SUD	3.74518924372344	34.4270801514453	30.6818909077218	52.7000549671644	0.582198461212966	0.560433009739956	0.000101626016260163	FALSE	TRUE	FALSE	FALSE	sandwich captured	3.74518924372344	34.4270801514453	FALSE
H3K9ac_TrynkaL2	H3K9ac_Trynka	H3K9ac_TrynkaL2	baseline	NA	COMP	2.16772230574899	2.88718356121838	0.719461255469386	0.979808674569911	0.73428749320391	0.462773538754786	0.000101626016260163	FALSE	FALSE	FALSE	TRUE	sandwich captured	2.16772230574899	2.88718356121838	FALSE
H3K9ac_TrynkaL2	H3K9ac_Trynka	H3K9ac_TrynkaL2	baseline	NA	INT	2.12179421497899	1.26959903106647	-0.852195183912518	1.1096422928516	-0.767990900673508	0.44249259084625	0.000101626016260163	FALSE	FALSE	FALSE	TRUE	sandwich captured	2.12179421497899	1.26959903106647	FALSE
H3K9ac_TrynkaL2	H3K9ac_Trynka	H3K9ac_TrynkaL2	baseline	NA	SUD	2.4462149717629	9.21924287572047	6.77302790395757	22.6666139266223	0.298810749849256	0.76508444828237	0.000101626016260163	FALSE	FALSE	FALSE	TRUE	sandwich captured	2.4462149717629	9.21924287572047	FALSE
H3K9ac_peaks_TrynkaL2	H3K9ac_peaks_Trynka	H3K9ac_peaks_TrynkaL2	baseline	NA	COMP	4.66656208687563	4.45717697209363	-0.209385114781997	2.62291486951823	-0.0798291691489231	0.936373124724942	0.000101626016260163	FALSE	TRUE	FALSE	FALSE	sandwich captured	4.66656208687563	4.45717697209363	FALSE
H3K9ac_peaks_TrynkaL2	H3K9ac_peaks_Trynka	H3K9ac_peaks_TrynkaL2	baseline	NA	INT	3.36530236084668	-1.56941016235443	-4.93471252320111	3.08095143472656	-1.60168461845264	0.109225368212104	0.000101626016260163	FALSE	TRUE	FALSE	FALSE	sandwich captured	3.36530236084668	-1.56941016235443	FALSE
H3K9ac_peaks_TrynkaL2	H3K9ac_peaks_Trynka	H3K9ac_peaks_TrynkaL2	baseline	NA	SUD	2.04012943890678	-61.5185800277265	-63.5587094666332	68.4955041112737	-0.927925274677585	0.353446332780324	0.000101626016260163	FALSE	TRUE	FALSE	FALSE	sandwich captured	2.04012943890678	-61.5185800277265	FALSE
Human_Enhancer_VillarL2	Human_Enhancer_Villar	Human_Enhancer_VillarL2	baseline	NA	COMP	1.78483397158092	3.45273996753114	1.66790599595023	1.32834946269091	1.2556228935204	0.20925272700516	0.000101626016260163	FALSE	TRUE	FALSE	FALSE	sandwich captured	1.78483397158092	3.45273996753114	FALSE
Human_Enhancer_VillarL2	Human_Enhancer_Villar	Human_Enhancer_VillarL2	baseline	NA	INT	2.71587205015026	3.13748742702797	0.421615376877708	1.67824970889373	0.251223268291599	0.801641495813092	0.000101626016260163	FALSE	TRUE	FALSE	FALSE	sandwich captured	2.71587205015026	3.13748742702797	FALSE
Human_Enhancer_VillarL2	Human_Enhancer_Villar	Human_Enhancer_VillarL2	baseline	NA	SUD	2.73973522253259	-7.04277900549404	-9.78251422802663	34.0575669549713	-0.287234676539297	0.773932636441104	0.000101626016260163	FALSE	TRUE	FALSE	FALSE	sandwich captured	2.73973522253259	-7.04277900549404	FALSE
Human_Promoter_VillarL2	Human_Promoter_Villar	Human_Promoter_VillarL2	baseline	NA	COMP	NA	NA	NA	NA	NA	NA	0.000101626016260163	FALSE	TRUE	FALSE	FALSE	no sandwich capture	NA	NA	FALSE
Human_Promoter_VillarL2	Human_Promoter_Villar	Human_Promoter_VillarL2	baseline	NA	INT	NA	NA	NA	NA	NA	NA	0.000101626016260163	FALSE	TRUE	FALSE	FALSE	no sandwich capture	NA	NA	FALSE
Human_Promoter_VillarL2	Human_Promoter_Villar	Human_Promoter_VillarL2	baseline	NA	SUD	NA	NA	NA	NA	NA	NA	0.000101626016260163	FALSE	TRUE	FALSE	FALSE	no sandwich capture	NA	NA	FALSE
Human_Promoter_Villar_ExACL2	Human_Promoter_Villar_ExAC	Human_Promoter_Villar_ExACL2	baseline	NA	COMP	19.3585154620236	13.1342481719432	-6.22426729008036	7.25837665026944	-0.857528837367417	0.391152684635721	0.000101626016260163	FALSE	TRUE	FALSE	FALSE	sandwich captured	19.3585154620236	13.1342481719432	FALSE
Human_Promoter_Villar_ExACL2	Human_Promoter_Villar_ExAC	Human_Promoter_Villar_ExACL2	baseline	NA	INT	10.2906426657855	12.3448336503828	2.0541909845973	8.6252971282473	0.23815886618792	0.811757879300507	0.000101626016260163	FALSE	TRUE	FALSE	FALSE	sandwich captured	10.2906426657855	12.3448336503828	FALSE
Human_Promoter_Villar_ExACL2	Human_Promoter_Villar_ExAC	Human_Promoter_Villar_ExACL2	baseline	NA	SUD	10.132155294408	-58.5427874397201	-68.6749427341281	144.682217961213	-0.474660560930429	0.635028932987955	0.000101626016260163	FALSE	TRUE	FALSE	FALSE	sandwich captured	10.132155294408	-58.5427874397201	FALSE
Intron_UCSCL2	Intron_UCSC	Intron_UCSCL2	baseline	NA	COMP	1.39515325659891	1.14174751606783	-0.253405740531083	0.471847930701596	-0.537049595945649	0.591233356060347	0.000101626016260163	FALSE	FALSE	FALSE	TRUE	sandwich captured	1.39515325659891	1.14174751606783	FALSE
Intron_UCSCL2	Intron_UCSC	Intron_UCSCL2	baseline	NA	INT	1.33004746706201	1.38572975629337	0.0556822892313624	0.584878166218898	0.0952032276932743	0.924153406305769	0.000101626016260163	FALSE	FALSE	FALSE	TRUE	sandwich captured	1.33004746706201	1.38572975629337	FALSE
Intron_UCSCL2	Intron_UCSC	Intron_UCSCL2	baseline	NA	SUD	1.25018191022111	2.19948574121949	0.949303830998386	10.3437971128222	0.0917751789448406	0.926876665150184	0.000101626016260163	FALSE	FALSE	FALSE	TRUE	sandwich captured	1.25018191022111	2.19948574121949	FALSE
MAFbin10L2	MAFbin10	MAFbin10L2	baseline	NA	COMP	1.34049525290016	1.37200905901687	0.0315138061167142	0.460962127362655	0.0683652826253146	0.945494857598526	0.000101626016260163	FALSE	FALSE	FALSE	TRUE	sandwich captured	1.34049525290016	1.37200905901687	FALSE
MAFbin10L2	MAFbin10	MAFbin10L2	baseline	NA	INT	1.30984038562116	0.554056056013827	-0.755784329607331	0.620888852190819	-1.21726187696966	0.223504594199964	0.000101626016260163	FALSE	FALSE	FALSE	TRUE	sandwich captured	1.30984038562116	0.554056056013827	FALSE
MAFbin10L2	MAFbin10	MAFbin10L2	baseline	NA	SUD	1.28781055556169	-0.508347580419106	-1.79615813598079	9.81434447365838	-0.183013561507003	0.854787377789186	0.000101626016260163	FALSE	FALSE	FALSE	TRUE	sandwich captured	1.28781055556169	-0.508347580419106	FALSE
MAFbin1L2	MAFbin1	MAFbin1L2	baseline	NA	COMP	NA	NA	NA	NA	NA	NA	0.000101626016260163	FALSE	TRUE	FALSE	FALSE	no sandwich capture	NA	NA	FALSE
MAFbin1L2	MAFbin1	MAFbin1L2	baseline	NA	INT	NA	NA	NA	NA	NA	NA	0.000101626016260163	FALSE	TRUE	FALSE	FALSE	no sandwich capture	NA	NA	FALSE
MAFbin1L2	MAFbin1	MAFbin1L2	baseline	NA	SUD	NA	NA	NA	NA	NA	NA	0.000101626016260163	FALSE	TRUE	FALSE	FALSE	no sandwich capture	NA	NA	FALSE
MAFbin2L2	MAFbin2	MAFbin2L2	baseline	NA	COMP	0.594829212101713	0.776534266350703	0.181705054248989	0.279581600337872	0.649917784394253	0.51574532976709	0.000101626016260163	FALSE	TRUE	FALSE	FALSE	sandwich captured	0.594829212101713	0.776534266350703	FALSE
MAFbin2L2	MAFbin2	MAFbin2L2	baseline	NA	INT	0.659998822799007	0.80339112954502	0.143392306746013	0.372924749497604	0.384507348839647	0.700602450181012	0.000101626016260163	FALSE	TRUE	FALSE	FALSE	sandwich captured	0.659998822799007	0.80339112954502	FALSE
MAFbin2L2	MAFbin2	MAFbin2L2	baseline	NA	SUD	0.565821427484831	-0.422527763108846	-0.988349190593676	7.0614574025479	-0.139963910316454	0.888688505044839	0.000101626016260163	FALSE	TRUE	FALSE	FALSE	sandwich captured	0.565821427484831	-0.422527763108846	FALSE
MAFbin3L2	MAFbin3	MAFbin3L2	baseline	NA	COMP	0.619735343886673	0.0555857585702443	-0.564149585316429	0.353530634960802	-1.59575869677879	0.110542678090722	0.000101626016260163	FALSE	TRUE	FALSE	FALSE	sandwich captured	0.619735343886673	0.0555857585702443	FALSE
MAFbin3L2	MAFbin3	MAFbin3L2	baseline	NA	INT	0.672659899965317	0.738832100473264	0.0661722005079469	0.433509061766268	0.152643177142222	0.878679673528974	0.000101626016260163	FALSE	TRUE	FALSE	FALSE	sandwich captured	0.672659899965317	0.738832100473264	FALSE
MAFbin3L2	MAFbin3	MAFbin3L2	baseline	NA	SUD	0.737697629675763	-4.21489734058869	-4.95259497026446	7.85883185380985	-0.6301948002442	0.528567140884892	0.000101626016260163	FALSE	TRUE	FALSE	FALSE	sandwich captured	0.737697629675763	-4.21489734058869	FALSE
MAFbin4L2	MAFbin4	MAFbin4L2	baseline	NA	COMP	0.873324260565514	1.22218118212592	0.348856921560404	0.38873787014783	0.897409149841101	0.36950063191104	0.000101626016260163	FALSE	TRUE	FALSE	FALSE	sandwich captured	0.873324260565514	1.22218118212592	FALSE
MAFbin4L2	MAFbin4	MAFbin4L2	baseline	NA	INT	0.826716790849468	0.448793714928431	-0.377923075921037	0.493605911085825	-0.765637257239666	0.443892169404284	0.000101626016260163	FALSE	TRUE	FALSE	FALSE	sandwich captured	0.826716790849468	0.448793714928431	FALSE
MAFbin4L2	MAFbin4	MAFbin4L2	baseline	NA	SUD	1.03179737665234	-8.05997537579481	-9.09177275244715	8.69567881911767	-1.04555066275662	0.295768538198395	0.000101626016260163	FALSE	TRUE	FALSE	FALSE	sandwich captured	1.03179737665234	-8.05997537579481	FALSE
MAFbin5L2	MAFbin5	MAFbin5L2	baseline	NA	COMP	NA	NA	NA	NA	NA	NA	0.000101626016260163	FALSE	TRUE	FALSE	FALSE	no sandwich capture	NA	NA	FALSE
MAFbin5L2	MAFbin5	MAFbin5L2	baseline	NA	INT	NA	NA	NA	NA	NA	NA	0.000101626016260163	FALSE	TRUE	FALSE	FALSE	no sandwich capture	NA	NA	FALSE
MAFbin5L2	MAFbin5	MAFbin5L2	baseline	NA	SUD	NA	NA	NA	NA	NA	NA	0.000101626016260163	FALSE	TRUE	FALSE	FALSE	no sandwich capture	NA	NA	FALSE
MAFbin6L2	MAFbin6	MAFbin6L2	baseline	NA	COMP	NA	NA	NA	NA	NA	NA	0.000101626016260163	FALSE	TRUE	FALSE	FALSE	no sandwich capture	NA	NA	FALSE
MAFbin6L2	MAFbin6	MAFbin6L2	baseline	NA	INT	NA	NA	NA	NA	NA	NA	0.000101626016260163	FALSE	TRUE	FALSE	FALSE	no sandwich capture	NA	NA	FALSE
MAFbin6L2	MAFbin6	MAFbin6L2	baseline	NA	SUD	NA	NA	NA	NA	NA	NA	0.000101626016260163	FALSE	TRUE	FALSE	FALSE	no sandwich capture	NA	NA	FALSE
MAFbin7L2	MAFbin7	MAFbin7L2	baseline	NA	COMP	0.974914692507627	1.15333327810174	0.178418585594117	0.460083430404451	0.387796155660882	0.698166890675145	0.000101626016260163	FALSE	TRUE	FALSE	FALSE	sandwich captured	0.974914692507627	1.15333327810174	FALSE
MAFbin7L2	MAFbin7	MAFbin7L2	baseline	NA	INT	1.15008612585892	1.15794067273309	0.00785454687417486	0.55904238846766	0.0140500023543908	0.988790088854272	0.000101626016260163	FALSE	TRUE	FALSE	FALSE	sandwich captured	1.15008612585892	1.15794067273309	FALSE
MAFbin7L2	MAFbin7	MAFbin7L2	baseline	NA	SUD	1.35344132580417	6.52963028224491	5.17618895644074	10.1628592717663	0.509324080755584	0.610525081430891	0.000101626016260163	FALSE	TRUE	FALSE	FALSE	sandwich captured	1.35344132580417	6.52963028224491	FALSE
MAFbin8L2	MAFbin8	MAFbin8L2	baseline	NA	COMP	1.20822068983512	0.806696514635556	-0.401524175199565	0.502078070948837	-0.799724581559113	0.423870387537382	0.000101626016260163	FALSE	TRUE	FALSE	FALSE	sandwich captured	1.20822068983512	0.806696514635556	FALSE
MAFbin8L2	MAFbin8	MAFbin8L2	baseline	NA	INT	0.958049340397629	1.0580625822435	0.100013241845873	0.630901076781905	0.158524443096562	0.874043561375111	0.000101626016260163	FALSE	TRUE	FALSE	FALSE	sandwich captured	0.958049340397629	1.0580625822435	FALSE
MAFbin8L2	MAFbin8	MAFbin8L2	baseline	NA	SUD	0.885181401045989	-11.3465039880788	-12.2316853891247	11.0837268256935	-1.1035715316233	0.26977904608908	0.000101626016260163	FALSE	TRUE	FALSE	FALSE	sandwich captured	0.885181401045989	-11.3465039880788	FALSE
MAFbin9L2	MAFbin9	MAFbin9L2	baseline	NA	COMP	1.66404950599823	1.76482382130309	0.100774315304861	0.45578329381683	0.221101380133867	0.825013495660057	0.000101626016260163	FALSE	TRUE	FALSE	FALSE	sandwich captured	1.66404950599823	1.76482382130309	FALSE
MAFbin9L2	MAFbin9	MAFbin9L2	baseline	NA	INT	1.6889476138246	1.99697704976379	0.308029435939194	0.581418348370251	0.52978967176151	0.596257766939334	0.000101626016260163	FALSE	TRUE	FALSE	FALSE	sandwich captured	1.6889476138246	1.99697704976379	FALSE
MAFbin9L2	MAFbin9	MAFbin9L2	baseline	NA	SUD	1.43384054375462	11.9544297515633	10.5205892078087	10.6917558690788	0.983990780993686	0.325120045758716	0.000101626016260163	FALSE	TRUE	FALSE	FALSE	sandwich captured	1.43384054375462	11.9544297515633	FALSE
MGL2	MG	MGL2	custom	Microglia	COMP	7.71613170514517	9.97398410194857	2.2578523968034	5.18382722457801	0.43555703131815	0.663158152005811	0.000101626016260163	FALSE	FALSE	FALSE	TRUE	sandwich captured	7.71613170514517	9.97398410194857	FALSE
MGL2	MG	MGL2	custom	Microglia	INT	10.0097222970876	13.3163426766108	3.30662037952322	6.11818157918026	0.5404580326245	0.588881195714853	0.000101626016260163	FALSE	FALSE	FALSE	TRUE	sandwich captured	10.0097222970876	13.3163426766108	FALSE
MGL2	MG	MGL2	custom	Microglia	SUD	10.2741231775095	129.447984934423	119.173861756914	118.443440966437	1.0061668319032	0.314335324339514	0.000101626016260163	FALSE	FALSE	FALSE	TRUE	sandwich captured	10.2741231775095	129.447984934423	FALSE
NSCL2	NSC	NSCL2	custom	Neuronal Stem Cells	COMP	8.73747664302086	8.31343521820847	-0.424041424812389	5.41638836025813	-0.0782885931746926	0.937598490941338	0.000101626016260163	FALSE	TRUE	FALSE	FALSE	sandwich captured	8.73747664302086	8.31343521820847	FALSE
NSCL2	NSC	NSCL2	custom	Neuronal Stem Cells	INT	11.7225444765495	13.383544388124	1.66099991157444	5.87038512072766	0.282945646225089	0.777218503022009	0.000101626016260163	FALSE	TRUE	FALSE	FALSE	sandwich captured	11.7225444765495	13.383544388124	FALSE
NSCL2	NSC	NSCL2	custom	Neuronal Stem Cells	SUD	9.57383243646194	66.3471430351718	56.7733105987098	125.623486420287	0.451932295596131	0.651317757698607	0.000101626016260163	FALSE	TRUE	FALSE	FALSE	sandwich captured	9.57383243646194	66.3471430351718	FALSE
ODCL2	ODC	ODCL2	custom	Oligodendrocytes	COMP	9.33990918082002	16.7007769941168	7.36086781329675	5.02433262045437	1.4650438912683	0.142908943254318	0.000101626016260163	FALSE	FALSE	FALSE	TRUE	sandwich captured	9.33990918082002	16.7007769941168	FALSE
ODCL2	ODC	ODCL2	custom	Oligodendrocytes	INT	5.24439369977078	12.4403701203536	7.1959764205828	6.69600170145377	1.07466765114777	0.282523551667849	0.000101626016260163	FALSE	FALSE	FALSE	TRUE	sandwich captured	5.24439369977078	12.4403701203536	FALSE
ODCL2	ODC	ODCL2	custom	Oligodendrocytes	SUD	8.4462323840003	182.194350524731	173.748118140731	108.843931910075	1.59630504973193	0.110420703225885	0.000101626016260163	FALSE	FALSE	FALSE	TRUE	sandwich captured	8.4462323840003	182.194350524731	FALSE
OPCL2	OPC	OPCL2	custom	Oligodendrocyte Precursor Cells	COMP	8.90598874359149	5.15132797056166	-3.75466077302983	4.9334211610958	-0.761066337218177	0.446617445665306	0.000101626016260163	FALSE	FALSE	FALSE	TRUE	sandwich captured	8.90598874359149	5.15132797056166	FALSE
OPCL2	OPC	OPCL2	custom	Oligodendrocyte Precursor Cells	INT	9.72608802399046	7.36409471003946	-2.361993313951	6.69643506555334	-0.352723992815396	0.724295370364553	0.000101626016260163	FALSE	FALSE	FALSE	TRUE	sandwich captured	9.72608802399046	7.36409471003946	FALSE
OPCL2	OPC	OPCL2	custom	Oligodendrocyte Precursor Cells	SUD	10.7830667169312	49.1551704099107	38.3721036929795	113.394288235533	0.338395383842229	0.735065252328669	0.000101626016260163	FALSE	FALSE	FALSE	TRUE	sandwich captured	10.7830667169312	49.1551704099107	FALSE
PIL2	PI	PIL2	custom	PI Genes	COMP	11.2469391752215	13.0759683059738	1.82902913075227	3.9695794920887	0.46076143188403	0.644969775236761	0.000101626016260163	FALSE	TRUE	FALSE	FALSE	sandwich captured	11.2469391752215	13.0759683059738	FALSE
PIL2	PI	PIL2	custom	PI Genes	INT	10.7110106598534	10.5613383633358	-0.149672296517517	5.09914835335821	-0.0293524106665666	0.976583527220112	0.000101626016260163	FALSE	TRUE	FALSE	FALSE	sandwich captured	10.7110106598534	10.5613383633358	FALSE
PIL2	PI	PIL2	custom	PI Genes	SUD	9.39474367565578	-87.5362367414029	-96.9309804170587	88.4116314498941	-1.09636004706002	0.272921240983994	0.000101626016260163	FALSE	TRUE	FALSE	FALSE	sandwich captured	9.39474367565578	-87.5362367414029	FALSE
PI_x_ASC1L2	PI_x_ASC1	PI_x_ASC1L2	custom	PI x ASC1	COMP	NA	NA	NA	NA	NA	NA	0.000101626016260163	FALSE	TRUE	FALSE	FALSE	no sandwich capture	NA	NA	FALSE
PI_x_ASC1L2	PI_x_ASC1	PI_x_ASC1L2	custom	PI x ASC1	INT	NA	NA	NA	NA	NA	NA	0.000101626016260163	FALSE	TRUE	FALSE	FALSE	no sandwich capture	NA	NA	FALSE
PI_x_ASC1L2	PI_x_ASC1	PI_x_ASC1L2	custom	PI x ASC1	SUD	NA	NA	NA	NA	NA	NA	0.000101626016260163	FALSE	TRUE	FALSE	FALSE	no sandwich capture	NA	NA	FALSE
PI_x_ASC2L2	PI_x_ASC2	PI_x_ASC2L2	custom	PI x ASC2	COMP	8.30911953319301	-15.5212093960373	-23.8303289292303	10.01477151016	-2.37951798551313	0.0173352970353086	0.000101626016260163	FALSE	FALSE	FALSE	TRUE	sandwich captured	8.30911953319301	-15.5212093960373	FALSE
PI_x_ASC2L2	PI_x_ASC2	PI_x_ASC2L2	custom	PI x ASC2	INT	10.5835033407004	4.10939365727836	-6.47410968342201	13.9173193953019	-0.465183667884168	0.641799933482803	0.000101626016260163	FALSE	FALSE	FALSE	TRUE	sandwich captured	10.5835033407004	4.10939365727836	FALSE
PI_x_ASC2L2	PI_x_ASC2	PI_x_ASC2L2	custom	PI x ASC2	SUD	5.33371049057094	-455.883080243423	-461.216790733994	252.217591194955	-1.82864640229432	0.0674525965563483	0.000101626016260163	FALSE	FALSE	FALSE	TRUE	sandwich captured	5.33371049057094	-455.883080243423	FALSE
PI_x_ENDL2	PI_x_END	PI_x_ENDL2	custom	PI x Endothelial Cells	COMP	10.2990592750943	9.06675686782008	-1.23230240727423	8.21466677128656	-0.150012464483844	0.880754781306215	0.000101626016260163	FALSE	TRUE	FALSE	FALSE	sandwich captured	10.2990592750943	9.06675686782008	FALSE
PI_x_ENDL2	PI_x_END	PI_x_ENDL2	custom	PI x Endothelial Cells	INT	12.0059041954641	13.4561015220796	1.45019732661557	10.7783371099744	0.134547408549093	0.892969725262822	0.000101626016260163	FALSE	TRUE	FALSE	FALSE	sandwich captured	12.0059041954641	13.4561015220797	FALSE
PI_x_ENDL2	PI_x_END	PI_x_ENDL2	custom	PI x Endothelial Cells	SUD	9.47355371199873	-93.9936109284042	-103.467164640403	191.274119523331	-0.540936562135279	0.588551308857416	0.000101626016260163	FALSE	TRUE	FALSE	FALSE	sandwich captured	9.47355371199873	-93.9936109284042	FALSE
PI_x_GABA1L2	PI_x_GABA1	PI_x_GABA1L2	custom	PI x GABA1	COMP	12.0296700833347	6.27723545215947	-5.75243463117525	7.44952829326491	-0.772187768771347	0.440003224713049	0.000101626016260163	FALSE	TRUE	FALSE	FALSE	sandwich captured	12.0296700833347	6.27723545215947	FALSE
PI_x_GABA1L2	PI_x_GABA1	PI_x_GABA1L2	custom	PI x GABA1	INT	17.0342631532587	27.1619004868639	10.1276373336052	8.4616775184394	1.19688292440068	0.231352190621956	0.000101626016260163	FALSE	TRUE	FALSE	FALSE	sandwich captured	17.0342631532587	27.1619004868639	FALSE
PI_x_GABA1L2	PI_x_GABA1	PI_x_GABA1L2	custom	PI x GABA1	SUD	8.34648769085008	44.2885438468427	35.9420561559926	185.299934817144	0.193966912030815	0.846201790208957	0.000101626016260163	FALSE	TRUE	FALSE	FALSE	sandwich captured	8.34648769085008	44.2885438468427	FALSE
PI_x_GABA2L2	PI_x_GABA2	PI_x_GABA2L2	custom	PI x GABA2	COMP	12.5613336865758	14.7975643112989	2.23623062472307	7.31297723207478	0.305789359621543	0.759765030457481	0.000101626016260163	FALSE	FALSE	FALSE	TRUE	sandwich captured	12.5613336865758	14.7975643112989	FALSE
PI_x_GABA2L2	PI_x_GABA2	PI_x_GABA2L2	custom	PI x GABA2	INT	18.9025309281211	20.7107856982624	1.80825477014129	9.24835544774706	0.195521763880927	0.844984501349294	0.000101626016260163	FALSE	FALSE	FALSE	TRUE	sandwich captured	18.9025309281211	20.7107856982624	FALSE
PI_x_GABA2L2	PI_x_GABA2	PI_x_GABA2L2	custom	PI x GABA2	SUD	14.2861420267226	-85.3069602114352	-99.5931022381578	179.551502629908	-0.55467707470786	0.579115559701559	0.000101626016260163	FALSE	FALSE	FALSE	TRUE	sandwich captured	14.2861420267226	-85.3069602114352	FALSE
PI_x_MGL2	PI_x_MG	PI_x_MGL2	custom	PI x Microglia	COMP	NA	NA	NA	NA	NA	NA	0.000101626016260163	FALSE	TRUE	FALSE	FALSE	no sandwich capture	NA	NA	FALSE
PI_x_MGL2	PI_x_MG	PI_x_MGL2	custom	PI x Microglia	INT	NA	NA	NA	NA	NA	NA	0.000101626016260163	FALSE	TRUE	FALSE	FALSE	no sandwich capture	NA	NA	FALSE
PI_x_MGL2	PI_x_MG	PI_x_MGL2	custom	PI x Microglia	SUD	NA	NA	NA	NA	NA	NA	0.000101626016260163	FALSE	TRUE	FALSE	FALSE	no sandwich capture	NA	NA	FALSE
PI_x_NSCL2	PI_x_NSC	PI_x_NSCL2	custom	PI x Neuronal Stem Cells	COMP	16.028622667208	18.4244654496304	2.39584278242239	11.4081706460065	0.210011127705306	0.83365898805204	0.000101626016260163	FALSE	FALSE	FALSE	TRUE	sandwich captured	16.028622667208	18.4244654496304	FALSE
PI_x_NSCL2	PI_x_NSC	PI_x_NSCL2	custom	PI x Neuronal Stem Cells	INT	21.1117219333625	16.713378822355	-4.39834311100751	13.43437433952	-0.327394711495338	0.743369365881927	0.000101626016260163	FALSE	FALSE	FALSE	TRUE	sandwich captured	21.1117219333625	16.713378822355	FALSE
PI_x_NSCL2	PI_x_NSC	PI_x_NSCL2	custom	PI x Neuronal Stem Cells	SUD	19.1930898658756	130.31955069458	111.126460828704	262.900564796418	0.422693883958586	0.672518618446432	0.000101626016260163	FALSE	FALSE	FALSE	TRUE	sandwich captured	19.1930898658756	130.31955069458	FALSE
PI_x_ODCL2	PI_x_ODC	PI_x_ODCL2	custom	PI x Oligodendrocytes	COMP	14.2738384724902	15.8347575643495	1.56091909185925	8.67735470758625	0.179884209469345	0.857243472002773	0.000101626016260163	FALSE	FALSE	FALSE	TRUE	sandwich captured	14.2738384724902	15.8347575643495	FALSE
PI_x_ODCL2	PI_x_ODC	PI_x_ODCL2	custom	PI x Oligodendrocytes	INT	9.13874063401594	6.85737175375211	-2.28136888026384	10.1755307994078	-0.224201461843799	0.822600546038922	0.000101626016260163	FALSE	FALSE	FALSE	TRUE	sandwich captured	9.13874063401594	6.85737175375211	FALSE
PI_x_ODCL2	PI_x_ODC	PI_x_ODCL2	custom	PI x Oligodendrocytes	SUD	11.2288899105542	-15.6535857434188	-26.882475653973	180.652209650337	-0.148807898370054	0.881705218038004	0.000101626016260163	FALSE	FALSE	FALSE	TRUE	sandwich captured	11.2288899105542	-15.6535857434188	FALSE
PI_x_OPCL2	PI_x_OPC	PI_x_OPCL2	custom	PI x Oligodendrocyte Precursor Cells	COMP	13.4745237424335	4.64141543234439	-8.83310831008909	8.73500914695644	-1.01123057360127	0.311906085907894	0.000101626016260163	FALSE	TRUE	FALSE	FALSE	sandwich captured	13.4745237424335	4.64141543234439	FALSE
PI_x_OPCL2	PI_x_OPC	PI_x_OPCL2	custom	PI x Oligodendrocyte Precursor Cells	INT	17.7637003304635	13.1127581529501	-4.65094217751339	10.6863855925984	-0.435221257665894	0.663401833999069	0.000101626016260163	FALSE	TRUE	FALSE	FALSE	sandwich captured	17.7637003304635	13.1127581529501	FALSE
PI_x_OPCL2	PI_x_OPC	PI_x_OPCL2	custom	PI x Oligodendrocyte Precursor Cells	SUD	15.6561466188417	-95.6908600147857	-111.347006633627	210.830456907415	-0.528135300121865	0.597405431628082	0.000101626016260163	FALSE	TRUE	FALSE	FALSE	sandwich captured	15.6561466188417	-95.6908600147857	FALSE
PI_x_exCA1L2	PI_x_exCA1	PI_x_exCA1L2	custom	PI x exCA1	COMP	18.5058096312014	23.8625679772426	5.35675834604121	8.57437235472926	0.624740578601844	0.532141335853961	0.000101626016260163	FALSE	FALSE	FALSE	TRUE	sandwich captured	18.5058096312014	23.8625679772426	FALSE
PI_x_exCA1L2	PI_x_exCA1	PI_x_exCA1L2	custom	PI x exCA1	INT	14.3960577204172	12.2417769101128	-2.15428081030438	10.3145651990706	-0.208858131072603	0.834558989851029	0.000101626016260163	FALSE	FALSE	FALSE	TRUE	sandwich captured	14.3960577204172	12.2417769101128	FALSE
PI_x_exCA1L2	PI_x_exCA1	PI_x_exCA1L2	custom	PI x exCA1	SUD	12.1253938467489	-167.676557564234	-179.801951410983	190.008097114936	-0.946285732771805	0.344002868336734	0.000101626016260163	FALSE	FALSE	FALSE	TRUE	sandwich captured	12.1253938467489	-167.676557564234	FALSE
PI_x_exCA3L2	PI_x_exCA3	PI_x_exCA3L2	custom	PI x exCA3	COMP	16.2367045317095	11.1239433801795	-5.11276115153007	9.16980398561787	-0.557564933726941	0.577141507223278	0.000101626016260163	FALSE	FALSE	FALSE	TRUE	sandwich captured	16.2367045317095	11.1239433801795	FALSE
PI_x_exCA3L2	PI_x_exCA3	PI_x_exCA3L2	custom	PI x exCA3	INT	13.8657715385136	17.1232138019231	3.25744226340954	9.93799170402588	0.327776713889784	0.74308049514265	0.000101626016260163	FALSE	FALSE	FALSE	TRUE	sandwich captured	13.8657715385136	17.1232138019231	FALSE
PI_x_exCA3L2	PI_x_exCA3	PI_x_exCA3L2	custom	PI x exCA3	SUD	14.1795304382842	31.7630360970729	17.5835056587887	180.881732649888	0.097209958137802	0.922559660050969	0.000101626016260163	FALSE	FALSE	FALSE	TRUE	sandwich captured	14.1795304382842	31.7630360970729	FALSE
PI_x_exDGL2	PI_x_exDG	PI_x_exDGL2	custom	PI x exDG	COMP	NA	NA	NA	NA	NA	NA	0.000101626016260163	FALSE	TRUE	FALSE	FALSE	no sandwich capture	NA	NA	FALSE
PI_x_exDGL2	PI_x_exDG	PI_x_exDGL2	custom	PI x exDG	INT	NA	NA	NA	NA	NA	NA	0.000101626016260163	FALSE	TRUE	FALSE	FALSE	no sandwich capture	NA	NA	FALSE
PI_x_exDGL2	PI_x_exDG	PI_x_exDGL2	custom	PI x exDG	SUD	NA	NA	NA	NA	NA	NA	0.000101626016260163	FALSE	TRUE	FALSE	FALSE	no sandwich capture	NA	NA	FALSE
PI_x_exPFC1L2	PI_x_exPFC1	PI_x_exPFC1L2	custom	PI x exPFC1	COMP	16.8861935576308	22.680390063453	5.79419650582211	7.39256135004323	0.783787408918593	0.433164863145849	0.000101626016260163	FALSE	FALSE	FALSE	TRUE	sandwich captured	16.8861935576308	22.680390063453	FALSE
PI_x_exPFC1L2	PI_x_exPFC1	PI_x_exPFC1L2	custom	PI x exPFC1	INT	18.9714647587599	20.5527519415335	1.58128718277359	8.47968777830139	0.186479411048592	0.852068823269741	0.000101626016260163	FALSE	FALSE	FALSE	TRUE	sandwich captured	18.9714647587599	20.5527519415335	FALSE
PI_x_exPFC1L2	PI_x_exPFC1	PI_x_exPFC1L2	custom	PI x exPFC1	SUD	12.1144564038223	-120.826026941879	-132.940483345701	166.664197356767	-0.797654718014356	0.425070888200534	0.000101626016260163	FALSE	FALSE	FALSE	TRUE	sandwich captured	12.1144564038223	-120.826026941879	FALSE
PI_x_exPFC2L2	PI_x_exPFC2	PI_x_exPFC2L2	custom	PI x exPFC2	COMP	11.5891642683685	12.8320462196537	1.24288195128521	7.29032581156149	0.170483731922402	0.864629727126609	0.000101626016260163	FALSE	FALSE	FALSE	TRUE	sandwich captured	11.5891642683685	12.8320462196537	FALSE
PI_x_exPFC2L2	PI_x_exPFC2	PI_x_exPFC2L2	custom	PI x exPFC2	INT	11.6129207158166	15.3849010674433	3.77198035162665	8.80266044130108	0.428504584128787	0.668283796786774	0.000101626016260163	FALSE	FALSE	FALSE	TRUE	sandwich captured	11.6129207158166	15.3849010674433	FALSE
PI_x_exPFC2L2	PI_x_exPFC2	PI_x_exPFC2L2	custom	PI x exPFC2	SUD	7.27702589965537	-145.879480676224	-153.156506575879	178.861277678108	-0.856286551030407	0.391839298458543	0.000101626016260163	FALSE	FALSE	FALSE	TRUE	sandwich captured	7.27702589965537	-145.879480676224	FALSE
PromoterFlanking_HoffmanL2	PromoterFlanking_Hoffman	PromoterFlanking_HoffmanL2	baseline	NA	COMP	NA	NA	NA	NA	NA	NA	0.000101626016260163	FALSE	TRUE	FALSE	FALSE	no sandwich capture	NA	NA	FALSE
PromoterFlanking_HoffmanL2	PromoterFlanking_Hoffman	PromoterFlanking_HoffmanL2	baseline	NA	INT	NA	NA	NA	NA	NA	NA	0.000101626016260163	FALSE	TRUE	FALSE	FALSE	no sandwich capture	NA	NA	FALSE
PromoterFlanking_HoffmanL2	PromoterFlanking_Hoffman	PromoterFlanking_HoffmanL2	baseline	NA	SUD	NA	NA	NA	NA	NA	NA	0.000101626016260163	FALSE	TRUE	FALSE	FALSE	no sandwich capture	NA	NA	FALSE
Promoter_UCSCL2	Promoter_UCSC	Promoter_UCSCL2	baseline	NA	COMP	2.66478654090795	2.58856224340006	-0.0762242975078893	1.32765110262014	-0.0574128981307357	0.954216288727875	0.000101626016260163	FALSE	FALSE	FALSE	TRUE	sandwich captured	2.66478654090795	2.58856224340006	FALSE
Promoter_UCSCL2	Promoter_UCSC	Promoter_UCSCL2	baseline	NA	INT	0.998434410454473	1.877790870332	0.879356459877522	1.74173222028837	0.504874658477598	0.613646874104938	0.000101626016260163	FALSE	FALSE	FALSE	TRUE	sandwich captured	0.998434410454473	1.877790870332	FALSE
Promoter_UCSCL2	Promoter_UCSC	Promoter_UCSCL2	baseline	NA	SUD	1.194275943961	-51.6496926744951	-52.8439686184561	29.8877518125102	-1.76808108384844	0.0770473492928929	0.000101626016260163	FALSE	FALSE	FALSE	TRUE	sandwich captured	1.194275943961	-51.6496926744951	FALSE
Repressed_HoffmanL2	Repressed_Hoffman	Repressed_HoffmanL2	baseline	NA	COMP	0.896956007557158	0.853612124893527	-0.0433438826636304	0.312660460834571	-0.138629241919283	0.889743134708797	0.000101626016260163	FALSE	TRUE	FALSE	FALSE	sandwich captured	0.896956007557158	0.853612124893527	FALSE
Repressed_HoffmanL2	Repressed_Hoffman	Repressed_HoffmanL2	baseline	NA	INT	0.887090272053044	0.89008340126614	0.00299312921309591	0.383482138085496	0.00780513331869607	0.993772467860388	0.000101626016260163	FALSE	TRUE	FALSE	FALSE	sandwich captured	0.887090272053044	0.89008340126614	FALSE
Repressed_HoffmanL2	Repressed_Hoffman	Repressed_HoffmanL2	baseline	NA	SUD	0.721330420263573	3.73493163061819	3.01360121035461	6.33057591854633	0.476039028538594	0.63404657321906	0.000101626016260163	FALSE	TRUE	FALSE	FALSE	sandwich captured	0.721330420263573	3.73493163061819	FALSE
SuperEnhancer_HniszL2	SuperEnhancer_Hnisz	SuperEnhancer_HniszL2	baseline	NA	COMP	1.51786343140735	1.76012299604035	0.242259564633003	0.519334520612496	0.466480765321137	0.640871412413939	0.000101626016260163	FALSE	TRUE	FALSE	FALSE	sandwich captured	1.51786343140735	1.76012299604035	FALSE
SuperEnhancer_HniszL2	SuperEnhancer_Hnisz	SuperEnhancer_HniszL2	baseline	NA	INT	1.50051944394278	1.43131301177379	-0.069206432168986	0.698245098337745	-0.0991148127408844	0.921047111133553	0.000101626016260163	FALSE	TRUE	FALSE	FALSE	sandwich captured	1.50051944394278	1.43131301177379	FALSE
SuperEnhancer_HniszL2	SuperEnhancer_Hnisz	SuperEnhancer_HniszL2	baseline	NA	SUD	1.52647964452084	-4.12331225551603	-5.64979190003688	11.5295144231321	-0.490028607683728	0.624113655471879	0.000101626016260163	FALSE	TRUE	FALSE	FALSE	sandwich captured	1.52647964452084	-4.12331225551603	FALSE
TFBS_ENCODEL2	TFBS_ENCODE	TFBS_ENCODEL2	baseline	NA	COMP	2.81395947765443	2.43748706212649	-0.376472415527932	1.18415411238417	-0.317925185236189	0.750541687938118	0.000101626016260163	FALSE	FALSE	FALSE	TRUE	sandwich captured	2.81395947765443	2.43748706212649	FALSE
TFBS_ENCODEL2	TFBS_ENCODE	TFBS_ENCODEL2	baseline	NA	INT	1.0490107427525	1.59000219851035	0.540991455757849	1.41493194370608	0.382344506507395	0.702205846391689	0.000101626016260163	FALSE	FALSE	FALSE	TRUE	sandwich captured	1.0490107427525	1.59000219851035	FALSE
TFBS_ENCODEL2	TFBS_ENCODE	TFBS_ENCODEL2	baseline	NA	SUD	1.51950126477465	32.4882349112638	30.9687336464891	28.3386430033853	1.09280933609946	0.274477521643497	0.000101626016260163	FALSE	FALSE	FALSE	TRUE	sandwich captured	1.51950126477465	32.4882349112638	FALSE
TSS_HoffmanL2	TSS_Hoffman	TSS_HoffmanL2	baseline	NA	COMP	4.29339118901432	5.51524675326875	1.22185556425442	2.72281035951061	0.448747948966242	0.653613491027819	0.000101626016260163	FALSE	FALSE	FALSE	TRUE	sandwich captured	4.29339118901432	5.51524675326875	FALSE
TSS_HoffmanL2	TSS_Hoffman	TSS_HoffmanL2	baseline	NA	INT	1.82860233865961	3.8221384602399	1.99353612158029	3.43382295966546	0.580558795545624	0.56153784957423	0.000101626016260163	FALSE	FALSE	FALSE	TRUE	sandwich captured	1.82860233865961	3.8221384602399	FALSE
TSS_HoffmanL2	TSS_Hoffman	TSS_HoffmanL2	baseline	NA	SUD	3.15617482957634	14.3890887279716	11.2329138983953	69.5644162666105	0.161474996862539	0.871719302537446	0.000101626016260163	FALSE	FALSE	FALSE	TRUE	sandwich captured	3.15617482957634	14.3890887279716	FALSE
Transcr_HoffmanL2	Transcr_Hoffman	Transcr_HoffmanL2	baseline	NA	COMP	0.815368494944129	1.12318590367784	0.307817408733711	0.452365199437593	0.680462177719259	0.496211862522963	0.000101626016260163	FALSE	FALSE	FALSE	TRUE	sandwich captured	0.815368494944129	1.12318590367784	FALSE
Transcr_HoffmanL2	Transcr_Hoffman	Transcr_HoffmanL2	baseline	NA	INT	1.121237556164	1.14830811340499	0.0270705572409895	0.615958806085041	0.0439486487952769	0.964945336606524	0.000101626016260163	FALSE	FALSE	FALSE	TRUE	sandwich captured	1.121237556164	1.14830811340499	FALSE
Transcr_HoffmanL2	Transcr_Hoffman	Transcr_HoffmanL2	baseline	NA	SUD	1.15912611248926	6.69801510421507	5.53888899172581	10.1964686031653	0.543216402393116	0.586980814548467	0.000101626016260163	FALSE	FALSE	FALSE	TRUE	sandwich captured	1.15912611248926	6.69801510421507	FALSE
UTR_3_UCSCL2	UTR_3_UCSC	UTR_3_UCSCL2	baseline	NA	COMP	5.10605856345633	15.1879773929552	10.0819188294988	5.08978014641141	1.98081617269995	0.0476118924629702	0.000101626016260163	FALSE	TRUE	FALSE	FALSE	sandwich captured	5.10605856345633	15.1879773929552	FALSE
UTR_3_UCSCL2	UTR_3_UCSC	UTR_3_UCSCL2	baseline	NA	INT	3.06067265691467	5.1773274205218	2.11665476360712	5.22903284119131	0.404788959620475	0.685632644806296	0.000101626016260163	FALSE	TRUE	FALSE	FALSE	sandwich captured	3.06067265691467	5.1773274205218	FALSE
UTR_3_UCSCL2	UTR_3_UCSC	UTR_3_UCSCL2	baseline	NA	SUD	3.58917821485734	-6.94638206487232	-10.5355602797297	116.31683493317	-0.0905764009636515	0.927829184139922	0.000101626016260163	FALSE	TRUE	FALSE	FALSE	sandwich captured	3.58917821485734	-6.94638206487231	FALSE
UTR_5_UCSCL2	UTR_5_UCSC	UTR_5_UCSCL2	baseline	NA	COMP	NA	NA	NA	NA	NA	NA	0.000101626016260163	FALSE	TRUE	FALSE	FALSE	no sandwich capture	NA	NA	FALSE
UTR_5_UCSCL2	UTR_5_UCSC	UTR_5_UCSCL2	baseline	NA	INT	NA	NA	NA	NA	NA	NA	0.000101626016260163	FALSE	TRUE	FALSE	FALSE	no sandwich capture	NA	NA	FALSE
UTR_5_UCSCL2	UTR_5_UCSC	UTR_5_UCSCL2	baseline	NA	SUD	NA	NA	NA	NA	NA	NA	0.000101626016260163	FALSE	TRUE	FALSE	FALSE	no sandwich capture	NA	NA	FALSE
WeakEnhancer_HoffmanL2	WeakEnhancer_Hoffman	WeakEnhancer_HoffmanL2	baseline	NA	COMP	2.51726424664902	2.0691440794126	-0.448120167236419	3.4187834109484	-0.131075916011921	0.895715253006208	0.000101626016260163	FALSE	TRUE	FALSE	FALSE	sandwich captured	2.51726424664902	2.0691440794126	FALSE
WeakEnhancer_HoffmanL2	WeakEnhancer_Hoffman	WeakEnhancer_HoffmanL2	baseline	NA	INT	2.00883250978601	3.85292379872076	1.84409128893475	4.25121470882324	0.433779852404868	0.664448313552235	0.000101626016260163	FALSE	TRUE	FALSE	FALSE	sandwich captured	2.00883250978601	3.85292379872076	FALSE
WeakEnhancer_HoffmanL2	WeakEnhancer_Hoffman	WeakEnhancer_HoffmanL2	baseline	NA	SUD	2.96805561365931	5.15188565893675	2.18383004527744	82.178868930368	0.0265741068683708	0.978799425690043	0.000101626016260163	FALSE	TRUE	FALSE	FALSE	sandwich captured	2.96805561365931	5.15188565893675	FALSE
baseL2	base	baseL2	baseline	NA	COMP	1.00000035110696	0.999998776153319	-1.57495363906079e-06	0.298587954298412	-5.27467239179638e-06	0.999995791420335	0.000101626016260163	FALSE	FALSE	FALSE	TRUE	sandwich captured	1.00000035110696	0.999998776153319	FALSE
baseL2	base	baseL2	baseline	NA	INT	1.00000071700474	0.999999349695693	-1.36730904998217e-06	0.392730670632232	-3.48154384729113e-06	0.999997222129917	0.000101626016260163	FALSE	FALSE	FALSE	TRUE	sandwich captured	1.00000071700474	0.999999349695693	FALSE
baseL2	base	baseL2	baseline	NA	SUD	0.999999823338221	0.999968060476107	-3.17628621139265e-05	6.4668868825401	-4.91161554096189e-06	0.999996081097791	0.000101626016260163	FALSE	FALSE	FALSE	TRUE	sandwich captured	0.999999823338221	0.999968060476107	FALSE
exCA1L2	exCA1	exCA1L2	custom	exCA1	COMP	10.136403534562	11.8122117333976	1.67580819883555	5.05643000498528	0.331421219552793	0.74032633884873	0.000101626016260163	FALSE	FALSE	FALSE	TRUE	sandwich captured	10.136403534562	11.8122117333976	FALSE
exCA1L2	exCA1	exCA1L2	custom	exCA1	INT	8.40840889090902	5.50077970905489	-2.90762918185413	6.48165118818075	-0.448593899523038	0.65372463533905	0.000101626016260163	FALSE	FALSE	FALSE	TRUE	sandwich captured	8.40840889090902	5.50077970905489	FALSE
exCA1L2	exCA1	exCA1L2	custom	exCA1	SUD	8.27352760125452	-98.7638586945525	-107.037386295807	110.143380050242	-0.971800449986024	0.331149831972759	0.000101626016260163	FALSE	FALSE	FALSE	TRUE	sandwich captured	8.27352760125452	-98.7638586945525	FALSE
exCA3L2	exCA3	exCA3L2	custom	exCA3	COMP	10.6787362907868	10.5843672758174	-0.0943690149693985	4.93671321926188	-0.0191157579502883	0.984748760700566	0.000101626016260163	FALSE	FALSE	FALSE	TRUE	sandwich captured	10.6787362907868	10.5843672758174	FALSE
exCA3L2	exCA3	exCA3L2	custom	exCA3	INT	7.21996574999786	10.2659024978823	3.04593674788443	6.19167338614003	0.491940798218252	0.622761195677946	0.000101626016260163	FALSE	FALSE	FALSE	TRUE	sandwich captured	7.21996574999786	10.2659024978823	FALSE
exCA3L2	exCA3	exCA3L2	custom	exCA3	SUD	7.68935539279771	14.5549076364443	6.86555224364661	101.021912470027	0.0679610202953106	0.94581666380847	0.000101626016260163	FALSE	FALSE	FALSE	TRUE	sandwich captured	7.68935539279771	14.5549076364443	FALSE
exDGL2	exDG	exDGL2	custom	exDG	COMP	10.0609460348461	9.37947239533283	-0.681473639513312	5.31898047749582	-0.128121101853367	0.898053136806386	0.000101626016260163	FALSE	FALSE	FALSE	TRUE	sandwich captured	10.0609460348461	9.37947239533283	FALSE
exDGL2	exDG	exDGL2	custom	exDG	INT	7.57133984633303	8.58881514358327	1.01747529725024	6.90896273090808	0.147268893592151	0.882919784056896	0.000101626016260163	FALSE	FALSE	FALSE	TRUE	sandwich captured	7.57133984633303	8.58881514358327	FALSE
exDGL2	exDG	exDGL2	custom	exDG	SUD	7.88010944315511	-155.988665266613	-163.868774709768	112.829074507364	-1.45236301392397	0.146400694710857	0.000101626016260163	FALSE	FALSE	FALSE	TRUE	sandwich captured	7.88010944315511	-155.988665266613	FALSE
exPFC1L2	exPFC1	exPFC1L2	custom	exPFC1	COMP	10.3151329986005	11.2030452051256	0.887912206525051	4.92593324661848	0.180252586072818	0.856954276736493	0.000101626016260163	FALSE	FALSE	FALSE	TRUE	sandwich captured	10.3151329986005	11.2030452051256	FALSE
exPFC1L2	exPFC1	exPFC1L2	custom	exPFC1	INT	9.86537454131968	10.2661806519808	0.400806110661144	5.56318026907	0.0720462201970217	0.942565124997342	0.000101626016260163	FALSE	FALSE	FALSE	TRUE	sandwich captured	9.86537454131968	10.2661806519808	FALSE
exPFC1L2	exPFC1	exPFC1L2	custom	exPFC1	SUD	7.55545121460009	-101.304547348519	-108.859998563119	108.677387180569	-1.0016803070748	0.316498020809839	0.000101626016260163	FALSE	FALSE	FALSE	TRUE	sandwich captured	7.55545121460009	-101.304547348519	FALSE
exPFC2L2	exPFC2	exPFC2L2	custom	exPFC2	COMP	9.48728929386764	6.72659309771093	-2.76069619615672	4.78840592769732	-0.576537628146389	0.564251843818638	0.000101626016260163	FALSE	FALSE	FALSE	TRUE	sandwich captured	9.48728929386764	6.72659309771093	FALSE
exPFC2L2	exPFC2	exPFC2L2	custom	exPFC2	INT	6.98032583401582	5.45432840672415	-1.52599742729167	6.09259898616815	-0.250467399997291	0.802225912411143	0.000101626016260163	FALSE	FALSE	FALSE	TRUE	sandwich captured	6.98032583401582	5.45432840672415	FALSE
exPFC2L2	exPFC2	exPFC2L2	custom	exPFC2	SUD	5.50563528783309	-16.5371919084902	-22.0428271963232	108.473317374615	-0.20320967155635	0.83897115373677	0.000101626016260163	FALSE	FALSE	FALSE	TRUE	sandwich captured	5.50563528783309	-16.5371919084902	FALSE
non_synonymousL2	non_synonymous	non_synonymousL2	baseline	NA	COMP	NA	NA	NA	NA	NA	NA	0.000101626016260163	FALSE	TRUE	FALSE	FALSE	no sandwich capture	NA	NA	FALSE
non_synonymousL2	non_synonymous	non_synonymousL2	baseline	NA	INT	NA	NA	NA	NA	NA	NA	0.000101626016260163	FALSE	TRUE	FALSE	FALSE	no sandwich capture	NA	NA	FALSE
non_synonymousL2	non_synonymous	non_synonymousL2	baseline	NA	SUD	NA	NA	NA	NA	NA	NA	0.000101626016260163	FALSE	TRUE	FALSE	FALSE	no sandwich capture	NA	NA	FALSE
synonymousL2	synonymous	synonymousL2	baseline	NA	COMP	-16.5683981595387	8.8596223889203	25.428020548459	20.9087637404053	1.21614175109361	0.22393092832403	0.000101626016260163	FALSE	FALSE	FALSE	TRUE	sandwich captured	-16.5683981595387	8.8596223889203	FALSE
synonymousL2	synonymous	synonymousL2	baseline	NA	INT	10.5803180583904	-8.35951405805806	-18.9398321164484	21.8429703383472	-0.867090502027462	0.38589242425882	0.000101626016260163	FALSE	FALSE	FALSE	TRUE	sandwich captured	10.5803180583904	-8.35951405805806	FALSE
synonymousL2	synonymous	synonymousL2	baseline	NA	SUD	-1.03506078098951	-966.938814821377	-965.903754040387	433.7383291108	-2.2269273642949	0.0259521286575238	0.000101626016260163	FALSE	FALSE	FALSE	TRUE	sandwich captured	-1.03506078098951	-966.938814821376	FALSE
