Annotation	lhs	op	rhs	Cov_Smooth	Z_smooth	Enrichment	Enrichment_SE	Enrichment_p_value	Error	Warning	target_parameter	est	SE	Fixed_Enrich	annotation_raw	annotation_key	annotation_basename	annotation_class	published_label	is_nonbase	alpha_168	alpha_155	Bonferroni_significant_168	Bonferroni_significant_155	Annotation_model_warning	Annotation_model_error	alpha_984	Bonferroni_significant_984	QC_warning_free	Bonferroni_significant_984_warning_free
baseL2	F_COMP	~~	SCZ_PGC	0.0044864578534601	0.553055486273601	1.00000035110696	0.146276551520041	0.499999042420612	0.0	0	F_COMP~~SCZ_PGC				baseL2	base	baseL2	baseline		True	0.000297619047619	0.0003225806451612	False	False	False	False	5.08130081300813e-05	False	True	False
Coding_UCSCL2	F_COMP	~~	SCZ_PGC	0.0022827755901907	1.08387405548914	2.22487658253514	2.48457632515217	0.311009072960124	0.0	"lavaan->lav_object_post_check():  
   some estimated ov variances are negative"	F_COMP~~SCZ_PGC				Coding_UCSCL2	Coding_UCSC	Coding_UCSCL2	baseline		True	0.000297619047619	0.0003225806451612	False	False	True	False	5.08130081300813e-05	False	False	False
Conserved_LindbladTohL2	F_COMP	~~	SCZ_PGC	0.0012163362979743	0.886434994517113	6.21240515320229	2.43855345025142	0.0162787202831689	0.0	0	F_COMP~~SCZ_PGC				Conserved_LindbladTohL2	Conserved_LindbladToh	Conserved_LindbladTohL2	baseline		True	0.000297619047619	0.0003225806451612	False	False	False	False	5.08130081300813e-05	False	True	False
CTCF_HoffmanL2	F_COMP	~~	SCZ_PGC	0.0059946659506555	2.24458351170558	2.65617480687308	1.17457896077922	0.0792675196222967	0.0	0	F_COMP~~SCZ_PGC				CTCF_HoffmanL2	CTCF_Hoffman	CTCF_HoffmanL2	baseline		True	0.000297619047619	0.0003225806451612	False	False	False	False	5.08130081300813e-05	False	True	False
DGF_ENCODEL2	F_COMP	~~	SCZ_PGC	0.0113375495533006	1.99245506590914	3.03520485990477	0.60244632499925	0.0003647644231146	0.0	"lavaan->lav_object_post_check():  
   some estimated ov variances are negative"	F_COMP~~SCZ_PGC				DGF_ENCODEL2	DGF_ENCODE	DGF_ENCODEL2	baseline		True	0.000297619047619	0.0003225806451612	False	False	True	False	5.08130081300813e-05	False	False	False
DHS_peaks_TrynkaL2	F_COMP	~~	SCZ_PGC	0.0059318516132404	1.0343057007056	3.44169023507683	0.798120138107082	0.0011092683073379	0.0	0	F_COMP~~SCZ_PGC				DHS_peaks_TrynkaL2	DHS_peaks_Trynka	DHS_peaks_TrynkaL2	baseline		True	0.000297619047619	0.0003225806451612	False	False	False	False	5.08130081300813e-05	False	True	False
DHS_TrynkaL2	F_COMP	~~	SCZ_PGC	0.0040586564102954	0.723598726178784	2.82815032913909	0.60350001963644	0.001225822738639	0.0	0	F_COMP~~SCZ_PGC				DHS_TrynkaL2	DHS_Trynka	DHS_TrynkaL2	baseline		True	0.000297619047619	0.0003225806451612	False	False	False	False	5.08130081300813e-05	False	True	False
Enhancer_AnderssonL2	F_COMP	~~	SCZ_PGC	0.0010098757347192	1.48817676810926				0.0	"lavaan->lav_lavaan_step11_estoptim():  
   the optimizer warns that a solution has NOT been found!"	F_COMP~~SCZ_PGC				Enhancer_AnderssonL2	Enhancer_Andersson	Enhancer_AnderssonL2	baseline		True	0.000297619047619	0.0003225806451612	False	False	True	False	5.08130081300813e-05	False	False	False
Enhancer_HoffmanL2	F_COMP	~~	SCZ_PGC	0.0009640327837785	1.27677695696508	1.97439213514643	0.770976004003456	0.103143306194164	0.0	0	F_COMP~~SCZ_PGC				Enhancer_HoffmanL2	Enhancer_Hoffman	Enhancer_HoffmanL2	baseline		True	0.000297619047619	0.0003225806451612	False	False	False	False	5.08130081300813e-05	False	True	False
FetalDHS_TrynkaL2	F_COMP	~~	SCZ_PGC	0.0038462770158872	0.940390543421378	2.76421127474809	0.868514500814435	0.021112415889465	0.0	"lavaan->lav_object_post_check():  
   some estimated ov variances are negative"	F_COMP~~SCZ_PGC				FetalDHS_TrynkaL2	FetalDHS_Trynka	FetalDHS_TrynkaL2	baseline		True	0.000297619047619	0.0003225806451612	False	False	True	False	5.08130081300813e-05	False	False	False
H3K27ac_HniszL2	F_COMP	~~	SCZ_PGC	0.0025890897371035	0.526129781223725	1.40921248106254	0.222802710854294	0.0331301665370639	0.0	0	F_COMP~~SCZ_PGC				H3K27ac_HniszL2	H3K27ac_Hnisz	H3K27ac_HniszL2	baseline		True	0.000297619047619	0.0003225806451612	False	False	False	False	5.08130081300813e-05	False	True	False
H3K27ac_PGC2L2	F_COMP	~~	SCZ_PGC	0.001572840207382	0.438182427416718	1.80807834080269	0.269379893929279	0.0013509075606597	0.0	0	F_COMP~~SCZ_PGC				H3K27ac_PGC2L2	H3K27ac_PGC2	H3K27ac_PGC2L2	baseline		True	0.000297619047619	0.0003225806451612	False	False	False	False	5.08130081300813e-05	False	True	False
H3K4me1_peaks_TrynkaL2	F_COMP	~~	SCZ_PGC	0.0046815868517883	0.755868946805573	2.29654263212373	0.5083151943853	0.0053758548470998	0.0	"lavaan->lav_object_post_check():  
   some estimated ov variances are negative"	F_COMP~~SCZ_PGC				H3K4me1_peaks_TrynkaL2	H3K4me1_peaks_Trynka	H3K4me1_peaks_TrynkaL2	baseline		True	0.000297619047619	0.0003225806451612	False	False	True	False	5.08130081300813e-05	False	False	False
H3K4me1_TrynkaL2	F_COMP	~~	SCZ_PGC	0.0038393373876836	0.634694022064577	1.63109041852963	0.256740622435625	0.0069839944519949	0.0	0	F_COMP~~SCZ_PGC				H3K4me1_TrynkaL2	H3K4me1_Trynka	H3K4me1_TrynkaL2	baseline		True	0.000297619047619	0.0003225806451612	False	False	False	False	5.08130081300813e-05	False	True	False
H3K4me3_peaks_TrynkaL2	F_COMP	~~	SCZ_PGC	0.0018594257348432	0.690831278375265	1.66991550499523	1.07015021981534	0.265657020970744	0.0	"lavaan->lav_object_post_check():  
   covariance matrix of latent variables is not positive definite ; use 
   lavInspect(fit, ""cov.lv"") to investigate."	F_COMP~~SCZ_PGC				H3K4me3_peaks_TrynkaL2	H3K4me3_peaks_Trynka	H3K4me3_peaks_TrynkaL2	baseline		True	0.000297619047619	0.0003225806451612	False	False	True	False	5.08130081300813e-05	False	False	False
H3K4me3_TrynkaL2	F_COMP	~~	SCZ_PGC	0.0032638616278994	0.93088162780643	2.12447060565721	0.437986450105919	0.0051237502347129	0.0	0	F_COMP~~SCZ_PGC				H3K4me3_TrynkaL2	H3K4me3_Trynka	H3K4me3_TrynkaL2	baseline		True	0.000297619047619	0.0003225806451612	False	False	False	False	5.08130081300813e-05	False	True	False
H3K9ac_peaks_TrynkaL2	F_COMP	~~	SCZ_PGC	0.0037959926362376	1.46994586872298	4.66656208687563	1.22141229537385	0.0013414851797135	0.0	"lavaan->lav_object_post_check():  
   some estimated ov variances are negative"	F_COMP~~SCZ_PGC				H3K9ac_peaks_TrynkaL2	H3K9ac_peaks_Trynka	H3K9ac_peaks_TrynkaL2	baseline		True	0.000297619047619	0.0003225806451612	False	False	True	False	5.08130081300813e-05	False	False	False
H3K9ac_TrynkaL2	F_COMP	~~	SCZ_PGC	0.0029960754371585	0.81368217138709	2.16772230574899	0.455590057422195	0.005187126890095	0.0	0	F_COMP~~SCZ_PGC				H3K9ac_TrynkaL2	H3K9ac_Trynka	H3K9ac_TrynkaL2	baseline		True	0.000297619047619	0.0003225806451612	False	False	False	False	5.08130081300813e-05	False	True	False
Intron_UCSCL2	F_COMP	~~	SCZ_PGC	0.0025956693040877	0.532792747025948	1.39515325659891	0.21446984763648	0.0327035573499542	0.0	0	F_COMP~~SCZ_PGC				Intron_UCSCL2	Intron_UCSC	Intron_UCSCL2	baseline		True	0.000297619047619	0.0003225806451612	False	False	False	False	5.08130081300813e-05	False	True	False
PromoterFlanking_HoffmanL2	F_COMP	~~	SCZ_PGC	0.0011233910785044	1.01004509225563				0.0	"lavaan->lav_lavaan_step11_estoptim():  
   the optimizer warns that a solution has NOT been found!"	F_COMP~~SCZ_PGC				PromoterFlanking_HoffmanL2	PromoterFlanking_Hoffman	PromoterFlanking_HoffmanL2	baseline		True	0.000297619047619	0.0003225806451612	False	False	True	False	5.08130081300813e-05	False	False	False
Promoter_UCSCL2	F_COMP	~~	SCZ_PGC	0.0011094520639583	1.15195001492418	2.66478654090795	0.613787180391805	0.0033407144518302	0.0	0	F_COMP~~SCZ_PGC				Promoter_UCSCL2	Promoter_UCSC	Promoter_UCSCL2	baseline		True	0.000297619047619	0.0003225806451612	False	False	False	False	5.08130081300813e-05	False	True	False
Repressed_HoffmanL2	F_COMP	~~	SCZ_PGC	0.0004673297802173	0.503045785776127	0.896956007557158	0.137209454071355	0.773672997591699	0.0	"lavaan->lav_object_post_check():  
   some estimated ov variances are negative"	F_COMP~~SCZ_PGC				Repressed_HoffmanL2	Repressed_Hoffman	Repressed_HoffmanL2	baseline		True	0.000297619047619	0.0003225806451612	False	False	True	False	5.08130081300813e-05	False	False	False
SuperEnhancer_HniszL2	F_COMP	~~	SCZ_PGC	0.0012294782201081	0.499863024109891	1.51786343140735	0.261558844415403	0.0238567225002435	0.0	"lavaan->lav_object_post_check():  
   some estimated ov variances are negative"	F_COMP~~SCZ_PGC				SuperEnhancer_HniszL2	SuperEnhancer_Hnisz	SuperEnhancer_HniszL2	baseline		True	0.000297619047619	0.0003225806451612	False	False	True	False	5.08130081300813e-05	False	False	False
TFBS_ENCODEL2	F_COMP	~~	SCZ_PGC	0.0025358215358161	0.797809639974368	2.81395947765443	0.535099486697531	0.0003495293100115	0.0	0	F_COMP~~SCZ_PGC				TFBS_ENCODEL2	TFBS_ENCODE	TFBS_ENCODEL2	baseline		True	0.000297619047619	0.0003225806451612	False	False	False	False	5.08130081300813e-05	False	True	False
Transcr_HoffmanL2	F_COMP	~~	SCZ_PGC	0.0036231066842596	0.895862578496535	0.815368494944129	0.228064837330782	0.790902609499094	0.0	0	F_COMP~~SCZ_PGC				Transcr_HoffmanL2	Transcr_Hoffman	Transcr_HoffmanL2	baseline		True	0.000297619047619	0.0003225806451612	False	False	False	False	5.08130081300813e-05	False	True	False
TSS_HoffmanL2	F_COMP	~~	SCZ_PGC	0.0007180745333636	1.47145927695137	4.29339118901432	1.31766877755207	0.0062200590199178	0.0	0	F_COMP~~SCZ_PGC				TSS_HoffmanL2	TSS_Hoffman	TSS_HoffmanL2	baseline		True	0.000297619047619	0.0003225806451612	False	False	False	False	5.08130081300813e-05	False	True	False
UTR_3_UCSCL2	F_COMP	~~	SCZ_PGC	0.001549689621306	1.27024450017337	5.10605856345633	2.02315274536501	0.0212019326116919	0.0	"lavaan->lav_object_post_check():  
   covariance matrix of latent variables is not positive definite ; use 
   lavInspect(fit, ""cov.lv"") to investigate."	F_COMP~~SCZ_PGC				UTR_3_UCSCL2	UTR_3_UCSC	UTR_3_UCSCL2	baseline		True	0.000297619047619	0.0003225806451612	False	False	True	False	5.08130081300813e-05	False	False	False
UTR_5_UCSCL2	F_COMP	~~	SCZ_PGC	0.0011173701728838	1.96657381950921				0.0	"lavaan->lav_lavaan_step11_estoptim():  
   the optimizer warns that a solution has NOT been found!"	F_COMP~~SCZ_PGC				UTR_5_UCSCL2	UTR_5_UCSC	UTR_5_UCSCL2	baseline		True	0.000297619047619	0.0003225806451612	False	False	True	False	5.08130081300813e-05	False	False	False
WeakEnhancer_HoffmanL2	F_COMP	~~	SCZ_PGC	0.002618274041366	1.82910160206737	2.51726424664902	1.63260222234286	0.176353013220345	0.0	"lavaan->lav_object_post_check():  
   covariance matrix of latent variables is not positive definite ; use 
   lavInspect(fit, ""cov.lv"") to investigate."	F_COMP~~SCZ_PGC				WeakEnhancer_HoffmanL2	WeakEnhancer_Hoffman	WeakEnhancer_HoffmanL2	baseline		True	0.000297619047619	0.0003225806451612	False	False	True	False	5.08130081300813e-05	False	False	False
GERP.RSsup4L2	F_COMP	~~	SCZ_PGC	0.0003877569119313	0.543969559960348	10.1914925732043	4.15165616603565	0.013416661121135	0.0	"lavaan->lav_object_post_check():  
   some estimated ov variances are negative"	F_COMP~~SCZ_PGC				GERP.RSsup4L2	GERP.RSsup4	GERP.RSsup4L2	baseline		True	0.000297619047619	0.0003225806451612	False	False	True	False	5.08130081300813e-05	False	False	False
MAFbin1L2	F_COMP	~~	SCZ_PGC	0.0006863383183459	1.11772319176985				0.0	"lavaan->lav_lavaan_step11_estoptim():  
   the optimizer warns that a solution has NOT been found!"	F_COMP~~SCZ_PGC				MAFbin1L2	MAFbin1	MAFbin1L2	baseline		True	0.000297619047619	0.0003225806451612	False	False	True	False	5.08130081300813e-05	False	False	False
MAFbin2L2	F_COMP	~~	SCZ_PGC	0.000485331559693	0.636209922771691	0.594829212101713	0.128207634569211	0.999211885995523	0.0	"lavaan->lav_lavaan_step11_estoptim():  
   the optimizer (NLMINB) claimed the model converged, but not all elements 
   of the gradient are (near) zero; the optimizer may not have found a local 
   solution use check.gradient = FALSE to skip this check."	F_COMP~~SCZ_PGC				MAFbin2L2	MAFbin2	MAFbin2L2	baseline		True	0.000297619047619	0.0003225806451612	False	False	True	False	5.08130081300813e-05	False	False	False
MAFbin3L2	F_COMP	~~	SCZ_PGC	0.0015869610761194	1.96497687169843	0.619735343886673	0.153049450813108	0.993514907095654	0.0	"lavaan->lav_object_post_check():  
   some estimated ov variances are negative"	F_COMP~~SCZ_PGC				MAFbin3L2	MAFbin3	MAFbin3L2	baseline		True	0.000297619047619	0.0003225806451612	False	False	True	False	5.08130081300813e-05	False	False	False
MAFbin4L2	F_COMP	~~	SCZ_PGC	0.0004725631003971	0.662121827380395	0.873324260565514	0.190260611730177	0.747230904110314	0.0	"lavaan->lav_lavaan_step11_estoptim():  
   the optimizer (NLMINB) claimed the model converged, but not all elements 
   of the gradient are (near) zero; the optimizer may not have found a local 
   solution use check.gradient = FALSE to skip this check."	F_COMP~~SCZ_PGC				MAFbin4L2	MAFbin4	MAFbin4L2	baseline		True	0.000297619047619	0.0003225806451612	False	False	True	False	5.08130081300813e-05	False	False	False
MAFbin5L2	F_COMP	~~	SCZ_PGC	0.0002209457335289	0.574463842787965				0.0	"lavaan->lav_lavaan_step11_estoptim():  
   the optimizer warns that a solution has NOT been found!"	F_COMP~~SCZ_PGC				MAFbin5L2	MAFbin5	MAFbin5L2	baseline		True	0.000297619047619	0.0003225806451612	False	False	True	False	5.08130081300813e-05	False	False	False
MAFbin6L2	F_COMP	~~	SCZ_PGC	0.0004555057663532	0.385666922344159				0.0	"lavaan->lav_lavaan_step11_estoptim():  
   the optimizer warns that a solution has NOT been found!"	F_COMP~~SCZ_PGC				MAFbin6L2	MAFbin6	MAFbin6L2	baseline		True	0.000297619047619	0.0003225806451612	False	False	True	False	5.08130081300813e-05	False	False	False
MAFbin7L2	F_COMP	~~	SCZ_PGC	0.0009669896329175	0.927371376789053	0.974914692507627	0.224946041801972	0.544396806742152	0.0	"lavaan->lav_lavaan_step11_estoptim():  
   the optimizer (NLMINB) claimed the model converged, but not all elements 
   of the gradient are (near) zero; the optimizer may not have found a local 
   solution use check.gradient = FALSE to skip this check."	F_COMP~~SCZ_PGC				MAFbin7L2	MAFbin7	MAFbin7L2	baseline		True	0.000297619047619	0.0003225806451612	False	False	True	False	5.08130081300813e-05	False	False	False
MAFbin8L2	F_COMP	~~	SCZ_PGC	0.0001192786812402	0.303235534581447	1.20822068983512	0.246631962203526	0.199262984533767	0.0	"lavaan->lav_object_post_check():  
   some estimated ov variances are negative"	F_COMP~~SCZ_PGC				MAFbin8L2	MAFbin8	MAFbin8L2	baseline		True	0.000297619047619	0.0003225806451612	False	False	True	False	5.08130081300813e-05	False	False	False
MAFbin9L2	F_COMP	~~	SCZ_PGC	0.000405947985995	0.493011158906194	1.66404950599823	0.259570027641111	0.0052597603587707	0.0	"lavaan->lav_object_post_check():  
   some estimated ov variances are negative"	F_COMP~~SCZ_PGC				MAFbin9L2	MAFbin9	MAFbin9L2	baseline		True	0.000297619047619	0.0003225806451612	False	False	True	False	5.08130081300813e-05	False	False	False
MAFbin10L2	F_COMP	~~	SCZ_PGC	0.0011500562259995	0.894354986160682	1.34049525290016	0.232675367705976	0.0716800842792229	0.0	0	F_COMP~~SCZ_PGC				MAFbin10L2	MAFbin10	MAFbin10L2	baseline		True	0.000297619047619	0.0003225806451612	False	False	False	False	5.08130081300813e-05	False	True	False
synonymousL2	F_COMP	~~	SCZ_PGC	0.0023042794132926	1.53381400287379	-16.5683981595387	8.67693860892588	0.978552098084135	0.0	0	F_COMP~~SCZ_PGC				synonymousL2	synonymous	synonymousL2	baseline		True	0.000297619047619	0.0003225806451612	False	False	False	False	5.08130081300813e-05	False	True	False
non_synonymousL2	F_COMP	~~	SCZ_PGC	0.0038603365209715	1.9326560131179				0.0	"lavaan->lav_lavaan_step11_estoptim():  
   the optimizer warns that a solution has NOT been found!"	F_COMP~~SCZ_PGC				non_synonymousL2	non_synonymous	non_synonymousL2	baseline		True	0.000297619047619	0.0003225806451612	False	False	True	False	5.08130081300813e-05	False	False	False
Conserved_Vertebrate_phastCons46wayL2	F_COMP	~~	SCZ_PGC	0.0025618430720753	1.21851881667094	2.96802265645817	1.77470192475442	0.133729892469915	0.0	0	F_COMP~~SCZ_PGC				Conserved_Vertebrate_phastCons46wayL2	Conserved_Vertebrate_phastCons46way	Conserved_Vertebrate_phastCons46wayL2	baseline		True	0.000297619047619	0.0003225806451612	False	False	False	False	5.08130081300813e-05	False	True	False
Conserved_Mammal_phastCons46wayL2	F_COMP	~~	SCZ_PGC	0.0015906496611494	0.959379974568477	4.59586347962057	2.6135234998532	0.0844312443453656	0.0	0	F_COMP~~SCZ_PGC				Conserved_Mammal_phastCons46wayL2	Conserved_Mammal_phastCons46way	Conserved_Mammal_phastCons46wayL2	baseline		True	0.000297619047619	0.0003225806451612	False	False	False	False	5.08130081300813e-05	False	True	False
Conserved_Primate_phastCons46wayL2	F_COMP	~~	SCZ_PGC	0.0018023522184431	0.915056725092975	8.25672161274122	2.84196997129349	0.0053336540771937	0.0	0	F_COMP~~SCZ_PGC				Conserved_Primate_phastCons46wayL2	Conserved_Primate_phastCons46way	Conserved_Primate_phastCons46wayL2	baseline		True	0.000297619047619	0.0003225806451612	False	False	False	False	5.08130081300813e-05	False	True	False
BivFlnkL2	F_COMP	~~	SCZ_PGC	0.0005076276028514	1.34649825530455				0.0	"lavaan->lav_lavaan_step11_estoptim():  
   the optimizer warns that a solution has NOT been found!"	F_COMP~~SCZ_PGC				BivFlnkL2	BivFlnk	BivFlnkL2	baseline		True	0.000297619047619	0.0003225806451612	False	False	True	False	5.08130081300813e-05	False	False	False
Human_Promoter_VillarL2	F_COMP	~~	SCZ_PGC	0.0016131632585104	1.12223328815639				0.0	"lavaan->lav_lavaan_step11_estoptim():  
   the optimizer warns that a solution has NOT been found!"	F_COMP~~SCZ_PGC				Human_Promoter_VillarL2	Human_Promoter_Villar	Human_Promoter_VillarL2	baseline		True	0.000297619047619	0.0003225806451612	False	False	True	False	5.08130081300813e-05	False	False	False
Human_Enhancer_VillarL2	F_COMP	~~	SCZ_PGC	0.0015638517882161	1.14148531695399	1.78483397158092	0.585922131580669	0.0902063991167175	0.0	"lavaan->lav_object_post_check():  
   covariance matrix of latent variables is not positive definite ; use 
   lavInspect(fit, ""cov.lv"") to investigate."	F_COMP~~SCZ_PGC				Human_Enhancer_VillarL2	Human_Enhancer_Villar	Human_Enhancer_VillarL2	baseline		True	0.000297619047619	0.0003225806451612	False	False	True	False	5.08130081300813e-05	False	False	False
Ancient_Sequence_Age_Human_PromoterL2	F_COMP	~~	SCZ_PGC	0.0003287332591455	1.37555605766172	14.4386872679012	3.82857391990902	0.0002239669098169	0.0	0	F_COMP~~SCZ_PGC				Ancient_Sequence_Age_Human_PromoterL2	Ancient_Sequence_Age_Human_Promoter	Ancient_Sequence_Age_Human_PromoterL2	baseline		True	0.000297619047619	0.0003225806451612	True	True	False	False	5.08130081300813e-05	False	True	False
Ancient_Sequence_Age_Human_EnhancerL2	F_COMP	~~	SCZ_PGC	0.003504797560559	1.65792602715136	6.12656910782607	3.85416285545051	0.0917363764930242	0.0	"lavaan->lav_object_post_check():  
   covariance matrix of latent variables is not positive definite ; use 
   lavInspect(fit, ""cov.lv"") to investigate."	F_COMP~~SCZ_PGC				Ancient_Sequence_Age_Human_EnhancerL2	Ancient_Sequence_Age_Human_Enhancer	Ancient_Sequence_Age_Human_EnhancerL2	baseline		True	0.000297619047619	0.0003225806451612	False	False	True	False	5.08130081300813e-05	False	False	False
Human_Promoter_Villar_ExACL2	F_COMP	~~	SCZ_PGC	0.0006255098946711	1.20271764783047	19.3585154620236	3.50523942335082	8.14052889369274e-08	0.0	"lavaan->lav_object_post_check():  
   some estimated ov variances are negative"	F_COMP~~SCZ_PGC				Human_Promoter_Villar_ExACL2	Human_Promoter_Villar_ExAC	Human_Promoter_Villar_ExACL2	baseline		True	0.000297619047619	0.0003225806451612	True	True	True	False	5.08130081300813e-05	True	False	False
Franke.13.	F_COMP	~~	SCZ_PGC	0.002698278221521	0.952680890491444	1.77957049621811	0.277284338364943	0.0024659531648167	0.0	0	F_COMP~~SCZ_PGC				Franke.13.	Franke.13.	Franke.13.	expression	Brain Stem	True	0.000297619047619	0.0003225806451612	False	False	False	False	5.08130081300813e-05	False	True	False
Franke.14.	F_COMP	~~	SCZ_PGC	0.0027654529600308	0.840589401545504	1.81538505137113	0.277625250116086	0.0016570264509333	0.0	0	F_COMP~~SCZ_PGC				Franke.14.	Franke.14.	Franke.14.	expression	Whole Brain	True	0.000297619047619	0.0003225806451612	False	False	False	False	5.08130081300813e-05	False	True	False
Franke.31.	F_COMP	~~	SCZ_PGC	0.0014396331109608	0.84699715722659	1.32539873833289	0.262912253025058	0.107919131830791	0.0	0	F_COMP~~SCZ_PGC				Franke.31.	Franke.31.	Franke.31.	expression	Epidermis	True	0.000297619047619	0.0003225806451612	False	False	False	False	5.08130081300813e-05	False	True	False
Franke.39.	F_COMP	~~	SCZ_PGC	0.0015340809308177	0.778565913260909	1.37809566583666	0.245643731622567	0.0618773244530009	0.0	0	F_COMP~~SCZ_PGC				Franke.39.	Franke.39.	Franke.39.	expression	Fibroblasts	True	0.000297619047619	0.0003225806451612	False	False	False	False	5.08130081300813e-05	False	True	False
Franke.30.	F_COMP	~~	SCZ_PGC	0.0016124704954196	0.909716018954783	1.31170317086055	0.281967494430478	0.134480631505107	0.0	0	F_COMP~~SCZ_PGC				Franke.30.	Franke.30.	Franke.30.	expression	Epithelial Cells	True	0.000297619047619	0.0003225806451612	False	False	False	False	5.08130081300813e-05	False	True	False
Franke.147.	F_COMP	~~	SCZ_PGC	0.0013390571650117	0.754361140761138	1.29847228933966	0.250856842923585	0.117060296967313	0.0	0	F_COMP~~SCZ_PGC				Franke.147.	Franke.147.	Franke.147.	expression	Embryoid Bodies	True	0.000297619047619	0.0003225806451612	False	False	False	False	5.08130081300813e-05	False	True	False
GTEx.1.	F_COMP	~~	SCZ_PGC	0.0017518557345808	0.68759234439361	1.22089497808579	0.237699151574721	0.176365557209127	0.0	0	F_COMP~~SCZ_PGC				GTEx.1.	GTEx.1.	GTEx.1.	expression	Adipose Subcutaneous	True	0.000297619047619	0.0003225806451612	False	False	False	False	5.08130081300813e-05	False	True	False
GTEx.8.	F_COMP	~~	SCZ_PGC	0.0030124860906177	0.899276672893501	1.60558046992374	0.250420884604052	0.0077976647916307	0.0	0	F_COMP~~SCZ_PGC				GTEx.8.	GTEx.8.	GTEx.8.	expression	Amygdala	True	0.000297619047619	0.0003225806451612	False	False	False	False	5.08130081300813e-05	False	True	False
GTEx.9.	F_COMP	~~	SCZ_PGC	0.002846819584011	0.819752052453827	1.68002296851151	0.259173247672106	0.0043475345425538	0.0	0	F_COMP~~SCZ_PGC				GTEx.9.	GTEx.9.	GTEx.9.	expression	Cingulate Cortex	True	0.000297619047619	0.0003225806451612	False	False	False	False	5.08130081300813e-05	False	True	False
GTEx.10.	F_COMP	~~	SCZ_PGC	0.0028020659933439	0.875552399446259	1.58023734557681	0.252014287522287	0.0106563516154967	0.0	0	F_COMP~~SCZ_PGC				GTEx.10.	GTEx.10.	GTEx.10.	expression	Caudate	True	0.000297619047619	0.0003225806451612	False	False	False	False	5.08130081300813e-05	False	True	False
GTEx.11.	F_COMP	~~	SCZ_PGC	0.0020842071487621	0.688609545645212	1.70265713354458	0.267572349530046	0.0043191649353423	0.0	0	F_COMP~~SCZ_PGC				GTEx.11.	GTEx.11.	GTEx.11.	expression	Cerebellar Hemispher	True	0.000297619047619	0.0003225806451612	False	False	False	False	5.08130081300813e-05	False	True	False
GTEx.12.	F_COMP	~~	SCZ_PGC	0.0021794827237458	0.735868137761171	1.6576075225657	0.269079362312451	0.0072643921738531	0.0	0	F_COMP~~SCZ_PGC				GTEx.12.	GTEx.12.	GTEx.12.	expression	Cerebellum	True	0.000297619047619	0.0003225806451612	False	False	False	False	5.08130081300813e-05	False	True	False
GTEx.13.	F_COMP	~~	SCZ_PGC	0.0028529091756667	0.831176902768933	1.68373957880684	0.259436387536063	0.00420091082319	0.0	0	F_COMP~~SCZ_PGC				GTEx.13.	GTEx.13.	GTEx.13.	expression	Cortex	True	0.000297619047619	0.0003225806451612	False	False	False	False	5.08130081300813e-05	False	True	False
GTEx.14.	F_COMP	~~	SCZ_PGC	0.0028145240773693	0.804367128549323	1.70503067782651	0.259063934109829	0.0032497677847682	0.0	0	F_COMP~~SCZ_PGC				GTEx.14.	GTEx.14.	GTEx.14.	expression	Frontal Cortex	True	0.000297619047619	0.0003225806451612	False	False	False	False	5.08130081300813e-05	False	True	False
GTEx.15.	F_COMP	~~	SCZ_PGC	0.0031818628957004	0.931993544257991	1.62398078399844	0.252697317262785	0.00676923550227	0.0	0	F_COMP~~SCZ_PGC				GTEx.15.	GTEx.15.	GTEx.15.	expression	Hippocampus	True	0.000297619047619	0.0003225806451612	False	False	False	False	5.08130081300813e-05	False	True	False
GTEx.16.	F_COMP	~~	SCZ_PGC	0.0031248172578347	0.959204345766229	1.55357648628299	0.244494377340003	0.011781874245178	0.0	0	F_COMP~~SCZ_PGC				GTEx.16.	GTEx.16.	GTEx.16.	expression	Hypothalamus	True	0.000297619047619	0.0003225806451612	False	False	False	False	5.08130081300813e-05	False	True	False
GTEx.17.	F_COMP	~~	SCZ_PGC	0.0026054745120465	0.801342107508905	1.59907527953105	0.251211465370044	0.0085454823399236	0.0	0	F_COMP~~SCZ_PGC				GTEx.17.	GTEx.17.	GTEx.17.	expression	Nucleus Accumbens	True	0.000297619047619	0.0003225806451612	False	False	False	False	5.08130081300813e-05	False	True	False
GTEx.18.	F_COMP	~~	SCZ_PGC	0.0028866968584298	0.898246883542066	1.60013222188054	0.249669237850283	0.0081148409209766	0.0	0	F_COMP~~SCZ_PGC				GTEx.18.	GTEx.18.	GTEx.18.	expression	Putamen	True	0.000297619047619	0.0003225806451612	False	False	False	False	5.08130081300813e-05	False	True	False
GTEx.19.	F_COMP	~~	SCZ_PGC	0.0035909161874511	1.1918722570638	1.50146721636532	0.250299104563087	0.0225633317271928	0.0	0	F_COMP~~SCZ_PGC				GTEx.19.	GTEx.19.	GTEx.19.	expression	Spinal Cord	True	0.000297619047619	0.0003225806451612	False	False	False	False	5.08130081300813e-05	False	True	False
GTEx.20.	F_COMP	~~	SCZ_PGC	0.0033062428625861	1.05794570207836	1.56141195263188	0.24981191339664	0.0123091982793098	0.0	0	F_COMP~~SCZ_PGC				GTEx.20.	GTEx.20.	GTEx.20.	expression	Substantia Nigra	True	0.000297619047619	0.0003225806451612	False	False	False	False	5.08130081300813e-05	False	True	False
Franke.152.	F_COMP	~~	SCZ_PGC	0.0020853583402986	1.0956654242761	1.27568222041556	0.250902954994778	0.135936304002892	0.0	0	F_COMP~~SCZ_PGC				Franke.152.	Franke.152.	Franke.152.	expression	Endocrine Cells	True	0.000297619047619	0.0003225806451612	False	False	False	False	5.08130081300813e-05	False	True	False
GTEx.40.	F_COMP	~~	SCZ_PGC	0.0016477368284261	0.722399764878226	1.37964328142334	0.245851805915281	0.0612704750246609	0.0	0	F_COMP~~SCZ_PGC				GTEx.40.	GTEx.40.	GTEx.40.	expression	Ovary	True	0.000297619047619	0.0003225806451612	False	False	False	False	5.08130081300813e-05	False	True	False
GTEx.42.	F_COMP	~~	SCZ_PGC	0.0015986919351405	0.711236909601761	1.20086097735246	0.248875806512027	0.209812174475489	0.0	0	F_COMP~~SCZ_PGC				GTEx.42.	GTEx.42.	GTEx.42.	expression	Pituitary	True	0.000297619047619	0.0003225806451612	False	False	False	False	5.08130081300813e-05	False	True	False
GTEx.49.	F_COMP	~~	SCZ_PGC	0.0009998518172091	0.663178296492154	0.888165048569189	0.160350817271734	0.757236022813614	0.0	0	F_COMP~~SCZ_PGC				GTEx.49.	GTEx.49.	GTEx.49.	expression	Testis	True	0.000297619047619	0.0003225806451612	False	False	False	False	5.08130081300813e-05	False	True	False
Roadmap.224.	F_COMP	~~	SCZ_PGC	0.0011975333123274	0.761399680108502	2.76787927040373	0.603331284425314	0.0016937381242482	0.0	0	F_COMP~~SCZ_PGC				Roadmap.224.	Roadmap.224.	Roadmap.224.	chromatin	Adipose Nuclei H3K4me1	True	0.000297619047619	0.0003225806451612	False	False	False	False	5.08130081300813e-05	False	True	False
Roadmap.60.	F_COMP	~~	SCZ_PGC	0.0018829633302267	1.30375517553665	4.62168791572848	1.03596650931841	0.0002361879214111	0.0	0	F_COMP~~SCZ_PGC				Roadmap.60.	Roadmap.60.	Roadmap.60.	chromatin	Angular Gyrus H3K27ac	True	0.000297619047619	0.0003225806451612	True	True	False	False	5.08130081300813e-05	False	True	False
Roadmap.139.	F_COMP	~~	SCZ_PGC	0.001743777098162	0.955430537276102	5.85100815128168	1.4649033776919	0.0004640081435216	0.0	"lavaan->lav_object_post_check():  
   covariance matrix of latent variables is not positive definite ; use 
   lavInspect(fit, ""cov.lv"") to investigate."	F_COMP~~SCZ_PGC				Roadmap.139.	Roadmap.139.	Roadmap.139.	chromatin	Angular Gyrus H3K36me3	True	0.000297619047619	0.0003225806451612	False	False	True	False	5.08130081300813e-05	False	False	False
Roadmap.227.	F_COMP	~~	SCZ_PGC	0.0017486412300502	0.998187448798432	5.39396157230025	1.11994149847132	4.36567431142738e-05	0.0	0	F_COMP~~SCZ_PGC				Roadmap.227.	Roadmap.227.	Roadmap.227.	chromatin	Angular Gyrus H3K4me1	True	0.000297619047619	0.0003225806451612	True	True	False	False	5.08130081300813e-05	True	True	True
Roadmap.315.	F_COMP	~~	SCZ_PGC	0.0016272345023517	1.30667984867258	8.55659748321155	1.74363688776523	7.32740928254616e-06	0.0	"lavaan->lav_object_post_check():  
   some estimated ov variances are negative"	F_COMP~~SCZ_PGC				Roadmap.315.	Roadmap.315.	Roadmap.315.	chromatin	Angular Gyrus H3K4me3	True	0.000297619047619	0.0003225806451612	True	True	True	False	5.08130081300813e-05	True	False	False
Roadmap.373.	F_COMP	~~	SCZ_PGC	0.0033905608394373	1.79991374711383	9.22759248194673	1.58071575014997	9.70092075721841e-08	0.0	0	F_COMP~~SCZ_PGC				Roadmap.373.	Roadmap.373.	Roadmap.373.	chromatin	Angular Gyrus H3K9ac	True	0.000297619047619	0.0003225806451612	True	True	False	False	5.08130081300813e-05	True	True	True
Roadmap.61.	F_COMP	~~	SCZ_PGC	0.0003368566194875	0.337159807091631	4.79079428788389	0.851897820208873	4.29705972279816e-06	0.0	0	F_COMP~~SCZ_PGC				Roadmap.61.	Roadmap.61.	Roadmap.61.	chromatin	Anterior Caudate H3K27ac	True	0.000297619047619	0.0003225806451612	True	True	False	False	5.08130081300813e-05	True	True	True
Roadmap.140.	F_COMP	~~	SCZ_PGC	0.0025532785833483	1.04070050551222	2.08403155516959	1.17042587460115	0.177174775289433	0.0	0	F_COMP~~SCZ_PGC				Roadmap.140.	Roadmap.140.	Roadmap.140.	chromatin	Anterior Caudate H3K36me3	True	0.000297619047619	0.0003225806451612	False	False	False	False	5.08130081300813e-05	False	True	False
Roadmap.228.	F_COMP	~~	SCZ_PGC	0.003939717991036	1.77244242563049	3.79905763697435	1.05600043357906	0.0040171891080911	0.0	0	F_COMP~~SCZ_PGC				Roadmap.228.	Roadmap.228.	Roadmap.228.	chromatin	Anterior Caudate H3K4me1	True	0.000297619047619	0.0003225806451612	False	False	False	False	5.08130081300813e-05	False	True	False
Roadmap.316.	F_COMP	~~	SCZ_PGC	0.0020726412904307	1.259735316364	6.52444758784941	1.41172552201533	4.55293902716378e-05	0.0	"lavaan->lav_object_post_check():  
   some estimated ov variances are negative"	F_COMP~~SCZ_PGC				Roadmap.316.	Roadmap.316.	Roadmap.316.	chromatin	Anterior Caudate H3K4me3	True	0.000297619047619	0.0003225806451612	True	True	True	False	5.08130081300813e-05	True	False	False
Roadmap.374.	F_COMP	~~	SCZ_PGC	0.0022721682312653	0.973637083008369	4.52611102763557	1.63047753900291	0.0152850277726555	0.0	0	F_COMP~~SCZ_PGC				Roadmap.374.	Roadmap.374.	Roadmap.374.	chromatin	Anterior Caudate H3K9ac	True	0.000297619047619	0.0003225806451612	False	False	False	False	5.08130081300813e-05	False	True	False
Roadmap.62.	F_COMP	~~	SCZ_PGC	0.0020796644760034	1.07901984402601	5.38088088531798	1.14622847911426	6.6187866531995e-05	0.0	0	F_COMP~~SCZ_PGC				Roadmap.62.	Roadmap.62.	Roadmap.62.	chromatin	Cingulate Gyrus H3K27ac	True	0.000297619047619	0.0003225806451612	True	True	False	False	5.08130081300813e-05	False	True	False
Roadmap.141.	F_COMP	~~	SCZ_PGC	0.0033780507075528	1.91279845285927	2.77678502561523	1.21940761852897	0.0725459526827998	0.0	"lavaan->lav_object_post_check():  
   some estimated ov variances are negative"	F_COMP~~SCZ_PGC				Roadmap.141.	Roadmap.141.	Roadmap.141.	chromatin	Cingulate Gyrus H3K36me3	True	0.000297619047619	0.0003225806451612	False	False	True	False	5.08130081300813e-05	False	False	False
Roadmap.229.	F_COMP	~~	SCZ_PGC	0.0005252296976412	0.25618126918839	2.50867870048865	0.976771110735383	0.0612267215078852	0.0	0	F_COMP~~SCZ_PGC				Roadmap.229.	Roadmap.229.	Roadmap.229.	chromatin	Cingulate Gyrus H3K4me1	True	0.000297619047619	0.0003225806451612	False	False	False	False	5.08130081300813e-05	False	True	False
Roadmap.317.	F_COMP	~~	SCZ_PGC	0.0013387592225709	0.795146448306796	6.71888071302332	1.53999126249102	0.0001021739238795	0.0	0	F_COMP~~SCZ_PGC				Roadmap.317.	Roadmap.317.	Roadmap.317.	chromatin	Cingulate Gyrus H3K4me3	True	0.000297619047619	0.0003225806451612	True	True	False	False	5.08130081300813e-05	False	True	False
Roadmap.375.	F_COMP	~~	SCZ_PGC	0.0020455751280131	1.0617693931854	5.45408038605193	1.44518408689551	0.0010280191504729	0.0	0	F_COMP~~SCZ_PGC				Roadmap.375.	Roadmap.375.	Roadmap.375.	chromatin	Cingular Gyrus H3K9ac	True	0.000297619047619	0.0003225806451612	False	False	False	False	5.08130081300813e-05	False	True	False
Roadmap.65.	F_COMP	~~	SCZ_PGC	0.0016653321376394	1.08799733105622	5.90102915725689	1.00975159660518	6.0590161253635e-07	0.0	"lavaan->lav_object_post_check():  
   some estimated ov variances are negative"	F_COMP~~SCZ_PGC				Roadmap.65.	Roadmap.65.	Roadmap.65.	chromatin	dLPFC H3K27ac	True	0.000297619047619	0.0003225806451612	True	True	True	False	5.08130081300813e-05	True	False	False
Roadmap.145.	F_COMP	~~	SCZ_PGC	0.002088242678778	1.28468625123397	2.38922670914655	1.59066388036471	0.191232671937246	0.0	0	F_COMP~~SCZ_PGC				Roadmap.145.	Roadmap.145.	Roadmap.145.	chromatin	dLPFC H3K36me3	True	0.000297619047619	0.0003225806451612	False	False	False	False	5.08130081300813e-05	False	True	False
Roadmap.233.	F_COMP	~~	SCZ_PGC	0.0030383474011962	0.674408377665194	2.37453190491169	1.33446051310192	0.151498393694847	0.0	"lavaan->lav_object_post_check():  
   some estimated ov variances are negative"	F_COMP~~SCZ_PGC				Roadmap.233.	Roadmap.233.	Roadmap.233.	chromatin	dLPFC H3K4me1	True	0.000297619047619	0.0003225806451612	False	False	True	False	5.08130081300813e-05	False	False	False
Roadmap.321.	F_COMP	~~	SCZ_PGC	0.0013666452783641	0.93396736935038				0.0	"lavaan->lav_lavaan_step11_estoptim():  
   the optimizer warns that a solution has NOT been found!"	F_COMP~~SCZ_PGC				Roadmap.321.	Roadmap.321.	Roadmap.321.	chromatin	dLPFC H3K4me3	True	0.000297619047619	0.0003225806451612	False	False	True	False	5.08130081300813e-05	False	False	False
Roadmap.377.	F_COMP	~~	SCZ_PGC	0.0005148277605555	0.461635595017639	6.28816263667099	2.00742717343818	0.0042155650024824	0.0	"lavaan->lav_object_post_check():  
   some estimated ov variances are negative"	F_COMP~~SCZ_PGC				Roadmap.377.	Roadmap.377.	Roadmap.377.	chromatin	dLPFC H3K9ac	True	0.000297619047619	0.0003225806451612	False	False	True	False	5.08130081300813e-05	False	False	False
Roadmap.142.	F_COMP	~~	SCZ_PGC	0.0012061599204033	0.56333882827492	2.57756364693242	1.66818143842505	0.172156245955468	0.0	"lavaan->lav_lavaan_step11_estoptim():  
   the optimizer (NLMINB) claimed the model converged, but not all elements 
   of the gradient are (near) zero; the optimizer may not have found a local 
   solution use check.gradient = FALSE to skip this check."	F_COMP~~SCZ_PGC				Roadmap.142.	Roadmap.142.	Roadmap.142.	chromatin	Germinal Matrix H3K6me3	True	0.000297619047619	0.0003225806451612	False	False	True	False	5.08130081300813e-05	False	False	False
Roadmap.230.	F_COMP	~~	SCZ_PGC	0.0019770539372903	1.29407850868029	3.7443933698573	1.65450914461249	0.0485845319919299	0.0	"lavaan->lav_object_post_check():  
   some estimated ov variances are negative"	F_COMP~~SCZ_PGC				Roadmap.230.	Roadmap.230.	Roadmap.230.	chromatin	Germinal Matrix H3K4me1	True	0.000297619047619	0.0003225806451612	False	False	True	False	5.08130081300813e-05	False	False	False
Roadmap.318.	F_COMP	~~	SCZ_PGC	0.0008527362759348	1.12354706192561				0.0	"lavaan->lav_lavaan_step11_estoptim():  
   the optimizer warns that a solution has NOT been found!"	F_COMP~~SCZ_PGC				Roadmap.318.	Roadmap.318.	Roadmap.318.	chromatin	Germinal Matrix H3K4me3	True	0.000297619047619	0.0003225806451612	False	False	True	False	5.08130081300813e-05	False	False	False
Roadmap.63.	F_COMP	~~	SCZ_PGC	0.0018809281571457	1.20396258103205	3.86985647573167	0.741938732366354	5.48544765343148e-05	0.0	"lavaan->lav_object_post_check():  
   some estimated ov variances are negative"	F_COMP~~SCZ_PGC				Roadmap.63.	Roadmap.63.	Roadmap.63.	chromatin	Middle Hippocampus H3K27ac	True	0.000297619047619	0.0003225806451612	True	True	True	False	5.08130081300813e-05	False	False	False
Roadmap.143.	F_COMP	~~	SCZ_PGC	0.0015165598372608	0.889313384986401	2.12706996484315	0.891628936231516	0.103104750926997	0.0	0	F_COMP~~SCZ_PGC				Roadmap.143.	Roadmap.143.	Roadmap.143.	chromatin	Middle Hippocampus H3K36me3	True	0.000297619047619	0.0003225806451612	False	False	False	False	5.08130081300813e-05	False	True	False
Roadmap.231.	F_COMP	~~	SCZ_PGC	0.0015631504506504	1.61932782105061	4.00554010232101	0.682448374357185	5.31230202422066e-06	0.0	"lavaan->lav_object_post_check():  
   some estimated ov variances are negative"	F_COMP~~SCZ_PGC				Roadmap.231.	Roadmap.231.	Roadmap.231.	chromatin	Middle Hippocampus H3K4me1	True	0.000297619047619	0.0003225806451612	True	True	True	False	5.08130081300813e-05	True	False	False
Roadmap.319.	F_COMP	~~	SCZ_PGC	0.001724291483567	1.13203324433467	6.02593662328499	1.22156066467129	1.94130112370868e-05	0.0	"lavaan->lav_object_post_check():  
   some estimated ov variances are negative"	F_COMP~~SCZ_PGC				Roadmap.319.	Roadmap.319.	Roadmap.319.	chromatin	Middle Hippocampus H3K4me3	True	0.000297619047619	0.0003225806451612	True	True	True	False	5.08130081300813e-05	True	False	False
Roadmap.64.	F_COMP	~~	SCZ_PGC	0.0011824983868229	0.989257063459857	4.33336475941769	0.806831723262988	1.80260653975372e-05	0.0	0	F_COMP~~SCZ_PGC				Roadmap.64.	Roadmap.64.	Roadmap.64.	chromatin	Inferior Temporal Lobe H3K27ac	True	0.000297619047619	0.0003225806451612	True	True	False	False	5.08130081300813e-05	True	True	True
Roadmap.144.	F_COMP	~~	SCZ_PGC	0.0022573062961347	1.18830095117024	2.06775138979884	1.18886062790463	0.184558124753741	0.0	"lavaan->lav_object_post_check():  
   some estimated ov variances are negative"	F_COMP~~SCZ_PGC				Roadmap.144.	Roadmap.144.	Roadmap.144.	chromatin	Interior Temporal Lobe H3K36me3	True	0.000297619047619	0.0003225806451612	False	False	True	False	5.08130081300813e-05	False	False	False
Roadmap.232.	F_COMP	~~	SCZ_PGC	0.0026904132146655	1.06102733086312	3.80381301296792	1.17135549126011	0.0083408693178438	0.0	0	F_COMP~~SCZ_PGC				Roadmap.232.	Roadmap.232.	Roadmap.232.	chromatin	Inferior Temporal Lobe H3K4me1	True	0.000297619047619	0.0003225806451612	False	False	False	False	5.08130081300813e-05	False	True	False
Roadmap.320.	F_COMP	~~	SCZ_PGC	0.0018945771907957	0.986649292290981	6.70362230814555	1.45282428966827	4.32055666994893e-05	0.0	"lavaan->lav_object_post_check():  
   some estimated ov variances are negative"	F_COMP~~SCZ_PGC				Roadmap.320.	Roadmap.320.	Roadmap.320.	chromatin	Interior Temporal Lobe H3K4me3	True	0.000297619047619	0.0003225806451612	True	True	True	False	5.08130081300813e-05	True	False	False
Roadmap.376.	F_COMP	~~	SCZ_PGC	0.0005388665596983	1.37620868589415	6.09247496737555	1.23136282847374	1.76982366429973e-05	0.0	0	F_COMP~~SCZ_PGC				Roadmap.376.	Roadmap.376.	Roadmap.376.	chromatin	Inferior Temporal Lobe H3K9ac	True	0.000297619047619	0.0003225806451612	True	True	False	False	5.08130081300813e-05	True	True	True
Roadmap.66.	F_COMP	~~	SCZ_PGC	0.00071270776777	0.909770187845377	4.75667609336585	0.744833241636076	2.28370549150628e-07	0.0	0	F_COMP~~SCZ_PGC				Roadmap.66.	Roadmap.66.	Roadmap.66.	chromatin	Substantia Nigra H3K27ac	True	0.000297619047619	0.0003225806451612	True	True	False	False	5.08130081300813e-05	True	True	True
Roadmap.146.	F_COMP	~~	SCZ_PGC	0.0012969197762881	1.01145680454456	1.18442113217924	1.89922463874293	0.461322148269515	0.0	"lavaan->lav_object_post_check():  
   covariance matrix of latent variables is not positive definite ; use 
   lavInspect(fit, ""cov.lv"") to investigate."	F_COMP~~SCZ_PGC				Roadmap.146.	Roadmap.146.	Roadmap.146.	chromatin	Substantia Nigra H3K36me3	True	0.000297619047619	0.0003225806451612	False	False	True	False	5.08130081300813e-05	False	False	False
Roadmap.234.	F_COMP	~~	SCZ_PGC	0.0015779587665841	0.569343059576323	2.97500889236725	0.946333568296101	0.0184435545577983	0.0	0	F_COMP~~SCZ_PGC				Roadmap.234.	Roadmap.234.	Roadmap.234.	chromatin	Substantia Nigra H3K4me1	True	0.000297619047619	0.0003225806451612	False	False	False	False	5.08130081300813e-05	False	True	False
Roadmap.322.	F_COMP	~~	SCZ_PGC	0.0009369386216313	1.11169347071595	5.28085792745671	1.90067947799963	0.0121523654992899	0.0	0	F_COMP~~SCZ_PGC				Roadmap.322.	Roadmap.322.	Roadmap.322.	chromatin	Substantia Nigra H3K4me3	True	0.000297619047619	0.0003225806451612	False	False	False	False	5.08130081300813e-05	False	True	False
Roadmap.378.	F_COMP	~~	SCZ_PGC	0.0021227961159578	1.27501440702715	4.63308641036692	1.83201031087589	0.0236773145964101	0.0	0	F_COMP~~SCZ_PGC				Roadmap.378.	Roadmap.378.	Roadmap.378.	chromatin	Subtantia Nigra H3K9ac	True	0.000297619047619	0.0003225806451612	False	False	False	False	5.08130081300813e-05	False	True	False
Roadmap.13.	F_COMP	~~	SCZ_PGC	0.0023394403274412	1.32129702833004	5.6456778360117	1.42769515081727	0.0005690205801946	0.0	"lavaan->lav_object_post_check():  
   covariance matrix of latent variables is not positive definite ; use 
   lavInspect(fit, ""cov.lv"") to investigate."	F_COMP~~SCZ_PGC				Roadmap.13.	Roadmap.13.	Roadmap.13.	chromatin	Fetal Adrenal Gland DNase	True	0.000297619047619	0.0003225806451612	False	False	True	False	5.08130081300813e-05	False	False	False
Roadmap.71.	F_COMP	~~	SCZ_PGC	0.0008263547913314	0.937753525169325	3.46833071847539	0.801420319248152	0.0010351931951538	0.0	0	F_COMP~~SCZ_PGC				Roadmap.71.	Roadmap.71.	Roadmap.71.	chromatin	Fetal Adrenal Gland H3K27ac	True	0.000297619047619	0.0003225806451612	False	False	False	False	5.08130081300813e-05	False	True	False
Roadmap.152.	F_COMP	~~	SCZ_PGC	0.0014244467767505	0.965184082046995	2.15092066700151	0.542870691276082	0.0170003197131733	0.0	0	F_COMP~~SCZ_PGC				Roadmap.152.	Roadmap.152.	Roadmap.152.	chromatin	Fetal Adrenal Gland H3K36me3	True	0.000297619047619	0.0003225806451612	False	False	False	False	5.08130081300813e-05	False	True	False
Roadmap.240.	F_COMP	~~	SCZ_PGC	0.0027427922979175	1.29622427302963	2.29396452883899	0.765309707115784	0.0454401403971888	0.0	"lavaan->lav_object_post_check():  
   some estimated ov variances are negative"	F_COMP~~SCZ_PGC				Roadmap.240.	Roadmap.240.	Roadmap.240.	chromatin	Fetal Adrenal Gland H3K4me1	True	0.000297619047619	0.0003225806451612	False	False	True	False	5.08130081300813e-05	False	False	False
Roadmap.328.	F_COMP	~~	SCZ_PGC	0.001222361742008	0.999130447099218	5.30365038395058	1.83111701242695	0.0093794720778241	0.0	0	F_COMP~~SCZ_PGC				Roadmap.328.	Roadmap.328.	Roadmap.328.	chromatin	Fetal Adrenal Gland H3K4me3	True	0.000297619047619	0.0003225806451612	False	False	False	False	5.08130081300813e-05	False	True	False
Roadmap.15.	F_COMP	~~	SCZ_PGC	0.002796066031816	1.56188430647343	7.90277024443193	1.71639322770103	2.88932686149461e-05	0.0	"lavaan->lav_object_post_check():  
   some estimated ov variances are negative"	F_COMP~~SCZ_PGC				Roadmap.15.	Roadmap.15.	Roadmap.15.	chromatin	Fetal Female Brain Dnase	True	0.000297619047619	0.0003225806451612	True	True	True	False	5.08130081300813e-05	True	False	False
Roadmap.154.	F_COMP	~~	SCZ_PGC	0.0008107277070362	1.26583841808715	2.77284033053936	1.00326474405112	0.0386081445458442	0.0	0	F_COMP~~SCZ_PGC				Roadmap.154.	Roadmap.154.	Roadmap.154.	chromatin	Fetal Female Brain H3K36me3	True	0.000297619047619	0.0003225806451612	False	False	False	False	5.08130081300813e-05	False	True	False
Roadmap.242.	F_COMP	~~	SCZ_PGC	0.0018149626566516	0.493678303877408	5.62937934075226	1.42341718197409	0.0005723761443822	0.0	0	F_COMP~~SCZ_PGC				Roadmap.242.	Roadmap.242.	Roadmap.242.	chromatin	Fetal Female Brain H3K4me1	True	0.000297619047619	0.0003225806451612	False	False	False	False	5.08130081300813e-05	False	True	False
Roadmap.330.	F_COMP	~~	SCZ_PGC	0.0009075274581913	1.21033318651103	9.05948025526516	1.56323154720016	1.2637392205764e-07	0.0	0	F_COMP~~SCZ_PGC				Roadmap.330.	Roadmap.330.	Roadmap.330.	chromatin	Fetal Female Brain H3K4me3	True	0.000297619047619	0.0003225806451612	True	True	False	False	5.08130081300813e-05	True	True	True
Roadmap.14.	F_COMP	~~	SCZ_PGC	0.0013564798919616	0.904332977079918	7.2963244227122	1.51558697692086	1.63085274917667e-05	0.0	"lavaan->lav_object_post_check():  
   some estimated ov variances are negative"	F_COMP~~SCZ_PGC				Roadmap.14.	Roadmap.14.	Roadmap.14.	chromatin	Fetal Male Brain DNAse	True	0.000297619047619	0.0003225806451612	True	True	True	False	5.08130081300813e-05	True	False	False
Roadmap.153.	F_COMP	~~	SCZ_PGC	0.0013596966322321	1.83405303889309				0.0	"lavaan->lav_lavaan_step11_estoptim():  
   the optimizer warns that a solution has NOT been found!"	F_COMP~~SCZ_PGC				Roadmap.153.	Roadmap.153.	Roadmap.153.	chromatin	Fetal Male Brain H3K36me3	True	0.000297619047619	0.0003225806451612	False	False	True	False	5.08130081300813e-05	False	False	False
Roadmap.241.	F_COMP	~~	SCZ_PGC	0.0011614112823788	0.967367737005231	5.15108803110704	0.662237474936202	1.8253230234168002e-10	0.0	"lavaan->lav_object_post_check():  
   some estimated ov variances are negative"	F_COMP~~SCZ_PGC				Roadmap.241.	Roadmap.241.	Roadmap.241.	chromatin	Fetal Male Brain H3K4me1	True	0.000297619047619	0.0003225806451612	True	True	True	False	5.08130081300813e-05	True	False	False
Roadmap.329.	F_COMP	~~	SCZ_PGC	0.0013993222481154	1.13274813448451	11.4500767331338	5.3484014595788	0.0253583455804034	0.0	"lavaan->lav_object_post_check():  
   covariance matrix of latent variables is not positive definite ; use 
   lavInspect(fit, ""cov.lv"") to investigate."	F_COMP~~SCZ_PGC				Roadmap.329.	Roadmap.329.	Roadmap.329.	chromatin	Fetal Male Brain H3K4me3	True	0.000297619047619	0.0003225806451612	False	False	True	False	5.08130081300813e-05	False	False	False
Roadmap.51.	F_COMP	~~	SCZ_PGC	0.0009339637992905	0.462141192349739	3.4836538267555	0.759129518137164	0.0005344903722651	0.0	"lavaan->lav_object_post_check():  
   some estimated ov variances are negative"	F_COMP~~SCZ_PGC				Roadmap.51.	Roadmap.51.	Roadmap.51.	chromatin	Foreskin H3K27ac	True	0.000297619047619	0.0003225806451612	False	False	True	False	5.08130081300813e-05	False	False	False
Roadmap.98.	F_COMP	~~	SCZ_PGC	0.001208592531981	1.22869944086427	3.46762570282483	0.84760497508197	0.0017996865234274	0.0	"lavaan->lav_object_post_check():  
   some estimated ov variances are negative"	F_COMP~~SCZ_PGC				Roadmap.98.	Roadmap.98.	Roadmap.98.	chromatin	Mammry Epithelial Cells H3K27ac	True	0.000297619047619	0.0003225806451612	False	False	True	False	5.08130081300813e-05	False	False	False
Roadmap.27.	F_COMP	~~	SCZ_PGC	0.0040441543513899	1.82027220299585	2.79608349017376	1.32594346277095	0.0877772679905408	0.0	"lavaan->lav_object_post_check():  
   some estimated ov variances are negative"	F_COMP~~SCZ_PGC				Roadmap.27.	Roadmap.27.	Roadmap.27.	chromatin	Ovary DNAse	True	0.000297619047619	0.0003225806451612	False	False	True	False	5.08130081300813e-05	False	False	False
Roadmap.83.	F_COMP	~~	SCZ_PGC	0.0018717824729153	2.43408736357639	3.61233546643885	1.27212802728047	0.0200112718615827	0.0	"lavaan->lav_lavaan_step11_estoptim():  
   the optimizer (NLMINB) claimed the model converged, but not all elements 
   of the gradient are (near) zero; the optimizer may not have found a local 
   solution use check.gradient = FALSE to skip this check."	F_COMP~~SCZ_PGC				Roadmap.83.	Roadmap.83.	Roadmap.83.	chromatin	Ovary H3K27ac	True	0.000297619047619	0.0003225806451612	False	False	True	False	5.08130081300813e-05	False	False	False
Roadmap.169.	F_COMP	~~	SCZ_PGC	0.0011995082772743	1.24284909165915	2.82782347565043	1.12038036380838	0.0513996835388755	0.0	0	F_COMP~~SCZ_PGC				Roadmap.169.	Roadmap.169.	Roadmap.169.	chromatin	Ovary H3K36me3	True	0.000297619047619	0.0003225806451612	False	False	False	False	5.08130081300813e-05	False	True	False
Roadmap.257.	F_COMP	~~	SCZ_PGC	0.0024205547573384	0.789170060871306	1.93809759621073	1.02369521806364	0.179732844708971	0.0	"lavaan->lav_object_post_check():  
   covariance matrix of latent variables is not positive definite ; use 
   lavInspect(fit, ""cov.lv"") to investigate."	F_COMP~~SCZ_PGC				Roadmap.257.	Roadmap.257.	Roadmap.257.	chromatin	Ovary H3K4me1	True	0.000297619047619	0.0003225806451612	False	False	True	False	5.08130081300813e-05	False	False	False
Roadmap.345.	F_COMP	~~	SCZ_PGC	0.0007863364054998	0.954678519026984	7.48499770450275	1.59852526650763	2.486813831085e-05	0.0	"lavaan->lav_object_post_check():  
   some estimated ov variances are negative"	F_COMP~~SCZ_PGC				Roadmap.345.	Roadmap.345.	Roadmap.345.	chromatin	Ovary H3K4me3	True	0.000297619047619	0.0003225806451612	True	True	True	False	5.08130081300813e-05	True	False	False
Roadmap.223.	F_COMP	~~	SCZ_PGC	0.0002178394722296	0.837568987745437	8.68641513885066	1.61212340401637	9.30861027350078e-07	0.0	"lavaan->lav_lavaan_step11_estoptim():  
   the optimizer (NLMINB) claimed the model converged, but not all elements 
   of the gradient are (near) zero; the optimizer may not have found a local 
   solution use check.gradient = FALSE to skip this check."	F_COMP~~SCZ_PGC				Roadmap.223.	Roadmap.223.	Roadmap.223.	chromatin	Monoculear Peripheral Blood Cells H3K4me1	True	0.000297619047619	0.0003225806451612	True	True	True	False	5.08130081300813e-05	True	False	False
Roadmap.261.	F_COMP	~~	SCZ_PGC	0.0006566704632351	0.59372184087328	2.06316829728948	0.924424347378744	0.125054048392767	0.0	"lavaan->lav_object_post_check():  
   covariance matrix of latent variables is not positive definite ; use 
   lavInspect(fit, ""cov.lv"") to investigate."	F_COMP~~SCZ_PGC				Roadmap.261.	Roadmap.261.	Roadmap.261.	chromatin	Rectal Mucosa H3K4me1	True	0.000297619047619	0.0003225806451612	False	False	True	False	5.08130081300813e-05	False	False	False
PIL2	F_COMP	~~	SCZ_PGC	0.0029099948347361	0.706426980257223	11.2469391752215	2.05605322474065	3.11752431147264e-07	0.0	"lavaan->lav_object_post_check():  
   some estimated ov variances are negative"	F_COMP~~SCZ_PGC				PIL2	PI	PIL2	custom	PI Genes	True	0.000297619047619	0.0003225806451612	True	True	True	False	5.08130081300813e-05	True	False	False
ASC1L2	F_COMP	~~	SCZ_PGC	0.0026020931159143	0.810462887448266	5.42407480184052	2.24738474253069	0.0245027636009328	0.0	0	F_COMP~~SCZ_PGC				ASC1L2	ASC1	ASC1L2	custom	ASC1	True	0.000297619047619	0.0003225806451612	False	False	False	False	5.08130081300813e-05	False	True	False
ASC2L2	F_COMP	~~	SCZ_PGC	0.001954500533634	0.642252391212333	6.33865041090368	2.43296871040722	0.0141071141652757	0.0	0	F_COMP~~SCZ_PGC				ASC2L2	ASC2	ASC2L2	custom	ASC2	True	0.000297619047619	0.0003225806451612	False	False	False	False	5.08130081300813e-05	False	True	False
ENDL2	F_COMP	~~	SCZ_PGC	0.0016694299506077	0.614269741011969	7.77763021139027	2.31524430802486	0.001709082725372	0.0	"lavaan->lav_object_post_check():  
   some estimated ov variances are negative"	F_COMP~~SCZ_PGC				ENDL2	END	ENDL2	custom	Endothelial Cells	True	0.000297619047619	0.0003225806451612	False	False	True	False	5.08130081300813e-05	False	False	False
exCA1L2	F_COMP	~~	SCZ_PGC	0.0026337382602017	0.761942050097373	10.136403534562	2.22837970537696	2.06556346395843e-05	0.0	0	F_COMP~~SCZ_PGC				exCA1L2	exCA1	exCA1L2	custom	exCA1	True	0.000297619047619	0.0003225806451612	True	True	False	False	5.08130081300813e-05	True	True	True
exCA3L2	F_COMP	~~	SCZ_PGC	0.0027796172740105	0.717408219669533	10.6787362907868	2.34445953729729	1.82692321092173e-05	0.0	0	F_COMP~~SCZ_PGC				exCA3L2	exCA3	exCA3L2	custom	exCA3	True	0.000297619047619	0.0003225806451612	True	True	False	False	5.08130081300813e-05	True	True	True
exDGL2	F_COMP	~~	SCZ_PGC	0.001814298091627	0.55013010069921	10.0609460348461	2.2925289038638	3.86888218218085e-05	0.0	0	F_COMP~~SCZ_PGC				exDGL2	exDG	exDGL2	custom	exDG	True	0.000297619047619	0.0003225806451612	True	True	False	False	5.08130081300813e-05	True	True	True
exPFC1L2	F_COMP	~~	SCZ_PGC	0.002598141648289	0.754304713708172	10.3151329986005	2.42248225863632	6.02063733683441e-05	0.0	0	F_COMP~~SCZ_PGC				exPFC1L2	exPFC1	exPFC1L2	custom	exPFC1	True	0.000297619047619	0.0003225806451612	True	True	False	False	5.08130081300813e-05	False	True	False
exPFC2L2	F_COMP	~~	SCZ_PGC	0.0019894859181593	0.93809277302606	9.48728929386764	2.27232027839234	9.3829194302294e-05	0.0	0	F_COMP~~SCZ_PGC				exPFC2L2	exPFC2	exPFC2L2	custom	exPFC2	True	0.000297619047619	0.0003225806451612	True	True	False	False	5.08130081300813e-05	False	True	False
GABA1L2	F_COMP	~~	SCZ_PGC	0.0034829997369519	0.916053414245615	8.74539598282223	2.47177183196145	0.0008635567918133	0.0	"lavaan->lav_object_post_check():  
   some estimated ov variances are negative"	F_COMP~~SCZ_PGC				GABA1L2	GABA1	GABA1L2	custom	GABA1	True	0.000297619047619	0.0003225806451612	False	False	True	False	5.08130081300813e-05	False	False	False
GABA2L2	F_COMP	~~	SCZ_PGC	0.0039527958589845	1.06099477479216	9.90548080442444	2.30599605766681	5.62588416351176e-05	0.0	"lavaan->lav_object_post_check():  
   some estimated ov variances are negative"	F_COMP~~SCZ_PGC				GABA2L2	GABA2	GABA2L2	custom	GABA2	True	0.000297619047619	0.0003225806451612	True	True	True	False	5.08130081300813e-05	False	False	False
MGL2	F_COMP	~~	SCZ_PGC	0.0018985847098695	0.664440400745171	7.71613170514517	2.64183554956369	0.0055075138042845	0.0	0	F_COMP~~SCZ_PGC				MGL2	MG	MGL2	custom	Microglia	True	0.000297619047619	0.0003225806451612	False	False	False	False	5.08130081300813e-05	False	True	False
NSCL2	F_COMP	~~	SCZ_PGC	0.0038333970201918	0.709494858093175	8.73747664302086	2.55731239933582	0.0012405857661903	0.0	"lavaan->lav_object_post_check():  
   covariance matrix of latent variables is not positive definite ; use 
   lavInspect(fit, ""cov.lv"") to investigate."	F_COMP~~SCZ_PGC				NSCL2	NSC	NSCL2	custom	Neuronal Stem Cells	True	0.000297619047619	0.0003225806451612	False	False	True	False	5.08130081300813e-05	False	False	False
ODCL2	F_COMP	~~	SCZ_PGC	0.0059863918935142	2.02336096842665	9.33990918082002	2.50112359753968	0.0004273182239238	0.0	0	F_COMP~~SCZ_PGC				ODCL2	ODC	ODCL2	custom	Oligodendrocytes	True	0.000297619047619	0.0003225806451612	False	False	False	False	5.08130081300813e-05	False	True	False
OPCL2	F_COMP	~~	SCZ_PGC	0.002288610820054	0.670391259952655	8.90598874359149	2.19076966139161	0.0001538247771042	0.0	0	F_COMP~~SCZ_PGC				OPCL2	OPC	OPCL2	custom	Oligodendrocyte Precursor Cells	True	0.000297619047619	0.0003225806451612	True	True	False	False	5.08130081300813e-05	False	True	False
PI_x_ASC1L2	F_COMP	~~	SCZ_PGC	0.0008278004673837	0.791063285327052				0.0	"lavaan->lav_lavaan_step11_estoptim():  
   the optimizer warns that a solution has NOT been found!"	F_COMP~~SCZ_PGC				PI_x_ASC1L2	PI_x_ASC1	PI_x_ASC1L2	custom	PI x ASC1	True	0.000297619047619	0.0003225806451612	False	False	True	False	5.08130081300813e-05	False	False	False
PI_x_ASC2L2	F_COMP	~~	SCZ_PGC	0.0012563393082276	1.21775463583206	8.30911953319301	4.71500397046429	0.0605487859008168	0.0	0	F_COMP~~SCZ_PGC				PI_x_ASC2L2	PI_x_ASC2	PI_x_ASC2L2	custom	PI x ASC2	True	0.000297619047619	0.0003225806451612	False	False	False	False	5.08130081300813e-05	False	True	False
PI_x_ENDL2	F_COMP	~~	SCZ_PGC	0.0006283690252347	0.749222712604719	10.2990592750943	4.11388156444171	0.0118979063503865	0.0	"lavaan->lav_object_post_check():  
   some estimated ov variances are negative"	F_COMP~~SCZ_PGC				PI_x_ENDL2	PI_x_END	PI_x_ENDL2	custom	PI x Endothelial Cells	True	0.000297619047619	0.0003225806451612	False	False	True	False	5.08130081300813e-05	False	False	False
PI_x_exCA1L2	F_COMP	~~	SCZ_PGC	0.0010569629331679	0.543258378260858	18.5058096312014	4.5904208753277	6.84917878057179e-05	0.0	0	F_COMP~~SCZ_PGC				PI_x_exCA1L2	PI_x_exCA1	PI_x_exCA1L2	custom	PI x exCA1	True	0.000297619047619	0.0003225806451612	True	True	False	False	5.08130081300813e-05	False	True	False
PI_x_exCA3L2	F_COMP	~~	SCZ_PGC	0.0003808499534889	0.370879389921652	16.2367045317095	4.56680836399602	0.000424353069752	0.0	0	F_COMP~~SCZ_PGC				PI_x_exCA3L2	PI_x_exCA3	PI_x_exCA3L2	custom	PI x exCA3	True	0.000297619047619	0.0003225806451612	False	False	False	False	5.08130081300813e-05	False	True	False
PI_x_exDGL2	F_COMP	~~	SCZ_PGC	0.0010311319859897	0.722679120105401				0.0	"lavaan->lav_lavaan_step11_estoptim():  
   the optimizer warns that a solution has NOT been found!"	F_COMP~~SCZ_PGC				PI_x_exDGL2	PI_x_exDG	PI_x_exDGL2	custom	PI x exDG	True	0.000297619047619	0.0003225806451612	False	False	True	False	5.08130081300813e-05	False	False	False
PI_x_exPFC1L2	F_COMP	~~	SCZ_PGC	0.0013022367224113	0.66403014607535	16.8861935576308	4.4053552790031	0.0001554110053821	0.0	0	F_COMP~~SCZ_PGC				PI_x_exPFC1L2	PI_x_exPFC1	PI_x_exPFC1L2	custom	PI x exPFC1	True	0.000297619047619	0.0003225806451612	True	True	False	False	5.08130081300813e-05	False	True	False
PI_x_exPFC2L2	F_COMP	~~	SCZ_PGC	0.0009667642105995	0.596749027309259	11.5891642683685	4.31290195271824	0.0070397327565967	0.0	0	F_COMP~~SCZ_PGC				PI_x_exPFC2L2	PI_x_exPFC2	PI_x_exPFC2L2	custom	PI x exPFC2	True	0.000297619047619	0.0003225806451612	False	False	False	False	5.08130081300813e-05	False	True	False
PI_x_GABA1L2	F_COMP	~~	SCZ_PGC	0.00125723217105	0.62300809682783	12.0296700833347	4.00904599084309	0.0029689079394035	0.0	"lavaan->lav_lavaan_step11_estoptim():  
   the optimizer (NLMINB) claimed the model converged, but not all elements 
   of the gradient are (near) zero; the optimizer may not have found a local 
   solution use check.gradient = FALSE to skip this check."	F_COMP~~SCZ_PGC				PI_x_GABA1L2	PI_x_GABA1	PI_x_GABA1L2	custom	PI x GABA1	True	0.000297619047619	0.0003225806451612	False	False	True	False	5.08130081300813e-05	False	False	False
PI_x_GABA2L2	F_COMP	~~	SCZ_PGC	0.0010193905886793	0.57537587468936	12.5613336865758	4.05917151533864	0.0021983618713982	0.0	0	F_COMP~~SCZ_PGC				PI_x_GABA2L2	PI_x_GABA2	PI_x_GABA2L2	custom	PI x GABA2	True	0.000297619047619	0.0003225806451612	False	False	False	False	5.08130081300813e-05	False	True	False
PI_x_MGL2	F_COMP	~~	SCZ_PGC	0.0012824853847695	1.34022240055243				0.0	"lavaan->lav_lavaan_step11_estoptim():  
   the optimizer warns that a solution has NOT been found!"	F_COMP~~SCZ_PGC				PI_x_MGL2	PI_x_MG	PI_x_MGL2	custom	PI x Microglia	True	0.000297619047619	0.0003225806451612	False	False	True	False	5.08130081300813e-05	False	False	False
PI_x_NSCL2	F_COMP	~~	SCZ_PGC	0.0016967269085307	1.68624232512762	16.028622667208	5.38281808627855	0.0026194767406413	0.0	0	F_COMP~~SCZ_PGC				PI_x_NSCL2	PI_x_NSC	PI_x_NSCL2	custom	PI x Neuronal Stem Cells	True	0.000297619047619	0.0003225806451612	False	False	False	False	5.08130081300813e-05	False	True	False
PI_x_ODCL2	F_COMP	~~	SCZ_PGC	0.0021648941049414	1.50144421247781	14.2738384724902	4.41965150686087	0.0013350481732119	0.0	0	F_COMP~~SCZ_PGC				PI_x_ODCL2	PI_x_ODC	PI_x_ODCL2	custom	PI x Oligodendrocytes	True	0.000297619047619	0.0003225806451612	False	False	False	False	5.08130081300813e-05	False	True	False
PI_x_OPCL2	F_COMP	~~	SCZ_PGC	0.0013160561079839	0.85927148856195	13.4745237424335	4.02203801908792	0.0009625746479393	0.0	"lavaan->lav_object_post_check():  
   some estimated ov variances are negative"	F_COMP~~SCZ_PGC				PI_x_OPCL2	PI_x_OPC	PI_x_OPCL2	custom	PI x Oligodendrocyte Precursor Cells	True	0.000297619047619	0.0003225806451612	False	False	True	False	5.08130081300813e-05	False	False	False
baseL2	F_INT	~~	SCZ_PGC	0.0044864578534601	0.553055486273601	1.00000071700474	0.126054066035232	0.499997730787143	0.0	0	F_INT~~SCZ_PGC				baseL2	base	baseL2	baseline		True	0.000297619047619	0.0003225806451612	False	False	False	False	5.08130081300813e-05	False	True	False
Coding_UCSCL2	F_INT	~~	SCZ_PGC	0.0022827755901907	1.08387405548914	5.65731712105951	2.14346280431763	0.0148976666387981	0.0	"lavaan->lav_object_post_check():  
   some estimated ov variances are negative"	F_INT~~SCZ_PGC				Coding_UCSCL2	Coding_UCSC	Coding_UCSCL2	baseline		True	0.000297619047619	0.0003225806451612	False	False	True	False	5.08130081300813e-05	False	False	False
Conserved_LindbladTohL2	F_INT	~~	SCZ_PGC	0.0012163362979743	0.886434994517113	10.1504830117066	2.02702753351662	3.1772538579357e-06	0.0	0	F_INT~~SCZ_PGC				Conserved_LindbladTohL2	Conserved_LindbladToh	Conserved_LindbladTohL2	baseline		True	0.000297619047619	0.0003225806451612	True	True	False	False	5.08130081300813e-05	True	True	True
CTCF_HoffmanL2	F_INT	~~	SCZ_PGC	0.0059946659506555	2.24458351170558	1.17660415912793	0.969945400467403	0.427761387676563	0.0	0	F_INT~~SCZ_PGC				CTCF_HoffmanL2	CTCF_Hoffman	CTCF_HoffmanL2	baseline		True	0.000297619047619	0.0003225806451612	False	False	False	False	5.08130081300813e-05	False	True	False
DGF_ENCODEL2	F_INT	~~	SCZ_PGC	0.0113375495533006	1.99245506590914	2.05284799821264	0.473889740958145	0.0131512823575287	0.0	"lavaan->lav_object_post_check():  
   some estimated ov variances are negative"	F_INT~~SCZ_PGC				DGF_ENCODEL2	DGF_ENCODE	DGF_ENCODEL2	baseline		True	0.000297619047619	0.0003225806451612	False	False	True	False	5.08130081300813e-05	False	False	False
DHS_peaks_TrynkaL2	F_INT	~~	SCZ_PGC	0.0059318516132404	1.0343057007056	2.06592776029467	0.647870261546316	0.0499560767342498	0.0	0	F_INT~~SCZ_PGC				DHS_peaks_TrynkaL2	DHS_peaks_Trynka	DHS_peaks_TrynkaL2	baseline		True	0.000297619047619	0.0003225806451612	False	False	False	False	5.08130081300813e-05	False	True	False
DHS_TrynkaL2	F_INT	~~	SCZ_PGC	0.0040586564102954	0.723598726178784	1.86951647838432	0.465864378044047	0.0309886300101154	0.0	0	F_INT~~SCZ_PGC				DHS_TrynkaL2	DHS_Trynka	DHS_TrynkaL2	baseline		True	0.000297619047619	0.0003225806451612	False	False	False	False	5.08130081300813e-05	False	True	False
Enhancer_AnderssonL2	F_INT	~~	SCZ_PGC	0.0010098757347192	1.48817676810926				0.0	"lavaan->lav_lavaan_step11_estoptim():  
   the optimizer warns that a solution has NOT been found!"	F_INT~~SCZ_PGC				Enhancer_AnderssonL2	Enhancer_Andersson	Enhancer_AnderssonL2	baseline		True	0.000297619047619	0.0003225806451612	False	False	True	False	5.08130081300813e-05	False	False	False
Enhancer_HoffmanL2	F_INT	~~	SCZ_PGC	0.0009640327837785	1.27677695696508	1.75160702075066	0.645012947389316	0.121957122966278	0.0	0	F_INT~~SCZ_PGC				Enhancer_HoffmanL2	Enhancer_Hoffman	Enhancer_HoffmanL2	baseline		True	0.000297619047619	0.0003225806451612	False	False	False	False	5.08130081300813e-05	False	True	False
FetalDHS_TrynkaL2	F_INT	~~	SCZ_PGC	0.0038462770158872	0.940390543421378	2.47534466259523	0.775830398041737	0.0286095773788808	0.0	"lavaan->lav_object_post_check():  
   some estimated ov variances are negative"	F_INT~~SCZ_PGC				FetalDHS_TrynkaL2	FetalDHS_Trynka	FetalDHS_TrynkaL2	baseline		True	0.000297619047619	0.0003225806451612	False	False	True	False	5.08130081300813e-05	False	False	False
H3K27ac_HniszL2	F_INT	~~	SCZ_PGC	0.0025890897371035	0.526129781223725	1.31403225497305	0.196201916255069	0.0547375902633944	0.0	0	F_INT~~SCZ_PGC				H3K27ac_HniszL2	H3K27ac_Hnisz	H3K27ac_HniszL2	baseline		True	0.000297619047619	0.0003225806451612	False	False	False	False	5.08130081300813e-05	False	True	False
H3K27ac_PGC2L2	F_INT	~~	SCZ_PGC	0.001572840207382	0.438182427416718	1.47485211175974	0.240561324860539	0.0241946397622429	0.0	0	F_INT~~SCZ_PGC				H3K27ac_PGC2L2	H3K27ac_PGC2	H3K27ac_PGC2L2	baseline		True	0.000297619047619	0.0003225806451612	False	False	False	False	5.08130081300813e-05	False	True	False
H3K4me1_peaks_TrynkaL2	F_INT	~~	SCZ_PGC	0.0046815868517883	0.755868946805573	2.1913003357719	0.429161414877229	0.0027526311598424	0.0	"lavaan->lav_object_post_check():  
   some estimated ov variances are negative"	F_INT~~SCZ_PGC				H3K4me1_peaks_TrynkaL2	H3K4me1_peaks_Trynka	H3K4me1_peaks_TrynkaL2	baseline		True	0.000297619047619	0.0003225806451612	False	False	True	False	5.08130081300813e-05	False	False	False
H3K4me1_TrynkaL2	F_INT	~~	SCZ_PGC	0.0038393373876836	0.634694022064577	1.48199983864167	0.228191680995204	0.0173321377379728	0.0	0	F_INT~~SCZ_PGC				H3K4me1_TrynkaL2	H3K4me1_Trynka	H3K4me1_TrynkaL2	baseline		True	0.000297619047619	0.0003225806451612	False	False	False	False	5.08130081300813e-05	False	True	False
H3K4me3_peaks_TrynkaL2	F_INT	~~	SCZ_PGC	0.0018594257348432	0.690831278375265	2.22777239992521	0.890904188216453	0.0840832039363462	0.0	"lavaan->lav_object_post_check():  
   covariance matrix of latent variables is not positive definite ; use 
   lavInspect(fit, ""cov.lv"") to investigate."	F_INT~~SCZ_PGC				H3K4me3_peaks_TrynkaL2	H3K4me3_peaks_Trynka	H3K4me3_peaks_TrynkaL2	baseline		True	0.000297619047619	0.0003225806451612	False	False	True	False	5.08130081300813e-05	False	False	False
H3K4me3_TrynkaL2	F_INT	~~	SCZ_PGC	0.0032638616278994	0.93088162780643	2.03366579873473	0.355081378203463	0.0018009819621511	0.0	0	F_INT~~SCZ_PGC				H3K4me3_TrynkaL2	H3K4me3_Trynka	H3K4me3_TrynkaL2	baseline		True	0.000297619047619	0.0003225806451612	False	False	False	False	5.08130081300813e-05	False	True	False
H3K9ac_peaks_TrynkaL2	F_INT	~~	SCZ_PGC	0.0037959926362376	1.46994586872298	3.36530236084668	1.02678891510184	0.0106227887908358	0.0	"lavaan->lav_object_post_check():  
   some estimated ov variances are negative"	F_INT~~SCZ_PGC				H3K9ac_peaks_TrynkaL2	H3K9ac_peaks_Trynka	H3K9ac_peaks_TrynkaL2	baseline		True	0.000297619047619	0.0003225806451612	False	False	True	False	5.08130081300813e-05	False	False	False
H3K9ac_TrynkaL2	F_INT	~~	SCZ_PGC	0.0029960754371585	0.81368217138709	2.12179421497899	0.381792416677997	0.0016504562521474	0.0	0	F_INT~~SCZ_PGC				H3K9ac_TrynkaL2	H3K9ac_Trynka	H3K9ac_TrynkaL2	baseline		True	0.000297619047619	0.0003225806451612	False	False	False	False	5.08130081300813e-05	False	True	False
Intron_UCSCL2	F_INT	~~	SCZ_PGC	0.0025956693040877	0.532792747025948	1.33004746706201	0.178297854361365	0.0320774594745251	0.0	0	F_INT~~SCZ_PGC				Intron_UCSCL2	Intron_UCSC	Intron_UCSCL2	baseline		True	0.000297619047619	0.0003225806451612	False	False	False	False	5.08130081300813e-05	False	True	False
PromoterFlanking_HoffmanL2	F_INT	~~	SCZ_PGC	0.0011233910785044	1.01004509225563				0.0	"lavaan->lav_lavaan_step11_estoptim():  
   the optimizer warns that a solution has NOT been found!"	F_INT~~SCZ_PGC				PromoterFlanking_HoffmanL2	PromoterFlanking_Hoffman	PromoterFlanking_HoffmanL2	baseline		True	0.000297619047619	0.0003225806451612	False	False	True	False	5.08130081300813e-05	False	False	False
Promoter_UCSCL2	F_INT	~~	SCZ_PGC	0.0011094520639583	1.15195001492418	0.998434410454473	0.547645619659838	0.501140480249109	0.0	0	F_INT~~SCZ_PGC				Promoter_UCSCL2	Promoter_UCSC	Promoter_UCSCL2	baseline		True	0.000297619047619	0.0003225806451612	False	False	False	False	5.08130081300813e-05	False	True	False
Repressed_HoffmanL2	F_INT	~~	SCZ_PGC	0.0004673297802173	0.503045785776127	0.887090272053044	0.13005892003632	0.807341945668343	0.0	"lavaan->lav_object_post_check():  
   some estimated ov variances are negative"	F_INT~~SCZ_PGC				Repressed_HoffmanL2	Repressed_Hoffman	Repressed_HoffmanL2	baseline		True	0.000297619047619	0.0003225806451612	False	False	True	False	5.08130081300813e-05	False	False	False
SuperEnhancer_HniszL2	F_INT	~~	SCZ_PGC	0.0012294782201081	0.499863024109891	1.50051944394278	0.225636859992131	0.0132688232669518	0.0	"lavaan->lav_object_post_check():  
   some estimated ov variances are negative"	F_INT~~SCZ_PGC				SuperEnhancer_HniszL2	SuperEnhancer_Hnisz	SuperEnhancer_HniszL2	baseline		True	0.000297619047619	0.0003225806451612	False	False	True	False	5.08130081300813e-05	False	False	False
TFBS_ENCODEL2	F_INT	~~	SCZ_PGC	0.0025358215358161	0.797809639974368	1.0490107427525	0.427289497152397	0.454340865725768	0.0	0	F_INT~~SCZ_PGC				TFBS_ENCODEL2	TFBS_ENCODE	TFBS_ENCODEL2	baseline		True	0.000297619047619	0.0003225806451612	False	False	False	False	5.08130081300813e-05	False	True	False
Transcr_HoffmanL2	F_INT	~~	SCZ_PGC	0.0036231066842596	0.895862578496535	1.121237556164	0.191600240842061	0.263444188967125	0.0	0	F_INT~~SCZ_PGC				Transcr_HoffmanL2	Transcr_Hoffman	Transcr_HoffmanL2	baseline		True	0.000297619047619	0.0003225806451612	False	False	False	False	5.08130081300813e-05	False	True	False
TSS_HoffmanL2	F_INT	~~	SCZ_PGC	0.0007180745333636	1.47145927695137	1.82860233865961	1.04844700612482	0.214672208727232	0.0	0	F_INT~~SCZ_PGC				TSS_HoffmanL2	TSS_Hoffman	TSS_HoffmanL2	baseline		True	0.000297619047619	0.0003225806451612	False	False	False	False	5.08130081300813e-05	False	True	False
UTR_3_UCSCL2	F_INT	~~	SCZ_PGC	0.001549689621306	1.27024450017337	3.06067265691467	1.50706864982334	0.0857596490144619	0.0	"lavaan->lav_object_post_check():  
   covariance matrix of latent variables is not positive definite ; use 
   lavInspect(fit, ""cov.lv"") to investigate."	F_INT~~SCZ_PGC				UTR_3_UCSCL2	UTR_3_UCSC	UTR_3_UCSCL2	baseline		True	0.000297619047619	0.0003225806451612	False	False	True	False	5.08130081300813e-05	False	False	False
UTR_5_UCSCL2	F_INT	~~	SCZ_PGC	0.0011173701728838	1.96657381950921				0.0	"lavaan->lav_lavaan_step11_estoptim():  
   the optimizer warns that a solution has NOT been found!"	F_INT~~SCZ_PGC				UTR_5_UCSCL2	UTR_5_UCSC	UTR_5_UCSCL2	baseline		True	0.000297619047619	0.0003225806451612	False	False	True	False	5.08130081300813e-05	False	False	False
WeakEnhancer_HoffmanL2	F_INT	~~	SCZ_PGC	0.002618274041366	1.82910160206737	2.00883250978601	1.25426948058287	0.210606444588438	0.0	"lavaan->lav_object_post_check():  
   covariance matrix of latent variables is not positive definite ; use 
   lavInspect(fit, ""cov.lv"") to investigate."	F_INT~~SCZ_PGC				WeakEnhancer_HoffmanL2	WeakEnhancer_Hoffman	WeakEnhancer_HoffmanL2	baseline		True	0.000297619047619	0.0003225806451612	False	False	True	False	5.08130081300813e-05	False	False	False
GERP.RSsup4L2	F_INT	~~	SCZ_PGC	0.0003877569119313	0.543969559960348	20.675524327289	4.09368381993069	7.68697077728785e-07	0.0	"lavaan->lav_object_post_check():  
   some estimated ov variances are negative"	F_INT~~SCZ_PGC				GERP.RSsup4L2	GERP.RSsup4	GERP.RSsup4L2	baseline		True	0.000297619047619	0.0003225806451612	True	True	True	False	5.08130081300813e-05	True	False	False
MAFbin1L2	F_INT	~~	SCZ_PGC	0.0006863383183459	1.11772319176985				0.0	"lavaan->lav_lavaan_step11_estoptim():  
   the optimizer warns that a solution has NOT been found!"	F_INT~~SCZ_PGC				MAFbin1L2	MAFbin1	MAFbin1L2	baseline		True	0.000297619047619	0.0003225806451612	False	False	True	False	5.08130081300813e-05	False	False	False
MAFbin2L2	F_INT	~~	SCZ_PGC	0.000485331559693	0.636209922771691	0.659998822799007	0.106953661426284	0.999260971982034	0.0	"lavaan->lav_lavaan_step11_estoptim():  
   the optimizer (NLMINB) claimed the model converged, but not all elements 
   of the gradient are (near) zero; the optimizer may not have found a local 
   solution use check.gradient = FALSE to skip this check."	F_INT~~SCZ_PGC				MAFbin2L2	MAFbin2	MAFbin2L2	baseline		True	0.000297619047619	0.0003225806451612	False	False	True	False	5.08130081300813e-05	False	False	False
MAFbin3L2	F_INT	~~	SCZ_PGC	0.0015869610761194	1.96497687169843	0.672659899965317	0.135247501543738	0.992246236537967	0.0	"lavaan->lav_object_post_check():  
   some estimated ov variances are negative"	F_INT~~SCZ_PGC				MAFbin3L2	MAFbin3	MAFbin3L2	baseline		True	0.000297619047619	0.0003225806451612	False	False	True	False	5.08130081300813e-05	False	False	False
MAFbin4L2	F_INT	~~	SCZ_PGC	0.0004725631003971	0.662121827380395	0.826716790849468	0.15459084921833	0.868837987524268	0.0	"lavaan->lav_lavaan_step11_estoptim():  
   the optimizer (NLMINB) claimed the model converged, but not all elements 
   of the gradient are (near) zero; the optimizer may not have found a local 
   solution use check.gradient = FALSE to skip this check."	F_INT~~SCZ_PGC				MAFbin4L2	MAFbin4	MAFbin4L2	baseline		True	0.000297619047619	0.0003225806451612	False	False	True	False	5.08130081300813e-05	False	False	False
MAFbin5L2	F_INT	~~	SCZ_PGC	0.0002209457335289	0.574463842787965				0.0	"lavaan->lav_lavaan_step11_estoptim():  
   the optimizer warns that a solution has NOT been found!"	F_INT~~SCZ_PGC				MAFbin5L2	MAFbin5	MAFbin5L2	baseline		True	0.000297619047619	0.0003225806451612	False	False	True	False	5.08130081300813e-05	False	False	False
MAFbin6L2	F_INT	~~	SCZ_PGC	0.0004555057663532	0.385666922344159				0.0	"lavaan->lav_lavaan_step11_estoptim():  
   the optimizer warns that a solution has NOT been found!"	F_INT~~SCZ_PGC				MAFbin6L2	MAFbin6	MAFbin6L2	baseline		True	0.000297619047619	0.0003225806451612	False	False	True	False	5.08130081300813e-05	False	False	False
MAFbin7L2	F_INT	~~	SCZ_PGC	0.0009669896329175	0.927371376789053	1.15008612585892	0.187157260382603	0.211298110312648	0.0	"lavaan->lav_lavaan_step11_estoptim():  
   the optimizer (NLMINB) claimed the model converged, but not all elements 
   of the gradient are (near) zero; the optimizer may not have found a local 
   solution use check.gradient = FALSE to skip this check."	F_INT~~SCZ_PGC				MAFbin7L2	MAFbin7	MAFbin7L2	baseline		True	0.000297619047619	0.0003225806451612	False	False	True	False	5.08130081300813e-05	False	False	False
MAFbin8L2	F_INT	~~	SCZ_PGC	0.0001192786812402	0.303235534581447	0.958049340397629	0.214762701046139	0.577434627656969	0.0	"lavaan->lav_object_post_check():  
   some estimated ov variances are negative"	F_INT~~SCZ_PGC				MAFbin8L2	MAFbin8	MAFbin8L2	baseline		True	0.000297619047619	0.0003225806451612	False	False	True	False	5.08130081300813e-05	False	False	False
MAFbin9L2	F_INT	~~	SCZ_PGC	0.000405947985995	0.493011158906194	1.6889476138246	0.228210292406786	0.0012684059255504	0.0	"lavaan->lav_object_post_check():  
   some estimated ov variances are negative"	F_INT~~SCZ_PGC				MAFbin9L2	MAFbin9	MAFbin9L2	baseline		True	0.000297619047619	0.0003225806451612	False	False	True	False	5.08130081300813e-05	False	False	False
MAFbin10L2	F_INT	~~	SCZ_PGC	0.0011500562259995	0.894354986160682	1.30984038562116	0.231343573574618	0.0902351516878527	0.0	0	F_INT~~SCZ_PGC				MAFbin10L2	MAFbin10	MAFbin10L2	baseline		True	0.000297619047619	0.0003225806451612	False	False	False	False	5.08130081300813e-05	False	True	False
synonymousL2	F_INT	~~	SCZ_PGC	0.0023042794132926	1.53381400287379	10.5803180583904	8.01376721579274	0.115949294698191	0.0	0	F_INT~~SCZ_PGC				synonymousL2	synonymous	synonymousL2	baseline		True	0.000297619047619	0.0003225806451612	False	False	False	False	5.08130081300813e-05	False	True	False
non_synonymousL2	F_INT	~~	SCZ_PGC	0.0038603365209715	1.9326560131179				0.0	"lavaan->lav_lavaan_step11_estoptim():  
   the optimizer warns that a solution has NOT been found!"	F_INT~~SCZ_PGC				non_synonymousL2	non_synonymous	non_synonymousL2	baseline		True	0.000297619047619	0.0003225806451612	False	False	True	False	5.08130081300813e-05	False	False	False
Conserved_Vertebrate_phastCons46wayL2	F_INT	~~	SCZ_PGC	0.0025618430720753	1.21851881667094	8.57966879321556	1.60087154720936	1.09682148613511e-06	0.0	0	F_INT~~SCZ_PGC				Conserved_Vertebrate_phastCons46wayL2	Conserved_Vertebrate_phastCons46way	Conserved_Vertebrate_phastCons46wayL2	baseline		True	0.000297619047619	0.0003225806451612	True	True	False	False	5.08130081300813e-05	True	True	True
Conserved_Mammal_phastCons46wayL2	F_INT	~~	SCZ_PGC	0.0015906496611494	0.959379974568477	9.97070446915297	2.29642626163769	4.68453407127828e-05	0.0	0	F_INT~~SCZ_PGC				Conserved_Mammal_phastCons46wayL2	Conserved_Mammal_phastCons46way	Conserved_Mammal_phastCons46wayL2	baseline		True	0.000297619047619	0.0003225806451612	True	True	False	False	5.08130081300813e-05	True	True	True
Conserved_Primate_phastCons46wayL2	F_INT	~~	SCZ_PGC	0.0018023522184431	0.915056725092975	13.1049077242748	2.28242106262486	5.67896527562255e-08	0.0	0	F_INT~~SCZ_PGC				Conserved_Primate_phastCons46wayL2	Conserved_Primate_phastCons46way	Conserved_Primate_phastCons46wayL2	baseline		True	0.000297619047619	0.0003225806451612	True	True	False	False	5.08130081300813e-05	True	True	True
BivFlnkL2	F_INT	~~	SCZ_PGC	0.0005076276028514	1.34649825530455				0.0	"lavaan->lav_lavaan_step11_estoptim():  
   the optimizer warns that a solution has NOT been found!"	F_INT~~SCZ_PGC				BivFlnkL2	BivFlnk	BivFlnkL2	baseline		True	0.000297619047619	0.0003225806451612	False	False	True	False	5.08130081300813e-05	False	False	False
Human_Promoter_VillarL2	F_INT	~~	SCZ_PGC	0.0016131632585104	1.12223328815639				0.0	"lavaan->lav_lavaan_step11_estoptim():  
   the optimizer warns that a solution has NOT been found!"	F_INT~~SCZ_PGC				Human_Promoter_VillarL2	Human_Promoter_Villar	Human_Promoter_VillarL2	baseline		True	0.000297619047619	0.0003225806451612	False	False	True	False	5.08130081300813e-05	False	False	False
Human_Enhancer_VillarL2	F_INT	~~	SCZ_PGC	0.0015638517882161	1.14148531695399	2.71587205015026	0.496136139751051	0.0002716261922371	0.0	"lavaan->lav_object_post_check():  
   covariance matrix of latent variables is not positive definite ; use 
   lavInspect(fit, ""cov.lv"") to investigate."	F_INT~~SCZ_PGC				Human_Enhancer_VillarL2	Human_Enhancer_Villar	Human_Enhancer_VillarL2	baseline		True	0.000297619047619	0.0003225806451612	True	True	True	False	5.08130081300813e-05	False	False	False
Ancient_Sequence_Age_Human_PromoterL2	F_INT	~~	SCZ_PGC	0.0003287332591455	1.37555605766172	6.45814062367964	3.25463183616975	0.046767544926576	0.0	0	F_INT~~SCZ_PGC				Ancient_Sequence_Age_Human_PromoterL2	Ancient_Sequence_Age_Human_Promoter	Ancient_Sequence_Age_Human_PromoterL2	baseline		True	0.000297619047619	0.0003225806451612	False	False	False	False	5.08130081300813e-05	False	True	False
Ancient_Sequence_Age_Human_EnhancerL2	F_INT	~~	SCZ_PGC	0.003504797560559	1.65792602715136	10.6479888908401	3.2395119630187	0.0014496250119351	0.0	"lavaan->lav_object_post_check():  
   covariance matrix of latent variables is not positive definite ; use 
   lavInspect(fit, ""cov.lv"") to investigate."	F_INT~~SCZ_PGC				Ancient_Sequence_Age_Human_EnhancerL2	Ancient_Sequence_Age_Human_Enhancer	Ancient_Sequence_Age_Human_EnhancerL2	baseline		True	0.000297619047619	0.0003225806451612	False	False	True	False	5.08130081300813e-05	False	False	False
Human_Promoter_Villar_ExACL2	F_INT	~~	SCZ_PGC	0.0006255098946711	1.20271764783047	10.2906426657855	3.07718481199298	0.0012672072629578	0.0	"lavaan->lav_object_post_check():  
   some estimated ov variances are negative"	F_INT~~SCZ_PGC				Human_Promoter_Villar_ExACL2	Human_Promoter_Villar_ExAC	Human_Promoter_Villar_ExACL2	baseline		True	0.000297619047619	0.0003225806451612	False	False	True	False	5.08130081300813e-05	False	False	False
Franke.13.	F_INT	~~	SCZ_PGC	0.002698278221521	0.952680890491444	1.67654270330309	0.240391715362703	0.0024439167639245	0.0	0	F_INT~~SCZ_PGC				Franke.13.	Franke.13.	Franke.13.	expression	Brain Stem	True	0.000297619047619	0.0003225806451612	False	False	False	False	5.08130081300813e-05	False	True	False
Franke.14.	F_INT	~~	SCZ_PGC	0.0027654529600308	0.840589401545504	1.75059683589269	0.249430040758676	0.0013094764682226	0.0	0	F_INT~~SCZ_PGC				Franke.14.	Franke.14.	Franke.14.	expression	Whole Brain	True	0.000297619047619	0.0003225806451612	False	False	False	False	5.08130081300813e-05	False	True	False
Franke.31.	F_INT	~~	SCZ_PGC	0.0014396331109608	0.84699715722659	1.20862476647712	0.216564882237128	0.167689444213507	0.0	0	F_INT~~SCZ_PGC				Franke.31.	Franke.31.	Franke.31.	expression	Epidermis	True	0.000297619047619	0.0003225806451612	False	False	False	False	5.08130081300813e-05	False	True	False
Franke.39.	F_INT	~~	SCZ_PGC	0.0015340809308177	0.778565913260909	1.24628670722321	0.212656564622532	0.123402846673033	0.0	0	F_INT~~SCZ_PGC				Franke.39.	Franke.39.	Franke.39.	expression	Fibroblasts	True	0.000297619047619	0.0003225806451612	False	False	False	False	5.08130081300813e-05	False	True	False
Franke.30.	F_INT	~~	SCZ_PGC	0.0016124704954196	0.909716018954783	1.27743421247471	0.240969583375989	0.124799357393044	0.0	0	F_INT~~SCZ_PGC				Franke.30.	Franke.30.	Franke.30.	expression	Epithelial Cells	True	0.000297619047619	0.0003225806451612	False	False	False	False	5.08130081300813e-05	False	True	False
Franke.147.	F_INT	~~	SCZ_PGC	0.0013390571650117	0.754361140761138	1.26184285757911	0.218801326104932	0.115708803727604	0.0	0	F_INT~~SCZ_PGC				Franke.147.	Franke.147.	Franke.147.	expression	Embryoid Bodies	True	0.000297619047619	0.0003225806451612	False	False	False	False	5.08130081300813e-05	False	True	False
GTEx.1.	F_INT	~~	SCZ_PGC	0.0017518557345808	0.68759234439361	1.25207923418022	0.215325112404686	0.120861443226396	0.0	0	F_INT~~SCZ_PGC				GTEx.1.	GTEx.1.	GTEx.1.	expression	Adipose Subcutaneous	True	0.000297619047619	0.0003225806451612	False	False	False	False	5.08130081300813e-05	False	True	False
GTEx.8.	F_INT	~~	SCZ_PGC	0.0030124860906177	0.899276672893501	1.52099773933118	0.212300913410629	0.0070628037783492	0.0	0	F_INT~~SCZ_PGC				GTEx.8.	GTEx.8.	GTEx.8.	expression	Amygdala	True	0.000297619047619	0.0003225806451612	False	False	False	False	5.08130081300813e-05	False	True	False
GTEx.9.	F_INT	~~	SCZ_PGC	0.002846819584011	0.819752052453827	1.56954145770719	0.212589776641723	0.0036914223410126	0.0	0	F_INT~~SCZ_PGC				GTEx.9.	GTEx.9.	GTEx.9.	expression	Cingulate Cortex	True	0.000297619047619	0.0003225806451612	False	False	False	False	5.08130081300813e-05	False	True	False
GTEx.10.	F_INT	~~	SCZ_PGC	0.0028020659933439	0.875552399446259	1.55402223236047	0.218903913313236	0.0056886385724525	0.0	0	F_INT~~SCZ_PGC				GTEx.10.	GTEx.10.	GTEx.10.	expression	Caudate	True	0.000297619047619	0.0003225806451612	False	False	False	False	5.08130081300813e-05	False	True	False
GTEx.11.	F_INT	~~	SCZ_PGC	0.0020842071487621	0.688609545645212	1.588651183931	0.227956441233518	0.0049072572680296	0.0	0	F_INT~~SCZ_PGC				GTEx.11.	GTEx.11.	GTEx.11.	expression	Cerebellar Hemispher	True	0.000297619047619	0.0003225806451612	False	False	False	False	5.08130081300813e-05	False	True	False
GTEx.12.	F_INT	~~	SCZ_PGC	0.0021794827237458	0.735868137761171	1.60782186306768	0.222567357539545	0.003157536389251	0.0	0	F_INT~~SCZ_PGC				GTEx.12.	GTEx.12.	GTEx.12.	expression	Cerebellum	True	0.000297619047619	0.0003225806451612	False	False	False	False	5.08130081300813e-05	False	True	False
GTEx.13.	F_INT	~~	SCZ_PGC	0.0028529091756667	0.831176902768933	1.60333398625998	0.220710564723892	0.003132322677224	0.0	0	F_INT~~SCZ_PGC				GTEx.13.	GTEx.13.	GTEx.13.	expression	Cortex	True	0.000297619047619	0.0003225806451612	False	False	False	False	5.08130081300813e-05	False	True	False
GTEx.14.	F_INT	~~	SCZ_PGC	0.0028145240773693	0.804367128549323	1.57036092575804	0.215282070274357	0.0040321512231553	0.0	0	F_INT~~SCZ_PGC				GTEx.14.	GTEx.14.	GTEx.14.	expression	Frontal Cortex	True	0.000297619047619	0.0003225806451612	False	False	False	False	5.08130081300813e-05	False	True	False
GTEx.15.	F_INT	~~	SCZ_PGC	0.0031818628957004	0.931993544257991	1.49188224992825	0.215475239526863	0.0112217087154432	0.0	0	F_INT~~SCZ_PGC				GTEx.15.	GTEx.15.	GTEx.15.	expression	Hippocampus	True	0.000297619047619	0.0003225806451612	False	False	False	False	5.08130081300813e-05	False	True	False
GTEx.16.	F_INT	~~	SCZ_PGC	0.0031248172578347	0.959204345766229	1.47546675656715	0.209589912304415	0.0116476258810198	0.0	0	F_INT~~SCZ_PGC				GTEx.16.	GTEx.16.	GTEx.16.	expression	Hypothalamus	True	0.000297619047619	0.0003225806451612	False	False	False	False	5.08130081300813e-05	False	True	False
GTEx.17.	F_INT	~~	SCZ_PGC	0.0026054745120465	0.801342107508905	1.54160308482981	0.216341017721423	0.0061491183804887	0.0	0	F_INT~~SCZ_PGC				GTEx.17.	GTEx.17.	GTEx.17.	expression	Nucleus Accumbens	True	0.000297619047619	0.0003225806451612	False	False	False	False	5.08130081300813e-05	False	True	False
GTEx.18.	F_INT	~~	SCZ_PGC	0.0028866968584298	0.898246883542066	1.57572979578132	0.218726224624563	0.0042417737182472	0.0	0	F_INT~~SCZ_PGC				GTEx.18.	GTEx.18.	GTEx.18.	expression	Putamen	True	0.000297619047619	0.0003225806451612	False	False	False	False	5.08130081300813e-05	False	True	False
GTEx.19.	F_INT	~~	SCZ_PGC	0.0035909161874511	1.1918722570638	1.34448000306908	0.217899752929523	0.0569492538351221	0.0	0	F_INT~~SCZ_PGC				GTEx.19.	GTEx.19.	GTEx.19.	expression	Spinal Cord	True	0.000297619047619	0.0003225806451612	False	False	False	False	5.08130081300813e-05	False	True	False
GTEx.20.	F_INT	~~	SCZ_PGC	0.0033062428625861	1.05794570207836	1.46870717607036	0.21495115080798	0.0146091430058436	0.0	0	F_INT~~SCZ_PGC				GTEx.20.	GTEx.20.	GTEx.20.	expression	Substantia Nigra	True	0.000297619047619	0.0003225806451612	False	False	False	False	5.08130081300813e-05	False	True	False
Franke.152.	F_INT	~~	SCZ_PGC	0.0020853583402986	1.0956654242761	1.15516485729835	0.214121787882287	0.234331233549846	0.0	0	F_INT~~SCZ_PGC				Franke.152.	Franke.152.	Franke.152.	expression	Endocrine Cells	True	0.000297619047619	0.0003225806451612	False	False	False	False	5.08130081300813e-05	False	True	False
GTEx.40.	F_INT	~~	SCZ_PGC	0.0016477368284261	0.722399764878226	1.27767713167921	0.214983058362638	0.0982438119616447	0.0	0	F_INT~~SCZ_PGC				GTEx.40.	GTEx.40.	GTEx.40.	expression	Ovary	True	0.000297619047619	0.0003225806451612	False	False	False	False	5.08130081300813e-05	False	True	False
GTEx.42.	F_INT	~~	SCZ_PGC	0.0015986919351405	0.711236909601761	1.21738105818372	0.207523342971238	0.147434120230235	0.0	0	F_INT~~SCZ_PGC				GTEx.42.	GTEx.42.	GTEx.42.	expression	Pituitary	True	0.000297619047619	0.0003225806451612	False	False	False	False	5.08130081300813e-05	False	True	False
GTEx.49.	F_INT	~~	SCZ_PGC	0.0009998518172091	0.663178296492154	0.895762912080193	0.137998437206684	0.774980428569211	0.0	0	F_INT~~SCZ_PGC				GTEx.49.	GTEx.49.	GTEx.49.	expression	Testis	True	0.000297619047619	0.0003225806451612	False	False	False	False	5.08130081300813e-05	False	True	False
Roadmap.224.	F_INT	~~	SCZ_PGC	0.0011975333123274	0.761399680108502	2.09071465830651	0.490690999456599	0.0131141836710542	0.0	0	F_INT~~SCZ_PGC				Roadmap.224.	Roadmap.224.	Roadmap.224.	chromatin	Adipose Nuclei H3K4me1	True	0.000297619047619	0.0003225806451612	False	False	False	False	5.08130081300813e-05	False	True	False
Roadmap.60.	F_INT	~~	SCZ_PGC	0.0018829633302267	1.30375517553665	4.57622683629032	0.917432609336304	4.84789472607496e-05	0.0	0	F_INT~~SCZ_PGC				Roadmap.60.	Roadmap.60.	Roadmap.60.	chromatin	Angular Gyrus H3K27ac	True	0.000297619047619	0.0003225806451612	True	True	False	False	5.08130081300813e-05	True	True	True
Roadmap.139.	F_INT	~~	SCZ_PGC	0.001743777098162	0.955430537276102	3.37507779129465	1.22172877978539	0.0259458974316451	0.0	"lavaan->lav_object_post_check():  
   covariance matrix of latent variables is not positive definite ; use 
   lavInspect(fit, ""cov.lv"") to investigate."	F_INT~~SCZ_PGC				Roadmap.139.	Roadmap.139.	Roadmap.139.	chromatin	Angular Gyrus H3K36me3	True	0.000297619047619	0.0003225806451612	False	False	True	False	5.08130081300813e-05	False	False	False
Roadmap.227.	F_INT	~~	SCZ_PGC	0.0017486412300502	0.998187448798432	4.91497685276537	1.18678972546998	0.0004855027453671	0.0	0	F_INT~~SCZ_PGC				Roadmap.227.	Roadmap.227.	Roadmap.227.	chromatin	Angular Gyrus H3K4me1	True	0.000297619047619	0.0003225806451612	False	False	False	False	5.08130081300813e-05	False	True	False
Roadmap.315.	F_INT	~~	SCZ_PGC	0.0016272345023517	1.30667984867258	3.54599569121094	1.47537299567192	0.0422040839086754	0.0	"lavaan->lav_object_post_check():  
   some estimated ov variances are negative"	F_INT~~SCZ_PGC				Roadmap.315.	Roadmap.315.	Roadmap.315.	chromatin	Angular Gyrus H3K4me3	True	0.000297619047619	0.0003225806451612	False	False	True	False	5.08130081300813e-05	False	False	False
Roadmap.373.	F_INT	~~	SCZ_PGC	0.0033905608394373	1.79991374711383	2.85477937508389	1.44503798275429	0.0996496213817625	0.0	0	F_INT~~SCZ_PGC				Roadmap.373.	Roadmap.373.	Roadmap.373.	chromatin	Angular Gyrus H3K9ac	True	0.000297619047619	0.0003225806451612	False	False	False	False	5.08130081300813e-05	False	True	False
Roadmap.61.	F_INT	~~	SCZ_PGC	0.0003368566194875	0.337159807091631	3.32141120062454	0.781450327117949	0.0014858772985012	0.0	0	F_INT~~SCZ_PGC				Roadmap.61.	Roadmap.61.	Roadmap.61.	chromatin	Anterior Caudate H3K27ac	True	0.000297619047619	0.0003225806451612	False	False	False	False	5.08130081300813e-05	False	True	False
Roadmap.140.	F_INT	~~	SCZ_PGC	0.0025532785833483	1.04070050551222	2.21531431390838	0.953200716438259	0.10115770295467	0.0	0	F_INT~~SCZ_PGC				Roadmap.140.	Roadmap.140.	Roadmap.140.	chromatin	Anterior Caudate H3K36me3	True	0.000297619047619	0.0003225806451612	False	False	False	False	5.08130081300813e-05	False	True	False
Roadmap.228.	F_INT	~~	SCZ_PGC	0.003939717991036	1.77244242563049	4.45001010806338	0.828673574564574	1.56845856190886e-05	0.0	0	F_INT~~SCZ_PGC				Roadmap.228.	Roadmap.228.	Roadmap.228.	chromatin	Anterior Caudate H3K4me1	True	0.000297619047619	0.0003225806451612	True	True	False	False	5.08130081300813e-05	True	True	True
Roadmap.316.	F_INT	~~	SCZ_PGC	0.0020726412904307	1.259735316364	3.22257754775058	1.19453598018751	0.0313989284918063	0.0	"lavaan->lav_object_post_check():  
   some estimated ov variances are negative"	F_INT~~SCZ_PGC				Roadmap.316.	Roadmap.316.	Roadmap.316.	chromatin	Anterior Caudate H3K4me3	True	0.000297619047619	0.0003225806451612	False	False	True	False	5.08130081300813e-05	False	False	False
Roadmap.374.	F_INT	~~	SCZ_PGC	0.0022721682312653	0.973637083008369	2.75266139825224	1.32042841717351	0.0921976251567335	0.0	0	F_INT~~SCZ_PGC				Roadmap.374.	Roadmap.374.	Roadmap.374.	chromatin	Anterior Caudate H3K9ac	True	0.000297619047619	0.0003225806451612	False	False	False	False	5.08130081300813e-05	False	True	False
Roadmap.62.	F_INT	~~	SCZ_PGC	0.0020796644760034	1.07901984402601	4.06009765886568	0.963143062060655	0.0007435235156584	0.0	0	F_INT~~SCZ_PGC				Roadmap.62.	Roadmap.62.	Roadmap.62.	chromatin	Cingulate Gyrus H3K27ac	True	0.000297619047619	0.0003225806451612	False	False	False	False	5.08130081300813e-05	False	True	False
Roadmap.141.	F_INT	~~	SCZ_PGC	0.0033780507075528	1.91279845285927	2.70054747728576	1.15534314059334	0.0705241862506824	0.0	"lavaan->lav_object_post_check():  
   some estimated ov variances are negative"	F_INT~~SCZ_PGC				Roadmap.141.	Roadmap.141.	Roadmap.141.	chromatin	Cingulate Gyrus H3K36me3	True	0.000297619047619	0.0003225806451612	False	False	True	False	5.08130081300813e-05	False	False	False
Roadmap.229.	F_INT	~~	SCZ_PGC	0.0005252296976412	0.25618126918839	3.62771999585455	0.826866305615753	0.0007416628207968	0.0	0	F_INT~~SCZ_PGC				Roadmap.229.	Roadmap.229.	Roadmap.229.	chromatin	Cingulate Gyrus H3K4me1	True	0.000297619047619	0.0003225806451612	False	False	False	False	5.08130081300813e-05	False	True	False
Roadmap.317.	F_INT	~~	SCZ_PGC	0.0013387592225709	0.795146448306796	4.96347574490634	1.35611384635886	0.0017352103410705	0.0	0	F_INT~~SCZ_PGC				Roadmap.317.	Roadmap.317.	Roadmap.317.	chromatin	Cingulate Gyrus H3K4me3	True	0.000297619047619	0.0003225806451612	False	False	False	False	5.08130081300813e-05	False	True	False
Roadmap.375.	F_INT	~~	SCZ_PGC	0.0020455751280131	1.0617693931854	3.34789035328984	1.33863789191082	0.0397204065473967	0.0	0	F_INT~~SCZ_PGC				Roadmap.375.	Roadmap.375.	Roadmap.375.	chromatin	Cingular Gyrus H3K9ac	True	0.000297619047619	0.0003225806451612	False	False	False	False	5.08130081300813e-05	False	True	False
Roadmap.65.	F_INT	~~	SCZ_PGC	0.0016653321376394	1.08799733105622	5.12135829018745	0.940382317653535	5.86245625308936e-06	0.0	"lavaan->lav_object_post_check():  
   some estimated ov variances are negative"	F_INT~~SCZ_PGC				Roadmap.65.	Roadmap.65.	Roadmap.65.	chromatin	dLPFC H3K27ac	True	0.000297619047619	0.0003225806451612	True	True	True	False	5.08130081300813e-05	True	False	False
Roadmap.145.	F_INT	~~	SCZ_PGC	0.002088242678778	1.28468625123397	4.40373567455574	1.24584705622695	0.003146932012067	0.0	0	F_INT~~SCZ_PGC				Roadmap.145.	Roadmap.145.	Roadmap.145.	chromatin	dLPFC H3K36me3	True	0.000297619047619	0.0003225806451612	False	False	False	False	5.08130081300813e-05	False	True	False
Roadmap.233.	F_INT	~~	SCZ_PGC	0.0030383474011962	0.674408377665194	3.49641667789042	0.916650075658965	0.0032305621121501	0.0	"lavaan->lav_object_post_check():  
   some estimated ov variances are negative"	F_INT~~SCZ_PGC				Roadmap.233.	Roadmap.233.	Roadmap.233.	chromatin	dLPFC H3K4me1	True	0.000297619047619	0.0003225806451612	False	False	True	False	5.08130081300813e-05	False	False	False
Roadmap.321.	F_INT	~~	SCZ_PGC	0.0013666452783641	0.93396736935038				0.0	"lavaan->lav_lavaan_step11_estoptim():  
   the optimizer warns that a solution has NOT been found!"	F_INT~~SCZ_PGC				Roadmap.321.	Roadmap.321.	Roadmap.321.	chromatin	dLPFC H3K4me3	True	0.000297619047619	0.0003225806451612	False	False	True	False	5.08130081300813e-05	False	False	False
Roadmap.377.	F_INT	~~	SCZ_PGC	0.0005148277605555	0.461635595017639	5.35323291311538	1.51711642253332	0.00205617511371	0.0	"lavaan->lav_object_post_check():  
   some estimated ov variances are negative"	F_INT~~SCZ_PGC				Roadmap.377.	Roadmap.377.	Roadmap.377.	chromatin	dLPFC H3K9ac	True	0.000297619047619	0.0003225806451612	False	False	True	False	5.08130081300813e-05	False	False	False
Roadmap.142.	F_INT	~~	SCZ_PGC	0.0012061599204033	0.56333882827492	3.5681773089763	1.33262879663342	0.0269803889679058	0.0	"lavaan->lav_lavaan_step11_estoptim():  
   the optimizer (NLMINB) claimed the model converged, but not all elements 
   of the gradient are (near) zero; the optimizer may not have found a local 
   solution use check.gradient = FALSE to skip this check."	F_INT~~SCZ_PGC				Roadmap.142.	Roadmap.142.	Roadmap.142.	chromatin	Germinal Matrix H3K6me3	True	0.000297619047619	0.0003225806451612	False	False	True	False	5.08130081300813e-05	False	False	False
Roadmap.230.	F_INT	~~	SCZ_PGC	0.0019770539372903	1.29407850868029	5.56228759618955	1.73848839283952	0.0043415650770931	0.0	"lavaan->lav_object_post_check():  
   some estimated ov variances are negative"	F_INT~~SCZ_PGC				Roadmap.230.	Roadmap.230.	Roadmap.230.	chromatin	Germinal Matrix H3K4me1	True	0.000297619047619	0.0003225806451612	False	False	True	False	5.08130081300813e-05	False	False	False
Roadmap.318.	F_INT	~~	SCZ_PGC	0.0008527362759348	1.12354706192561				0.0	"lavaan->lav_lavaan_step11_estoptim():  
   the optimizer warns that a solution has NOT been found!"	F_INT~~SCZ_PGC				Roadmap.318.	Roadmap.318.	Roadmap.318.	chromatin	Germinal Matrix H3K4me3	True	0.000297619047619	0.0003225806451612	False	False	True	False	5.08130081300813e-05	False	False	False
Roadmap.63.	F_INT	~~	SCZ_PGC	0.0018809281571457	1.20396258103205	2.58934031341853	0.692258794905585	0.0108414878171688	0.0	"lavaan->lav_object_post_check():  
   some estimated ov variances are negative"	F_INT~~SCZ_PGC				Roadmap.63.	Roadmap.63.	Roadmap.63.	chromatin	Middle Hippocampus H3K27ac	True	0.000297619047619	0.0003225806451612	False	False	True	False	5.08130081300813e-05	False	False	False
Roadmap.143.	F_INT	~~	SCZ_PGC	0.0015165598372608	0.889313384986401	1.91892023046059	0.805991159635416	0.127119811897807	0.0	0	F_INT~~SCZ_PGC				Roadmap.143.	Roadmap.143.	Roadmap.143.	chromatin	Middle Hippocampus H3K36me3	True	0.000297619047619	0.0003225806451612	False	False	False	False	5.08130081300813e-05	False	True	False
Roadmap.231.	F_INT	~~	SCZ_PGC	0.0015631504506504	1.61932782105061	4.07993392405028	0.665953059468453	1.8743354829922e-06	0.0	"lavaan->lav_object_post_check():  
   some estimated ov variances are negative"	F_INT~~SCZ_PGC				Roadmap.231.	Roadmap.231.	Roadmap.231.	chromatin	Middle Hippocampus H3K4me1	True	0.000297619047619	0.0003225806451612	True	True	True	False	5.08130081300813e-05	True	False	False
Roadmap.319.	F_INT	~~	SCZ_PGC	0.001724291483567	1.13203324433467	4.60204503271084	1.01963724288568	0.0002056904265967	0.0	"lavaan->lav_object_post_check():  
   some estimated ov variances are negative"	F_INT~~SCZ_PGC				Roadmap.319.	Roadmap.319.	Roadmap.319.	chromatin	Middle Hippocampus H3K4me3	True	0.000297619047619	0.0003225806451612	True	True	True	False	5.08130081300813e-05	False	False	False
Roadmap.64.	F_INT	~~	SCZ_PGC	0.0011824983868229	0.989257063459857	3.37009454149035	0.709189662261816	0.000415921875498	0.0	0	F_INT~~SCZ_PGC				Roadmap.64.	Roadmap.64.	Roadmap.64.	chromatin	Inferior Temporal Lobe H3K27ac	True	0.000297619047619	0.0003225806451612	False	False	False	False	5.08130081300813e-05	False	True	False
Roadmap.144.	F_INT	~~	SCZ_PGC	0.0022573062961347	1.18830095117024	1.15951835166738	0.92131462129241	0.431269865376826	0.0	"lavaan->lav_object_post_check():  
   some estimated ov variances are negative"	F_INT~~SCZ_PGC				Roadmap.144.	Roadmap.144.	Roadmap.144.	chromatin	Interior Temporal Lobe H3K36me3	True	0.000297619047619	0.0003225806451612	False	False	True	False	5.08130081300813e-05	False	False	False
Roadmap.232.	F_INT	~~	SCZ_PGC	0.0026904132146655	1.06102733086312	3.11093047975952	1.08436658783789	0.0257856853009976	0.0	0	F_INT~~SCZ_PGC				Roadmap.232.	Roadmap.232.	Roadmap.232.	chromatin	Inferior Temporal Lobe H3K4me1	True	0.000297619047619	0.0003225806451612	False	False	False	False	5.08130081300813e-05	False	True	False
Roadmap.320.	F_INT	~~	SCZ_PGC	0.0018945771907957	0.986649292290981	4.81892683658274	1.34938403783616	0.0023264838601957	0.0	"lavaan->lav_object_post_check():  
   some estimated ov variances are negative"	F_INT~~SCZ_PGC				Roadmap.320.	Roadmap.320.	Roadmap.320.	chromatin	Interior Temporal Lobe H3K4me3	True	0.000297619047619	0.0003225806451612	False	False	True	False	5.08130081300813e-05	False	False	False
Roadmap.376.	F_INT	~~	SCZ_PGC	0.0005388665596983	1.37620868589415	2.06059215237104	1.07169553623638	0.161175196719833	0.0	0	F_INT~~SCZ_PGC				Roadmap.376.	Roadmap.376.	Roadmap.376.	chromatin	Inferior Temporal Lobe H3K9ac	True	0.000297619047619	0.0003225806451612	False	False	False	False	5.08130081300813e-05	False	True	False
Roadmap.66.	F_INT	~~	SCZ_PGC	0.00071270776777	0.909770187845377	3.10259709969785	0.659760259225435	0.0007190055653758	0.0	0	F_INT~~SCZ_PGC				Roadmap.66.	Roadmap.66.	Roadmap.66.	chromatin	Substantia Nigra H3K27ac	True	0.000297619047619	0.0003225806451612	False	False	False	False	5.08130081300813e-05	False	True	False
Roadmap.146.	F_INT	~~	SCZ_PGC	0.0012969197762881	1.01145680454456	3.31351226768078	1.64095950243124	0.079291493441998	0.0	"lavaan->lav_object_post_check():  
   covariance matrix of latent variables is not positive definite ; use 
   lavInspect(fit, ""cov.lv"") to investigate."	F_INT~~SCZ_PGC				Roadmap.146.	Roadmap.146.	Roadmap.146.	chromatin	Substantia Nigra H3K36me3	True	0.000297619047619	0.0003225806451612	False	False	True	False	5.08130081300813e-05	False	False	False
Roadmap.234.	F_INT	~~	SCZ_PGC	0.0015779587665841	0.569343059576323	3.24720899149965	0.86564789232415	0.0047160083822486	0.0	0	F_INT~~SCZ_PGC				Roadmap.234.	Roadmap.234.	Roadmap.234.	chromatin	Substantia Nigra H3K4me1	True	0.000297619047619	0.0003225806451612	False	False	False	False	5.08130081300813e-05	False	True	False
Roadmap.322.	F_INT	~~	SCZ_PGC	0.0009369386216313	1.11169347071595	2.62124301294441	1.55257229110316	0.148189428173851	0.0	0	F_INT~~SCZ_PGC				Roadmap.322.	Roadmap.322.	Roadmap.322.	chromatin	Substantia Nigra H3K4me3	True	0.000297619047619	0.0003225806451612	False	False	False	False	5.08130081300813e-05	False	True	False
Roadmap.378.	F_INT	~~	SCZ_PGC	0.0021227961159578	1.27501440702715	4.07818301661459	1.38480603577772	0.0131137638030457	0.0	0	F_INT~~SCZ_PGC				Roadmap.378.	Roadmap.378.	Roadmap.378.	chromatin	Subtantia Nigra H3K9ac	True	0.000297619047619	0.0003225806451612	False	False	False	False	5.08130081300813e-05	False	True	False
Roadmap.13.	F_INT	~~	SCZ_PGC	0.0023394403274412	1.32129702833004	1.68819443924688	1.13819939177888	0.272710991828352	0.0	"lavaan->lav_object_post_check():  
   covariance matrix of latent variables is not positive definite ; use 
   lavInspect(fit, ""cov.lv"") to investigate."	F_INT~~SCZ_PGC				Roadmap.13.	Roadmap.13.	Roadmap.13.	chromatin	Fetal Adrenal Gland DNase	True	0.000297619047619	0.0003225806451612	False	False	True	False	5.08130081300813e-05	False	False	False
Roadmap.71.	F_INT	~~	SCZ_PGC	0.0008263547913314	0.937753525169325	2.79748321116108	0.71480038458031	0.005957283837232	0.0	0	F_INT~~SCZ_PGC				Roadmap.71.	Roadmap.71.	Roadmap.71.	chromatin	Fetal Adrenal Gland H3K27ac	True	0.000297619047619	0.0003225806451612	False	False	False	False	5.08130081300813e-05	False	True	False
Roadmap.152.	F_INT	~~	SCZ_PGC	0.0014244467767505	0.965184082046995	2.05913468504477	0.471703421129581	0.0123731484817123	0.0	0	F_INT~~SCZ_PGC				Roadmap.152.	Roadmap.152.	Roadmap.152.	chromatin	Fetal Adrenal Gland H3K36me3	True	0.000297619047619	0.0003225806451612	False	False	False	False	5.08130081300813e-05	False	True	False
Roadmap.240.	F_INT	~~	SCZ_PGC	0.0027427922979175	1.29622427302963	2.97735111319587	0.557384908207845	0.0001944155963711	0.0	"lavaan->lav_object_post_check():  
   some estimated ov variances are negative"	F_INT~~SCZ_PGC				Roadmap.240.	Roadmap.240.	Roadmap.240.	chromatin	Fetal Adrenal Gland H3K4me1	True	0.000297619047619	0.0003225806451612	True	True	True	False	5.08130081300813e-05	False	False	False
Roadmap.328.	F_INT	~~	SCZ_PGC	0.001222361742008	0.999130447099218	1.65910283268756	1.5902773781028	0.339269440252195	0.0	0	F_INT~~SCZ_PGC				Roadmap.328.	Roadmap.328.	Roadmap.328.	chromatin	Fetal Adrenal Gland H3K4me3	True	0.000297619047619	0.0003225806451612	False	False	False	False	5.08130081300813e-05	False	True	False
Roadmap.15.	F_INT	~~	SCZ_PGC	0.002796066031816	1.56188430647343	6.86484313004195	1.50646168033613	4.94806314412989e-05	0.0	"lavaan->lav_object_post_check():  
   some estimated ov variances are negative"	F_INT~~SCZ_PGC				Roadmap.15.	Roadmap.15.	Roadmap.15.	chromatin	Fetal Female Brain Dnase	True	0.000297619047619	0.0003225806451612	True	True	True	False	5.08130081300813e-05	True	False	False
Roadmap.154.	F_INT	~~	SCZ_PGC	0.0008107277070362	1.26583841808715	2.32130470278872	0.882798674998693	0.0672327303163287	0.0	0	F_INT~~SCZ_PGC				Roadmap.154.	Roadmap.154.	Roadmap.154.	chromatin	Fetal Female Brain H3K36me3	True	0.000297619047619	0.0003225806451612	False	False	False	False	5.08130081300813e-05	False	True	False
Roadmap.242.	F_INT	~~	SCZ_PGC	0.0018149626566516	0.493678303877408	5.6371964322257	1.17484130253466	3.9554526889869e-05	0.0	0	F_INT~~SCZ_PGC				Roadmap.242.	Roadmap.242.	Roadmap.242.	chromatin	Fetal Female Brain H3K4me1	True	0.000297619047619	0.0003225806451612	True	True	False	False	5.08130081300813e-05	True	True	True
Roadmap.330.	F_INT	~~	SCZ_PGC	0.0009075274581913	1.21033318651103	5.21864568027607	1.50650752408774	0.0025529002211708	0.0	0	F_INT~~SCZ_PGC				Roadmap.330.	Roadmap.330.	Roadmap.330.	chromatin	Fetal Female Brain H3K4me3	True	0.000297619047619	0.0003225806451612	False	False	False	False	5.08130081300813e-05	False	True	False
Roadmap.14.	F_INT	~~	SCZ_PGC	0.0013564798919616	0.904332977079918	5.6219363396317	1.49641429307073	0.0010052586606032	0.0	"lavaan->lav_object_post_check():  
   some estimated ov variances are negative"	F_INT~~SCZ_PGC				Roadmap.14.	Roadmap.14.	Roadmap.14.	chromatin	Fetal Male Brain DNAse	True	0.000297619047619	0.0003225806451612	False	False	True	False	5.08130081300813e-05	False	False	False
Roadmap.153.	F_INT	~~	SCZ_PGC	0.0013596966322321	1.83405303889309				0.0	"lavaan->lav_lavaan_step11_estoptim():  
   the optimizer warns that a solution has NOT been found!"	F_INT~~SCZ_PGC				Roadmap.153.	Roadmap.153.	Roadmap.153.	chromatin	Fetal Male Brain H3K36me3	True	0.000297619047619	0.0003225806451612	False	False	True	False	5.08130081300813e-05	False	False	False
Roadmap.241.	F_INT	~~	SCZ_PGC	0.0011614112823788	0.967367737005231	4.87524606472442	0.626201161158486	3.03696489422272e-10	0.0	"lavaan->lav_object_post_check():  
   some estimated ov variances are negative"	F_INT~~SCZ_PGC				Roadmap.241.	Roadmap.241.	Roadmap.241.	chromatin	Fetal Male Brain H3K4me1	True	0.000297619047619	0.0003225806451612	True	True	True	False	5.08130081300813e-05	True	False	False
Roadmap.329.	F_INT	~~	SCZ_PGC	0.0013993222481154	1.13274813448451	0.598702455869028	5.02888435836022	0.531801250472208	0.0	"lavaan->lav_object_post_check():  
   covariance matrix of latent variables is not positive definite ; use 
   lavInspect(fit, ""cov.lv"") to investigate."	F_INT~~SCZ_PGC				Roadmap.329.	Roadmap.329.	Roadmap.329.	chromatin	Fetal Male Brain H3K4me3	True	0.000297619047619	0.0003225806451612	False	False	True	False	5.08130081300813e-05	False	False	False
Roadmap.51.	F_INT	~~	SCZ_PGC	0.0009339637992905	0.462141192349739	2.89826773271747	0.637398786294321	0.0014499809774908	0.0	"lavaan->lav_object_post_check():  
   some estimated ov variances are negative"	F_INT~~SCZ_PGC				Roadmap.51.	Roadmap.51.	Roadmap.51.	chromatin	Foreskin H3K27ac	True	0.000297619047619	0.0003225806451612	False	False	True	False	5.08130081300813e-05	False	False	False
Roadmap.98.	F_INT	~~	SCZ_PGC	0.001208592531981	1.22869944086427	2.32357374065078	0.868049618897355	0.0636585647526028	0.0	"lavaan->lav_object_post_check():  
   some estimated ov variances are negative"	F_INT~~SCZ_PGC				Roadmap.98.	Roadmap.98.	Roadmap.98.	chromatin	Mammry Epithelial Cells H3K27ac	True	0.000297619047619	0.0003225806451612	False	False	True	False	5.08130081300813e-05	False	False	False
Roadmap.27.	F_INT	~~	SCZ_PGC	0.0040441543513899	1.82027220299585	2.71733293605979	1.03348114735156	0.04828673130604	0.0	"lavaan->lav_object_post_check():  
   some estimated ov variances are negative"	F_INT~~SCZ_PGC				Roadmap.27.	Roadmap.27.	Roadmap.27.	chromatin	Ovary DNAse	True	0.000297619047619	0.0003225806451612	False	False	True	False	5.08130081300813e-05	False	False	False
Roadmap.83.	F_INT	~~	SCZ_PGC	0.0018717824729153	2.43408736357639	0.20884947621348	1.02522772662336	0.779848817048076	0.0	"lavaan->lav_lavaan_step11_estoptim():  
   the optimizer (NLMINB) claimed the model converged, but not all elements 
   of the gradient are (near) zero; the optimizer may not have found a local 
   solution use check.gradient = FALSE to skip this check."	F_INT~~SCZ_PGC				Roadmap.83.	Roadmap.83.	Roadmap.83.	chromatin	Ovary H3K27ac	True	0.000297619047619	0.0003225806451612	False	False	True	False	5.08130081300813e-05	False	False	False
Roadmap.169.	F_INT	~~	SCZ_PGC	0.0011995082772743	1.24284909165915	2.62493273182592	0.905439482920218	0.0363559940926657	0.0	0	F_INT~~SCZ_PGC				Roadmap.169.	Roadmap.169.	Roadmap.169.	chromatin	Ovary H3K36me3	True	0.000297619047619	0.0003225806451612	False	False	False	False	5.08130081300813e-05	False	True	False
Roadmap.257.	F_INT	~~	SCZ_PGC	0.0024205547573384	0.789170060871306	1.70560734481402	0.841955222073528	0.200999053119594	0.0	"lavaan->lav_object_post_check():  
   covariance matrix of latent variables is not positive definite ; use 
   lavInspect(fit, ""cov.lv"") to investigate."	F_INT~~SCZ_PGC				Roadmap.257.	Roadmap.257.	Roadmap.257.	chromatin	Ovary H3K4me1	True	0.000297619047619	0.0003225806451612	False	False	True	False	5.08130081300813e-05	False	False	False
Roadmap.345.	F_INT	~~	SCZ_PGC	0.0007863364054998	0.954678519026984	3.54149716277372	1.4469622704629	0.0395069633437875	0.0	"lavaan->lav_object_post_check():  
   some estimated ov variances are negative"	F_INT~~SCZ_PGC				Roadmap.345.	Roadmap.345.	Roadmap.345.	chromatin	Ovary H3K4me3	True	0.000297619047619	0.0003225806451612	False	False	True	False	5.08130081300813e-05	False	False	False
Roadmap.223.	F_INT	~~	SCZ_PGC	0.0002178394722296	0.837568987745437	4.72278043183926	1.29083239302921	0.001963198089069	0.0	"lavaan->lav_lavaan_step11_estoptim():  
   the optimizer (NLMINB) claimed the model converged, but not all elements 
   of the gradient are (near) zero; the optimizer may not have found a local 
   solution use check.gradient = FALSE to skip this check."	F_INT~~SCZ_PGC				Roadmap.223.	Roadmap.223.	Roadmap.223.	chromatin	Monoculear Peripheral Blood Cells H3K4me1	True	0.000297619047619	0.0003225806451612	False	False	True	False	5.08130081300813e-05	False	False	False
Roadmap.261.	F_INT	~~	SCZ_PGC	0.0006566704632351	0.59372184087328	1.93781977914454	0.802619556665838	0.121312909915872	0.0	"lavaan->lav_object_post_check():  
   covariance matrix of latent variables is not positive definite ; use 
   lavInspect(fit, ""cov.lv"") to investigate."	F_INT~~SCZ_PGC				Roadmap.261.	Roadmap.261.	Roadmap.261.	chromatin	Rectal Mucosa H3K4me1	True	0.000297619047619	0.0003225806451612	False	False	True	False	5.08130081300813e-05	False	False	False
PIL2	F_INT	~~	SCZ_PGC	0.0029099948347361	0.706426980257223	10.7110106598534	1.71012982113732	6.7931583918591705e-09	0.0	"lavaan->lav_object_post_check():  
   some estimated ov variances are negative"	F_INT~~SCZ_PGC				PIL2	PI	PIL2	custom	PI Genes	True	0.000297619047619	0.0003225806451612	True	True	True	False	5.08130081300813e-05	True	False	False
ASC1L2	F_INT	~~	SCZ_PGC	0.0026020931159143	0.810462887448266	10.3234390460989	2.15637059193392	7.67267144975857e-06	0.0	0	F_INT~~SCZ_PGC				ASC1L2	ASC1	ASC1L2	custom	ASC1	True	0.000297619047619	0.0003225806451612	True	True	False	False	5.08130081300813e-05	True	True	True
ASC2L2	F_INT	~~	SCZ_PGC	0.001954500533634	0.642252391212333	9.77588569375935	2.43072162640005	0.0001528605579512	0.0	0	F_INT~~SCZ_PGC				ASC2L2	ASC2	ASC2L2	custom	ASC2	True	0.000297619047619	0.0003225806451612	True	True	False	False	5.08130081300813e-05	False	True	False
ENDL2	F_INT	~~	SCZ_PGC	0.0016694299506077	0.614269741011969	9.06061847682035	2.19739014707787	0.0001220990234495	0.0	"lavaan->lav_object_post_check():  
   some estimated ov variances are negative"	F_INT~~SCZ_PGC				ENDL2	END	ENDL2	custom	Endothelial Cells	True	0.000297619047619	0.0003225806451612	True	True	True	False	5.08130081300813e-05	False	False	False
exCA1L2	F_INT	~~	SCZ_PGC	0.0026337382602017	0.761942050097373	8.40840889090902	2.12444484485198	0.0002440338405109	0.0	0	F_INT~~SCZ_PGC				exCA1L2	exCA1	exCA1L2	custom	exCA1	True	0.000297619047619	0.0003225806451612	True	True	False	False	5.08130081300813e-05	False	True	False
exCA3L2	F_INT	~~	SCZ_PGC	0.0027796172740105	0.717408219669533	7.21996574999786	2.10738693538832	0.0015811406367697	0.0	0	F_INT~~SCZ_PGC				exCA3L2	exCA3	exCA3L2	custom	exCA3	True	0.000297619047619	0.0003225806451612	False	False	False	False	5.08130081300813e-05	False	True	False
exDGL2	F_INT	~~	SCZ_PGC	0.001814298091627	0.55013010069921	7.57133984633303	1.85924109698475	0.0002043351772186	0.0	0	F_INT~~SCZ_PGC				exDGL2	exDG	exDGL2	custom	exDG	True	0.000297619047619	0.0003225806451612	True	True	False	False	5.08130081300813e-05	False	True	False
exPFC1L2	F_INT	~~	SCZ_PGC	0.002598141648289	0.754304713708172	9.86537454131968	1.97934169147142	3.75053659019721e-06	0.0	0	F_INT~~SCZ_PGC				exPFC1L2	exPFC1	exPFC1L2	custom	exPFC1	True	0.000297619047619	0.0003225806451612	True	True	False	False	5.08130081300813e-05	True	True	True
exPFC2L2	F_INT	~~	SCZ_PGC	0.0019894859181593	0.93809277302606	6.98032583401582	1.89426039519427	0.0007967964290057	0.0	0	F_INT~~SCZ_PGC				exPFC2L2	exPFC2	exPFC2L2	custom	exPFC2	True	0.000297619047619	0.0003225806451612	False	False	False	False	5.08130081300813e-05	False	True	False
GABA1L2	F_INT	~~	SCZ_PGC	0.0034829997369519	0.916053414245615	10.8287899727917	2.0906497613917	1.29249666664772e-06	0.0	"lavaan->lav_object_post_check():  
   some estimated ov variances are negative"	F_INT~~SCZ_PGC				GABA1L2	GABA1	GABA1L2	custom	GABA1	True	0.000297619047619	0.0003225806451612	True	True	True	False	5.08130081300813e-05	True	False	False
GABA2L2	F_INT	~~	SCZ_PGC	0.0039527958589845	1.06099477479216	10.3557069373159	1.96743704726844	9.90875520930395e-07	0.0	"lavaan->lav_object_post_check():  
   some estimated ov variances are negative"	F_INT~~SCZ_PGC				GABA2L2	GABA2	GABA2L2	custom	GABA2	True	0.000297619047619	0.0003225806451612	True	True	True	False	5.08130081300813e-05	True	False	False
MGL2	F_INT	~~	SCZ_PGC	0.0018985847098695	0.664440400745171	10.0097222970876	2.3336512348368	5.65119974676004e-05	0.0	0	F_INT~~SCZ_PGC				MGL2	MG	MGL2	custom	Microglia	True	0.000297619047619	0.0003225806451612	True	True	False	False	5.08130081300813e-05	False	True	False
NSCL2	F_INT	~~	SCZ_PGC	0.0038333970201918	0.709494858093175	11.7225444765495	2.46839792440465	6.99784924236375e-06	0.0	"lavaan->lav_object_post_check():  
   covariance matrix of latent variables is not positive definite ; use 
   lavInspect(fit, ""cov.lv"") to investigate."	F_INT~~SCZ_PGC				NSCL2	NSC	NSCL2	custom	Neuronal Stem Cells	True	0.000297619047619	0.0003225806451612	True	True	True	False	5.08130081300813e-05	True	False	False
ODCL2	F_INT	~~	SCZ_PGC	0.0059863918935142	2.02336096842665	5.24439369977078	2.34272654262414	0.0350137734888243	0.0	0	F_INT~~SCZ_PGC				ODCL2	ODC	ODCL2	custom	Oligodendrocytes	True	0.000297619047619	0.0003225806451612	False	False	False	False	5.08130081300813e-05	False	True	False
OPCL2	F_INT	~~	SCZ_PGC	0.002288610820054	0.670391259952655	9.72608802399046	1.87768711732017	1.68191845468025e-06	0.0	0	F_INT~~SCZ_PGC				OPCL2	OPC	OPCL2	custom	Oligodendrocyte Precursor Cells	True	0.000297619047619	0.0003225806451612	True	True	False	False	5.08130081300813e-05	True	True	True
PI_x_ASC1L2	F_INT	~~	SCZ_PGC	0.0008278004673837	0.791063285327052				0.0	"lavaan->lav_lavaan_step11_estoptim():  
   the optimizer warns that a solution has NOT been found!"	F_INT~~SCZ_PGC				PI_x_ASC1L2	PI_x_ASC1	PI_x_ASC1L2	custom	PI x ASC1	True	0.000297619047619	0.0003225806451612	False	False	True	False	5.08130081300813e-05	False	False	False
PI_x_ASC2L2	F_INT	~~	SCZ_PGC	0.0012563393082276	1.21775463583206	10.5835033407004	4.3211420181763	0.013283647473257	0.0	0	F_INT~~SCZ_PGC				PI_x_ASC2L2	PI_x_ASC2	PI_x_ASC2L2	custom	PI x ASC2	True	0.000297619047619	0.0003225806451612	False	False	False	False	5.08130081300813e-05	False	True	False
PI_x_ENDL2	F_INT	~~	SCZ_PGC	0.0006283690252347	0.749222712604719	12.0059041954641	4.06898381648238	0.0034169810565836	0.0	"lavaan->lav_object_post_check():  
   some estimated ov variances are negative"	F_INT~~SCZ_PGC				PI_x_ENDL2	PI_x_END	PI_x_ENDL2	custom	PI x Endothelial Cells	True	0.000297619047619	0.0003225806451612	False	False	True	False	5.08130081300813e-05	False	False	False
PI_x_exCA1L2	F_INT	~~	SCZ_PGC	0.0010569629331679	0.543258378260858	14.3960577204172	3.79976798700395	0.0002113471949986	0.0	0	F_INT~~SCZ_PGC				PI_x_exCA1L2	PI_x_exCA1	PI_x_exCA1L2	custom	PI x exCA1	True	0.000297619047619	0.0003225806451612	True	True	False	False	5.08130081300813e-05	False	True	False
PI_x_exCA3L2	F_INT	~~	SCZ_PGC	0.0003808499534889	0.370879389921652	13.8657715385136	4.41781853225727	0.001794203199359	0.0	0	F_INT~~SCZ_PGC				PI_x_exCA3L2	PI_x_exCA3	PI_x_exCA3L2	custom	PI x exCA3	True	0.000297619047619	0.0003225806451612	False	False	False	False	5.08130081300813e-05	False	True	False
PI_x_exDGL2	F_INT	~~	SCZ_PGC	0.0010311319859897	0.722679120105401				0.0	"lavaan->lav_lavaan_step11_estoptim():  
   the optimizer warns that a solution has NOT been found!"	F_INT~~SCZ_PGC				PI_x_exDGL2	PI_x_exDG	PI_x_exDGL2	custom	PI x exDG	True	0.000297619047619	0.0003225806451612	False	False	True	False	5.08130081300813e-05	False	False	False
PI_x_exPFC1L2	F_INT	~~	SCZ_PGC	0.0013022367224113	0.66403014607535	18.9714647587599	3.53863342591643	1.90067616118688e-07	0.0	0	F_INT~~SCZ_PGC				PI_x_exPFC1L2	PI_x_exPFC1	PI_x_exPFC1L2	custom	PI x exPFC1	True	0.000297619047619	0.0003225806451612	True	True	False	False	5.08130081300813e-05	True	True	True
PI_x_exPFC2L2	F_INT	~~	SCZ_PGC	0.0009667642105995	0.596749027309259	11.6129207158166	3.48089061432338	0.0011483680142881	0.0	0	F_INT~~SCZ_PGC				PI_x_exPFC2L2	PI_x_exPFC2	PI_x_exPFC2L2	custom	PI x exPFC2	True	0.000297619047619	0.0003225806451612	False	False	False	False	5.08130081300813e-05	False	True	False
PI_x_GABA1L2	F_INT	~~	SCZ_PGC	0.00125723217105	0.62300809682783	17.0342631532587	3.88452454350121	1.83182055862727e-05	0.0	"lavaan->lav_lavaan_step11_estoptim():  
   the optimizer (NLMINB) claimed the model converged, but not all elements 
   of the gradient are (near) zero; the optimizer may not have found a local 
   solution use check.gradient = FALSE to skip this check."	F_INT~~SCZ_PGC				PI_x_GABA1L2	PI_x_GABA1	PI_x_GABA1L2	custom	PI x GABA1	True	0.000297619047619	0.0003225806451612	True	True	True	False	5.08130081300813e-05	True	False	False
PI_x_GABA2L2	F_INT	~~	SCZ_PGC	0.0010193905886793	0.57537587468936	18.9025309281211	3.65829524345476	4.94835355179332e-07	0.0	0	F_INT~~SCZ_PGC				PI_x_GABA2L2	PI_x_GABA2	PI_x_GABA2L2	custom	PI x GABA2	True	0.000297619047619	0.0003225806451612	True	True	False	False	5.08130081300813e-05	True	True	True
PI_x_MGL2	F_INT	~~	SCZ_PGC	0.0012824853847695	1.34022240055243				0.0	"lavaan->lav_lavaan_step11_estoptim():  
   the optimizer warns that a solution has NOT been found!"	F_INT~~SCZ_PGC				PI_x_MGL2	PI_x_MG	PI_x_MGL2	custom	PI x Microglia	True	0.000297619047619	0.0003225806451612	False	False	True	False	5.08130081300813e-05	False	False	False
PI_x_NSCL2	F_INT	~~	SCZ_PGC	0.0016967269085307	1.68624232512762	21.1117219333625	4.95696260084196	2.48251301941585e-05	0.0	0	F_INT~~SCZ_PGC				PI_x_NSCL2	PI_x_NSC	PI_x_NSCL2	custom	PI x Neuronal Stem Cells	True	0.000297619047619	0.0003225806451612	True	True	False	False	5.08130081300813e-05	True	True	True
PI_x_ODCL2	F_INT	~~	SCZ_PGC	0.0021648941049414	1.50144421247781	9.13874063401594	4.5304192118977	0.0362102781258109	0.0	0	F_INT~~SCZ_PGC				PI_x_ODCL2	PI_x_ODC	PI_x_ODCL2	custom	PI x Oligodendrocytes	True	0.000297619047619	0.0003225806451612	False	False	False	False	5.08130081300813e-05	False	True	False
PI_x_OPCL2	F_INT	~~	SCZ_PGC	0.0013160561079839	0.85927148856195	17.7637003304635	4.07167436847432	1.91791947453329e-05	0.0	"lavaan->lav_object_post_check():  
   some estimated ov variances are negative"	F_INT~~SCZ_PGC				PI_x_OPCL2	PI_x_OPC	PI_x_OPCL2	custom	PI x Oligodendrocyte Precursor Cells	True	0.000297619047619	0.0003225806451612	True	True	True	False	5.08130081300813e-05	True	False	False
baseL2	F_SUD	~~	SCZ_PGC	0.0044864578534601	0.553055486273601	0.999999823338221	0.158548833185545	0.500000444518269	0.0	0	F_SUD~~SCZ_PGC				baseL2	base	baseL2	baseline		True	0.000297619047619	0.0003225806451612	False	False	False	False	5.08130081300813e-05	False	True	False
Coding_UCSCL2	F_SUD	~~	SCZ_PGC	0.0022827755901907	1.08387405548914	4.55913635853851	2.70640340680821	0.0942415480570594	0.0	"lavaan->lav_object_post_check():  
   some estimated ov variances are negative"	F_SUD~~SCZ_PGC				Coding_UCSCL2	Coding_UCSC	Coding_UCSCL2	baseline		True	0.000297619047619	0.0003225806451612	False	False	True	False	5.08130081300813e-05	False	False	False
Conserved_LindbladTohL2	F_SUD	~~	SCZ_PGC	0.0012163362979743	0.886434994517113	9.12180149811635	2.53511185066366	0.0006783096849435	0.0	0	F_SUD~~SCZ_PGC				Conserved_LindbladTohL2	Conserved_LindbladToh	Conserved_LindbladTohL2	baseline		True	0.000297619047619	0.0003225806451612	False	False	False	False	5.08130081300813e-05	False	True	False
CTCF_HoffmanL2	F_SUD	~~	SCZ_PGC	0.0059946659506555	2.24458351170558	1.80121014820259	1.09310063156025	0.231788313780843	0.0	0	F_SUD~~SCZ_PGC				CTCF_HoffmanL2	CTCF_Hoffman	CTCF_HoffmanL2	baseline		True	0.000297619047619	0.0003225806451612	False	False	False	False	5.08130081300813e-05	False	True	False
DGF_ENCODEL2	F_SUD	~~	SCZ_PGC	0.0113375495533006	1.99245506590914	2.53926073553781	0.711021273860207	0.0151992461167688	0.0	"lavaan->lav_object_post_check():  
   some estimated ov variances are negative"	F_SUD~~SCZ_PGC				DGF_ENCODEL2	DGF_ENCODE	DGF_ENCODEL2	baseline		True	0.000297619047619	0.0003225806451612	False	False	True	False	5.08130081300813e-05	False	False	False
DHS_peaks_TrynkaL2	F_SUD	~~	SCZ_PGC	0.0059318516132404	1.0343057007056	2.0519951926033	0.855863683149995	0.109505519914415	0.0	0	F_SUD~~SCZ_PGC				DHS_peaks_TrynkaL2	DHS_peaks_Trynka	DHS_peaks_TrynkaL2	baseline		True	0.000297619047619	0.0003225806451612	False	False	False	False	5.08130081300813e-05	False	True	False
DHS_TrynkaL2	F_SUD	~~	SCZ_PGC	0.0040586564102954	0.723598726178784	2.09373467240931	0.675948826296553	0.0528234129502782	0.0	0	F_SUD~~SCZ_PGC				DHS_TrynkaL2	DHS_Trynka	DHS_TrynkaL2	baseline		True	0.000297619047619	0.0003225806451612	False	False	False	False	5.08130081300813e-05	False	True	False
Enhancer_AnderssonL2	F_SUD	~~	SCZ_PGC	0.0010098757347192	1.48817676810926				0.0	"lavaan->lav_lavaan_step11_estoptim():  
   the optimizer warns that a solution has NOT been found!"	F_SUD~~SCZ_PGC				Enhancer_AnderssonL2	Enhancer_Andersson	Enhancer_AnderssonL2	baseline		True	0.000297619047619	0.0003225806451612	False	False	True	False	5.08130081300813e-05	False	False	False
Enhancer_HoffmanL2	F_SUD	~~	SCZ_PGC	0.0009640327837785	1.27677695696508	1.43476021375095	0.807237553071748	0.295089109555275	0.0	0	F_SUD~~SCZ_PGC				Enhancer_HoffmanL2	Enhancer_Hoffman	Enhancer_HoffmanL2	baseline		True	0.000297619047619	0.0003225806451612	False	False	False	False	5.08130081300813e-05	False	True	False
FetalDHS_TrynkaL2	F_SUD	~~	SCZ_PGC	0.0038462770158872	0.940390543421378	3.07389980651534	1.03710694485734	0.022766487823443	0.0	"lavaan->lav_object_post_check():  
   some estimated ov variances are negative"	F_SUD~~SCZ_PGC				FetalDHS_TrynkaL2	FetalDHS_Trynka	FetalDHS_TrynkaL2	baseline		True	0.000297619047619	0.0003225806451612	False	False	True	False	5.08130081300813e-05	False	False	False
H3K27ac_HniszL2	F_SUD	~~	SCZ_PGC	0.0025890897371035	0.526129781223725	1.34816245894409	0.250302375291947	0.0821176473469178	0.0	0	F_SUD~~SCZ_PGC				H3K27ac_HniszL2	H3K27ac_Hnisz	H3K27ac_HniszL2	baseline		True	0.000297619047619	0.0003225806451612	False	False	False	False	5.08130081300813e-05	False	True	False
H3K27ac_PGC2L2	F_SUD	~~	SCZ_PGC	0.001572840207382	0.438182427416718	1.43252596015672	0.289100368557227	0.067312492713459	0.0	0	F_SUD~~SCZ_PGC				H3K27ac_PGC2L2	H3K27ac_PGC2	H3K27ac_PGC2L2	baseline		True	0.000297619047619	0.0003225806451612	False	False	False	False	5.08130081300813e-05	False	True	False
H3K4me1_peaks_TrynkaL2	F_SUD	~~	SCZ_PGC	0.0046815868517883	0.755868946805573	2.02379193687103	0.523225883485121	0.0251918414164148	0.0	"lavaan->lav_object_post_check():  
   some estimated ov variances are negative"	F_SUD~~SCZ_PGC				H3K4me1_peaks_TrynkaL2	H3K4me1_peaks_Trynka	H3K4me1_peaks_TrynkaL2	baseline		True	0.000297619047619	0.0003225806451612	False	False	True	False	5.08130081300813e-05	False	False	False
H3K4me1_TrynkaL2	F_SUD	~~	SCZ_PGC	0.0038393373876836	0.634694022064577	1.34120287834578	0.281258315969235	0.112540076176583	0.0	0	F_SUD~~SCZ_PGC				H3K4me1_TrynkaL2	H3K4me1_Trynka	H3K4me1_TrynkaL2	baseline		True	0.000297619047619	0.0003225806451612	False	False	False	False	5.08130081300813e-05	False	True	False
H3K4me3_peaks_TrynkaL2	F_SUD	~~	SCZ_PGC	0.0018594257348432	0.690831278375265	3.74518924372344	1.04095881738249	0.0041800002413794	0.0	"lavaan->lav_object_post_check():  
   covariance matrix of latent variables is not positive definite ; use 
   lavInspect(fit, ""cov.lv"") to investigate."	F_SUD~~SCZ_PGC				H3K4me3_peaks_TrynkaL2	H3K4me3_peaks_Trynka	H3K4me3_peaks_TrynkaL2	baseline		True	0.000297619047619	0.0003225806451612	False	False	True	False	5.08130081300813e-05	False	False	False
H3K4me3_TrynkaL2	F_SUD	~~	SCZ_PGC	0.0032638616278994	0.93088162780643	2.04168366278145	0.416191346005622	0.0061590864347393	0.0	0	F_SUD~~SCZ_PGC				H3K4me3_TrynkaL2	H3K4me3_Trynka	H3K4me3_TrynkaL2	baseline		True	0.000297619047619	0.0003225806451612	False	False	False	False	5.08130081300813e-05	False	True	False
H3K9ac_peaks_TrynkaL2	F_SUD	~~	SCZ_PGC	0.0037959926362376	1.46994586872298	2.04012943890678	1.10042941597452	0.17227756525815	0.0	"lavaan->lav_object_post_check():  
   some estimated ov variances are negative"	F_SUD~~SCZ_PGC				H3K9ac_peaks_TrynkaL2	H3K9ac_peaks_Trynka	H3K9ac_peaks_TrynkaL2	baseline		True	0.000297619047619	0.0003225806451612	False	False	True	False	5.08130081300813e-05	False	False	False
H3K9ac_TrynkaL2	F_SUD	~~	SCZ_PGC	0.0029960754371585	0.81368217138709	2.4462149717629	0.460158003041153	0.0008365118673227	0.0	0	F_SUD~~SCZ_PGC				H3K9ac_TrynkaL2	H3K9ac_Trynka	H3K9ac_TrynkaL2	baseline		True	0.000297619047619	0.0003225806451612	False	False	False	False	5.08130081300813e-05	False	True	False
Intron_UCSCL2	F_SUD	~~	SCZ_PGC	0.0025956693040877	0.532792747025948	1.25018191022111	0.235420447606484	0.143958431831272	0.0	0	F_SUD~~SCZ_PGC				Intron_UCSCL2	Intron_UCSC	Intron_UCSCL2	baseline		True	0.000297619047619	0.0003225806451612	False	False	False	False	5.08130081300813e-05	False	True	False
PromoterFlanking_HoffmanL2	F_SUD	~~	SCZ_PGC	0.0011233910785044	1.01004509225563				0.0	"lavaan->lav_lavaan_step11_estoptim():  
   the optimizer warns that a solution has NOT been found!"	F_SUD~~SCZ_PGC				PromoterFlanking_HoffmanL2	PromoterFlanking_Hoffman	PromoterFlanking_HoffmanL2	baseline		True	0.000297619047619	0.0003225806451612	False	False	True	False	5.08130081300813e-05	False	False	False
Promoter_UCSCL2	F_SUD	~~	SCZ_PGC	0.0011094520639583	1.15195001492418	1.194275943961	0.655039346581493	0.383391041332938	0.0	0	F_SUD~~SCZ_PGC				Promoter_UCSCL2	Promoter_UCSC	Promoter_UCSCL2	baseline		True	0.000297619047619	0.0003225806451612	False	False	False	False	5.08130081300813e-05	False	True	False
Repressed_HoffmanL2	F_SUD	~~	SCZ_PGC	0.0004673297802173	0.503045785776127	0.721330420263573	0.160466781628034	0.958772733029842	0.0	"lavaan->lav_object_post_check():  
   some estimated ov variances are negative"	F_SUD~~SCZ_PGC				Repressed_HoffmanL2	Repressed_Hoffman	Repressed_HoffmanL2	baseline		True	0.000297619047619	0.0003225806451612	False	False	True	False	5.08130081300813e-05	False	False	False
SuperEnhancer_HniszL2	F_SUD	~~	SCZ_PGC	0.0012294782201081	0.499863024109891	1.52647964452084	0.279555195029996	0.0298314737407207	0.0	"lavaan->lav_object_post_check():  
   some estimated ov variances are negative"	F_SUD~~SCZ_PGC				SuperEnhancer_HniszL2	SuperEnhancer_Hnisz	SuperEnhancer_HniszL2	baseline		True	0.000297619047619	0.0003225806451612	False	False	True	False	5.08130081300813e-05	False	False	False
TFBS_ENCODEL2	F_SUD	~~	SCZ_PGC	0.0025358215358161	0.797809639974368	1.51950126477465	0.55315654385821	0.17382487431734	0.0	0	F_SUD~~SCZ_PGC				TFBS_ENCODEL2	TFBS_ENCODE	TFBS_ENCODEL2	baseline		True	0.000297619047619	0.0003225806451612	False	False	False	False	5.08130081300813e-05	False	True	False
Transcr_HoffmanL2	F_SUD	~~	SCZ_PGC	0.0036231066842596	0.895862578496535	1.15912611248926	0.22778636085913	0.242408485398309	0.0	0	F_SUD~~SCZ_PGC				Transcr_HoffmanL2	Transcr_Hoffman	Transcr_HoffmanL2	baseline		True	0.000297619047619	0.0003225806451612	False	False	False	False	5.08130081300813e-05	False	True	False
TSS_HoffmanL2	F_SUD	~~	SCZ_PGC	0.0007180745333636	1.47145927695137	3.15617482957634	1.26078317906585	0.0436156621190467	0.0	0	F_SUD~~SCZ_PGC				TSS_HoffmanL2	TSS_Hoffman	TSS_HoffmanL2	baseline		True	0.000297619047619	0.0003225806451612	False	False	False	False	5.08130081300813e-05	False	True	False
UTR_3_UCSCL2	F_SUD	~~	SCZ_PGC	0.001549689621306	1.27024450017337	3.58917821485734	1.92883780304149	0.0897410348847866	0.0	"lavaan->lav_object_post_check():  
   covariance matrix of latent variables is not positive definite ; use 
   lavInspect(fit, ""cov.lv"") to investigate."	F_SUD~~SCZ_PGC				UTR_3_UCSCL2	UTR_3_UCSC	UTR_3_UCSCL2	baseline		True	0.000297619047619	0.0003225806451612	False	False	True	False	5.08130081300813e-05	False	False	False
UTR_5_UCSCL2	F_SUD	~~	SCZ_PGC	0.0011173701728838	1.96657381950921				0.0	"lavaan->lav_lavaan_step11_estoptim():  
   the optimizer warns that a solution has NOT been found!"	F_SUD~~SCZ_PGC				UTR_5_UCSCL2	UTR_5_UCSC	UTR_5_UCSCL2	baseline		True	0.000297619047619	0.0003225806451612	False	False	True	False	5.08130081300813e-05	False	False	False
WeakEnhancer_HoffmanL2	F_SUD	~~	SCZ_PGC	0.002618274041366	1.82910160206737	2.96805561365931	1.40304378533128	0.0803525105833835	0.0	"lavaan->lav_object_post_check():  
   covariance matrix of latent variables is not positive definite ; use 
   lavInspect(fit, ""cov.lv"") to investigate."	F_SUD~~SCZ_PGC				WeakEnhancer_HoffmanL2	WeakEnhancer_Hoffman	WeakEnhancer_HoffmanL2	baseline		True	0.000297619047619	0.0003225806451612	False	False	True	False	5.08130081300813e-05	False	False	False
GERP.RSsup4L2	F_SUD	~~	SCZ_PGC	0.0003877569119313	0.543969559960348	22.2571418556763	4.7468449603371	3.76441876133386e-06	0.0	"lavaan->lav_object_post_check():  
   some estimated ov variances are negative"	F_SUD~~SCZ_PGC				GERP.RSsup4L2	GERP.RSsup4	GERP.RSsup4L2	baseline		True	0.000297619047619	0.0003225806451612	True	True	True	False	5.08130081300813e-05	True	False	False
MAFbin1L2	F_SUD	~~	SCZ_PGC	0.0006863383183459	1.11772319176985				0.0	"lavaan->lav_lavaan_step11_estoptim():  
   the optimizer warns that a solution has NOT been found!"	F_SUD~~SCZ_PGC				MAFbin1L2	MAFbin1	MAFbin1L2	baseline		True	0.000297619047619	0.0003225806451612	False	False	True	False	5.08130081300813e-05	False	False	False
MAFbin2L2	F_SUD	~~	SCZ_PGC	0.000485331559693	0.636209922771691	0.565821427484831	0.140545483914482	0.998996649886263	0.0	"lavaan->lav_lavaan_step11_estoptim():  
   the optimizer (NLMINB) claimed the model converged, but not all elements 
   of the gradient are (near) zero; the optimizer may not have found a local 
   solution use check.gradient = FALSE to skip this check."	F_SUD~~SCZ_PGC				MAFbin2L2	MAFbin2	MAFbin2L2	baseline		True	0.000297619047619	0.0003225806451612	False	False	True	False	5.08130081300813e-05	False	False	False
MAFbin3L2	F_SUD	~~	SCZ_PGC	0.0015869610761194	1.96497687169843	0.737697629675763	0.178467682780596	0.929184877850231	0.0	"lavaan->lav_object_post_check():  
   some estimated ov variances are negative"	F_SUD~~SCZ_PGC				MAFbin3L2	MAFbin3	MAFbin3L2	baseline		True	0.000297619047619	0.0003225806451612	False	False	True	False	5.08130081300813e-05	False	False	False
MAFbin4L2	F_SUD	~~	SCZ_PGC	0.0004725631003971	0.662121827380395	1.03179737665234	0.190913200774827	0.433860455344058	0.0	"lavaan->lav_lavaan_step11_estoptim():  
   the optimizer (NLMINB) claimed the model converged, but not all elements 
   of the gradient are (near) zero; the optimizer may not have found a local 
   solution use check.gradient = FALSE to skip this check."	F_SUD~~SCZ_PGC				MAFbin4L2	MAFbin4	MAFbin4L2	baseline		True	0.000297619047619	0.0003225806451612	False	False	True	False	5.08130081300813e-05	False	False	False
MAFbin5L2	F_SUD	~~	SCZ_PGC	0.0002209457335289	0.574463842787965				0.0	"lavaan->lav_lavaan_step11_estoptim():  
   the optimizer warns that a solution has NOT been found!"	F_SUD~~SCZ_PGC				MAFbin5L2	MAFbin5	MAFbin5L2	baseline		True	0.000297619047619	0.0003225806451612	False	False	True	False	5.08130081300813e-05	False	False	False
MAFbin6L2	F_SUD	~~	SCZ_PGC	0.0004555057663532	0.385666922344159				0.0	"lavaan->lav_lavaan_step11_estoptim():  
   the optimizer warns that a solution has NOT been found!"	F_SUD~~SCZ_PGC				MAFbin6L2	MAFbin6	MAFbin6L2	baseline		True	0.000297619047619	0.0003225806451612	False	False	True	False	5.08130081300813e-05	False	False	False
MAFbin7L2	F_SUD	~~	SCZ_PGC	0.0009669896329175	0.927371376789053	1.35344132580417	0.231379100903903	0.0633131290575923	0.0	"lavaan->lav_lavaan_step11_estoptim():  
   the optimizer (NLMINB) claimed the model converged, but not all elements 
   of the gradient are (near) zero; the optimizer may not have found a local 
   solution use check.gradient = FALSE to skip this check."	F_SUD~~SCZ_PGC				MAFbin7L2	MAFbin7	MAFbin7L2	baseline		True	0.000297619047619	0.0003225806451612	False	False	True	False	5.08130081300813e-05	False	False	False
MAFbin8L2	F_SUD	~~	SCZ_PGC	0.0001192786812402	0.303235534581447	0.885181401045989	0.267096657775532	0.666357290287894	0.0	"lavaan->lav_object_post_check():  
   some estimated ov variances are negative"	F_SUD~~SCZ_PGC				MAFbin8L2	MAFbin8	MAFbin8L2	baseline		True	0.000297619047619	0.0003225806451612	False	False	True	False	5.08130081300813e-05	False	False	False
MAFbin9L2	F_SUD	~~	SCZ_PGC	0.000405947985995	0.493011158906194	1.43384054375462	0.271748671170217	0.0551911518141726	0.0	"lavaan->lav_object_post_check():  
   some estimated ov variances are negative"	F_SUD~~SCZ_PGC				MAFbin9L2	MAFbin9	MAFbin9L2	baseline		True	0.000297619047619	0.0003225806451612	False	False	True	False	5.08130081300813e-05	False	False	False
MAFbin10L2	F_SUD	~~	SCZ_PGC	0.0011500562259995	0.894354986160682	1.28781055556169	0.267217536493271	0.140725697881483	0.0	0	F_SUD~~SCZ_PGC				MAFbin10L2	MAFbin10	MAFbin10L2	baseline		True	0.000297619047619	0.0003225806451612	False	False	False	False	5.08130081300813e-05	False	True	False
synonymousL2	F_SUD	~~	SCZ_PGC	0.0023042794132926	1.53381400287379	-1.03506078098951	8.74331785352061	0.592024607701089	0.0	0	F_SUD~~SCZ_PGC				synonymousL2	synonymous	synonymousL2	baseline		True	0.000297619047619	0.0003225806451612	False	False	False	False	5.08130081300813e-05	False	True	False
non_synonymousL2	F_SUD	~~	SCZ_PGC	0.0038603365209715	1.9326560131179				0.0	"lavaan->lav_lavaan_step11_estoptim():  
   the optimizer warns that a solution has NOT been found!"	F_SUD~~SCZ_PGC				non_synonymousL2	non_synonymous	non_synonymousL2	baseline		True	0.000297619047619	0.0003225806451612	False	False	True	False	5.08130081300813e-05	False	False	False
Conserved_Vertebrate_phastCons46wayL2	F_SUD	~~	SCZ_PGC	0.0025618430720753	1.21851881667094	8.80512272312844	1.87882687979532	1.63175766453783e-05	0.0	0	F_SUD~~SCZ_PGC				Conserved_Vertebrate_phastCons46wayL2	Conserved_Vertebrate_phastCons46way	Conserved_Vertebrate_phastCons46wayL2	baseline		True	0.000297619047619	0.0003225806451612	True	True	False	False	5.08130081300813e-05	True	True	True
Conserved_Mammal_phastCons46wayL2	F_SUD	~~	SCZ_PGC	0.0015906496611494	0.959379974568477	11.3281470781509	2.78848862961926	0.0001061754057696	0.0	0	F_SUD~~SCZ_PGC				Conserved_Mammal_phastCons46wayL2	Conserved_Mammal_phastCons46way	Conserved_Mammal_phastCons46wayL2	baseline		True	0.000297619047619	0.0003225806451612	True	True	False	False	5.08130081300813e-05	False	True	False
Conserved_Primate_phastCons46wayL2	F_SUD	~~	SCZ_PGC	0.0018023522184431	0.915056725092975	14.6138036169348	2.69344943631629	2.15859183156184e-07	0.0	0	F_SUD~~SCZ_PGC				Conserved_Primate_phastCons46wayL2	Conserved_Primate_phastCons46way	Conserved_Primate_phastCons46wayL2	baseline		True	0.000297619047619	0.0003225806451612	True	True	False	False	5.08130081300813e-05	True	True	True
BivFlnkL2	F_SUD	~~	SCZ_PGC	0.0005076276028514	1.34649825530455				0.0	"lavaan->lav_lavaan_step11_estoptim():  
   the optimizer warns that a solution has NOT been found!"	F_SUD~~SCZ_PGC				BivFlnkL2	BivFlnk	BivFlnkL2	baseline		True	0.000297619047619	0.0003225806451612	False	False	True	False	5.08130081300813e-05	False	False	False
Human_Promoter_VillarL2	F_SUD	~~	SCZ_PGC	0.0016131632585104	1.12223328815639				0.0	"lavaan->lav_lavaan_step11_estoptim():  
   the optimizer warns that a solution has NOT been found!"	F_SUD~~SCZ_PGC				Human_Promoter_VillarL2	Human_Promoter_Villar	Human_Promoter_VillarL2	baseline		True	0.000297619047619	0.0003225806451612	False	False	True	False	5.08130081300813e-05	False	False	False
Human_Enhancer_VillarL2	F_SUD	~~	SCZ_PGC	0.0015638517882161	1.14148531695399	2.73973522253259	0.619362890583205	0.0024854695039568	0.0	"lavaan->lav_object_post_check():  
   covariance matrix of latent variables is not positive definite ; use 
   lavInspect(fit, ""cov.lv"") to investigate."	F_SUD~~SCZ_PGC				Human_Enhancer_VillarL2	Human_Enhancer_Villar	Human_Enhancer_VillarL2	baseline		True	0.000297619047619	0.0003225806451612	False	False	True	False	5.08130081300813e-05	False	False	False
Ancient_Sequence_Age_Human_PromoterL2	F_SUD	~~	SCZ_PGC	0.0003287332591455	1.37555605766172	9.72411568444989	4.15616660092657	0.0179050359582867	0.0	0	F_SUD~~SCZ_PGC				Ancient_Sequence_Age_Human_PromoterL2	Ancient_Sequence_Age_Human_Promoter	Ancient_Sequence_Age_Human_PromoterL2	baseline		True	0.000297619047619	0.0003225806451612	False	False	False	False	5.08130081300813e-05	False	True	False
Ancient_Sequence_Age_Human_EnhancerL2	F_SUD	~~	SCZ_PGC	0.003504797560559	1.65792602715136	11.462904034655	3.92399207227926	0.0038335031942447	0.0	"lavaan->lav_object_post_check():  
   covariance matrix of latent variables is not positive definite ; use 
   lavInspect(fit, ""cov.lv"") to investigate."	F_SUD~~SCZ_PGC				Ancient_Sequence_Age_Human_EnhancerL2	Ancient_Sequence_Age_Human_Enhancer	Ancient_Sequence_Age_Human_EnhancerL2	baseline		True	0.000297619047619	0.0003225806451612	False	False	True	False	5.08130081300813e-05	False	False	False
Human_Promoter_Villar_ExACL2	F_SUD	~~	SCZ_PGC	0.0006255098946711	1.20271764783047	10.132155294408	3.37682822198858	0.0034218168769814	0.0	"lavaan->lav_object_post_check():  
   some estimated ov variances are negative"	F_SUD~~SCZ_PGC				Human_Promoter_Villar_ExACL2	Human_Promoter_Villar_ExAC	Human_Promoter_Villar_ExACL2	baseline		True	0.000297619047619	0.0003225806451612	False	False	True	False	5.08130081300813e-05	False	False	False
Franke.13.	F_SUD	~~	SCZ_PGC	0.002698278221521	0.952680890491444	1.56482558414464	0.292560591484336	0.026764554402788	0.0	0	F_SUD~~SCZ_PGC				Franke.13.	Franke.13.	Franke.13.	expression	Brain Stem	True	0.000297619047619	0.0003225806451612	False	False	False	False	5.08130081300813e-05	False	True	False
Franke.14.	F_SUD	~~	SCZ_PGC	0.0027654529600308	0.840589401545504	1.65265069358041	0.305856385233749	0.0164276584513339	0.0	0	F_SUD~~SCZ_PGC				Franke.14.	Franke.14.	Franke.14.	expression	Whole Brain	True	0.000297619047619	0.0003225806451612	False	False	False	False	5.08130081300813e-05	False	True	False
Franke.31.	F_SUD	~~	SCZ_PGC	0.0014396331109608	0.84699715722659	1.29229140641159	0.284924313138704	0.152479657940077	0.0	0	F_SUD~~SCZ_PGC				Franke.31.	Franke.31.	Franke.31.	expression	Epidermis	True	0.000297619047619	0.0003225806451612	False	False	False	False	5.08130081300813e-05	False	True	False
Franke.39.	F_SUD	~~	SCZ_PGC	0.0015340809308177	0.778565913260909	1.27348087368583	0.263674900130589	0.149823743594072	0.0	0	F_SUD~~SCZ_PGC				Franke.39.	Franke.39.	Franke.39.	expression	Fibroblasts	True	0.000297619047619	0.0003225806451612	False	False	False	False	5.08130081300813e-05	False	True	False
Franke.30.	F_SUD	~~	SCZ_PGC	0.0016124704954196	0.909716018954783	1.21095673514499	0.296698480210588	0.238537819911837	0.0	0	F_SUD~~SCZ_PGC				Franke.30.	Franke.30.	Franke.30.	expression	Epithelial Cells	True	0.000297619047619	0.0003225806451612	False	False	False	False	5.08130081300813e-05	False	True	False
Franke.147.	F_SUD	~~	SCZ_PGC	0.0013390571650117	0.754361140761138	1.34098924691802	0.274433265789165	0.107022097154716	0.0	0	F_SUD~~SCZ_PGC				Franke.147.	Franke.147.	Franke.147.	expression	Embryoid Bodies	True	0.000297619047619	0.0003225806451612	False	False	False	False	5.08130081300813e-05	False	True	False
GTEx.1.	F_SUD	~~	SCZ_PGC	0.0017518557345808	0.68759234439361	1.26588845316416	0.256291424087046	0.149764079018798	0.0	0	F_SUD~~SCZ_PGC				GTEx.1.	GTEx.1.	GTEx.1.	expression	Adipose Subcutaneous	True	0.000297619047619	0.0003225806451612	False	False	False	False	5.08130081300813e-05	False	True	False
GTEx.8.	F_SUD	~~	SCZ_PGC	0.0030124860906177	0.899276672893501	1.45273274005065	0.268124966167775	0.0456563087278963	0.0	0	F_SUD~~SCZ_PGC				GTEx.8.	GTEx.8.	GTEx.8.	expression	Amygdala	True	0.000297619047619	0.0003225806451612	False	False	False	False	5.08130081300813e-05	False	True	False
GTEx.9.	F_SUD	~~	SCZ_PGC	0.002846819584011	0.819752052453827	1.47167322762624	0.271797289518407	0.0413362236798351	0.0	0	F_SUD~~SCZ_PGC				GTEx.9.	GTEx.9.	GTEx.9.	expression	Cingulate Cortex	True	0.000297619047619	0.0003225806451612	False	False	False	False	5.08130081300813e-05	False	True	False
GTEx.10.	F_SUD	~~	SCZ_PGC	0.0028020659933439	0.875552399446259	1.42357784032337	0.276014798777267	0.0624385941292146	0.0	0	F_SUD~~SCZ_PGC				GTEx.10.	GTEx.10.	GTEx.10.	expression	Caudate	True	0.000297619047619	0.0003225806451612	False	False	False	False	5.08130081300813e-05	False	True	False
GTEx.11.	F_SUD	~~	SCZ_PGC	0.0020842071487621	0.688609545645212	1.47254173107322	0.275762197080222	0.0433025629463433	0.0	0	F_SUD~~SCZ_PGC				GTEx.11.	GTEx.11.	GTEx.11.	expression	Cerebellar Hemispher	True	0.000297619047619	0.0003225806451612	False	False	False	False	5.08130081300813e-05	False	True	False
GTEx.12.	F_SUD	~~	SCZ_PGC	0.0021794827237458	0.735868137761171	1.44113538954763	0.275587105223548	0.0547204401707398	0.0	0	F_SUD~~SCZ_PGC				GTEx.12.	GTEx.12.	GTEx.12.	expression	Cerebellum	True	0.000297619047619	0.0003225806451612	False	False	False	False	5.08130081300813e-05	False	True	False
GTEx.13.	F_SUD	~~	SCZ_PGC	0.0028529091756667	0.831176902768933	1.48953636180309	0.279663715803245	0.0400206523876409	0.0	0	F_SUD~~SCZ_PGC				GTEx.13.	GTEx.13.	GTEx.13.	expression	Cortex	True	0.000297619047619	0.0003225806451612	False	False	False	False	5.08130081300813e-05	False	True	False
GTEx.14.	F_SUD	~~	SCZ_PGC	0.0028145240773693	0.804367128549323	1.44917761285969	0.274152869132684	0.0506670286944736	0.0	0	F_SUD~~SCZ_PGC				GTEx.14.	GTEx.14.	GTEx.14.	expression	Frontal Cortex	True	0.000297619047619	0.0003225806451612	False	False	False	False	5.08130081300813e-05	False	True	False
GTEx.15.	F_SUD	~~	SCZ_PGC	0.0031818628957004	0.931993544257991	1.47354027273454	0.267893014543314	0.0385599710980435	0.0	0	F_SUD~~SCZ_PGC				GTEx.15.	GTEx.15.	GTEx.15.	expression	Hippocampus	True	0.000297619047619	0.0003225806451612	False	False	False	False	5.08130081300813e-05	False	True	False
GTEx.16.	F_SUD	~~	SCZ_PGC	0.0031248172578347	0.959204345766229	1.35702770691309	0.260193741050155	0.0850066598579007	0.0	0	F_SUD~~SCZ_PGC				GTEx.16.	GTEx.16.	GTEx.16.	expression	Hypothalamus	True	0.000297619047619	0.0003225806451612	False	False	False	False	5.08130081300813e-05	False	True	False
GTEx.17.	F_SUD	~~	SCZ_PGC	0.0026054745120465	0.801342107508905	1.42284360472218	0.274134074386965	0.0614797029023192	0.0	0	F_SUD~~SCZ_PGC				GTEx.17.	GTEx.17.	GTEx.17.	expression	Nucleus Accumbens	True	0.000297619047619	0.0003225806451612	False	False	False	False	5.08130081300813e-05	False	True	False
GTEx.18.	F_SUD	~~	SCZ_PGC	0.0028866968584298	0.898246883542066	1.45971194889081	0.279767069721318	0.0501712605270737	0.0	0	F_SUD~~SCZ_PGC				GTEx.18.	GTEx.18.	GTEx.18.	expression	Putamen	True	0.000297619047619	0.0003225806451612	False	False	False	False	5.08130081300813e-05	False	True	False
GTEx.19.	F_SUD	~~	SCZ_PGC	0.0035909161874511	1.1918722570638	1.45885411097588	0.277553405295897	0.0491440492083555	0.0	0	F_SUD~~SCZ_PGC				GTEx.19.	GTEx.19.	GTEx.19.	expression	Spinal Cord	True	0.000297619047619	0.0003225806451612	False	False	False	False	5.08130081300813e-05	False	True	False
GTEx.20.	F_SUD	~~	SCZ_PGC	0.0033062428625861	1.05794570207836	1.46426184878551	0.276787799629967	0.0467399135731813	0.0	0	F_SUD~~SCZ_PGC				GTEx.20.	GTEx.20.	GTEx.20.	expression	Substantia Nigra	True	0.000297619047619	0.0003225806451612	False	False	False	False	5.08130081300813e-05	False	True	False
Franke.152.	F_SUD	~~	SCZ_PGC	0.0020853583402986	1.0956654242761	1.11978278595508	0.267202345562131	0.326973786039038	0.0	0	F_SUD~~SCZ_PGC				Franke.152.	Franke.152.	Franke.152.	expression	Endocrine Cells	True	0.000297619047619	0.0003225806451612	False	False	False	False	5.08130081300813e-05	False	True	False
GTEx.40.	F_SUD	~~	SCZ_PGC	0.0016477368284261	0.722399764878226	1.34168494548924	0.270285442927208	0.103085704879934	0.0	0	F_SUD~~SCZ_PGC				GTEx.40.	GTEx.40.	GTEx.40.	expression	Ovary	True	0.000297619047619	0.0003225806451612	False	False	False	False	5.08130081300813e-05	False	True	False
GTEx.42.	F_SUD	~~	SCZ_PGC	0.0015986919351405	0.711236909601761	1.16619152479355	0.271760563876897	0.270422205812861	0.0	0	F_SUD~~SCZ_PGC				GTEx.42.	GTEx.42.	GTEx.42.	expression	Pituitary	True	0.000297619047619	0.0003225806451612	False	False	False	False	5.08130081300813e-05	False	True	False
GTEx.49.	F_SUD	~~	SCZ_PGC	0.0009998518172091	0.663178296492154	0.974829177030611	0.168323718724227	0.559435508607575	0.0	0	F_SUD~~SCZ_PGC				GTEx.49.	GTEx.49.	GTEx.49.	expression	Testis	True	0.000297619047619	0.0003225806451612	False	False	False	False	5.08130081300813e-05	False	True	False
Roadmap.224.	F_SUD	~~	SCZ_PGC	0.0011975333123274	0.761399680108502	1.32736352527752	0.665137579120156	0.311298117057986	0.0	0	F_SUD~~SCZ_PGC				Roadmap.224.	Roadmap.224.	Roadmap.224.	chromatin	Adipose Nuclei H3K4me1	True	0.000297619047619	0.0003225806451612	False	False	False	False	5.08130081300813e-05	False	True	False
Roadmap.60.	F_SUD	~~	SCZ_PGC	0.0018829633302267	1.30375517553665	1.97811237778596	1.143183982066	0.196108527563309	0.0	0	F_SUD~~SCZ_PGC				Roadmap.60.	Roadmap.60.	Roadmap.60.	chromatin	Angular Gyrus H3K27ac	True	0.000297619047619	0.0003225806451612	False	False	False	False	5.08130081300813e-05	False	True	False
Roadmap.139.	F_SUD	~~	SCZ_PGC	0.001743777098162	0.955430537276102	2.59614540020793	1.45189322518093	0.135806727008114	0.0	"lavaan->lav_object_post_check():  
   covariance matrix of latent variables is not positive definite ; use 
   lavInspect(fit, ""cov.lv"") to investigate."	F_SUD~~SCZ_PGC				Roadmap.139.	Roadmap.139.	Roadmap.139.	chromatin	Angular Gyrus H3K36me3	True	0.000297619047619	0.0003225806451612	False	False	True	False	5.08130081300813e-05	False	False	False
Roadmap.227.	F_SUD	~~	SCZ_PGC	0.0017486412300502	0.998187448798432	5.84535079979636	1.19494128567051	2.50793696098314e-05	0.0	0	F_SUD~~SCZ_PGC				Roadmap.227.	Roadmap.227.	Roadmap.227.	chromatin	Angular Gyrus H3K4me1	True	0.000297619047619	0.0003225806451612	True	True	False	False	5.08130081300813e-05	True	True	True
Roadmap.315.	F_SUD	~~	SCZ_PGC	0.0016272345023517	1.30667984867258	4.49166214857635	1.55558844253449	0.0123971523934142	0.0	"lavaan->lav_object_post_check():  
   some estimated ov variances are negative"	F_SUD~~SCZ_PGC				Roadmap.315.	Roadmap.315.	Roadmap.315.	chromatin	Angular Gyrus H3K4me3	True	0.000297619047619	0.0003225806451612	False	False	True	False	5.08130081300813e-05	False	False	False
Roadmap.373.	F_SUD	~~	SCZ_PGC	0.0033905608394373	1.79991374711383	3.59845426192176	1.73637490622067	0.067264012351844	0.0	0	F_SUD~~SCZ_PGC				Roadmap.373.	Roadmap.373.	Roadmap.373.	chromatin	Angular Gyrus H3K9ac	True	0.000297619047619	0.0003225806451612	False	False	False	False	5.08130081300813e-05	False	True	False
Roadmap.61.	F_SUD	~~	SCZ_PGC	0.0003368566194875	0.337159807091631	3.81758399416618	0.881330304084843	0.0006944038083998	0.0	0	F_SUD~~SCZ_PGC				Roadmap.61.	Roadmap.61.	Roadmap.61.	chromatin	Anterior Caudate H3K27ac	True	0.000297619047619	0.0003225806451612	False	False	False	False	5.08130081300813e-05	False	True	False
Roadmap.140.	F_SUD	~~	SCZ_PGC	0.0025532785833483	1.04070050551222	1.7171889167858	1.17571423298603	0.270929992534865	0.0	0	F_SUD~~SCZ_PGC				Roadmap.140.	Roadmap.140.	Roadmap.140.	chromatin	Anterior Caudate H3K36me3	True	0.000297619047619	0.0003225806451612	False	False	False	False	5.08130081300813e-05	False	True	False
Roadmap.228.	F_SUD	~~	SCZ_PGC	0.003939717991036	1.77244242563049	4.00725747145704	1.17567960443134	0.0052654909220814	0.0	0	F_SUD~~SCZ_PGC				Roadmap.228.	Roadmap.228.	Roadmap.228.	chromatin	Anterior Caudate H3K4me1	True	0.000297619047619	0.0003225806451612	False	False	False	False	5.08130081300813e-05	False	True	False
Roadmap.316.	F_SUD	~~	SCZ_PGC	0.0020726412904307	1.259735316364	3.59837220015484	1.3869605926329	0.0305045840714049	0.0	"lavaan->lav_object_post_check():  
   some estimated ov variances are negative"	F_SUD~~SCZ_PGC				Roadmap.316.	Roadmap.316.	Roadmap.316.	chromatin	Anterior Caudate H3K4me3	True	0.000297619047619	0.0003225806451612	False	False	True	False	5.08130081300813e-05	False	False	False
Roadmap.374.	F_SUD	~~	SCZ_PGC	0.0022721682312653	0.973637083008369	1.90820381874655	1.54654118501702	0.278518449183589	0.0	0	F_SUD~~SCZ_PGC				Roadmap.374.	Roadmap.374.	Roadmap.374.	chromatin	Anterior Caudate H3K9ac	True	0.000297619047619	0.0003225806451612	False	False	False	False	5.08130081300813e-05	False	True	False
Roadmap.62.	F_SUD	~~	SCZ_PGC	0.0020796644760034	1.07901984402601	3.54243652196383	1.01275183620635	0.0060293136895171	0.0	0	F_SUD~~SCZ_PGC				Roadmap.62.	Roadmap.62.	Roadmap.62.	chromatin	Cingulate Gyrus H3K27ac	True	0.000297619047619	0.0003225806451612	False	False	False	False	5.08130081300813e-05	False	True	False
Roadmap.141.	F_SUD	~~	SCZ_PGC	0.0033780507075528	1.91279845285927	1.93068571705961	1.2055912790719	0.220064767253925	0.0	"lavaan->lav_object_post_check():  
   some estimated ov variances are negative"	F_SUD~~SCZ_PGC				Roadmap.141.	Roadmap.141.	Roadmap.141.	chromatin	Cingulate Gyrus H3K36me3	True	0.000297619047619	0.0003225806451612	False	False	True	False	5.08130081300813e-05	False	False	False
Roadmap.229.	F_SUD	~~	SCZ_PGC	0.0005252296976412	0.25618126918839	3.56995482662633	0.95355362798565	0.0035180161861733	0.0	0	F_SUD~~SCZ_PGC				Roadmap.229.	Roadmap.229.	Roadmap.229.	chromatin	Cingulate Gyrus H3K4me1	True	0.000297619047619	0.0003225806451612	False	False	False	False	5.08130081300813e-05	False	True	False
Roadmap.317.	F_SUD	~~	SCZ_PGC	0.0013387592225709	0.795146448306796	2.92477773116076	1.61521945488086	0.116699077251955	0.0	0	F_SUD~~SCZ_PGC				Roadmap.317.	Roadmap.317.	Roadmap.317.	chromatin	Cingulate Gyrus H3K4me3	True	0.000297619047619	0.0003225806451612	False	False	False	False	5.08130081300813e-05	False	True	False
Roadmap.375.	F_SUD	~~	SCZ_PGC	0.0020455751280131	1.0617693931854	4.21042835759345	1.54079141181907	0.0185972385627629	0.0	0	F_SUD~~SCZ_PGC				Roadmap.375.	Roadmap.375.	Roadmap.375.	chromatin	Cingular Gyrus H3K9ac	True	0.000297619047619	0.0003225806451612	False	False	False	False	5.08130081300813e-05	False	True	False
Roadmap.65.	F_SUD	~~	SCZ_PGC	0.0016653321376394	1.08799733105622	4.34843992929844	1.02010543115094	0.000514555371948	0.0	"lavaan->lav_object_post_check():  
   some estimated ov variances are negative"	F_SUD~~SCZ_PGC				Roadmap.65.	Roadmap.65.	Roadmap.65.	chromatin	dLPFC H3K27ac	True	0.000297619047619	0.0003225806451612	False	False	True	False	5.08130081300813e-05	False	False	False
Roadmap.145.	F_SUD	~~	SCZ_PGC	0.002088242678778	1.28468625123397	5.33336313109632	1.6193319493642	0.0037251206080159	0.0	0	F_SUD~~SCZ_PGC				Roadmap.145.	Roadmap.145.	Roadmap.145.	chromatin	dLPFC H3K36me3	True	0.000297619047619	0.0003225806451612	False	False	False	False	5.08130081300813e-05	False	True	False
Roadmap.233.	F_SUD	~~	SCZ_PGC	0.0030383474011962	0.674408377665194	3.32675554204801	1.23023298683304	0.0292912925433663	0.0	"lavaan->lav_object_post_check():  
   some estimated ov variances are negative"	F_SUD~~SCZ_PGC				Roadmap.233.	Roadmap.233.	Roadmap.233.	chromatin	dLPFC H3K4me1	True	0.000297619047619	0.0003225806451612	False	False	True	False	5.08130081300813e-05	False	False	False
Roadmap.321.	F_SUD	~~	SCZ_PGC	0.0013666452783641	0.93396736935038				0.0	"lavaan->lav_lavaan_step11_estoptim():  
   the optimizer warns that a solution has NOT been found!"	F_SUD~~SCZ_PGC				Roadmap.321.	Roadmap.321.	Roadmap.321.	chromatin	dLPFC H3K4me3	True	0.000297619047619	0.0003225806451612	False	False	True	False	5.08130081300813e-05	False	False	False
Roadmap.377.	F_SUD	~~	SCZ_PGC	0.0005148277605555	0.461635595017639	3.53151686621924	1.81773251596999	0.081858527093011	0.0	"lavaan->lav_object_post_check():  
   some estimated ov variances are negative"	F_SUD~~SCZ_PGC				Roadmap.377.	Roadmap.377.	Roadmap.377.	chromatin	dLPFC H3K9ac	True	0.000297619047619	0.0003225806451612	False	False	True	False	5.08130081300813e-05	False	False	False
Roadmap.142.	F_SUD	~~	SCZ_PGC	0.0012061599204033	0.56333882827492	4.85490055355418	1.4431737186861	0.0037798498441094	0.0	"lavaan->lav_lavaan_step11_estoptim():  
   the optimizer (NLMINB) claimed the model converged, but not all elements 
   of the gradient are (near) zero; the optimizer may not have found a local 
   solution use check.gradient = FALSE to skip this check."	F_SUD~~SCZ_PGC				Roadmap.142.	Roadmap.142.	Roadmap.142.	chromatin	Germinal Matrix H3K6me3	True	0.000297619047619	0.0003225806451612	False	False	True	False	5.08130081300813e-05	False	False	False
Roadmap.230.	F_SUD	~~	SCZ_PGC	0.0019770539372903	1.29407850868029	4.8567206857852	2.36636831491291	0.0515712790972931	0.0	"lavaan->lav_object_post_check():  
   some estimated ov variances are negative"	F_SUD~~SCZ_PGC				Roadmap.230.	Roadmap.230.	Roadmap.230.	chromatin	Germinal Matrix H3K4me1	True	0.000297619047619	0.0003225806451612	False	False	True	False	5.08130081300813e-05	False	False	False
Roadmap.318.	F_SUD	~~	SCZ_PGC	0.0008527362759348	1.12354706192561				0.0	"lavaan->lav_lavaan_step11_estoptim():  
   the optimizer warns that a solution has NOT been found!"	F_SUD~~SCZ_PGC				Roadmap.318.	Roadmap.318.	Roadmap.318.	chromatin	Germinal Matrix H3K4me3	True	0.000297619047619	0.0003225806451612	False	False	True	False	5.08130081300813e-05	False	False	False
Roadmap.63.	F_SUD	~~	SCZ_PGC	0.0018809281571457	1.20396258103205	2.27893447157179	0.760695711843113	0.046355293173408	0.0	"lavaan->lav_object_post_check():  
   some estimated ov variances are negative"	F_SUD~~SCZ_PGC				Roadmap.63.	Roadmap.63.	Roadmap.63.	chromatin	Middle Hippocampus H3K27ac	True	0.000297619047619	0.0003225806451612	False	False	True	False	5.08130081300813e-05	False	False	False
Roadmap.143.	F_SUD	~~	SCZ_PGC	0.0015165598372608	0.889313384986401	2.91016388164745	0.9590718734919	0.0232031119137752	0.0	0	F_SUD~~SCZ_PGC				Roadmap.143.	Roadmap.143.	Roadmap.143.	chromatin	Middle Hippocampus H3K36me3	True	0.000297619047619	0.0003225806451612	False	False	False	False	5.08130081300813e-05	False	True	False
Roadmap.231.	F_SUD	~~	SCZ_PGC	0.0015631504506504	1.61932782105061	3.83402718111696	0.792083719173845	0.0001731571638739	0.0	"lavaan->lav_object_post_check():  
   some estimated ov variances are negative"	F_SUD~~SCZ_PGC				Roadmap.231.	Roadmap.231.	Roadmap.231.	chromatin	Middle Hippocampus H3K4me1	True	0.000297619047619	0.0003225806451612	True	True	True	False	5.08130081300813e-05	False	False	False
Roadmap.319.	F_SUD	~~	SCZ_PGC	0.001724291483567	1.13203324433467	5.03779783102369	1.2453373969392	0.0005927782189081	0.0	"lavaan->lav_object_post_check():  
   some estimated ov variances are negative"	F_SUD~~SCZ_PGC				Roadmap.319.	Roadmap.319.	Roadmap.319.	chromatin	Middle Hippocampus H3K4me3	True	0.000297619047619	0.0003225806451612	False	False	True	False	5.08130081300813e-05	False	False	False
Roadmap.64.	F_SUD	~~	SCZ_PGC	0.0011824983868229	0.989257063459857	4.56155572184123	0.885162996243848	2.86557052358043e-05	0.0	0	F_SUD~~SCZ_PGC				Roadmap.64.	Roadmap.64.	Roadmap.64.	chromatin	Inferior Temporal Lobe H3K27ac	True	0.000297619047619	0.0003225806451612	True	True	False	False	5.08130081300813e-05	True	True	True
Roadmap.144.	F_SUD	~~	SCZ_PGC	0.0022573062961347	1.18830095117024	1.05138915974141	1.18560575197318	0.482713569857161	0.0	"lavaan->lav_object_post_check():  
   some estimated ov variances are negative"	F_SUD~~SCZ_PGC				Roadmap.144.	Roadmap.144.	Roadmap.144.	chromatin	Interior Temporal Lobe H3K36me3	True	0.000297619047619	0.0003225806451612	False	False	True	False	5.08130081300813e-05	False	False	False
Roadmap.232.	F_SUD	~~	SCZ_PGC	0.0026904132146655	1.06102733086312	0.826016787117581	1.24664679312038	0.555496552685787	0.0	0	F_SUD~~SCZ_PGC				Roadmap.232.	Roadmap.232.	Roadmap.232.	chromatin	Inferior Temporal Lobe H3K4me1	True	0.000297619047619	0.0003225806451612	False	False	False	False	5.08130081300813e-05	False	True	False
Roadmap.320.	F_SUD	~~	SCZ_PGC	0.0018945771907957	0.986649292290981	4.39008934109284	1.67922952617594	0.0217521240358861	0.0	"lavaan->lav_object_post_check():  
   some estimated ov variances are negative"	F_SUD~~SCZ_PGC				Roadmap.320.	Roadmap.320.	Roadmap.320.	chromatin	Interior Temporal Lobe H3K4me3	True	0.000297619047619	0.0003225806451612	False	False	True	False	5.08130081300813e-05	False	False	False
Roadmap.376.	F_SUD	~~	SCZ_PGC	0.0005388665596983	1.37620868589415	1.62508505894817	1.42568802696939	0.330532050915685	0.0	0	F_SUD~~SCZ_PGC				Roadmap.376.	Roadmap.376.	Roadmap.376.	chromatin	Inferior Temporal Lobe H3K9ac	True	0.000297619047619	0.0003225806451612	False	False	False	False	5.08130081300813e-05	False	True	False
Roadmap.66.	F_SUD	~~	SCZ_PGC	0.00071270776777	0.909770187845377	3.16132381605718	0.832734180412263	0.0047232931624517	0.0	0	F_SUD~~SCZ_PGC				Roadmap.66.	Roadmap.66.	Roadmap.66.	chromatin	Substantia Nigra H3K27ac	True	0.000297619047619	0.0003225806451612	False	False	False	False	5.08130081300813e-05	False	True	False
Roadmap.146.	F_SUD	~~	SCZ_PGC	0.0012969197762881	1.01145680454456	4.64323659353859	2.23334591507381	0.0514144892592687	0.0	"lavaan->lav_object_post_check():  
   covariance matrix of latent variables is not positive definite ; use 
   lavInspect(fit, ""cov.lv"") to investigate."	F_SUD~~SCZ_PGC				Roadmap.146.	Roadmap.146.	Roadmap.146.	chromatin	Substantia Nigra H3K36me3	True	0.000297619047619	0.0003225806451612	False	False	True	False	5.08130081300813e-05	False	False	False
Roadmap.234.	F_SUD	~~	SCZ_PGC	0.0015779587665841	0.569343059576323	3.03055440146756	0.989452690427105	0.0200751348633083	0.0	0	F_SUD~~SCZ_PGC				Roadmap.234.	Roadmap.234.	Roadmap.234.	chromatin	Substantia Nigra H3K4me1	True	0.000297619047619	0.0003225806451612	False	False	False	False	5.08130081300813e-05	False	True	False
Roadmap.322.	F_SUD	~~	SCZ_PGC	0.0009369386216313	1.11169347071595	3.20227485067801	1.79377601602567	0.109773937730961	0.0	0	F_SUD~~SCZ_PGC				Roadmap.322.	Roadmap.322.	Roadmap.322.	chromatin	Substantia Nigra H3K4me3	True	0.000297619047619	0.0003225806451612	False	False	False	False	5.08130081300813e-05	False	True	False
Roadmap.378.	F_SUD	~~	SCZ_PGC	0.0021227961159578	1.27501440702715	3.18174697750302	1.73552721390173	0.104357074183369	0.0	0	F_SUD~~SCZ_PGC				Roadmap.378.	Roadmap.378.	Roadmap.378.	chromatin	Subtantia Nigra H3K9ac	True	0.000297619047619	0.0003225806451612	False	False	False	False	5.08130081300813e-05	False	True	False
Roadmap.13.	F_SUD	~~	SCZ_PGC	0.0023394403274412	1.32129702833004	3.68240029154702	1.59813864157322	0.046629367874096	0.0	"lavaan->lav_object_post_check():  
   covariance matrix of latent variables is not positive definite ; use 
   lavInspect(fit, ""cov.lv"") to investigate."	F_SUD~~SCZ_PGC				Roadmap.13.	Roadmap.13.	Roadmap.13.	chromatin	Fetal Adrenal Gland DNase	True	0.000297619047619	0.0003225806451612	False	False	True	False	5.08130081300813e-05	False	False	False
Roadmap.71.	F_SUD	~~	SCZ_PGC	0.0008263547913314	0.937753525169325	2.48732991176469	0.750269870283706	0.0237176233419503	0.0	0	F_SUD~~SCZ_PGC				Roadmap.71.	Roadmap.71.	Roadmap.71.	chromatin	Fetal Adrenal Gland H3K27ac	True	0.000297619047619	0.0003225806451612	False	False	False	False	5.08130081300813e-05	False	True	False
Roadmap.152.	F_SUD	~~	SCZ_PGC	0.0014244467767505	0.965184082046995	1.90758480090447	0.566485544284682	0.0545631758616599	0.0	0	F_SUD~~SCZ_PGC				Roadmap.152.	Roadmap.152.	Roadmap.152.	chromatin	Fetal Adrenal Gland H3K36me3	True	0.000297619047619	0.0003225806451612	False	False	False	False	5.08130081300813e-05	False	True	False
Roadmap.240.	F_SUD	~~	SCZ_PGC	0.0027427922979175	1.29622427302963	2.0634517402906	0.6807091265644	0.059112147407888	0.0	"lavaan->lav_object_post_check():  
   some estimated ov variances are negative"	F_SUD~~SCZ_PGC				Roadmap.240.	Roadmap.240.	Roadmap.240.	chromatin	Fetal Adrenal Gland H3K4me1	True	0.000297619047619	0.0003225806451612	False	False	True	False	5.08130081300813e-05	False	False	False
Roadmap.328.	F_SUD	~~	SCZ_PGC	0.001222361742008	0.999130447099218	1.81291361217234	1.68793475772134	0.315044172209521	0.0	0	F_SUD~~SCZ_PGC				Roadmap.328.	Roadmap.328.	Roadmap.328.	chromatin	Fetal Adrenal Gland H3K4me3	True	0.000297619047619	0.0003225806451612	False	False	False	False	5.08130081300813e-05	False	True	False
Roadmap.15.	F_SUD	~~	SCZ_PGC	0.002796066031816	1.56188430647343	7.72871236939807	1.78523321181796	8.19204832236273e-05	0.0	"lavaan->lav_object_post_check():  
   some estimated ov variances are negative"	F_SUD~~SCZ_PGC				Roadmap.15.	Roadmap.15.	Roadmap.15.	chromatin	Fetal Female Brain Dnase	True	0.000297619047619	0.0003225806451612	True	True	True	False	5.08130081300813e-05	False	False	False
Roadmap.154.	F_SUD	~~	SCZ_PGC	0.0008107277070362	1.26583841808715	1.58369416701044	1.02398584202419	0.284331484608672	0.0	0	F_SUD~~SCZ_PGC				Roadmap.154.	Roadmap.154.	Roadmap.154.	chromatin	Fetal Female Brain H3K36me3	True	0.000297619047619	0.0003225806451612	False	False	False	False	5.08130081300813e-05	False	True	False
Roadmap.242.	F_SUD	~~	SCZ_PGC	0.0018149626566516	0.493678303877408	4.62060438436826	1.62035845226661	0.0127268522320414	0.0	0	F_SUD~~SCZ_PGC				Roadmap.242.	Roadmap.242.	Roadmap.242.	chromatin	Fetal Female Brain H3K4me1	True	0.000297619047619	0.0003225806451612	False	False	False	False	5.08130081300813e-05	False	True	False
Roadmap.330.	F_SUD	~~	SCZ_PGC	0.0009075274581913	1.21033318651103	5.91649133368412	1.56005830031431	0.0008122285736118	0.0	0	F_SUD~~SCZ_PGC				Roadmap.330.	Roadmap.330.	Roadmap.330.	chromatin	Fetal Female Brain H3K4me3	True	0.000297619047619	0.0003225806451612	False	False	False	False	5.08130081300813e-05	False	True	False
Roadmap.14.	F_SUD	~~	SCZ_PGC	0.0013564798919616	0.904332977079918	6.87623743695425	1.77837072807129	0.0004761009002734	0.0	"lavaan->lav_object_post_check():  
   some estimated ov variances are negative"	F_SUD~~SCZ_PGC				Roadmap.14.	Roadmap.14.	Roadmap.14.	chromatin	Fetal Male Brain DNAse	True	0.000297619047619	0.0003225806451612	False	False	True	False	5.08130081300813e-05	False	False	False
Roadmap.153.	F_SUD	~~	SCZ_PGC	0.0013596966322321	1.83405303889309				0.0	"lavaan->lav_lavaan_step11_estoptim():  
   the optimizer warns that a solution has NOT been found!"	F_SUD~~SCZ_PGC				Roadmap.153.	Roadmap.153.	Roadmap.153.	chromatin	Fetal Male Brain H3K36me3	True	0.000297619047619	0.0003225806451612	False	False	True	False	5.08130081300813e-05	False	False	False
Roadmap.241.	F_SUD	~~	SCZ_PGC	0.0011614112823788	0.967367737005231	5.11081361147016	0.690049343455789	1.2823933481674901e-09	0.0	"lavaan->lav_object_post_check():  
   some estimated ov variances are negative"	F_SUD~~SCZ_PGC				Roadmap.241.	Roadmap.241.	Roadmap.241.	chromatin	Fetal Male Brain H3K4me1	True	0.000297619047619	0.0003225806451612	True	True	True	False	5.08130081300813e-05	True	False	False
Roadmap.329.	F_SUD	~~	SCZ_PGC	0.0013993222481154	1.13274813448451	2.68692616760746	5.83515718170167	0.386253592224584	0.0	"lavaan->lav_object_post_check():  
   covariance matrix of latent variables is not positive definite ; use 
   lavInspect(fit, ""cov.lv"") to investigate."	F_SUD~~SCZ_PGC				Roadmap.329.	Roadmap.329.	Roadmap.329.	chromatin	Fetal Male Brain H3K4me3	True	0.000297619047619	0.0003225806451612	False	False	True	False	5.08130081300813e-05	False	False	False
Roadmap.51.	F_SUD	~~	SCZ_PGC	0.0009339637992905	0.462141192349739	2.24276205764674	0.857903239631854	0.0737241028735464	0.0	"lavaan->lav_object_post_check():  
   some estimated ov variances are negative"	F_SUD~~SCZ_PGC				Roadmap.51.	Roadmap.51.	Roadmap.51.	chromatin	Foreskin H3K27ac	True	0.000297619047619	0.0003225806451612	False	False	True	False	5.08130081300813e-05	False	False	False
Roadmap.98.	F_SUD	~~	SCZ_PGC	0.001208592531981	1.22869944086427	1.72421155801425	1.05377741003947	0.245961693824199	0.0	"lavaan->lav_object_post_check():  
   some estimated ov variances are negative"	F_SUD~~SCZ_PGC				Roadmap.98.	Roadmap.98.	Roadmap.98.	chromatin	Mammry Epithelial Cells H3K27ac	True	0.000297619047619	0.0003225806451612	False	False	True	False	5.08130081300813e-05	False	False	False
Roadmap.27.	F_SUD	~~	SCZ_PGC	0.0040441543513899	1.82027220299585	3.28961611383218	1.26675254070438	0.0353445817858986	0.0	"lavaan->lav_object_post_check():  
   some estimated ov variances are negative"	F_SUD~~SCZ_PGC				Roadmap.27.	Roadmap.27.	Roadmap.27.	chromatin	Ovary DNAse	True	0.000297619047619	0.0003225806451612	False	False	True	False	5.08130081300813e-05	False	False	False
Roadmap.83.	F_SUD	~~	SCZ_PGC	0.0018717824729153	2.43408736357639	0.887173580937064	1.09630474814828	0.54098486183428	0.0	"lavaan->lav_lavaan_step11_estoptim():  
   the optimizer (NLMINB) claimed the model converged, but not all elements 
   of the gradient are (near) zero; the optimizer may not have found a local 
   solution use check.gradient = FALSE to skip this check."	F_SUD~~SCZ_PGC				Roadmap.83.	Roadmap.83.	Roadmap.83.	chromatin	Ovary H3K27ac	True	0.000297619047619	0.0003225806451612	False	False	True	False	5.08130081300813e-05	False	False	False
Roadmap.169.	F_SUD	~~	SCZ_PGC	0.0011995082772743	1.24284909165915	2.44952416782725	0.999008191711479	0.0733950475557015	0.0	0	F_SUD~~SCZ_PGC				Roadmap.169.	Roadmap.169.	Roadmap.169.	chromatin	Ovary H3K36me3	True	0.000297619047619	0.0003225806451612	False	False	False	False	5.08130081300813e-05	False	True	False
Roadmap.257.	F_SUD	~~	SCZ_PGC	0.0024205547573384	0.789170060871306	1.30511131034352	0.99154415849065	0.37915025493398	0.0	"lavaan->lav_object_post_check():  
   covariance matrix of latent variables is not positive definite ; use 
   lavInspect(fit, ""cov.lv"") to investigate."	F_SUD~~SCZ_PGC				Roadmap.257.	Roadmap.257.	Roadmap.257.	chromatin	Ovary H3K4me1	True	0.000297619047619	0.0003225806451612	False	False	True	False	5.08130081300813e-05	False	False	False
Roadmap.345.	F_SUD	~~	SCZ_PGC	0.0007863364054998	0.954678519026984	3.25235907729474	1.74922540098669	0.0989369999456809	0.0	"lavaan->lav_object_post_check():  
   some estimated ov variances are negative"	F_SUD~~SCZ_PGC				Roadmap.345.	Roadmap.345.	Roadmap.345.	chromatin	Ovary H3K4me3	True	0.000297619047619	0.0003225806451612	False	False	True	False	5.08130081300813e-05	False	False	False
Roadmap.223.	F_SUD	~~	SCZ_PGC	0.0002178394722296	0.837568987745437	6.93413215747216	2.21305602596323	0.0036655246720715	0.0	"lavaan->lav_lavaan_step11_estoptim():  
   the optimizer (NLMINB) claimed the model converged, but not all elements 
   of the gradient are (near) zero; the optimizer may not have found a local 
   solution use check.gradient = FALSE to skip this check."	F_SUD~~SCZ_PGC				Roadmap.223.	Roadmap.223.	Roadmap.223.	chromatin	Monoculear Peripheral Blood Cells H3K4me1	True	0.000297619047619	0.0003225806451612	False	False	True	False	5.08130081300813e-05	False	False	False
Roadmap.261.	F_SUD	~~	SCZ_PGC	0.0006566704632351	0.59372184087328	1.96070268537195	0.905396977104579	0.144325753993524	0.0	"lavaan->lav_object_post_check():  
   covariance matrix of latent variables is not positive definite ; use 
   lavInspect(fit, ""cov.lv"") to investigate."	F_SUD~~SCZ_PGC				Roadmap.261.	Roadmap.261.	Roadmap.261.	chromatin	Rectal Mucosa H3K4me1	True	0.000297619047619	0.0003225806451612	False	False	True	False	5.08130081300813e-05	False	False	False
PIL2	F_SUD	~~	SCZ_PGC	0.0029099948347361	0.706426980257223	9.39474367565578	1.99296918016235	1.26459284962756e-05	0.0	"lavaan->lav_object_post_check():  
   some estimated ov variances are negative"	F_SUD~~SCZ_PGC				PIL2	PI	PIL2	custom	PI Genes	True	0.000297619047619	0.0003225806451612	True	True	True	False	5.08130081300813e-05	True	False	False
ASC1L2	F_SUD	~~	SCZ_PGC	0.0026020931159143	0.810462887448266	7.5823872252698	2.67601360497184	0.0069512371179334	0.0	0	F_SUD~~SCZ_PGC				ASC1L2	ASC1	ASC1L2	custom	ASC1	True	0.000297619047619	0.0003225806451612	False	False	False	False	5.08130081300813e-05	False	True	False
ASC2L2	F_SUD	~~	SCZ_PGC	0.001954500533634	0.642252391212333	8.80985095552608	2.78397647877458	0.0025135955609422	0.0	0	F_SUD~~SCZ_PGC				ASC2L2	ASC2	ASC2L2	custom	ASC2	True	0.000297619047619	0.0003225806451612	False	False	False	False	5.08130081300813e-05	False	True	False
ENDL2	F_SUD	~~	SCZ_PGC	0.0016694299506077	0.614269741011969	8.42337161336363	2.4681622425116	0.0013163747566522	0.0	"lavaan->lav_object_post_check():  
   some estimated ov variances are negative"	F_SUD~~SCZ_PGC				ENDL2	END	ENDL2	custom	Endothelial Cells	True	0.000297619047619	0.0003225806451612	False	False	True	False	5.08130081300813e-05	False	False	False
exCA1L2	F_SUD	~~	SCZ_PGC	0.0026337382602017	0.761942050097373	8.27352760125452	2.27590786411575	0.0006970262623827	0.0	0	F_SUD~~SCZ_PGC				exCA1L2	exCA1	exCA1L2	custom	exCA1	True	0.000297619047619	0.0003225806451612	False	False	False	False	5.08130081300813e-05	False	True	False
exCA3L2	F_SUD	~~	SCZ_PGC	0.0027796172740105	0.717408219669533	7.68935539279771	2.34550718346685	0.0021723456272153	0.0	0	F_SUD~~SCZ_PGC				exCA3L2	exCA3	exCA3L2	custom	exCA3	True	0.000297619047619	0.0003225806451612	False	False	False	False	5.08130081300813e-05	False	True	False
exDGL2	F_SUD	~~	SCZ_PGC	0.001814298091627	0.55013010069921	7.88010944315511	2.32716699878222	0.0015561075850329	0.0	0	F_SUD~~SCZ_PGC				exDGL2	exDG	exDGL2	custom	exDG	True	0.000297619047619	0.0003225806451612	False	False	False	False	5.08130081300813e-05	False	True	False
exPFC1L2	F_SUD	~~	SCZ_PGC	0.002598141648289	0.754304713708172	7.55545121460009	2.45500732871492	0.0037898871345549	0.0	0	F_SUD~~SCZ_PGC				exPFC1L2	exPFC1	exPFC1L2	custom	exPFC1	True	0.000297619047619	0.0003225806451612	False	False	False	False	5.08130081300813e-05	False	True	False
exPFC2L2	F_SUD	~~	SCZ_PGC	0.0019894859181593	0.93809277302606	5.50563528783309	2.35456732043646	0.0278374004403429	0.0	0	F_SUD~~SCZ_PGC				exPFC2L2	exPFC2	exPFC2L2	custom	exPFC2	True	0.000297619047619	0.0003225806451612	False	False	False	False	5.08130081300813e-05	False	True	False
GABA1L2	F_SUD	~~	SCZ_PGC	0.0034829997369519	0.916053414245615	7.99467993767294	2.56557523511346	0.0032018622609288	0.0	"lavaan->lav_object_post_check():  
   some estimated ov variances are negative"	F_SUD~~SCZ_PGC				GABA1L2	GABA1	GABA1L2	custom	GABA1	True	0.000297619047619	0.0003225806451612	False	False	True	False	5.08130081300813e-05	False	False	False
GABA2L2	F_SUD	~~	SCZ_PGC	0.0039527958589845	1.06099477479216	8.7989075294571	2.49334173981325	0.0008803196952447	0.0	"lavaan->lav_object_post_check():  
   some estimated ov variances are negative"	F_SUD~~SCZ_PGC				GABA2L2	GABA2	GABA2L2	custom	GABA2	True	0.000297619047619	0.0003225806451612	False	False	True	False	5.08130081300813e-05	False	False	False
MGL2	F_SUD	~~	SCZ_PGC	0.0018985847098695	0.664440400745171	10.2741231775095	2.76418875950528	0.0003966848857518	0.0	0	F_SUD~~SCZ_PGC				MGL2	MG	MGL2	custom	Microglia	True	0.000297619047619	0.0003225806451612	False	False	False	False	5.08130081300813e-05	False	True	False
NSCL2	F_SUD	~~	SCZ_PGC	0.0038333970201918	0.709494858093175	9.57383243646194	2.89333102193989	0.0015217568136998	0.0	"lavaan->lav_object_post_check():  
   covariance matrix of latent variables is not positive definite ; use 
   lavInspect(fit, ""cov.lv"") to investigate."	F_SUD~~SCZ_PGC				NSCL2	NSC	NSCL2	custom	Neuronal Stem Cells	True	0.000297619047619	0.0003225806451612	False	False	True	False	5.08130081300813e-05	False	False	False
ODCL2	F_SUD	~~	SCZ_PGC	0.0059863918935142	2.02336096842665	8.4462323840003	2.88700176738161	0.0049510872388242	0.0	0	F_SUD~~SCZ_PGC				ODCL2	ODC	ODCL2	custom	Oligodendrocytes	True	0.000297619047619	0.0003225806451612	False	False	False	False	5.08130081300813e-05	False	True	False
OPCL2	F_SUD	~~	SCZ_PGC	0.002288610820054	0.670391259952655	10.7830667169312	2.56107418420315	6.67508406194324e-05	0.0	0	F_SUD~~SCZ_PGC				OPCL2	OPC	OPCL2	custom	Oligodendrocyte Precursor Cells	True	0.000297619047619	0.0003225806451612	True	True	False	False	5.08130081300813e-05	False	True	False
PI_x_ASC1L2	F_SUD	~~	SCZ_PGC	0.0008278004673837	0.791063285327052				0.0	"lavaan->lav_lavaan_step11_estoptim():  
   the optimizer warns that a solution has NOT been found!"	F_SUD~~SCZ_PGC				PI_x_ASC1L2	PI_x_ASC1	PI_x_ASC1L2	custom	PI x ASC1	True	0.000297619047619	0.0003225806451612	False	False	True	False	5.08130081300813e-05	False	False	False
PI_x_ASC2L2	F_SUD	~~	SCZ_PGC	0.0012563393082276	1.21775463583206	5.33371049057094	4.13562880581046	0.147343173149937	0.0	0	F_SUD~~SCZ_PGC				PI_x_ASC2L2	PI_x_ASC2	PI_x_ASC2L2	custom	PI x ASC2	True	0.000297619047619	0.0003225806451612	False	False	False	False	5.08130081300813e-05	False	True	False
PI_x_ENDL2	F_SUD	~~	SCZ_PGC	0.0006283690252347	0.749222712604719	9.47355371199873	4.17251183227168	0.0211374406437588	0.0	"lavaan->lav_object_post_check():  
   some estimated ov variances are negative"	F_SUD~~SCZ_PGC				PI_x_ENDL2	PI_x_END	PI_x_ENDL2	custom	PI x Endothelial Cells	True	0.000297619047619	0.0003225806451612	False	False	True	False	5.08130081300813e-05	False	False	False
PI_x_exCA1L2	F_SUD	~~	SCZ_PGC	0.0010569629331679	0.543258378260858	12.1253938467489	4.3230230036879	0.0050334655545564	0.0	0	F_SUD~~SCZ_PGC				PI_x_exCA1L2	PI_x_exCA1	PI_x_exCA1L2	custom	PI x exCA1	True	0.000297619047619	0.0003225806451612	False	False	False	False	5.08130081300813e-05	False	True	False
PI_x_exCA3L2	F_SUD	~~	SCZ_PGC	0.0003808499534889	0.370879389921652	14.1795304382842	4.36285100585834	0.0012603195658124	0.0	0	F_SUD~~SCZ_PGC				PI_x_exCA3L2	PI_x_exCA3	PI_x_exCA3L2	custom	PI x exCA3	True	0.000297619047619	0.0003225806451612	False	False	False	False	5.08130081300813e-05	False	True	False
PI_x_exDGL2	F_SUD	~~	SCZ_PGC	0.0010311319859897	0.722679120105401				0.0	"lavaan->lav_lavaan_step11_estoptim():  
   the optimizer warns that a solution has NOT been found!"	F_SUD~~SCZ_PGC				PI_x_exDGL2	PI_x_exDG	PI_x_exDGL2	custom	PI x exDG	True	0.000297619047619	0.0003225806451612	False	False	True	False	5.08130081300813e-05	False	False	False
PI_x_exPFC1L2	F_SUD	~~	SCZ_PGC	0.0013022367224113	0.66403014607535	12.1144564038223	4.02973802833379	0.0029068411479235	0.0	0	F_SUD~~SCZ_PGC				PI_x_exPFC1L2	PI_x_exPFC1	PI_x_exPFC1L2	custom	PI x exPFC1	True	0.000297619047619	0.0003225806451612	False	False	False	False	5.08130081300813e-05	False	True	False
PI_x_exPFC2L2	F_SUD	~~	SCZ_PGC	0.0009667642105995	0.596749027309259	7.27702589965537	4.07825225152058	0.06188432081659	0.0	0	F_SUD~~SCZ_PGC				PI_x_exPFC2L2	PI_x_exPFC2	PI_x_exPFC2L2	custom	PI x exPFC2	True	0.000297619047619	0.0003225806451612	False	False	False	False	5.08130081300813e-05	False	True	False
PI_x_GABA1L2	F_SUD	~~	SCZ_PGC	0.00125723217105	0.62300809682783	8.34648769085008	4.00687854367088	0.0333664255428581	0.0	"lavaan->lav_lavaan_step11_estoptim():  
   the optimizer (NLMINB) claimed the model converged, but not all elements 
   of the gradient are (near) zero; the optimizer may not have found a local 
   solution use check.gradient = FALSE to skip this check."	F_SUD~~SCZ_PGC				PI_x_GABA1L2	PI_x_GABA1	PI_x_GABA1L2	custom	PI x GABA1	True	0.000297619047619	0.0003225806451612	False	False	True	False	5.08130081300813e-05	False	False	False
PI_x_GABA2L2	F_SUD	~~	SCZ_PGC	0.0010193905886793	0.57537587468936	14.2861420267226	4.4747829384767	0.0014932973971673	0.0	0	F_SUD~~SCZ_PGC				PI_x_GABA2L2	PI_x_GABA2	PI_x_GABA2L2	custom	PI x GABA2	True	0.000297619047619	0.0003225806451612	False	False	False	False	5.08130081300813e-05	False	True	False
PI_x_MGL2	F_SUD	~~	SCZ_PGC	0.0012824853847695	1.34022240055243				0.0	"lavaan->lav_lavaan_step11_estoptim():  
   the optimizer warns that a solution has NOT been found!"	F_SUD~~SCZ_PGC				PI_x_MGL2	PI_x_MG	PI_x_MGL2	custom	PI x Microglia	True	0.000297619047619	0.0003225806451612	False	False	True	False	5.08130081300813e-05	False	False	False
PI_x_NSCL2	F_SUD	~~	SCZ_PGC	0.0016967269085307	1.68624232512762	19.1930898658756	5.45882877645453	0.0004299104118675	0.0	0	F_SUD~~SCZ_PGC				PI_x_NSCL2	PI_x_NSC	PI_x_NSCL2	custom	PI x Neuronal Stem Cells	True	0.000297619047619	0.0003225806451612	False	False	False	False	5.08130081300813e-05	False	True	False
PI_x_ODCL2	F_SUD	~~	SCZ_PGC	0.0021648941049414	1.50144421247781	11.2288899105542	6.01934169496519	0.0446278547501282	0.0	0	F_SUD~~SCZ_PGC				PI_x_ODCL2	PI_x_ODC	PI_x_ODCL2	custom	PI x Oligodendrocytes	True	0.000297619047619	0.0003225806451612	False	False	False	False	5.08130081300813e-05	False	True	False
PI_x_OPCL2	F_SUD	~~	SCZ_PGC	0.0013160561079839	0.85927148856195	15.6561466188417	4.37148001242131	0.0004001748305089	0.0	"lavaan->lav_object_post_check():  
   some estimated ov variances are negative"	F_SUD~~SCZ_PGC				PI_x_OPCL2	PI_x_OPC	PI_x_OPCL2	custom	PI x Oligodendrocyte Precursor Cells	True	0.000297619047619	0.0003225806451612	False	False	True	False	5.08130081300813e-05	False	False	False
baseL2	F_COMP	~~	SCZ_FG	0.0044864578534601	0.553055486273601	0.999998776153319	0.292759264894442	0.500001667732653	0.0	0	F_COMP~~SCZ_FG				baseL2	base	baseL2	baseline		True	0.000297619047619	0.0003225806451612	False	False	False	False	5.08130081300813e-05	False	True	False
Coding_UCSCL2	F_COMP	~~	SCZ_FG	0.0022827755901907	1.08387405548914	12.8719288554882	5.69899703011916	0.0186182713171575	0.0	"lavaan->lav_object_post_check():  
   some estimated ov variances are negative"	F_COMP~~SCZ_FG				Coding_UCSCL2	Coding_UCSC	Coding_UCSCL2	baseline		True	0.000297619047619	0.0003225806451612	False	False	True	False	5.08130081300813e-05	False	False	False
Conserved_LindbladTohL2	F_COMP	~~	SCZ_FG	0.0012163362979743	0.886434994517113	3.90630269716976	4.81940725379809	0.273240532763906	0.0	0	F_COMP~~SCZ_FG				Conserved_LindbladTohL2	Conserved_LindbladToh	Conserved_LindbladTohL2	baseline		True	0.000297619047619	0.0003225806451612	False	False	False	False	5.08130081300813e-05	False	True	False
CTCF_HoffmanL2	F_COMP	~~	SCZ_FG	0.0059946659506555	2.24458351170558	3.06343911529402	2.79358442550671	0.230064345335285	0.0	0	F_COMP~~SCZ_FG				CTCF_HoffmanL2	CTCF_Hoffman	CTCF_HoffmanL2	baseline		True	0.000297619047619	0.0003225806451612	False	False	False	False	5.08130081300813e-05	False	True	False
DGF_ENCODEL2	F_COMP	~~	SCZ_FG	0.0113375495533006	1.99245506590914	3.27488432383353	1.48547250836301	0.0628326446111792	0.0	"lavaan->lav_object_post_check():  
   some estimated ov variances are negative"	F_COMP~~SCZ_FG				DGF_ENCODEL2	DGF_ENCODE	DGF_ENCODEL2	baseline		True	0.000297619047619	0.0003225806451612	False	False	True	False	5.08130081300813e-05	False	False	False
DHS_peaks_TrynkaL2	F_COMP	~~	SCZ_FG	0.0059318516132404	1.0343057007056	0.95814087107171	1.83312538575671	0.509108992398535	0.0	0	F_COMP~~SCZ_FG				DHS_peaks_TrynkaL2	DHS_peaks_Trynka	DHS_peaks_TrynkaL2	baseline		True	0.000297619047619	0.0003225806451612	False	False	False	False	5.08130081300813e-05	False	True	False
DHS_TrynkaL2	F_COMP	~~	SCZ_FG	0.0040586564102954	0.723598726178784	1.26821139058376	1.31023951244947	0.418901661314766	0.0	0	F_COMP~~SCZ_FG				DHS_TrynkaL2	DHS_Trynka	DHS_TrynkaL2	baseline		True	0.000297619047619	0.0003225806451612	False	False	False	False	5.08130081300813e-05	False	True	False
Enhancer_AnderssonL2	F_COMP	~~	SCZ_FG	0.0010098757347192	1.48817676810926				0.0	"lavaan->lav_lavaan_step11_estoptim():  
   the optimizer warns that a solution has NOT been found!"	F_COMP~~SCZ_FG				Enhancer_AnderssonL2	Enhancer_Andersson	Enhancer_AnderssonL2	baseline		True	0.000297619047619	0.0003225806451612	False	False	True	False	5.08130081300813e-05	False	False	False
Enhancer_HoffmanL2	F_COMP	~~	SCZ_FG	0.0009640327837785	1.27677695696508	1.26370666588602	1.63062164577517	0.435762565325773	0.0	0	F_COMP~~SCZ_FG				Enhancer_HoffmanL2	Enhancer_Hoffman	Enhancer_HoffmanL2	baseline		True	0.000297619047619	0.0003225806451612	False	False	False	False	5.08130081300813e-05	False	True	False
FetalDHS_TrynkaL2	F_COMP	~~	SCZ_FG	0.0038462770158872	0.940390543421378	-1.1651110093067	1.93452392914563	0.868471686374341	0.0	"lavaan->lav_object_post_check():  
   some estimated ov variances are negative"	F_COMP~~SCZ_FG				FetalDHS_TrynkaL2	FetalDHS_Trynka	FetalDHS_TrynkaL2	baseline		True	0.000297619047619	0.0003225806451612	False	False	True	False	5.08130081300813e-05	False	False	False
H3K27ac_HniszL2	F_COMP	~~	SCZ_FG	0.0025890897371035	0.526129781223725	1.47722489574595	0.473791578870256	0.156908173172331	0.0	0	F_COMP~~SCZ_FG				H3K27ac_HniszL2	H3K27ac_Hnisz	H3K27ac_HniszL2	baseline		True	0.000297619047619	0.0003225806451612	False	False	False	False	5.08130081300813e-05	False	True	False
H3K27ac_PGC2L2	F_COMP	~~	SCZ_FG	0.001572840207382	0.438182427416718	1.38047545649139	0.579525794980242	0.255741926312233	0.0	0	F_COMP~~SCZ_FG				H3K27ac_PGC2L2	H3K27ac_PGC2	H3K27ac_PGC2L2	baseline		True	0.000297619047619	0.0003225806451612	False	False	False	False	5.08130081300813e-05	False	True	False
H3K4me1_peaks_TrynkaL2	F_COMP	~~	SCZ_FG	0.0046815868517883	0.755868946805573	3.90056187666657	1.13566394100772	0.0053236372189679	0.0	"lavaan->lav_object_post_check():  
   some estimated ov variances are negative"	F_COMP~~SCZ_FG				H3K4me1_peaks_TrynkaL2	H3K4me1_peaks_Trynka	H3K4me1_peaks_TrynkaL2	baseline		True	0.000297619047619	0.0003225806451612	False	False	True	False	5.08130081300813e-05	False	False	False
H3K4me1_TrynkaL2	F_COMP	~~	SCZ_FG	0.0038393373876836	0.634694022064577	1.44140446074221	0.573157825859056	0.220612206251766	0.0	0	F_COMP~~SCZ_FG				H3K4me1_TrynkaL2	H3K4me1_Trynka	H3K4me1_TrynkaL2	baseline		True	0.000297619047619	0.0003225806451612	False	False	False	False	5.08130081300813e-05	False	True	False
H3K4me3_peaks_TrynkaL2	F_COMP	~~	SCZ_FG	0.0018594257348432	0.690831278375265	1.40768038355171	2.48508029121294	0.434845422211549	0.0	"lavaan->lav_object_post_check():  
   covariance matrix of latent variables is not positive definite ; use 
   lavInspect(fit, ""cov.lv"") to investigate."	F_COMP~~SCZ_FG				H3K4me3_peaks_TrynkaL2	H3K4me3_peaks_Trynka	H3K4me3_peaks_TrynkaL2	baseline		True	0.000297619047619	0.0003225806451612	False	False	True	False	5.08130081300813e-05	False	False	False
H3K4me3_TrynkaL2	F_COMP	~~	SCZ_FG	0.0032638616278994	0.93088162780643	2.26758778650461	0.86724884438073	0.0719227595304765	0.0	0	F_COMP~~SCZ_FG				H3K4me3_TrynkaL2	H3K4me3_Trynka	H3K4me3_TrynkaL2	baseline		True	0.000297619047619	0.0003225806451612	False	False	False	False	5.08130081300813e-05	False	True	False
H3K9ac_peaks_TrynkaL2	F_COMP	~~	SCZ_FG	0.0037959926362376	1.46994586872298	4.45717697209363	2.63775788754883	0.0949880450390566	0.0	"lavaan->lav_object_post_check():  
   some estimated ov variances are negative"	F_COMP~~SCZ_FG				H3K9ac_peaks_TrynkaL2	H3K9ac_peaks_Trynka	H3K9ac_peaks_TrynkaL2	baseline		True	0.000297619047619	0.0003225806451612	False	False	True	False	5.08130081300813e-05	False	False	False
H3K9ac_TrynkaL2	F_COMP	~~	SCZ_FG	0.0029960754371585	0.81368217138709	2.88718356121838	0.994742382529689	0.0289035379758933	0.0	0	F_COMP~~SCZ_FG				H3K9ac_TrynkaL2	H3K9ac_Trynka	H3K9ac_TrynkaL2	baseline		True	0.000297619047619	0.0003225806451612	False	False	False	False	5.08130081300813e-05	False	True	False
Intron_UCSCL2	F_COMP	~~	SCZ_FG	0.0025956693040877	0.532792747025948	1.14174751606783	0.465506006975789	0.38037272978044	0.0	0	F_COMP~~SCZ_FG				Intron_UCSCL2	Intron_UCSC	Intron_UCSCL2	baseline		True	0.000297619047619	0.0003225806451612	False	False	False	False	5.08130081300813e-05	False	True	False
PromoterFlanking_HoffmanL2	F_COMP	~~	SCZ_FG	0.0011233910785044	1.01004509225563				0.0	"lavaan->lav_lavaan_step11_estoptim():  
   the optimizer warns that a solution has NOT been found!"	F_COMP~~SCZ_FG				PromoterFlanking_HoffmanL2	PromoterFlanking_Hoffman	PromoterFlanking_HoffmanL2	baseline		True	0.000297619047619	0.0003225806451612	False	False	True	False	5.08130081300813e-05	False	False	False
Promoter_UCSCL2	F_COMP	~~	SCZ_FG	0.0011094520639583	1.15195001492418	2.58856224340006	1.30973596905178	0.112586438379709	0.0	0	F_COMP~~SCZ_FG				Promoter_UCSCL2	Promoter_UCSC	Promoter_UCSCL2	baseline		True	0.000297619047619	0.0003225806451612	False	False	False	False	5.08130081300813e-05	False	True	False
Repressed_HoffmanL2	F_COMP	~~	SCZ_FG	0.0004673297802173	0.503045785776127	0.853612124893527	0.292269929798477	0.691767048352192	0.0	"lavaan->lav_object_post_check():  
   some estimated ov variances are negative"	F_COMP~~SCZ_FG				Repressed_HoffmanL2	Repressed_Hoffman	Repressed_HoffmanL2	baseline		True	0.000297619047619	0.0003225806451612	False	False	True	False	5.08130081300813e-05	False	False	False
SuperEnhancer_HniszL2	F_COMP	~~	SCZ_FG	0.0012294782201081	0.499863024109891	1.76012299604035	0.529488776824815	0.0755610795918104	0.0	"lavaan->lav_object_post_check():  
   some estimated ov variances are negative"	F_COMP~~SCZ_FG				SuperEnhancer_HniszL2	SuperEnhancer_Hnisz	SuperEnhancer_HniszL2	baseline		True	0.000297619047619	0.0003225806451612	False	False	True	False	5.08130081300813e-05	False	False	False
TFBS_ENCODEL2	F_COMP	~~	SCZ_FG	0.0025358215358161	0.797809639974368	2.43748706212649	1.17479471635603	0.11055025503968	0.0	0	F_COMP~~SCZ_FG				TFBS_ENCODEL2	TFBS_ENCODE	TFBS_ENCODEL2	baseline		True	0.000297619047619	0.0003225806451612	False	False	False	False	5.08130081300813e-05	False	True	False
Transcr_HoffmanL2	F_COMP	~~	SCZ_FG	0.0036231066842596	0.895862578496535	1.12318590367784	0.457628559191014	0.393894367577907	0.0	0	F_COMP~~SCZ_FG				Transcr_HoffmanL2	Transcr_Hoffman	Transcr_HoffmanL2	baseline		True	0.000297619047619	0.0003225806451612	False	False	False	False	5.08130081300813e-05	False	True	False
TSS_HoffmanL2	F_COMP	~~	SCZ_FG	0.0007180745333636	1.47145927695137	5.51524675326875	2.70928712311428	0.0477988633596159	0.0	0	F_COMP~~SCZ_FG				TSS_HoffmanL2	TSS_Hoffman	TSS_HoffmanL2	baseline		True	0.000297619047619	0.0003225806451612	False	False	False	False	5.08130081300813e-05	False	True	False
UTR_3_UCSCL2	F_COMP	~~	SCZ_FG	0.001549689621306	1.27024450017337	15.1879773929552	4.92202614378278	0.0019723641630862	0.0	"lavaan->lav_object_post_check():  
   covariance matrix of latent variables is not positive definite ; use 
   lavInspect(fit, ""cov.lv"") to investigate."	F_COMP~~SCZ_FG				UTR_3_UCSCL2	UTR_3_UCSC	UTR_3_UCSCL2	baseline		True	0.000297619047619	0.0003225806451612	False	False	True	False	5.08130081300813e-05	False	False	False
UTR_5_UCSCL2	F_COMP	~~	SCZ_FG	0.0011173701728838	1.96657381950921				0.0	"lavaan->lav_lavaan_step11_estoptim():  
   the optimizer warns that a solution has NOT been found!"	F_COMP~~SCZ_FG				UTR_5_UCSCL2	UTR_5_UCSC	UTR_5_UCSCL2	baseline		True	0.000297619047619	0.0003225806451612	False	False	True	False	5.08130081300813e-05	False	False	False
WeakEnhancer_HoffmanL2	F_COMP	~~	SCZ_FG	0.002618274041366	1.82910160206737	2.0691440794126	3.34932524992389	0.374782961849288	0.0	"lavaan->lav_object_post_check():  
   covariance matrix of latent variables is not positive definite ; use 
   lavInspect(fit, ""cov.lv"") to investigate."	F_COMP~~SCZ_FG				WeakEnhancer_HoffmanL2	WeakEnhancer_Hoffman	WeakEnhancer_HoffmanL2	baseline		True	0.000297619047619	0.0003225806451612	False	False	True	False	5.08130081300813e-05	False	False	False
GERP.RSsup4L2	F_COMP	~~	SCZ_FG	0.0003877569119313	0.543969559960348	5.80628873583172	9.13524252097056	0.299400327540125	0.0	"lavaan->lav_object_post_check():  
   some estimated ov variances are negative"	F_COMP~~SCZ_FG				GERP.RSsup4L2	GERP.RSsup4	GERP.RSsup4L2	baseline		True	0.000297619047619	0.0003225806451612	False	False	True	False	5.08130081300813e-05	False	False	False
MAFbin1L2	F_COMP	~~	SCZ_FG	0.0006863383183459	1.11772319176985				0.0	"lavaan->lav_lavaan_step11_estoptim():  
   the optimizer warns that a solution has NOT been found!"	F_COMP~~SCZ_FG				MAFbin1L2	MAFbin1	MAFbin1L2	baseline		True	0.000297619047619	0.0003225806451612	False	False	True	False	5.08130081300813e-05	False	False	False
MAFbin2L2	F_COMP	~~	SCZ_FG	0.000485331559693	0.636209922771691	0.776534266350703	0.277132390846944	0.789979497429606	0.0	"lavaan->lav_lavaan_step11_estoptim():  
   the optimizer (NLMINB) claimed the model converged, but not all elements 
   of the gradient are (near) zero; the optimizer may not have found a local 
   solution use check.gradient = FALSE to skip this check."	F_COMP~~SCZ_FG				MAFbin2L2	MAFbin2	MAFbin2L2	baseline		True	0.000297619047619	0.0003225806451612	False	False	True	False	5.08130081300813e-05	False	False	False
MAFbin3L2	F_COMP	~~	SCZ_FG	0.0015869610761194	1.96497687169843	0.0555857585702443	0.344779314556248	0.996920412442334	0.0	"lavaan->lav_object_post_check():  
   some estimated ov variances are negative"	F_COMP~~SCZ_FG				MAFbin3L2	MAFbin3	MAFbin3L2	baseline		True	0.000297619047619	0.0003225806451612	False	False	True	False	5.08130081300813e-05	False	False	False
MAFbin4L2	F_COMP	~~	SCZ_FG	0.0004725631003971	0.662121827380395	1.22218118212592	0.374071428171551	0.276271474831123	0.0	"lavaan->lav_lavaan_step11_estoptim():  
   the optimizer (NLMINB) claimed the model converged, but not all elements 
   of the gradient are (near) zero; the optimizer may not have found a local 
   solution use check.gradient = FALSE to skip this check."	F_COMP~~SCZ_FG				MAFbin4L2	MAFbin4	MAFbin4L2	baseline		True	0.000297619047619	0.0003225806451612	False	False	True	False	5.08130081300813e-05	False	False	False
MAFbin5L2	F_COMP	~~	SCZ_FG	0.0002209457335289	0.574463842787965				0.0	"lavaan->lav_lavaan_step11_estoptim():  
   the optimizer warns that a solution has NOT been found!"	F_COMP~~SCZ_FG				MAFbin5L2	MAFbin5	MAFbin5L2	baseline		True	0.000297619047619	0.0003225806451612	False	False	True	False	5.08130081300813e-05	False	False	False
MAFbin6L2	F_COMP	~~	SCZ_FG	0.0004555057663532	0.385666922344159				0.0	"lavaan->lav_lavaan_step11_estoptim():  
   the optimizer warns that a solution has NOT been found!"	F_COMP~~SCZ_FG				MAFbin6L2	MAFbin6	MAFbin6L2	baseline		True	0.000297619047619	0.0003225806451612	False	False	True	False	5.08130081300813e-05	False	False	False
MAFbin7L2	F_COMP	~~	SCZ_FG	0.0009669896329175	0.927371376789053	1.15333327810174	0.44392390442428	0.364895177903979	0.0	"lavaan->lav_lavaan_step11_estoptim():  
   the optimizer (NLMINB) claimed the model converged, but not all elements 
   of the gradient are (near) zero; the optimizer may not have found a local 
   solution use check.gradient = FALSE to skip this check."	F_COMP~~SCZ_FG				MAFbin7L2	MAFbin7	MAFbin7L2	baseline		True	0.000297619047619	0.0003225806451612	False	False	True	False	5.08130081300813e-05	False	False	False
MAFbin8L2	F_COMP	~~	SCZ_FG	0.0001192786812402	0.303235534581447	0.806696514635556	0.504529456002925	0.649190600283627	0.0	"lavaan->lav_object_post_check():  
   some estimated ov variances are negative"	F_COMP~~SCZ_FG				MAFbin8L2	MAFbin8	MAFbin8L2	baseline		True	0.000297619047619	0.0003225806451612	False	False	True	False	5.08130081300813e-05	False	False	False
MAFbin9L2	F_COMP	~~	SCZ_FG	0.000405947985995	0.493011158906194	1.76482382130309	0.441933207213268	0.0417586959088416	0.0	"lavaan->lav_object_post_check():  
   some estimated ov variances are negative"	F_COMP~~SCZ_FG				MAFbin9L2	MAFbin9	MAFbin9L2	baseline		True	0.000297619047619	0.0003225806451612	False	False	True	False	5.08130081300813e-05	False	False	False
MAFbin10L2	F_COMP	~~	SCZ_FG	0.0011500562259995	0.894354986160682	1.37200905901687	0.466745996555672	0.212717739007648	0.0	0	F_COMP~~SCZ_FG				MAFbin10L2	MAFbin10	MAFbin10L2	baseline		True	0.000297619047619	0.0003225806451612	False	False	False	False	5.08130081300813e-05	False	True	False
synonymousL2	F_COMP	~~	SCZ_FG	0.0023042794132926	1.53381400287379	8.8596223889203	19.5851614288456	0.344097806784323	0.0	0	F_COMP~~SCZ_FG				synonymousL2	synonymous	synonymousL2	baseline		True	0.000297619047619	0.0003225806451612	False	False	False	False	5.08130081300813e-05	False	True	False
non_synonymousL2	F_COMP	~~	SCZ_FG	0.0038603365209715	1.9326560131179				0.0	"lavaan->lav_lavaan_step11_estoptim():  
   the optimizer warns that a solution has NOT been found!"	F_COMP~~SCZ_FG				non_synonymousL2	non_synonymous	non_synonymousL2	baseline		True	0.000297619047619	0.0003225806451612	False	False	True	False	5.08130081300813e-05	False	False	False
Conserved_Vertebrate_phastCons46wayL2	F_COMP	~~	SCZ_FG	0.0025618430720753	1.21851881667094	2.16918067085145	3.41500259749525	0.366037748053437	0.0	0	F_COMP~~SCZ_FG				Conserved_Vertebrate_phastCons46wayL2	Conserved_Vertebrate_phastCons46way	Conserved_Vertebrate_phastCons46wayL2	baseline		True	0.000297619047619	0.0003225806451612	False	False	False	False	5.08130081300813e-05	False	True	False
Conserved_Mammal_phastCons46wayL2	F_COMP	~~	SCZ_FG	0.0015906496611494	0.959379974568477	5.34518571572666	5.02869134464186	0.193772294784391	0.0	0	F_COMP~~SCZ_FG				Conserved_Mammal_phastCons46wayL2	Conserved_Mammal_phastCons46way	Conserved_Mammal_phastCons46wayL2	baseline		True	0.000297619047619	0.0003225806451612	False	False	False	False	5.08130081300813e-05	False	True	False
Conserved_Primate_phastCons46wayL2	F_COMP	~~	SCZ_FG	0.0018023522184431	0.915056725092975	5.64831212406699	5.47619167319475	0.197990165334744	0.0	0	F_COMP~~SCZ_FG				Conserved_Primate_phastCons46wayL2	Conserved_Primate_phastCons46way	Conserved_Primate_phastCons46wayL2	baseline		True	0.000297619047619	0.0003225806451612	False	False	False	False	5.08130081300813e-05	False	True	False
BivFlnkL2	F_COMP	~~	SCZ_FG	0.0005076276028514	1.34649825530455				0.0	"lavaan->lav_lavaan_step11_estoptim():  
   the optimizer warns that a solution has NOT been found!"	F_COMP~~SCZ_FG				BivFlnkL2	BivFlnk	BivFlnkL2	baseline		True	0.000297619047619	0.0003225806451612	False	False	True	False	5.08130081300813e-05	False	False	False
Human_Promoter_VillarL2	F_COMP	~~	SCZ_FG	0.0016131632585104	1.12223328815639				0.0	"lavaan->lav_lavaan_step11_estoptim():  
   the optimizer warns that a solution has NOT been found!"	F_COMP~~SCZ_FG				Human_Promoter_VillarL2	Human_Promoter_Villar	Human_Promoter_VillarL2	baseline		True	0.000297619047619	0.0003225806451612	False	False	True	False	5.08130081300813e-05	False	False	False
Human_Enhancer_VillarL2	F_COMP	~~	SCZ_FG	0.0015638517882161	1.14148531695399	3.45273996753114	1.29356420698221	0.0289727533917665	0.0	"lavaan->lav_object_post_check():  
   covariance matrix of latent variables is not positive definite ; use 
   lavInspect(fit, ""cov.lv"") to investigate."	F_COMP~~SCZ_FG				Human_Enhancer_VillarL2	Human_Enhancer_Villar	Human_Enhancer_VillarL2	baseline		True	0.000297619047619	0.0003225806451612	False	False	True	False	5.08130081300813e-05	False	False	False
Ancient_Sequence_Age_Human_PromoterL2	F_COMP	~~	SCZ_FG	0.0003287332591455	1.37555605766172	-1.71852466110634	6.78803429130799	0.655601352228874	0.0	0	F_COMP~~SCZ_FG				Ancient_Sequence_Age_Human_PromoterL2	Ancient_Sequence_Age_Human_Promoter	Ancient_Sequence_Age_Human_PromoterL2	baseline		True	0.000297619047619	0.0003225806451612	False	False	False	False	5.08130081300813e-05	False	True	False
Ancient_Sequence_Age_Human_EnhancerL2	F_COMP	~~	SCZ_FG	0.003504797560559	1.65792602715136	11.0252861373316	8.43034113719539	0.117182249940948	0.0	"lavaan->lav_object_post_check():  
   covariance matrix of latent variables is not positive definite ; use 
   lavInspect(fit, ""cov.lv"") to investigate."	F_COMP~~SCZ_FG				Ancient_Sequence_Age_Human_EnhancerL2	Ancient_Sequence_Age_Human_Enhancer	Ancient_Sequence_Age_Human_EnhancerL2	baseline		True	0.000297619047619	0.0003225806451612	False	False	True	False	5.08130081300813e-05	False	False	False
Human_Promoter_Villar_ExACL2	F_COMP	~~	SCZ_FG	0.0006255098946711	1.20271764783047	13.1342481719432	7.34158195207111	0.0491846567402314	0.0	"lavaan->lav_object_post_check():  
   some estimated ov variances are negative"	F_COMP~~SCZ_FG				Human_Promoter_Villar_ExACL2	Human_Promoter_Villar_ExAC	Human_Promoter_Villar_ExACL2	baseline		True	0.000297619047619	0.0003225806451612	False	False	True	False	5.08130081300813e-05	False	False	False
Franke.13.	F_COMP	~~	SCZ_FG	0.002698278221521	0.952680890491444	1.77343943662423	0.566499410214921	0.0860800018013749	0.0	0	F_COMP~~SCZ_FG				Franke.13.	Franke.13.	Franke.13.	expression	Brain Stem	True	0.000297619047619	0.0003225806451612	False	False	False	False	5.08130081300813e-05	False	True	False
Franke.14.	F_COMP	~~	SCZ_FG	0.0027654529600308	0.840589401545504	1.53190698325725	0.579581669802151	0.179376731755779	0.0	0	F_COMP~~SCZ_FG				Franke.14.	Franke.14.	Franke.14.	expression	Whole Brain	True	0.000297619047619	0.0003225806451612	False	False	False	False	5.08130081300813e-05	False	True	False
Franke.31.	F_COMP	~~	SCZ_FG	0.0014396331109608	0.84699715722659	1.7715097162721	0.518261438772778	0.0682898232850687	0.0	0	F_COMP~~SCZ_FG				Franke.31.	Franke.31.	Franke.31.	expression	Epidermis	True	0.000297619047619	0.0003225806451612	False	False	False	False	5.08130081300813e-05	False	True	False
Franke.39.	F_COMP	~~	SCZ_FG	0.0015340809308177	0.778565913260909	1.51382718784285	0.500271409084514	0.152187431168656	0.0	0	F_COMP~~SCZ_FG				Franke.39.	Franke.39.	Franke.39.	expression	Fibroblasts	True	0.000297619047619	0.0003225806451612	False	False	False	False	5.08130081300813e-05	False	True	False
Franke.30.	F_COMP	~~	SCZ_FG	0.0016124704954196	0.909716018954783	1.54420808747085	0.558597289220527	0.164968576556767	0.0	0	F_COMP~~SCZ_FG				Franke.30.	Franke.30.	Franke.30.	expression	Epithelial Cells	True	0.000297619047619	0.0003225806451612	False	False	False	False	5.08130081300813e-05	False	True	False
Franke.147.	F_COMP	~~	SCZ_FG	0.0013390571650117	0.754361140761138	1.45126836208071	0.506258258976873	0.186362737875892	0.0	0	F_COMP~~SCZ_FG				Franke.147.	Franke.147.	Franke.147.	expression	Embryoid Bodies	True	0.000297619047619	0.0003225806451612	False	False	False	False	5.08130081300813e-05	False	True	False
GTEx.1.	F_COMP	~~	SCZ_FG	0.0017518557345808	0.68759234439361	1.426896312104	0.486915252323384	0.190314922909142	0.0	0	F_COMP~~SCZ_FG				GTEx.1.	GTEx.1.	GTEx.1.	expression	Adipose Subcutaneous	True	0.000297619047619	0.0003225806451612	False	False	False	False	5.08130081300813e-05	False	True	False
GTEx.8.	F_COMP	~~	SCZ_FG	0.0030124860906177	0.899276672893501	1.48843812837568	0.51628139543211	0.17205654642264	0.0	0	F_COMP~~SCZ_FG				GTEx.8.	GTEx.8.	GTEx.8.	expression	Amygdala	True	0.000297619047619	0.0003225806451612	False	False	False	False	5.08130081300813e-05	False	True	False
GTEx.9.	F_COMP	~~	SCZ_FG	0.002846819584011	0.819752052453827	1.60469205948521	0.528026891755389	0.126064859996298	0.0	0	F_COMP~~SCZ_FG				GTEx.9.	GTEx.9.	GTEx.9.	expression	Cingulate Cortex	True	0.000297619047619	0.0003225806451612	False	False	False	False	5.08130081300813e-05	False	True	False
GTEx.10.	F_COMP	~~	SCZ_FG	0.0028020659933439	0.875552399446259	1.48889382192022	0.511794793048017	0.169724731304701	0.0	0	F_COMP~~SCZ_FG				GTEx.10.	GTEx.10.	GTEx.10.	expression	Caudate	True	0.000297619047619	0.0003225806451612	False	False	False	False	5.08130081300813e-05	False	True	False
GTEx.11.	F_COMP	~~	SCZ_FG	0.0020842071487621	0.688609545645212	1.75614619032489	0.555469922531553	0.086713721084628	0.0	0	F_COMP~~SCZ_FG				GTEx.11.	GTEx.11.	GTEx.11.	expression	Cerebellar Hemispher	True	0.000297619047619	0.0003225806451612	False	False	False	False	5.08130081300813e-05	False	True	False
GTEx.12.	F_COMP	~~	SCZ_FG	0.0021794827237458	0.735868137761171	1.63690876485189	0.55456661797775	0.12538519688454	0.0	0	F_COMP~~SCZ_FG				GTEx.12.	GTEx.12.	GTEx.12.	expression	Cerebellum	True	0.000297619047619	0.0003225806451612	False	False	False	False	5.08130081300813e-05	False	True	False
GTEx.13.	F_COMP	~~	SCZ_FG	0.0028529091756667	0.831176902768933	1.61500553998956	0.540993344126375	0.127809287476272	0.0	0	F_COMP~~SCZ_FG				GTEx.13.	GTEx.13.	GTEx.13.	expression	Cortex	True	0.000297619047619	0.0003225806451612	False	False	False	False	5.08130081300813e-05	False	True	False
GTEx.14.	F_COMP	~~	SCZ_FG	0.0028145240773693	0.804367128549323	1.68547731147817	0.533040655569635	0.0992257773511411	0.0	0	F_COMP~~SCZ_FG				GTEx.14.	GTEx.14.	GTEx.14.	expression	Frontal Cortex	True	0.000297619047619	0.0003225806451612	False	False	False	False	5.08130081300813e-05	False	True	False
GTEx.15.	F_COMP	~~	SCZ_FG	0.0031818628957004	0.931993544257991	1.67790961251336	0.525723185755605	0.0986156064120471	0.0	0	F_COMP~~SCZ_FG				GTEx.15.	GTEx.15.	GTEx.15.	expression	Hippocampus	True	0.000297619047619	0.0003225806451612	False	False	False	False	5.08130081300813e-05	False	True	False
GTEx.16.	F_COMP	~~	SCZ_FG	0.0031248172578347	0.959204345766229	1.55728225919724	0.495905938363638	0.130556143094897	0.0	0	F_COMP~~SCZ_FG				GTEx.16.	GTEx.16.	GTEx.16.	expression	Hypothalamus	True	0.000297619047619	0.0003225806451612	False	False	False	False	5.08130081300813e-05	False	True	False
GTEx.17.	F_COMP	~~	SCZ_FG	0.0026054745120465	0.801342107508905	1.56064779517734	0.507568644512993	0.134671826194328	0.0	0	F_COMP~~SCZ_FG				GTEx.17.	GTEx.17.	GTEx.17.	expression	Nucleus Accumbens	True	0.000297619047619	0.0003225806451612	False	False	False	False	5.08130081300813e-05	False	True	False
GTEx.18.	F_COMP	~~	SCZ_FG	0.0028866968584298	0.898246883542066	1.50564072823795	0.515149305267278	0.163162743290397	0.0	0	F_COMP~~SCZ_FG				GTEx.18.	GTEx.18.	GTEx.18.	expression	Putamen	True	0.000297619047619	0.0003225806451612	False	False	False	False	5.08130081300813e-05	False	True	False
GTEx.19.	F_COMP	~~	SCZ_FG	0.0035909161874511	1.1918722570638	1.58913395481197	0.509184996234933	0.123633406298052	0.0	0	F_COMP~~SCZ_FG				GTEx.19.	GTEx.19.	GTEx.19.	expression	Spinal Cord	True	0.000297619047619	0.0003225806451612	False	False	False	False	5.08130081300813e-05	False	True	False
GTEx.20.	F_COMP	~~	SCZ_FG	0.0033062428625861	1.05794570207836	1.59761094069666	0.508421080091665	0.119912326812349	0.0	0	F_COMP~~SCZ_FG				GTEx.20.	GTEx.20.	GTEx.20.	expression	Substantia Nigra	True	0.000297619047619	0.0003225806451612	False	False	False	False	5.08130081300813e-05	False	True	False
Franke.152.	F_COMP	~~	SCZ_FG	0.0020853583402986	1.0956654242761	1.60388420820629	0.486094622640532	0.107059587065531	0.0	0	F_COMP~~SCZ_FG				Franke.152.	Franke.152.	Franke.152.	expression	Endocrine Cells	True	0.000297619047619	0.0003225806451612	False	False	False	False	5.08130081300813e-05	False	True	False
GTEx.40.	F_COMP	~~	SCZ_FG	0.0016477368284261	0.722399764878226	1.55321938866912	0.508402038392988	0.138263704260778	0.0	0	F_COMP~~SCZ_FG				GTEx.40.	GTEx.40.	GTEx.40.	expression	Ovary	True	0.000297619047619	0.0003225806451612	False	False	False	False	5.08130081300813e-05	False	True	False
GTEx.42.	F_COMP	~~	SCZ_FG	0.0015986919351405	0.711236909601761	1.42108878011624	0.498705504135156	0.199233125142784	0.0	0	F_COMP~~SCZ_FG				GTEx.42.	GTEx.42.	GTEx.42.	expression	Pituitary	True	0.000297619047619	0.0003225806451612	False	False	False	False	5.08130081300813e-05	False	True	False
GTEx.49.	F_COMP	~~	SCZ_FG	0.0009998518172091	0.663178296492154	0.857764843524515	0.311193003739937	0.676187520713062	0.0	0	F_COMP~~SCZ_FG				GTEx.49.	GTEx.49.	GTEx.49.	expression	Testis	True	0.000297619047619	0.0003225806451612	False	False	False	False	5.08130081300813e-05	False	True	False
Roadmap.224.	F_COMP	~~	SCZ_FG	0.0011975333123274	0.761399680108502	0.929110138204599	1.27801166587422	0.522117534691664	0.0	0	F_COMP~~SCZ_FG				Roadmap.224.	Roadmap.224.	Roadmap.224.	chromatin	Adipose Nuclei H3K4me1	True	0.000297619047619	0.0003225806451612	False	False	False	False	5.08130081300813e-05	False	True	False
Roadmap.60.	F_COMP	~~	SCZ_FG	0.0018829633302267	1.30375517553665	1.2033143476776	2.25027109989944	0.464004128569806	0.0	0	F_COMP~~SCZ_FG				Roadmap.60.	Roadmap.60.	Roadmap.60.	chromatin	Angular Gyrus H3K27ac	True	0.000297619047619	0.0003225806451612	False	False	False	False	5.08130081300813e-05	False	True	False
Roadmap.139.	F_COMP	~~	SCZ_FG	0.001743777098162	0.955430537276102	7.86209823901444	3.42512239826048	0.0225639290113502	0.0	"lavaan->lav_object_post_check():  
   covariance matrix of latent variables is not positive definite ; use 
   lavInspect(fit, ""cov.lv"") to investigate."	F_COMP~~SCZ_FG				Roadmap.139.	Roadmap.139.	Roadmap.139.	chromatin	Angular Gyrus H3K36me3	True	0.000297619047619	0.0003225806451612	False	False	True	False	5.08130081300813e-05	False	False	False
Roadmap.227.	F_COMP	~~	SCZ_FG	0.0017486412300502	0.998187448798432	-0.142001126211853	2.41448049922108	0.681886296607557	0.0	0	F_COMP~~SCZ_FG				Roadmap.227.	Roadmap.227.	Roadmap.227.	chromatin	Angular Gyrus H3K4me1	True	0.000297619047619	0.0003225806451612	False	False	False	False	5.08130081300813e-05	False	True	False
Roadmap.315.	F_COMP	~~	SCZ_FG	0.0016272345023517	1.30667984867258	1.21369974769601	3.40073207459728	0.474947220816355	0.0	"lavaan->lav_object_post_check():  
   some estimated ov variances are negative"	F_COMP~~SCZ_FG				Roadmap.315.	Roadmap.315.	Roadmap.315.	chromatin	Angular Gyrus H3K4me3	True	0.000297619047619	0.0003225806451612	False	False	True	False	5.08130081300813e-05	False	False	False
Roadmap.373.	F_COMP	~~	SCZ_FG	0.0033905608394373	1.79991374711383	4.35886054976968	3.51855976769144	0.169886888910919	0.0	0	F_COMP~~SCZ_FG				Roadmap.373.	Roadmap.373.	Roadmap.373.	chromatin	Angular Gyrus H3K9ac	True	0.000297619047619	0.0003225806451612	False	False	False	False	5.08130081300813e-05	False	True	False
Roadmap.61.	F_COMP	~~	SCZ_FG	0.0003368566194875	0.337159807091631	3.56803261765853	1.67037036947666	0.0620973114081045	0.0	0	F_COMP~~SCZ_FG				Roadmap.61.	Roadmap.61.	Roadmap.61.	chromatin	Anterior Caudate H3K27ac	True	0.000297619047619	0.0003225806451612	False	False	False	False	5.08130081300813e-05	False	True	False
Roadmap.140.	F_COMP	~~	SCZ_FG	0.0025532785833483	1.04070050551222	4.1871249036327	2.14262257298195	0.0684430135933605	0.0	0	F_COMP~~SCZ_FG				Roadmap.140.	Roadmap.140.	Roadmap.140.	chromatin	Anterior Caudate H3K36me3	True	0.000297619047619	0.0003225806451612	False	False	False	False	5.08130081300813e-05	False	True	False
Roadmap.228.	F_COMP	~~	SCZ_FG	0.003939717991036	1.77244242563049	1.81379050124618	2.15197005438287	0.352655609299963	0.0	0	F_COMP~~SCZ_FG				Roadmap.228.	Roadmap.228.	Roadmap.228.	chromatin	Anterior Caudate H3K4me1	True	0.000297619047619	0.0003225806451612	False	False	False	False	5.08130081300813e-05	False	True	False
Roadmap.316.	F_COMP	~~	SCZ_FG	0.0020726412904307	1.259735316364	3.0631656581257	3.25961721716647	0.263384054953418	0.0	"lavaan->lav_object_post_check():  
   some estimated ov variances are negative"	F_COMP~~SCZ_FG				Roadmap.316.	Roadmap.316.	Roadmap.316.	chromatin	Anterior Caudate H3K4me3	True	0.000297619047619	0.0003225806451612	False	False	True	False	5.08130081300813e-05	False	False	False
Roadmap.374.	F_COMP	~~	SCZ_FG	0.0022721682312653	0.973637083008369	1.86865454600948	3.20827656551108	0.393290020874767	0.0	0	F_COMP~~SCZ_FG				Roadmap.374.	Roadmap.374.	Roadmap.374.	chromatin	Anterior Caudate H3K9ac	True	0.000297619047619	0.0003225806451612	False	False	False	False	5.08130081300813e-05	False	True	False
Roadmap.62.	F_COMP	~~	SCZ_FG	0.0020796644760034	1.07901984402601	3.02251534664164	1.88946965915651	0.142216432207667	0.0	0	F_COMP~~SCZ_FG				Roadmap.62.	Roadmap.62.	Roadmap.62.	chromatin	Cingulate Gyrus H3K27ac	True	0.000297619047619	0.0003225806451612	False	False	False	False	5.08130081300813e-05	False	True	False
Roadmap.141.	F_COMP	~~	SCZ_FG	0.0033780507075528	1.91279845285927	4.70315740419614	2.75756272766052	0.0896506270192169	0.0	"lavaan->lav_object_post_check():  
   some estimated ov variances are negative"	F_COMP~~SCZ_FG				Roadmap.141.	Roadmap.141.	Roadmap.141.	chromatin	Cingulate Gyrus H3K36me3	True	0.000297619047619	0.0003225806451612	False	False	True	False	5.08130081300813e-05	False	False	False
Roadmap.229.	F_COMP	~~	SCZ_FG	0.0005252296976412	0.25618126918839	0.0427698860484147	2.10802451632546	0.67511750723765	0.0	0	F_COMP~~SCZ_FG				Roadmap.229.	Roadmap.229.	Roadmap.229.	chromatin	Cingulate Gyrus H3K4me1	True	0.000297619047619	0.0003225806451612	False	False	False	False	5.08130081300813e-05	False	True	False
Roadmap.317.	F_COMP	~~	SCZ_FG	0.0013387592225709	0.795146448306796	0.593482051490327	3.30447331291533	0.5489545664116	0.0	0	F_COMP~~SCZ_FG				Roadmap.317.	Roadmap.317.	Roadmap.317.	chromatin	Cingulate Gyrus H3K4me3	True	0.000297619047619	0.0003225806451612	False	False	False	False	5.08130081300813e-05	False	True	False
Roadmap.375.	F_COMP	~~	SCZ_FG	0.0020455751280131	1.0617693931854	2.30019668845399	3.12906167441309	0.338879588214298	0.0	0	F_COMP~~SCZ_FG				Roadmap.375.	Roadmap.375.	Roadmap.375.	chromatin	Cingular Gyrus H3K9ac	True	0.000297619047619	0.0003225806451612	False	False	False	False	5.08130081300813e-05	False	True	False
Roadmap.65.	F_COMP	~~	SCZ_FG	0.0016653321376394	1.08799733105622	2.59918775738113	2.07523410727274	0.220470265729335	0.0	"lavaan->lav_object_post_check():  
   some estimated ov variances are negative"	F_COMP~~SCZ_FG				Roadmap.65.	Roadmap.65.	Roadmap.65.	chromatin	dLPFC H3K27ac	True	0.000297619047619	0.0003225806451612	False	False	True	False	5.08130081300813e-05	False	False	False
Roadmap.145.	F_COMP	~~	SCZ_FG	0.002088242678778	1.28468625123397	5.47884150893115	2.80339199799152	0.0550603553993344	0.0	0	F_COMP~~SCZ_FG				Roadmap.145.	Roadmap.145.	Roadmap.145.	chromatin	dLPFC H3K36me3	True	0.000297619047619	0.0003225806451612	False	False	False	False	5.08130081300813e-05	False	True	False
Roadmap.233.	F_COMP	~~	SCZ_FG	0.0030383474011962	0.674408377665194	4.80553020756092	2.47415690770777	0.0620106271772268	0.0	"lavaan->lav_object_post_check():  
   some estimated ov variances are negative"	F_COMP~~SCZ_FG				Roadmap.233.	Roadmap.233.	Roadmap.233.	chromatin	dLPFC H3K4me1	True	0.000297619047619	0.0003225806451612	False	False	True	False	5.08130081300813e-05	False	False	False
Roadmap.321.	F_COMP	~~	SCZ_FG	0.0013666452783641	0.93396736935038				0.0	"lavaan->lav_lavaan_step11_estoptim():  
   the optimizer warns that a solution has NOT been found!"	F_COMP~~SCZ_FG				Roadmap.321.	Roadmap.321.	Roadmap.321.	chromatin	dLPFC H3K4me3	True	0.000297619047619	0.0003225806451612	False	False	True	False	5.08130081300813e-05	False	False	False
Roadmap.377.	F_COMP	~~	SCZ_FG	0.0005148277605555	0.461635595017639	1.92167868296495	3.59778676249709	0.39890617557784	0.0	"lavaan->lav_object_post_check():  
   some estimated ov variances are negative"	F_COMP~~SCZ_FG				Roadmap.377.	Roadmap.377.	Roadmap.377.	chromatin	dLPFC H3K9ac	True	0.000297619047619	0.0003225806451612	False	False	True	False	5.08130081300813e-05	False	False	False
Roadmap.142.	F_COMP	~~	SCZ_FG	0.0012061599204033	0.56333882827492	3.43282694721681	3.20721581291196	0.224061512576586	0.0	"lavaan->lav_lavaan_step11_estoptim():  
   the optimizer (NLMINB) claimed the model converged, but not all elements 
   of the gradient are (near) zero; the optimizer may not have found a local 
   solution use check.gradient = FALSE to skip this check."	F_COMP~~SCZ_FG				Roadmap.142.	Roadmap.142.	Roadmap.142.	chromatin	Germinal Matrix H3K6me3	True	0.000297619047619	0.0003225806451612	False	False	True	False	5.08130081300813e-05	False	False	False
Roadmap.230.	F_COMP	~~	SCZ_FG	0.0019770539372903	1.29407850868029	0.672049695321816	3.56913761960482	0.536605305865084	0.0	"lavaan->lav_object_post_check():  
   some estimated ov variances are negative"	F_COMP~~SCZ_FG				Roadmap.230.	Roadmap.230.	Roadmap.230.	chromatin	Germinal Matrix H3K4me1	True	0.000297619047619	0.0003225806451612	False	False	True	False	5.08130081300813e-05	False	False	False
Roadmap.318.	F_COMP	~~	SCZ_FG	0.0008527362759348	1.12354706192561				0.0	"lavaan->lav_lavaan_step11_estoptim():  
   the optimizer warns that a solution has NOT been found!"	F_COMP~~SCZ_FG				Roadmap.318.	Roadmap.318.	Roadmap.318.	chromatin	Germinal Matrix H3K4me3	True	0.000297619047619	0.0003225806451612	False	False	True	False	5.08130081300813e-05	False	False	False
Roadmap.63.	F_COMP	~~	SCZ_FG	0.0018809281571457	1.20396258103205	2.06699664767251	1.61129867928848	0.253922588490065	0.0	"lavaan->lav_object_post_check():  
   some estimated ov variances are negative"	F_COMP~~SCZ_FG				Roadmap.63.	Roadmap.63.	Roadmap.63.	chromatin	Middle Hippocampus H3K27ac	True	0.000297619047619	0.0003225806451612	False	False	True	False	5.08130081300813e-05	False	False	False
Roadmap.143.	F_COMP	~~	SCZ_FG	0.0015165598372608	0.889313384986401	2.50074849375628	1.85522891411938	0.209277989796546	0.0	0	F_COMP~~SCZ_FG				Roadmap.143.	Roadmap.143.	Roadmap.143.	chromatin	Middle Hippocampus H3K36me3	True	0.000297619047619	0.0003225806451612	False	False	False	False	5.08130081300813e-05	False	True	False
Roadmap.231.	F_COMP	~~	SCZ_FG	0.0015631504506504	1.61932782105061	2.90685286427461	1.44193141051388	0.0930125589324876	0.0	"lavaan->lav_object_post_check():  
   some estimated ov variances are negative"	F_COMP~~SCZ_FG				Roadmap.231.	Roadmap.231.	Roadmap.231.	chromatin	Middle Hippocampus H3K4me1	True	0.000297619047619	0.0003225806451612	False	False	True	False	5.08130081300813e-05	False	False	False
Roadmap.319.	F_COMP	~~	SCZ_FG	0.001724291483567	1.13203324433467	3.67116699152048	2.57502127142266	0.14978921936296	0.0	"lavaan->lav_object_post_check():  
   some estimated ov variances are negative"	F_COMP~~SCZ_FG				Roadmap.319.	Roadmap.319.	Roadmap.319.	chromatin	Middle Hippocampus H3K4me3	True	0.000297619047619	0.0003225806451612	False	False	True	False	5.08130081300813e-05	False	False	False
Roadmap.64.	F_COMP	~~	SCZ_FG	0.0011824983868229	0.989257063459857	2.50212487428176	1.66672414288757	0.183729341937456	0.0	0	F_COMP~~SCZ_FG				Roadmap.64.	Roadmap.64.	Roadmap.64.	chromatin	Inferior Temporal Lobe H3K27ac	True	0.000297619047619	0.0003225806451612	False	False	False	False	5.08130081300813e-05	False	True	False
Roadmap.144.	F_COMP	~~	SCZ_FG	0.0022573062961347	1.18830095117024	7.72326958837092	2.4984263478271	0.0035618914252743	0.0	"lavaan->lav_object_post_check():  
   some estimated ov variances are negative"	F_COMP~~SCZ_FG				Roadmap.144.	Roadmap.144.	Roadmap.144.	chromatin	Interior Temporal Lobe H3K36me3	True	0.000297619047619	0.0003225806451612	False	False	True	False	5.08130081300813e-05	False	False	False
Roadmap.232.	F_COMP	~~	SCZ_FG	0.0026904132146655	1.06102733086312	-0.461919801426667	2.66924024261577	0.708048074933493	0.0	0	F_COMP~~SCZ_FG				Roadmap.232.	Roadmap.232.	Roadmap.232.	chromatin	Inferior Temporal Lobe H3K4me1	True	0.000297619047619	0.0003225806451612	False	False	False	False	5.08130081300813e-05	False	True	False
Roadmap.320.	F_COMP	~~	SCZ_FG	0.0018945771907957	0.986649292290981	2.00573705900905	3.28507048485403	0.379743744763261	0.0	"lavaan->lav_object_post_check():  
   some estimated ov variances are negative"	F_COMP~~SCZ_FG				Roadmap.320.	Roadmap.320.	Roadmap.320.	chromatin	Interior Temporal Lobe H3K4me3	True	0.000297619047619	0.0003225806451612	False	False	True	False	5.08130081300813e-05	False	False	False
Roadmap.376.	F_COMP	~~	SCZ_FG	0.0005388665596983	1.37620868589415	2.97939798328434	2.77655318557546	0.237954575459192	0.0	0	F_COMP~~SCZ_FG				Roadmap.376.	Roadmap.376.	Roadmap.376.	chromatin	Inferior Temporal Lobe H3K9ac	True	0.000297619047619	0.0003225806451612	False	False	False	False	5.08130081300813e-05	False	True	False
Roadmap.66.	F_COMP	~~	SCZ_FG	0.00071270776777	0.909770187845377	4.30220919164016	1.64932342967379	0.0226337698134657	0.0	0	F_COMP~~SCZ_FG				Roadmap.66.	Roadmap.66.	Roadmap.66.	chromatin	Substantia Nigra H3K27ac	True	0.000297619047619	0.0003225806451612	False	False	False	False	5.08130081300813e-05	False	True	False
Roadmap.146.	F_COMP	~~	SCZ_FG	0.0012969197762881	1.01145680454456	3.91779198259296	4.16585556257832	0.241836763900625	0.0	"lavaan->lav_object_post_check():  
   covariance matrix of latent variables is not positive definite ; use 
   lavInspect(fit, ""cov.lv"") to investigate."	F_COMP~~SCZ_FG				Roadmap.146.	Roadmap.146.	Roadmap.146.	chromatin	Substantia Nigra H3K36me3	True	0.000297619047619	0.0003225806451612	False	False	True	False	5.08130081300813e-05	False	False	False
Roadmap.234.	F_COMP	~~	SCZ_FG	0.0015779587665841	0.569343059576323	3.48526950790823	2.2625300879642	0.13600466277531	0.0	0	F_COMP~~SCZ_FG				Roadmap.234.	Roadmap.234.	Roadmap.234.	chromatin	Substantia Nigra H3K4me1	True	0.000297619047619	0.0003225806451612	False	False	False	False	5.08130081300813e-05	False	True	False
Roadmap.322.	F_COMP	~~	SCZ_FG	0.0009369386216313	1.11169347071595	1.85168660575239	3.49305435221802	0.403683995945327	0.0	0	F_COMP~~SCZ_FG				Roadmap.322.	Roadmap.322.	Roadmap.322.	chromatin	Substantia Nigra H3K4me3	True	0.000297619047619	0.0003225806451612	False	False	False	False	5.08130081300813e-05	False	True	False
Roadmap.378.	F_COMP	~~	SCZ_FG	0.0021227961159578	1.27501440702715	0.988492561797078	4.00859203950612	0.501145239347791	0.0	0	F_COMP~~SCZ_FG				Roadmap.378.	Roadmap.378.	Roadmap.378.	chromatin	Subtantia Nigra H3K9ac	True	0.000297619047619	0.0003225806451612	False	False	False	False	5.08130081300813e-05	False	True	False
Roadmap.13.	F_COMP	~~	SCZ_FG	0.0023394403274412	1.32129702833004	6.96556763402894	3.29756344417567	0.0352190156274189	0.0	"lavaan->lav_object_post_check():  
   covariance matrix of latent variables is not positive definite ; use 
   lavInspect(fit, ""cov.lv"") to investigate."	F_COMP~~SCZ_FG				Roadmap.13.	Roadmap.13.	Roadmap.13.	chromatin	Fetal Adrenal Gland DNase	True	0.000297619047619	0.0003225806451612	False	False	True	False	5.08130081300813e-05	False	False	False
Roadmap.71.	F_COMP	~~	SCZ_FG	0.0008263547913314	0.937753525169325	3.84425068821589	1.50294988331415	0.0292158267381812	0.0	0	F_COMP~~SCZ_FG				Roadmap.71.	Roadmap.71.	Roadmap.71.	chromatin	Fetal Adrenal Gland H3K27ac	True	0.000297619047619	0.0003225806451612	False	False	False	False	5.08130081300813e-05	False	True	False
Roadmap.152.	F_COMP	~~	SCZ_FG	0.0014244467767505	0.965184082046995	3.41117806377075	1.09360975999656	0.0137344747905023	0.0	0	F_COMP~~SCZ_FG				Roadmap.152.	Roadmap.152.	Roadmap.152.	chromatin	Fetal Adrenal Gland H3K36me3	True	0.000297619047619	0.0003225806451612	False	False	False	False	5.08130081300813e-05	False	True	False
Roadmap.240.	F_COMP	~~	SCZ_FG	0.0027427922979175	1.29622427302963	0.75470320796047	1.45021899579473	0.567158569430733	0.0	"lavaan->lav_object_post_check():  
   some estimated ov variances are negative"	F_COMP~~SCZ_FG				Roadmap.240.	Roadmap.240.	Roadmap.240.	chromatin	Fetal Adrenal Gland H3K4me1	True	0.000297619047619	0.0003225806451612	False	False	True	False	5.08130081300813e-05	False	False	False
Roadmap.328.	F_COMP	~~	SCZ_FG	0.001222361742008	0.999130447099218	1.35764314989493	3.73519506809689	0.461859753537776	0.0	0	F_COMP~~SCZ_FG				Roadmap.328.	Roadmap.328.	Roadmap.328.	chromatin	Fetal Adrenal Gland H3K4me3	True	0.000297619047619	0.0003225806451612	False	False	False	False	5.08130081300813e-05	False	True	False
Roadmap.15.	F_COMP	~~	SCZ_FG	0.002796066031816	1.56188430647343	-0.917477702767329	3.7924771142225	0.693431377122184	0.0	"lavaan->lav_object_post_check():  
   some estimated ov variances are negative"	F_COMP~~SCZ_FG				Roadmap.15.	Roadmap.15.	Roadmap.15.	chromatin	Fetal Female Brain Dnase	True	0.000297619047619	0.0003225806451612	False	False	True	False	5.08130081300813e-05	False	False	False
Roadmap.154.	F_COMP	~~	SCZ_FG	0.0008107277070362	1.26583841808715	3.82549319855437	1.9946948167256	0.0783139960578613	0.0	0	F_COMP~~SCZ_FG				Roadmap.154.	Roadmap.154.	Roadmap.154.	chromatin	Fetal Female Brain H3K36me3	True	0.000297619047619	0.0003225806451612	False	False	False	False	5.08130081300813e-05	False	True	False
Roadmap.242.	F_COMP	~~	SCZ_FG	0.0018149626566516	0.493678303877408	1.34039698588117	2.7509469219766	0.450761316175644	0.0	0	F_COMP~~SCZ_FG				Roadmap.242.	Roadmap.242.	Roadmap.242.	chromatin	Fetal Female Brain H3K4me1	True	0.000297619047619	0.0003225806451612	False	False	False	False	5.08130081300813e-05	False	True	False
Roadmap.330.	F_COMP	~~	SCZ_FG	0.0009075274581913	1.21033318651103	5.88961941327713	3.06491194706578	0.0553165526132688	0.0	0	F_COMP~~SCZ_FG				Roadmap.330.	Roadmap.330.	Roadmap.330.	chromatin	Fetal Female Brain H3K4me3	True	0.000297619047619	0.0003225806451612	False	False	False	False	5.08130081300813e-05	False	True	False
Roadmap.14.	F_COMP	~~	SCZ_FG	0.0013564798919616	0.904332977079918	6.39332297100098	3.69077735038238	0.0719669354836783	0.0	"lavaan->lav_object_post_check():  
   some estimated ov variances are negative"	F_COMP~~SCZ_FG				Roadmap.14.	Roadmap.14.	Roadmap.14.	chromatin	Fetal Male Brain DNAse	True	0.000297619047619	0.0003225806451612	False	False	True	False	5.08130081300813e-05	False	False	False
Roadmap.153.	F_COMP	~~	SCZ_FG	0.0013596966322321	1.83405303889309				0.0	"lavaan->lav_lavaan_step11_estoptim():  
   the optimizer warns that a solution has NOT been found!"	F_COMP~~SCZ_FG				Roadmap.153.	Roadmap.153.	Roadmap.153.	chromatin	Fetal Male Brain H3K36me3	True	0.000297619047619	0.0003225806451612	False	False	True	False	5.08130081300813e-05	False	False	False
Roadmap.241.	F_COMP	~~	SCZ_FG	0.0011614112823788	0.967367737005231	2.14635407840577	1.39396530360392	0.205433412473212	0.0	"lavaan->lav_object_post_check():  
   some estimated ov variances are negative"	F_COMP~~SCZ_FG				Roadmap.241.	Roadmap.241.	Roadmap.241.	chromatin	Fetal Male Brain H3K4me1	True	0.000297619047619	0.0003225806451612	False	False	True	False	5.08130081300813e-05	False	False	False
Roadmap.329.	F_COMP	~~	SCZ_FG	0.0013993222481154	1.13274813448451	-2.36880291058748	12.0818004777748	0.609813450002347	0.0	"lavaan->lav_object_post_check():  
   covariance matrix of latent variables is not positive definite ; use 
   lavInspect(fit, ""cov.lv"") to investigate."	F_COMP~~SCZ_FG				Roadmap.329.	Roadmap.329.	Roadmap.329.	chromatin	Fetal Male Brain H3K4me3	True	0.000297619047619	0.0003225806451612	False	False	True	False	5.08130081300813e-05	False	False	False
Roadmap.51.	F_COMP	~~	SCZ_FG	0.0009339637992905	0.462141192349739	1.33236073605721	1.79280501723783	0.426463191237894	0.0	"lavaan->lav_object_post_check():  
   some estimated ov variances are negative"	F_COMP~~SCZ_FG				Roadmap.51.	Roadmap.51.	Roadmap.51.	chromatin	Foreskin H3K27ac	True	0.000297619047619	0.0003225806451612	False	False	True	False	5.08130081300813e-05	False	False	False
Roadmap.98.	F_COMP	~~	SCZ_FG	0.001208592531981	1.22869944086427	0.838014915756495	1.794393107543	0.535964825815012	0.0	"lavaan->lav_object_post_check():  
   some estimated ov variances are negative"	F_COMP~~SCZ_FG				Roadmap.98.	Roadmap.98.	Roadmap.98.	chromatin	Mammry Epithelial Cells H3K27ac	True	0.000297619047619	0.0003225806451612	False	False	True	False	5.08130081300813e-05	False	False	False
Roadmap.27.	F_COMP	~~	SCZ_FG	0.0040441543513899	1.82027220299585	-0.724107067079557	2.82666040323796	0.729050842476899	0.0	"lavaan->lav_object_post_check():  
   some estimated ov variances are negative"	F_COMP~~SCZ_FG				Roadmap.27.	Roadmap.27.	Roadmap.27.	chromatin	Ovary DNAse	True	0.000297619047619	0.0003225806451612	False	False	True	False	5.08130081300813e-05	False	False	False
Roadmap.83.	F_COMP	~~	SCZ_FG	0.0018717824729153	2.43408736357639	2.13235060617026	2.54893461655259	0.328432851349995	0.0	"lavaan->lav_lavaan_step11_estoptim():  
   the optimizer (NLMINB) claimed the model converged, but not all elements 
   of the gradient are (near) zero; the optimizer may not have found a local 
   solution use check.gradient = FALSE to skip this check."	F_COMP~~SCZ_FG				Roadmap.83.	Roadmap.83.	Roadmap.83.	chromatin	Ovary H3K27ac	True	0.000297619047619	0.0003225806451612	False	False	True	False	5.08130081300813e-05	False	False	False
Roadmap.169.	F_COMP	~~	SCZ_FG	0.0011995082772743	1.24284909165915	7.07140760695875	2.0600362675853	0.0016031556935915	0.0	0	F_COMP~~SCZ_FG				Roadmap.169.	Roadmap.169.	Roadmap.169.	chromatin	Ovary H3K36me3	True	0.000297619047619	0.0003225806451612	False	False	False	False	5.08130081300813e-05	False	True	False
Roadmap.257.	F_COMP	~~	SCZ_FG	0.0024205547573384	0.789170060871306	0.782915717451905	2.4160653268053	0.535796926399918	0.0	"lavaan->lav_object_post_check():  
   covariance matrix of latent variables is not positive definite ; use 
   lavInspect(fit, ""cov.lv"") to investigate."	F_COMP~~SCZ_FG				Roadmap.257.	Roadmap.257.	Roadmap.257.	chromatin	Ovary H3K4me1	True	0.000297619047619	0.0003225806451612	False	False	True	False	5.08130081300813e-05	False	False	False
Roadmap.345.	F_COMP	~~	SCZ_FG	0.0007863364054998	0.954678519026984	1.52589467446971	3.58309772534502	0.441656405520223	0.0	"lavaan->lav_object_post_check():  
   some estimated ov variances are negative"	F_COMP~~SCZ_FG				Roadmap.345.	Roadmap.345.	Roadmap.345.	chromatin	Ovary H3K4me3	True	0.000297619047619	0.0003225806451612	False	False	True	False	5.08130081300813e-05	False	False	False
Roadmap.223.	F_COMP	~~	SCZ_FG	0.0002178394722296	0.837568987745437	5.36196282962474	3.21200469328935	0.0872288559145784	0.0	"lavaan->lav_lavaan_step11_estoptim():  
   the optimizer (NLMINB) claimed the model converged, but not all elements 
   of the gradient are (near) zero; the optimizer may not have found a local 
   solution use check.gradient = FALSE to skip this check."	F_COMP~~SCZ_FG				Roadmap.223.	Roadmap.223.	Roadmap.223.	chromatin	Monoculear Peripheral Blood Cells H3K4me1	True	0.000297619047619	0.0003225806451612	False	False	True	False	5.08130081300813e-05	False	False	False
Roadmap.261.	F_COMP	~~	SCZ_FG	0.0006566704632351	0.59372184087328	0.359091357900076	2.07248798980728	0.621432801560626	0.0	"lavaan->lav_object_post_check():  
   covariance matrix of latent variables is not positive definite ; use 
   lavInspect(fit, ""cov.lv"") to investigate."	F_COMP~~SCZ_FG				Roadmap.261.	Roadmap.261.	Roadmap.261.	chromatin	Rectal Mucosa H3K4me1	True	0.000297619047619	0.0003225806451612	False	False	True	False	5.08130081300813e-05	False	False	False
PIL2	F_COMP	~~	SCZ_FG	0.0029099948347361	0.706426980257223	13.0759683059738	4.04866615401901	0.0014285759499486	0.0	"lavaan->lav_object_post_check():  
   some estimated ov variances are negative"	F_COMP~~SCZ_FG				PIL2	PI	PIL2	custom	PI Genes	True	0.000297619047619	0.0003225806451612	False	False	True	False	5.08130081300813e-05	False	False	False
ASC1L2	F_COMP	~~	SCZ_FG	0.0026020931159143	0.810462887448266	6.0206951867171	4.55237209125053	0.135040830287941	0.0	0	F_COMP~~SCZ_FG				ASC1L2	ASC1	ASC1L2	custom	ASC1	True	0.000297619047619	0.0003225806451612	False	False	False	False	5.08130081300813e-05	False	True	False
ASC2L2	F_COMP	~~	SCZ_FG	0.001954500533634	0.642252391212333	0.645917269145651	4.70810175455951	0.529975036655947	0.0	0	F_COMP~~SCZ_FG				ASC2L2	ASC2	ASC2L2	custom	ASC2	True	0.000297619047619	0.0003225806451612	False	False	False	False	5.08130081300813e-05	False	True	False
ENDL2	F_COMP	~~	SCZ_FG	0.0016694299506077	0.614269741011969	13.2973966372596	5.34635255895822	0.0107199475099512	0.0	"lavaan->lav_object_post_check():  
   some estimated ov variances are negative"	F_COMP~~SCZ_FG				ENDL2	END	ENDL2	custom	Endothelial Cells	True	0.000297619047619	0.0003225806451612	False	False	True	False	5.08130081300813e-05	False	False	False
exCA1L2	F_COMP	~~	SCZ_FG	0.0026337382602017	0.761942050097373	11.8122117333976	5.03483937758748	0.0158775844152721	0.0	0	F_COMP~~SCZ_FG				exCA1L2	exCA1	exCA1L2	custom	exCA1	True	0.000297619047619	0.0003225806451612	False	False	False	False	5.08130081300813e-05	False	True	False
exCA3L2	F_COMP	~~	SCZ_FG	0.0027796172740105	0.717408219669533	10.5843672758174	4.93674280126699	0.026102743477037	0.0	0	F_COMP~~SCZ_FG				exCA3L2	exCA3	exCA3L2	custom	exCA3	True	0.000297619047619	0.0003225806451612	False	False	False	False	5.08130081300813e-05	False	True	False
exDGL2	F_COMP	~~	SCZ_FG	0.001814298091627	0.55013010069921	9.37947239533283	5.24916292701554	0.0552059494007161	0.0	0	F_COMP~~SCZ_FG				exDGL2	exDG	exDGL2	custom	exDG	True	0.000297619047619	0.0003225806451612	False	False	False	False	5.08130081300813e-05	False	True	False
exPFC1L2	F_COMP	~~	SCZ_FG	0.002598141648289	0.754304713708172	11.2030452051256	4.96713250952239	0.0199824389914464	0.0	0	F_COMP~~SCZ_FG				exPFC1L2	exPFC1	exPFC1L2	custom	exPFC1	True	0.000297619047619	0.0003225806451612	False	False	False	False	5.08130081300813e-05	False	True	False
exPFC2L2	F_COMP	~~	SCZ_FG	0.0019894859181593	0.93809277302606	6.72659309771093	4.70397982681003	0.111727322755835	0.0	0	F_COMP~~SCZ_FG				exPFC2L2	exPFC2	exPFC2L2	custom	exPFC2	True	0.000297619047619	0.0003225806451612	False	False	False	False	5.08130081300813e-05	False	True	False
GABA1L2	F_COMP	~~	SCZ_FG	0.0034829997369519	0.916053414245615	4.72386928810768	4.58012153969931	0.208094603847413	0.0	"lavaan->lav_object_post_check():  
   some estimated ov variances are negative"	F_COMP~~SCZ_FG				GABA1L2	GABA1	GABA1L2	custom	GABA1	True	0.000297619047619	0.0003225806451612	False	False	True	False	5.08130081300813e-05	False	False	False
GABA2L2	F_COMP	~~	SCZ_FG	0.0039527958589845	1.06099477479216	11.5572893587331	4.1805501878506	0.0057794036813596	0.0	"lavaan->lav_object_post_check():  
   some estimated ov variances are negative"	F_COMP~~SCZ_FG				GABA2L2	GABA2	GABA2L2	custom	GABA2	True	0.000297619047619	0.0003225806451612	False	False	True	False	5.08130081300813e-05	False	False	False
MGL2	F_COMP	~~	SCZ_FG	0.0018985847098695	0.664440400745171	9.97398410194857	5.16527025256136	0.0411609667307547	0.0	0	F_COMP~~SCZ_FG				MGL2	MG	MGL2	custom	Microglia	True	0.000297619047619	0.0003225806451612	False	False	False	False	5.08130081300813e-05	False	True	False
NSCL2	F_COMP	~~	SCZ_FG	0.0038333970201918	0.709494858093175	8.31343521820847	5.262774103186	0.0823169808826773	0.0	"lavaan->lav_object_post_check():  
   covariance matrix of latent variables is not positive definite ; use 
   lavInspect(fit, ""cov.lv"") to investigate."	F_COMP~~SCZ_FG				NSCL2	NSC	NSCL2	custom	Neuronal Stem Cells	True	0.000297619047619	0.0003225806451612	False	False	True	False	5.08130081300813e-05	False	False	False
ODCL2	F_COMP	~~	SCZ_FG	0.0059863918935142	2.02336096842665	16.7007769941168	4.96483271143631	0.0007823777340245	0.0	0	F_COMP~~SCZ_FG				ODCL2	ODC	ODCL2	custom	Oligodendrocytes	True	0.000297619047619	0.0003225806451612	False	False	False	False	5.08130081300813e-05	False	True	False
OPCL2	F_COMP	~~	SCZ_FG	0.002288610820054	0.670391259952655	5.15132797056166	4.73417080641941	0.190274288091601	0.0	0	F_COMP~~SCZ_FG				OPCL2	OPC	OPCL2	custom	Oligodendrocyte Precursor Cells	True	0.000297619047619	0.0003225806451612	False	False	False	False	5.08130081300813e-05	False	True	False
PI_x_ASC1L2	F_COMP	~~	SCZ_FG	0.0008278004673837	0.791063285327052				0.0	"lavaan->lav_lavaan_step11_estoptim():  
   the optimizer warns that a solution has NOT been found!"	F_COMP~~SCZ_FG				PI_x_ASC1L2	PI_x_ASC1	PI_x_ASC1L2	custom	PI x ASC1	True	0.000297619047619	0.0003225806451612	False	False	True	False	5.08130081300813e-05	False	False	False
PI_x_ASC2L2	F_COMP	~~	SCZ_FG	0.0012563393082276	1.21775463583206	-15.5212093960373	9.17498219511739	0.964123355263977	0.0	0	F_COMP~~SCZ_FG				PI_x_ASC2L2	PI_x_ASC2	PI_x_ASC2L2	custom	PI x ASC2	True	0.000297619047619	0.0003225806451612	False	False	False	False	5.08130081300813e-05	False	True	False
PI_x_ENDL2	F_COMP	~~	SCZ_FG	0.0006283690252347	0.749222712604719	9.06675686782008	8.77188009335862	0.178886862865096	0.0	"lavaan->lav_object_post_check():  
   some estimated ov variances are negative"	F_COMP~~SCZ_FG				PI_x_ENDL2	PI_x_END	PI_x_ENDL2	custom	PI x Endothelial Cells	True	0.000297619047619	0.0003225806451612	False	False	True	False	5.08130081300813e-05	False	False	False
PI_x_exCA1L2	F_COMP	~~	SCZ_FG	0.0010569629331679	0.543258378260858	23.8625679772426	8.49581834681366	0.0035615066011101	0.0	0	F_COMP~~SCZ_FG				PI_x_exCA1L2	PI_x_exCA1	PI_x_exCA1L2	custom	PI x exCA1	True	0.000297619047619	0.0003225806451612	False	False	False	False	5.08130081300813e-05	False	True	False
PI_x_exCA3L2	F_COMP	~~	SCZ_FG	0.0003808499534889	0.370879389921652	11.1239433801795	9.05159781482926	0.131683090814366	0.0	0	F_COMP~~SCZ_FG				PI_x_exCA3L2	PI_x_exCA3	PI_x_exCA3L2	custom	PI x exCA3	True	0.000297619047619	0.0003225806451612	False	False	False	False	5.08130081300813e-05	False	True	False
PI_x_exDGL2	F_COMP	~~	SCZ_FG	0.0010311319859897	0.722679120105401				0.0	"lavaan->lav_lavaan_step11_estoptim():  
   the optimizer warns that a solution has NOT been found!"	F_COMP~~SCZ_FG				PI_x_exDGL2	PI_x_exDG	PI_x_exDGL2	custom	PI x exDG	True	0.000297619047619	0.0003225806451612	False	False	True	False	5.08130081300813e-05	False	False	False
PI_x_exPFC1L2	F_COMP	~~	SCZ_FG	0.0013022367224113	0.66403014607535	22.680390063453	7.67095343598678	0.0023544815428269	0.0	0	F_COMP~~SCZ_FG				PI_x_exPFC1L2	PI_x_exPFC1	PI_x_exPFC1L2	custom	PI x exPFC1	True	0.000297619047619	0.0003225806451612	False	False	False	False	5.08130081300813e-05	False	True	False
PI_x_exPFC2L2	F_COMP	~~	SCZ_FG	0.0009667642105995	0.596749027309259	12.8320462196537	7.46848986182123	0.0565670313550862	0.0	0	F_COMP~~SCZ_FG				PI_x_exPFC2L2	PI_x_exPFC2	PI_x_exPFC2L2	custom	PI x exPFC2	True	0.000297619047619	0.0003225806451612	False	False	False	False	5.08130081300813e-05	False	True	False
PI_x_GABA1L2	F_COMP	~~	SCZ_FG	0.00125723217105	0.62300809682783	6.27723545215947	7.30318026920707	0.234964626917249	0.0	"lavaan->lav_lavaan_step11_estoptim():  
   the optimizer (NLMINB) claimed the model converged, but not all elements 
   of the gradient are (near) zero; the optimizer may not have found a local 
   solution use check.gradient = FALSE to skip this check."	F_COMP~~SCZ_FG				PI_x_GABA1L2	PI_x_GABA1	PI_x_GABA1L2	custom	PI x GABA1	True	0.000297619047619	0.0003225806451612	False	False	True	False	5.08130081300813e-05	False	False	False
PI_x_GABA2L2	F_COMP	~~	SCZ_FG	0.0010193905886793	0.57537587468936	14.7975643112989	7.36804136096145	0.0305602259225202	0.0	0	F_COMP~~SCZ_FG				PI_x_GABA2L2	PI_x_GABA2	PI_x_GABA2L2	custom	PI x GABA2	True	0.000297619047619	0.0003225806451612	False	False	False	False	5.08130081300813e-05	False	True	False
PI_x_MGL2	F_COMP	~~	SCZ_FG	0.0012824853847695	1.34022240055243				0.0	"lavaan->lav_lavaan_step11_estoptim():  
   the optimizer warns that a solution has NOT been found!"	F_COMP~~SCZ_FG				PI_x_MGL2	PI_x_MG	PI_x_MGL2	custom	PI x Microglia	True	0.000297619047619	0.0003225806451612	False	False	True	False	5.08130081300813e-05	False	False	False
PI_x_NSCL2	F_COMP	~~	SCZ_FG	0.0016967269085307	1.68624232512762	18.4244654496304	10.6581430983049	0.05104024608478	0.0	0	F_COMP~~SCZ_FG				PI_x_NSCL2	PI_x_NSC	PI_x_NSCL2	custom	PI x Neuronal Stem Cells	True	0.000297619047619	0.0003225806451612	False	False	False	False	5.08130081300813e-05	False	True	False
PI_x_ODCL2	F_COMP	~~	SCZ_FG	0.0021648941049414	1.50144421247781	15.8347575643495	8.02674153230743	0.0322891051491916	0.0	0	F_COMP~~SCZ_FG				PI_x_ODCL2	PI_x_ODC	PI_x_ODCL2	custom	PI x Oligodendrocytes	True	0.000297619047619	0.0003225806451612	False	False	False	False	5.08130081300813e-05	False	True	False
PI_x_OPCL2	F_COMP	~~	SCZ_FG	0.0013160561079839	0.85927148856195	4.64141543234439	8.59530632619948	0.335909952345116	0.0	"lavaan->lav_object_post_check():  
   some estimated ov variances are negative"	F_COMP~~SCZ_FG				PI_x_OPCL2	PI_x_OPC	PI_x_OPCL2	custom	PI x Oligodendrocyte Precursor Cells	True	0.000297619047619	0.0003225806451612	False	False	True	False	5.08130081300813e-05	False	False	False
baseL2	F_INT	~~	SCZ_FG	0.0044864578534601	0.553055486273601	0.999999349695693	0.401763469214431	0.500000645737861	0.0	0	F_INT~~SCZ_FG				baseL2	base	baseL2	baseline		True	0.000297619047619	0.0003225806451612	False	False	False	False	5.08130081300813e-05	False	True	False
Coding_UCSCL2	F_INT	~~	SCZ_FG	0.0022827755901907	1.08387405548914	7.95698614012351	6.75122823306795	0.151393046660762	0.0	"lavaan->lav_object_post_check():  
   some estimated ov variances are negative"	F_INT~~SCZ_FG				Coding_UCSCL2	Coding_UCSC	Coding_UCSCL2	baseline		True	0.000297619047619	0.0003225806451612	False	False	True	False	5.08130081300813e-05	False	False	False
Conserved_LindbladTohL2	F_INT	~~	SCZ_FG	0.0012163362979743	0.886434994517113	2.61194968231085	6.27411772768302	0.398620059012952	0.0	0	F_INT~~SCZ_FG				Conserved_LindbladTohL2	Conserved_LindbladToh	Conserved_LindbladTohL2	baseline		True	0.000297619047619	0.0003225806451612	False	False	False	False	5.08130081300813e-05	False	True	False
CTCF_HoffmanL2	F_INT	~~	SCZ_FG	0.0059946659506555	2.24458351170558	1.57602578934011	2.81560074402536	0.418948727497271	0.0	0	F_INT~~SCZ_FG				CTCF_HoffmanL2	CTCF_Hoffman	CTCF_HoffmanL2	baseline		True	0.000297619047619	0.0003225806451612	False	False	False	False	5.08130081300813e-05	False	True	False
DGF_ENCODEL2	F_INT	~~	SCZ_FG	0.0113375495533006	1.99245506590914	0.0492186902545872	1.88344792674738	0.693153474189662	0.0	"lavaan->lav_object_post_check():  
   some estimated ov variances are negative"	F_INT~~SCZ_FG				DGF_ENCODEL2	DGF_ENCODE	DGF_ENCODEL2	baseline		True	0.000297619047619	0.0003225806451612	False	False	True	False	5.08130081300813e-05	False	False	False
DHS_peaks_TrynkaL2	F_INT	~~	SCZ_FG	0.0059318516132404	1.0343057007056	-0.909138511284945	2.15957115895883	0.811661592967381	0.0	0	F_INT~~SCZ_FG				DHS_peaks_TrynkaL2	DHS_peaks_Trynka	DHS_peaks_TrynkaL2	baseline		True	0.000297619047619	0.0003225806451612	False	False	False	False	5.08130081300813e-05	False	True	False
DHS_TrynkaL2	F_INT	~~	SCZ_FG	0.0040586564102954	0.723598726178784	0.211340450578236	1.7017128971617	0.678479225748309	0.0	0	F_INT~~SCZ_FG				DHS_TrynkaL2	DHS_Trynka	DHS_TrynkaL2	baseline		True	0.000297619047619	0.0003225806451612	False	False	False	False	5.08130081300813e-05	False	True	False
Enhancer_AnderssonL2	F_INT	~~	SCZ_FG	0.0010098757347192	1.48817676810926				0.0	"lavaan->lav_lavaan_step11_estoptim():  
   the optimizer warns that a solution has NOT been found!"	F_INT~~SCZ_FG				Enhancer_AnderssonL2	Enhancer_Andersson	Enhancer_AnderssonL2	baseline		True	0.000297619047619	0.0003225806451612	False	False	True	False	5.08130081300813e-05	False	False	False
Enhancer_HoffmanL2	F_INT	~~	SCZ_FG	0.0009640327837785	1.27677695696508	1.00497732568825	2.08029103462062	0.499045487514579	0.0	0	F_INT~~SCZ_FG				Enhancer_HoffmanL2	Enhancer_Hoffman	Enhancer_HoffmanL2	baseline		True	0.000297619047619	0.0003225806451612	False	False	False	False	5.08130081300813e-05	False	True	False
FetalDHS_TrynkaL2	F_INT	~~	SCZ_FG	0.0038462770158872	0.940390543421378	0.128532769514045	2.5075800274102	0.635904597435483	0.0	"lavaan->lav_object_post_check():  
   some estimated ov variances are negative"	F_INT~~SCZ_FG				FetalDHS_TrynkaL2	FetalDHS_Trynka	FetalDHS_TrynkaL2	baseline		True	0.000297619047619	0.0003225806451612	False	False	True	False	5.08130081300813e-05	False	False	False
H3K27ac_HniszL2	F_INT	~~	SCZ_FG	0.0025890897371035	0.526129781223725	1.21159471783554	0.617492530364835	0.36592424901382	0.0	0	F_INT~~SCZ_FG				H3K27ac_HniszL2	H3K27ac_Hnisz	H3K27ac_HniszL2	baseline		True	0.000297619047619	0.0003225806451612	False	False	False	False	5.08130081300813e-05	False	True	False
H3K27ac_PGC2L2	F_INT	~~	SCZ_FG	0.001572840207382	0.438182427416718	0.474117672332298	0.766035233749903	0.753800713863243	0.0	0	F_INT~~SCZ_FG				H3K27ac_PGC2L2	H3K27ac_PGC2	H3K27ac_PGC2L2	baseline		True	0.000297619047619	0.0003225806451612	False	False	False	False	5.08130081300813e-05	False	True	False
H3K4me1_peaks_TrynkaL2	F_INT	~~	SCZ_FG	0.0046815868517883	0.755868946805573	1.73252948285375	1.46316096252072	0.308309227302086	0.0	"lavaan->lav_object_post_check():  
   some estimated ov variances are negative"	F_INT~~SCZ_FG				H3K4me1_peaks_TrynkaL2	H3K4me1_peaks_Trynka	H3K4me1_peaks_TrynkaL2	baseline		True	0.000297619047619	0.0003225806451612	False	False	True	False	5.08130081300813e-05	False	False	False
H3K4me1_TrynkaL2	F_INT	~~	SCZ_FG	0.0038393373876836	0.634694022064577	1.41953823697128	0.720856278245609	0.280283395085639	0.0	0	F_INT~~SCZ_FG				H3K4me1_TrynkaL2	H3K4me1_Trynka	H3K4me1_TrynkaL2	baseline		True	0.000297619047619	0.0003225806451612	False	False	False	False	5.08130081300813e-05	False	True	False
H3K4me3_peaks_TrynkaL2	F_INT	~~	SCZ_FG	0.0018594257348432	0.690831278375265	-0.208489357331792	2.93179186872638	0.659904175014635	0.0	"lavaan->lav_object_post_check():  
   covariance matrix of latent variables is not positive definite ; use 
   lavInspect(fit, ""cov.lv"") to investigate."	F_INT~~SCZ_FG				H3K4me3_peaks_TrynkaL2	H3K4me3_peaks_Trynka	H3K4me3_peaks_TrynkaL2	baseline		True	0.000297619047619	0.0003225806451612	False	False	True	False	5.08130081300813e-05	False	False	False
H3K4me3_TrynkaL2	F_INT	~~	SCZ_FG	0.0032638616278994	0.93088162780643	1.31912610439485	1.03660282689504	0.379095328194665	0.0	0	F_INT~~SCZ_FG				H3K4me3_TrynkaL2	H3K4me3_Trynka	H3K4me3_TrynkaL2	baseline		True	0.000297619047619	0.0003225806451612	False	False	False	False	5.08130081300813e-05	False	True	False
H3K9ac_peaks_TrynkaL2	F_INT	~~	SCZ_FG	0.0037959926362376	1.46994586872298	-1.56941016235443	3.10941798121358	0.795691977903742	0.0	"lavaan->lav_object_post_check():  
   some estimated ov variances are negative"	F_INT~~SCZ_FG				H3K9ac_peaks_TrynkaL2	H3K9ac_peaks_Trynka	H3K9ac_peaks_TrynkaL2	baseline		True	0.000297619047619	0.0003225806451612	False	False	True	False	5.08130081300813e-05	False	False	False
H3K9ac_TrynkaL2	F_INT	~~	SCZ_FG	0.0029960754371585	0.81368217138709	1.26959903106647	1.12027159907123	0.404911235386059	0.0	0	F_INT~~SCZ_FG				H3K9ac_TrynkaL2	H3K9ac_Trynka	H3K9ac_TrynkaL2	baseline		True	0.000297619047619	0.0003225806451612	False	False	False	False	5.08130081300813e-05	False	True	False
Intron_UCSCL2	F_INT	~~	SCZ_FG	0.0025956693040877	0.532792747025948	1.38572975629337	0.603814143890198	0.261469368807819	0.0	0	F_INT~~SCZ_FG				Intron_UCSCL2	Intron_UCSC	Intron_UCSCL2	baseline		True	0.000297619047619	0.0003225806451612	False	False	False	False	5.08130081300813e-05	False	True	False
PromoterFlanking_HoffmanL2	F_INT	~~	SCZ_FG	0.0011233910785044	1.01004509225563				0.0	"lavaan->lav_lavaan_step11_estoptim():  
   the optimizer warns that a solution has NOT been found!"	F_INT~~SCZ_FG				PromoterFlanking_HoffmanL2	PromoterFlanking_Hoffman	PromoterFlanking_HoffmanL2	baseline		True	0.000297619047619	0.0003225806451612	False	False	True	False	5.08130081300813e-05	False	False	False
Promoter_UCSCL2	F_INT	~~	SCZ_FG	0.0011094520639583	1.15195001492418	1.877790870332	1.73355546792092	0.306304459997665	0.0	0	F_INT~~SCZ_FG				Promoter_UCSCL2	Promoter_UCSC	Promoter_UCSCL2	baseline		True	0.000297619047619	0.0003225806451612	False	False	False	False	5.08130081300813e-05	False	True	False
Repressed_HoffmanL2	F_INT	~~	SCZ_FG	0.0004673297802173	0.503045785776127	0.89008340126614	0.396781366872612	0.60911784265374	0.0	"lavaan->lav_object_post_check():  
   some estimated ov variances are negative"	F_INT~~SCZ_FG				Repressed_HoffmanL2	Repressed_Hoffman	Repressed_HoffmanL2	baseline		True	0.000297619047619	0.0003225806451612	False	False	True	False	5.08130081300813e-05	False	False	False
SuperEnhancer_HniszL2	F_INT	~~	SCZ_FG	0.0012294782201081	0.499863024109891	1.43131301177379	0.714091414649106	0.272920984397032	0.0	"lavaan->lav_object_post_check():  
   some estimated ov variances are negative"	F_INT~~SCZ_FG				SuperEnhancer_HniszL2	SuperEnhancer_Hnisz	SuperEnhancer_HniszL2	baseline		True	0.000297619047619	0.0003225806451612	False	False	True	False	5.08130081300813e-05	False	False	False
TFBS_ENCODEL2	F_INT	~~	SCZ_FG	0.0025358215358161	0.797809639974368	1.59000219851035	1.43409582568866	0.340385747856932	0.0	0	F_INT~~SCZ_FG				TFBS_ENCODEL2	TFBS_ENCODE	TFBS_ENCODEL2	baseline		True	0.000297619047619	0.0003225806451612	False	False	False	False	5.08130081300813e-05	False	True	False
Transcr_HoffmanL2	F_INT	~~	SCZ_FG	0.0036231066842596	0.895862578496535	1.14830811340499	0.613789818531045	0.404534649378842	0.0	0	F_INT~~SCZ_FG				Transcr_HoffmanL2	Transcr_Hoffman	Transcr_HoffmanL2	baseline		True	0.000297619047619	0.0003225806451612	False	False	False	False	5.08130081300813e-05	False	True	False
TSS_HoffmanL2	F_INT	~~	SCZ_FG	0.0007180745333636	1.47145927695137	3.8221384602399	3.43635122014347	0.20574903888449	0.0	0	F_INT~~SCZ_FG				TSS_HoffmanL2	TSS_Hoffman	TSS_HoffmanL2	baseline		True	0.000297619047619	0.0003225806451612	False	False	False	False	5.08130081300813e-05	False	True	False
UTR_3_UCSCL2	F_INT	~~	SCZ_FG	0.001549689621306	1.27024450017337	5.1773274205218	5.27877292773569	0.21437152139906	0.0	"lavaan->lav_object_post_check():  
   covariance matrix of latent variables is not positive definite ; use 
   lavInspect(fit, ""cov.lv"") to investigate."	F_INT~~SCZ_FG				UTR_3_UCSCL2	UTR_3_UCSC	UTR_3_UCSCL2	baseline		True	0.000297619047619	0.0003225806451612	False	False	True	False	5.08130081300813e-05	False	False	False
UTR_5_UCSCL2	F_INT	~~	SCZ_FG	0.0011173701728838	1.96657381950921				0.0	"lavaan->lav_lavaan_step11_estoptim():  
   the optimizer warns that a solution has NOT been found!"	F_INT~~SCZ_FG				UTR_5_UCSCL2	UTR_5_UCSC	UTR_5_UCSCL2	baseline		True	0.000297619047619	0.0003225806451612	False	False	True	False	5.08130081300813e-05	False	False	False
WeakEnhancer_HoffmanL2	F_INT	~~	SCZ_FG	0.002618274041366	1.82910160206737	3.85292379872076	4.05893181479506	0.241066664953333	0.0	"lavaan->lav_object_post_check():  
   covariance matrix of latent variables is not positive definite ; use 
   lavInspect(fit, ""cov.lv"") to investigate."	F_INT~~SCZ_FG				WeakEnhancer_HoffmanL2	WeakEnhancer_Hoffman	WeakEnhancer_HoffmanL2	baseline		True	0.000297619047619	0.0003225806451612	False	False	True	False	5.08130081300813e-05	False	False	False
GERP.RSsup4L2	F_INT	~~	SCZ_FG	0.0003877569119313	0.543969559960348	10.8089911650018	13.0062889260822	0.225372691802964	0.0	"lavaan->lav_object_post_check():  
   some estimated ov variances are negative"	F_INT~~SCZ_FG				GERP.RSsup4L2	GERP.RSsup4	GERP.RSsup4L2	baseline		True	0.000297619047619	0.0003225806451612	False	False	True	False	5.08130081300813e-05	False	False	False
MAFbin1L2	F_INT	~~	SCZ_FG	0.0006863383183459	1.11772319176985				0.0	"lavaan->lav_lavaan_step11_estoptim():  
   the optimizer warns that a solution has NOT been found!"	F_INT~~SCZ_FG				MAFbin1L2	MAFbin1	MAFbin1L2	baseline		True	0.000297619047619	0.0003225806451612	False	False	True	False	5.08130081300813e-05	False	False	False
MAFbin2L2	F_INT	~~	SCZ_FG	0.000485331559693	0.636209922771691	0.80339112954502	0.378400747483739	0.698321286202703	0.0	"lavaan->lav_lavaan_step11_estoptim():  
   the optimizer (NLMINB) claimed the model converged, but not all elements 
   of the gradient are (near) zero; the optimizer may not have found a local 
   solution use check.gradient = FALSE to skip this check."	F_INT~~SCZ_FG				MAFbin2L2	MAFbin2	MAFbin2L2	baseline		True	0.000297619047619	0.0003225806451612	False	False	True	False	5.08130081300813e-05	False	False	False
MAFbin3L2	F_INT	~~	SCZ_FG	0.0015869610761194	1.96497687169843	0.738832100473264	0.443462364224159	0.722045588483004	0.0	"lavaan->lav_object_post_check():  
   some estimated ov variances are negative"	F_INT~~SCZ_FG				MAFbin3L2	MAFbin3	MAFbin3L2	baseline		True	0.000297619047619	0.0003225806451612	False	False	True	False	5.08130081300813e-05	False	False	False
MAFbin4L2	F_INT	~~	SCZ_FG	0.0004725631003971	0.662121827380395	0.448793714928431	0.48236168181887	0.873423405306031	0.0	"lavaan->lav_lavaan_step11_estoptim():  
   the optimizer (NLMINB) claimed the model converged, but not all elements 
   of the gradient are (near) zero; the optimizer may not have found a local 
   solution use check.gradient = FALSE to skip this check."	F_INT~~SCZ_FG				MAFbin4L2	MAFbin4	MAFbin4L2	baseline		True	0.000297619047619	0.0003225806451612	False	False	True	False	5.08130081300813e-05	False	False	False
MAFbin5L2	F_INT	~~	SCZ_FG	0.0002209457335289	0.574463842787965				0.0	"lavaan->lav_lavaan_step11_estoptim():  
   the optimizer warns that a solution has NOT been found!"	F_INT~~SCZ_FG				MAFbin5L2	MAFbin5	MAFbin5L2	baseline		True	0.000297619047619	0.0003225806451612	False	False	True	False	5.08130081300813e-05	False	False	False
MAFbin6L2	F_INT	~~	SCZ_FG	0.0004555057663532	0.385666922344159				0.0	"lavaan->lav_lavaan_step11_estoptim():  
   the optimizer warns that a solution has NOT been found!"	F_INT~~SCZ_FG				MAFbin6L2	MAFbin6	MAFbin6L2	baseline		True	0.000297619047619	0.0003225806451612	False	False	True	False	5.08130081300813e-05	False	False	False
MAFbin7L2	F_INT	~~	SCZ_FG	0.0009669896329175	0.927371376789053	1.15794067273309	0.564929180158932	0.389901389253522	0.0	"lavaan->lav_lavaan_step11_estoptim():  
   the optimizer (NLMINB) claimed the model converged, but not all elements 
   of the gradient are (near) zero; the optimizer may not have found a local 
   solution use check.gradient = FALSE to skip this check."	F_INT~~SCZ_FG				MAFbin7L2	MAFbin7	MAFbin7L2	baseline		True	0.000297619047619	0.0003225806451612	False	False	True	False	5.08130081300813e-05	False	False	False
MAFbin8L2	F_INT	~~	SCZ_FG	0.0001192786812402	0.303235534581447	1.0580625822435	0.660022559674465	0.464950020666731	0.0	"lavaan->lav_object_post_check():  
   some estimated ov variances are negative"	F_INT~~SCZ_FG				MAFbin8L2	MAFbin8	MAFbin8L2	baseline		True	0.000297619047619	0.0003225806451612	False	False	True	False	5.08130081300813e-05	False	False	False
MAFbin9L2	F_INT	~~	SCZ_FG	0.000405947985995	0.493011158906194	1.99697704976379	0.592000551017059	0.0460829801634341	0.0	"lavaan->lav_object_post_check():  
   some estimated ov variances are negative"	F_INT~~SCZ_FG				MAFbin9L2	MAFbin9	MAFbin9L2	baseline		True	0.000297619047619	0.0003225806451612	False	False	True	False	5.08130081300813e-05	False	False	False
MAFbin10L2	F_INT	~~	SCZ_FG	0.0011500562259995	0.894354986160682	0.554056056013827	0.639407552681229	0.757234080195004	0.0	0	F_INT~~SCZ_FG				MAFbin10L2	MAFbin10	MAFbin10L2	baseline		True	0.000297619047619	0.0003225806451612	False	False	False	False	5.08130081300813e-05	False	True	False
synonymousL2	F_INT	~~	SCZ_FG	0.0023042794132926	1.53381400287379	-8.35951405805806	21.9964487802661	0.664764305059557	0.0	0	F_INT~~SCZ_FG				synonymousL2	synonymous	synonymousL2	baseline		True	0.000297619047619	0.0003225806451612	False	False	False	False	5.08130081300813e-05	False	True	False
non_synonymousL2	F_INT	~~	SCZ_FG	0.0038603365209715	1.9326560131179				0.0	"lavaan->lav_lavaan_step11_estoptim():  
   the optimizer warns that a solution has NOT been found!"	F_INT~~SCZ_FG				non_synonymousL2	non_synonymous	non_synonymousL2	baseline		True	0.000297619047619	0.0003225806451612	False	False	True	False	5.08130081300813e-05	False	False	False
Conserved_Vertebrate_phastCons46wayL2	F_INT	~~	SCZ_FG	0.0025618430720753	1.21851881667094	3.38775241400316	4.66738348288206	0.304471565120338	0.0	0	F_INT~~SCZ_FG				Conserved_Vertebrate_phastCons46wayL2	Conserved_Vertebrate_phastCons46way	Conserved_Vertebrate_phastCons46wayL2	baseline		True	0.000297619047619	0.0003225806451612	False	False	False	False	5.08130081300813e-05	False	True	False
Conserved_Mammal_phastCons46wayL2	F_INT	~~	SCZ_FG	0.0015906496611494	0.959379974568477	3.33669291274071	6.67998809702921	0.363242541364359	0.0	0	F_INT~~SCZ_FG				Conserved_Mammal_phastCons46wayL2	Conserved_Mammal_phastCons46way	Conserved_Mammal_phastCons46wayL2	baseline		True	0.000297619047619	0.0003225806451612	False	False	False	False	5.08130081300813e-05	False	True	False
Conserved_Primate_phastCons46wayL2	F_INT	~~	SCZ_FG	0.0018023522184431	0.915056725092975	5.20406339161397	8.12339090446116	0.302394624059273	0.0	0	F_INT~~SCZ_FG				Conserved_Primate_phastCons46wayL2	Conserved_Primate_phastCons46way	Conserved_Primate_phastCons46wayL2	baseline		True	0.000297619047619	0.0003225806451612	False	False	False	False	5.08130081300813e-05	False	True	False
BivFlnkL2	F_INT	~~	SCZ_FG	0.0005076276028514	1.34649825530455				0.0	"lavaan->lav_lavaan_step11_estoptim():  
   the optimizer warns that a solution has NOT been found!"	F_INT~~SCZ_FG				BivFlnkL2	BivFlnk	BivFlnkL2	baseline		True	0.000297619047619	0.0003225806451612	False	False	True	False	5.08130081300813e-05	False	False	False
Human_Promoter_VillarL2	F_INT	~~	SCZ_FG	0.0016131632585104	1.12223328815639				0.0	"lavaan->lav_lavaan_step11_estoptim():  
   the optimizer warns that a solution has NOT been found!"	F_INT~~SCZ_FG				Human_Promoter_VillarL2	Human_Promoter_Villar	Human_Promoter_VillarL2	baseline		True	0.000297619047619	0.0003225806451612	False	False	True	False	5.08130081300813e-05	False	False	False
Human_Enhancer_VillarL2	F_INT	~~	SCZ_FG	0.0015638517882161	1.14148531695399	3.13748742702797	1.68940917279644	0.102894842363135	0.0	"lavaan->lav_object_post_check():  
   covariance matrix of latent variables is not positive definite ; use 
   lavInspect(fit, ""cov.lv"") to investigate."	F_INT~~SCZ_FG				Human_Enhancer_VillarL2	Human_Enhancer_Villar	Human_Enhancer_VillarL2	baseline		True	0.000297619047619	0.0003225806451612	False	False	True	False	5.08130081300813e-05	False	False	False
Ancient_Sequence_Age_Human_PromoterL2	F_INT	~~	SCZ_FG	0.0003287332591455	1.37555605766172	3.83252273996089	8.89232719692988	0.375039349119818	0.0	0	F_INT~~SCZ_FG				Ancient_Sequence_Age_Human_PromoterL2	Ancient_Sequence_Age_Human_Promoter	Ancient_Sequence_Age_Human_PromoterL2	baseline		True	0.000297619047619	0.0003225806451612	False	False	False	False	5.08130081300813e-05	False	True	False
Ancient_Sequence_Age_Human_EnhancerL2	F_INT	~~	SCZ_FG	0.003504797560559	1.65792602715136	15.3945463729919	10.1885992306848	0.0788559213541891	0.0	"lavaan->lav_object_post_check():  
   covariance matrix of latent variables is not positive definite ; use 
   lavInspect(fit, ""cov.lv"") to investigate."	F_INT~~SCZ_FG				Ancient_Sequence_Age_Human_EnhancerL2	Ancient_Sequence_Age_Human_Enhancer	Ancient_Sequence_Age_Human_EnhancerL2	baseline		True	0.000297619047619	0.0003225806451612	False	False	True	False	5.08130081300813e-05	False	False	False
Human_Promoter_Villar_ExACL2	F_INT	~~	SCZ_FG	0.0006255098946711	1.20271764783047	12.3448336503828	9.00066246151827	0.103754565554065	0.0	"lavaan->lav_object_post_check():  
   some estimated ov variances are negative"	F_INT~~SCZ_FG				Human_Promoter_Villar_ExACL2	Human_Promoter_Villar_ExAC	Human_Promoter_Villar_ExACL2	baseline		True	0.000297619047619	0.0003225806451612	False	False	True	False	5.08130081300813e-05	False	False	False
Franke.13.	F_INT	~~	SCZ_FG	0.002698278221521	0.952680890491444	1.89694308201537	0.778023840418372	0.12448642796436	0.0	0	F_INT~~SCZ_FG				Franke.13.	Franke.13.	Franke.13.	expression	Brain Stem	True	0.000297619047619	0.0003225806451612	False	False	False	False	5.08130081300813e-05	False	True	False
Franke.14.	F_INT	~~	SCZ_FG	0.0027654529600308	0.840589401545504	1.98677780005758	0.798779669337136	0.108348893915577	0.0	0	F_INT~~SCZ_FG				Franke.14.	Franke.14.	Franke.14.	expression	Whole Brain	True	0.000297619047619	0.0003225806451612	False	False	False	False	5.08130081300813e-05	False	True	False
Franke.31.	F_INT	~~	SCZ_FG	0.0014396331109608	0.84699715722659	1.30290904456056	0.704938430703466	0.333708489307901	0.0	0	F_INT~~SCZ_FG				Franke.31.	Franke.31.	Franke.31.	expression	Epidermis	True	0.000297619047619	0.0003225806451612	False	False	False	False	5.08130081300813e-05	False	True	False
Franke.39.	F_INT	~~	SCZ_FG	0.0015340809308177	0.778565913260909	1.50464511179952	0.670218157488453	0.225738030027225	0.0	0	F_INT~~SCZ_FG				Franke.39.	Franke.39.	Franke.39.	expression	Fibroblasts	True	0.000297619047619	0.0003225806451612	False	False	False	False	5.08130081300813e-05	False	True	False
Franke.30.	F_INT	~~	SCZ_FG	0.0016124704954196	0.909716018954783	1.80916971761699	0.721048451938847	0.130886010706776	0.0	0	F_INT~~SCZ_FG				Franke.30.	Franke.30.	Franke.30.	expression	Epithelial Cells	True	0.000297619047619	0.0003225806451612	False	False	False	False	5.08130081300813e-05	False	True	False
Franke.147.	F_INT	~~	SCZ_FG	0.0013390571650117	0.754361140761138	1.22601957306246	0.681366324189489	0.370052157376524	0.0	0	F_INT~~SCZ_FG				Franke.147.	Franke.147.	Franke.147.	expression	Embryoid Bodies	True	0.000297619047619	0.0003225806451612	False	False	False	False	5.08130081300813e-05	False	True	False
GTEx.1.	F_INT	~~	SCZ_FG	0.0017518557345808	0.68759234439361	1.24433326735095	0.642523879199008	0.351872090036777	0.0	0	F_INT~~SCZ_FG				GTEx.1.	GTEx.1.	GTEx.1.	expression	Adipose Subcutaneous	True	0.000297619047619	0.0003225806451612	False	False	False	False	5.08130081300813e-05	False	True	False
GTEx.8.	F_INT	~~	SCZ_FG	0.0030124860906177	0.899276672893501	1.80963121912867	0.713354581424116	0.128195362731532	0.0	0	F_INT~~SCZ_FG				GTEx.8.	GTEx.8.	GTEx.8.	expression	Amygdala	True	0.000297619047619	0.0003225806451612	False	False	False	False	5.08130081300813e-05	False	True	False
GTEx.9.	F_INT	~~	SCZ_FG	0.002846819584011	0.819752052453827	1.83659338712712	0.724489908278858	0.124099613128767	0.0	0	F_INT~~SCZ_FG				GTEx.9.	GTEx.9.	GTEx.9.	expression	Cingulate Cortex	True	0.000297619047619	0.0003225806451612	False	False	False	False	5.08130081300813e-05	False	True	False
GTEx.10.	F_INT	~~	SCZ_FG	0.0028020659933439	0.875552399446259	1.83624839531822	0.720343787997615	0.122840919736961	0.0	0	F_INT~~SCZ_FG				GTEx.10.	GTEx.10.	GTEx.10.	expression	Caudate	True	0.000297619047619	0.0003225806451612	False	False	False	False	5.08130081300813e-05	False	True	False
GTEx.11.	F_INT	~~	SCZ_FG	0.0020842071487621	0.688609545645212	1.80970982562089	0.739791417397753	0.136865468281867	0.0	0	F_INT~~SCZ_FG				GTEx.11.	GTEx.11.	GTEx.11.	expression	Cerebellar Hemispher	True	0.000297619047619	0.0003225806451612	False	False	False	False	5.08130081300813e-05	False	True	False
GTEx.12.	F_INT	~~	SCZ_FG	0.0021794827237458	0.735868137761171	1.86707178340408	0.748562623864071	0.123367628676654	0.0	0	F_INT~~SCZ_FG				GTEx.12.	GTEx.12.	GTEx.12.	expression	Cerebellum	True	0.000297619047619	0.0003225806451612	False	False	False	False	5.08130081300813e-05	False	True	False
GTEx.13.	F_INT	~~	SCZ_FG	0.0028529091756667	0.831176902768933	1.81253984646983	0.745161667542564	0.137763892614135	0.0	0	F_INT~~SCZ_FG				GTEx.13.	GTEx.13.	GTEx.13.	expression	Cortex	True	0.000297619047619	0.0003225806451612	False	False	False	False	5.08130081300813e-05	False	True	False
GTEx.14.	F_INT	~~	SCZ_FG	0.0028145240773693	0.804367128549323	1.77770409332676	0.725203678459218	0.141771544757533	0.0	0	F_INT~~SCZ_FG				GTEx.14.	GTEx.14.	GTEx.14.	expression	Frontal Cortex	True	0.000297619047619	0.0003225806451612	False	False	False	False	5.08130081300813e-05	False	True	False
GTEx.15.	F_INT	~~	SCZ_FG	0.0031818628957004	0.931993544257991	1.88277511180366	0.726842196631322	0.112271792551576	0.0	0	F_INT~~SCZ_FG				GTEx.15.	GTEx.15.	GTEx.15.	expression	Hippocampus	True	0.000297619047619	0.0003225806451612	False	False	False	False	5.08130081300813e-05	False	True	False
GTEx.16.	F_INT	~~	SCZ_FG	0.0031248172578347	0.959204345766229	1.77069265891984	0.699782995836138	0.135376326764642	0.0	0	F_INT~~SCZ_FG				GTEx.16.	GTEx.16.	GTEx.16.	expression	Hypothalamus	True	0.000297619047619	0.0003225806451612	False	False	False	False	5.08130081300813e-05	False	True	False
GTEx.17.	F_INT	~~	SCZ_FG	0.0026054745120465	0.801342107508905	1.76677472852972	0.712970303315624	0.141083258952073	0.0	0	F_INT~~SCZ_FG				GTEx.17.	GTEx.17.	GTEx.17.	expression	Nucleus Accumbens	True	0.000297619047619	0.0003225806451612	False	False	False	False	5.08130081300813e-05	False	True	False
GTEx.18.	F_INT	~~	SCZ_FG	0.0028866968584298	0.898246883542066	1.89000948489859	0.721987237193957	0.108839767558353	0.0	0	F_INT~~SCZ_FG				GTEx.18.	GTEx.18.	GTEx.18.	expression	Putamen	True	0.000297619047619	0.0003225806451612	False	False	False	False	5.08130081300813e-05	False	True	False
GTEx.19.	F_INT	~~	SCZ_FG	0.0035909161874511	1.1918722570638	1.76298132501496	0.728620108526816	0.147513055866291	0.0	0	F_INT~~SCZ_FG				GTEx.19.	GTEx.19.	GTEx.19.	expression	Spinal Cord	True	0.000297619047619	0.0003225806451612	False	False	False	False	5.08130081300813e-05	False	True	False
GTEx.20.	F_INT	~~	SCZ_FG	0.0033062428625861	1.05794570207836	1.97181255687046	0.719267197017006	0.088329330208693	0.0	0	F_INT~~SCZ_FG				GTEx.20.	GTEx.20.	GTEx.20.	expression	Substantia Nigra	True	0.000297619047619	0.0003225806451612	False	False	False	False	5.08130081300813e-05	False	True	False
Franke.152.	F_INT	~~	SCZ_FG	0.0020853583402986	1.0956654242761	1.40974431246336	0.681523567769088	0.273847361372539	0.0	0	F_INT~~SCZ_FG				Franke.152.	Franke.152.	Franke.152.	expression	Endocrine Cells	True	0.000297619047619	0.0003225806451612	False	False	False	False	5.08130081300813e-05	False	True	False
GTEx.40.	F_INT	~~	SCZ_FG	0.0016477368284261	0.722399764878226	1.26509874736265	0.688222161022937	0.35004700549452	0.0	0	F_INT~~SCZ_FG				GTEx.40.	GTEx.40.	GTEx.40.	expression	Ovary	True	0.000297619047619	0.0003225806451612	False	False	False	False	5.08130081300813e-05	False	True	False
GTEx.42.	F_INT	~~	SCZ_FG	0.0015986919351405	0.711236909601761	1.44920291823931	0.676083110689862	0.253210872998869	0.0	0	F_INT~~SCZ_FG				GTEx.42.	GTEx.42.	GTEx.42.	expression	Pituitary	True	0.000297619047619	0.0003225806451612	False	False	False	False	5.08130081300813e-05	False	True	False
GTEx.49.	F_INT	~~	SCZ_FG	0.0009998518172091	0.663178296492154	0.82148557063887	0.418830876215842	0.665026517244662	0.0	0	F_INT~~SCZ_FG				GTEx.49.	GTEx.49.	GTEx.49.	expression	Testis	True	0.000297619047619	0.0003225806451612	False	False	False	False	5.08130081300813e-05	False	True	False
Roadmap.224.	F_INT	~~	SCZ_FG	0.0011975333123274	0.761399680108502	0.504764377910583	1.43980692690983	0.634561719717275	0.0	0	F_INT~~SCZ_FG				Roadmap.224.	Roadmap.224.	Roadmap.224.	chromatin	Adipose Nuclei H3K4me1	True	0.000297619047619	0.0003225806451612	False	False	False	False	5.08130081300813e-05	False	True	False
Roadmap.60.	F_INT	~~	SCZ_FG	0.0018829633302267	1.30375517553665	4.15660132319428	2.62826131888241	0.114871211442965	0.0	0	F_INT~~SCZ_FG				Roadmap.60.	Roadmap.60.	Roadmap.60.	chromatin	Angular Gyrus H3K27ac	True	0.000297619047619	0.0003225806451612	False	False	False	False	5.08130081300813e-05	False	True	False
Roadmap.139.	F_INT	~~	SCZ_FG	0.001743777098162	0.955430537276102	2.71071067390759	4.08147611001577	0.337556839871025	0.0	"lavaan->lav_object_post_check():  
   covariance matrix of latent variables is not positive definite ; use 
   lavInspect(fit, ""cov.lv"") to investigate."	F_INT~~SCZ_FG				Roadmap.139.	Roadmap.139.	Roadmap.139.	chromatin	Angular Gyrus H3K36me3	True	0.000297619047619	0.0003225806451612	False	False	True	False	5.08130081300813e-05	False	False	False
Roadmap.227.	F_INT	~~	SCZ_FG	0.0017486412300502	0.998187448798432	4.82480915624706	3.36342684703198	0.127732304973326	0.0	0	F_INT~~SCZ_FG				Roadmap.227.	Roadmap.227.	Roadmap.227.	chromatin	Angular Gyrus H3K4me1	True	0.000297619047619	0.0003225806451612	False	False	False	False	5.08130081300813e-05	False	True	False
Roadmap.315.	F_INT	~~	SCZ_FG	0.0016272345023517	1.30667984867258	1.21093253250519	4.31933257221628	0.480525586035344	0.0	"lavaan->lav_object_post_check():  
   some estimated ov variances are negative"	F_INT~~SCZ_FG				Roadmap.315.	Roadmap.315.	Roadmap.315.	chromatin	Angular Gyrus H3K4me3	True	0.000297619047619	0.0003225806451612	False	False	True	False	5.08130081300813e-05	False	False	False
Roadmap.373.	F_INT	~~	SCZ_FG	0.0033905608394373	1.79991374711383	2.35173672627569	3.91437151097762	0.364924414022635	0.0	0	F_INT~~SCZ_FG				Roadmap.373.	Roadmap.373.	Roadmap.373.	chromatin	Angular Gyrus H3K9ac	True	0.000297619047619	0.0003225806451612	False	False	False	False	5.08130081300813e-05	False	True	False
Roadmap.61.	F_INT	~~	SCZ_FG	0.0003368566194875	0.337159807091631	2.01748577122482	2.16206976178263	0.318960603715024	0.0	0	F_INT~~SCZ_FG				Roadmap.61.	Roadmap.61.	Roadmap.61.	chromatin	Anterior Caudate H3K27ac	True	0.000297619047619	0.0003225806451612	False	False	False	False	5.08130081300813e-05	False	True	False
Roadmap.140.	F_INT	~~	SCZ_FG	0.0025532785833483	1.04070050551222	0.844454924347136	2.91622178775668	0.521268648711116	0.0	0	F_INT~~SCZ_FG				Roadmap.140.	Roadmap.140.	Roadmap.140.	chromatin	Anterior Caudate H3K36me3	True	0.000297619047619	0.0003225806451612	False	False	False	False	5.08130081300813e-05	False	True	False
Roadmap.228.	F_INT	~~	SCZ_FG	0.003939717991036	1.77244242563049	2.15085668426711	2.4789124282475	0.321231201568236	0.0	0	F_INT~~SCZ_FG				Roadmap.228.	Roadmap.228.	Roadmap.228.	chromatin	Anterior Caudate H3K4me1	True	0.000297619047619	0.0003225806451612	False	False	False	False	5.08130081300813e-05	False	True	False
Roadmap.316.	F_INT	~~	SCZ_FG	0.0020726412904307	1.259735316364	2.66275885474359	3.51689945791409	0.318181102882923	0.0	"lavaan->lav_object_post_check():  
   some estimated ov variances are negative"	F_INT~~SCZ_FG				Roadmap.316.	Roadmap.316.	Roadmap.316.	chromatin	Anterior Caudate H3K4me3	True	0.000297619047619	0.0003225806451612	False	False	True	False	5.08130081300813e-05	False	False	False
Roadmap.374.	F_INT	~~	SCZ_FG	0.0022721682312653	0.973637083008369	3.79517804297819	3.89283636221167	0.236369018524488	0.0	0	F_INT~~SCZ_FG				Roadmap.374.	Roadmap.374.	Roadmap.374.	chromatin	Anterior Caudate H3K9ac	True	0.000297619047619	0.0003225806451612	False	False	False	False	5.08130081300813e-05	False	True	False
Roadmap.62.	F_INT	~~	SCZ_FG	0.0020796644760034	1.07901984402601	3.04347948837886	2.36224200513355	0.193503112502401	0.0	0	F_INT~~SCZ_FG				Roadmap.62.	Roadmap.62.	Roadmap.62.	chromatin	Cingulate Gyrus H3K27ac	True	0.000297619047619	0.0003225806451612	False	False	False	False	5.08130081300813e-05	False	True	False
Roadmap.141.	F_INT	~~	SCZ_FG	0.0033780507075528	1.91279845285927	4.51174150118127	3.21569587981386	0.137402773058547	0.0	"lavaan->lav_object_post_check():  
   some estimated ov variances are negative"	F_INT~~SCZ_FG				Roadmap.141.	Roadmap.141.	Roadmap.141.	chromatin	Cingulate Gyrus H3K36me3	True	0.000297619047619	0.0003225806451612	False	False	True	False	5.08130081300813e-05	False	False	False
Roadmap.229.	F_INT	~~	SCZ_FG	0.0005252296976412	0.25618126918839	2.7728082293362	2.87764984588378	0.268927085903654	0.0	0	F_INT~~SCZ_FG				Roadmap.229.	Roadmap.229.	Roadmap.229.	chromatin	Cingulate Gyrus H3K4me1	True	0.000297619047619	0.0003225806451612	False	False	False	False	5.08130081300813e-05	False	True	False
Roadmap.317.	F_INT	~~	SCZ_FG	0.0013387592225709	0.795146448306796	-0.279126368161047	4.04223033248359	0.624166001807999	0.0	0	F_INT~~SCZ_FG				Roadmap.317.	Roadmap.317.	Roadmap.317.	chromatin	Cingulate Gyrus H3K4me3	True	0.000297619047619	0.0003225806451612	False	False	False	False	5.08130081300813e-05	False	True	False
Roadmap.375.	F_INT	~~	SCZ_FG	0.0020455751280131	1.0617693931854	2.34264673747822	3.70891927483945	0.358674205912744	0.0	0	F_INT~~SCZ_FG				Roadmap.375.	Roadmap.375.	Roadmap.375.	chromatin	Cingular Gyrus H3K9ac	True	0.000297619047619	0.0003225806451612	False	False	False	False	5.08130081300813e-05	False	True	False
Roadmap.65.	F_INT	~~	SCZ_FG	0.0016653321376394	1.08799733105622	3.84220490004275	2.70993801929262	0.147133228188309	0.0	"lavaan->lav_object_post_check():  
   some estimated ov variances are negative"	F_INT~~SCZ_FG				Roadmap.65.	Roadmap.65.	Roadmap.65.	chromatin	dLPFC H3K27ac	True	0.000297619047619	0.0003225806451612	False	False	True	False	5.08130081300813e-05	False	False	False
Roadmap.145.	F_INT	~~	SCZ_FG	0.002088242678778	1.28468625123397	2.97125933931979	3.1439348846468	0.265328349226496	0.0	0	F_INT~~SCZ_FG				Roadmap.145.	Roadmap.145.	Roadmap.145.	chromatin	dLPFC H3K36me3	True	0.000297619047619	0.0003225806451612	False	False	False	False	5.08130081300813e-05	False	True	False
Roadmap.233.	F_INT	~~	SCZ_FG	0.0030383474011962	0.674408377665194	1.14094177612824	3.04655107441212	0.481550421489232	0.0	"lavaan->lav_object_post_check():  
   some estimated ov variances are negative"	F_INT~~SCZ_FG				Roadmap.233.	Roadmap.233.	Roadmap.233.	chromatin	dLPFC H3K4me1	True	0.000297619047619	0.0003225806451612	False	False	True	False	5.08130081300813e-05	False	False	False
Roadmap.321.	F_INT	~~	SCZ_FG	0.0013666452783641	0.93396736935038				0.0	"lavaan->lav_lavaan_step11_estoptim():  
   the optimizer warns that a solution has NOT been found!"	F_INT~~SCZ_FG				Roadmap.321.	Roadmap.321.	Roadmap.321.	chromatin	dLPFC H3K4me3	True	0.000297619047619	0.0003225806451612	False	False	True	False	5.08130081300813e-05	False	False	False
Roadmap.377.	F_INT	~~	SCZ_FG	0.0005148277605555	0.461635595017639	-4.17797838767815	4.69124559086892	0.865149943203125	0.0	"lavaan->lav_object_post_check():  
   some estimated ov variances are negative"	F_INT~~SCZ_FG				Roadmap.377.	Roadmap.377.	Roadmap.377.	chromatin	dLPFC H3K9ac	True	0.000297619047619	0.0003225806451612	False	False	True	False	5.08130081300813e-05	False	False	False
Roadmap.142.	F_INT	~~	SCZ_FG	0.0012061599204033	0.56333882827492	0.617580945889946	3.70012618369915	0.54115858419303	0.0	"lavaan->lav_lavaan_step11_estoptim():  
   the optimizer (NLMINB) claimed the model converged, but not all elements 
   of the gradient are (near) zero; the optimizer may not have found a local 
   solution use check.gradient = FALSE to skip this check."	F_INT~~SCZ_FG				Roadmap.142.	Roadmap.142.	Roadmap.142.	chromatin	Germinal Matrix H3K6me3	True	0.000297619047619	0.0003225806451612	False	False	True	False	5.08130081300813e-05	False	False	False
Roadmap.230.	F_INT	~~	SCZ_FG	0.0019770539372903	1.29407850868029	3.83684721165176	4.5126226617208	0.26479005435349	0.0	"lavaan->lav_object_post_check():  
   some estimated ov variances are negative"	F_INT~~SCZ_FG				Roadmap.230.	Roadmap.230.	Roadmap.230.	chromatin	Germinal Matrix H3K4me1	True	0.000297619047619	0.0003225806451612	False	False	True	False	5.08130081300813e-05	False	False	False
Roadmap.318.	F_INT	~~	SCZ_FG	0.0008527362759348	1.12354706192561				0.0	"lavaan->lav_lavaan_step11_estoptim():  
   the optimizer warns that a solution has NOT been found!"	F_INT~~SCZ_FG				Roadmap.318.	Roadmap.318.	Roadmap.318.	chromatin	Germinal Matrix H3K4me3	True	0.000297619047619	0.0003225806451612	False	False	True	False	5.08130081300813e-05	False	False	False
Roadmap.63.	F_INT	~~	SCZ_FG	0.0018809281571457	1.20396258103205	1.54896338973605	1.90103965694291	0.386378661710755	0.0	"lavaan->lav_object_post_check():  
   some estimated ov variances are negative"	F_INT~~SCZ_FG				Roadmap.63.	Roadmap.63.	Roadmap.63.	chromatin	Middle Hippocampus H3K27ac	True	0.000297619047619	0.0003225806451612	False	False	True	False	5.08130081300813e-05	False	False	False
Roadmap.143.	F_INT	~~	SCZ_FG	0.0015165598372608	0.889313384986401	1.64197830991205	2.11469070017518	0.380723853919214	0.0	0	F_INT~~SCZ_FG				Roadmap.143.	Roadmap.143.	Roadmap.143.	chromatin	Middle Hippocampus H3K36me3	True	0.000297619047619	0.0003225806451612	False	False	False	False	5.08130081300813e-05	False	True	False
Roadmap.231.	F_INT	~~	SCZ_FG	0.0015631504506504	1.61932782105061	6.19728556959947	1.75036357570533	0.0014925866662646	0.0	"lavaan->lav_object_post_check():  
   some estimated ov variances are negative"	F_INT~~SCZ_FG				Roadmap.231.	Roadmap.231.	Roadmap.231.	chromatin	Middle Hippocampus H3K4me1	True	0.000297619047619	0.0003225806451612	False	False	True	False	5.08130081300813e-05	False	False	False
Roadmap.319.	F_INT	~~	SCZ_FG	0.001724291483567	1.13203324433467	6.36769816633705	3.22188994805155	0.0478557949895393	0.0	"lavaan->lav_object_post_check():  
   some estimated ov variances are negative"	F_INT~~SCZ_FG				Roadmap.319.	Roadmap.319.	Roadmap.319.	chromatin	Middle Hippocampus H3K4me3	True	0.000297619047619	0.0003225806451612	False	False	True	False	5.08130081300813e-05	False	False	False
Roadmap.64.	F_INT	~~	SCZ_FG	0.0011824983868229	0.989257063459857	4.25312448389632	1.95096759611775	0.0477133162388397	0.0	0	F_INT~~SCZ_FG				Roadmap.64.	Roadmap.64.	Roadmap.64.	chromatin	Inferior Temporal Lobe H3K27ac	True	0.000297619047619	0.0003225806451612	False	False	False	False	5.08130081300813e-05	False	True	False
Roadmap.144.	F_INT	~~	SCZ_FG	0.0022573062961347	1.18830095117024	4.34781562787872	2.78966993458344	0.115054934229441	0.0	"lavaan->lav_object_post_check():  
   some estimated ov variances are negative"	F_INT~~SCZ_FG				Roadmap.144.	Roadmap.144.	Roadmap.144.	chromatin	Interior Temporal Lobe H3K36me3	True	0.000297619047619	0.0003225806451612	False	False	True	False	5.08130081300813e-05	False	False	False
Roadmap.232.	F_INT	~~	SCZ_FG	0.0026904132146655	1.06102733086312	-0.575619948531964	3.43687735939801	0.676683689861801	0.0	0	F_INT~~SCZ_FG				Roadmap.232.	Roadmap.232.	Roadmap.232.	chromatin	Inferior Temporal Lobe H3K4me1	True	0.000297619047619	0.0003225806451612	False	False	False	False	5.08130081300813e-05	False	True	False
Roadmap.320.	F_INT	~~	SCZ_FG	0.0018945771907957	0.986649292290981	1.96798854964631	3.90770582846574	0.402178333825494	0.0	"lavaan->lav_object_post_check():  
   some estimated ov variances are negative"	F_INT~~SCZ_FG				Roadmap.320.	Roadmap.320.	Roadmap.320.	chromatin	Interior Temporal Lobe H3K4me3	True	0.000297619047619	0.0003225806451612	False	False	True	False	5.08130081300813e-05	False	False	False
Roadmap.376.	F_INT	~~	SCZ_FG	0.0005388665596983	1.37620868589415	0.873070454107566	3.44039780348488	0.514715181242347	0.0	0	F_INT~~SCZ_FG				Roadmap.376.	Roadmap.376.	Roadmap.376.	chromatin	Inferior Temporal Lobe H3K9ac	True	0.000297619047619	0.0003225806451612	False	False	False	False	5.08130081300813e-05	False	True	False
Roadmap.66.	F_INT	~~	SCZ_FG	0.00071270776777	0.909770187845377	-0.0891874690026925	1.93036936747363	0.713703865395754	0.0	0	F_INT~~SCZ_FG				Roadmap.66.	Roadmap.66.	Roadmap.66.	chromatin	Substantia Nigra H3K27ac	True	0.000297619047619	0.0003225806451612	False	False	False	False	5.08130081300813e-05	False	True	False
Roadmap.146.	F_INT	~~	SCZ_FG	0.0012969197762881	1.01145680454456	1.62903514212235	4.38940501839381	0.443023623013806	0.0	"lavaan->lav_object_post_check():  
   covariance matrix of latent variables is not positive definite ; use 
   lavInspect(fit, ""cov.lv"") to investigate."	F_INT~~SCZ_FG				Roadmap.146.	Roadmap.146.	Roadmap.146.	chromatin	Substantia Nigra H3K36me3	True	0.000297619047619	0.0003225806451612	False	False	True	False	5.08130081300813e-05	False	False	False
Roadmap.234.	F_INT	~~	SCZ_FG	0.0015779587665841	0.569343059576323	-0.762797187048417	2.37131732367599	0.771375108841537	0.0	0	F_INT~~SCZ_FG				Roadmap.234.	Roadmap.234.	Roadmap.234.	chromatin	Substantia Nigra H3K4me1	True	0.000297619047619	0.0003225806451612	False	False	False	False	5.08130081300813e-05	False	True	False
Roadmap.322.	F_INT	~~	SCZ_FG	0.0009369386216313	1.11169347071595	-0.559450810838038	4.4071946203068	0.638271373597436	0.0	0	F_INT~~SCZ_FG				Roadmap.322.	Roadmap.322.	Roadmap.322.	chromatin	Substantia Nigra H3K4me3	True	0.000297619047619	0.0003225806451612	False	False	False	False	5.08130081300813e-05	False	True	False
Roadmap.378.	F_INT	~~	SCZ_FG	0.0021227961159578	1.27501440702715	4.1454783632186	4.14893775473753	0.224183393561276	0.0	0	F_INT~~SCZ_FG				Roadmap.378.	Roadmap.378.	Roadmap.378.	chromatin	Subtantia Nigra H3K9ac	True	0.000297619047619	0.0003225806451612	False	False	False	False	5.08130081300813e-05	False	True	False
Roadmap.13.	F_INT	~~	SCZ_FG	0.0023394403274412	1.32129702833004	2.0927317284566	4.45352402987615	0.40308753879728	0.0	"lavaan->lav_object_post_check():  
   covariance matrix of latent variables is not positive definite ; use 
   lavInspect(fit, ""cov.lv"") to investigate."	F_INT~~SCZ_FG				Roadmap.13.	Roadmap.13.	Roadmap.13.	chromatin	Fetal Adrenal Gland DNase	True	0.000297619047619	0.0003225806451612	False	False	True	False	5.08130081300813e-05	False	False	False
Roadmap.71.	F_INT	~~	SCZ_FG	0.0008263547913314	0.937753525169325	2.91608233117189	1.95789318153234	0.163877713460451	0.0	0	F_INT~~SCZ_FG				Roadmap.71.	Roadmap.71.	Roadmap.71.	chromatin	Fetal Adrenal Gland H3K27ac	True	0.000297619047619	0.0003225806451612	False	False	False	False	5.08130081300813e-05	False	True	False
Roadmap.152.	F_INT	~~	SCZ_FG	0.0014244467767505	0.965184082046995	1.88596642454358	1.25497515359558	0.240105474487156	0.0	0	F_INT~~SCZ_FG				Roadmap.152.	Roadmap.152.	Roadmap.152.	chromatin	Fetal Adrenal Gland H3K36me3	True	0.000297619047619	0.0003225806451612	False	False	False	False	5.08130081300813e-05	False	True	False
Roadmap.240.	F_INT	~~	SCZ_FG	0.0027427922979175	1.29622427302963	2.45911390695146	2.05292968670501	0.238620470574258	0.0	"lavaan->lav_object_post_check():  
   some estimated ov variances are negative"	F_INT~~SCZ_FG				Roadmap.240.	Roadmap.240.	Roadmap.240.	chromatin	Fetal Adrenal Gland H3K4me1	True	0.000297619047619	0.0003225806451612	False	False	True	False	5.08130081300813e-05	False	False	False
Roadmap.328.	F_INT	~~	SCZ_FG	0.001222361742008	0.999130447099218	0.657296908081896	4.49743731972829	0.530369864322383	0.0	0	F_INT~~SCZ_FG				Roadmap.328.	Roadmap.328.	Roadmap.328.	chromatin	Fetal Adrenal Gland H3K4me3	True	0.000297619047619	0.0003225806451612	False	False	False	False	5.08130081300813e-05	False	True	False
Roadmap.15.	F_INT	~~	SCZ_FG	0.002796066031816	1.56188430647343	2.19254558204888	4.36601287458647	0.392371670876769	0.0	"lavaan->lav_object_post_check():  
   some estimated ov variances are negative"	F_INT~~SCZ_FG				Roadmap.15.	Roadmap.15.	Roadmap.15.	chromatin	Fetal Female Brain Dnase	True	0.000297619047619	0.0003225806451612	False	False	True	False	5.08130081300813e-05	False	False	False
Roadmap.154.	F_INT	~~	SCZ_FG	0.0008107277070362	1.26583841808715	6.48872287427846	2.34116266734865	0.0095277565983393	0.0	0	F_INT~~SCZ_FG				Roadmap.154.	Roadmap.154.	Roadmap.154.	chromatin	Fetal Female Brain H3K36me3	True	0.000297619047619	0.0003225806451612	False	False	False	False	5.08130081300813e-05	False	True	False
Roadmap.242.	F_INT	~~	SCZ_FG	0.0018149626566516	0.493678303877408	9.42484540188805	3.78299216721188	0.012972560627187	0.0	0	F_INT~~SCZ_FG				Roadmap.242.	Roadmap.242.	Roadmap.242.	chromatin	Fetal Female Brain H3K4me1	True	0.000297619047619	0.0003225806451612	False	False	False	False	5.08130081300813e-05	False	True	False
Roadmap.330.	F_INT	~~	SCZ_FG	0.0009075274581913	1.21033318651103	6.20132415104023	4.16070171725871	0.105630152102881	0.0	0	F_INT~~SCZ_FG				Roadmap.330.	Roadmap.330.	Roadmap.330.	chromatin	Fetal Female Brain H3K4me3	True	0.000297619047619	0.0003225806451612	False	False	False	False	5.08130081300813e-05	False	True	False
Roadmap.14.	F_INT	~~	SCZ_FG	0.0013564798919616	0.904332977079918	0.842458463598713	4.71696354467864	0.513321768635867	0.0	"lavaan->lav_object_post_check():  
   some estimated ov variances are negative"	F_INT~~SCZ_FG				Roadmap.14.	Roadmap.14.	Roadmap.14.	chromatin	Fetal Male Brain DNAse	True	0.000297619047619	0.0003225806451612	False	False	True	False	5.08130081300813e-05	False	False	False
Roadmap.153.	F_INT	~~	SCZ_FG	0.0013596966322321	1.83405303889309				0.0	"lavaan->lav_lavaan_step11_estoptim():  
   the optimizer warns that a solution has NOT been found!"	F_INT~~SCZ_FG				Roadmap.153.	Roadmap.153.	Roadmap.153.	chromatin	Fetal Male Brain H3K36me3	True	0.000297619047619	0.0003225806451612	False	False	True	False	5.08130081300813e-05	False	False	False
Roadmap.241.	F_INT	~~	SCZ_FG	0.0011614112823788	0.967367737005231	3.98914281334673	1.89236044798074	0.0571010509526885	0.0	"lavaan->lav_object_post_check():  
   some estimated ov variances are negative"	F_INT~~SCZ_FG				Roadmap.241.	Roadmap.241.	Roadmap.241.	chromatin	Fetal Male Brain H3K4me1	True	0.000297619047619	0.0003225806451612	False	False	True	False	5.08130081300813e-05	False	False	False
Roadmap.329.	F_INT	~~	SCZ_FG	0.0013993222481154	1.13274813448451	-10.7535092780656	15.3534527447127	0.778021619225878	0.0	"lavaan->lav_object_post_check():  
   covariance matrix of latent variables is not positive definite ; use 
   lavInspect(fit, ""cov.lv"") to investigate."	F_INT~~SCZ_FG				Roadmap.329.	Roadmap.329.	Roadmap.329.	chromatin	Fetal Male Brain H3K4me3	True	0.000297619047619	0.0003225806451612	False	False	True	False	5.08130081300813e-05	False	False	False
Roadmap.51.	F_INT	~~	SCZ_FG	0.0009339637992905	0.462141192349739	2.77904833714453	2.04496288185062	0.19215947134958	0.0	"lavaan->lav_object_post_check():  
   some estimated ov variances are negative"	F_INT~~SCZ_FG				Roadmap.51.	Roadmap.51.	Roadmap.51.	chromatin	Foreskin H3K27ac	True	0.000297619047619	0.0003225806451612	False	False	True	False	5.08130081300813e-05	False	False	False
Roadmap.98.	F_INT	~~	SCZ_FG	0.001208592531981	1.22869944086427	0.22215200432282	2.32708467917235	0.63090777449427	0.0	"lavaan->lav_object_post_check():  
   some estimated ov variances are negative"	F_INT~~SCZ_FG				Roadmap.98.	Roadmap.98.	Roadmap.98.	chromatin	Mammry Epithelial Cells H3K27ac	True	0.000297619047619	0.0003225806451612	False	False	True	False	5.08130081300813e-05	False	False	False
Roadmap.27.	F_INT	~~	SCZ_FG	0.0040441543513899	1.82027220299585	0.951017770168416	3.33955294635566	0.505851196899708	0.0	"lavaan->lav_object_post_check():  
   some estimated ov variances are negative"	F_INT~~SCZ_FG				Roadmap.27.	Roadmap.27.	Roadmap.27.	chromatin	Ovary DNAse	True	0.000297619047619	0.0003225806451612	False	False	True	False	5.08130081300813e-05	False	False	False
Roadmap.83.	F_INT	~~	SCZ_FG	0.0018717824729153	2.43408736357639	1.47431121874089	2.77944254879055	0.432249582365019	0.0	"lavaan->lav_lavaan_step11_estoptim():  
   the optimizer (NLMINB) claimed the model converged, but not all elements 
   of the gradient are (near) zero; the optimizer may not have found a local 
   solution use check.gradient = FALSE to skip this check."	F_INT~~SCZ_FG				Roadmap.83.	Roadmap.83.	Roadmap.83.	chromatin	Ovary H3K27ac	True	0.000297619047619	0.0003225806451612	False	False	True	False	5.08130081300813e-05	False	False	False
Roadmap.169.	F_INT	~~	SCZ_FG	0.0011995082772743	1.24284909165915	-0.567002121237218	2.65834371618272	0.722225502464292	0.0	0	F_INT~~SCZ_FG				Roadmap.169.	Roadmap.169.	Roadmap.169.	chromatin	Ovary H3K36me3	True	0.000297619047619	0.0003225806451612	False	False	False	False	5.08130081300813e-05	False	True	False
Roadmap.257.	F_INT	~~	SCZ_FG	0.0024205547573384	0.789170060871306	1.93101076815341	2.93633237769035	0.375596812303053	0.0	"lavaan->lav_object_post_check():  
   covariance matrix of latent variables is not positive definite ; use 
   lavInspect(fit, ""cov.lv"") to investigate."	F_INT~~SCZ_FG				Roadmap.257.	Roadmap.257.	Roadmap.257.	chromatin	Ovary H3K4me1	True	0.000297619047619	0.0003225806451612	False	False	True	False	5.08130081300813e-05	False	False	False
Roadmap.345.	F_INT	~~	SCZ_FG	0.0007863364054998	0.954678519026984	1.40220831195009	4.51343182188601	0.464495801026593	0.0	"lavaan->lav_object_post_check():  
   some estimated ov variances are negative"	F_INT~~SCZ_FG				Roadmap.345.	Roadmap.345.	Roadmap.345.	chromatin	Ovary H3K4me3	True	0.000297619047619	0.0003225806451612	False	False	True	False	5.08130081300813e-05	False	False	False
Roadmap.223.	F_INT	~~	SCZ_FG	0.0002178394722296	0.837568987745437	-2.98710152543905	4.47282564559602	0.81364417457329	0.0	"lavaan->lav_lavaan_step11_estoptim():  
   the optimizer (NLMINB) claimed the model converged, but not all elements 
   of the gradient are (near) zero; the optimizer may not have found a local 
   solution use check.gradient = FALSE to skip this check."	F_INT~~SCZ_FG				Roadmap.223.	Roadmap.223.	Roadmap.223.	chromatin	Monoculear Peripheral Blood Cells H3K4me1	True	0.000297619047619	0.0003225806451612	False	False	True	False	5.08130081300813e-05	False	False	False
Roadmap.261.	F_INT	~~	SCZ_FG	0.0006566704632351	0.59372184087328	1.90237519394325	2.60023635364962	0.364282198700709	0.0	"lavaan->lav_object_post_check():  
   covariance matrix of latent variables is not positive definite ; use 
   lavInspect(fit, ""cov.lv"") to investigate."	F_INT~~SCZ_FG				Roadmap.261.	Roadmap.261.	Roadmap.261.	chromatin	Rectal Mucosa H3K4me1	True	0.000297619047619	0.0003225806451612	False	False	True	False	5.08130081300813e-05	False	False	False
PIL2	F_INT	~~	SCZ_FG	0.0029099948347361	0.706426980257223	10.5613383633358	5.15997347717423	0.0319424639193801	0.0	"lavaan->lav_object_post_check():  
   some estimated ov variances are negative"	F_INT~~SCZ_FG				PIL2	PI	PIL2	custom	PI Genes	True	0.000297619047619	0.0003225806451612	False	False	True	False	5.08130081300813e-05	False	False	False
ASC1L2	F_INT	~~	SCZ_FG	0.0026020931159143	0.810462887448266	5.31749035088278	6.91567115903715	0.266213542780475	0.0	0	F_INT~~SCZ_FG				ASC1L2	ASC1	ASC1L2	custom	ASC1	True	0.000297619047619	0.0003225806451612	False	False	False	False	5.08130081300813e-05	False	True	False
ASC2L2	F_INT	~~	SCZ_FG	0.001954500533634	0.642252391212333	14.7736706856007	7.21376744038692	0.0281079078455039	0.0	0	F_INT~~SCZ_FG				ASC2L2	ASC2	ASC2L2	custom	ASC2	True	0.000297619047619	0.0003225806451612	False	False	False	False	5.08130081300813e-05	False	True	False
ENDL2	F_INT	~~	SCZ_FG	0.0016694299506077	0.614269741011969	9.97802846154141	6.92478812566192	0.0974006293105691	0.0	"lavaan->lav_object_post_check():  
   some estimated ov variances are negative"	F_INT~~SCZ_FG				ENDL2	END	ENDL2	custom	Endothelial Cells	True	0.000297619047619	0.0003225806451612	False	False	True	False	5.08130081300813e-05	False	False	False
exCA1L2	F_INT	~~	SCZ_FG	0.0026337382602017	0.761942050097373	5.50077970905489	6.54029887928888	0.245675647622855	0.0	0	F_INT~~SCZ_FG				exCA1L2	exCA1	exCA1L2	custom	exCA1	True	0.000297619047619	0.0003225806451612	False	False	False	False	5.08130081300813e-05	False	True	False
exCA3L2	F_INT	~~	SCZ_FG	0.0027796172740105	0.717408219669533	10.2659024978823	6.3258421417629	0.0714918676527721	0.0	0	F_INT~~SCZ_FG				exCA3L2	exCA3	exCA3L2	custom	exCA3	True	0.000297619047619	0.0003225806451612	False	False	False	False	5.08130081300813e-05	False	True	False
exDGL2	F_INT	~~	SCZ_FG	0.001814298091627	0.55013010069921	8.58881514358327	6.98411431530457	0.138610720793984	0.0	0	F_INT~~SCZ_FG				exDGL2	exDG	exDGL2	custom	exDG	True	0.000297619047619	0.0003225806451612	False	False	False	False	5.08130081300813e-05	False	True	False
exPFC1L2	F_INT	~~	SCZ_FG	0.002598141648289	0.754304713708172	10.2661806519808	5.90775459292582	0.0583848586337885	0.0	0	F_INT~~SCZ_FG				exPFC1L2	exPFC1	exPFC1L2	custom	exPFC1	True	0.000297619047619	0.0003225806451612	False	False	False	False	5.08130081300813e-05	False	True	False
exPFC2L2	F_INT	~~	SCZ_FG	0.0019894859181593	0.93809277302606	5.45432840672415	6.11979718301668	0.23335100465407	0.0	0	F_INT~~SCZ_FG				exPFC2L2	exPFC2	exPFC2L2	custom	exPFC2	True	0.000297619047619	0.0003225806451612	False	False	False	False	5.08130081300813e-05	False	True	False
GABA1L2	F_INT	~~	SCZ_FG	0.0034829997369519	0.916053414245615	11.7622839131535	5.67758721205644	0.0290082315000784	0.0	"lavaan->lav_object_post_check():  
   some estimated ov variances are negative"	F_INT~~SCZ_FG				GABA1L2	GABA1	GABA1L2	custom	GABA1	True	0.000297619047619	0.0003225806451612	False	False	True	False	5.08130081300813e-05	False	False	False
GABA2L2	F_INT	~~	SCZ_FG	0.0039527958589845	1.06099477479216	17.5089219277251	5.74712955286419	0.0020358626776447	0.0	"lavaan->lav_object_post_check():  
   some estimated ov variances are negative"	F_INT~~SCZ_FG				GABA2L2	GABA2	GABA2L2	custom	GABA2	True	0.000297619047619	0.0003225806451612	False	False	True	False	5.08130081300813e-05	False	False	False
MGL2	F_INT	~~	SCZ_FG	0.0018985847098695	0.664440400745171	13.3163426766108	6.24508821115731	0.0242954025375914	0.0	0	F_INT~~SCZ_FG				MGL2	MG	MGL2	custom	Microglia	True	0.000297619047619	0.0003225806451612	False	False	False	False	5.08130081300813e-05	False	True	False
NSCL2	F_INT	~~	SCZ_FG	0.0038333970201918	0.709494858093175	13.383544388124	6.03355640626655	0.020063203753603	0.0	"lavaan->lav_object_post_check():  
   covariance matrix of latent variables is not positive definite ; use 
   lavInspect(fit, ""cov.lv"") to investigate."	F_INT~~SCZ_FG				NSCL2	NSC	NSCL2	custom	Neuronal Stem Cells	True	0.000297619047619	0.0003225806451612	False	False	True	False	5.08130081300813e-05	False	False	False
ODCL2	F_INT	~~	SCZ_FG	0.0059863918935142	2.02336096842665	12.4403701203536	7.20405928534153	0.0561380851659431	0.0	0	F_INT~~SCZ_FG				ODCL2	ODC	ODCL2	custom	Oligodendrocytes	True	0.000297619047619	0.0003225806451612	False	False	False	False	5.08130081300813e-05	False	True	False
OPCL2	F_INT	~~	SCZ_FG	0.002288610820054	0.670391259952655	7.36409471003946	6.74899079347765	0.172848167150766	0.0	0	F_INT~~SCZ_FG				OPCL2	OPC	OPCL2	custom	Oligodendrocyte Precursor Cells	True	0.000297619047619	0.0003225806451612	False	False	False	False	5.08130081300813e-05	False	True	False
PI_x_ASC1L2	F_INT	~~	SCZ_FG	0.0008278004673837	0.791063285327052				0.0	"lavaan->lav_lavaan_step11_estoptim():  
   the optimizer warns that a solution has NOT been found!"	F_INT~~SCZ_FG				PI_x_ASC1L2	PI_x_ASC1	PI_x_ASC1L2	custom	PI x ASC1	True	0.000297619047619	0.0003225806451612	False	False	True	False	5.08130081300813e-05	False	False	False
PI_x_ASC2L2	F_INT	~~	SCZ_FG	0.0012563393082276	1.21775463583206	4.10939365727836	13.6977820380702	0.41021195241414	0.0	0	F_INT~~SCZ_FG				PI_x_ASC2L2	PI_x_ASC2	PI_x_ASC2L2	custom	PI x ASC2	True	0.000297619047619	0.0003225806451612	False	False	False	False	5.08130081300813e-05	False	True	False
PI_x_ENDL2	F_INT	~~	SCZ_FG	0.0006283690252347	0.749222712604719	13.4561015220797	11.1480781445457	0.131926255150488	0.0	"lavaan->lav_object_post_check():  
   some estimated ov variances are negative"	F_INT~~SCZ_FG				PI_x_ENDL2	PI_x_END	PI_x_ENDL2	custom	PI x Endothelial Cells	True	0.000297619047619	0.0003225806451612	False	False	True	False	5.08130081300813e-05	False	False	False
PI_x_exCA1L2	F_INT	~~	SCZ_FG	0.0010569629331679	0.543258378260858	12.2417769101128	10.8502531168996	0.150081407902993	0.0	0	F_INT~~SCZ_FG				PI_x_exCA1L2	PI_x_exCA1	PI_x_exCA1L2	custom	PI x exCA1	True	0.000297619047619	0.0003225806451612	False	False	False	False	5.08130081300813e-05	False	True	False
PI_x_exCA3L2	F_INT	~~	SCZ_FG	0.0003808499534889	0.370879389921652	17.1232138019231	10.5548494698978	0.063310345455285	0.0	0	F_INT~~SCZ_FG				PI_x_exCA3L2	PI_x_exCA3	PI_x_exCA3L2	custom	PI x exCA3	True	0.000297619047619	0.0003225806451612	False	False	False	False	5.08130081300813e-05	False	True	False
PI_x_exDGL2	F_INT	~~	SCZ_FG	0.0010311319859897	0.722679120105401				0.0	"lavaan->lav_lavaan_step11_estoptim():  
   the optimizer warns that a solution has NOT been found!"	F_INT~~SCZ_FG				PI_x_exDGL2	PI_x_exDG	PI_x_exDGL2	custom	PI x exDG	True	0.000297619047619	0.0003225806451612	False	False	True	False	5.08130081300813e-05	False	False	False
PI_x_exPFC1L2	F_INT	~~	SCZ_FG	0.0013022367224113	0.66403014607535	20.5527519415335	9.25322935873343	0.0172972470682901	0.0	0	F_INT~~SCZ_FG				PI_x_exPFC1L2	PI_x_exPFC1	PI_x_exPFC1L2	custom	PI x exPFC1	True	0.000297619047619	0.0003225806451612	False	False	False	False	5.08130081300813e-05	False	True	False
PI_x_exPFC2L2	F_INT	~~	SCZ_FG	0.0009667642105995	0.596749027309259	15.3849010674433	9.85558490849385	0.0722043538690365	0.0	0	F_INT~~SCZ_FG				PI_x_exPFC2L2	PI_x_exPFC2	PI_x_exPFC2L2	custom	PI x exPFC2	True	0.000297619047619	0.0003225806451612	False	False	False	False	5.08130081300813e-05	False	True	False
PI_x_GABA1L2	F_INT	~~	SCZ_FG	0.00125723217105	0.62300809682783	27.1619004868639	8.92820126554426	0.0016934233536035	0.0	"lavaan->lav_lavaan_step11_estoptim():  
   the optimizer (NLMINB) claimed the model converged, but not all elements 
   of the gradient are (near) zero; the optimizer may not have found a local 
   solution use check.gradient = FALSE to skip this check."	F_INT~~SCZ_FG				PI_x_GABA1L2	PI_x_GABA1	PI_x_GABA1L2	custom	PI x GABA1	True	0.000297619047619	0.0003225806451612	False	False	True	False	5.08130081300813e-05	False	False	False
PI_x_GABA2L2	F_INT	~~	SCZ_FG	0.0010193905886793	0.57537587468936	20.7107856982624	9.47050597944632	0.0187040891578809	0.0	0	F_INT~~SCZ_FG				PI_x_GABA2L2	PI_x_GABA2	PI_x_GABA2L2	custom	PI x GABA2	True	0.000297619047619	0.0003225806451612	False	False	False	False	5.08130081300813e-05	False	True	False
PI_x_MGL2	F_INT	~~	SCZ_FG	0.0012824853847695	1.34022240055243				0.0	"lavaan->lav_lavaan_step11_estoptim():  
   the optimizer warns that a solution has NOT been found!"	F_INT~~SCZ_FG				PI_x_MGL2	PI_x_MG	PI_x_MGL2	custom	PI x Microglia	True	0.000297619047619	0.0003225806451612	False	False	True	False	5.08130081300813e-05	False	False	False
PI_x_NSCL2	F_INT	~~	SCZ_FG	0.0016967269085307	1.68624232512762	16.713378822355	12.4142097849824	0.102799962198333	0.0	0	F_INT~~SCZ_FG				PI_x_NSCL2	PI_x_NSC	PI_x_NSCL2	custom	PI x Neuronal Stem Cells	True	0.000297619047619	0.0003225806451612	False	False	False	False	5.08130081300813e-05	False	True	False
PI_x_ODCL2	F_INT	~~	SCZ_FG	0.0021648941049414	1.50144421247781	6.85737175375211	9.81341850327217	0.275295842157687	0.0	0	F_INT~~SCZ_FG				PI_x_ODCL2	PI_x_ODC	PI_x_ODCL2	custom	PI x Oligodendrocytes	True	0.000297619047619	0.0003225806451612	False	False	False	False	5.08130081300813e-05	False	True	False
PI_x_OPCL2	F_INT	~~	SCZ_FG	0.0013160561079839	0.85927148856195	13.1127581529501	10.0746294648179	0.114623059766881	0.0	"lavaan->lav_object_post_check():  
   some estimated ov variances are negative"	F_INT~~SCZ_FG				PI_x_OPCL2	PI_x_OPC	PI_x_OPCL2	custom	PI x Oligodendrocyte Precursor Cells	True	0.000297619047619	0.0003225806451612	False	False	True	False	5.08130081300813e-05	False	False	False
baseL2	F_SUD	~~	SCZ_FG	0.0044864578534601	0.553055486273601	0.999968060476107	6.50869475322979	0.500001957693052	0.0	0	F_SUD~~SCZ_FG				baseL2	base	baseL2	baseline		True	0.000297619047619	0.0003225806451612	False	False	False	False	5.08130081300813e-05	False	True	False
Coding_UCSCL2	F_SUD	~~	SCZ_FG	0.0022827755901907	1.08387405548914	-61.6267891838155	120.519120068842	0.698343419100695	0.0	"lavaan->lav_object_post_check():  
   some estimated ov variances are negative"	F_SUD~~SCZ_FG				Coding_UCSCL2	Coding_UCSC	Coding_UCSCL2	baseline		True	0.000297619047619	0.0003225806451612	False	False	True	False	5.08130081300813e-05	False	False	False
Conserved_LindbladTohL2	F_SUD	~~	SCZ_FG	0.0012163362979743	0.886434994517113	34.0754159448351	130.255482738988	0.399775882807385	0.0	0	F_SUD~~SCZ_FG				Conserved_LindbladTohL2	Conserved_LindbladToh	Conserved_LindbladTohL2	baseline		True	0.000297619047619	0.0003225806451612	False	False	False	False	5.08130081300813e-05	False	True	False
CTCF_HoffmanL2	F_SUD	~~	SCZ_FG	0.0059946659506555	2.24458351170558	42.876664205439	62.3148942818395	0.250786457895577	0.0	0	F_SUD~~SCZ_FG				CTCF_HoffmanL2	CTCF_Hoffman	CTCF_HoffmanL2	baseline		True	0.000297619047619	0.0003225806451612	False	False	False	False	5.08130081300813e-05	False	True	False
DGF_ENCODEL2	F_SUD	~~	SCZ_FG	0.0113375495533006	1.99245506590914	-1.95393010181627	36.9281022847907	0.531877946693864	0.0	"lavaan->lav_object_post_check():  
   some estimated ov variances are negative"	F_SUD~~SCZ_FG				DGF_ENCODEL2	DGF_ENCODE	DGF_ENCODEL2	baseline		True	0.000297619047619	0.0003225806451612	False	False	True	False	5.08130081300813e-05	False	False	False
DHS_peaks_TrynkaL2	F_SUD	~~	SCZ_FG	0.0059318516132404	1.0343057007056	-13.3690960433882	40.1884470768504	0.639657311764013	0.0	0	F_SUD~~SCZ_FG				DHS_peaks_TrynkaL2	DHS_peaks_Trynka	DHS_peaks_TrynkaL2	baseline		True	0.000297619047619	0.0003225806451612	False	False	False	False	5.08130081300813e-05	False	True	False
DHS_TrynkaL2	F_SUD	~~	SCZ_FG	0.0040586564102954	0.723598726178784	16.7059213601506	29.7529363314252	0.298791997823811	0.0	0	F_SUD~~SCZ_FG				DHS_TrynkaL2	DHS_Trynka	DHS_TrynkaL2	baseline		True	0.000297619047619	0.0003225806451612	False	False	False	False	5.08130081300813e-05	False	True	False
Enhancer_AnderssonL2	F_SUD	~~	SCZ_FG	0.0010098757347192	1.48817676810926				0.0	"lavaan->lav_lavaan_step11_estoptim():  
   the optimizer warns that a solution has NOT been found!"	F_SUD~~SCZ_FG				Enhancer_AnderssonL2	Enhancer_Andersson	Enhancer_AnderssonL2	baseline		True	0.000297619047619	0.0003225806451612	False	False	True	False	5.08130081300813e-05	False	False	False
Enhancer_HoffmanL2	F_SUD	~~	SCZ_FG	0.0009640327837785	1.27677695696508	-33.8716801954509	37.8416173577575	0.821609621951971	0.0	0	F_SUD~~SCZ_FG				Enhancer_HoffmanL2	Enhancer_Hoffman	Enhancer_HoffmanL2	baseline		True	0.000297619047619	0.0003225806451612	False	False	False	False	5.08130081300813e-05	False	True	False
FetalDHS_TrynkaL2	F_SUD	~~	SCZ_FG	0.0038462770158872	0.940390543421378	-32.8307167233535	47.0627830861306	0.763880937854627	0.0	"lavaan->lav_object_post_check():  
   some estimated ov variances are negative"	F_SUD~~SCZ_FG				FetalDHS_TrynkaL2	FetalDHS_Trynka	FetalDHS_TrynkaL2	baseline		True	0.000297619047619	0.0003225806451612	False	False	True	False	5.08130081300813e-05	False	False	False
H3K27ac_HniszL2	F_SUD	~~	SCZ_FG	0.0025890897371035	0.526129781223725	-0.567201841020118	10.0207670884866	0.56213931716607	0.0	0	F_SUD~~SCZ_FG				H3K27ac_HniszL2	H3K27ac_Hnisz	H3K27ac_HniszL2	baseline		True	0.000297619047619	0.0003225806451612	False	False	False	False	5.08130081300813e-05	False	True	False
H3K27ac_PGC2L2	F_SUD	~~	SCZ_FG	0.001572840207382	0.438182427416718	-2.28578153191562	13.3917810636331	0.596910403247234	0.0	0	F_SUD~~SCZ_FG				H3K27ac_PGC2L2	H3K27ac_PGC2	H3K27ac_PGC2L2	baseline		True	0.000297619047619	0.0003225806451612	False	False	False	False	5.08130081300813e-05	False	True	False
H3K4me1_peaks_TrynkaL2	F_SUD	~~	SCZ_FG	0.0046815868517883	0.755868946805573	-21.9069340768463	25.0898137741447	0.819378038537802	0.0	"lavaan->lav_object_post_check():  
   some estimated ov variances are negative"	F_SUD~~SCZ_FG				H3K4me1_peaks_TrynkaL2	H3K4me1_peaks_Trynka	H3K4me1_peaks_TrynkaL2	baseline		True	0.000297619047619	0.0003225806451612	False	False	True	False	5.08130081300813e-05	False	False	False
H3K4me1_TrynkaL2	F_SUD	~~	SCZ_FG	0.0038393373876836	0.634694022064577	-10.4480190016322	12.0231384871408	0.82949350072832	0.0	0	F_SUD~~SCZ_FG				H3K4me1_TrynkaL2	H3K4me1_Trynka	H3K4me1_TrynkaL2	baseline		True	0.000297619047619	0.0003225806451612	False	False	False	False	5.08130081300813e-05	False	True	False
H3K4me3_peaks_TrynkaL2	F_SUD	~~	SCZ_FG	0.0018594257348432	0.690831278375265	34.4270801514453	52.9769653513888	0.264028809188142	0.0	"lavaan->lav_object_post_check():  
   covariance matrix of latent variables is not positive definite ; use 
   lavInspect(fit, ""cov.lv"") to investigate."	F_SUD~~SCZ_FG				H3K4me3_peaks_TrynkaL2	H3K4me3_peaks_Trynka	H3K4me3_peaks_TrynkaL2	baseline		True	0.000297619047619	0.0003225806451612	False	False	True	False	5.08130081300813e-05	False	False	False
H3K4me3_TrynkaL2	F_SUD	~~	SCZ_FG	0.0032638616278994	0.93088162780643	-7.94185626730495	18.7324486597472	0.683442059728275	0.0	0	F_SUD~~SCZ_FG				H3K4me3_TrynkaL2	H3K4me3_Trynka	H3K4me3_TrynkaL2	baseline		True	0.000297619047619	0.0003225806451612	False	False	False	False	5.08130081300813e-05	False	True	False
H3K9ac_peaks_TrynkaL2	F_SUD	~~	SCZ_FG	0.0037959926362376	1.46994586872298	-61.5185800277265	68.6591625499368	0.818737497395832	0.0	"lavaan->lav_object_post_check():  
   some estimated ov variances are negative"	F_SUD~~SCZ_FG				H3K9ac_peaks_TrynkaL2	H3K9ac_peaks_Trynka	H3K9ac_peaks_TrynkaL2	baseline		True	0.000297619047619	0.0003225806451612	False	False	True	False	5.08130081300813e-05	False	False	False
H3K9ac_TrynkaL2	F_SUD	~~	SCZ_FG	0.0029960754371585	0.81368217138709	9.21924287572047	22.7809670894196	0.359126615337448	0.0	0	F_SUD~~SCZ_FG				H3K9ac_TrynkaL2	H3K9ac_Trynka	H3K9ac_TrynkaL2	baseline		True	0.000297619047619	0.0003225806451612	False	False	False	False	5.08130081300813e-05	False	True	False
Intron_UCSCL2	F_SUD	~~	SCZ_FG	0.0025956693040877	0.532792747025948	2.19948574121949	10.4051915313079	0.454112537386769	0.0	0	F_SUD~~SCZ_FG				Intron_UCSCL2	Intron_UCSC	Intron_UCSCL2	baseline		True	0.000297619047619	0.0003225806451612	False	False	False	False	5.08130081300813e-05	False	True	False
PromoterFlanking_HoffmanL2	F_SUD	~~	SCZ_FG	0.0011233910785044	1.01004509225563				0.0	"lavaan->lav_lavaan_step11_estoptim():  
   the optimizer warns that a solution has NOT been found!"	F_SUD~~SCZ_FG				PromoterFlanking_HoffmanL2	PromoterFlanking_Hoffman	PromoterFlanking_HoffmanL2	baseline		True	0.000297619047619	0.0003225806451612	False	False	True	False	5.08130081300813e-05	False	False	False
Promoter_UCSCL2	F_SUD	~~	SCZ_FG	0.0011094520639583	1.15195001492418	-51.6496926744951	29.936475688525	0.960686933189033	0.0	0	F_SUD~~SCZ_FG				Promoter_UCSCL2	Promoter_UCSC	Promoter_UCSCL2	baseline		True	0.000297619047619	0.0003225806451612	False	False	False	False	5.08130081300813e-05	False	True	False
Repressed_HoffmanL2	F_SUD	~~	SCZ_FG	0.0004673297802173	0.503045785776127	3.73493163061819	6.35954934810447	0.33357920998745	0.0	"lavaan->lav_object_post_check():  
   some estimated ov variances are negative"	F_SUD~~SCZ_FG				Repressed_HoffmanL2	Repressed_Hoffman	Repressed_HoffmanL2	baseline		True	0.000297619047619	0.0003225806451612	False	False	True	False	5.08130081300813e-05	False	False	False
SuperEnhancer_HniszL2	F_SUD	~~	SCZ_FG	0.0012294782201081	0.499863024109891	-4.12331225551603	11.6150959280215	0.670426377577443	0.0	"lavaan->lav_object_post_check():  
   some estimated ov variances are negative"	F_SUD~~SCZ_FG				SuperEnhancer_HniszL2	SuperEnhancer_Hnisz	SuperEnhancer_HniszL2	baseline		True	0.000297619047619	0.0003225806451612	False	False	True	False	5.08130081300813e-05	False	False	False
TFBS_ENCODEL2	F_SUD	~~	SCZ_FG	0.0025358215358161	0.797809639974368	32.4882349112638	28.4758870221853	0.134409595468462	0.0	0	F_SUD~~SCZ_FG				TFBS_ENCODEL2	TFBS_ENCODE	TFBS_ENCODEL2	baseline		True	0.000297619047619	0.0003225806451612	False	False	False	False	5.08130081300813e-05	False	True	False
Transcr_HoffmanL2	F_SUD	~~	SCZ_FG	0.0036231066842596	0.895862578496535	6.69801510421507	10.2505409514966	0.289148299821409	0.0	0	F_SUD~~SCZ_FG				Transcr_HoffmanL2	Transcr_Hoffman	Transcr_HoffmanL2	baseline		True	0.000297619047619	0.0003225806451612	False	False	False	False	5.08130081300813e-05	False	True	False
TSS_HoffmanL2	F_SUD	~~	SCZ_FG	0.0007180745333636	1.47145927695137	14.3890887279716	69.8838885463195	0.424031494637446	0.0	0	F_SUD~~SCZ_FG				TSS_HoffmanL2	TSS_Hoffman	TSS_HoffmanL2	baseline		True	0.000297619047619	0.0003225806451612	False	False	False	False	5.08130081300813e-05	False	True	False
UTR_3_UCSCL2	F_SUD	~~	SCZ_FG	0.001549689621306	1.27024450017337	-6.94638206487231	116.49727052655	0.527191119397047	0.0	"lavaan->lav_object_post_check():  
   covariance matrix of latent variables is not positive definite ; use 
   lavInspect(fit, ""cov.lv"") to investigate."	F_SUD~~SCZ_FG				UTR_3_UCSCL2	UTR_3_UCSC	UTR_3_UCSCL2	baseline		True	0.000297619047619	0.0003225806451612	False	False	True	False	5.08130081300813e-05	False	False	False
UTR_5_UCSCL2	F_SUD	~~	SCZ_FG	0.0011173701728838	1.96657381950921				0.0	"lavaan->lav_lavaan_step11_estoptim():  
   the optimizer warns that a solution has NOT been found!"	F_SUD~~SCZ_FG				UTR_5_UCSCL2	UTR_5_UCSC	UTR_5_UCSCL2	baseline		True	0.000297619047619	0.0003225806451612	False	False	True	False	5.08130081300813e-05	False	False	False
WeakEnhancer_HoffmanL2	F_SUD	~~	SCZ_FG	0.002618274041366	1.82910160206737	5.15188565893675	82.3183656000543	0.479887103894627	0.0	"lavaan->lav_object_post_check():  
   covariance matrix of latent variables is not positive definite ; use 
   lavInspect(fit, ""cov.lv"") to investigate."	F_SUD~~SCZ_FG				WeakEnhancer_HoffmanL2	WeakEnhancer_Hoffman	WeakEnhancer_HoffmanL2	baseline		True	0.000297619047619	0.0003225806451612	False	False	True	False	5.08130081300813e-05	False	False	False
GERP.RSsup4L2	F_SUD	~~	SCZ_FG	0.0003877569119313	0.543969559960348	80.1281437517766	277.597956150674	0.38780450978671	0.0	"lavaan->lav_object_post_check():  
   some estimated ov variances are negative"	F_SUD~~SCZ_FG				GERP.RSsup4L2	GERP.RSsup4	GERP.RSsup4L2	baseline		True	0.000297619047619	0.0003225806451612	False	False	True	False	5.08130081300813e-05	False	False	False
MAFbin1L2	F_SUD	~~	SCZ_FG	0.0006863383183459	1.11772319176985				0.0	"lavaan->lav_lavaan_step11_estoptim():  
   the optimizer warns that a solution has NOT been found!"	F_SUD~~SCZ_FG				MAFbin1L2	MAFbin1	MAFbin1L2	baseline		True	0.000297619047619	0.0003225806451612	False	False	True	False	5.08130081300813e-05	False	False	False
MAFbin2L2	F_SUD	~~	SCZ_FG	0.000485331559693	0.636209922771691	-0.422527763108846	7.08971657027458	0.57951255442208	0.0	"lavaan->lav_lavaan_step11_estoptim():  
   the optimizer (NLMINB) claimed the model converged, but not all elements 
   of the gradient are (near) zero; the optimizer may not have found a local 
   solution use check.gradient = FALSE to skip this check."	F_SUD~~SCZ_FG				MAFbin2L2	MAFbin2	MAFbin2L2	baseline		True	0.000297619047619	0.0003225806451612	False	False	True	False	5.08130081300813e-05	False	False	False
MAFbin3L2	F_SUD	~~	SCZ_FG	0.0015869610761194	1.96497687169843	-4.21489734058869	7.92166589520008	0.744829933841977	0.0	"lavaan->lav_object_post_check():  
   some estimated ov variances are negative"	F_SUD~~SCZ_FG				MAFbin3L2	MAFbin3	MAFbin3L2	baseline		True	0.000297619047619	0.0003225806451612	False	False	True	False	5.08130081300813e-05	False	False	False
MAFbin4L2	F_SUD	~~	SCZ_FG	0.0004725631003971	0.662121827380395	-8.05997537579481	8.70907636470244	0.850897680939825	0.0	"lavaan->lav_lavaan_step11_estoptim():  
   the optimizer (NLMINB) claimed the model converged, but not all elements 
   of the gradient are (near) zero; the optimizer may not have found a local 
   solution use check.gradient = FALSE to skip this check."	F_SUD~~SCZ_FG				MAFbin4L2	MAFbin4	MAFbin4L2	baseline		True	0.000297619047619	0.0003225806451612	False	False	True	False	5.08130081300813e-05	False	False	False
MAFbin5L2	F_SUD	~~	SCZ_FG	0.0002209457335289	0.574463842787965				0.0	"lavaan->lav_lavaan_step11_estoptim():  
   the optimizer warns that a solution has NOT been found!"	F_SUD~~SCZ_FG				MAFbin5L2	MAFbin5	MAFbin5L2	baseline		True	0.000297619047619	0.0003225806451612	False	False	True	False	5.08130081300813e-05	False	False	False
MAFbin6L2	F_SUD	~~	SCZ_FG	0.0004555057663532	0.385666922344159				0.0	"lavaan->lav_lavaan_step11_estoptim():  
   the optimizer warns that a solution has NOT been found!"	F_SUD~~SCZ_FG				MAFbin6L2	MAFbin6	MAFbin6L2	baseline		True	0.000297619047619	0.0003225806451612	False	False	True	False	5.08130081300813e-05	False	False	False
MAFbin7L2	F_SUD	~~	SCZ_FG	0.0009669896329175	0.927371376789053	6.52963028224491	10.1882843201749	0.293653034181986	0.0	"lavaan->lav_lavaan_step11_estoptim():  
   the optimizer (NLMINB) claimed the model converged, but not all elements 
   of the gradient are (near) zero; the optimizer may not have found a local 
   solution use check.gradient = FALSE to skip this check."	F_SUD~~SCZ_FG				MAFbin7L2	MAFbin7	MAFbin7L2	baseline		True	0.000297619047619	0.0003225806451612	False	False	True	False	5.08130081300813e-05	False	False	False
MAFbin8L2	F_SUD	~~	SCZ_FG	0.0001192786812402	0.303235534581447	-11.3465039880788	11.1118309223464	0.866740224840409	0.0	"lavaan->lav_object_post_check():  
   some estimated ov variances are negative"	F_SUD~~SCZ_FG				MAFbin8L2	MAFbin8	MAFbin8L2	baseline		True	0.000297619047619	0.0003225806451612	False	False	True	False	5.08130081300813e-05	False	False	False
MAFbin9L2	F_SUD	~~	SCZ_FG	0.000405947985995	0.493011158906194	11.9544297515633	10.7847147683829	0.154877411763833	0.0	"lavaan->lav_object_post_check():  
   some estimated ov variances are negative"	F_SUD~~SCZ_FG				MAFbin9L2	MAFbin9	MAFbin9L2	baseline		True	0.000297619047619	0.0003225806451612	False	False	True	False	5.08130081300813e-05	False	False	False
MAFbin10L2	F_SUD	~~	SCZ_FG	0.0011500562259995	0.894354986160682	-0.508347580419106	9.88940070288935	0.560612236740914	0.0	0	F_SUD~~SCZ_FG				MAFbin10L2	MAFbin10	MAFbin10L2	baseline		True	0.000297619047619	0.0003225806451612	False	False	False	False	5.08130081300813e-05	False	True	False
synonymousL2	F_SUD	~~	SCZ_FG	0.0023042794132926	1.53381400287379	-966.938814821376	434.653227207367	0.987023754907035	0.0	0	F_SUD~~SCZ_FG				synonymousL2	synonymous	synonymousL2	baseline		True	0.000297619047619	0.0003225806451612	False	False	False	False	5.08130081300813e-05	False	True	False
non_synonymousL2	F_SUD	~~	SCZ_FG	0.0038603365209715	1.9326560131179				0.0	"lavaan->lav_lavaan_step11_estoptim():  
   the optimizer warns that a solution has NOT been found!"	F_SUD~~SCZ_FG				non_synonymousL2	non_synonymous	non_synonymousL2	baseline		True	0.000297619047619	0.0003225806451612	False	False	True	False	5.08130081300813e-05	False	False	False
Conserved_Vertebrate_phastCons46wayL2	F_SUD	~~	SCZ_FG	0.0025618430720753	1.21851881667094	-10.6563693929604	95.2621735855627	0.548693415505046	0.0	0	F_SUD~~SCZ_FG				Conserved_Vertebrate_phastCons46wayL2	Conserved_Vertebrate_phastCons46way	Conserved_Vertebrate_phastCons46wayL2	baseline		True	0.000297619047619	0.0003225806451612	False	False	False	False	5.08130081300813e-05	False	True	False
Conserved_Mammal_phastCons46wayL2	F_SUD	~~	SCZ_FG	0.0015906496611494	0.959379974568477	38.6006822177378	131.105829980484	0.387134103485936	0.0	0	F_SUD~~SCZ_FG				Conserved_Mammal_phastCons46wayL2	Conserved_Mammal_phastCons46way	Conserved_Mammal_phastCons46wayL2	baseline		True	0.000297619047619	0.0003225806451612	False	False	False	False	5.08130081300813e-05	False	True	False
Conserved_Primate_phastCons46wayL2	F_SUD	~~	SCZ_FG	0.0018023522184431	0.915056725092975	-41.5776187376464	156.695960059754	0.607081811307411	0.0	0	F_SUD~~SCZ_FG				Conserved_Primate_phastCons46wayL2	Conserved_Primate_phastCons46way	Conserved_Primate_phastCons46wayL2	baseline		True	0.000297619047619	0.0003225806451612	False	False	False	False	5.08130081300813e-05	False	True	False
BivFlnkL2	F_SUD	~~	SCZ_FG	0.0005076276028514	1.34649825530455				0.0	"lavaan->lav_lavaan_step11_estoptim():  
   the optimizer warns that a solution has NOT been found!"	F_SUD~~SCZ_FG				BivFlnkL2	BivFlnk	BivFlnkL2	baseline		True	0.000297619047619	0.0003225806451612	False	False	True	False	5.08130081300813e-05	False	False	False
Human_Promoter_VillarL2	F_SUD	~~	SCZ_FG	0.0016131632585104	1.12223328815639				0.0	"lavaan->lav_lavaan_step11_estoptim():  
   the optimizer warns that a solution has NOT been found!"	F_SUD~~SCZ_FG				Human_Promoter_VillarL2	Human_Promoter_Villar	Human_Promoter_VillarL2	baseline		True	0.000297619047619	0.0003225806451612	False	False	True	False	5.08130081300813e-05	False	False	False
Human_Enhancer_VillarL2	F_SUD	~~	SCZ_FG	0.0015638517882161	1.14148531695399	-7.04277900549404	34.147341142993	0.593101934942032	0.0	"lavaan->lav_object_post_check():  
   covariance matrix of latent variables is not positive definite ; use 
   lavInspect(fit, ""cov.lv"") to investigate."	F_SUD~~SCZ_FG				Human_Enhancer_VillarL2	Human_Enhancer_Villar	Human_Enhancer_VillarL2	baseline		True	0.000297619047619	0.0003225806451612	False	False	True	False	5.08130081300813e-05	False	False	False
Ancient_Sequence_Age_Human_PromoterL2	F_SUD	~~	SCZ_FG	0.0003287332591455	1.37555605766172	35.8649912675904	167.055282741363	0.417339926133983	0.0	0	F_SUD~~SCZ_FG				Ancient_Sequence_Age_Human_PromoterL2	Ancient_Sequence_Age_Human_Promoter	Ancient_Sequence_Age_Human_PromoterL2	baseline		True	0.000297619047619	0.0003225806451612	False	False	False	False	5.08130081300813e-05	False	True	False
Ancient_Sequence_Age_Human_EnhancerL2	F_SUD	~~	SCZ_FG	0.003504797560559	1.65792602715136	109.553495319815	212.26712632461	0.304535354129701	0.0	"lavaan->lav_object_post_check():  
   covariance matrix of latent variables is not positive definite ; use 
   lavInspect(fit, ""cov.lv"") to investigate."	F_SUD~~SCZ_FG				Ancient_Sequence_Age_Human_EnhancerL2	Ancient_Sequence_Age_Human_Enhancer	Ancient_Sequence_Age_Human_EnhancerL2	baseline		True	0.000297619047619	0.0003225806451612	False	False	True	False	5.08130081300813e-05	False	False	False
Human_Promoter_Villar_ExACL2	F_SUD	~~	SCZ_FG	0.0006255098946711	1.20271764783047	-58.5427874397201	145.061488473883	0.659267875827619	0.0	"lavaan->lav_object_post_check():  
   some estimated ov variances are negative"	F_SUD~~SCZ_FG				Human_Promoter_Villar_ExACL2	Human_Promoter_Villar_ExAC	Human_Promoter_Villar_ExACL2	baseline		True	0.000297619047619	0.0003225806451612	False	False	True	False	5.08130081300813e-05	False	False	False
Franke.13.	F_SUD	~~	SCZ_FG	0.002698278221521	0.952680890491444	-0.816885512304427	12.6714811889829	0.557006473834023	0.0	0	F_SUD~~SCZ_FG				Franke.13.	Franke.13.	Franke.13.	expression	Brain Stem	True	0.000297619047619	0.0003225806451612	False	False	False	False	5.08130081300813e-05	False	True	False
Franke.14.	F_SUD	~~	SCZ_FG	0.0027654529600308	0.840589401545504	-4.30682978216289	13.0293266373738	0.658105747085909	0.0	0	F_SUD~~SCZ_FG				Franke.14.	Franke.14.	Franke.14.	expression	Whole Brain	True	0.000297619047619	0.0003225806451612	False	False	False	False	5.08130081300813e-05	False	True	False
Franke.31.	F_SUD	~~	SCZ_FG	0.0014396331109608	0.84699715722659	-0.0632474117072363	11.4055606289738	0.537136340152633	0.0	0	F_SUD~~SCZ_FG				Franke.31.	Franke.31.	Franke.31.	expression	Epidermis	True	0.000297619047619	0.0003225806451612	False	False	False	False	5.08130081300813e-05	False	True	False
Franke.39.	F_SUD	~~	SCZ_FG	0.0015340809308177	0.778565913260909	5.14307583661735	11.4291966153613	0.358489471174636	0.0	0	F_SUD~~SCZ_FG				Franke.39.	Franke.39.	Franke.39.	expression	Fibroblasts	True	0.000297619047619	0.0003225806451612	False	False	False	False	5.08130081300813e-05	False	True	False
Franke.30.	F_SUD	~~	SCZ_FG	0.0016124704954196	0.909716018954783	0.719927640485777	12.4424580733906	0.508979196112851	0.0	0	F_SUD~~SCZ_FG				Franke.30.	Franke.30.	Franke.30.	expression	Epithelial Cells	True	0.000297619047619	0.0003225806451612	False	False	False	False	5.08130081300813e-05	False	True	False
Franke.147.	F_SUD	~~	SCZ_FG	0.0013390571650117	0.754361140761138	-2.27447482362804	11.1168514906635	0.615831382380211	0.0	0	F_SUD~~SCZ_FG				Franke.147.	Franke.147.	Franke.147.	expression	Embryoid Bodies	True	0.000297619047619	0.0003225806451612	False	False	False	False	5.08130081300813e-05	False	True	False
GTEx.1.	F_SUD	~~	SCZ_FG	0.0017518557345808	0.68759234439361	2.49536321880885	10.6495082903115	0.444165589365302	0.0	0	F_SUD~~SCZ_FG				GTEx.1.	GTEx.1.	GTEx.1.	expression	Adipose Subcutaneous	True	0.000297619047619	0.0003225806451612	False	False	False	False	5.08130081300813e-05	False	True	False
GTEx.8.	F_SUD	~~	SCZ_FG	0.0030124860906177	0.899276672893501	-1.95824418827662	11.3283594186003	0.603006243365745	0.0	0	F_SUD~~SCZ_FG				GTEx.8.	GTEx.8.	GTEx.8.	expression	Amygdala	True	0.000297619047619	0.0003225806451612	False	False	False	False	5.08130081300813e-05	False	True	False
GTEx.9.	F_SUD	~~	SCZ_FG	0.002846819584011	0.819752052453827	-4.95945733314545	11.677331963674	0.695094789813052	0.0	0	F_SUD~~SCZ_FG				GTEx.9.	GTEx.9.	GTEx.9.	expression	Cingulate Cortex	True	0.000297619047619	0.0003225806451612	False	False	False	False	5.08130081300813e-05	False	True	False
GTEx.10.	F_SUD	~~	SCZ_FG	0.0028020659933439	0.875552399446259	-2.19252432378967	11.4183074967391	0.61010663887002	0.0	0	F_SUD~~SCZ_FG				GTEx.10.	GTEx.10.	GTEx.10.	expression	Caudate	True	0.000297619047619	0.0003225806451612	False	False	False	False	5.08130081300813e-05	False	True	False
GTEx.11.	F_SUD	~~	SCZ_FG	0.0020842071487621	0.688609545645212	-4.07654940286497	12.5761539735325	0.656770348956846	0.0	0	F_SUD~~SCZ_FG				GTEx.11.	GTEx.11.	GTEx.11.	expression	Cerebellar Hemispher	True	0.000297619047619	0.0003225806451612	False	False	False	False	5.08130081300813e-05	False	True	False
GTEx.12.	F_SUD	~~	SCZ_FG	0.0021794827237458	0.735868137761171	-2.66243742084476	12.3402952155075	0.616685379557661	0.0	0	F_SUD~~SCZ_FG				GTEx.12.	GTEx.12.	GTEx.12.	expression	Cerebellum	True	0.000297619047619	0.0003225806451612	False	False	False	False	5.08130081300813e-05	False	True	False
GTEx.13.	F_SUD	~~	SCZ_FG	0.0028529091756667	0.831176902768933	-6.48780856969436	12.0008444596454	0.733666551041334	0.0	0	F_SUD~~SCZ_FG				GTEx.13.	GTEx.13.	GTEx.13.	expression	Cortex	True	0.000297619047619	0.0003225806451612	False	False	False	False	5.08130081300813e-05	False	True	False
GTEx.14.	F_SUD	~~	SCZ_FG	0.0028145240773693	0.804367128549323	-6.10919420702853	11.9007990958672	0.724870199172842	0.0	0	F_SUD~~SCZ_FG				GTEx.14.	GTEx.14.	GTEx.14.	expression	Frontal Cortex	True	0.000297619047619	0.0003225806451612	False	False	False	False	5.08130081300813e-05	False	True	False
GTEx.15.	F_SUD	~~	SCZ_FG	0.0031818628957004	0.931993544257991	-1.07134004628152	11.3398623158512	0.572467626018326	0.0	0	F_SUD~~SCZ_FG				GTEx.15.	GTEx.15.	GTEx.15.	expression	Hippocampus	True	0.000297619047619	0.0003225806451612	False	False	False	False	5.08130081300813e-05	False	True	False
GTEx.16.	F_SUD	~~	SCZ_FG	0.0031248172578347	0.959204345766229	-0.581512785755222	11.3574897397249	0.55537308611624	0.0	0	F_SUD~~SCZ_FG				GTEx.16.	GTEx.16.	GTEx.16.	expression	Hypothalamus	True	0.000297619047619	0.0003225806451612	False	False	False	False	5.08130081300813e-05	False	True	False
GTEx.17.	F_SUD	~~	SCZ_FG	0.0026054745120465	0.801342107508905	-5.10508306471294	11.4786969210239	0.702589222076737	0.0	0	F_SUD~~SCZ_FG				GTEx.17.	GTEx.17.	GTEx.17.	expression	Nucleus Accumbens	True	0.000297619047619	0.0003225806451612	False	False	False	False	5.08130081300813e-05	False	True	False
GTEx.18.	F_SUD	~~	SCZ_FG	0.0028866968584298	0.898246883542066	-2.29838027781213	11.4568867632574	0.613286438234075	0.0	0	F_SUD~~SCZ_FG				GTEx.18.	GTEx.18.	GTEx.18.	expression	Putamen	True	0.000297619047619	0.0003225806451612	False	False	False	False	5.08130081300813e-05	False	True	False
GTEx.19.	F_SUD	~~	SCZ_FG	0.0035909161874511	1.1918722570638	4.00068269865759	11.1439250121743	0.393862407857342	0.0	0	F_SUD~~SCZ_FG				GTEx.19.	GTEx.19.	GTEx.19.	expression	Spinal Cord	True	0.000297619047619	0.0003225806451612	False	False	False	False	5.08130081300813e-05	False	True	False
GTEx.20.	F_SUD	~~	SCZ_FG	0.0033062428625861	1.05794570207836	2.93648704991001	11.2685249291573	0.431778040477401	0.0	0	F_SUD~~SCZ_FG				GTEx.20.	GTEx.20.	GTEx.20.	expression	Substantia Nigra	True	0.000297619047619	0.0003225806451612	False	False	False	False	5.08130081300813e-05	False	True	False
Franke.152.	F_SUD	~~	SCZ_FG	0.0020853583402986	1.0956654242761	-1.52935720291583	10.9463413996216	0.591369296101845	0.0	0	F_SUD~~SCZ_FG				Franke.152.	Franke.152.	Franke.152.	expression	Endocrine Cells	True	0.000297619047619	0.0003225806451612	False	False	False	False	5.08130081300813e-05	False	True	False
GTEx.40.	F_SUD	~~	SCZ_FG	0.0016477368284261	0.722399764878226	-1.58796654342191	11.073794919608	0.59239178074144	0.0	0	F_SUD~~SCZ_FG				GTEx.40.	GTEx.40.	GTEx.40.	expression	Ovary	True	0.000297619047619	0.0003225806451612	False	False	False	False	5.08130081300813e-05	False	True	False
GTEx.42.	F_SUD	~~	SCZ_FG	0.0015986919351405	0.711236909601761	-0.440139276734632	11.0218298431613	0.551978830409398	0.0	0	F_SUD~~SCZ_FG				GTEx.42.	GTEx.42.	GTEx.42.	expression	Pituitary	True	0.000297619047619	0.0003225806451612	False	False	False	False	5.08130081300813e-05	False	True	False
GTEx.49.	F_SUD	~~	SCZ_FG	0.0009998518172091	0.663178296492154	0.580915350186586	6.95134178312078	0.524036993944864	0.0	0	F_SUD~~SCZ_FG				GTEx.49.	GTEx.49.	GTEx.49.	expression	Testis	True	0.000297619047619	0.0003225806451612	False	False	False	False	5.08130081300813e-05	False	True	False
Roadmap.224.	F_SUD	~~	SCZ_FG	0.0011975333123274	0.761399680108502	-40.7478156023537	29.8769898470869	0.918841821693777	0.0	0	F_SUD~~SCZ_FG				Roadmap.224.	Roadmap.224.	Roadmap.224.	chromatin	Adipose Nuclei H3K4me1	True	0.000297619047619	0.0003225806451612	False	False	False	False	5.08130081300813e-05	False	True	False
Roadmap.60.	F_SUD	~~	SCZ_FG	0.0018829633302267	1.30375517553665	-8.54419261232019	51.0519219860226	0.574150356943624	0.0	0	F_SUD~~SCZ_FG				Roadmap.60.	Roadmap.60.	Roadmap.60.	chromatin	Angular Gyrus H3K27ac	True	0.000297619047619	0.0003225806451612	False	False	False	False	5.08130081300813e-05	False	True	False
Roadmap.139.	F_SUD	~~	SCZ_FG	0.001743777098162	0.955430537276102	25.4534435978492	77.1658253795665	0.375661739501672	0.0	"lavaan->lav_object_post_check():  
   covariance matrix of latent variables is not positive definite ; use 
   lavInspect(fit, ""cov.lv"") to investigate."	F_SUD~~SCZ_FG				Roadmap.139.	Roadmap.139.	Roadmap.139.	chromatin	Angular Gyrus H3K36me3	True	0.000297619047619	0.0003225806451612	False	False	True	False	5.08130081300813e-05	False	False	False
Roadmap.227.	F_SUD	~~	SCZ_FG	0.0017486412300502	0.998187448798432	9.16316931707288	60.4897163008106	0.446325166830571	0.0	0	F_SUD~~SCZ_FG				Roadmap.227.	Roadmap.227.	Roadmap.227.	chromatin	Angular Gyrus H3K4me1	True	0.000297619047619	0.0003225806451612	False	False	False	False	5.08130081300813e-05	False	True	False
Roadmap.315.	F_SUD	~~	SCZ_FG	0.0016272345023517	1.30667984867258	-22.1149892085476	91.3292519000774	0.599902650333662	0.0	"lavaan->lav_object_post_check():  
   some estimated ov variances are negative"	F_SUD~~SCZ_FG				Roadmap.315.	Roadmap.315.	Roadmap.315.	chromatin	Angular Gyrus H3K4me3	True	0.000297619047619	0.0003225806451612	False	False	True	False	5.08130081300813e-05	False	False	False
Roadmap.373.	F_SUD	~~	SCZ_FG	0.0033905608394373	1.79991374711383	-76.5752851517447	72.2011794710746	0.858685531931188	0.0	0	F_SUD~~SCZ_FG				Roadmap.373.	Roadmap.373.	Roadmap.373.	chromatin	Angular Gyrus H3K9ac	True	0.000297619047619	0.0003225806451612	False	False	False	False	5.08130081300813e-05	False	True	False
Roadmap.61.	F_SUD	~~	SCZ_FG	0.0003368566194875	0.337159807091631	14.3217441441343	43.1687157749248	0.378813981443518	0.0	0	F_SUD~~SCZ_FG				Roadmap.61.	Roadmap.61.	Roadmap.61.	chromatin	Anterior Caudate H3K27ac	True	0.000297619047619	0.0003225806451612	False	False	False	False	5.08130081300813e-05	False	True	False
Roadmap.140.	F_SUD	~~	SCZ_FG	0.0025532785833483	1.04070050551222	-45.1037478362081	55.1637072625597	0.79835568534808	0.0	0	F_SUD~~SCZ_FG				Roadmap.140.	Roadmap.140.	Roadmap.140.	chromatin	Anterior Caudate H3K36me3	True	0.000297619047619	0.0003225806451612	False	False	False	False	5.08130081300813e-05	False	True	False
Roadmap.228.	F_SUD	~~	SCZ_FG	0.003939717991036	1.77244242563049	9.08314013652809	49.3910951857877	0.435001049896539	0.0	0	F_SUD~~SCZ_FG				Roadmap.228.	Roadmap.228.	Roadmap.228.	chromatin	Anterior Caudate H3K4me1	True	0.000297619047619	0.0003225806451612	False	False	False	False	5.08130081300813e-05	False	True	False
Roadmap.316.	F_SUD	~~	SCZ_FG	0.0020726412904307	1.259735316364	-27.8049250686992	75.4316035027777	0.648720408176392	0.0	"lavaan->lav_object_post_check():  
   some estimated ov variances are negative"	F_SUD~~SCZ_FG				Roadmap.316.	Roadmap.316.	Roadmap.316.	chromatin	Anterior Caudate H3K4me3	True	0.000297619047619	0.0003225806451612	False	False	True	False	5.08130081300813e-05	False	False	False
Roadmap.374.	F_SUD	~~	SCZ_FG	0.0022721682312653	0.973637083008369	-1.59251950862375	70.8128136816724	0.514602366294634	0.0	0	F_SUD~~SCZ_FG				Roadmap.374.	Roadmap.374.	Roadmap.374.	chromatin	Anterior Caudate H3K9ac	True	0.000297619047619	0.0003225806451612	False	False	False	False	5.08130081300813e-05	False	True	False
Roadmap.62.	F_SUD	~~	SCZ_FG	0.0020796644760034	1.07901984402601	-49.1396045058215	42.3613814890668	0.881717427469799	0.0	0	F_SUD~~SCZ_FG				Roadmap.62.	Roadmap.62.	Roadmap.62.	chromatin	Cingulate Gyrus H3K27ac	True	0.000297619047619	0.0003225806451612	False	False	False	False	5.08130081300813e-05	False	True	False
Roadmap.141.	F_SUD	~~	SCZ_FG	0.0033780507075528	1.91279845285927	82.3324565347816	62.9273971165305	0.0980953345164581	0.0	"lavaan->lav_object_post_check():  
   some estimated ov variances are negative"	F_SUD~~SCZ_FG				Roadmap.141.	Roadmap.141.	Roadmap.141.	chromatin	Cingulate Gyrus H3K36me3	True	0.000297619047619	0.0003225806451612	False	False	True	False	5.08130081300813e-05	False	False	False
Roadmap.229.	F_SUD	~~	SCZ_FG	0.0005252296976412	0.25618126918839	93.5292784878434	51.8195472350593	0.0370815623407449	0.0	0	F_SUD~~SCZ_FG				Roadmap.229.	Roadmap.229.	Roadmap.229.	chromatin	Cingulate Gyrus H3K4me1	True	0.000297619047619	0.0003225806451612	False	False	False	False	5.08130081300813e-05	False	True	False
Roadmap.317.	F_SUD	~~	SCZ_FG	0.0013387592225709	0.795146448306796	-74.840589388751	82.1759080145146	0.821971747282057	0.0	0	F_SUD~~SCZ_FG				Roadmap.317.	Roadmap.317.	Roadmap.317.	chromatin	Cingulate Gyrus H3K4me3	True	0.000297619047619	0.0003225806451612	False	False	False	False	5.08130081300813e-05	False	True	False
Roadmap.375.	F_SUD	~~	SCZ_FG	0.0020455751280131	1.0617693931854	1.71977308523939	75.912488308501	0.49621743905423	0.0	0	F_SUD~~SCZ_FG				Roadmap.375.	Roadmap.375.	Roadmap.375.	chromatin	Cingular Gyrus H3K9ac	True	0.000297619047619	0.0003225806451612	False	False	False	False	5.08130081300813e-05	False	True	False
Roadmap.65.	F_SUD	~~	SCZ_FG	0.0016653321376394	1.08799733105622	-7.08868729134491	46.4627063683809	0.569102589491911	0.0	"lavaan->lav_object_post_check():  
   some estimated ov variances are negative"	F_SUD~~SCZ_FG				Roadmap.65.	Roadmap.65.	Roadmap.65.	chromatin	dLPFC H3K27ac	True	0.000297619047619	0.0003225806451612	False	False	True	False	5.08130081300813e-05	False	False	False
Roadmap.145.	F_SUD	~~	SCZ_FG	0.002088242678778	1.28468625123397	-37.8878234545295	73.4772547470882	0.701683917869698	0.0	0	F_SUD~~SCZ_FG				Roadmap.145.	Roadmap.145.	Roadmap.145.	chromatin	dLPFC H3K36me3	True	0.000297619047619	0.0003225806451612	False	False	False	False	5.08130081300813e-05	False	True	False
Roadmap.233.	F_SUD	~~	SCZ_FG	0.0030383474011962	0.674408377665194	-35.4328365630867	59.4704595845296	0.729936427117918	0.0	"lavaan->lav_object_post_check():  
   some estimated ov variances are negative"	F_SUD~~SCZ_FG				Roadmap.233.	Roadmap.233.	Roadmap.233.	chromatin	dLPFC H3K4me1	True	0.000297619047619	0.0003225806451612	False	False	True	False	5.08130081300813e-05	False	False	False
Roadmap.321.	F_SUD	~~	SCZ_FG	0.0013666452783641	0.93396736935038				0.0	"lavaan->lav_lavaan_step11_estoptim():  
   the optimizer warns that a solution has NOT been found!"	F_SUD~~SCZ_FG				Roadmap.321.	Roadmap.321.	Roadmap.321.	chromatin	dLPFC H3K4me3	True	0.000297619047619	0.0003225806451612	False	False	True	False	5.08130081300813e-05	False	False	False
Roadmap.377.	F_SUD	~~	SCZ_FG	0.0005148277605555	0.461635595017639	-106.530330943061	88.0360591432646	0.889039334077392	0.0	"lavaan->lav_object_post_check():  
   some estimated ov variances are negative"	F_SUD~~SCZ_FG				Roadmap.377.	Roadmap.377.	Roadmap.377.	chromatin	dLPFC H3K9ac	True	0.000297619047619	0.0003225806451612	False	False	True	False	5.08130081300813e-05	False	False	False
Roadmap.142.	F_SUD	~~	SCZ_FG	0.0012061599204033	0.56333882827492	-6.77201727064441	75.1582945271603	0.541180673722987	0.0	"lavaan->lav_lavaan_step11_estoptim():  
   the optimizer (NLMINB) claimed the model converged, but not all elements 
   of the gradient are (near) zero; the optimizer may not have found a local 
   solution use check.gradient = FALSE to skip this check."	F_SUD~~SCZ_FG				Roadmap.142.	Roadmap.142.	Roadmap.142.	chromatin	Germinal Matrix H3K6me3	True	0.000297619047619	0.0003225806451612	False	False	True	False	5.08130081300813e-05	False	False	False
Roadmap.230.	F_SUD	~~	SCZ_FG	0.0019770539372903	1.29407850868029	-45.4949310133131	96.0310811711501	0.685865770368445	0.0	"lavaan->lav_object_post_check():  
   some estimated ov variances are negative"	F_SUD~~SCZ_FG				Roadmap.230.	Roadmap.230.	Roadmap.230.	chromatin	Germinal Matrix H3K4me1	True	0.000297619047619	0.0003225806451612	False	False	True	False	5.08130081300813e-05	False	False	False
Roadmap.318.	F_SUD	~~	SCZ_FG	0.0008527362759348	1.12354706192561				0.0	"lavaan->lav_lavaan_step11_estoptim():  
   the optimizer warns that a solution has NOT been found!"	F_SUD~~SCZ_FG				Roadmap.318.	Roadmap.318.	Roadmap.318.	chromatin	Germinal Matrix H3K4me3	True	0.000297619047619	0.0003225806451612	False	False	True	False	5.08130081300813e-05	False	False	False
Roadmap.63.	F_SUD	~~	SCZ_FG	0.0018809281571457	1.20396258103205	-23.5324104588608	36.1249380394786	0.751462442156494	0.0	"lavaan->lav_object_post_check():  
   some estimated ov variances are negative"	F_SUD~~SCZ_FG				Roadmap.63.	Roadmap.63.	Roadmap.63.	chromatin	Middle Hippocampus H3K27ac	True	0.000297619047619	0.0003225806451612	False	False	True	False	5.08130081300813e-05	False	False	False
Roadmap.143.	F_SUD	~~	SCZ_FG	0.0015165598372608	0.889313384986401	-23.4836009761541	38.0894609205353	0.739820464397938	0.0	0	F_SUD~~SCZ_FG				Roadmap.143.	Roadmap.143.	Roadmap.143.	chromatin	Middle Hippocampus H3K36me3	True	0.000297619047619	0.0003225806451612	False	False	False	False	5.08130081300813e-05	False	True	False
Roadmap.231.	F_SUD	~~	SCZ_FG	0.0015631504506504	1.61932782105061	57.2654259689708	37.1683223049287	0.0650382192061717	0.0	"lavaan->lav_object_post_check():  
   some estimated ov variances are negative"	F_SUD~~SCZ_FG				Roadmap.231.	Roadmap.231.	Roadmap.231.	chromatin	Middle Hippocampus H3K4me1	True	0.000297619047619	0.0003225806451612	False	False	True	False	5.08130081300813e-05	False	False	False
Roadmap.319.	F_SUD	~~	SCZ_FG	0.001724291483567	1.13203324433467	-27.838776471858	63.7699537088883	0.674448860949857	0.0	"lavaan->lav_object_post_check():  
   some estimated ov variances are negative"	F_SUD~~SCZ_FG				Roadmap.319.	Roadmap.319.	Roadmap.319.	chromatin	Middle Hippocampus H3K4me3	True	0.000297619047619	0.0003225806451612	False	False	True	False	5.08130081300813e-05	False	False	False
Roadmap.64.	F_SUD	~~	SCZ_FG	0.0011824983868229	0.989257063459857	-43.0128096305199	40.4806211133035	0.86153821833956	0.0	0	F_SUD~~SCZ_FG				Roadmap.64.	Roadmap.64.	Roadmap.64.	chromatin	Inferior Temporal Lobe H3K27ac	True	0.000297619047619	0.0003225806451612	False	False	False	False	5.08130081300813e-05	False	True	False
Roadmap.144.	F_SUD	~~	SCZ_FG	0.0022573062961347	1.18830095117024	68.5779902024499	52.9226014325817	0.100815039448141	0.0	"lavaan->lav_object_post_check():  
   some estimated ov variances are negative"	F_SUD~~SCZ_FG				Roadmap.144.	Roadmap.144.	Roadmap.144.	chromatin	Interior Temporal Lobe H3K36me3	True	0.000297619047619	0.0003225806451612	False	False	True	False	5.08130081300813e-05	False	False	False
Roadmap.232.	F_SUD	~~	SCZ_FG	0.0026904132146655	1.06102733086312	-80.4478601654722	59.9151560739088	0.912987942112941	0.0	0	F_SUD~~SCZ_FG				Roadmap.232.	Roadmap.232.	Roadmap.232.	chromatin	Inferior Temporal Lobe H3K4me1	True	0.000297619047619	0.0003225806451612	False	False	False	False	5.08130081300813e-05	False	True	False
Roadmap.320.	F_SUD	~~	SCZ_FG	0.0018945771907957	0.986649292290981	-33.153715186204	79.5417447034842	0.666177016697844	0.0	"lavaan->lav_object_post_check():  
   some estimated ov variances are negative"	F_SUD~~SCZ_FG				Roadmap.320.	Roadmap.320.	Roadmap.320.	chromatin	Interior Temporal Lobe H3K4me3	True	0.000297619047619	0.0003225806451612	False	False	True	False	5.08130081300813e-05	False	False	False
Roadmap.376.	F_SUD	~~	SCZ_FG	0.0005388665596983	1.37620868589415	-56.7133335584373	66.9314241610066	0.80573206025797	0.0	0	F_SUD~~SCZ_FG				Roadmap.376.	Roadmap.376.	Roadmap.376.	chromatin	Inferior Temporal Lobe H3K9ac	True	0.000297619047619	0.0003225806451612	False	False	False	False	5.08130081300813e-05	False	True	False
Roadmap.66.	F_SUD	~~	SCZ_FG	0.00071270776777	0.909770187845377	-32.7162358654581	37.3308530655745	0.81678308039348	0.0	0	F_SUD~~SCZ_FG				Roadmap.66.	Roadmap.66.	Roadmap.66.	chromatin	Substantia Nigra H3K27ac	True	0.000297619047619	0.0003225806451612	False	False	False	False	5.08130081300813e-05	False	True	False
Roadmap.146.	F_SUD	~~	SCZ_FG	0.0012969197762881	1.01145680454456	105.31423920107	102.47374865795	0.154348339049615	0.0	"lavaan->lav_object_post_check():  
   covariance matrix of latent variables is not positive definite ; use 
   lavInspect(fit, ""cov.lv"") to investigate."	F_SUD~~SCZ_FG				Roadmap.146.	Roadmap.146.	Roadmap.146.	chromatin	Substantia Nigra H3K36me3	True	0.000297619047619	0.0003225806451612	False	False	True	False	5.08130081300813e-05	False	False	False
Roadmap.234.	F_SUD	~~	SCZ_FG	0.0015779587665841	0.569343059576323	-65.6584677862518	45.9414863922627	0.92660210231426	0.0	0	F_SUD~~SCZ_FG				Roadmap.234.	Roadmap.234.	Roadmap.234.	chromatin	Substantia Nigra H3K4me1	True	0.000297619047619	0.0003225806451612	False	False	False	False	5.08130081300813e-05	False	True	False
Roadmap.322.	F_SUD	~~	SCZ_FG	0.0009369386216313	1.11169347071595	-44.1685359014134	87.1193908905549	0.697933787327381	0.0	0	F_SUD~~SCZ_FG				Roadmap.322.	Roadmap.322.	Roadmap.322.	chromatin	Substantia Nigra H3K4me3	True	0.000297619047619	0.0003225806451612	False	False	False	False	5.08130081300813e-05	False	True	False
Roadmap.378.	F_SUD	~~	SCZ_FG	0.0021227961159578	1.27501440702715	-107.095040506387	87.2923080595055	0.89219964899652	0.0	0	F_SUD~~SCZ_FG				Roadmap.378.	Roadmap.378.	Roadmap.378.	chromatin	Subtantia Nigra H3K9ac	True	0.000297619047619	0.0003225806451612	False	False	False	False	5.08130081300813e-05	False	True	False
Roadmap.13.	F_SUD	~~	SCZ_FG	0.0023394403274412	1.32129702833004	108.025859151995	86.7836621858482	0.108741451244979	0.0	"lavaan->lav_object_post_check():  
   covariance matrix of latent variables is not positive definite ; use 
   lavInspect(fit, ""cov.lv"") to investigate."	F_SUD~~SCZ_FG				Roadmap.13.	Roadmap.13.	Roadmap.13.	chromatin	Fetal Adrenal Gland DNase	True	0.000297619047619	0.0003225806451612	False	False	True	False	5.08130081300813e-05	False	False	False
Roadmap.71.	F_SUD	~~	SCZ_FG	0.0008263547913314	0.937753525169325	-35.7644170461271	36.4074570291074	0.843705538546809	0.0	0	F_SUD~~SCZ_FG				Roadmap.71.	Roadmap.71.	Roadmap.71.	chromatin	Fetal Adrenal Gland H3K27ac	True	0.000297619047619	0.0003225806451612	False	False	False	False	5.08130081300813e-05	False	True	False
Roadmap.152.	F_SUD	~~	SCZ_FG	0.0014244467767505	0.965184082046995	3.91919018341545	23.1073488377273	0.449734690332441	0.0	0	F_SUD~~SCZ_FG				Roadmap.152.	Roadmap.152.	Roadmap.152.	chromatin	Fetal Adrenal Gland H3K36me3	True	0.000297619047619	0.0003225806451612	False	False	False	False	5.08130081300813e-05	False	True	False
Roadmap.240.	F_SUD	~~	SCZ_FG	0.0027427922979175	1.29622427302963	-19.2438008468076	33.1956140872435	0.72901397933487	0.0	"lavaan->lav_object_post_check():  
   some estimated ov variances are negative"	F_SUD~~SCZ_FG				Roadmap.240.	Roadmap.240.	Roadmap.240.	chromatin	Fetal Adrenal Gland H3K4me1	True	0.000297619047619	0.0003225806451612	False	False	True	False	5.08130081300813e-05	False	False	False
Roadmap.328.	F_SUD	~~	SCZ_FG	0.001222361742008	0.999130447099218	-82.4104792365084	88.6989982490128	0.826487838328869	0.0	0	F_SUD~~SCZ_FG				Roadmap.328.	Roadmap.328.	Roadmap.328.	chromatin	Fetal Adrenal Gland H3K4me3	True	0.000297619047619	0.0003225806451612	False	False	False	False	5.08130081300813e-05	False	True	False
Roadmap.15.	F_SUD	~~	SCZ_FG	0.002796066031816	1.56188430647343	-4.33675204338011	84.957488149181	0.525043780320736	0.0	"lavaan->lav_object_post_check():  
   some estimated ov variances are negative"	F_SUD~~SCZ_FG				Roadmap.15.	Roadmap.15.	Roadmap.15.	chromatin	Fetal Female Brain Dnase	True	0.000297619047619	0.0003225806451612	False	False	True	False	5.08130081300813e-05	False	False	False
Roadmap.154.	F_SUD	~~	SCZ_FG	0.0008107277070362	1.26583841808715	-1.05287721859709	48.9528071738017	0.516725078389123	0.0	0	F_SUD~~SCZ_FG				Roadmap.154.	Roadmap.154.	Roadmap.154.	chromatin	Fetal Female Brain H3K36me3	True	0.000297619047619	0.0003225806451612	False	False	False	False	5.08130081300813e-05	False	True	False
Roadmap.242.	F_SUD	~~	SCZ_FG	0.0018149626566516	0.493678303877408	50.6914487907978	71.5244142679764	0.243606598562184	0.0	0	F_SUD~~SCZ_FG				Roadmap.242.	Roadmap.242.	Roadmap.242.	chromatin	Fetal Female Brain H3K4me1	True	0.000297619047619	0.0003225806451612	False	False	False	False	5.08130081300813e-05	False	True	False
Roadmap.330.	F_SUD	~~	SCZ_FG	0.0009075274581913	1.21033318651103	20.8171393661865	74.9592529176679	0.395746582078285	0.0	0	F_SUD~~SCZ_FG				Roadmap.330.	Roadmap.330.	Roadmap.330.	chromatin	Fetal Female Brain H3K4me3	True	0.000297619047619	0.0003225806451612	False	False	False	False	5.08130081300813e-05	False	True	False
Roadmap.14.	F_SUD	~~	SCZ_FG	0.0013564798919616	0.904332977079918	-123.338628967872	81.7875005796915	0.9357777365669	0.0	"lavaan->lav_object_post_check():  
   some estimated ov variances are negative"	F_SUD~~SCZ_FG				Roadmap.14.	Roadmap.14.	Roadmap.14.	chromatin	Fetal Male Brain DNAse	True	0.000297619047619	0.0003225806451612	False	False	True	False	5.08130081300813e-05	False	False	False
Roadmap.153.	F_SUD	~~	SCZ_FG	0.0013596966322321	1.83405303889309				0.0	"lavaan->lav_lavaan_step11_estoptim():  
   the optimizer warns that a solution has NOT been found!"	F_SUD~~SCZ_FG				Roadmap.153.	Roadmap.153.	Roadmap.153.	chromatin	Fetal Male Brain H3K36me3	True	0.000297619047619	0.0003225806451612	False	False	True	False	5.08130081300813e-05	False	False	False
Roadmap.241.	F_SUD	~~	SCZ_FG	0.0011614112823788	0.967367737005231	-0.69541117158667	31.3589689378769	0.521558165416745	0.0	"lavaan->lav_object_post_check():  
   some estimated ov variances are negative"	F_SUD~~SCZ_FG				Roadmap.241.	Roadmap.241.	Roadmap.241.	chromatin	Fetal Male Brain H3K4me1	True	0.000297619047619	0.0003225806451612	False	False	True	False	5.08130081300813e-05	False	False	False
Roadmap.329.	F_SUD	~~	SCZ_FG	0.0013993222481154	1.13274813448451	-362.329299843159	267.39347681808	0.912892075621461	0.0	"lavaan->lav_object_post_check():  
   covariance matrix of latent variables is not positive definite ; use 
   lavInspect(fit, ""cov.lv"") to investigate."	F_SUD~~SCZ_FG				Roadmap.329.	Roadmap.329.	Roadmap.329.	chromatin	Fetal Male Brain H3K4me3	True	0.000297619047619	0.0003225806451612	False	False	True	False	5.08130081300813e-05	False	False	False
Roadmap.51.	F_SUD	~~	SCZ_FG	0.0009339637992905	0.462141192349739	-52.991908310939	37.9805874863119	0.922423846084223	0.0	"lavaan->lav_object_post_check():  
   some estimated ov variances are negative"	F_SUD~~SCZ_FG				Roadmap.51.	Roadmap.51.	Roadmap.51.	chromatin	Foreskin H3K27ac	True	0.000297619047619	0.0003225806451612	False	False	True	False	5.08130081300813e-05	False	False	False
Roadmap.98.	F_SUD	~~	SCZ_FG	0.001208592531981	1.22869944086427	-52.3155011375317	46.7928537472623	0.872730590621753	0.0	"lavaan->lav_object_post_check():  
   some estimated ov variances are negative"	F_SUD~~SCZ_FG				Roadmap.98.	Roadmap.98.	Roadmap.98.	chromatin	Mammry Epithelial Cells H3K27ac	True	0.000297619047619	0.0003225806451612	False	False	True	False	5.08130081300813e-05	False	False	False
Roadmap.27.	F_SUD	~~	SCZ_FG	0.0040441543513899	1.82027220299585	-21.4929728345852	67.1177611768333	0.631235350589052	0.0	"lavaan->lav_object_post_check():  
   some estimated ov variances are negative"	F_SUD~~SCZ_FG				Roadmap.27.	Roadmap.27.	Roadmap.27.	chromatin	Ovary DNAse	True	0.000297619047619	0.0003225806451612	False	False	True	False	5.08130081300813e-05	False	False	False
Roadmap.83.	F_SUD	~~	SCZ_FG	0.0018717824729153	2.43408736357639	-55.770335991929	61.9152035442724	0.820403687805411	0.0	"lavaan->lav_lavaan_step11_estoptim():  
   the optimizer (NLMINB) claimed the model converged, but not all elements 
   of the gradient are (near) zero; the optimizer may not have found a local 
   solution use check.gradient = FALSE to skip this check."	F_SUD~~SCZ_FG				Roadmap.83.	Roadmap.83.	Roadmap.83.	chromatin	Ovary H3K27ac	True	0.000297619047619	0.0003225806451612	False	False	True	False	5.08130081300813e-05	False	False	False
Roadmap.169.	F_SUD	~~	SCZ_FG	0.0011995082772743	1.24284909165915	-32.3471105669198	52.7693604372972	0.736287211232949	0.0	0	F_SUD~~SCZ_FG				Roadmap.169.	Roadmap.169.	Roadmap.169.	chromatin	Ovary H3K36me3	True	0.000297619047619	0.0003225806451612	False	False	False	False	5.08130081300813e-05	False	True	False
Roadmap.257.	F_SUD	~~	SCZ_FG	0.0024205547573384	0.789170060871306	-23.6580692140722	55.2244992837214	0.672384103302456	0.0	"lavaan->lav_object_post_check():  
   covariance matrix of latent variables is not positive definite ; use 
   lavInspect(fit, ""cov.lv"") to investigate."	F_SUD~~SCZ_FG				Roadmap.257.	Roadmap.257.	Roadmap.257.	chromatin	Ovary H3K4me1	True	0.000297619047619	0.0003225806451612	False	False	True	False	5.08130081300813e-05	False	False	False
Roadmap.345.	F_SUD	~~	SCZ_FG	0.0007863364054998	0.954678519026984	-129.496812069903	84.802287425129	0.938077829628927	0.0	"lavaan->lav_object_post_check():  
   some estimated ov variances are negative"	F_SUD~~SCZ_FG				Roadmap.345.	Roadmap.345.	Roadmap.345.	chromatin	Ovary H3K4me3	True	0.000297619047619	0.0003225806451612	False	False	True	False	5.08130081300813e-05	False	False	False
Roadmap.223.	F_SUD	~~	SCZ_FG	0.0002178394722296	0.837568987745437	-32.5988408691929	91.8240078937543	0.642781924975679	0.0	"lavaan->lav_lavaan_step11_estoptim():  
   the optimizer (NLMINB) claimed the model converged, but not all elements 
   of the gradient are (near) zero; the optimizer may not have found a local 
   solution use check.gradient = FALSE to skip this check."	F_SUD~~SCZ_FG				Roadmap.223.	Roadmap.223.	Roadmap.223.	chromatin	Monoculear Peripheral Blood Cells H3K4me1	True	0.000297619047619	0.0003225806451612	False	False	True	False	5.08130081300813e-05	False	False	False
Roadmap.261.	F_SUD	~~	SCZ_FG	0.0006566704632351	0.59372184087328	-48.2478523503019	49.2292128244622	0.84143634545572	0.0	"lavaan->lav_object_post_check():  
   covariance matrix of latent variables is not positive definite ; use 
   lavInspect(fit, ""cov.lv"") to investigate."	F_SUD~~SCZ_FG				Roadmap.261.	Roadmap.261.	Roadmap.261.	chromatin	Rectal Mucosa H3K4me1	True	0.000297619047619	0.0003225806451612	False	False	True	False	5.08130081300813e-05	False	False	False
PIL2	F_SUD	~~	SCZ_FG	0.0029099948347361	0.706426980257223	-87.5362367414029	88.7246999392402	0.840830221820795	0.0	"lavaan->lav_object_post_check():  
   some estimated ov variances are negative"	F_SUD~~SCZ_FG				PIL2	PI	PIL2	custom	PI Genes	True	0.000297619047619	0.0003225806451612	False	False	True	False	5.08130081300813e-05	False	False	False
ASC1L2	F_SUD	~~	SCZ_FG	0.0026020931159143	0.810462887448266	-90.988352108855	103.472567822662	0.813001678557321	0.0	0	F_SUD~~SCZ_FG				ASC1L2	ASC1	ASC1L2	custom	ASC1	True	0.000297619047619	0.0003225806451612	False	False	False	False	5.08130081300813e-05	False	True	False
ASC2L2	F_SUD	~~	SCZ_FG	0.001954500533634	0.642252391212333	13.8113516448639	110.465902239983	0.453835931390642	0.0	0	F_SUD~~SCZ_FG				ASC2L2	ASC2	ASC2L2	custom	ASC2	True	0.000297619047619	0.0003225806451612	False	False	False	False	5.08130081300813e-05	False	True	False
ENDL2	F_SUD	~~	SCZ_FG	0.0016694299506077	0.614269741011969	-60.5721704139298	122.163529598175	0.692874349034545	0.0	"lavaan->lav_object_post_check():  
   some estimated ov variances are negative"	F_SUD~~SCZ_FG				ENDL2	END	ENDL2	custom	Endothelial Cells	True	0.000297619047619	0.0003225806451612	False	False	True	False	5.08130081300813e-05	False	False	False
exCA1L2	F_SUD	~~	SCZ_FG	0.0026337382602017	0.761942050097373	-98.7638586945525	110.636584865653	0.816398717575305	0.0	0	F_SUD~~SCZ_FG				exCA1L2	exCA1	exCA1L2	custom	exCA1	True	0.000297619047619	0.0003225806451612	False	False	False	False	5.08130081300813e-05	False	True	False
exCA3L2	F_SUD	~~	SCZ_FG	0.0027796172740105	0.717408219669533	14.5549076364443	101.579308390497	0.446922065207885	0.0	0	F_SUD~~SCZ_FG				exCA3L2	exCA3	exCA3L2	custom	exCA3	True	0.000297619047619	0.0003225806451612	False	False	False	False	5.08130081300813e-05	False	True	False
exDGL2	F_SUD	~~	SCZ_FG	0.001814298091627	0.55013010069921	-155.988665266613	113.395592707322	0.916887132157814	0.0	0	F_SUD~~SCZ_FG				exDGL2	exDG	exDGL2	custom	exDG	True	0.000297619047619	0.0003225806451612	False	False	False	False	5.08130081300813e-05	False	True	False
exPFC1L2	F_SUD	~~	SCZ_FG	0.002598141648289	0.754304713708172	-101.304547348519	109.018814672353	0.825983600261174	0.0	0	F_SUD~~SCZ_FG				exPFC1L2	exPFC1	exPFC1L2	custom	exPFC1	True	0.000297619047619	0.0003225806451612	False	False	False	False	5.08130081300813e-05	False	True	False
exPFC2L2	F_SUD	~~	SCZ_FG	0.0019894859181593	0.93809277302606	-16.5371919084902	108.786706223483	0.564034864342023	0.0	0	F_SUD~~SCZ_FG				exPFC2L2	exPFC2	exPFC2L2	custom	exPFC2	True	0.000297619047619	0.0003225806451612	False	False	False	False	5.08130081300813e-05	False	True	False
GABA1L2	F_SUD	~~	SCZ_FG	0.0034829997369519	0.916053414245615	-40.7710951363728	111.487399563607	0.646047417649268	0.0	"lavaan->lav_object_post_check():  
   some estimated ov variances are negative"	F_SUD~~SCZ_FG				GABA1L2	GABA1	GABA1L2	custom	GABA1	True	0.000297619047619	0.0003225806451612	False	False	True	False	5.08130081300813e-05	False	False	False
GABA2L2	F_SUD	~~	SCZ_FG	0.0039527958589845	1.06099477479216	1.63693137643846	114.236850041688	0.497775695502996	0.0	"lavaan->lav_object_post_check():  
   some estimated ov variances are negative"	F_SUD~~SCZ_FG				GABA2L2	GABA2	GABA2L2	custom	GABA2	True	0.000297619047619	0.0003225806451612	False	False	True	False	5.08130081300813e-05	False	False	False
MGL2	F_SUD	~~	SCZ_FG	0.0018985847098695	0.664440400745171	129.447984934423	119.004366137947	0.140214700463532	0.0	0	F_SUD~~SCZ_FG				MGL2	MG	MGL2	custom	Microglia	True	0.000297619047619	0.0003225806451612	False	False	False	False	5.08130081300813e-05	False	True	False
NSCL2	F_SUD	~~	SCZ_FG	0.0038333970201918	0.709494858093175	66.3471430351718	126.582563047281	0.302842954869396	0.0	"lavaan->lav_object_post_check():  
   covariance matrix of latent variables is not positive definite ; use 
   lavInspect(fit, ""cov.lv"") to investigate."	F_SUD~~SCZ_FG				NSCL2	NSC	NSCL2	custom	Neuronal Stem Cells	True	0.000297619047619	0.0003225806451612	False	False	True	False	5.08130081300813e-05	False	False	False
ODCL2	F_SUD	~~	SCZ_FG	0.0059863918935142	2.02336096842665	182.194350524731	109.791688923462	0.0494360238342494	0.0	0	F_SUD~~SCZ_FG				ODCL2	ODC	ODCL2	custom	Oligodendrocytes	True	0.000297619047619	0.0003225806451612	False	False	False	False	5.08130081300813e-05	False	True	False
OPCL2	F_SUD	~~	SCZ_FG	0.002288610820054	0.670391259952655	49.1551704099107	113.840639576898	0.336145772347589	0.0	0	F_SUD~~SCZ_FG				OPCL2	OPC	OPCL2	custom	Oligodendrocyte Precursor Cells	True	0.000297619047619	0.0003225806451612	False	False	False	False	5.08130081300813e-05	False	True	False
PI_x_ASC1L2	F_SUD	~~	SCZ_FG	0.0008278004673837	0.791063285327052				0.0	"lavaan->lav_lavaan_step11_estoptim():  
   the optimizer warns that a solution has NOT been found!"	F_SUD~~SCZ_FG				PI_x_ASC1L2	PI_x_ASC1	PI_x_ASC1L2	custom	PI x ASC1	True	0.000297619047619	0.0003225806451612	False	False	True	False	5.08130081300813e-05	False	False	False
PI_x_ASC2L2	F_SUD	~~	SCZ_FG	0.0012563393082276	1.21775463583206	-455.883080243423	252.408377813343	0.964859452718574	0.0	0	F_SUD~~SCZ_FG				PI_x_ASC2L2	PI_x_ASC2	PI_x_ASC2L2	custom	PI x ASC2	True	0.000297619047619	0.0003225806451612	False	False	False	False	5.08130081300813e-05	False	True	False
PI_x_ENDL2	F_SUD	~~	SCZ_FG	0.0006283690252347	0.749222712604719	-93.9936109284042	191.322029214849	0.690233254929425	0.0	"lavaan->lav_object_post_check():  
   some estimated ov variances are negative"	F_SUD~~SCZ_FG				PI_x_ENDL2	PI_x_END	PI_x_ENDL2	custom	PI x Endothelial Cells	True	0.000297619047619	0.0003225806451612	False	False	True	False	5.08130081300813e-05	False	False	False
PI_x_exCA1L2	F_SUD	~~	SCZ_FG	0.0010569629331679	0.543258378260858	-167.676557564234	190.200467173346	0.81241630822294	0.0	0	F_SUD~~SCZ_FG				PI_x_exCA1L2	PI_x_exCA1	PI_x_exCA1L2	custom	PI x exCA1	True	0.000297619047619	0.0003225806451612	False	False	False	False	5.08130081300813e-05	False	True	False
PI_x_exCA3L2	F_SUD	~~	SCZ_FG	0.0003808499534889	0.370879389921652	31.7630360970729	181.542390433929	0.432719880122759	0.0	0	F_SUD~~SCZ_FG				PI_x_exCA3L2	PI_x_exCA3	PI_x_exCA3L2	custom	PI x exCA3	True	0.000297619047619	0.0003225806451612	False	False	False	False	5.08130081300813e-05	False	True	False
PI_x_exDGL2	F_SUD	~~	SCZ_FG	0.0010311319859897	0.722679120105401				0.0	"lavaan->lav_lavaan_step11_estoptim():  
   the optimizer warns that a solution has NOT been found!"	F_SUD~~SCZ_FG				PI_x_exDGL2	PI_x_exDG	PI_x_exDGL2	custom	PI x exDG	True	0.000297619047619	0.0003225806451612	False	False	True	False	5.08130081300813e-05	False	False	False
PI_x_exPFC1L2	F_SUD	~~	SCZ_FG	0.0013022367224113	0.66403014607535	-120.826026941879	167.163054895019	0.766933588717594	0.0	0	F_SUD~~SCZ_FG				PI_x_exPFC1L2	PI_x_exPFC1	PI_x_exPFC1L2	custom	PI x exPFC1	True	0.000297619047619	0.0003225806451612	False	False	False	False	5.08130081300813e-05	False	True	False
PI_x_exPFC2L2	F_SUD	~~	SCZ_FG	0.0009667642105995	0.596749027309259	-145.879480676224	179.411328160863	0.793513927498762	0.0	0	F_SUD~~SCZ_FG				PI_x_exPFC2L2	PI_x_exPFC2	PI_x_exPFC2L2	custom	PI x exPFC2	True	0.000297619047619	0.0003225806451612	False	False	False	False	5.08130081300813e-05	False	True	False
PI_x_GABA1L2	F_SUD	~~	SCZ_FG	0.00125723217105	0.62300809682783	44.2885438468427	185.582000804616	0.407780414817805	0.0	"lavaan->lav_lavaan_step11_estoptim():  
   the optimizer (NLMINB) claimed the model converged, but not all elements 
   of the gradient are (near) zero; the optimizer may not have found a local 
   solution use check.gradient = FALSE to skip this check."	F_SUD~~SCZ_FG				PI_x_GABA1L2	PI_x_GABA1	PI_x_GABA1L2	custom	PI x GABA1	True	0.000297619047619	0.0003225806451612	False	False	True	False	5.08130081300813e-05	False	False	False
PI_x_GABA2L2	F_SUD	~~	SCZ_FG	0.0010193905886793	0.57537587468936	-85.3069602114352	180.305106770572	0.683913915430551	0.0	0	F_SUD~~SCZ_FG				PI_x_GABA2L2	PI_x_GABA2	PI_x_GABA2L2	custom	PI x GABA2	True	0.000297619047619	0.0003225806451612	False	False	False	False	5.08130081300813e-05	False	True	False
PI_x_MGL2	F_SUD	~~	SCZ_FG	0.0012824853847695	1.34022240055243				0.0	"lavaan->lav_lavaan_step11_estoptim():  
   the optimizer warns that a solution has NOT been found!"	F_SUD~~SCZ_FG				PI_x_MGL2	PI_x_MG	PI_x_MGL2	custom	PI x Microglia	True	0.000297619047619	0.0003225806451612	False	False	True	False	5.08130081300813e-05	False	False	False
PI_x_NSCL2	F_SUD	~~	SCZ_FG	0.0016967269085307	1.68624232512762	130.31955069458	263.046676834906	0.3114932707003	0.0	0	F_SUD~~SCZ_FG				PI_x_NSCL2	PI_x_NSC	PI_x_NSCL2	custom	PI x Neuronal Stem Cells	True	0.000297619047619	0.0003225806451612	False	False	False	False	5.08130081300813e-05	False	True	False
PI_x_ODCL2	F_SUD	~~	SCZ_FG	0.0021648941049414	1.50144421247781	-15.6535857434188	181.87225195713	0.536479159224979	0.0	0	F_SUD~~SCZ_FG				PI_x_ODCL2	PI_x_ODC	PI_x_ODCL2	custom	PI x Oligodendrocytes	True	0.000297619047619	0.0003225806451612	False	False	False	False	5.08130081300813e-05	False	True	False
PI_x_OPCL2	F_SUD	~~	SCZ_FG	0.0013160561079839	0.85927148856195	-95.6908600147857	210.504051417956	0.677001454330544	0.0	"lavaan->lav_object_post_check():  
   some estimated ov variances are negative"	F_SUD~~SCZ_FG				PI_x_OPCL2	PI_x_OPC	PI_x_OPCL2	custom	PI x Oligodendrocyte Precursor Cells	True	0.000297619047619	0.0003225806451612	False	False	True	False	5.08130081300813e-05	False	False	False
	ADHD	~~	ADHD								BASELINE	0.0231144168573447	0.0054817662307649	No				baseline	BaselineLD	False	0.000297619047619	0.0003225806451612	False	False	False	False	5.08130081300813e-05	False	False	False
	AN	~~	AN								BASELINE	0.064011150885015	0.0133342115656256	No				baseline	BaselineLD	False	0.000297619047619	0.0003225806451612	False	False	False	False	5.08130081300813e-05	False	False	False
	ANX	~~	ANX								BASELINE	0.0062433687291691	0.0032031773756901	No				baseline	BaselineLD	False	0.000297619047619	0.0003225806451612	False	False	False	False	5.08130081300813e-05	False	False	False
	AUD	~~	AUD								BASELINE	0.0178023420162238	0.0033484695311708	No				baseline	BaselineLD	False	0.000297619047619	0.0003225806451612	False	False	False	False	5.08130081300813e-05	False	False	False
	CUD	~~	CUD								BASELINE	0.009300893273224	0.0040360655773879	No				baseline	BaselineLD	False	0.000297619047619	0.0003225806451612	False	False	False	False	5.08130081300813e-05	False	False	False
	F_COMP	~~	F_COMP								BASELINE	0.0951302555278827	0.027998381626123	No				baseline	BaselineLD	False	0.000297619047619	0.0003225806451612	False	False	False	False	5.08130081300813e-05	False	False	False
	F_COMP	~~	F_INT								BASELINE	0.025060490411876	0.0053271027161636	No				baseline	BaselineLD	False	0.000297619047619	0.0003225806451612	False	False	False	False	5.08130081300813e-05	False	False	False
	F_COMP	~~	F_SUD								BASELINE	0.0110247844238801	0.0033169885652616	No				baseline	BaselineLD	False	0.000297619047619	0.0003225806451612	False	False	False	False	5.08130081300813e-05	False	False	False
	F_COMP	~~	SCZ_FG								BASELINE	0.0336419936697225	0.0102463443368464	No				baseline	BaselineLD	False	0.000297619047619	0.0003225806451612	False	False	False	False	5.08130081300813e-05	False	False	False
	F_COMP	~~	SCZ_PGC								BASELINE	0.0550801351553217	0.0098724137821479	No				baseline	BaselineLD	False	0.000297619047619	0.0003225806451612	False	False	False	False	5.08130081300813e-05	False	False	False
	F_INT	~~	F_INT								BASELINE	0.0270642946331493	0.0053556338115191	No				baseline	BaselineLD	False	0.000297619047619	0.0003225806451612	False	False	False	False	5.08130081300813e-05	False	False	False
	F_INT	~~	F_SUD								BASELINE	0.0163475203649074	0.0022321166611105	No				baseline	BaselineLD	False	0.000297619047619	0.0003225806451612	False	False	False	False	5.08130081300813e-05	False	False	False
	F_INT	~~	SCZ_FG								BASELINE	0.0112048640886956	0.0045228016147633	No				baseline	BaselineLD	False	0.000297619047619	0.0003225806451612	False	False	False	False	5.08130081300813e-05	False	False	False
	F_INT	~~	SCZ_PGC								BASELINE	0.0271996907209433	0.0046255251615515	No				baseline	BaselineLD	False	0.000297619047619	0.0003225806451612	False	False	False	False	5.08130081300813e-05	False	False	False
	F_SUD	~~	F_SUD								BASELINE	0.0182510152707658	0.0027233137694768	No				baseline	BaselineLD	False	0.000297619047619	0.0003225806451612	False	False	False	False	5.08130081300813e-05	False	False	False
	F_SUD	~~	SCZ_FG								BASELINE	0.0004770084528404	0.0031057863631195	No				baseline	BaselineLD	False	0.000297619047619	0.0003225806451612	False	False	False	False	5.08130081300813e-05	False	False	False
	F_SUD	~~	SCZ_PGC								BASELINE	0.0189169655898076	0.0031543385631406	No				baseline	BaselineLD	False	0.000297619047619	0.0003225806451612	False	False	False	False	5.08130081300813e-05	False	False	False
	MDD	~~	MDD								BASELINE	0.0009088663982639	0.0075098318423999	No				baseline	BaselineLD	False	0.000297619047619	0.0003225806451612	False	False	False	False	5.08130081300813e-05	False	False	False
	OCD	~~	OCD								BASELINE	0.005858957439343	0.0280998878163087	No				baseline	BaselineLD	False	0.000297619047619	0.0003225806451612	False	False	False	False	5.08130081300813e-05	False	False	False
	PTSD	~~	PTSD								BASELINE	0.0015753887422577	0.0022845295020757	No				baseline	BaselineLD	False	0.000297619047619	0.0003225806451612	False	False	False	False	5.08130081300813e-05	False	False	False
	SCZ_FG	~~	SCZ_FG								BASELINE	0.0768561125306732	0.0187360781193051	No				baseline	BaselineLD	False	0.000297619047619	0.0003225806451612	False	False	False	False	5.08130081300813e-05	False	False	False
	SCZ_PGC	~~	SCZ_FG								BASELINE	0.0818680386637988	0.0103305722746113	No				baseline	BaselineLD	False	0.000297619047619	0.0003225806451612	False	False	False	False	5.08130081300813e-05	False	False	False
	SCZ_PGC	~~	SCZ_PGC								BASELINE	0.148238029245872	0.0115907630868874	No				baseline	BaselineLD	False	0.000297619047619	0.0003225806451612	False	False	False	False	5.08130081300813e-05	False	False	False
	F_COMP	=~	AN								BASELINE	0.531760352208664	0.128829452180665	Yes				baseline	BaselineLD	False	0.000297619047619	0.0003225806451612	False	False	False	False	5.08130081300813e-05	False	False	False
	F_COMP	=~	ANX								BASELINE	0.219391185094808	0.0807223203486006	Yes				baseline	BaselineLD	False	0.000297619047619	0.0003225806451612	False	False	False	False	5.08130081300813e-05	False	False	False
	F_COMP	=~	OCD								BASELINE	1.0		Yes				baseline	BaselineLD	False	0.000297619047619	0.0003225806451612	False	False	False	False	5.08130081300813e-05	False	False	False
	F_INT	=~	ANX								BASELINE	0.630740062574114	0.110284840094794	Yes				baseline	BaselineLD	False	0.000297619047619	0.0003225806451612	False	False	False	False	5.08130081300813e-05	False	False	False
	F_INT	=~	MDD								BASELINE	1.0		Yes				baseline	BaselineLD	False	0.000297619047619	0.0003225806451612	False	False	False	False	5.08130081300813e-05	False	False	False
	F_INT	=~	PTSD								BASELINE	0.816310555184854	0.098861849145292	Yes				baseline	BaselineLD	False	0.000297619047619	0.0003225806451612	False	False	False	False	5.08130081300813e-05	False	False	False
	F_SUD	=~	ADHD								BASELINE	1.31046407822072	0.162719048387258	Yes				baseline	BaselineLD	False	0.000297619047619	0.0003225806451612	False	False	False	False	5.08130081300813e-05	False	False	False
	F_SUD	=~	AUD								BASELINE	1.0		Yes				baseline	BaselineLD	False	0.000297619047619	0.0003225806451612	False	False	False	False	5.08130081300813e-05	False	False	False
	F_SUD	=~	CUD								BASELINE	1.11141061061852	0.110928525818689	Yes				baseline	BaselineLD	False	0.000297619047619	0.0003225806451612	False	False	False	False	5.08130081300813e-05	False	False	False
